[INFO] 2025-10-13 11:00:00.155 +0800 o.a.d.s.m.c.IdSlotBasedCommandFetcher:[67] - Fetch commands: 0 success, cost: 0ms, totalSlot: 1, currentSlotIndex: 0
[INFO] 2025-10-13 11:00:01.241 +0800 o.a.d.s.m.c.IdSlotBasedCommandFetcher:[67] - Fetch commands: 0 success, cost: 0ms, totalSlot: 1, currentSlotIndex: 0
[INFO] 2025-10-13 11:00:02.331 +0800 o.a.d.s.m.c.IdSlotBasedCommandFetcher:[67] - Fetch commands: 0 success, cost: 0ms, totalSlot: 1, currentSlotIndex: 0
[INFO] 2025-10-13 11:00:03.428 +0800 o.a.d.s.m.c.IdSlotBasedCommandFetcher:[67] - Fetch commands: 0 success, cost: 0ms, totalSlot: 1, currentSlotIndex: 0
[INFO] 2025-10-13 11:00:03.770 +0800 o.a.d.s.m.r.t.TaskGroupCoordinator:[187] - Success amend TaskGroupQueue status cost: 0/ms
[INFO] 2025-10-13 11:00:03.770 +0800 o.a.d.s.m.r.t.TaskGroupCoordinator:[241] - Success deal with force start TaskGroupQueue cost: 0/ms
[INFO] 2025-10-13 11:00:03.770 +0800 o.a.d.s.m.r.t.TaskGroupCoordinator:[129] - TaskGroupCoordinator round time cost: 1/ms
[INFO] 2025-10-13 11:00:04.528 +0800 o.a.d.s.m.c.IdSlotBasedCommandFetcher:[67] - Fetch commands: 0 success, cost: 0ms, totalSlot: 1, currentSlotIndex: 0
[INFO] 2025-10-13 11:00:05.616 +0800 o.a.d.s.m.c.IdSlotBasedCommandFetcher:[67] - Fetch commands: 0 success, cost: 0ms, totalSlot: 1, currentSlotIndex: 0
[INFO] 2025-10-13 11:00:06.711 +0800 o.a.d.s.m.c.IdSlotBasedCommandFetcher:[67] - Fetch commands: 0 success, cost: 0ms, totalSlot: 1, currentSlotIndex: 0
[INFO] 2025-10-13 11:00:07.854 +0800 o.a.d.s.m.c.IdSlotBasedCommandFetcher:[67] - Fetch commands: 0 success, cost: 0ms, totalSlot: 1, currentSlotIndex: 0
[INFO] 2025-10-13 11:00:08.772 +0800 o.a.d.s.m.r.t.TaskGroupCoordinator:[187] - Success amend TaskGroupQueue status cost: 0/ms
[INFO] 2025-10-13 11:00:08.772 +0800 o.a.d.s.m.r.t.TaskGroupCoordinator:[241] - Success deal with force start TaskGroupQueue cost: 0/ms
[INFO] 2025-10-13 11:00:08.772 +0800 o.a.d.s.m.r.t.TaskGroupCoordinator:[129] - TaskGroupCoordinator round time cost: 0/ms
[INFO] 2025-10-13 11:00:08.861 +0800 o.a.d.s.m.c.IdSlotBasedCommandFetcher:[67] - Fetch commands: 0 success, cost: 0ms, totalSlot: 1, currentSlotIndex: 0
[INFO] 2025-10-13 11:00:09.864 +0800 o.a.d.s.m.c.IdSlotBasedCommandFetcher:[67] - Fetch commands: 0 success, cost: 0ms, totalSlot: 1, currentSlotIndex: 0
[INFO] 2025-10-13 11:00:10.869 +0800 o.a.d.s.m.c.IdSlotBasedCommandFetcher:[67] - Fetch commands: 0 success, cost: 0ms, totalSlot: 1, currentSlotIndex: 0
[INFO] 2025-10-13 11:00:11.884 +0800 o.a.d.s.m.c.IdSlotBasedCommandFetcher:[67] - Fetch commands: 0 success, cost: 0ms, totalSlot: 1, currentSlotIndex: 0
[INFO] 2025-10-13 11:00:12.893 +0800 o.a.d.s.m.c.IdSlotBasedCommandFetcher:[67] - Fetch commands: 0 success, cost: 0ms, totalSlot: 1, currentSlotIndex: 0
[INFO] 2025-10-13 11:00:13.776 +0800 o.a.d.s.m.r.t.TaskGroupCoordinator:[187] - Success amend TaskGroupQueue status cost: 0/ms
[INFO] 2025-10-13 11:00:13.776 +0800 o.a.d.s.m.r.t.TaskGroupCoordinator:[241] - Success deal with force start TaskGroupQueue cost: 0/ms
[INFO] 2025-10-13 11:00:13.776 +0800 o.a.d.s.m.r.t.TaskGroupCoordinator:[129] - TaskGroupCoordinator round time cost: 0/ms
[INFO] 2025-10-13 11:00:13.893 +0800 o.a.d.s.m.c.IdSlotBasedCommandFetcher:[67] - Fetch commands: 0 success, cost: 0ms, totalSlot: 1, currentSlotIndex: 0
[INFO] 2025-10-13 11:00:14.898 +0800 o.a.d.s.m.c.IdSlotBasedCommandFetcher:[67] - Fetch commands: 0 success, cost: 0ms, totalSlot: 1, currentSlotIndex: 0
[INFO] 2025-10-13 11:00:15.907 +0800 o.a.d.s.m.c.IdSlotBasedCommandFetcher:[67] - Fetch commands: 0 success, cost: 0ms, totalSlot: 1, currentSlotIndex: 0
[INFO] 2025-10-13 11:00:16.922 +0800 o.a.d.s.m.c.IdSlotBasedCommandFetcher:[67] - Fetch commands: 0 success, cost: 0ms, totalSlot: 1, currentSlotIndex: 0
[INFO] 2025-10-13 11:00:18.022 +0800 o.a.d.s.m.c.IdSlotBasedCommandFetcher:[67] - Fetch commands: 0 success, cost: 0ms, totalSlot: 1, currentSlotIndex: 0
[INFO] 2025-10-13 11:00:18.785 +0800 o.a.d.s.m.r.t.TaskGroupCoordinator:[187] - Success amend TaskGroupQueue status cost: 0/ms
[INFO] 2025-10-13 11:00:18.785 +0800 o.a.d.s.m.r.t.TaskGroupCoordinator:[241] - Success deal with force start TaskGroupQueue cost: 0/ms
[INFO] 2025-10-13 11:00:18.785 +0800 o.a.d.s.m.r.t.TaskGroupCoordinator:[129] - TaskGroupCoordinator round time cost: 0/ms
[INFO] 2025-10-13 11:00:19.108 +0800 o.a.d.s.m.c.IdSlotBasedCommandFetcher:[67] - Fetch commands: 0 success, cost: 0ms, totalSlot: 1, currentSlotIndex: 0
[INFO] 2025-10-13 11:00:20.306 +0800 o.a.d.s.m.c.IdSlotBasedCommandFetcher:[67] - Fetch commands: 0 success, cost: 0ms, totalSlot: 1, currentSlotIndex: 0
[INFO] 2025-10-13 11:00:21.574 +0800 o.a.d.s.m.c.IdSlotBasedCommandFetcher:[67] - Fetch commands: 0 success, cost: 0ms, totalSlot: 1, currentSlotIndex: 0
[INFO] 2025-10-13 11:00:21.593 +0800 o.a.d.m.m.BaseServerLoadProtection:[43] - OverLoad: the system cpu usage: 1.0 is over then the maxSystemCpuUsagePercentageThresholds 0.9
[INFO] 2025-10-13 11:00:21.973 +0800 o.a.d.m.m.BaseServerLoadProtection:[43] - OverLoad: the system cpu usage: 1.0 is over then the maxSystemCpuUsagePercentageThresholds 0.9
[INFO] 2025-10-13 11:00:22.586 +0800 o.a.d.m.m.BaseServerLoadProtection:[43] - OverLoad: the system cpu usage: 1.0 is over then the maxSystemCpuUsagePercentageThresholds 0.9
[WARN] 2025-10-13 11:00:22.586 +0800 o.a.d.s.m.r.MasterSchedulerBootstrap:[120] - The current server is overload, cannot consumes commands.
[INFO] 2025-10-13 11:00:22.601 +0800 o.a.d.m.m.BaseServerLoadProtection:[43] - OverLoad: the system cpu usage: 1.0 is over then the maxSystemCpuUsagePercentageThresholds 0.9
[INFO] 2025-10-13 11:00:23.589 +0800 o.a.d.s.m.c.IdSlotBasedCommandFetcher:[67] - Fetch commands: 0 success, cost: 0ms, totalSlot: 1, currentSlotIndex: 0
[INFO] 2025-10-13 11:00:23.793 +0800 o.a.d.s.m.r.t.TaskGroupCoordinator:[187] - Success amend TaskGroupQueue status cost: 0/ms
[INFO] 2025-10-13 11:00:23.793 +0800 o.a.d.s.m.r.t.TaskGroupCoordinator:[241] - Success deal with force start TaskGroupQueue cost: 0/ms
[INFO] 2025-10-13 11:00:23.793 +0800 o.a.d.s.m.r.t.TaskGroupCoordinator:[129] - TaskGroupCoordinator round time cost: 0/ms
[INFO] 2025-10-13 11:00:24.597 +0800 o.a.d.s.m.c.IdSlotBasedCommandFetcher:[67] - Fetch commands: 0 success, cost: 0ms, totalSlot: 1, currentSlotIndex: 0
[INFO] 2025-10-13 11:00:25.608 +0800 o.a.d.s.m.c.IdSlotBasedCommandFetcher:[67] - Fetch commands: 0 success, cost: 0ms, totalSlot: 1, currentSlotIndex: 0
[INFO] 2025-10-13 11:00:26.617 +0800 o.a.d.s.m.c.IdSlotBasedCommandFetcher:[67] - Fetch commands: 0 success, cost: 0ms, totalSlot: 1, currentSlotIndex: 0
[INFO] 2025-10-13 11:00:27.627 +0800 o.a.d.s.m.c.IdSlotBasedCommandFetcher:[67] - Fetch commands: 0 success, cost: 0ms, totalSlot: 1, currentSlotIndex: 0
[INFO] 2025-10-13 11:00:28.640 +0800 o.a.d.s.m.c.IdSlotBasedCommandFetcher:[67] - Fetch commands: 0 success, cost: 0ms, totalSlot: 1, currentSlotIndex: 0
[INFO] 2025-10-13 11:00:28.816 +0800 o.a.d.s.m.r.t.TaskGroupCoordinator:[187] - Success amend TaskGroupQueue status cost: 0/ms
[INFO] 2025-10-13 11:00:28.817 +0800 o.a.d.s.m.r.t.TaskGroupCoordinator:[241] - Success deal with force start TaskGroupQueue cost: 0/ms
[INFO] 2025-10-13 11:00:28.817 +0800 o.a.d.s.m.r.t.TaskGroupCoordinator:[129] - TaskGroupCoordinator round time cost: 1/ms
[INFO] 2025-10-13 11:00:29.650 +0800 o.a.d.s.m.c.IdSlotBasedCommandFetcher:[67] - Fetch commands: 0 success, cost: 0ms, totalSlot: 1, currentSlotIndex: 0
[INFO] 2025-10-13 11:00:30.850 +0800 o.a.d.s.m.c.IdSlotBasedCommandFetcher:[67] - Fetch commands: 0 success, cost: 0ms, totalSlot: 1, currentSlotIndex: 0
[INFO] 2025-10-13 11:00:31.861 +0800 o.a.d.s.m.c.IdSlotBasedCommandFetcher:[67] - Fetch commands: 0 success, cost: 0ms, totalSlot: 1, currentSlotIndex: 0
[INFO] 2025-10-13 11:00:32.872 +0800 o.a.d.s.m.c.IdSlotBasedCommandFetcher:[67] - Fetch commands: 0 success, cost: 0ms, totalSlot: 1, currentSlotIndex: 0
[INFO] 2025-10-13 11:00:33.835 +0800 o.a.d.s.m.r.t.TaskGroupCoordinator:[187] - Success amend TaskGroupQueue status cost: 0/ms
[INFO] 2025-10-13 11:00:33.835 +0800 o.a.d.s.m.r.t.TaskGroupCoordinator:[241] - Success deal with force start TaskGroupQueue cost: 0/ms
[INFO] 2025-10-13 11:00:33.835 +0800 o.a.d.s.m.r.t.TaskGroupCoordinator:[129] - TaskGroupCoordinator round time cost: 0/ms
[INFO] 2025-10-13 11:00:33.879 +0800 o.a.d.s.m.c.IdSlotBasedCommandFetcher:[67] - Fetch commands: 0 success, cost: 0ms, totalSlot: 1, currentSlotIndex: 0
[INFO] 2025-10-13 11:00:34.883 +0800 o.a.d.s.m.c.IdSlotBasedCommandFetcher:[67] - Fetch commands: 0 success, cost: 0ms, totalSlot: 1, currentSlotIndex: 0
[INFO] 2025-10-13 11:00:35.891 +0800 o.a.d.s.m.c.IdSlotBasedCommandFetcher:[67] - Fetch commands: 0 success, cost: 0ms, totalSlot: 1, currentSlotIndex: 0
[INFO] 2025-10-13 11:00:36.897 +0800 o.a.d.s.m.c.IdSlotBasedCommandFetcher:[67] - Fetch commands: 0 success, cost: 0ms, totalSlot: 1, currentSlotIndex: 0
[INFO] 2025-10-13 11:00:37.908 +0800 o.a.d.s.m.c.IdSlotBasedCommandFetcher:[67] - Fetch commands: 0 success, cost: 0ms, totalSlot: 1, currentSlotIndex: 0
[INFO] 2025-10-13 11:00:38.852 +0800 o.a.d.s.m.r.t.TaskGroupCoordinator:[187] - Success amend TaskGroupQueue status cost: 0/ms
[INFO] 2025-10-13 11:00:38.852 +0800 o.a.d.s.m.r.t.TaskGroupCoordinator:[241] - Success deal with force start TaskGroupQueue cost: 0/ms
[INFO] 2025-10-13 11:00:38.852 +0800 o.a.d.s.m.r.t.TaskGroupCoordinator:[129] - TaskGroupCoordinator round time cost: 0/ms
[INFO] 2025-10-13 11:00:38.909 +0800 o.a.d.s.m.c.IdSlotBasedCommandFetcher:[67] - Fetch commands: 0 success, cost: 0ms, totalSlot: 1, currentSlotIndex: 0
[INFO] 2025-10-13 11:00:40.039 +0800 o.a.d.m.m.BaseServerLoadProtection:[43] - OverLoad: the system cpu usage: 1.0 is over then the maxSystemCpuUsagePercentageThresholds 0.9
[INFO] 2025-10-13 11:00:40.122 +0800 o.a.d.m.m.BaseServerLoadProtection:[43] - OverLoad: the system cpu usage: 1.0 is over then the maxSystemCpuUsagePercentageThresholds 0.9
[WARN] 2025-10-13 11:00:40.122 +0800 o.a.d.s.m.r.MasterSchedulerBootstrap:[120] - The current server is overload, cannot consumes commands.
[WARN] 2025-10-13 11:00:40.145 +0800 o.a.d.s.m.r.MasterSlotManager:[91] - Current master is not in active master list
[INFO] 2025-10-13 11:00:40.729 +0800 o.a.d.m.m.BaseServerLoadProtection:[43] - OverLoad: the system cpu usage: 1.0 is over then the maxSystemCpuUsagePercentageThresholds 0.9
[INFO] 2025-10-13 11:00:41.055 +0800 o.a.d.m.m.BaseServerLoadProtection:[43] - OverLoad: the system cpu usage: 1.0 is over then the maxSystemCpuUsagePercentageThresholds 0.9
[WARN] 2025-10-13 11:00:41.236 +0800 o.a.d.s.m.c.IdSlotBasedCommandFetcher:[57] - Slot is validated, current master slots: 0, the current slot index is 0
[WARN] 2025-10-13 11:00:42.346 +0800 o.a.d.s.m.c.IdSlotBasedCommandFetcher:[57] - Slot is validated, current master slots: 0, the current slot index is 0
[WARN] 2025-10-13 11:00:43.449 +0800 o.a.d.s.m.c.IdSlotBasedCommandFetcher:[57] - Slot is validated, current master slots: 0, the current slot index is 0
[INFO] 2025-10-13 11:00:43.872 +0800 o.a.d.s.m.r.t.TaskGroupCoordinator:[187] - Success amend TaskGroupQueue status cost: 0/ms
[INFO] 2025-10-13 11:00:43.873 +0800 o.a.d.s.m.r.t.TaskGroupCoordinator:[241] - Success deal with force start TaskGroupQueue cost: 0/ms
[INFO] 2025-10-13 11:00:43.873 +0800 o.a.d.s.m.r.t.TaskGroupCoordinator:[129] - TaskGroupCoordinator round time cost: 0/ms
[WARN] 2025-10-13 11:00:44.543 +0800 o.a.d.s.m.c.IdSlotBasedCommandFetcher:[57] - Slot is validated, current master slots: 0, the current slot index is 0
[WARN] 2025-10-13 11:00:45.648 +0800 o.a.d.s.m.c.IdSlotBasedCommandFetcher:[57] - Slot is validated, current master slots: 0, the current slot index is 0
[WARN] 2025-10-13 11:00:46.767 +0800 o.a.d.s.m.c.IdSlotBasedCommandFetcher:[57] - Slot is validated, current master slots: 0, the current slot index is 0
[WARN] 2025-10-13 11:00:47.958 +0800 o.a.d.s.m.c.IdSlotBasedCommandFetcher:[57] - Slot is validated, current master slots: 0, the current slot index is 0
[INFO] 2025-10-13 11:00:48.892 +0800 o.a.d.s.m.r.t.TaskGroupCoordinator:[187] - Success amend TaskGroupQueue status cost: 0/ms
[INFO] 2025-10-13 11:00:48.892 +0800 o.a.d.s.m.r.t.TaskGroupCoordinator:[241] - Success deal with force start TaskGroupQueue cost: 0/ms
[INFO] 2025-10-13 11:00:48.892 +0800 o.a.d.s.m.r.t.TaskGroupCoordinator:[129] - TaskGroupCoordinator round time cost: 0/ms
[WARN] 2025-10-13 11:00:48.965 +0800 o.a.d.s.m.c.IdSlotBasedCommandFetcher:[57] - Slot is validated, current master slots: 0, the current slot index is 0
[WARN] 2025-10-13 11:00:49.976 +0800 o.a.d.s.m.c.IdSlotBasedCommandFetcher:[57] - Slot is validated, current master slots: 0, the current slot index is 0
[INFO] 2025-10-13 11:00:50.149 +0800 o.a.d.s.m.r.MasterSlotManager:[95] - Update master nodes, total master size: 1, current slot: 0
[INFO] 2025-10-13 11:00:50.984 +0800 o.a.d.s.m.c.IdSlotBasedCommandFetcher:[67] - Fetch commands: 0 success, cost: 0ms, totalSlot: 1, currentSlotIndex: 0
[INFO] 2025-10-13 11:00:51.984 +0800 o.a.d.s.m.c.IdSlotBasedCommandFetcher:[67] - Fetch commands: 0 success, cost: 0ms, totalSlot: 1, currentSlotIndex: 0
[INFO] 2025-10-13 11:00:52.985 +0800 o.a.d.s.m.c.IdSlotBasedCommandFetcher:[67] - Fetch commands: 0 success, cost: 0ms, totalSlot: 1, currentSlotIndex: 0
[INFO] 2025-10-13 11:00:53.898 +0800 o.a.d.s.m.r.t.TaskGroupCoordinator:[187] - Success amend TaskGroupQueue status cost: 0/ms
[INFO] 2025-10-13 11:00:53.898 +0800 o.a.d.s.m.r.t.TaskGroupCoordinator:[241] - Success deal with force start TaskGroupQueue cost: 0/ms
[INFO] 2025-10-13 11:00:53.898 +0800 o.a.d.s.m.r.t.TaskGroupCoordinator:[129] - TaskGroupCoordinator round time cost: 0/ms
[INFO] 2025-10-13 11:00:53.985 +0800 o.a.d.s.m.c.IdSlotBasedCommandFetcher:[67] - Fetch commands: 0 success, cost: 0ms, totalSlot: 1, currentSlotIndex: 0
[INFO] 2025-10-13 11:00:54.986 +0800 o.a.d.s.m.c.IdSlotBasedCommandFetcher:[67] - Fetch commands: 0 success, cost: 0ms, totalSlot: 1, currentSlotIndex: 0
[INFO] 2025-10-13 11:00:55.986 +0800 o.a.d.s.m.c.IdSlotBasedCommandFetcher:[67] - Fetch commands: 0 success, cost: 0ms, totalSlot: 1, currentSlotIndex: 0
[INFO] 2025-10-13 11:00:56.987 +0800 o.a.d.s.m.c.IdSlotBasedCommandFetcher:[67] - Fetch commands: 0 success, cost: 0ms, totalSlot: 1, currentSlotIndex: 0
[INFO] 2025-10-13 11:00:57.139 +0800 o.a.d.a.i.LoginHandlerInterceptor:[75] - user does not exist
[INFO] 2025-10-13 11:00:57.139 +0800 o.a.d.a.i.LoginHandlerInterceptor:[75] - user does not exist
[INFO] 2025-10-13 11:00:57.139 +0800 o.a.d.a.i.LoginHandlerInterceptor:[75] - user does not exist
[INFO] 2025-10-13 11:00:57.987 +0800 o.a.d.s.m.c.IdSlotBasedCommandFetcher:[67] - Fetch commands: 0 success, cost: 0ms, totalSlot: 1, currentSlotIndex: 0
[INFO] 2025-10-13 11:00:58.903 +0800 o.a.d.s.m.r.t.TaskGroupCoordinator:[187] - Success amend TaskGroupQueue status cost: 0/ms
[INFO] 2025-10-13 11:00:58.903 +0800 o.a.d.s.m.r.t.TaskGroupCoordinator:[241] - Success deal with force start TaskGroupQueue cost: 0/ms
[INFO] 2025-10-13 11:00:58.903 +0800 o.a.d.s.m.r.t.TaskGroupCoordinator:[129] - TaskGroupCoordinator round time cost: 0/ms
[INFO] 2025-10-13 11:00:58.988 +0800 o.a.d.s.m.c.IdSlotBasedCommandFetcher:[67] - Fetch commands: 0 success, cost: 0ms, totalSlot: 1, currentSlotIndex: 0
[INFO] 2025-10-13 11:01:00.104 +0800 o.a.d.s.m.c.IdSlotBasedCommandFetcher:[67] - Fetch commands: 0 success, cost: 0ms, totalSlot: 1, currentSlotIndex: 0
[INFO] 2025-10-13 11:01:01.173 +0800 o.a.d.s.m.c.IdSlotBasedCommandFetcher:[67] - Fetch commands: 0 success, cost: 0ms, totalSlot: 1, currentSlotIndex: 0
[INFO] 2025-10-13 11:01:02.240 +0800 o.a.d.s.m.c.IdSlotBasedCommandFetcher:[67] - Fetch commands: 0 success, cost: 0ms, totalSlot: 1, currentSlotIndex: 0
[INFO] 2025-10-13 11:01:03.317 +0800 o.a.d.s.m.c.IdSlotBasedCommandFetcher:[67] - Fetch commands: 0 success, cost: 0ms, totalSlot: 1, currentSlotIndex: 0
[INFO] 2025-10-13 11:01:03.907 +0800 o.a.d.s.m.r.t.TaskGroupCoordinator:[187] - Success amend TaskGroupQueue status cost: 0/ms
[INFO] 2025-10-13 11:01:03.907 +0800 o.a.d.s.m.r.t.TaskGroupCoordinator:[241] - Success deal with force start TaskGroupQueue cost: 0/ms
[INFO] 2025-10-13 11:01:03.908 +0800 o.a.d.s.m.r.t.TaskGroupCoordinator:[129] - TaskGroupCoordinator round time cost: 0/ms
[INFO] 2025-10-13 11:01:04.526 +0800 o.a.d.s.m.c.IdSlotBasedCommandFetcher:[67] - Fetch commands: 0 success, cost: 0ms, totalSlot: 1, currentSlotIndex: 0
[INFO] 2025-10-13 11:01:05.526 +0800 o.a.d.s.m.c.IdSlotBasedCommandFetcher:[67] - Fetch commands: 0 success, cost: 0ms, totalSlot: 1, currentSlotIndex: 0
[INFO] 2025-10-13 11:01:06.527 +0800 o.a.d.s.m.c.IdSlotBasedCommandFetcher:[67] - Fetch commands: 0 success, cost: 0ms, totalSlot: 1, currentSlotIndex: 0
[INFO] 2025-10-13 11:01:07.527 +0800 o.a.d.s.m.c.IdSlotBasedCommandFetcher:[67] - Fetch commands: 0 success, cost: 0ms, totalSlot: 1, currentSlotIndex: 0
[INFO] 2025-10-13 11:01:08.527 +0800 o.a.d.s.m.c.IdSlotBasedCommandFetcher:[67] - Fetch commands: 0 success, cost: 0ms, totalSlot: 1, currentSlotIndex: 0
[INFO] 2025-10-13 11:01:08.772 +0800 o.a.d.a.s.i.AbstractAuthenticator:[101] - Session is created, userName:admin.
[INFO] 2025-10-13 11:01:08.913 +0800 o.a.d.s.m.r.t.TaskGroupCoordinator:[187] - Success amend TaskGroupQueue status cost: 0/ms
[INFO] 2025-10-13 11:01:08.913 +0800 o.a.d.s.m.r.t.TaskGroupCoordinator:[241] - Success deal with force start TaskGroupQueue cost: 0/ms
[INFO] 2025-10-13 11:01:08.913 +0800 o.a.d.s.m.r.t.TaskGroupCoordinator:[129] - TaskGroupCoordinator round time cost: 1/ms
[INFO] 2025-10-13 11:01:09.528 +0800 o.a.d.s.m.c.IdSlotBasedCommandFetcher:[67] - Fetch commands: 0 success, cost: 0ms, totalSlot: 1, currentSlotIndex: 0
[INFO] 2025-10-13 11:01:10.528 +0800 o.a.d.s.m.c.IdSlotBasedCommandFetcher:[67] - Fetch commands: 0 success, cost: 0ms, totalSlot: 1, currentSlotIndex: 0
[INFO] 2025-10-13 11:01:11.529 +0800 o.a.d.s.m.c.IdSlotBasedCommandFetcher:[67] - Fetch commands: 0 success, cost: 0ms, totalSlot: 1, currentSlotIndex: 0
[INFO] 2025-10-13 11:01:12.530 +0800 o.a.d.s.m.c.IdSlotBasedCommandFetcher:[67] - Fetch commands: 0 success, cost: 0ms, totalSlot: 1, currentSlotIndex: 0
[INFO] 2025-10-13 11:01:13.530 +0800 o.a.d.s.m.c.IdSlotBasedCommandFetcher:[67] - Fetch commands: 0 success, cost: 0ms, totalSlot: 1, currentSlotIndex: 0
[INFO] 2025-10-13 11:01:13.918 +0800 o.a.d.s.m.r.t.TaskGroupCoordinator:[187] - Success amend TaskGroupQueue status cost: 0/ms
[INFO] 2025-10-13 11:01:13.919 +0800 o.a.d.s.m.r.t.TaskGroupCoordinator:[241] - Success deal with force start TaskGroupQueue cost: 0/ms
[INFO] 2025-10-13 11:01:13.919 +0800 o.a.d.s.m.r.t.TaskGroupCoordinator:[129] - TaskGroupCoordinator round time cost: 1/ms
[INFO] 2025-10-13 11:01:14.530 +0800 o.a.d.s.m.c.IdSlotBasedCommandFetcher:[67] - Fetch commands: 0 success, cost: 0ms, totalSlot: 1, currentSlotIndex: 0
[INFO] 2025-10-13 11:01:15.531 +0800 o.a.d.s.m.c.IdSlotBasedCommandFetcher:[67] - Fetch commands: 0 success, cost: 0ms, totalSlot: 1, currentSlotIndex: 0
[INFO] 2025-10-13 11:01:16.531 +0800 o.a.d.s.m.c.IdSlotBasedCommandFetcher:[67] - Fetch commands: 0 success, cost: 0ms, totalSlot: 1, currentSlotIndex: 0
[INFO] 2025-10-13 11:01:17.532 +0800 o.a.d.s.m.c.IdSlotBasedCommandFetcher:[67] - Fetch commands: 0 success, cost: 0ms, totalSlot: 1, currentSlotIndex: 0
[INFO] 2025-10-13 11:01:18.733 +0800 o.a.d.s.m.c.IdSlotBasedCommandFetcher:[67] - Fetch commands: 0 success, cost: 0ms, totalSlot: 1, currentSlotIndex: 0
[INFO] 2025-10-13 11:01:18.924 +0800 o.a.d.s.m.r.t.TaskGroupCoordinator:[187] - Success amend TaskGroupQueue status cost: 0/ms
[INFO] 2025-10-13 11:01:18.924 +0800 o.a.d.s.m.r.t.TaskGroupCoordinator:[241] - Success deal with force start TaskGroupQueue cost: 0/ms
[INFO] 2025-10-13 11:01:18.924 +0800 o.a.d.s.m.r.t.TaskGroupCoordinator:[129] - TaskGroupCoordinator round time cost: 0/ms
[INFO] 2025-10-13 11:01:19.734 +0800 o.a.d.s.m.c.IdSlotBasedCommandFetcher:[67] - Fetch commands: 0 success, cost: 0ms, totalSlot: 1, currentSlotIndex: 0
[INFO] 2025-10-13 11:01:20.735 +0800 o.a.d.s.m.c.IdSlotBasedCommandFetcher:[67] - Fetch commands: 0 success, cost: 0ms, totalSlot: 1, currentSlotIndex: 0
[INFO] 2025-10-13 11:01:21.736 +0800 o.a.d.s.m.c.IdSlotBasedCommandFetcher:[67] - Fetch commands: 0 success, cost: 0ms, totalSlot: 1, currentSlotIndex: 0
[INFO] 2025-10-13 11:01:22.736 +0800 o.a.d.s.m.c.IdSlotBasedCommandFetcher:[67] - Fetch commands: 0 success, cost: 0ms, totalSlot: 1, currentSlotIndex: 0
[INFO] 2025-10-13 11:01:23.736 +0800 o.a.d.s.m.c.IdSlotBasedCommandFetcher:[67] - Fetch commands: 0 success, cost: 0ms, totalSlot: 1, currentSlotIndex: 0
[INFO] 2025-10-13 11:01:23.929 +0800 o.a.d.s.m.r.t.TaskGroupCoordinator:[187] - Success amend TaskGroupQueue status cost: 0/ms
[INFO] 2025-10-13 11:01:23.930 +0800 o.a.d.s.m.r.t.TaskGroupCoordinator:[241] - Success deal with force start TaskGroupQueue cost: 0/ms
[INFO] 2025-10-13 11:01:23.930 +0800 o.a.d.s.m.r.t.TaskGroupCoordinator:[129] - TaskGroupCoordinator round time cost: 0/ms
[INFO] 2025-10-13 11:01:24.660 +0800 o.a.d.a.s.i.ProjectServiceImpl:[143] - Project is created and id is :1
[INFO] 2025-10-13 11:01:24.736 +0800 o.a.d.s.m.c.IdSlotBasedCommandFetcher:[67] - Fetch commands: 0 success, cost: 0ms, totalSlot: 1, currentSlotIndex: 0
[INFO] 2025-10-13 11:01:25.736 +0800 o.a.d.s.m.c.IdSlotBasedCommandFetcher:[67] - Fetch commands: 0 success, cost: 0ms, totalSlot: 1, currentSlotIndex: 0
[INFO] 2025-10-13 11:01:26.737 +0800 o.a.d.s.m.c.IdSlotBasedCommandFetcher:[67] - Fetch commands: 0 success, cost: 0ms, totalSlot: 1, currentSlotIndex: 0
[INFO] 2025-10-13 11:01:27.737 +0800 o.a.d.s.m.c.IdSlotBasedCommandFetcher:[67] - Fetch commands: 0 success, cost: 0ms, totalSlot: 1, currentSlotIndex: 0
[INFO] 2025-10-13 11:01:28.747 +0800 o.a.d.s.m.c.IdSlotBasedCommandFetcher:[67] - Fetch commands: 0 success, cost: 0ms, totalSlot: 1, currentSlotIndex: 0
[INFO] 2025-10-13 11:01:28.934 +0800 o.a.d.s.m.r.t.TaskGroupCoordinator:[187] - Success amend TaskGroupQueue status cost: 0/ms
[INFO] 2025-10-13 11:01:28.935 +0800 o.a.d.s.m.r.t.TaskGroupCoordinator:[241] - Success deal with force start TaskGroupQueue cost: 0/ms
[INFO] 2025-10-13 11:01:28.935 +0800 o.a.d.s.m.r.t.TaskGroupCoordinator:[129] - TaskGroupCoordinator round time cost: 1/ms
[INFO] 2025-10-13 11:01:29.747 +0800 o.a.d.s.m.c.IdSlotBasedCommandFetcher:[67] - Fetch commands: 0 success, cost: 0ms, totalSlot: 1, currentSlotIndex: 0
[INFO] 2025-10-13 11:01:30.750 +0800 o.a.d.s.m.c.IdSlotBasedCommandFetcher:[67] - Fetch commands: 0 success, cost: 0ms, totalSlot: 1, currentSlotIndex: 0
[INFO] 2025-10-13 11:01:31.758 +0800 o.a.d.s.m.c.IdSlotBasedCommandFetcher:[67] - Fetch commands: 0 success, cost: 0ms, totalSlot: 1, currentSlotIndex: 0
[INFO] 2025-10-13 11:01:32.968 +0800 o.a.d.s.m.c.IdSlotBasedCommandFetcher:[67] - Fetch commands: 0 success, cost: 0ms, totalSlot: 1, currentSlotIndex: 0
[INFO] 2025-10-13 11:01:33.458 +0800 o.a.d.a.c.TaskTypeConfiguration:[75] - support default universal task types: [SHELL, JAVA, PYTHON, PROCEDURE, SQL, SPARK, FLINK, HTTP, MR, DINKY, FLINK_STREAM, HIVECLI, REMOTESHELL]
[INFO] 2025-10-13 11:01:33.458 +0800 o.a.d.a.c.TaskTypeConfiguration:[76] - support default cloud task types: [EMR, K8S, DMS, DATA_FACTORY]
[INFO] 2025-10-13 11:01:33.458 +0800 o.a.d.a.c.TaskTypeConfiguration:[77] - support default logic task types: [SUB_PROCESS, DEPENDENT, CONDITIONS, SWITCH, DYNAMIC]
[INFO] 2025-10-13 11:01:33.458 +0800 o.a.d.a.c.TaskTypeConfiguration:[78] - support default dataIntegration task types: [SEATUNNEL, SEATUNNEL_REST, DATAX, SQOOP]
[INFO] 2025-10-13 11:01:33.458 +0800 o.a.d.a.c.TaskTypeConfiguration:[79] - support default dataQuality task types: [DATA_QUALITY]
[INFO] 2025-10-13 11:01:33.458 +0800 o.a.d.a.c.TaskTypeConfiguration:[80] - support default machineLearning task types: [JUPYTER, MLFLOW, OPENMLDB, DVC, SAGEMAKER, PYTORCH, KUBEFLOW]
[INFO] 2025-10-13 11:01:33.458 +0800 o.a.d.a.c.TaskTypeConfiguration:[81] - support default other task types: [PIGEON, ZEPPELIN, CHUNJUN, DATASYNC, LINKIS]
[INFO] 2025-10-13 11:01:33.940 +0800 o.a.d.s.m.r.t.TaskGroupCoordinator:[187] - Success amend TaskGroupQueue status cost: 0/ms
[INFO] 2025-10-13 11:01:33.940 +0800 o.a.d.s.m.r.t.TaskGroupCoordinator:[241] - Success deal with force start TaskGroupQueue cost: 0/ms
[INFO] 2025-10-13 11:01:33.941 +0800 o.a.d.s.m.r.t.TaskGroupCoordinator:[129] - TaskGroupCoordinator round time cost: 1/ms
[INFO] 2025-10-13 11:01:34.038 +0800 o.a.d.s.m.c.IdSlotBasedCommandFetcher:[67] - Fetch commands: 0 success, cost: 0ms, totalSlot: 1, currentSlotIndex: 0
[INFO] 2025-10-13 11:01:35.107 +0800 o.a.d.s.m.c.IdSlotBasedCommandFetcher:[67] - Fetch commands: 0 success, cost: 1ms, totalSlot: 1, currentSlotIndex: 0
[INFO] 2025-10-13 11:01:36.180 +0800 o.a.d.s.m.c.IdSlotBasedCommandFetcher:[67] - Fetch commands: 0 success, cost: 0ms, totalSlot: 1, currentSlotIndex: 0
[INFO] 2025-10-13 11:01:37.251 +0800 o.a.d.s.m.c.IdSlotBasedCommandFetcher:[67] - Fetch commands: 0 success, cost: 0ms, totalSlot: 1, currentSlotIndex: 0
[INFO] 2025-10-13 11:01:38.321 +0800 o.a.d.s.m.c.IdSlotBasedCommandFetcher:[67] - Fetch commands: 0 success, cost: 0ms, totalSlot: 1, currentSlotIndex: 0
[INFO] 2025-10-13 11:01:38.946 +0800 o.a.d.s.m.r.t.TaskGroupCoordinator:[187] - Success amend TaskGroupQueue status cost: 0/ms
[INFO] 2025-10-13 11:01:38.946 +0800 o.a.d.s.m.r.t.TaskGroupCoordinator:[241] - Success deal with force start TaskGroupQueue cost: 0/ms
[INFO] 2025-10-13 11:01:38.946 +0800 o.a.d.s.m.r.t.TaskGroupCoordinator:[129] - TaskGroupCoordinator round time cost: 0/ms
[INFO] 2025-10-13 11:01:39.431 +0800 o.a.d.s.m.c.IdSlotBasedCommandFetcher:[67] - Fetch commands: 0 success, cost: 1ms, totalSlot: 1, currentSlotIndex: 0
[INFO] 2025-10-13 11:01:40.432 +0800 o.a.d.s.m.c.IdSlotBasedCommandFetcher:[67] - Fetch commands: 0 success, cost: 0ms, totalSlot: 1, currentSlotIndex: 0
[INFO] 2025-10-13 11:01:41.432 +0800 o.a.d.s.m.c.IdSlotBasedCommandFetcher:[67] - Fetch commands: 0 success, cost: 0ms, totalSlot: 1, currentSlotIndex: 0
[INFO] 2025-10-13 11:01:42.433 +0800 o.a.d.s.m.c.IdSlotBasedCommandFetcher:[67] - Fetch commands: 0 success, cost: 0ms, totalSlot: 1, currentSlotIndex: 0
[INFO] 2025-10-13 11:01:43.433 +0800 o.a.d.s.m.c.IdSlotBasedCommandFetcher:[67] - Fetch commands: 0 success, cost: 0ms, totalSlot: 1, currentSlotIndex: 0
[INFO] 2025-10-13 11:01:43.956 +0800 o.a.d.s.m.r.t.TaskGroupCoordinator:[187] - Success amend TaskGroupQueue status cost: 0/ms
[INFO] 2025-10-13 11:01:43.956 +0800 o.a.d.s.m.r.t.TaskGroupCoordinator:[241] - Success deal with force start TaskGroupQueue cost: 0/ms
[INFO] 2025-10-13 11:01:43.956 +0800 o.a.d.s.m.r.t.TaskGroupCoordinator:[129] - TaskGroupCoordinator round time cost: 0/ms
[INFO] 2025-10-13 11:01:44.434 +0800 o.a.d.s.m.c.IdSlotBasedCommandFetcher:[67] - Fetch commands: 0 success, cost: 0ms, totalSlot: 1, currentSlotIndex: 0
[INFO] 2025-10-13 11:01:45.434 +0800 o.a.d.s.m.c.IdSlotBasedCommandFetcher:[67] - Fetch commands: 0 success, cost: 0ms, totalSlot: 1, currentSlotIndex: 0
[INFO] 2025-10-13 11:01:46.435 +0800 o.a.d.s.m.c.IdSlotBasedCommandFetcher:[67] - Fetch commands: 0 success, cost: 0ms, totalSlot: 1, currentSlotIndex: 0
[INFO] 2025-10-13 11:01:47.436 +0800 o.a.d.s.m.c.IdSlotBasedCommandFetcher:[67] - Fetch commands: 0 success, cost: 0ms, totalSlot: 1, currentSlotIndex: 0
[INFO] 2025-10-13 11:01:48.437 +0800 o.a.d.s.m.c.IdSlotBasedCommandFetcher:[67] - Fetch commands: 0 success, cost: 0ms, totalSlot: 1, currentSlotIndex: 0
[INFO] 2025-10-13 11:01:48.961 +0800 o.a.d.s.m.r.t.TaskGroupCoordinator:[187] - Success amend TaskGroupQueue status cost: 0/ms
[INFO] 2025-10-13 11:01:48.961 +0800 o.a.d.s.m.r.t.TaskGroupCoordinator:[241] - Success deal with force start TaskGroupQueue cost: 0/ms
[INFO] 2025-10-13 11:01:48.962 +0800 o.a.d.s.m.r.t.TaskGroupCoordinator:[129] - TaskGroupCoordinator round time cost: 0/ms
[INFO] 2025-10-13 11:01:49.437 +0800 o.a.d.s.m.c.IdSlotBasedCommandFetcher:[67] - Fetch commands: 0 success, cost: 0ms, totalSlot: 1, currentSlotIndex: 0
[INFO] 2025-10-13 11:01:50.437 +0800 o.a.d.s.m.c.IdSlotBasedCommandFetcher:[67] - Fetch commands: 0 success, cost: 0ms, totalSlot: 1, currentSlotIndex: 0
[INFO] 2025-10-13 11:01:51.438 +0800 o.a.d.s.m.c.IdSlotBasedCommandFetcher:[67] - Fetch commands: 0 success, cost: 0ms, totalSlot: 1, currentSlotIndex: 0
[INFO] 2025-10-13 11:01:52.595 +0800 o.a.d.s.m.c.IdSlotBasedCommandFetcher:[67] - Fetch commands: 0 success, cost: 0ms, totalSlot: 1, currentSlotIndex: 0
[INFO] 2025-10-13 11:01:53.664 +0800 o.a.d.s.m.c.IdSlotBasedCommandFetcher:[67] - Fetch commands: 0 success, cost: 0ms, totalSlot: 1, currentSlotIndex: 0
[INFO] 2025-10-13 11:01:53.969 +0800 o.a.d.s.m.r.t.TaskGroupCoordinator:[187] - Success amend TaskGroupQueue status cost: 0/ms
[INFO] 2025-10-13 11:01:53.970 +0800 o.a.d.s.m.r.t.TaskGroupCoordinator:[241] - Success deal with force start TaskGroupQueue cost: 0/ms
[INFO] 2025-10-13 11:01:53.970 +0800 o.a.d.s.m.r.t.TaskGroupCoordinator:[129] - TaskGroupCoordinator round time cost: 1/ms
[INFO] 2025-10-13 11:01:54.732 +0800 o.a.d.s.m.c.IdSlotBasedCommandFetcher:[67] - Fetch commands: 0 success, cost: 0ms, totalSlot: 1, currentSlotIndex: 0
[INFO] 2025-10-13 11:01:55.804 +0800 o.a.d.s.m.c.IdSlotBasedCommandFetcher:[67] - Fetch commands: 0 success, cost: 0ms, totalSlot: 1, currentSlotIndex: 0
[INFO] 2025-10-13 11:01:56.896 +0800 o.a.d.s.m.c.IdSlotBasedCommandFetcher:[67] - Fetch commands: 0 success, cost: 0ms, totalSlot: 1, currentSlotIndex: 0
[INFO] 2025-10-13 11:01:57.961 +0800 o.a.d.s.m.c.IdSlotBasedCommandFetcher:[67] - Fetch commands: 0 success, cost: 0ms, totalSlot: 1, currentSlotIndex: 0
[INFO] 2025-10-13 11:01:58.976 +0800 o.a.d.s.m.r.t.TaskGroupCoordinator:[187] - Success amend TaskGroupQueue status cost: 0/ms
[INFO] 2025-10-13 11:01:58.976 +0800 o.a.d.s.m.r.t.TaskGroupCoordinator:[241] - Success deal with force start TaskGroupQueue cost: 0/ms
[INFO] 2025-10-13 11:01:58.976 +0800 o.a.d.s.m.r.t.TaskGroupCoordinator:[129] - TaskGroupCoordinator round time cost: 0/ms
[INFO] 2025-10-13 11:01:59.037 +0800 o.a.d.s.m.c.IdSlotBasedCommandFetcher:[67] - Fetch commands: 0 success, cost: 0ms, totalSlot: 1, currentSlotIndex: 0
[INFO] 2025-10-13 11:02:00.139 +0800 o.a.d.s.m.c.IdSlotBasedCommandFetcher:[67] - Fetch commands: 0 success, cost: 0ms, totalSlot: 1, currentSlotIndex: 0
[INFO] 2025-10-13 11:02:01.140 +0800 o.a.d.s.m.c.IdSlotBasedCommandFetcher:[67] - Fetch commands: 0 success, cost: 0ms, totalSlot: 1, currentSlotIndex: 0
[INFO] 2025-10-13 11:02:02.141 +0800 o.a.d.s.m.c.IdSlotBasedCommandFetcher:[67] - Fetch commands: 0 success, cost: 0ms, totalSlot: 1, currentSlotIndex: 0
[INFO] 2025-10-13 11:02:03.141 +0800 o.a.d.s.m.c.IdSlotBasedCommandFetcher:[67] - Fetch commands: 0 success, cost: 0ms, totalSlot: 1, currentSlotIndex: 0
[INFO] 2025-10-13 11:02:03.980 +0800 o.a.d.s.m.r.t.TaskGroupCoordinator:[187] - Success amend TaskGroupQueue status cost: 0/ms
[INFO] 2025-10-13 11:02:03.980 +0800 o.a.d.s.m.r.t.TaskGroupCoordinator:[241] - Success deal with force start TaskGroupQueue cost: 0/ms
[INFO] 2025-10-13 11:02:03.982 +0800 o.a.d.s.m.r.t.TaskGroupCoordinator:[129] - TaskGroupCoordinator round time cost: 0/ms
[INFO] 2025-10-13 11:02:04.142 +0800 o.a.d.s.m.c.IdSlotBasedCommandFetcher:[67] - Fetch commands: 0 success, cost: 0ms, totalSlot: 1, currentSlotIndex: 0
[INFO] 2025-10-13 11:02:05.142 +0800 o.a.d.s.m.c.IdSlotBasedCommandFetcher:[67] - Fetch commands: 0 success, cost: 0ms, totalSlot: 1, currentSlotIndex: 0
[INFO] 2025-10-13 11:02:06.142 +0800 o.a.d.s.m.c.IdSlotBasedCommandFetcher:[67] - Fetch commands: 0 success, cost: 0ms, totalSlot: 1, currentSlotIndex: 0
[INFO] 2025-10-13 11:02:07.143 +0800 o.a.d.s.m.c.IdSlotBasedCommandFetcher:[67] - Fetch commands: 0 success, cost: 0ms, totalSlot: 1, currentSlotIndex: 0
[INFO] 2025-10-13 11:02:08.143 +0800 o.a.d.s.m.c.IdSlotBasedCommandFetcher:[67] - Fetch commands: 0 success, cost: 0ms, totalSlot: 1, currentSlotIndex: 0
[INFO] 2025-10-13 11:02:08.986 +0800 o.a.d.s.m.r.t.TaskGroupCoordinator:[187] - Success amend TaskGroupQueue status cost: 0/ms
[INFO] 2025-10-13 11:02:08.986 +0800 o.a.d.s.m.r.t.TaskGroupCoordinator:[241] - Success deal with force start TaskGroupQueue cost: 0/ms
[INFO] 2025-10-13 11:02:08.986 +0800 o.a.d.s.m.r.t.TaskGroupCoordinator:[129] - TaskGroupCoordinator round time cost: 0/ms
[INFO] 2025-10-13 11:02:09.144 +0800 o.a.d.s.m.c.IdSlotBasedCommandFetcher:[67] - Fetch commands: 0 success, cost: 0ms, totalSlot: 1, currentSlotIndex: 0
[INFO] 2025-10-13 11:02:10.145 +0800 o.a.d.s.m.c.IdSlotBasedCommandFetcher:[67] - Fetch commands: 0 success, cost: 0ms, totalSlot: 1, currentSlotIndex: 0
[INFO] 2025-10-13 11:02:11.146 +0800 o.a.d.s.m.c.IdSlotBasedCommandFetcher:[67] - Fetch commands: 0 success, cost: 0ms, totalSlot: 1, currentSlotIndex: 0
[INFO] 2025-10-13 11:02:12.147 +0800 o.a.d.s.m.c.IdSlotBasedCommandFetcher:[67] - Fetch commands: 0 success, cost: 0ms, totalSlot: 1, currentSlotIndex: 0
[INFO] 2025-10-13 11:02:13.266 +0800 o.a.d.s.m.c.IdSlotBasedCommandFetcher:[67] - Fetch commands: 0 success, cost: 0ms, totalSlot: 1, currentSlotIndex: 0
[INFO] 2025-10-13 11:02:13.990 +0800 o.a.d.s.m.r.t.TaskGroupCoordinator:[187] - Success amend TaskGroupQueue status cost: 0/ms
[INFO] 2025-10-13 11:02:13.990 +0800 o.a.d.s.m.r.t.TaskGroupCoordinator:[241] - Success deal with force start TaskGroupQueue cost: 0/ms
[INFO] 2025-10-13 11:02:13.990 +0800 o.a.d.s.m.r.t.TaskGroupCoordinator:[129] - TaskGroupCoordinator round time cost: 0/ms
[INFO] 2025-10-13 11:02:14.335 +0800 o.a.d.s.m.c.IdSlotBasedCommandFetcher:[67] - Fetch commands: 0 success, cost: 1ms, totalSlot: 1, currentSlotIndex: 0
[INFO] 2025-10-13 11:02:15.405 +0800 o.a.d.s.m.c.IdSlotBasedCommandFetcher:[67] - Fetch commands: 0 success, cost: 0ms, totalSlot: 1, currentSlotIndex: 0
[INFO] 2025-10-13 11:02:16.478 +0800 o.a.d.s.m.c.IdSlotBasedCommandFetcher:[67] - Fetch commands: 0 success, cost: 0ms, totalSlot: 1, currentSlotIndex: 0
[INFO] 2025-10-13 11:02:17.542 +0800 o.a.d.s.m.c.IdSlotBasedCommandFetcher:[67] - Fetch commands: 0 success, cost: 0ms, totalSlot: 1, currentSlotIndex: 0
[INFO] 2025-10-13 11:02:18.612 +0800 o.a.d.s.m.c.IdSlotBasedCommandFetcher:[67] - Fetch commands: 0 success, cost: 0ms, totalSlot: 1, currentSlotIndex: 0
[INFO] 2025-10-13 11:02:18.993 +0800 o.a.d.s.m.r.t.TaskGroupCoordinator:[187] - Success amend TaskGroupQueue status cost: 0/ms
[INFO] 2025-10-13 11:02:18.995 +0800 o.a.d.s.m.r.t.TaskGroupCoordinator:[241] - Success deal with force start TaskGroupQueue cost: 0/ms
[INFO] 2025-10-13 11:02:18.995 +0800 o.a.d.s.m.r.t.TaskGroupCoordinator:[129] - TaskGroupCoordinator round time cost: 0/ms
[INFO] 2025-10-13 11:02:19.676 +0800 o.a.d.s.m.c.IdSlotBasedCommandFetcher:[67] - Fetch commands: 0 success, cost: 0ms, totalSlot: 1, currentSlotIndex: 0
[INFO] 2025-10-13 11:02:20.677 +0800 o.a.d.s.m.c.IdSlotBasedCommandFetcher:[67] - Fetch commands: 0 success, cost: 0ms, totalSlot: 1, currentSlotIndex: 0
[INFO] 2025-10-13 11:02:21.678 +0800 o.a.d.s.m.c.IdSlotBasedCommandFetcher:[67] - Fetch commands: 0 success, cost: 0ms, totalSlot: 1, currentSlotIndex: 0
[INFO] 2025-10-13 11:02:22.678 +0800 o.a.d.s.m.c.IdSlotBasedCommandFetcher:[67] - Fetch commands: 0 success, cost: 0ms, totalSlot: 1, currentSlotIndex: 0
[INFO] 2025-10-13 11:02:23.678 +0800 o.a.d.s.m.c.IdSlotBasedCommandFetcher:[67] - Fetch commands: 0 success, cost: 0ms, totalSlot: 1, currentSlotIndex: 0
[INFO] 2025-10-13 11:02:24.005 +0800 o.a.d.s.m.r.t.TaskGroupCoordinator:[187] - Success amend TaskGroupQueue status cost: 0/ms
[INFO] 2025-10-13 11:02:24.005 +0800 o.a.d.s.m.r.t.TaskGroupCoordinator:[241] - Success deal with force start TaskGroupQueue cost: 0/ms
[INFO] 2025-10-13 11:02:24.005 +0800 o.a.d.s.m.r.t.TaskGroupCoordinator:[129] - TaskGroupCoordinator round time cost: 0/ms
[INFO] 2025-10-13 11:02:24.679 +0800 o.a.d.s.m.c.IdSlotBasedCommandFetcher:[67] - Fetch commands: 0 success, cost: 0ms, totalSlot: 1, currentSlotIndex: 0
[INFO] 2025-10-13 11:02:25.680 +0800 o.a.d.s.m.c.IdSlotBasedCommandFetcher:[67] - Fetch commands: 0 success, cost: 0ms, totalSlot: 1, currentSlotIndex: 0
[INFO] 2025-10-13 11:02:26.681 +0800 o.a.d.s.m.c.IdSlotBasedCommandFetcher:[67] - Fetch commands: 0 success, cost: 0ms, totalSlot: 1, currentSlotIndex: 0
[INFO] 2025-10-13 11:02:27.682 +0800 o.a.d.s.m.c.IdSlotBasedCommandFetcher:[67] - Fetch commands: 0 success, cost: 0ms, totalSlot: 1, currentSlotIndex: 0
[INFO] 2025-10-13 11:02:28.683 +0800 o.a.d.s.m.c.IdSlotBasedCommandFetcher:[67] - Fetch commands: 0 success, cost: 0ms, totalSlot: 1, currentSlotIndex: 0
[INFO] 2025-10-13 11:02:29.010 +0800 o.a.d.s.m.r.t.TaskGroupCoordinator:[187] - Success amend TaskGroupQueue status cost: 0/ms
[INFO] 2025-10-13 11:02:29.010 +0800 o.a.d.s.m.r.t.TaskGroupCoordinator:[241] - Success deal with force start TaskGroupQueue cost: 0/ms
[INFO] 2025-10-13 11:02:29.010 +0800 o.a.d.s.m.r.t.TaskGroupCoordinator:[129] - TaskGroupCoordinator round time cost: 0/ms
[INFO] 2025-10-13 11:02:29.683 +0800 o.a.d.s.m.c.IdSlotBasedCommandFetcher:[67] - Fetch commands: 0 success, cost: 0ms, totalSlot: 1, currentSlotIndex: 0
[INFO] 2025-10-13 11:02:30.683 +0800 o.a.d.s.m.c.IdSlotBasedCommandFetcher:[67] - Fetch commands: 0 success, cost: 0ms, totalSlot: 1, currentSlotIndex: 0
[INFO] 2025-10-13 11:02:31.684 +0800 o.a.d.s.m.c.IdSlotBasedCommandFetcher:[67] - Fetch commands: 0 success, cost: 0ms, totalSlot: 1, currentSlotIndex: 0
[INFO] 2025-10-13 11:02:32.807 +0800 o.a.d.s.m.c.IdSlotBasedCommandFetcher:[67] - Fetch commands: 0 success, cost: 0ms, totalSlot: 1, currentSlotIndex: 0
[INFO] 2025-10-13 11:02:33.880 +0800 o.a.d.s.m.c.IdSlotBasedCommandFetcher:[67] - Fetch commands: 0 success, cost: 0ms, totalSlot: 1, currentSlotIndex: 0
[INFO] 2025-10-13 11:02:34.015 +0800 o.a.d.s.m.r.t.TaskGroupCoordinator:[187] - Success amend TaskGroupQueue status cost: 0/ms
[INFO] 2025-10-13 11:02:34.015 +0800 o.a.d.s.m.r.t.TaskGroupCoordinator:[241] - Success deal with force start TaskGroupQueue cost: 0/ms
[INFO] 2025-10-13 11:02:34.015 +0800 o.a.d.s.m.r.t.TaskGroupCoordinator:[129] - TaskGroupCoordinator round time cost: 0/ms
[INFO] 2025-10-13 11:02:34.952 +0800 o.a.d.s.m.c.IdSlotBasedCommandFetcher:[67] - Fetch commands: 0 success, cost: 0ms, totalSlot: 1, currentSlotIndex: 0
[INFO] 2025-10-13 11:02:36.012 +0800 o.a.d.s.m.c.IdSlotBasedCommandFetcher:[67] - Fetch commands: 0 success, cost: 0ms, totalSlot: 1, currentSlotIndex: 0
[INFO] 2025-10-13 11:02:37.091 +0800 o.a.d.s.m.c.IdSlotBasedCommandFetcher:[67] - Fetch commands: 0 success, cost: 0ms, totalSlot: 1, currentSlotIndex: 0
[INFO] 2025-10-13 11:02:38.157 +0800 o.a.d.s.m.c.IdSlotBasedCommandFetcher:[67] - Fetch commands: 0 success, cost: 0ms, totalSlot: 1, currentSlotIndex: 0
[INFO] 2025-10-13 11:02:39.019 +0800 o.a.d.s.m.r.t.TaskGroupCoordinator:[187] - Success amend TaskGroupQueue status cost: 0/ms
[INFO] 2025-10-13 11:02:39.020 +0800 o.a.d.s.m.r.t.TaskGroupCoordinator:[241] - Success deal with force start TaskGroupQueue cost: 0/ms
[INFO] 2025-10-13 11:02:39.020 +0800 o.a.d.s.m.r.t.TaskGroupCoordinator:[129] - TaskGroupCoordinator round time cost: 0/ms
[INFO] 2025-10-13 11:02:39.223 +0800 o.a.d.s.m.c.IdSlotBasedCommandFetcher:[67] - Fetch commands: 0 success, cost: 0ms, totalSlot: 1, currentSlotIndex: 0
[INFO] 2025-10-13 11:02:40.305 +0800 o.a.d.s.m.c.IdSlotBasedCommandFetcher:[67] - Fetch commands: 0 success, cost: 0ms, totalSlot: 1, currentSlotIndex: 0
[INFO] 2025-10-13 11:02:41.372 +0800 o.a.d.s.m.c.IdSlotBasedCommandFetcher:[67] - Fetch commands: 0 success, cost: 1ms, totalSlot: 1, currentSlotIndex: 0
[INFO] 2025-10-13 11:02:42.545 +0800 o.a.d.s.m.c.IdSlotBasedCommandFetcher:[67] - Fetch commands: 0 success, cost: 0ms, totalSlot: 1, currentSlotIndex: 0
[INFO] 2025-10-13 11:02:43.558 +0800 o.a.d.s.m.c.IdSlotBasedCommandFetcher:[67] - Fetch commands: 0 success, cost: 0ms, totalSlot: 1, currentSlotIndex: 0
[INFO] 2025-10-13 11:02:44.043 +0800 o.a.d.s.m.r.t.TaskGroupCoordinator:[187] - Success amend TaskGroupQueue status cost: 0/ms
[INFO] 2025-10-13 11:02:44.043 +0800 o.a.d.s.m.r.t.TaskGroupCoordinator:[241] - Success deal with force start TaskGroupQueue cost: 0/ms
[INFO] 2025-10-13 11:02:44.043 +0800 o.a.d.s.m.r.t.TaskGroupCoordinator:[129] - TaskGroupCoordinator round time cost: 0/ms
[INFO] 2025-10-13 11:02:44.558 +0800 o.a.d.s.m.c.IdSlotBasedCommandFetcher:[67] - Fetch commands: 0 success, cost: 0ms, totalSlot: 1, currentSlotIndex: 0
[INFO] 2025-10-13 11:02:45.559 +0800 o.a.d.s.m.c.IdSlotBasedCommandFetcher:[67] - Fetch commands: 0 success, cost: 0ms, totalSlot: 1, currentSlotIndex: 0
[INFO] 2025-10-13 11:02:46.571 +0800 o.a.d.s.m.c.IdSlotBasedCommandFetcher:[67] - Fetch commands: 0 success, cost: 0ms, totalSlot: 1, currentSlotIndex: 0
[INFO] 2025-10-13 11:02:47.572 +0800 o.a.d.s.m.c.IdSlotBasedCommandFetcher:[67] - Fetch commands: 0 success, cost: 0ms, totalSlot: 1, currentSlotIndex: 0
[INFO] 2025-10-13 11:02:48.573 +0800 o.a.d.s.m.c.IdSlotBasedCommandFetcher:[67] - Fetch commands: 0 success, cost: 0ms, totalSlot: 1, currentSlotIndex: 0
[INFO] 2025-10-13 11:02:49.047 +0800 o.a.d.s.m.r.t.TaskGroupCoordinator:[187] - Success amend TaskGroupQueue status cost: 0/ms
[INFO] 2025-10-13 11:02:49.047 +0800 o.a.d.s.m.r.t.TaskGroupCoordinator:[241] - Success deal with force start TaskGroupQueue cost: 0/ms
[INFO] 2025-10-13 11:02:49.047 +0800 o.a.d.s.m.r.t.TaskGroupCoordinator:[129] - TaskGroupCoordinator round time cost: 0/ms
[INFO] 2025-10-13 11:02:49.573 +0800 o.a.d.s.m.c.IdSlotBasedCommandFetcher:[67] - Fetch commands: 0 success, cost: 0ms, totalSlot: 1, currentSlotIndex: 0
[INFO] 2025-10-13 11:02:50.573 +0800 o.a.d.s.m.c.IdSlotBasedCommandFetcher:[67] - Fetch commands: 0 success, cost: 0ms, totalSlot: 1, currentSlotIndex: 0
[INFO] 2025-10-13 11:02:51.574 +0800 o.a.d.s.m.c.IdSlotBasedCommandFetcher:[67] - Fetch commands: 0 success, cost: 0ms, totalSlot: 1, currentSlotIndex: 0
[INFO] 2025-10-13 11:02:52.574 +0800 o.a.d.s.m.c.IdSlotBasedCommandFetcher:[67] - Fetch commands: 0 success, cost: 0ms, totalSlot: 1, currentSlotIndex: 0
[INFO] 2025-10-13 11:02:53.574 +0800 o.a.d.s.m.c.IdSlotBasedCommandFetcher:[67] - Fetch commands: 0 success, cost: 0ms, totalSlot: 1, currentSlotIndex: 0
[INFO] 2025-10-13 11:02:54.052 +0800 o.a.d.s.m.r.t.TaskGroupCoordinator:[187] - Success amend TaskGroupQueue status cost: 0/ms
[INFO] 2025-10-13 11:02:54.053 +0800 o.a.d.s.m.r.t.TaskGroupCoordinator:[241] - Success deal with force start TaskGroupQueue cost: 0/ms
[INFO] 2025-10-13 11:02:54.053 +0800 o.a.d.s.m.r.t.TaskGroupCoordinator:[129] - TaskGroupCoordinator round time cost: 0/ms
[INFO] 2025-10-13 11:02:54.575 +0800 o.a.d.s.m.c.IdSlotBasedCommandFetcher:[67] - Fetch commands: 0 success, cost: 0ms, totalSlot: 1, currentSlotIndex: 0
[INFO] 2025-10-13 11:02:55.575 +0800 o.a.d.s.m.c.IdSlotBasedCommandFetcher:[67] - Fetch commands: 0 success, cost: 0ms, totalSlot: 1, currentSlotIndex: 0
[INFO] 2025-10-13 11:02:56.640 +0800 o.a.d.s.m.c.IdSlotBasedCommandFetcher:[67] - Fetch commands: 0 success, cost: 0ms, totalSlot: 1, currentSlotIndex: 0
[INFO] 2025-10-13 11:02:57.712 +0800 o.a.d.s.m.c.IdSlotBasedCommandFetcher:[67] - Fetch commands: 0 success, cost: 0ms, totalSlot: 1, currentSlotIndex: 0
[INFO] 2025-10-13 11:02:58.776 +0800 o.a.d.s.m.c.IdSlotBasedCommandFetcher:[67] - Fetch commands: 0 success, cost: 1ms, totalSlot: 1, currentSlotIndex: 0
[INFO] 2025-10-13 11:02:59.058 +0800 o.a.d.s.m.r.t.TaskGroupCoordinator:[187] - Success amend TaskGroupQueue status cost: 0/ms
[INFO] 2025-10-13 11:02:59.058 +0800 o.a.d.s.m.r.t.TaskGroupCoordinator:[241] - Success deal with force start TaskGroupQueue cost: 0/ms
[INFO] 2025-10-13 11:02:59.058 +0800 o.a.d.s.m.r.t.TaskGroupCoordinator:[129] - TaskGroupCoordinator round time cost: 0/ms
[INFO] 2025-10-13 11:02:59.854 +0800 o.a.d.s.m.c.IdSlotBasedCommandFetcher:[67] - Fetch commands: 0 success, cost: 0ms, totalSlot: 1, currentSlotIndex: 0
[INFO] 2025-10-13 11:03:01.002 +0800 o.a.d.s.m.c.IdSlotBasedCommandFetcher:[67] - Fetch commands: 0 success, cost: 0ms, totalSlot: 1, currentSlotIndex: 0
[INFO] 2025-10-13 11:03:02.160 +0800 o.a.d.s.m.c.IdSlotBasedCommandFetcher:[67] - Fetch commands: 0 success, cost: 0ms, totalSlot: 1, currentSlotIndex: 0
[INFO] 2025-10-13 11:03:03.229 +0800 o.a.d.s.m.c.IdSlotBasedCommandFetcher:[67] - Fetch commands: 0 success, cost: 0ms, totalSlot: 1, currentSlotIndex: 0
[INFO] 2025-10-13 11:03:04.064 +0800 o.a.d.s.m.r.t.TaskGroupCoordinator:[187] - Success amend TaskGroupQueue status cost: 0/ms
[INFO] 2025-10-13 11:03:04.064 +0800 o.a.d.s.m.r.t.TaskGroupCoordinator:[241] - Success deal with force start TaskGroupQueue cost: 0/ms
[INFO] 2025-10-13 11:03:04.064 +0800 o.a.d.s.m.r.t.TaskGroupCoordinator:[129] - TaskGroupCoordinator round time cost: 0/ms
[INFO] 2025-10-13 11:03:04.298 +0800 o.a.d.s.m.c.IdSlotBasedCommandFetcher:[67] - Fetch commands: 0 success, cost: 0ms, totalSlot: 1, currentSlotIndex: 0
[INFO] 2025-10-13 11:03:05.365 +0800 o.a.d.s.m.c.IdSlotBasedCommandFetcher:[67] - Fetch commands: 0 success, cost: 0ms, totalSlot: 1, currentSlotIndex: 0
[INFO] 2025-10-13 11:03:06.431 +0800 o.a.d.s.m.c.IdSlotBasedCommandFetcher:[67] - Fetch commands: 0 success, cost: 0ms, totalSlot: 1, currentSlotIndex: 0
[INFO] 2025-10-13 11:03:07.503 +0800 o.a.d.s.m.c.IdSlotBasedCommandFetcher:[67] - Fetch commands: 0 success, cost: 0ms, totalSlot: 1, currentSlotIndex: 0
[INFO] 2025-10-13 11:03:08.569 +0800 o.a.d.s.m.c.IdSlotBasedCommandFetcher:[67] - Fetch commands: 0 success, cost: 0ms, totalSlot: 1, currentSlotIndex: 0
[INFO] 2025-10-13 11:03:09.072 +0800 o.a.d.s.m.r.t.TaskGroupCoordinator:[187] - Success amend TaskGroupQueue status cost: 0/ms
[INFO] 2025-10-13 11:03:09.073 +0800 o.a.d.s.m.r.t.TaskGroupCoordinator:[241] - Success deal with force start TaskGroupQueue cost: 0/ms
[INFO] 2025-10-13 11:03:09.073 +0800 o.a.d.s.m.r.t.TaskGroupCoordinator:[129] - TaskGroupCoordinator round time cost: 0/ms
[INFO] 2025-10-13 11:03:09.711 +0800 o.a.d.s.m.c.IdSlotBasedCommandFetcher:[67] - Fetch commands: 0 success, cost: 0ms, totalSlot: 1, currentSlotIndex: 0
[INFO] 2025-10-13 11:03:10.712 +0800 o.a.d.s.m.c.IdSlotBasedCommandFetcher:[67] - Fetch commands: 0 success, cost: 0ms, totalSlot: 1, currentSlotIndex: 0
[INFO] 2025-10-13 11:03:11.712 +0800 o.a.d.s.m.c.IdSlotBasedCommandFetcher:[67] - Fetch commands: 0 success, cost: 0ms, totalSlot: 1, currentSlotIndex: 0
[INFO] 2025-10-13 11:03:12.712 +0800 o.a.d.s.m.c.IdSlotBasedCommandFetcher:[67] - Fetch commands: 0 success, cost: 0ms, totalSlot: 1, currentSlotIndex: 0
[INFO] 2025-10-13 11:03:13.713 +0800 o.a.d.s.m.c.IdSlotBasedCommandFetcher:[67] - Fetch commands: 0 success, cost: 0ms, totalSlot: 1, currentSlotIndex: 0
[INFO] 2025-10-13 11:03:14.077 +0800 o.a.d.s.m.r.t.TaskGroupCoordinator:[187] - Success amend TaskGroupQueue status cost: 0/ms
[INFO] 2025-10-13 11:03:14.077 +0800 o.a.d.s.m.r.t.TaskGroupCoordinator:[241] - Success deal with force start TaskGroupQueue cost: 0/ms
[INFO] 2025-10-13 11:03:14.077 +0800 o.a.d.s.m.r.t.TaskGroupCoordinator:[129] - TaskGroupCoordinator round time cost: 0/ms
[INFO] 2025-10-13 11:03:14.713 +0800 o.a.d.s.m.c.IdSlotBasedCommandFetcher:[67] - Fetch commands: 0 success, cost: 0ms, totalSlot: 1, currentSlotIndex: 0
[INFO] 2025-10-13 11:03:15.713 +0800 o.a.d.s.m.c.IdSlotBasedCommandFetcher:[67] - Fetch commands: 0 success, cost: 0ms, totalSlot: 1, currentSlotIndex: 0
[INFO] 2025-10-13 11:03:16.714 +0800 o.a.d.s.m.c.IdSlotBasedCommandFetcher:[67] - Fetch commands: 0 success, cost: 0ms, totalSlot: 1, currentSlotIndex: 0
[INFO] 2025-10-13 11:03:17.715 +0800 o.a.d.s.m.c.IdSlotBasedCommandFetcher:[67] - Fetch commands: 0 success, cost: 0ms, totalSlot: 1, currentSlotIndex: 0
[INFO] 2025-10-13 11:03:18.719 +0800 o.a.d.s.m.c.IdSlotBasedCommandFetcher:[67] - Fetch commands: 0 success, cost: 0ms, totalSlot: 1, currentSlotIndex: 0
[INFO] 2025-10-13 11:03:19.082 +0800 o.a.d.s.m.r.t.TaskGroupCoordinator:[187] - Success amend TaskGroupQueue status cost: 0/ms
[INFO] 2025-10-13 11:03:19.083 +0800 o.a.d.s.m.r.t.TaskGroupCoordinator:[241] - Success deal with force start TaskGroupQueue cost: 0/ms
[INFO] 2025-10-13 11:03:19.083 +0800 o.a.d.s.m.r.t.TaskGroupCoordinator:[129] - TaskGroupCoordinator round time cost: 1/ms
[INFO] 2025-10-13 11:03:19.722 +0800 o.a.d.s.m.c.IdSlotBasedCommandFetcher:[67] - Fetch commands: 0 success, cost: 0ms, totalSlot: 1, currentSlotIndex: 0
[INFO] 2025-10-13 11:03:20.722 +0800 o.a.d.s.m.c.IdSlotBasedCommandFetcher:[67] - Fetch commands: 0 success, cost: 0ms, totalSlot: 1, currentSlotIndex: 0
[INFO] 2025-10-13 11:03:21.726 +0800 o.a.d.s.m.c.IdSlotBasedCommandFetcher:[67] - Fetch commands: 0 success, cost: 0ms, totalSlot: 1, currentSlotIndex: 0
[INFO] 2025-10-13 11:03:22.727 +0800 o.a.d.s.m.c.IdSlotBasedCommandFetcher:[67] - Fetch commands: 0 success, cost: 0ms, totalSlot: 1, currentSlotIndex: 0
[INFO] 2025-10-13 11:03:23.882 +0800 o.a.d.s.m.c.IdSlotBasedCommandFetcher:[67] - Fetch commands: 0 success, cost: 1ms, totalSlot: 1, currentSlotIndex: 0
[INFO] 2025-10-13 11:03:24.087 +0800 o.a.d.s.m.r.t.TaskGroupCoordinator:[187] - Success amend TaskGroupQueue status cost: 0/ms
[INFO] 2025-10-13 11:03:24.087 +0800 o.a.d.s.m.r.t.TaskGroupCoordinator:[241] - Success deal with force start TaskGroupQueue cost: 0/ms
[INFO] 2025-10-13 11:03:24.088 +0800 o.a.d.s.m.r.t.TaskGroupCoordinator:[129] - TaskGroupCoordinator round time cost: 0/ms
[INFO] 2025-10-13 11:03:25.023 +0800 o.a.d.s.m.c.IdSlotBasedCommandFetcher:[67] - Fetch commands: 0 success, cost: 0ms, totalSlot: 1, currentSlotIndex: 0
[INFO] 2025-10-13 11:03:26.027 +0800 o.a.d.s.m.c.IdSlotBasedCommandFetcher:[67] - Fetch commands: 0 success, cost: 0ms, totalSlot: 1, currentSlotIndex: 0
[INFO] 2025-10-13 11:03:27.027 +0800 o.a.d.s.m.c.IdSlotBasedCommandFetcher:[67] - Fetch commands: 0 success, cost: 0ms, totalSlot: 1, currentSlotIndex: 0
[INFO] 2025-10-13 11:03:28.028 +0800 o.a.d.s.m.c.IdSlotBasedCommandFetcher:[67] - Fetch commands: 0 success, cost: 0ms, totalSlot: 1, currentSlotIndex: 0
[INFO] 2025-10-13 11:03:29.028 +0800 o.a.d.s.m.c.IdSlotBasedCommandFetcher:[67] - Fetch commands: 0 success, cost: 0ms, totalSlot: 1, currentSlotIndex: 0
[INFO] 2025-10-13 11:03:29.091 +0800 o.a.d.s.m.r.t.TaskGroupCoordinator:[187] - Success amend TaskGroupQueue status cost: 0/ms
[INFO] 2025-10-13 11:03:29.093 +0800 o.a.d.s.m.r.t.TaskGroupCoordinator:[241] - Success deal with force start TaskGroupQueue cost: 0/ms
[INFO] 2025-10-13 11:03:29.093 +0800 o.a.d.s.m.r.t.TaskGroupCoordinator:[129] - TaskGroupCoordinator round time cost: 0/ms
[INFO] 2025-10-13 11:03:30.028 +0800 o.a.d.s.m.c.IdSlotBasedCommandFetcher:[67] - Fetch commands: 0 success, cost: 0ms, totalSlot: 1, currentSlotIndex: 0
[INFO] 2025-10-13 11:03:31.029 +0800 o.a.d.s.m.c.IdSlotBasedCommandFetcher:[67] - Fetch commands: 0 success, cost: 0ms, totalSlot: 1, currentSlotIndex: 0
[INFO] 2025-10-13 11:03:32.030 +0800 o.a.d.s.m.c.IdSlotBasedCommandFetcher:[67] - Fetch commands: 0 success, cost: 0ms, totalSlot: 1, currentSlotIndex: 0
[INFO] 2025-10-13 11:03:33.030 +0800 o.a.d.s.m.c.IdSlotBasedCommandFetcher:[67] - Fetch commands: 0 success, cost: 0ms, totalSlot: 1, currentSlotIndex: 0
[INFO] 2025-10-13 11:03:34.030 +0800 o.a.d.s.m.c.IdSlotBasedCommandFetcher:[67] - Fetch commands: 0 success, cost: 0ms, totalSlot: 1, currentSlotIndex: 0
[INFO] 2025-10-13 11:03:34.098 +0800 o.a.d.s.m.r.t.TaskGroupCoordinator:[187] - Success amend TaskGroupQueue status cost: 0/ms
[INFO] 2025-10-13 11:03:34.098 +0800 o.a.d.s.m.r.t.TaskGroupCoordinator:[241] - Success deal with force start TaskGroupQueue cost: 0/ms
[INFO] 2025-10-13 11:03:34.098 +0800 o.a.d.s.m.r.t.TaskGroupCoordinator:[129] - TaskGroupCoordinator round time cost: 0/ms
[INFO] 2025-10-13 11:03:35.031 +0800 o.a.d.s.m.c.IdSlotBasedCommandFetcher:[67] - Fetch commands: 0 success, cost: 0ms, totalSlot: 1, currentSlotIndex: 0
[INFO] 2025-10-13 11:03:36.031 +0800 o.a.d.s.m.c.IdSlotBasedCommandFetcher:[67] - Fetch commands: 0 success, cost: 0ms, totalSlot: 1, currentSlotIndex: 0
[INFO] 2025-10-13 11:03:37.032 +0800 o.a.d.s.m.c.IdSlotBasedCommandFetcher:[67] - Fetch commands: 0 success, cost: 0ms, totalSlot: 1, currentSlotIndex: 0
[INFO] 2025-10-13 11:03:38.121 +0800 o.a.d.s.m.c.IdSlotBasedCommandFetcher:[67] - Fetch commands: 0 success, cost: 0ms, totalSlot: 1, currentSlotIndex: 0
[INFO] 2025-10-13 11:03:39.108 +0800 o.a.d.s.m.r.t.TaskGroupCoordinator:[187] - Success amend TaskGroupQueue status cost: 0/ms
[INFO] 2025-10-13 11:03:39.108 +0800 o.a.d.s.m.r.t.TaskGroupCoordinator:[241] - Success deal with force start TaskGroupQueue cost: 0/ms
[INFO] 2025-10-13 11:03:39.108 +0800 o.a.d.s.m.r.t.TaskGroupCoordinator:[129] - TaskGroupCoordinator round time cost: 0/ms
[INFO] 2025-10-13 11:03:39.195 +0800 o.a.d.s.m.c.IdSlotBasedCommandFetcher:[67] - Fetch commands: 0 success, cost: 0ms, totalSlot: 1, currentSlotIndex: 0
[INFO] 2025-10-13 11:03:40.261 +0800 o.a.d.s.m.c.IdSlotBasedCommandFetcher:[67] - Fetch commands: 0 success, cost: 1ms, totalSlot: 1, currentSlotIndex: 0
[INFO] 2025-10-13 11:03:41.329 +0800 o.a.d.s.m.c.IdSlotBasedCommandFetcher:[67] - Fetch commands: 0 success, cost: 0ms, totalSlot: 1, currentSlotIndex: 0
[INFO] 2025-10-13 11:03:42.433 +0800 o.a.d.s.m.c.IdSlotBasedCommandFetcher:[67] - Fetch commands: 0 success, cost: 0ms, totalSlot: 1, currentSlotIndex: 0
[INFO] 2025-10-13 11:03:43.434 +0800 o.a.d.s.m.c.IdSlotBasedCommandFetcher:[67] - Fetch commands: 0 success, cost: 0ms, totalSlot: 1, currentSlotIndex: 0
[INFO] 2025-10-13 11:03:44.115 +0800 o.a.d.s.m.r.t.TaskGroupCoordinator:[187] - Success amend TaskGroupQueue status cost: 0/ms
[INFO] 2025-10-13 11:03:44.115 +0800 o.a.d.s.m.r.t.TaskGroupCoordinator:[241] - Success deal with force start TaskGroupQueue cost: 0/ms
[INFO] 2025-10-13 11:03:44.116 +0800 o.a.d.s.m.r.t.TaskGroupCoordinator:[129] - TaskGroupCoordinator round time cost: 0/ms
[INFO] 2025-10-13 11:03:44.434 +0800 o.a.d.s.m.c.IdSlotBasedCommandFetcher:[67] - Fetch commands: 0 success, cost: 0ms, totalSlot: 1, currentSlotIndex: 0
[INFO] 2025-10-13 11:03:45.435 +0800 o.a.d.s.m.c.IdSlotBasedCommandFetcher:[67] - Fetch commands: 0 success, cost: 0ms, totalSlot: 1, currentSlotIndex: 0
[INFO] 2025-10-13 11:03:46.436 +0800 o.a.d.s.m.c.IdSlotBasedCommandFetcher:[67] - Fetch commands: 0 success, cost: 0ms, totalSlot: 1, currentSlotIndex: 0
[INFO] 2025-10-13 11:03:47.436 +0800 o.a.d.s.m.c.IdSlotBasedCommandFetcher:[67] - Fetch commands: 0 success, cost: 0ms, totalSlot: 1, currentSlotIndex: 0
[INFO] 2025-10-13 11:03:48.452 +0800 o.a.d.s.m.c.IdSlotBasedCommandFetcher:[67] - Fetch commands: 0 success, cost: 0ms, totalSlot: 1, currentSlotIndex: 0
[INFO] 2025-10-13 11:03:49.122 +0800 o.a.d.s.m.r.t.TaskGroupCoordinator:[187] - Success amend TaskGroupQueue status cost: 0/ms
[INFO] 2025-10-13 11:03:49.122 +0800 o.a.d.s.m.r.t.TaskGroupCoordinator:[241] - Success deal with force start TaskGroupQueue cost: 0/ms
[INFO] 2025-10-13 11:03:49.122 +0800 o.a.d.s.m.r.t.TaskGroupCoordinator:[129] - TaskGroupCoordinator round time cost: 0/ms
[INFO] 2025-10-13 11:03:49.454 +0800 o.a.d.s.m.c.IdSlotBasedCommandFetcher:[67] - Fetch commands: 0 success, cost: 0ms, totalSlot: 1, currentSlotIndex: 0
[INFO] 2025-10-13 11:03:50.462 +0800 o.a.d.s.m.c.IdSlotBasedCommandFetcher:[67] - Fetch commands: 0 success, cost: 0ms, totalSlot: 1, currentSlotIndex: 0
[INFO] 2025-10-13 11:03:51.466 +0800 o.a.d.s.m.c.IdSlotBasedCommandFetcher:[67] - Fetch commands: 0 success, cost: 0ms, totalSlot: 1, currentSlotIndex: 0
[INFO] 2025-10-13 11:03:52.467 +0800 o.a.d.s.m.c.IdSlotBasedCommandFetcher:[67] - Fetch commands: 0 success, cost: 0ms, totalSlot: 1, currentSlotIndex: 0
[INFO] 2025-10-13 11:03:53.468 +0800 o.a.d.s.m.c.IdSlotBasedCommandFetcher:[67] - Fetch commands: 0 success, cost: 0ms, totalSlot: 1, currentSlotIndex: 0
[INFO] 2025-10-13 11:03:54.135 +0800 o.a.d.s.m.r.t.TaskGroupCoordinator:[187] - Success amend TaskGroupQueue status cost: 0/ms
[INFO] 2025-10-13 11:03:54.135 +0800 o.a.d.s.m.r.t.TaskGroupCoordinator:[241] - Success deal with force start TaskGroupQueue cost: 0/ms
[INFO] 2025-10-13 11:03:54.135 +0800 o.a.d.s.m.r.t.TaskGroupCoordinator:[129] - TaskGroupCoordinator round time cost: 1/ms
[INFO] 2025-10-13 11:03:54.469 +0800 o.a.d.s.m.c.IdSlotBasedCommandFetcher:[67] - Fetch commands: 0 success, cost: 0ms, totalSlot: 1, currentSlotIndex: 0
[INFO] 2025-10-13 11:03:55.601 +0800 o.a.d.s.m.c.IdSlotBasedCommandFetcher:[67] - Fetch commands: 0 success, cost: 1ms, totalSlot: 1, currentSlotIndex: 0
[INFO] 2025-10-13 11:03:56.683 +0800 o.a.d.s.m.c.IdSlotBasedCommandFetcher:[67] - Fetch commands: 0 success, cost: 0ms, totalSlot: 1, currentSlotIndex: 0
[INFO] 2025-10-13 11:03:57.755 +0800 o.a.d.s.m.c.IdSlotBasedCommandFetcher:[67] - Fetch commands: 0 success, cost: 0ms, totalSlot: 1, currentSlotIndex: 0
[INFO] 2025-10-13 11:03:58.822 +0800 o.a.d.s.m.c.IdSlotBasedCommandFetcher:[67] - Fetch commands: 0 success, cost: 0ms, totalSlot: 1, currentSlotIndex: 0
[INFO] 2025-10-13 11:03:59.141 +0800 o.a.d.s.m.r.t.TaskGroupCoordinator:[187] - Success amend TaskGroupQueue status cost: 0/ms
[INFO] 2025-10-13 11:03:59.142 +0800 o.a.d.s.m.r.t.TaskGroupCoordinator:[241] - Success deal with force start TaskGroupQueue cost: 0/ms
[INFO] 2025-10-13 11:03:59.142 +0800 o.a.d.s.m.r.t.TaskGroupCoordinator:[129] - TaskGroupCoordinator round time cost: 0/ms
[INFO] 2025-10-13 11:03:59.893 +0800 o.a.d.s.m.c.IdSlotBasedCommandFetcher:[67] - Fetch commands: 0 success, cost: 0ms, totalSlot: 1, currentSlotIndex: 0
[INFO] 2025-10-13 11:04:00.960 +0800 o.a.d.s.m.c.IdSlotBasedCommandFetcher:[67] - Fetch commands: 0 success, cost: 0ms, totalSlot: 1, currentSlotIndex: 0
[INFO] 2025-10-13 11:04:02.035 +0800 o.a.d.s.m.c.IdSlotBasedCommandFetcher:[67] - Fetch commands: 0 success, cost: 0ms, totalSlot: 1, currentSlotIndex: 0
[INFO] 2025-10-13 11:04:03.106 +0800 o.a.d.s.m.c.IdSlotBasedCommandFetcher:[67] - Fetch commands: 0 success, cost: 0ms, totalSlot: 1, currentSlotIndex: 0
[INFO] 2025-10-13 11:04:04.148 +0800 o.a.d.s.m.r.t.TaskGroupCoordinator:[187] - Success amend TaskGroupQueue status cost: 0/ms
[INFO] 2025-10-13 11:04:04.148 +0800 o.a.d.s.m.r.t.TaskGroupCoordinator:[241] - Success deal with force start TaskGroupQueue cost: 0/ms
[INFO] 2025-10-13 11:04:04.148 +0800 o.a.d.s.m.r.t.TaskGroupCoordinator:[129] - TaskGroupCoordinator round time cost: 1/ms
[INFO] 2025-10-13 11:04:04.170 +0800 o.a.d.s.m.c.IdSlotBasedCommandFetcher:[67] - Fetch commands: 0 success, cost: 0ms, totalSlot: 1, currentSlotIndex: 0
[INFO] 2025-10-13 11:04:05.238 +0800 o.a.d.s.m.c.IdSlotBasedCommandFetcher:[67] - Fetch commands: 0 success, cost: 0ms, totalSlot: 1, currentSlotIndex: 0
[INFO] 2025-10-13 11:04:06.378 +0800 o.a.d.s.m.c.IdSlotBasedCommandFetcher:[67] - Fetch commands: 0 success, cost: 0ms, totalSlot: 1, currentSlotIndex: 0
[INFO] 2025-10-13 11:04:07.380 +0800 o.a.d.s.m.c.IdSlotBasedCommandFetcher:[67] - Fetch commands: 0 success, cost: 0ms, totalSlot: 1, currentSlotIndex: 0
[INFO] 2025-10-13 11:04:08.380 +0800 o.a.d.s.m.c.IdSlotBasedCommandFetcher:[67] - Fetch commands: 0 success, cost: 0ms, totalSlot: 1, currentSlotIndex: 0
[INFO] 2025-10-13 11:04:09.153 +0800 o.a.d.s.m.r.t.TaskGroupCoordinator:[187] - Success amend TaskGroupQueue status cost: 0/ms
[INFO] 2025-10-13 11:04:09.153 +0800 o.a.d.s.m.r.t.TaskGroupCoordinator:[241] - Success deal with force start TaskGroupQueue cost: 0/ms
[INFO] 2025-10-13 11:04:09.154 +0800 o.a.d.s.m.r.t.TaskGroupCoordinator:[129] - TaskGroupCoordinator round time cost: 0/ms
[INFO] 2025-10-13 11:04:09.380 +0800 o.a.d.s.m.c.IdSlotBasedCommandFetcher:[67] - Fetch commands: 0 success, cost: 0ms, totalSlot: 1, currentSlotIndex: 0
[INFO] 2025-10-13 11:04:10.388 +0800 o.a.d.s.m.c.IdSlotBasedCommandFetcher:[67] - Fetch commands: 0 success, cost: 0ms, totalSlot: 1, currentSlotIndex: 0
[INFO] 2025-10-13 11:04:11.389 +0800 o.a.d.s.m.c.IdSlotBasedCommandFetcher:[67] - Fetch commands: 0 success, cost: 0ms, totalSlot: 1, currentSlotIndex: 0
[INFO] 2025-10-13 11:04:12.390 +0800 o.a.d.s.m.c.IdSlotBasedCommandFetcher:[67] - Fetch commands: 0 success, cost: 0ms, totalSlot: 1, currentSlotIndex: 0
[INFO] 2025-10-13 11:04:13.405 +0800 o.a.d.s.m.c.IdSlotBasedCommandFetcher:[67] - Fetch commands: 0 success, cost: 0ms, totalSlot: 1, currentSlotIndex: 0
[INFO] 2025-10-13 11:04:14.171 +0800 o.a.d.s.m.r.t.TaskGroupCoordinator:[187] - Success amend TaskGroupQueue status cost: 0/ms
[INFO] 2025-10-13 11:04:14.171 +0800 o.a.d.s.m.r.t.TaskGroupCoordinator:[241] - Success deal with force start TaskGroupQueue cost: 0/ms
[INFO] 2025-10-13 11:04:14.172 +0800 o.a.d.s.m.r.t.TaskGroupCoordinator:[129] - TaskGroupCoordinator round time cost: 0/ms
[INFO] 2025-10-13 11:04:14.414 +0800 o.a.d.s.m.c.IdSlotBasedCommandFetcher:[67] - Fetch commands: 0 success, cost: 0ms, totalSlot: 1, currentSlotIndex: 0
[INFO] 2025-10-13 11:04:15.415 +0800 o.a.d.s.m.c.IdSlotBasedCommandFetcher:[67] - Fetch commands: 0 success, cost: 0ms, totalSlot: 1, currentSlotIndex: 0
[INFO] 2025-10-13 11:04:16.418 +0800 o.a.d.s.m.c.IdSlotBasedCommandFetcher:[67] - Fetch commands: 0 success, cost: 0ms, totalSlot: 1, currentSlotIndex: 0
[INFO] 2025-10-13 11:04:17.420 +0800 o.a.d.s.m.c.IdSlotBasedCommandFetcher:[67] - Fetch commands: 0 success, cost: 0ms, totalSlot: 1, currentSlotIndex: 0
[INFO] 2025-10-13 11:04:18.421 +0800 o.a.d.s.m.c.IdSlotBasedCommandFetcher:[67] - Fetch commands: 0 success, cost: 0ms, totalSlot: 1, currentSlotIndex: 0
[INFO] 2025-10-13 11:04:19.176 +0800 o.a.d.s.m.r.t.TaskGroupCoordinator:[187] - Success amend TaskGroupQueue status cost: 0/ms
[INFO] 2025-10-13 11:04:19.177 +0800 o.a.d.s.m.r.t.TaskGroupCoordinator:[241] - Success deal with force start TaskGroupQueue cost: 0/ms
[INFO] 2025-10-13 11:04:19.177 +0800 o.a.d.s.m.r.t.TaskGroupCoordinator:[129] - TaskGroupCoordinator round time cost: 0/ms
[INFO] 2025-10-13 11:04:19.421 +0800 o.a.d.s.m.c.IdSlotBasedCommandFetcher:[67] - Fetch commands: 0 success, cost: 0ms, totalSlot: 1, currentSlotIndex: 0
[INFO] 2025-10-13 11:04:20.560 +0800 o.a.d.s.m.c.IdSlotBasedCommandFetcher:[67] - Fetch commands: 0 success, cost: 0ms, totalSlot: 1, currentSlotIndex: 0
[INFO] 2025-10-13 11:04:21.562 +0800 o.a.d.s.m.c.IdSlotBasedCommandFetcher:[67] - Fetch commands: 0 success, cost: 0ms, totalSlot: 1, currentSlotIndex: 0
[INFO] 2025-10-13 11:04:22.562 +0800 o.a.d.s.m.c.IdSlotBasedCommandFetcher:[67] - Fetch commands: 0 success, cost: 0ms, totalSlot: 1, currentSlotIndex: 0
[INFO] 2025-10-13 11:04:23.562 +0800 o.a.d.s.m.c.IdSlotBasedCommandFetcher:[67] - Fetch commands: 0 success, cost: 0ms, totalSlot: 1, currentSlotIndex: 0
[INFO] 2025-10-13 11:04:24.180 +0800 o.a.d.s.m.r.t.TaskGroupCoordinator:[187] - Success amend TaskGroupQueue status cost: 0/ms
[INFO] 2025-10-13 11:04:24.181 +0800 o.a.d.s.m.r.t.TaskGroupCoordinator:[241] - Success deal with force start TaskGroupQueue cost: 0/ms
[INFO] 2025-10-13 11:04:24.181 +0800 o.a.d.s.m.r.t.TaskGroupCoordinator:[129] - TaskGroupCoordinator round time cost: 0/ms
[INFO] 2025-10-13 11:04:24.563 +0800 o.a.d.s.m.c.IdSlotBasedCommandFetcher:[67] - Fetch commands: 0 success, cost: 0ms, totalSlot: 1, currentSlotIndex: 0
[INFO] 2025-10-13 11:04:25.563 +0800 o.a.d.s.m.c.IdSlotBasedCommandFetcher:[67] - Fetch commands: 0 success, cost: 0ms, totalSlot: 1, currentSlotIndex: 0
[INFO] 2025-10-13 11:04:26.564 +0800 o.a.d.s.m.c.IdSlotBasedCommandFetcher:[67] - Fetch commands: 0 success, cost: 0ms, totalSlot: 1, currentSlotIndex: 0
[INFO] 2025-10-13 11:04:27.564 +0800 o.a.d.s.m.c.IdSlotBasedCommandFetcher:[67] - Fetch commands: 0 success, cost: 0ms, totalSlot: 1, currentSlotIndex: 0
[INFO] 2025-10-13 11:04:28.565 +0800 o.a.d.s.m.c.IdSlotBasedCommandFetcher:[67] - Fetch commands: 0 success, cost: 0ms, totalSlot: 1, currentSlotIndex: 0
[INFO] 2025-10-13 11:04:29.190 +0800 o.a.d.s.m.r.t.TaskGroupCoordinator:[187] - Success amend TaskGroupQueue status cost: 0/ms
[INFO] 2025-10-13 11:04:29.191 +0800 o.a.d.s.m.r.t.TaskGroupCoordinator:[241] - Success deal with force start TaskGroupQueue cost: 0/ms
[INFO] 2025-10-13 11:04:29.191 +0800 o.a.d.s.m.r.t.TaskGroupCoordinator:[129] - TaskGroupCoordinator round time cost: 0/ms
[INFO] 2025-10-13 11:04:29.567 +0800 o.a.d.s.m.c.IdSlotBasedCommandFetcher:[67] - Fetch commands: 0 success, cost: 0ms, totalSlot: 1, currentSlotIndex: 0
[INFO] 2025-10-13 11:04:30.568 +0800 o.a.d.s.m.c.IdSlotBasedCommandFetcher:[67] - Fetch commands: 0 success, cost: 0ms, totalSlot: 1, currentSlotIndex: 0
[INFO] 2025-10-13 11:04:31.568 +0800 o.a.d.s.m.c.IdSlotBasedCommandFetcher:[67] - Fetch commands: 0 success, cost: 0ms, totalSlot: 1, currentSlotIndex: 0
[INFO] 2025-10-13 11:04:32.568 +0800 o.a.d.s.m.c.IdSlotBasedCommandFetcher:[67] - Fetch commands: 0 success, cost: 0ms, totalSlot: 1, currentSlotIndex: 0
[INFO] 2025-10-13 11:04:33.575 +0800 o.a.d.s.m.c.IdSlotBasedCommandFetcher:[67] - Fetch commands: 0 success, cost: 0ms, totalSlot: 1, currentSlotIndex: 0
[INFO] 2025-10-13 11:04:34.195 +0800 o.a.d.s.m.r.t.TaskGroupCoordinator:[187] - Success amend TaskGroupQueue status cost: 0/ms
[INFO] 2025-10-13 11:04:34.195 +0800 o.a.d.s.m.r.t.TaskGroupCoordinator:[241] - Success deal with force start TaskGroupQueue cost: 0/ms
[INFO] 2025-10-13 11:04:34.195 +0800 o.a.d.s.m.r.t.TaskGroupCoordinator:[129] - TaskGroupCoordinator round time cost: 0/ms
[INFO] 2025-10-13 11:04:34.576 +0800 o.a.d.s.m.c.IdSlotBasedCommandFetcher:[67] - Fetch commands: 0 success, cost: 0ms, totalSlot: 1, currentSlotIndex: 0
[INFO] 2025-10-13 11:04:35.576 +0800 o.a.d.s.m.c.IdSlotBasedCommandFetcher:[67] - Fetch commands: 0 success, cost: 0ms, totalSlot: 1, currentSlotIndex: 0
[INFO] 2025-10-13 11:04:36.576 +0800 o.a.d.s.m.c.IdSlotBasedCommandFetcher:[67] - Fetch commands: 0 success, cost: 0ms, totalSlot: 1, currentSlotIndex: 0
[INFO] 2025-10-13 11:04:37.583 +0800 o.a.d.s.m.c.IdSlotBasedCommandFetcher:[67] - Fetch commands: 0 success, cost: 0ms, totalSlot: 1, currentSlotIndex: 0
[INFO] 2025-10-13 11:04:38.583 +0800 o.a.d.s.m.c.IdSlotBasedCommandFetcher:[67] - Fetch commands: 0 success, cost: 0ms, totalSlot: 1, currentSlotIndex: 0
[INFO] 2025-10-13 11:04:39.200 +0800 o.a.d.s.m.r.t.TaskGroupCoordinator:[187] - Success amend TaskGroupQueue status cost: 0/ms
[INFO] 2025-10-13 11:04:39.200 +0800 o.a.d.s.m.r.t.TaskGroupCoordinator:[241] - Success deal with force start TaskGroupQueue cost: 0/ms
[INFO] 2025-10-13 11:04:39.200 +0800 o.a.d.s.m.r.t.TaskGroupCoordinator:[129] - TaskGroupCoordinator round time cost: 0/ms
[INFO] 2025-10-13 11:04:39.583 +0800 o.a.d.s.m.c.IdSlotBasedCommandFetcher:[67] - Fetch commands: 0 success, cost: 0ms, totalSlot: 1, currentSlotIndex: 0
[INFO] 2025-10-13 11:04:40.584 +0800 o.a.d.s.m.c.IdSlotBasedCommandFetcher:[67] - Fetch commands: 0 success, cost: 0ms, totalSlot: 1, currentSlotIndex: 0
[INFO] 2025-10-13 11:04:41.585 +0800 o.a.d.s.m.c.IdSlotBasedCommandFetcher:[67] - Fetch commands: 0 success, cost: 0ms, totalSlot: 1, currentSlotIndex: 0
[INFO] 2025-10-13 11:04:42.586 +0800 o.a.d.s.m.c.IdSlotBasedCommandFetcher:[67] - Fetch commands: 0 success, cost: 0ms, totalSlot: 1, currentSlotIndex: 0
[INFO] 2025-10-13 11:04:43.586 +0800 o.a.d.s.m.c.IdSlotBasedCommandFetcher:[67] - Fetch commands: 0 success, cost: 0ms, totalSlot: 1, currentSlotIndex: 0
[INFO] 2025-10-13 11:04:44.210 +0800 o.a.d.s.m.r.t.TaskGroupCoordinator:[187] - Success amend TaskGroupQueue status cost: 0/ms
[INFO] 2025-10-13 11:04:44.210 +0800 o.a.d.s.m.r.t.TaskGroupCoordinator:[241] - Success deal with force start TaskGroupQueue cost: 0/ms
[INFO] 2025-10-13 11:04:44.210 +0800 o.a.d.s.m.r.t.TaskGroupCoordinator:[129] - TaskGroupCoordinator round time cost: 0/ms
[INFO] 2025-10-13 11:04:44.586 +0800 o.a.d.s.m.c.IdSlotBasedCommandFetcher:[67] - Fetch commands: 0 success, cost: 0ms, totalSlot: 1, currentSlotIndex: 0
[INFO] 2025-10-13 11:04:45.587 +0800 o.a.d.s.m.c.IdSlotBasedCommandFetcher:[67] - Fetch commands: 0 success, cost: 0ms, totalSlot: 1, currentSlotIndex: 0
[INFO] 2025-10-13 11:04:46.587 +0800 o.a.d.s.m.c.IdSlotBasedCommandFetcher:[67] - Fetch commands: 0 success, cost: 0ms, totalSlot: 1, currentSlotIndex: 0
[INFO] 2025-10-13 11:04:47.588 +0800 o.a.d.s.m.c.IdSlotBasedCommandFetcher:[67] - Fetch commands: 0 success, cost: 0ms, totalSlot: 1, currentSlotIndex: 0
[INFO] 2025-10-13 11:04:48.595 +0800 o.a.d.s.m.c.IdSlotBasedCommandFetcher:[67] - Fetch commands: 0 success, cost: 0ms, totalSlot: 1, currentSlotIndex: 0
[INFO] 2025-10-13 11:04:49.219 +0800 o.a.d.s.m.r.t.TaskGroupCoordinator:[187] - Success amend TaskGroupQueue status cost: 0/ms
[INFO] 2025-10-13 11:04:49.219 +0800 o.a.d.s.m.r.t.TaskGroupCoordinator:[241] - Success deal with force start TaskGroupQueue cost: 0/ms
[INFO] 2025-10-13 11:04:49.219 +0800 o.a.d.s.m.r.t.TaskGroupCoordinator:[129] - TaskGroupCoordinator round time cost: 0/ms
[INFO] 2025-10-13 11:04:49.595 +0800 o.a.d.s.m.c.IdSlotBasedCommandFetcher:[67] - Fetch commands: 0 success, cost: 0ms, totalSlot: 1, currentSlotIndex: 0
[INFO] 2025-10-13 11:04:50.596 +0800 o.a.d.s.m.c.IdSlotBasedCommandFetcher:[67] - Fetch commands: 0 success, cost: 0ms, totalSlot: 1, currentSlotIndex: 0
[INFO] 2025-10-13 11:04:51.596 +0800 o.a.d.s.m.c.IdSlotBasedCommandFetcher:[67] - Fetch commands: 0 success, cost: 0ms, totalSlot: 1, currentSlotIndex: 0
[INFO] 2025-10-13 11:04:52.609 +0800 o.a.d.s.m.c.IdSlotBasedCommandFetcher:[67] - Fetch commands: 0 success, cost: 0ms, totalSlot: 1, currentSlotIndex: 0
[INFO] 2025-10-13 11:04:53.612 +0800 o.a.d.s.m.c.IdSlotBasedCommandFetcher:[67] - Fetch commands: 0 success, cost: 0ms, totalSlot: 1, currentSlotIndex: 0
[INFO] 2025-10-13 11:04:54.224 +0800 o.a.d.s.m.r.t.TaskGroupCoordinator:[187] - Success amend TaskGroupQueue status cost: 0/ms
[INFO] 2025-10-13 11:04:54.224 +0800 o.a.d.s.m.r.t.TaskGroupCoordinator:[241] - Success deal with force start TaskGroupQueue cost: 0/ms
[INFO] 2025-10-13 11:04:54.224 +0800 o.a.d.s.m.r.t.TaskGroupCoordinator:[129] - TaskGroupCoordinator round time cost: 0/ms
[INFO] 2025-10-13 11:04:54.616 +0800 o.a.d.s.m.c.IdSlotBasedCommandFetcher:[67] - Fetch commands: 0 success, cost: 0ms, totalSlot: 1, currentSlotIndex: 0
[INFO] 2025-10-13 11:04:55.627 +0800 o.a.d.s.m.c.IdSlotBasedCommandFetcher:[67] - Fetch commands: 0 success, cost: 0ms, totalSlot: 1, currentSlotIndex: 0
[INFO] 2025-10-13 11:04:56.628 +0800 o.a.d.s.m.c.IdSlotBasedCommandFetcher:[67] - Fetch commands: 0 success, cost: 0ms, totalSlot: 1, currentSlotIndex: 0
[INFO] 2025-10-13 11:04:57.628 +0800 o.a.d.s.m.c.IdSlotBasedCommandFetcher:[67] - Fetch commands: 0 success, cost: 0ms, totalSlot: 1, currentSlotIndex: 0
[INFO] 2025-10-13 11:04:58.628 +0800 o.a.d.s.m.c.IdSlotBasedCommandFetcher:[67] - Fetch commands: 0 success, cost: 0ms, totalSlot: 1, currentSlotIndex: 0
[INFO] 2025-10-13 11:04:59.243 +0800 o.a.d.s.m.r.t.TaskGroupCoordinator:[187] - Success amend TaskGroupQueue status cost: 0/ms
[INFO] 2025-10-13 11:04:59.243 +0800 o.a.d.s.m.r.t.TaskGroupCoordinator:[241] - Success deal with force start TaskGroupQueue cost: 0/ms
[INFO] 2025-10-13 11:04:59.243 +0800 o.a.d.s.m.r.t.TaskGroupCoordinator:[129] - TaskGroupCoordinator round time cost: 0/ms
[INFO] 2025-10-13 11:04:59.629 +0800 o.a.d.s.m.c.IdSlotBasedCommandFetcher:[67] - Fetch commands: 0 success, cost: 0ms, totalSlot: 1, currentSlotIndex: 0
[INFO] 2025-10-13 11:05:00.630 +0800 o.a.d.s.m.c.IdSlotBasedCommandFetcher:[67] - Fetch commands: 0 success, cost: 0ms, totalSlot: 1, currentSlotIndex: 0
[INFO] 2025-10-13 11:05:01.818 +0800 o.a.d.s.m.c.IdSlotBasedCommandFetcher:[67] - Fetch commands: 0 success, cost: 0ms, totalSlot: 1, currentSlotIndex: 0
[INFO] 2025-10-13 11:05:02.939 +0800 o.a.d.s.m.c.IdSlotBasedCommandFetcher:[67] - Fetch commands: 0 success, cost: 0ms, totalSlot: 1, currentSlotIndex: 0
[INFO] 2025-10-13 11:05:03.939 +0800 o.a.d.s.m.c.IdSlotBasedCommandFetcher:[67] - Fetch commands: 0 success, cost: 0ms, totalSlot: 1, currentSlotIndex: 0
[INFO] 2025-10-13 11:05:04.249 +0800 o.a.d.s.m.r.t.TaskGroupCoordinator:[187] - Success amend TaskGroupQueue status cost: 0/ms
[INFO] 2025-10-13 11:05:04.249 +0800 o.a.d.s.m.r.t.TaskGroupCoordinator:[241] - Success deal with force start TaskGroupQueue cost: 0/ms
[INFO] 2025-10-13 11:05:04.249 +0800 o.a.d.s.m.r.t.TaskGroupCoordinator:[129] - TaskGroupCoordinator round time cost: 0/ms
[INFO] 2025-10-13 11:05:04.940 +0800 o.a.d.s.m.c.IdSlotBasedCommandFetcher:[67] - Fetch commands: 0 success, cost: 0ms, totalSlot: 1, currentSlotIndex: 0
[INFO] 2025-10-13 11:05:05.940 +0800 o.a.d.s.m.c.IdSlotBasedCommandFetcher:[67] - Fetch commands: 0 success, cost: 0ms, totalSlot: 1, currentSlotIndex: 0
[INFO] 2025-10-13 11:05:06.941 +0800 o.a.d.s.m.c.IdSlotBasedCommandFetcher:[67] - Fetch commands: 0 success, cost: 0ms, totalSlot: 1, currentSlotIndex: 0
[INFO] 2025-10-13 11:05:07.941 +0800 o.a.d.s.m.c.IdSlotBasedCommandFetcher:[67] - Fetch commands: 0 success, cost: 0ms, totalSlot: 1, currentSlotIndex: 0
[INFO] 2025-10-13 11:05:08.956 +0800 o.a.d.s.m.c.IdSlotBasedCommandFetcher:[67] - Fetch commands: 0 success, cost: 0ms, totalSlot: 1, currentSlotIndex: 0
[INFO] 2025-10-13 11:05:09.254 +0800 o.a.d.s.m.r.t.TaskGroupCoordinator:[187] - Success amend TaskGroupQueue status cost: 0/ms
[INFO] 2025-10-13 11:05:09.254 +0800 o.a.d.s.m.r.t.TaskGroupCoordinator:[241] - Success deal with force start TaskGroupQueue cost: 0/ms
[INFO] 2025-10-13 11:05:09.254 +0800 o.a.d.s.m.r.t.TaskGroupCoordinator:[129] - TaskGroupCoordinator round time cost: 0/ms
[INFO] 2025-10-13 11:05:09.957 +0800 o.a.d.s.m.c.IdSlotBasedCommandFetcher:[67] - Fetch commands: 0 success, cost: 0ms, totalSlot: 1, currentSlotIndex: 0
[INFO] 2025-10-13 11:05:10.958 +0800 o.a.d.s.m.c.IdSlotBasedCommandFetcher:[67] - Fetch commands: 0 success, cost: 0ms, totalSlot: 1, currentSlotIndex: 0
[INFO] 2025-10-13 11:05:11.969 +0800 o.a.d.s.m.c.IdSlotBasedCommandFetcher:[67] - Fetch commands: 0 success, cost: 0ms, totalSlot: 1, currentSlotIndex: 0
[INFO] 2025-10-13 11:05:12.970 +0800 o.a.d.s.m.c.IdSlotBasedCommandFetcher:[67] - Fetch commands: 0 success, cost: 0ms, totalSlot: 1, currentSlotIndex: 0
[INFO] 2025-10-13 11:05:13.985 +0800 o.a.d.s.m.c.IdSlotBasedCommandFetcher:[67] - Fetch commands: 0 success, cost: 0ms, totalSlot: 1, currentSlotIndex: 0
[INFO] 2025-10-13 11:05:14.258 +0800 o.a.d.s.m.r.t.TaskGroupCoordinator:[187] - Success amend TaskGroupQueue status cost: 0/ms
[INFO] 2025-10-13 11:05:14.259 +0800 o.a.d.s.m.r.t.TaskGroupCoordinator:[241] - Success deal with force start TaskGroupQueue cost: 0/ms
[INFO] 2025-10-13 11:05:14.259 +0800 o.a.d.s.m.r.t.TaskGroupCoordinator:[129] - TaskGroupCoordinator round time cost: 1/ms
[INFO] 2025-10-13 11:05:14.986 +0800 o.a.d.s.m.c.IdSlotBasedCommandFetcher:[67] - Fetch commands: 0 success, cost: 0ms, totalSlot: 1, currentSlotIndex: 0
[INFO] 2025-10-13 11:05:15.987 +0800 o.a.d.s.m.c.IdSlotBasedCommandFetcher:[67] - Fetch commands: 0 success, cost: 0ms, totalSlot: 1, currentSlotIndex: 0
[INFO] 2025-10-13 11:05:17.134 +0800 o.a.d.s.m.c.IdSlotBasedCommandFetcher:[67] - Fetch commands: 0 success, cost: 0ms, totalSlot: 1, currentSlotIndex: 0
[INFO] 2025-10-13 11:05:18.209 +0800 o.a.d.s.m.c.IdSlotBasedCommandFetcher:[67] - Fetch commands: 0 success, cost: 0ms, totalSlot: 1, currentSlotIndex: 0
[INFO] 2025-10-13 11:05:19.265 +0800 o.a.d.s.m.r.t.TaskGroupCoordinator:[187] - Success amend TaskGroupQueue status cost: 0/ms
[INFO] 2025-10-13 11:05:19.265 +0800 o.a.d.s.m.r.t.TaskGroupCoordinator:[241] - Success deal with force start TaskGroupQueue cost: 0/ms
[INFO] 2025-10-13 11:05:19.265 +0800 o.a.d.s.m.r.t.TaskGroupCoordinator:[129] - TaskGroupCoordinator round time cost: 0/ms
[INFO] 2025-10-13 11:05:19.282 +0800 o.a.d.s.m.c.IdSlotBasedCommandFetcher:[67] - Fetch commands: 0 success, cost: 0ms, totalSlot: 1, currentSlotIndex: 0
[INFO] 2025-10-13 11:05:20.360 +0800 o.a.d.s.m.c.IdSlotBasedCommandFetcher:[67] - Fetch commands: 0 success, cost: 1ms, totalSlot: 1, currentSlotIndex: 0
[INFO] 2025-10-13 11:05:21.429 +0800 o.a.d.s.m.c.IdSlotBasedCommandFetcher:[67] - Fetch commands: 0 success, cost: 0ms, totalSlot: 1, currentSlotIndex: 0
[INFO] 2025-10-13 11:05:22.499 +0800 o.a.d.s.m.c.IdSlotBasedCommandFetcher:[67] - Fetch commands: 0 success, cost: 0ms, totalSlot: 1, currentSlotIndex: 0
[INFO] 2025-10-13 11:05:23.567 +0800 o.a.d.s.m.c.IdSlotBasedCommandFetcher:[67] - Fetch commands: 0 success, cost: 0ms, totalSlot: 1, currentSlotIndex: 0
[INFO] 2025-10-13 11:05:24.270 +0800 o.a.d.s.m.r.t.TaskGroupCoordinator:[187] - Success amend TaskGroupQueue status cost: 0/ms
[INFO] 2025-10-13 11:05:24.271 +0800 o.a.d.s.m.r.t.TaskGroupCoordinator:[241] - Success deal with force start TaskGroupQueue cost: 0/ms
[INFO] 2025-10-13 11:05:24.271 +0800 o.a.d.s.m.r.t.TaskGroupCoordinator:[129] - TaskGroupCoordinator round time cost: 0/ms
[INFO] 2025-10-13 11:05:24.637 +0800 o.a.d.s.m.c.IdSlotBasedCommandFetcher:[67] - Fetch commands: 0 success, cost: 0ms, totalSlot: 1, currentSlotIndex: 0
[INFO] 2025-10-13 11:05:25.709 +0800 o.a.d.s.m.c.IdSlotBasedCommandFetcher:[67] - Fetch commands: 0 success, cost: 0ms, totalSlot: 1, currentSlotIndex: 0
[INFO] 2025-10-13 11:05:26.778 +0800 o.a.d.s.m.c.IdSlotBasedCommandFetcher:[67] - Fetch commands: 0 success, cost: 0ms, totalSlot: 1, currentSlotIndex: 0
[INFO] 2025-10-13 11:05:27.863 +0800 o.a.d.s.m.c.IdSlotBasedCommandFetcher:[67] - Fetch commands: 0 success, cost: 0ms, totalSlot: 1, currentSlotIndex: 0
[INFO] 2025-10-13 11:05:28.995 +0800 o.a.d.s.m.c.IdSlotBasedCommandFetcher:[67] - Fetch commands: 0 success, cost: 0ms, totalSlot: 1, currentSlotIndex: 0
[INFO] 2025-10-13 11:05:29.276 +0800 o.a.d.s.m.r.t.TaskGroupCoordinator:[187] - Success amend TaskGroupQueue status cost: 0/ms
[INFO] 2025-10-13 11:05:29.276 +0800 o.a.d.s.m.r.t.TaskGroupCoordinator:[241] - Success deal with force start TaskGroupQueue cost: 0/ms
[INFO] 2025-10-13 11:05:29.276 +0800 o.a.d.s.m.r.t.TaskGroupCoordinator:[129] - TaskGroupCoordinator round time cost: 0/ms
[INFO] 2025-10-13 11:05:29.996 +0800 o.a.d.s.m.c.IdSlotBasedCommandFetcher:[67] - Fetch commands: 0 success, cost: 0ms, totalSlot: 1, currentSlotIndex: 0
[INFO] 2025-10-13 11:05:30.996 +0800 o.a.d.s.m.c.IdSlotBasedCommandFetcher:[67] - Fetch commands: 0 success, cost: 0ms, totalSlot: 1, currentSlotIndex: 0
[INFO] 2025-10-13 11:05:31.997 +0800 o.a.d.s.m.c.IdSlotBasedCommandFetcher:[67] - Fetch commands: 0 success, cost: 0ms, totalSlot: 1, currentSlotIndex: 0
[INFO] 2025-10-13 11:05:32.998 +0800 o.a.d.s.m.c.IdSlotBasedCommandFetcher:[67] - Fetch commands: 0 success, cost: 0ms, totalSlot: 1, currentSlotIndex: 0
[INFO] 2025-10-13 11:05:33.998 +0800 o.a.d.s.m.c.IdSlotBasedCommandFetcher:[67] - Fetch commands: 0 success, cost: 0ms, totalSlot: 1, currentSlotIndex: 0
[INFO] 2025-10-13 11:05:34.280 +0800 o.a.d.s.m.r.t.TaskGroupCoordinator:[187] - Success amend TaskGroupQueue status cost: 0/ms
[INFO] 2025-10-13 11:05:34.280 +0800 o.a.d.s.m.r.t.TaskGroupCoordinator:[241] - Success deal with force start TaskGroupQueue cost: 0/ms
[INFO] 2025-10-13 11:05:34.280 +0800 o.a.d.s.m.r.t.TaskGroupCoordinator:[129] - TaskGroupCoordinator round time cost: 0/ms
[INFO] 2025-10-13 11:05:34.998 +0800 o.a.d.s.m.c.IdSlotBasedCommandFetcher:[67] - Fetch commands: 0 success, cost: 0ms, totalSlot: 1, currentSlotIndex: 0
[INFO] 2025-10-13 11:05:35.998 +0800 o.a.d.s.m.c.IdSlotBasedCommandFetcher:[67] - Fetch commands: 0 success, cost: 0ms, totalSlot: 1, currentSlotIndex: 0
[INFO] 2025-10-13 11:05:36.999 +0800 o.a.d.s.m.c.IdSlotBasedCommandFetcher:[67] - Fetch commands: 0 success, cost: 0ms, totalSlot: 1, currentSlotIndex: 0
[INFO] 2025-10-13 11:05:38.006 +0800 o.a.d.s.m.c.IdSlotBasedCommandFetcher:[67] - Fetch commands: 0 success, cost: 1ms, totalSlot: 1, currentSlotIndex: 0
[INFO] 2025-10-13 11:05:39.007 +0800 o.a.d.s.m.c.IdSlotBasedCommandFetcher:[67] - Fetch commands: 0 success, cost: 0ms, totalSlot: 1, currentSlotIndex: 0
[INFO] 2025-10-13 11:05:39.286 +0800 o.a.d.s.m.r.t.TaskGroupCoordinator:[187] - Success amend TaskGroupQueue status cost: 0/ms
[INFO] 2025-10-13 11:05:39.286 +0800 o.a.d.s.m.r.t.TaskGroupCoordinator:[241] - Success deal with force start TaskGroupQueue cost: 0/ms
[INFO] 2025-10-13 11:05:39.286 +0800 o.a.d.s.m.r.t.TaskGroupCoordinator:[129] - TaskGroupCoordinator round time cost: 1/ms
[INFO] 2025-10-13 11:05:40.014 +0800 o.a.d.s.m.c.IdSlotBasedCommandFetcher:[67] - Fetch commands: 0 success, cost: 0ms, totalSlot: 1, currentSlotIndex: 0
[INFO] 2025-10-13 11:05:41.014 +0800 o.a.d.s.m.c.IdSlotBasedCommandFetcher:[67] - Fetch commands: 0 success, cost: 0ms, totalSlot: 1, currentSlotIndex: 0
[INFO] 2025-10-13 11:05:42.014 +0800 o.a.d.s.m.c.IdSlotBasedCommandFetcher:[67] - Fetch commands: 0 success, cost: 0ms, totalSlot: 1, currentSlotIndex: 0
[INFO] 2025-10-13 11:05:43.110 +0800 o.a.d.s.m.c.IdSlotBasedCommandFetcher:[67] - Fetch commands: 0 success, cost: 0ms, totalSlot: 1, currentSlotIndex: 0
[INFO] 2025-10-13 11:05:44.268 +0800 o.a.d.s.m.c.IdSlotBasedCommandFetcher:[67] - Fetch commands: 0 success, cost: 0ms, totalSlot: 1, currentSlotIndex: 0
[INFO] 2025-10-13 11:05:44.296 +0800 o.a.d.s.m.r.t.TaskGroupCoordinator:[187] - Success amend TaskGroupQueue status cost: 0/ms
[INFO] 2025-10-13 11:05:44.296 +0800 o.a.d.s.m.r.t.TaskGroupCoordinator:[241] - Success deal with force start TaskGroupQueue cost: 0/ms
[INFO] 2025-10-13 11:05:44.296 +0800 o.a.d.s.m.r.t.TaskGroupCoordinator:[129] - TaskGroupCoordinator round time cost: 0/ms
[INFO] 2025-10-13 11:05:45.268 +0800 o.a.d.s.m.c.IdSlotBasedCommandFetcher:[67] - Fetch commands: 0 success, cost: 0ms, totalSlot: 1, currentSlotIndex: 0
[INFO] 2025-10-13 11:05:46.268 +0800 o.a.d.s.m.c.IdSlotBasedCommandFetcher:[67] - Fetch commands: 0 success, cost: 0ms, totalSlot: 1, currentSlotIndex: 0
[INFO] 2025-10-13 11:05:47.269 +0800 o.a.d.s.m.c.IdSlotBasedCommandFetcher:[67] - Fetch commands: 0 success, cost: 0ms, totalSlot: 1, currentSlotIndex: 0
[INFO] 2025-10-13 11:05:48.269 +0800 o.a.d.s.m.c.IdSlotBasedCommandFetcher:[67] - Fetch commands: 0 success, cost: 0ms, totalSlot: 1, currentSlotIndex: 0
[INFO] 2025-10-13 11:05:49.270 +0800 o.a.d.s.m.c.IdSlotBasedCommandFetcher:[67] - Fetch commands: 0 success, cost: 0ms, totalSlot: 1, currentSlotIndex: 0
[INFO] 2025-10-13 11:05:49.302 +0800 o.a.d.s.m.r.t.TaskGroupCoordinator:[187] - Success amend TaskGroupQueue status cost: 0/ms
[INFO] 2025-10-13 11:05:49.302 +0800 o.a.d.s.m.r.t.TaskGroupCoordinator:[241] - Success deal with force start TaskGroupQueue cost: 0/ms
[INFO] 2025-10-13 11:05:49.302 +0800 o.a.d.s.m.r.t.TaskGroupCoordinator:[129] - TaskGroupCoordinator round time cost: 0/ms
[INFO] 2025-10-13 11:05:50.270 +0800 o.a.d.s.m.c.IdSlotBasedCommandFetcher:[67] - Fetch commands: 0 success, cost: 0ms, totalSlot: 1, currentSlotIndex: 0
[INFO] 2025-10-13 11:05:51.270 +0800 o.a.d.s.m.c.IdSlotBasedCommandFetcher:[67] - Fetch commands: 0 success, cost: 0ms, totalSlot: 1, currentSlotIndex: 0
[INFO] 2025-10-13 11:05:52.270 +0800 o.a.d.s.m.c.IdSlotBasedCommandFetcher:[67] - Fetch commands: 0 success, cost: 0ms, totalSlot: 1, currentSlotIndex: 0
[INFO] 2025-10-13 11:05:53.270 +0800 o.a.d.s.m.c.IdSlotBasedCommandFetcher:[67] - Fetch commands: 0 success, cost: 0ms, totalSlot: 1, currentSlotIndex: 0
[INFO] 2025-10-13 11:05:54.271 +0800 o.a.d.s.m.c.IdSlotBasedCommandFetcher:[67] - Fetch commands: 0 success, cost: 0ms, totalSlot: 1, currentSlotIndex: 0
[INFO] 2025-10-13 11:05:54.307 +0800 o.a.d.s.m.r.t.TaskGroupCoordinator:[187] - Success amend TaskGroupQueue status cost: 0/ms
[INFO] 2025-10-13 11:05:54.307 +0800 o.a.d.s.m.r.t.TaskGroupCoordinator:[241] - Success deal with force start TaskGroupQueue cost: 0/ms
[INFO] 2025-10-13 11:05:54.307 +0800 o.a.d.s.m.r.t.TaskGroupCoordinator:[129] - TaskGroupCoordinator round time cost: 0/ms
[INFO] 2025-10-13 11:05:55.272 +0800 o.a.d.s.m.c.IdSlotBasedCommandFetcher:[67] - Fetch commands: 0 success, cost: 0ms, totalSlot: 1, currentSlotIndex: 0
[INFO] 2025-10-13 11:05:56.272 +0800 o.a.d.s.m.c.IdSlotBasedCommandFetcher:[67] - Fetch commands: 0 success, cost: 0ms, totalSlot: 1, currentSlotIndex: 0
[INFO] 2025-10-13 11:05:57.339 +0800 o.a.d.s.m.c.IdSlotBasedCommandFetcher:[67] - Fetch commands: 0 success, cost: 0ms, totalSlot: 1, currentSlotIndex: 0
[INFO] 2025-10-13 11:05:58.408 +0800 o.a.d.s.m.c.IdSlotBasedCommandFetcher:[67] - Fetch commands: 0 success, cost: 1ms, totalSlot: 1, currentSlotIndex: 0
[INFO] 2025-10-13 11:05:59.312 +0800 o.a.d.s.m.r.t.TaskGroupCoordinator:[187] - Success amend TaskGroupQueue status cost: 0/ms
[INFO] 2025-10-13 11:05:59.312 +0800 o.a.d.s.m.r.t.TaskGroupCoordinator:[241] - Success deal with force start TaskGroupQueue cost: 0/ms
[INFO] 2025-10-13 11:05:59.312 +0800 o.a.d.s.m.r.t.TaskGroupCoordinator:[129] - TaskGroupCoordinator round time cost: 0/ms
[INFO] 2025-10-13 11:05:59.475 +0800 o.a.d.s.m.c.IdSlotBasedCommandFetcher:[67] - Fetch commands: 0 success, cost: 0ms, totalSlot: 1, currentSlotIndex: 0
[INFO] 2025-10-13 11:06:00.542 +0800 o.a.d.s.m.c.IdSlotBasedCommandFetcher:[67] - Fetch commands: 0 success, cost: 1ms, totalSlot: 1, currentSlotIndex: 0
[INFO] 2025-10-13 11:06:01.606 +0800 o.a.d.s.m.c.IdSlotBasedCommandFetcher:[67] - Fetch commands: 0 success, cost: 0ms, totalSlot: 1, currentSlotIndex: 0
[INFO] 2025-10-13 11:06:02.674 +0800 o.a.d.s.m.c.IdSlotBasedCommandFetcher:[67] - Fetch commands: 0 success, cost: 0ms, totalSlot: 1, currentSlotIndex: 0
[INFO] 2025-10-13 11:06:03.745 +0800 o.a.d.s.m.c.IdSlotBasedCommandFetcher:[67] - Fetch commands: 0 success, cost: 0ms, totalSlot: 1, currentSlotIndex: 0
[INFO] 2025-10-13 11:06:04.318 +0800 o.a.d.s.m.r.t.TaskGroupCoordinator:[187] - Success amend TaskGroupQueue status cost: 0/ms
[INFO] 2025-10-13 11:06:04.319 +0800 o.a.d.s.m.r.t.TaskGroupCoordinator:[241] - Success deal with force start TaskGroupQueue cost: 0/ms
[INFO] 2025-10-13 11:06:04.319 +0800 o.a.d.s.m.r.t.TaskGroupCoordinator:[129] - TaskGroupCoordinator round time cost: 1/ms
[INFO] 2025-10-13 11:06:04.815 +0800 o.a.d.s.m.c.IdSlotBasedCommandFetcher:[67] - Fetch commands: 0 success, cost: 0ms, totalSlot: 1, currentSlotIndex: 0
[INFO] 2025-10-13 11:06:05.882 +0800 o.a.d.s.m.c.IdSlotBasedCommandFetcher:[67] - Fetch commands: 0 success, cost: 0ms, totalSlot: 1, currentSlotIndex: 0
[INFO] 2025-10-13 11:06:06.950 +0800 o.a.d.s.m.c.IdSlotBasedCommandFetcher:[67] - Fetch commands: 0 success, cost: 0ms, totalSlot: 1, currentSlotIndex: 0
[INFO] 2025-10-13 11:06:08.020 +0800 o.a.d.s.m.c.IdSlotBasedCommandFetcher:[67] - Fetch commands: 0 success, cost: 1ms, totalSlot: 1, currentSlotIndex: 0
[INFO] 2025-10-13 11:06:09.091 +0800 o.a.d.s.m.c.IdSlotBasedCommandFetcher:[67] - Fetch commands: 0 success, cost: 0ms, totalSlot: 1, currentSlotIndex: 0
[INFO] 2025-10-13 11:06:09.323 +0800 o.a.d.s.m.r.t.TaskGroupCoordinator:[187] - Success amend TaskGroupQueue status cost: 0/ms
[INFO] 2025-10-13 11:06:09.324 +0800 o.a.d.s.m.r.t.TaskGroupCoordinator:[241] - Success deal with force start TaskGroupQueue cost: 0/ms
[INFO] 2025-10-13 11:06:09.324 +0800 o.a.d.s.m.r.t.TaskGroupCoordinator:[129] - TaskGroupCoordinator round time cost: 0/ms
[INFO] 2025-10-13 11:06:10.161 +0800 o.a.d.s.m.c.IdSlotBasedCommandFetcher:[67] - Fetch commands: 0 success, cost: 0ms, totalSlot: 1, currentSlotIndex: 0
[INFO] 2025-10-13 11:06:11.162 +0800 o.a.d.s.m.c.IdSlotBasedCommandFetcher:[67] - Fetch commands: 0 success, cost: 0ms, totalSlot: 1, currentSlotIndex: 0
[INFO] 2025-10-13 11:06:12.163 +0800 o.a.d.s.m.c.IdSlotBasedCommandFetcher:[67] - Fetch commands: 0 success, cost: 0ms, totalSlot: 1, currentSlotIndex: 0
[INFO] 2025-10-13 11:06:13.164 +0800 o.a.d.s.m.c.IdSlotBasedCommandFetcher:[67] - Fetch commands: 0 success, cost: 1ms, totalSlot: 1, currentSlotIndex: 0
[INFO] 2025-10-13 11:06:14.164 +0800 o.a.d.s.m.c.IdSlotBasedCommandFetcher:[67] - Fetch commands: 0 success, cost: 0ms, totalSlot: 1, currentSlotIndex: 0
[INFO] 2025-10-13 11:06:14.328 +0800 o.a.d.s.m.r.t.TaskGroupCoordinator:[187] - Success amend TaskGroupQueue status cost: 0/ms
[INFO] 2025-10-13 11:06:14.328 +0800 o.a.d.s.m.r.t.TaskGroupCoordinator:[241] - Success deal with force start TaskGroupQueue cost: 0/ms
[INFO] 2025-10-13 11:06:14.329 +0800 o.a.d.s.m.r.t.TaskGroupCoordinator:[129] - TaskGroupCoordinator round time cost: 0/ms
[INFO] 2025-10-13 11:06:15.164 +0800 o.a.d.s.m.c.IdSlotBasedCommandFetcher:[67] - Fetch commands: 0 success, cost: 0ms, totalSlot: 1, currentSlotIndex: 0
[INFO] 2025-10-13 11:06:16.165 +0800 o.a.d.s.m.c.IdSlotBasedCommandFetcher:[67] - Fetch commands: 0 success, cost: 0ms, totalSlot: 1, currentSlotIndex: 0
[INFO] 2025-10-13 11:06:17.166 +0800 o.a.d.s.m.c.IdSlotBasedCommandFetcher:[67] - Fetch commands: 0 success, cost: 0ms, totalSlot: 1, currentSlotIndex: 0
[INFO] 2025-10-13 11:06:18.167 +0800 o.a.d.s.m.c.IdSlotBasedCommandFetcher:[67] - Fetch commands: 0 success, cost: 0ms, totalSlot: 1, currentSlotIndex: 0
[INFO] 2025-10-13 11:06:19.167 +0800 o.a.d.s.m.c.IdSlotBasedCommandFetcher:[67] - Fetch commands: 0 success, cost: 0ms, totalSlot: 1, currentSlotIndex: 0
[INFO] 2025-10-13 11:06:19.334 +0800 o.a.d.s.m.r.t.TaskGroupCoordinator:[187] - Success amend TaskGroupQueue status cost: 0/ms
[INFO] 2025-10-13 11:06:19.334 +0800 o.a.d.s.m.r.t.TaskGroupCoordinator:[241] - Success deal with force start TaskGroupQueue cost: 0/ms
[INFO] 2025-10-13 11:06:19.334 +0800 o.a.d.s.m.r.t.TaskGroupCoordinator:[129] - TaskGroupCoordinator round time cost: 0/ms
[INFO] 2025-10-13 11:06:20.168 +0800 o.a.d.s.m.c.IdSlotBasedCommandFetcher:[67] - Fetch commands: 0 success, cost: 0ms, totalSlot: 1, currentSlotIndex: 0
[INFO] 2025-10-13 11:06:21.169 +0800 o.a.d.s.m.c.IdSlotBasedCommandFetcher:[67] - Fetch commands: 0 success, cost: 0ms, totalSlot: 1, currentSlotIndex: 0
[INFO] 2025-10-13 11:06:22.169 +0800 o.a.d.s.m.c.IdSlotBasedCommandFetcher:[67] - Fetch commands: 0 success, cost: 0ms, totalSlot: 1, currentSlotIndex: 0
[INFO] 2025-10-13 11:06:23.170 +0800 o.a.d.s.m.c.IdSlotBasedCommandFetcher:[67] - Fetch commands: 0 success, cost: 0ms, totalSlot: 1, currentSlotIndex: 0
[INFO] 2025-10-13 11:06:24.286 +0800 o.a.d.s.m.c.IdSlotBasedCommandFetcher:[67] - Fetch commands: 0 success, cost: 0ms, totalSlot: 1, currentSlotIndex: 0
[INFO] 2025-10-13 11:06:24.338 +0800 o.a.d.s.m.r.t.TaskGroupCoordinator:[187] - Success amend TaskGroupQueue status cost: 0/ms
[INFO] 2025-10-13 11:06:24.338 +0800 o.a.d.s.m.r.t.TaskGroupCoordinator:[241] - Success deal with force start TaskGroupQueue cost: 0/ms
[INFO] 2025-10-13 11:06:24.338 +0800 o.a.d.s.m.r.t.TaskGroupCoordinator:[129] - TaskGroupCoordinator round time cost: 0/ms
[INFO] 2025-10-13 11:06:25.447 +0800 o.a.d.s.m.c.IdSlotBasedCommandFetcher:[67] - Fetch commands: 0 success, cost: 0ms, totalSlot: 1, currentSlotIndex: 0
[INFO] 2025-10-13 11:06:26.448 +0800 o.a.d.s.m.c.IdSlotBasedCommandFetcher:[67] - Fetch commands: 0 success, cost: 0ms, totalSlot: 1, currentSlotIndex: 0
[INFO] 2025-10-13 11:06:27.448 +0800 o.a.d.s.m.c.IdSlotBasedCommandFetcher:[67] - Fetch commands: 0 success, cost: 0ms, totalSlot: 1, currentSlotIndex: 0
[INFO] 2025-10-13 11:06:28.448 +0800 o.a.d.s.m.c.IdSlotBasedCommandFetcher:[67] - Fetch commands: 0 success, cost: 0ms, totalSlot: 1, currentSlotIndex: 0
[INFO] 2025-10-13 11:06:29.344 +0800 o.a.d.s.m.r.t.TaskGroupCoordinator:[187] - Success amend TaskGroupQueue status cost: 0/ms
[INFO] 2025-10-13 11:06:29.344 +0800 o.a.d.s.m.r.t.TaskGroupCoordinator:[241] - Success deal with force start TaskGroupQueue cost: 0/ms
[INFO] 2025-10-13 11:06:29.344 +0800 o.a.d.s.m.r.t.TaskGroupCoordinator:[129] - TaskGroupCoordinator round time cost: 0/ms
[INFO] 2025-10-13 11:06:29.448 +0800 o.a.d.s.m.c.IdSlotBasedCommandFetcher:[67] - Fetch commands: 0 success, cost: 0ms, totalSlot: 1, currentSlotIndex: 0
[INFO] 2025-10-13 11:06:30.449 +0800 o.a.d.s.m.c.IdSlotBasedCommandFetcher:[67] - Fetch commands: 0 success, cost: 0ms, totalSlot: 1, currentSlotIndex: 0
[INFO] 2025-10-13 11:06:31.450 +0800 o.a.d.s.m.c.IdSlotBasedCommandFetcher:[67] - Fetch commands: 0 success, cost: 0ms, totalSlot: 1, currentSlotIndex: 0
[INFO] 2025-10-13 11:06:32.450 +0800 o.a.d.s.m.c.IdSlotBasedCommandFetcher:[67] - Fetch commands: 0 success, cost: 0ms, totalSlot: 1, currentSlotIndex: 0
[INFO] 2025-10-13 11:06:33.451 +0800 o.a.d.s.m.c.IdSlotBasedCommandFetcher:[67] - Fetch commands: 0 success, cost: 0ms, totalSlot: 1, currentSlotIndex: 0
[INFO] 2025-10-13 11:06:34.348 +0800 o.a.d.s.m.r.t.TaskGroupCoordinator:[187] - Success amend TaskGroupQueue status cost: 0/ms
[INFO] 2025-10-13 11:06:34.349 +0800 o.a.d.s.m.r.t.TaskGroupCoordinator:[241] - Success deal with force start TaskGroupQueue cost: 0/ms
[INFO] 2025-10-13 11:06:34.349 +0800 o.a.d.s.m.r.t.TaskGroupCoordinator:[129] - TaskGroupCoordinator round time cost: 1/ms
[INFO] 2025-10-13 11:06:34.451 +0800 o.a.d.s.m.c.IdSlotBasedCommandFetcher:[67] - Fetch commands: 0 success, cost: 0ms, totalSlot: 1, currentSlotIndex: 0
[INFO] 2025-10-13 11:06:35.452 +0800 o.a.d.s.m.c.IdSlotBasedCommandFetcher:[67] - Fetch commands: 0 success, cost: 0ms, totalSlot: 1, currentSlotIndex: 0
[INFO] 2025-10-13 11:06:36.452 +0800 o.a.d.s.m.c.IdSlotBasedCommandFetcher:[67] - Fetch commands: 0 success, cost: 0ms, totalSlot: 1, currentSlotIndex: 0
[INFO] 2025-10-13 11:06:37.452 +0800 o.a.d.s.m.c.IdSlotBasedCommandFetcher:[67] - Fetch commands: 0 success, cost: 0ms, totalSlot: 1, currentSlotIndex: 0
[INFO] 2025-10-13 11:06:38.452 +0800 o.a.d.s.m.c.IdSlotBasedCommandFetcher:[67] - Fetch commands: 0 success, cost: 0ms, totalSlot: 1, currentSlotIndex: 0
[INFO] 2025-10-13 11:06:39.356 +0800 o.a.d.s.m.r.t.TaskGroupCoordinator:[187] - Success amend TaskGroupQueue status cost: 0/ms
[INFO] 2025-10-13 11:06:39.356 +0800 o.a.d.s.m.r.t.TaskGroupCoordinator:[241] - Success deal with force start TaskGroupQueue cost: 0/ms
[INFO] 2025-10-13 11:06:39.356 +0800 o.a.d.s.m.r.t.TaskGroupCoordinator:[129] - TaskGroupCoordinator round time cost: 0/ms
[INFO] 2025-10-13 11:06:39.632 +0800 o.a.d.s.m.c.IdSlotBasedCommandFetcher:[67] - Fetch commands: 0 success, cost: 0ms, totalSlot: 1, currentSlotIndex: 0
[INFO] 2025-10-13 11:06:40.632 +0800 o.a.d.s.m.c.IdSlotBasedCommandFetcher:[67] - Fetch commands: 0 success, cost: 0ms, totalSlot: 1, currentSlotIndex: 0
[INFO] 2025-10-13 11:06:41.632 +0800 o.a.d.s.m.c.IdSlotBasedCommandFetcher:[67] - Fetch commands: 0 success, cost: 0ms, totalSlot: 1, currentSlotIndex: 0
[INFO] 2025-10-13 11:06:42.633 +0800 o.a.d.s.m.c.IdSlotBasedCommandFetcher:[67] - Fetch commands: 0 success, cost: 0ms, totalSlot: 1, currentSlotIndex: 0
[INFO] 2025-10-13 11:06:43.633 +0800 o.a.d.s.m.c.IdSlotBasedCommandFetcher:[67] - Fetch commands: 0 success, cost: 0ms, totalSlot: 1, currentSlotIndex: 0
[INFO] 2025-10-13 11:06:44.365 +0800 o.a.d.s.m.r.t.TaskGroupCoordinator:[187] - Success amend TaskGroupQueue status cost: 0/ms
[INFO] 2025-10-13 11:06:44.366 +0800 o.a.d.s.m.r.t.TaskGroupCoordinator:[241] - Success deal with force start TaskGroupQueue cost: 0/ms
[INFO] 2025-10-13 11:06:44.366 +0800 o.a.d.s.m.r.t.TaskGroupCoordinator:[129] - TaskGroupCoordinator round time cost: 0/ms
[INFO] 2025-10-13 11:06:44.633 +0800 o.a.d.s.m.c.IdSlotBasedCommandFetcher:[67] - Fetch commands: 0 success, cost: 0ms, totalSlot: 1, currentSlotIndex: 0
[INFO] 2025-10-13 11:06:45.634 +0800 o.a.d.s.m.c.IdSlotBasedCommandFetcher:[67] - Fetch commands: 0 success, cost: 0ms, totalSlot: 1, currentSlotIndex: 0
[INFO] 2025-10-13 11:06:46.635 +0800 o.a.d.s.m.c.IdSlotBasedCommandFetcher:[67] - Fetch commands: 0 success, cost: 0ms, totalSlot: 1, currentSlotIndex: 0
[INFO] 2025-10-13 11:06:47.635 +0800 o.a.d.s.m.c.IdSlotBasedCommandFetcher:[67] - Fetch commands: 0 success, cost: 0ms, totalSlot: 1, currentSlotIndex: 0
[INFO] 2025-10-13 11:06:48.637 +0800 o.a.d.s.m.c.IdSlotBasedCommandFetcher:[67] - Fetch commands: 0 success, cost: 0ms, totalSlot: 1, currentSlotIndex: 0
[INFO] 2025-10-13 11:06:49.370 +0800 o.a.d.s.m.r.t.TaskGroupCoordinator:[187] - Success amend TaskGroupQueue status cost: 0/ms
[INFO] 2025-10-13 11:06:49.370 +0800 o.a.d.s.m.r.t.TaskGroupCoordinator:[241] - Success deal with force start TaskGroupQueue cost: 0/ms
[INFO] 2025-10-13 11:06:49.370 +0800 o.a.d.s.m.r.t.TaskGroupCoordinator:[129] - TaskGroupCoordinator round time cost: 0/ms
[INFO] 2025-10-13 11:06:49.637 +0800 o.a.d.s.m.c.IdSlotBasedCommandFetcher:[67] - Fetch commands: 0 success, cost: 0ms, totalSlot: 1, currentSlotIndex: 0
[INFO] 2025-10-13 11:06:50.637 +0800 o.a.d.s.m.c.IdSlotBasedCommandFetcher:[67] - Fetch commands: 0 success, cost: 0ms, totalSlot: 1, currentSlotIndex: 0
[INFO] 2025-10-13 11:06:51.637 +0800 o.a.d.s.m.c.IdSlotBasedCommandFetcher:[67] - Fetch commands: 0 success, cost: 0ms, totalSlot: 1, currentSlotIndex: 0
[INFO] 2025-10-13 11:06:52.638 +0800 o.a.d.s.m.c.IdSlotBasedCommandFetcher:[67] - Fetch commands: 0 success, cost: 0ms, totalSlot: 1, currentSlotIndex: 0
[INFO] 2025-10-13 11:06:53.834 +0800 o.a.d.s.m.c.IdSlotBasedCommandFetcher:[67] - Fetch commands: 0 success, cost: 0ms, totalSlot: 1, currentSlotIndex: 0
[INFO] 2025-10-13 11:06:54.376 +0800 o.a.d.s.m.r.t.TaskGroupCoordinator:[187] - Success amend TaskGroupQueue status cost: 0/ms
[INFO] 2025-10-13 11:06:54.377 +0800 o.a.d.s.m.r.t.TaskGroupCoordinator:[241] - Success deal with force start TaskGroupQueue cost: 0/ms
[INFO] 2025-10-13 11:06:54.377 +0800 o.a.d.s.m.r.t.TaskGroupCoordinator:[129] - TaskGroupCoordinator round time cost: 0/ms
[INFO] 2025-10-13 11:06:54.900 +0800 o.a.d.s.m.c.IdSlotBasedCommandFetcher:[67] - Fetch commands: 0 success, cost: 0ms, totalSlot: 1, currentSlotIndex: 0
[INFO] 2025-10-13 11:06:55.983 +0800 o.a.d.s.m.c.IdSlotBasedCommandFetcher:[67] - Fetch commands: 0 success, cost: 0ms, totalSlot: 1, currentSlotIndex: 0
[INFO] 2025-10-13 11:06:57.052 +0800 o.a.d.s.m.c.IdSlotBasedCommandFetcher:[67] - Fetch commands: 0 success, cost: 0ms, totalSlot: 1, currentSlotIndex: 0
[INFO] 2025-10-13 11:06:58.118 +0800 o.a.d.s.m.c.IdSlotBasedCommandFetcher:[67] - Fetch commands: 0 success, cost: 0ms, totalSlot: 1, currentSlotIndex: 0
[INFO] 2025-10-13 11:06:59.185 +0800 o.a.d.s.m.c.IdSlotBasedCommandFetcher:[67] - Fetch commands: 0 success, cost: 0ms, totalSlot: 1, currentSlotIndex: 0
[INFO] 2025-10-13 11:06:59.386 +0800 o.a.d.s.m.r.t.TaskGroupCoordinator:[187] - Success amend TaskGroupQueue status cost: 0/ms
[INFO] 2025-10-13 11:06:59.386 +0800 o.a.d.s.m.r.t.TaskGroupCoordinator:[241] - Success deal with force start TaskGroupQueue cost: 0/ms
[INFO] 2025-10-13 11:06:59.386 +0800 o.a.d.s.m.r.t.TaskGroupCoordinator:[129] - TaskGroupCoordinator round time cost: 0/ms
[INFO] 2025-10-13 11:07:00.265 +0800 o.a.d.s.m.c.IdSlotBasedCommandFetcher:[67] - Fetch commands: 0 success, cost: 0ms, totalSlot: 1, currentSlotIndex: 0
[INFO] 2025-10-13 11:07:01.367 +0800 o.a.d.s.m.c.IdSlotBasedCommandFetcher:[67] - Fetch commands: 0 success, cost: 1ms, totalSlot: 1, currentSlotIndex: 0
[INFO] 2025-10-13 11:07:02.444 +0800 o.a.d.s.m.c.IdSlotBasedCommandFetcher:[67] - Fetch commands: 0 success, cost: 0ms, totalSlot: 1, currentSlotIndex: 0
[INFO] 2025-10-13 11:07:03.583 +0800 o.a.d.s.m.c.IdSlotBasedCommandFetcher:[67] - Fetch commands: 0 success, cost: 0ms, totalSlot: 1, currentSlotIndex: 0
[INFO] 2025-10-13 11:07:04.391 +0800 o.a.d.s.m.r.t.TaskGroupCoordinator:[187] - Success amend TaskGroupQueue status cost: 0/ms
[INFO] 2025-10-13 11:07:04.391 +0800 o.a.d.s.m.r.t.TaskGroupCoordinator:[241] - Success deal with force start TaskGroupQueue cost: 0/ms
[INFO] 2025-10-13 11:07:04.391 +0800 o.a.d.s.m.r.t.TaskGroupCoordinator:[129] - TaskGroupCoordinator round time cost: 0/ms
[INFO] 2025-10-13 11:07:04.583 +0800 o.a.d.s.m.c.IdSlotBasedCommandFetcher:[67] - Fetch commands: 0 success, cost: 0ms, totalSlot: 1, currentSlotIndex: 0
[INFO] 2025-10-13 11:07:05.584 +0800 o.a.d.s.m.c.IdSlotBasedCommandFetcher:[67] - Fetch commands: 0 success, cost: 0ms, totalSlot: 1, currentSlotIndex: 0
[INFO] 2025-10-13 11:07:06.585 +0800 o.a.d.s.m.c.IdSlotBasedCommandFetcher:[67] - Fetch commands: 0 success, cost: 0ms, totalSlot: 1, currentSlotIndex: 0
[INFO] 2025-10-13 11:07:07.586 +0800 o.a.d.s.m.c.IdSlotBasedCommandFetcher:[67] - Fetch commands: 0 success, cost: 0ms, totalSlot: 1, currentSlotIndex: 0
[INFO] 2025-10-13 11:07:08.587 +0800 o.a.d.s.m.c.IdSlotBasedCommandFetcher:[67] - Fetch commands: 0 success, cost: 0ms, totalSlot: 1, currentSlotIndex: 0
[INFO] 2025-10-13 11:07:09.396 +0800 o.a.d.s.m.r.t.TaskGroupCoordinator:[187] - Success amend TaskGroupQueue status cost: 0/ms
[INFO] 2025-10-13 11:07:09.397 +0800 o.a.d.s.m.r.t.TaskGroupCoordinator:[241] - Success deal with force start TaskGroupQueue cost: 0/ms
[INFO] 2025-10-13 11:07:09.397 +0800 o.a.d.s.m.r.t.TaskGroupCoordinator:[129] - TaskGroupCoordinator round time cost: 0/ms
[INFO] 2025-10-13 11:07:09.601 +0800 o.a.d.s.m.c.IdSlotBasedCommandFetcher:[67] - Fetch commands: 0 success, cost: 0ms, totalSlot: 1, currentSlotIndex: 0
[INFO] 2025-10-13 11:07:10.602 +0800 o.a.d.s.m.c.IdSlotBasedCommandFetcher:[67] - Fetch commands: 0 success, cost: 0ms, totalSlot: 1, currentSlotIndex: 0
[INFO] 2025-10-13 11:07:11.603 +0800 o.a.d.s.m.c.IdSlotBasedCommandFetcher:[67] - Fetch commands: 0 success, cost: 0ms, totalSlot: 1, currentSlotIndex: 0
[INFO] 2025-10-13 11:07:12.604 +0800 o.a.d.s.m.c.IdSlotBasedCommandFetcher:[67] - Fetch commands: 0 success, cost: 0ms, totalSlot: 1, currentSlotIndex: 0
[INFO] 2025-10-13 11:07:13.609 +0800 o.a.d.s.m.c.IdSlotBasedCommandFetcher:[67] - Fetch commands: 0 success, cost: 0ms, totalSlot: 1, currentSlotIndex: 0
[INFO] 2025-10-13 11:07:14.402 +0800 o.a.d.s.m.r.t.TaskGroupCoordinator:[187] - Success amend TaskGroupQueue status cost: 0/ms
[INFO] 2025-10-13 11:07:14.402 +0800 o.a.d.s.m.r.t.TaskGroupCoordinator:[241] - Success deal with force start TaskGroupQueue cost: 0/ms
[INFO] 2025-10-13 11:07:14.402 +0800 o.a.d.s.m.r.t.TaskGroupCoordinator:[129] - TaskGroupCoordinator round time cost: 1/ms
[INFO] 2025-10-13 11:07:14.609 +0800 o.a.d.s.m.c.IdSlotBasedCommandFetcher:[67] - Fetch commands: 0 success, cost: 0ms, totalSlot: 1, currentSlotIndex: 0
[INFO] 2025-10-13 11:07:15.609 +0800 o.a.d.s.m.c.IdSlotBasedCommandFetcher:[67] - Fetch commands: 0 success, cost: 0ms, totalSlot: 1, currentSlotIndex: 0
[INFO] 2025-10-13 11:07:16.618 +0800 o.a.d.s.m.c.IdSlotBasedCommandFetcher:[67] - Fetch commands: 0 success, cost: 0ms, totalSlot: 1, currentSlotIndex: 0
[INFO] 2025-10-13 11:07:17.752 +0800 o.a.d.s.m.c.IdSlotBasedCommandFetcher:[67] - Fetch commands: 0 success, cost: 0ms, totalSlot: 1, currentSlotIndex: 0
[INFO] 2025-10-13 11:07:18.818 +0800 o.a.d.s.m.c.IdSlotBasedCommandFetcher:[67] - Fetch commands: 0 success, cost: 0ms, totalSlot: 1, currentSlotIndex: 0
[INFO] 2025-10-13 11:07:19.409 +0800 o.a.d.s.m.r.t.TaskGroupCoordinator:[187] - Success amend TaskGroupQueue status cost: 0/ms
[INFO] 2025-10-13 11:07:19.409 +0800 o.a.d.s.m.r.t.TaskGroupCoordinator:[241] - Success deal with force start TaskGroupQueue cost: 0/ms
[INFO] 2025-10-13 11:07:19.409 +0800 o.a.d.s.m.r.t.TaskGroupCoordinator:[129] - TaskGroupCoordinator round time cost: 1/ms
[INFO] 2025-10-13 11:07:19.888 +0800 o.a.d.s.m.c.IdSlotBasedCommandFetcher:[67] - Fetch commands: 0 success, cost: 0ms, totalSlot: 1, currentSlotIndex: 0
[INFO] 2025-10-13 11:07:21.064 +0800 o.a.d.s.m.c.IdSlotBasedCommandFetcher:[67] - Fetch commands: 0 success, cost: 0ms, totalSlot: 1, currentSlotIndex: 0
[INFO] 2025-10-13 11:07:22.065 +0800 o.a.d.s.m.c.IdSlotBasedCommandFetcher:[67] - Fetch commands: 0 success, cost: 0ms, totalSlot: 1, currentSlotIndex: 0
[INFO] 2025-10-13 11:07:23.066 +0800 o.a.d.s.m.c.IdSlotBasedCommandFetcher:[67] - Fetch commands: 0 success, cost: 0ms, totalSlot: 1, currentSlotIndex: 0
[INFO] 2025-10-13 11:07:24.066 +0800 o.a.d.s.m.c.IdSlotBasedCommandFetcher:[67] - Fetch commands: 0 success, cost: 0ms, totalSlot: 1, currentSlotIndex: 0
[INFO] 2025-10-13 11:07:24.416 +0800 o.a.d.s.m.r.t.TaskGroupCoordinator:[187] - Success amend TaskGroupQueue status cost: 0/ms
[INFO] 2025-10-13 11:07:24.416 +0800 o.a.d.s.m.r.t.TaskGroupCoordinator:[241] - Success deal with force start TaskGroupQueue cost: 0/ms
[INFO] 2025-10-13 11:07:24.416 +0800 o.a.d.s.m.r.t.TaskGroupCoordinator:[129] - TaskGroupCoordinator round time cost: 1/ms
[INFO] 2025-10-13 11:07:25.066 +0800 o.a.d.s.m.c.IdSlotBasedCommandFetcher:[67] - Fetch commands: 0 success, cost: 0ms, totalSlot: 1, currentSlotIndex: 0
[INFO] 2025-10-13 11:07:26.067 +0800 o.a.d.s.m.c.IdSlotBasedCommandFetcher:[67] - Fetch commands: 0 success, cost: 0ms, totalSlot: 1, currentSlotIndex: 0
[INFO] 2025-10-13 11:07:27.068 +0800 o.a.d.s.m.c.IdSlotBasedCommandFetcher:[67] - Fetch commands: 0 success, cost: 0ms, totalSlot: 1, currentSlotIndex: 0
[INFO] 2025-10-13 11:07:28.068 +0800 o.a.d.s.m.c.IdSlotBasedCommandFetcher:[67] - Fetch commands: 0 success, cost: 0ms, totalSlot: 1, currentSlotIndex: 0
[INFO] 2025-10-13 11:07:29.068 +0800 o.a.d.s.m.c.IdSlotBasedCommandFetcher:[67] - Fetch commands: 0 success, cost: 0ms, totalSlot: 1, currentSlotIndex: 0
[INFO] 2025-10-13 11:07:29.423 +0800 o.a.d.s.m.r.t.TaskGroupCoordinator:[187] - Success amend TaskGroupQueue status cost: 0/ms
[INFO] 2025-10-13 11:07:29.423 +0800 o.a.d.s.m.r.t.TaskGroupCoordinator:[241] - Success deal with force start TaskGroupQueue cost: 0/ms
[INFO] 2025-10-13 11:07:29.423 +0800 o.a.d.s.m.r.t.TaskGroupCoordinator:[129] - TaskGroupCoordinator round time cost: 0/ms
[INFO] 2025-10-13 11:07:30.068 +0800 o.a.d.s.m.c.IdSlotBasedCommandFetcher:[67] - Fetch commands: 0 success, cost: 0ms, totalSlot: 1, currentSlotIndex: 0
[INFO] 2025-10-13 11:07:31.069 +0800 o.a.d.s.m.c.IdSlotBasedCommandFetcher:[67] - Fetch commands: 0 success, cost: 0ms, totalSlot: 1, currentSlotIndex: 0
[INFO] 2025-10-13 11:07:32.070 +0800 o.a.d.s.m.c.IdSlotBasedCommandFetcher:[67] - Fetch commands: 0 success, cost: 0ms, totalSlot: 1, currentSlotIndex: 0
[INFO] 2025-10-13 11:07:33.070 +0800 o.a.d.s.m.c.IdSlotBasedCommandFetcher:[67] - Fetch commands: 0 success, cost: 0ms, totalSlot: 1, currentSlotIndex: 0
[INFO] 2025-10-13 11:07:34.071 +0800 o.a.d.s.m.c.IdSlotBasedCommandFetcher:[67] - Fetch commands: 0 success, cost: 0ms, totalSlot: 1, currentSlotIndex: 0
[INFO] 2025-10-13 11:07:34.429 +0800 o.a.d.s.m.r.t.TaskGroupCoordinator:[187] - Success amend TaskGroupQueue status cost: 0/ms
[INFO] 2025-10-13 11:07:34.429 +0800 o.a.d.s.m.r.t.TaskGroupCoordinator:[241] - Success deal with force start TaskGroupQueue cost: 0/ms
[INFO] 2025-10-13 11:07:34.430 +0800 o.a.d.s.m.r.t.TaskGroupCoordinator:[129] - TaskGroupCoordinator round time cost: 1/ms
[INFO] 2025-10-13 11:07:35.212 +0800 o.a.d.s.m.c.IdSlotBasedCommandFetcher:[67] - Fetch commands: 0 success, cost: 1ms, totalSlot: 1, currentSlotIndex: 0
[INFO] 2025-10-13 11:07:36.213 +0800 o.a.d.s.m.c.IdSlotBasedCommandFetcher:[67] - Fetch commands: 0 success, cost: 0ms, totalSlot: 1, currentSlotIndex: 0
[INFO] 2025-10-13 11:07:37.214 +0800 o.a.d.s.m.c.IdSlotBasedCommandFetcher:[67] - Fetch commands: 0 success, cost: 0ms, totalSlot: 1, currentSlotIndex: 0
[INFO] 2025-10-13 11:07:38.215 +0800 o.a.d.s.m.c.IdSlotBasedCommandFetcher:[67] - Fetch commands: 0 success, cost: 0ms, totalSlot: 1, currentSlotIndex: 0
[INFO] 2025-10-13 11:07:39.215 +0800 o.a.d.s.m.c.IdSlotBasedCommandFetcher:[67] - Fetch commands: 0 success, cost: 0ms, totalSlot: 1, currentSlotIndex: 0
[INFO] 2025-10-13 11:07:39.435 +0800 o.a.d.s.m.r.t.TaskGroupCoordinator:[187] - Success amend TaskGroupQueue status cost: 0/ms
[INFO] 2025-10-13 11:07:39.435 +0800 o.a.d.s.m.r.t.TaskGroupCoordinator:[241] - Success deal with force start TaskGroupQueue cost: 0/ms
[INFO] 2025-10-13 11:07:39.435 +0800 o.a.d.s.m.r.t.TaskGroupCoordinator:[129] - TaskGroupCoordinator round time cost: 0/ms
[INFO] 2025-10-13 11:07:40.216 +0800 o.a.d.s.m.c.IdSlotBasedCommandFetcher:[67] - Fetch commands: 0 success, cost: 0ms, totalSlot: 1, currentSlotIndex: 0
[INFO] 2025-10-13 11:07:41.216 +0800 o.a.d.s.m.c.IdSlotBasedCommandFetcher:[67] - Fetch commands: 0 success, cost: 0ms, totalSlot: 1, currentSlotIndex: 0
[INFO] 2025-10-13 11:07:42.217 +0800 o.a.d.s.m.c.IdSlotBasedCommandFetcher:[67] - Fetch commands: 0 success, cost: 0ms, totalSlot: 1, currentSlotIndex: 0
[INFO] 2025-10-13 11:07:43.217 +0800 o.a.d.s.m.c.IdSlotBasedCommandFetcher:[67] - Fetch commands: 0 success, cost: 0ms, totalSlot: 1, currentSlotIndex: 0
[INFO] 2025-10-13 11:07:44.218 +0800 o.a.d.s.m.c.IdSlotBasedCommandFetcher:[67] - Fetch commands: 0 success, cost: 0ms, totalSlot: 1, currentSlotIndex: 0
[INFO] 2025-10-13 11:07:44.447 +0800 o.a.d.s.m.r.t.TaskGroupCoordinator:[187] - Success amend TaskGroupQueue status cost: 0/ms
[INFO] 2025-10-13 11:07:44.447 +0800 o.a.d.s.m.r.t.TaskGroupCoordinator:[241] - Success deal with force start TaskGroupQueue cost: 0/ms
[INFO] 2025-10-13 11:07:44.447 +0800 o.a.d.s.m.r.t.TaskGroupCoordinator:[129] - TaskGroupCoordinator round time cost: 0/ms
[INFO] 2025-10-13 11:07:45.218 +0800 o.a.d.s.m.c.IdSlotBasedCommandFetcher:[67] - Fetch commands: 0 success, cost: 0ms, totalSlot: 1, currentSlotIndex: 0
[INFO] 2025-10-13 11:07:46.219 +0800 o.a.d.s.m.c.IdSlotBasedCommandFetcher:[67] - Fetch commands: 0 success, cost: 0ms, totalSlot: 1, currentSlotIndex: 0
[INFO] 2025-10-13 11:07:47.219 +0800 o.a.d.s.m.c.IdSlotBasedCommandFetcher:[67] - Fetch commands: 0 success, cost: 0ms, totalSlot: 1, currentSlotIndex: 0
[INFO] 2025-10-13 11:07:48.223 +0800 o.a.d.s.m.c.IdSlotBasedCommandFetcher:[67] - Fetch commands: 0 success, cost: 0ms, totalSlot: 1, currentSlotIndex: 0
[INFO] 2025-10-13 11:07:49.224 +0800 o.a.d.s.m.c.IdSlotBasedCommandFetcher:[67] - Fetch commands: 0 success, cost: 0ms, totalSlot: 1, currentSlotIndex: 0
[INFO] 2025-10-13 11:07:49.453 +0800 o.a.d.s.m.r.t.TaskGroupCoordinator:[187] - Success amend TaskGroupQueue status cost: 0/ms
[INFO] 2025-10-13 11:07:49.454 +0800 o.a.d.s.m.r.t.TaskGroupCoordinator:[241] - Success deal with force start TaskGroupQueue cost: 0/ms
[INFO] 2025-10-13 11:07:49.454 +0800 o.a.d.s.m.r.t.TaskGroupCoordinator:[129] - TaskGroupCoordinator round time cost: 0/ms
[INFO] 2025-10-13 11:07:50.232 +0800 o.a.d.s.m.c.IdSlotBasedCommandFetcher:[67] - Fetch commands: 0 success, cost: 0ms, totalSlot: 1, currentSlotIndex: 0
[INFO] 2025-10-13 11:07:51.232 +0800 o.a.d.s.m.c.IdSlotBasedCommandFetcher:[67] - Fetch commands: 0 success, cost: 0ms, totalSlot: 1, currentSlotIndex: 0
[INFO] 2025-10-13 11:07:52.232 +0800 o.a.d.s.m.c.IdSlotBasedCommandFetcher:[67] - Fetch commands: 0 success, cost: 0ms, totalSlot: 1, currentSlotIndex: 0
[INFO] 2025-10-13 11:07:53.242 +0800 o.a.d.s.m.c.IdSlotBasedCommandFetcher:[67] - Fetch commands: 0 success, cost: 0ms, totalSlot: 1, currentSlotIndex: 0
[INFO] 2025-10-13 11:07:54.243 +0800 o.a.d.s.m.c.IdSlotBasedCommandFetcher:[67] - Fetch commands: 0 success, cost: 0ms, totalSlot: 1, currentSlotIndex: 0
[INFO] 2025-10-13 11:07:54.476 +0800 o.a.d.s.m.r.t.TaskGroupCoordinator:[187] - Success amend TaskGroupQueue status cost: 0/ms
[INFO] 2025-10-13 11:07:54.476 +0800 o.a.d.s.m.r.t.TaskGroupCoordinator:[241] - Success deal with force start TaskGroupQueue cost: 0/ms
[INFO] 2025-10-13 11:07:54.477 +0800 o.a.d.s.m.r.t.TaskGroupCoordinator:[129] - TaskGroupCoordinator round time cost: 1/ms
[INFO] 2025-10-13 11:07:55.250 +0800 o.a.d.s.m.c.IdSlotBasedCommandFetcher:[67] - Fetch commands: 0 success, cost: 0ms, totalSlot: 1, currentSlotIndex: 0
[INFO] 2025-10-13 11:07:56.254 +0800 o.a.d.s.m.c.IdSlotBasedCommandFetcher:[67] - Fetch commands: 0 success, cost: 0ms, totalSlot: 1, currentSlotIndex: 0
[INFO] 2025-10-13 11:07:57.254 +0800 o.a.d.s.m.c.IdSlotBasedCommandFetcher:[67] - Fetch commands: 0 success, cost: 0ms, totalSlot: 1, currentSlotIndex: 0
[INFO] 2025-10-13 11:07:58.255 +0800 o.a.d.s.m.c.IdSlotBasedCommandFetcher:[67] - Fetch commands: 0 success, cost: 0ms, totalSlot: 1, currentSlotIndex: 0
[INFO] 2025-10-13 11:07:59.255 +0800 o.a.d.s.m.c.IdSlotBasedCommandFetcher:[67] - Fetch commands: 0 success, cost: 0ms, totalSlot: 1, currentSlotIndex: 0
[INFO] 2025-10-13 11:07:59.491 +0800 o.a.d.s.m.r.t.TaskGroupCoordinator:[187] - Success amend TaskGroupQueue status cost: 0/ms
[INFO] 2025-10-13 11:07:59.491 +0800 o.a.d.s.m.r.t.TaskGroupCoordinator:[241] - Success deal with force start TaskGroupQueue cost: 0/ms
[INFO] 2025-10-13 11:07:59.491 +0800 o.a.d.s.m.r.t.TaskGroupCoordinator:[129] - TaskGroupCoordinator round time cost: 0/ms
[INFO] 2025-10-13 11:08:00.256 +0800 o.a.d.s.m.c.IdSlotBasedCommandFetcher:[67] - Fetch commands: 0 success, cost: 0ms, totalSlot: 1, currentSlotIndex: 0
[INFO] 2025-10-13 11:08:01.256 +0800 o.a.d.s.m.c.IdSlotBasedCommandFetcher:[67] - Fetch commands: 0 success, cost: 0ms, totalSlot: 1, currentSlotIndex: 0
[INFO] 2025-10-13 11:08:02.256 +0800 o.a.d.s.m.c.IdSlotBasedCommandFetcher:[67] - Fetch commands: 0 success, cost: 0ms, totalSlot: 1, currentSlotIndex: 0
[INFO] 2025-10-13 11:08:03.257 +0800 o.a.d.s.m.c.IdSlotBasedCommandFetcher:[67] - Fetch commands: 0 success, cost: 0ms, totalSlot: 1, currentSlotIndex: 0
[INFO] 2025-10-13 11:08:04.258 +0800 o.a.d.s.m.c.IdSlotBasedCommandFetcher:[67] - Fetch commands: 0 success, cost: 0ms, totalSlot: 1, currentSlotIndex: 0
[INFO] 2025-10-13 11:08:04.496 +0800 o.a.d.s.m.r.t.TaskGroupCoordinator:[187] - Success amend TaskGroupQueue status cost: 0/ms
[INFO] 2025-10-13 11:08:04.497 +0800 o.a.d.s.m.r.t.TaskGroupCoordinator:[241] - Success deal with force start TaskGroupQueue cost: 0/ms
[INFO] 2025-10-13 11:08:04.497 +0800 o.a.d.s.m.r.t.TaskGroupCoordinator:[129] - TaskGroupCoordinator round time cost: 0/ms
[INFO] 2025-10-13 11:08:05.258 +0800 o.a.d.s.m.c.IdSlotBasedCommandFetcher:[67] - Fetch commands: 0 success, cost: 0ms, totalSlot: 1, currentSlotIndex: 0
[INFO] 2025-10-13 11:08:06.259 +0800 o.a.d.s.m.c.IdSlotBasedCommandFetcher:[67] - Fetch commands: 0 success, cost: 0ms, totalSlot: 1, currentSlotIndex: 0
[INFO] 2025-10-13 11:08:07.259 +0800 o.a.d.s.m.c.IdSlotBasedCommandFetcher:[67] - Fetch commands: 0 success, cost: 0ms, totalSlot: 1, currentSlotIndex: 0
[INFO] 2025-10-13 11:08:08.260 +0800 o.a.d.s.m.c.IdSlotBasedCommandFetcher:[67] - Fetch commands: 0 success, cost: 0ms, totalSlot: 1, currentSlotIndex: 0
[INFO] 2025-10-13 11:08:09.260 +0800 o.a.d.s.m.c.IdSlotBasedCommandFetcher:[67] - Fetch commands: 0 success, cost: 0ms, totalSlot: 1, currentSlotIndex: 0
[INFO] 2025-10-13 11:08:09.503 +0800 o.a.d.s.m.r.t.TaskGroupCoordinator:[187] - Success amend TaskGroupQueue status cost: 0/ms
[INFO] 2025-10-13 11:08:09.503 +0800 o.a.d.s.m.r.t.TaskGroupCoordinator:[241] - Success deal with force start TaskGroupQueue cost: 0/ms
[INFO] 2025-10-13 11:08:09.503 +0800 o.a.d.s.m.r.t.TaskGroupCoordinator:[129] - TaskGroupCoordinator round time cost: 0/ms
[INFO] 2025-10-13 11:08:10.261 +0800 o.a.d.s.m.c.IdSlotBasedCommandFetcher:[67] - Fetch commands: 0 success, cost: 0ms, totalSlot: 1, currentSlotIndex: 0
[INFO] 2025-10-13 11:08:11.262 +0800 o.a.d.s.m.c.IdSlotBasedCommandFetcher:[67] - Fetch commands: 0 success, cost: 0ms, totalSlot: 1, currentSlotIndex: 0
[INFO] 2025-10-13 11:08:12.262 +0800 o.a.d.s.m.c.IdSlotBasedCommandFetcher:[67] - Fetch commands: 0 success, cost: 0ms, totalSlot: 1, currentSlotIndex: 0
[INFO] 2025-10-13 11:08:13.262 +0800 o.a.d.s.m.c.IdSlotBasedCommandFetcher:[67] - Fetch commands: 0 success, cost: 0ms, totalSlot: 1, currentSlotIndex: 0
[INFO] 2025-10-13 11:08:14.262 +0800 o.a.d.s.m.c.IdSlotBasedCommandFetcher:[67] - Fetch commands: 0 success, cost: 0ms, totalSlot: 1, currentSlotIndex: 0
[INFO] 2025-10-13 11:08:14.507 +0800 o.a.d.s.m.r.t.TaskGroupCoordinator:[187] - Success amend TaskGroupQueue status cost: 0/ms
[INFO] 2025-10-13 11:08:14.507 +0800 o.a.d.s.m.r.t.TaskGroupCoordinator:[241] - Success deal with force start TaskGroupQueue cost: 0/ms
[INFO] 2025-10-13 11:08:14.508 +0800 o.a.d.s.m.r.t.TaskGroupCoordinator:[129] - TaskGroupCoordinator round time cost: 0/ms
[INFO] 2025-10-13 11:08:15.454 +0800 o.a.d.s.m.c.IdSlotBasedCommandFetcher:[67] - Fetch commands: 0 success, cost: 0ms, totalSlot: 1, currentSlotIndex: 0
[INFO] 2025-10-13 11:08:16.531 +0800 o.a.d.s.m.c.IdSlotBasedCommandFetcher:[67] - Fetch commands: 0 success, cost: 0ms, totalSlot: 1, currentSlotIndex: 0
[INFO] 2025-10-13 11:08:17.599 +0800 o.a.d.s.m.c.IdSlotBasedCommandFetcher:[67] - Fetch commands: 0 success, cost: 0ms, totalSlot: 1, currentSlotIndex: 0
[INFO] 2025-10-13 11:08:18.669 +0800 o.a.d.s.m.c.IdSlotBasedCommandFetcher:[67] - Fetch commands: 0 success, cost: 0ms, totalSlot: 1, currentSlotIndex: 0
[INFO] 2025-10-13 11:08:19.512 +0800 o.a.d.s.m.r.t.TaskGroupCoordinator:[187] - Success amend TaskGroupQueue status cost: 0/ms
[INFO] 2025-10-13 11:08:19.512 +0800 o.a.d.s.m.r.t.TaskGroupCoordinator:[241] - Success deal with force start TaskGroupQueue cost: 0/ms
[INFO] 2025-10-13 11:08:19.512 +0800 o.a.d.s.m.r.t.TaskGroupCoordinator:[129] - TaskGroupCoordinator round time cost: 0/ms
[INFO] 2025-10-13 11:08:19.737 +0800 o.a.d.s.m.c.IdSlotBasedCommandFetcher:[67] - Fetch commands: 0 success, cost: 0ms, totalSlot: 1, currentSlotIndex: 0
[INFO] 2025-10-13 11:08:20.807 +0800 o.a.d.s.m.c.IdSlotBasedCommandFetcher:[67] - Fetch commands: 0 success, cost: 0ms, totalSlot: 1, currentSlotIndex: 0
[INFO] 2025-10-13 11:08:21.886 +0800 o.a.d.s.m.c.IdSlotBasedCommandFetcher:[67] - Fetch commands: 0 success, cost: 0ms, totalSlot: 1, currentSlotIndex: 0
[INFO] 2025-10-13 11:08:22.952 +0800 o.a.d.s.m.c.IdSlotBasedCommandFetcher:[67] - Fetch commands: 0 success, cost: 0ms, totalSlot: 1, currentSlotIndex: 0
[INFO] 2025-10-13 11:08:24.022 +0800 o.a.d.s.m.c.IdSlotBasedCommandFetcher:[67] - Fetch commands: 0 success, cost: 0ms, totalSlot: 1, currentSlotIndex: 0
[INFO] 2025-10-13 11:08:24.516 +0800 o.a.d.s.m.r.t.TaskGroupCoordinator:[187] - Success amend TaskGroupQueue status cost: 0/ms
[INFO] 2025-10-13 11:08:24.518 +0800 o.a.d.s.m.r.t.TaskGroupCoordinator:[241] - Success deal with force start TaskGroupQueue cost: 0/ms
[INFO] 2025-10-13 11:08:24.518 +0800 o.a.d.s.m.r.t.TaskGroupCoordinator:[129] - TaskGroupCoordinator round time cost: 0/ms
[INFO] 2025-10-13 11:08:25.094 +0800 o.a.d.s.m.c.IdSlotBasedCommandFetcher:[67] - Fetch commands: 0 success, cost: 0ms, totalSlot: 1, currentSlotIndex: 0
[INFO] 2025-10-13 11:08:26.095 +0800 o.a.d.s.m.c.IdSlotBasedCommandFetcher:[67] - Fetch commands: 0 success, cost: 0ms, totalSlot: 1, currentSlotIndex: 0
[INFO] 2025-10-13 11:08:27.096 +0800 o.a.d.s.m.c.IdSlotBasedCommandFetcher:[67] - Fetch commands: 0 success, cost: 0ms, totalSlot: 1, currentSlotIndex: 0
[INFO] 2025-10-13 11:08:28.096 +0800 o.a.d.s.m.c.IdSlotBasedCommandFetcher:[67] - Fetch commands: 0 success, cost: 0ms, totalSlot: 1, currentSlotIndex: 0
[INFO] 2025-10-13 11:08:29.096 +0800 o.a.d.s.m.c.IdSlotBasedCommandFetcher:[67] - Fetch commands: 0 success, cost: 0ms, totalSlot: 1, currentSlotIndex: 0
[INFO] 2025-10-13 11:08:29.523 +0800 o.a.d.s.m.r.t.TaskGroupCoordinator:[187] - Success amend TaskGroupQueue status cost: 0/ms
[INFO] 2025-10-13 11:08:29.523 +0800 o.a.d.s.m.r.t.TaskGroupCoordinator:[241] - Success deal with force start TaskGroupQueue cost: 0/ms
[INFO] 2025-10-13 11:08:29.523 +0800 o.a.d.s.m.r.t.TaskGroupCoordinator:[129] - TaskGroupCoordinator round time cost: 0/ms
[INFO] 2025-10-13 11:08:30.097 +0800 o.a.d.s.m.c.IdSlotBasedCommandFetcher:[67] - Fetch commands: 0 success, cost: 0ms, totalSlot: 1, currentSlotIndex: 0
[INFO] 2025-10-13 11:08:31.099 +0800 o.a.d.s.m.c.IdSlotBasedCommandFetcher:[67] - Fetch commands: 0 success, cost: 0ms, totalSlot: 1, currentSlotIndex: 0
[INFO] 2025-10-13 11:08:32.106 +0800 o.a.d.s.m.c.IdSlotBasedCommandFetcher:[67] - Fetch commands: 0 success, cost: 0ms, totalSlot: 1, currentSlotIndex: 0
[INFO] 2025-10-13 11:08:33.106 +0800 o.a.d.s.m.c.IdSlotBasedCommandFetcher:[67] - Fetch commands: 0 success, cost: 0ms, totalSlot: 1, currentSlotIndex: 0
[INFO] 2025-10-13 11:08:34.107 +0800 o.a.d.s.m.c.IdSlotBasedCommandFetcher:[67] - Fetch commands: 0 success, cost: 0ms, totalSlot: 1, currentSlotIndex: 0
[INFO] 2025-10-13 11:08:34.528 +0800 o.a.d.s.m.r.t.TaskGroupCoordinator:[187] - Success amend TaskGroupQueue status cost: 0/ms
[INFO] 2025-10-13 11:08:34.528 +0800 o.a.d.s.m.r.t.TaskGroupCoordinator:[241] - Success deal with force start TaskGroupQueue cost: 0/ms
[INFO] 2025-10-13 11:08:34.528 +0800 o.a.d.s.m.r.t.TaskGroupCoordinator:[129] - TaskGroupCoordinator round time cost: 0/ms
[INFO] 2025-10-13 11:08:35.107 +0800 o.a.d.s.m.c.IdSlotBasedCommandFetcher:[67] - Fetch commands: 0 success, cost: 0ms, totalSlot: 1, currentSlotIndex: 0
[INFO] 2025-10-13 11:08:36.111 +0800 o.a.d.s.m.c.IdSlotBasedCommandFetcher:[67] - Fetch commands: 0 success, cost: 0ms, totalSlot: 1, currentSlotIndex: 0
[INFO] 2025-10-13 11:08:37.112 +0800 o.a.d.s.m.c.IdSlotBasedCommandFetcher:[67] - Fetch commands: 0 success, cost: 0ms, totalSlot: 1, currentSlotIndex: 0
[INFO] 2025-10-13 11:08:38.276 +0800 o.a.d.s.m.c.IdSlotBasedCommandFetcher:[67] - Fetch commands: 0 success, cost: 0ms, totalSlot: 1, currentSlotIndex: 0
[INFO] 2025-10-13 11:08:39.340 +0800 o.a.d.s.m.c.IdSlotBasedCommandFetcher:[67] - Fetch commands: 0 success, cost: 0ms, totalSlot: 1, currentSlotIndex: 0
[INFO] 2025-10-13 11:08:39.534 +0800 o.a.d.s.m.r.t.TaskGroupCoordinator:[187] - Success amend TaskGroupQueue status cost: 0/ms
[INFO] 2025-10-13 11:08:39.534 +0800 o.a.d.s.m.r.t.TaskGroupCoordinator:[241] - Success deal with force start TaskGroupQueue cost: 0/ms
[INFO] 2025-10-13 11:08:39.534 +0800 o.a.d.s.m.r.t.TaskGroupCoordinator:[129] - TaskGroupCoordinator round time cost: 0/ms
[INFO] 2025-10-13 11:08:40.420 +0800 o.a.d.s.m.c.IdSlotBasedCommandFetcher:[67] - Fetch commands: 0 success, cost: 0ms, totalSlot: 1, currentSlotIndex: 0
[INFO] 2025-10-13 11:08:41.498 +0800 o.a.d.s.m.c.IdSlotBasedCommandFetcher:[67] - Fetch commands: 0 success, cost: 0ms, totalSlot: 1, currentSlotIndex: 0
[INFO] 2025-10-13 11:08:42.566 +0800 o.a.d.s.m.c.IdSlotBasedCommandFetcher:[67] - Fetch commands: 0 success, cost: 0ms, totalSlot: 1, currentSlotIndex: 0
[INFO] 2025-10-13 11:08:43.760 +0800 o.a.d.s.m.c.IdSlotBasedCommandFetcher:[67] - Fetch commands: 0 success, cost: 0ms, totalSlot: 1, currentSlotIndex: 0
[INFO] 2025-10-13 11:08:44.542 +0800 o.a.d.s.m.r.t.TaskGroupCoordinator:[187] - Success amend TaskGroupQueue status cost: 0/ms
[INFO] 2025-10-13 11:08:44.542 +0800 o.a.d.s.m.r.t.TaskGroupCoordinator:[241] - Success deal with force start TaskGroupQueue cost: 0/ms
[INFO] 2025-10-13 11:08:44.542 +0800 o.a.d.s.m.r.t.TaskGroupCoordinator:[129] - TaskGroupCoordinator round time cost: 0/ms
[INFO] 2025-10-13 11:08:44.762 +0800 o.a.d.s.m.c.IdSlotBasedCommandFetcher:[67] - Fetch commands: 0 success, cost: 0ms, totalSlot: 1, currentSlotIndex: 0
[INFO] 2025-10-13 11:08:45.763 +0800 o.a.d.s.m.c.IdSlotBasedCommandFetcher:[67] - Fetch commands: 0 success, cost: 0ms, totalSlot: 1, currentSlotIndex: 0
[INFO] 2025-10-13 11:08:46.764 +0800 o.a.d.s.m.c.IdSlotBasedCommandFetcher:[67] - Fetch commands: 0 success, cost: 0ms, totalSlot: 1, currentSlotIndex: 0
[INFO] 2025-10-13 11:08:47.767 +0800 o.a.d.s.m.c.IdSlotBasedCommandFetcher:[67] - Fetch commands: 0 success, cost: 0ms, totalSlot: 1, currentSlotIndex: 0
[INFO] 2025-10-13 11:08:48.768 +0800 o.a.d.s.m.c.IdSlotBasedCommandFetcher:[67] - Fetch commands: 0 success, cost: 0ms, totalSlot: 1, currentSlotIndex: 0
[INFO] 2025-10-13 11:08:49.547 +0800 o.a.d.s.m.r.t.TaskGroupCoordinator:[187] - Success amend TaskGroupQueue status cost: 0/ms
[INFO] 2025-10-13 11:08:49.548 +0800 o.a.d.s.m.r.t.TaskGroupCoordinator:[241] - Success deal with force start TaskGroupQueue cost: 0/ms
[INFO] 2025-10-13 11:08:49.548 +0800 o.a.d.s.m.r.t.TaskGroupCoordinator:[129] - TaskGroupCoordinator round time cost: 0/ms
[INFO] 2025-10-13 11:08:49.775 +0800 o.a.d.s.m.c.IdSlotBasedCommandFetcher:[67] - Fetch commands: 0 success, cost: 0ms, totalSlot: 1, currentSlotIndex: 0
[INFO] 2025-10-13 11:08:50.775 +0800 o.a.d.s.m.c.IdSlotBasedCommandFetcher:[67] - Fetch commands: 0 success, cost: 0ms, totalSlot: 1, currentSlotIndex: 0
[INFO] 2025-10-13 11:08:51.780 +0800 o.a.d.s.m.c.IdSlotBasedCommandFetcher:[67] - Fetch commands: 0 success, cost: 0ms, totalSlot: 1, currentSlotIndex: 0
[INFO] 2025-10-13 11:08:52.789 +0800 o.a.d.s.m.c.IdSlotBasedCommandFetcher:[67] - Fetch commands: 0 success, cost: 0ms, totalSlot: 1, currentSlotIndex: 0
[INFO] 2025-10-13 11:08:53.793 +0800 o.a.d.s.m.c.IdSlotBasedCommandFetcher:[67] - Fetch commands: 0 success, cost: 0ms, totalSlot: 1, currentSlotIndex: 0
[INFO] 2025-10-13 11:08:54.554 +0800 o.a.d.s.m.r.t.TaskGroupCoordinator:[187] - Success amend TaskGroupQueue status cost: 0/ms
[INFO] 2025-10-13 11:08:54.554 +0800 o.a.d.s.m.r.t.TaskGroupCoordinator:[241] - Success deal with force start TaskGroupQueue cost: 0/ms
[INFO] 2025-10-13 11:08:54.554 +0800 o.a.d.s.m.r.t.TaskGroupCoordinator:[129] - TaskGroupCoordinator round time cost: 0/ms
[INFO] 2025-10-13 11:08:54.800 +0800 o.a.d.s.m.c.IdSlotBasedCommandFetcher:[67] - Fetch commands: 0 success, cost: 0ms, totalSlot: 1, currentSlotIndex: 0
[INFO] 2025-10-13 11:08:55.800 +0800 o.a.d.s.m.c.IdSlotBasedCommandFetcher:[67] - Fetch commands: 0 success, cost: 0ms, totalSlot: 1, currentSlotIndex: 0
[INFO] 2025-10-13 11:08:56.801 +0800 o.a.d.s.m.c.IdSlotBasedCommandFetcher:[67] - Fetch commands: 0 success, cost: 0ms, totalSlot: 1, currentSlotIndex: 0
[INFO] 2025-10-13 11:08:57.805 +0800 o.a.d.s.m.c.IdSlotBasedCommandFetcher:[67] - Fetch commands: 0 success, cost: 0ms, totalSlot: 1, currentSlotIndex: 0
[INFO] 2025-10-13 11:08:58.995 +0800 o.a.d.s.m.c.IdSlotBasedCommandFetcher:[67] - Fetch commands: 0 success, cost: 0ms, totalSlot: 1, currentSlotIndex: 0
[INFO] 2025-10-13 11:08:59.559 +0800 o.a.d.s.m.r.t.TaskGroupCoordinator:[187] - Success amend TaskGroupQueue status cost: 0/ms
[INFO] 2025-10-13 11:08:59.560 +0800 o.a.d.s.m.r.t.TaskGroupCoordinator:[241] - Success deal with force start TaskGroupQueue cost: 0/ms
[INFO] 2025-10-13 11:08:59.560 +0800 o.a.d.s.m.r.t.TaskGroupCoordinator:[129] - TaskGroupCoordinator round time cost: 0/ms
[INFO] 2025-10-13 11:08:59.997 +0800 o.a.d.s.m.c.IdSlotBasedCommandFetcher:[67] - Fetch commands: 0 success, cost: 0ms, totalSlot: 1, currentSlotIndex: 0
[INFO] 2025-10-13 11:09:00.997 +0800 o.a.d.s.m.c.IdSlotBasedCommandFetcher:[67] - Fetch commands: 0 success, cost: 0ms, totalSlot: 1, currentSlotIndex: 0
[INFO] 2025-10-13 11:09:02.008 +0800 o.a.d.s.m.c.IdSlotBasedCommandFetcher:[67] - Fetch commands: 0 success, cost: 0ms, totalSlot: 1, currentSlotIndex: 0
[INFO] 2025-10-13 11:09:03.009 +0800 o.a.d.s.m.c.IdSlotBasedCommandFetcher:[67] - Fetch commands: 0 success, cost: 0ms, totalSlot: 1, currentSlotIndex: 0
[INFO] 2025-10-13 11:09:04.013 +0800 o.a.d.s.m.c.IdSlotBasedCommandFetcher:[67] - Fetch commands: 0 success, cost: 0ms, totalSlot: 1, currentSlotIndex: 0
[INFO] 2025-10-13 11:09:04.570 +0800 o.a.d.s.m.r.t.TaskGroupCoordinator:[187] - Success amend TaskGroupQueue status cost: 0/ms
[INFO] 2025-10-13 11:09:04.571 +0800 o.a.d.s.m.r.t.TaskGroupCoordinator:[241] - Success deal with force start TaskGroupQueue cost: 0/ms
[INFO] 2025-10-13 11:09:04.571 +0800 o.a.d.s.m.r.t.TaskGroupCoordinator:[129] - TaskGroupCoordinator round time cost: 1/ms
[INFO] 2025-10-13 11:09:05.014 +0800 o.a.d.s.m.c.IdSlotBasedCommandFetcher:[67] - Fetch commands: 0 success, cost: 0ms, totalSlot: 1, currentSlotIndex: 0
[INFO] 2025-10-13 11:09:06.022 +0800 o.a.d.s.m.c.IdSlotBasedCommandFetcher:[67] - Fetch commands: 0 success, cost: 0ms, totalSlot: 1, currentSlotIndex: 0
[INFO] 2025-10-13 11:09:07.023 +0800 o.a.d.s.m.c.IdSlotBasedCommandFetcher:[67] - Fetch commands: 0 success, cost: 0ms, totalSlot: 1, currentSlotIndex: 0
[INFO] 2025-10-13 11:09:08.024 +0800 o.a.d.s.m.c.IdSlotBasedCommandFetcher:[67] - Fetch commands: 0 success, cost: 0ms, totalSlot: 1, currentSlotIndex: 0
[INFO] 2025-10-13 11:09:09.024 +0800 o.a.d.s.m.c.IdSlotBasedCommandFetcher:[67] - Fetch commands: 0 success, cost: 0ms, totalSlot: 1, currentSlotIndex: 0
[INFO] 2025-10-13 11:09:09.575 +0800 o.a.d.s.m.r.t.TaskGroupCoordinator:[187] - Success amend TaskGroupQueue status cost: 0/ms
[INFO] 2025-10-13 11:09:09.575 +0800 o.a.d.s.m.r.t.TaskGroupCoordinator:[241] - Success deal with force start TaskGroupQueue cost: 0/ms
[INFO] 2025-10-13 11:09:09.576 +0800 o.a.d.s.m.r.t.TaskGroupCoordinator:[129] - TaskGroupCoordinator round time cost: 0/ms
[INFO] 2025-10-13 11:09:10.024 +0800 o.a.d.s.m.c.IdSlotBasedCommandFetcher:[67] - Fetch commands: 0 success, cost: 0ms, totalSlot: 1, currentSlotIndex: 0
[INFO] 2025-10-13 11:09:11.026 +0800 o.a.d.s.m.c.IdSlotBasedCommandFetcher:[67] - Fetch commands: 0 success, cost: 0ms, totalSlot: 1, currentSlotIndex: 0
[INFO] 2025-10-13 11:09:12.026 +0800 o.a.d.s.m.c.IdSlotBasedCommandFetcher:[67] - Fetch commands: 0 success, cost: 0ms, totalSlot: 1, currentSlotIndex: 0
[INFO] 2025-10-13 11:09:13.187 +0800 o.a.d.s.m.c.IdSlotBasedCommandFetcher:[67] - Fetch commands: 0 success, cost: 0ms, totalSlot: 1, currentSlotIndex: 0
[INFO] 2025-10-13 11:09:14.260 +0800 o.a.d.s.m.c.IdSlotBasedCommandFetcher:[67] - Fetch commands: 0 success, cost: 0ms, totalSlot: 1, currentSlotIndex: 0
[INFO] 2025-10-13 11:09:14.581 +0800 o.a.d.s.m.r.t.TaskGroupCoordinator:[187] - Success amend TaskGroupQueue status cost: 0/ms
[INFO] 2025-10-13 11:09:14.582 +0800 o.a.d.s.m.r.t.TaskGroupCoordinator:[241] - Success deal with force start TaskGroupQueue cost: 0/ms
[INFO] 2025-10-13 11:09:14.582 +0800 o.a.d.s.m.r.t.TaskGroupCoordinator:[129] - TaskGroupCoordinator round time cost: 1/ms
[INFO] 2025-10-13 11:09:15.334 +0800 o.a.d.s.m.c.IdSlotBasedCommandFetcher:[67] - Fetch commands: 0 success, cost: 0ms, totalSlot: 1, currentSlotIndex: 0
[INFO] 2025-10-13 11:09:16.402 +0800 o.a.d.s.m.c.IdSlotBasedCommandFetcher:[67] - Fetch commands: 0 success, cost: 0ms, totalSlot: 1, currentSlotIndex: 0
[INFO] 2025-10-13 11:09:17.472 +0800 o.a.d.s.m.c.IdSlotBasedCommandFetcher:[67] - Fetch commands: 0 success, cost: 0ms, totalSlot: 1, currentSlotIndex: 0
[INFO] 2025-10-13 11:09:18.538 +0800 o.a.d.s.m.c.IdSlotBasedCommandFetcher:[67] - Fetch commands: 0 success, cost: 0ms, totalSlot: 1, currentSlotIndex: 0
[INFO] 2025-10-13 11:09:19.586 +0800 o.a.d.s.m.r.t.TaskGroupCoordinator:[187] - Success amend TaskGroupQueue status cost: 0/ms
[INFO] 2025-10-13 11:09:19.586 +0800 o.a.d.s.m.r.t.TaskGroupCoordinator:[241] - Success deal with force start TaskGroupQueue cost: 0/ms
[INFO] 2025-10-13 11:09:19.587 +0800 o.a.d.s.m.r.t.TaskGroupCoordinator:[129] - TaskGroupCoordinator round time cost: 0/ms
[INFO] 2025-10-13 11:09:19.643 +0800 o.a.d.s.m.c.IdSlotBasedCommandFetcher:[67] - Fetch commands: 0 success, cost: 0ms, totalSlot: 1, currentSlotIndex: 0
[INFO] 2025-10-13 11:09:20.643 +0800 o.a.d.s.m.c.IdSlotBasedCommandFetcher:[67] - Fetch commands: 0 success, cost: 0ms, totalSlot: 1, currentSlotIndex: 0
[INFO] 2025-10-13 11:09:21.643 +0800 o.a.d.s.m.c.IdSlotBasedCommandFetcher:[67] - Fetch commands: 0 success, cost: 0ms, totalSlot: 1, currentSlotIndex: 0
[INFO] 2025-10-13 11:09:22.644 +0800 o.a.d.s.m.c.IdSlotBasedCommandFetcher:[67] - Fetch commands: 0 success, cost: 0ms, totalSlot: 1, currentSlotIndex: 0
[INFO] 2025-10-13 11:09:23.644 +0800 o.a.d.s.m.c.IdSlotBasedCommandFetcher:[67] - Fetch commands: 0 success, cost: 0ms, totalSlot: 1, currentSlotIndex: 0
[INFO] 2025-10-13 11:09:24.592 +0800 o.a.d.s.m.r.t.TaskGroupCoordinator:[187] - Success amend TaskGroupQueue status cost: 0/ms
[INFO] 2025-10-13 11:09:24.592 +0800 o.a.d.s.m.r.t.TaskGroupCoordinator:[241] - Success deal with force start TaskGroupQueue cost: 0/ms
[INFO] 2025-10-13 11:09:24.592 +0800 o.a.d.s.m.r.t.TaskGroupCoordinator:[129] - TaskGroupCoordinator round time cost: 0/ms
[INFO] 2025-10-13 11:09:24.645 +0800 o.a.d.s.m.c.IdSlotBasedCommandFetcher:[67] - Fetch commands: 0 success, cost: 0ms, totalSlot: 1, currentSlotIndex: 0
[INFO] 2025-10-13 11:09:25.646 +0800 o.a.d.s.m.c.IdSlotBasedCommandFetcher:[67] - Fetch commands: 0 success, cost: 0ms, totalSlot: 1, currentSlotIndex: 0
[INFO] 2025-10-13 11:09:26.646 +0800 o.a.d.s.m.c.IdSlotBasedCommandFetcher:[67] - Fetch commands: 0 success, cost: 0ms, totalSlot: 1, currentSlotIndex: 0
[INFO] 2025-10-13 11:09:27.647 +0800 o.a.d.s.m.c.IdSlotBasedCommandFetcher:[67] - Fetch commands: 0 success, cost: 0ms, totalSlot: 1, currentSlotIndex: 0
[INFO] 2025-10-13 11:09:28.648 +0800 o.a.d.s.m.c.IdSlotBasedCommandFetcher:[67] - Fetch commands: 0 success, cost: 0ms, totalSlot: 1, currentSlotIndex: 0
[INFO] 2025-10-13 11:09:29.596 +0800 o.a.d.s.m.r.t.TaskGroupCoordinator:[187] - Success amend TaskGroupQueue status cost: 0/ms
[INFO] 2025-10-13 11:09:29.596 +0800 o.a.d.s.m.r.t.TaskGroupCoordinator:[241] - Success deal with force start TaskGroupQueue cost: 0/ms
[INFO] 2025-10-13 11:09:29.596 +0800 o.a.d.s.m.r.t.TaskGroupCoordinator:[129] - TaskGroupCoordinator round time cost: 0/ms
[INFO] 2025-10-13 11:09:29.648 +0800 o.a.d.s.m.c.IdSlotBasedCommandFetcher:[67] - Fetch commands: 0 success, cost: 0ms, totalSlot: 1, currentSlotIndex: 0
[INFO] 2025-10-13 11:09:30.649 +0800 o.a.d.s.m.c.IdSlotBasedCommandFetcher:[67] - Fetch commands: 0 success, cost: 0ms, totalSlot: 1, currentSlotIndex: 0
[INFO] 2025-10-13 11:09:31.649 +0800 o.a.d.s.m.c.IdSlotBasedCommandFetcher:[67] - Fetch commands: 0 success, cost: 0ms, totalSlot: 1, currentSlotIndex: 0
[INFO] 2025-10-13 11:09:32.742 +0800 o.a.d.s.m.c.IdSlotBasedCommandFetcher:[67] - Fetch commands: 0 success, cost: 0ms, totalSlot: 1, currentSlotIndex: 0
[INFO] 2025-10-13 11:09:33.823 +0800 o.a.d.s.m.c.IdSlotBasedCommandFetcher:[67] - Fetch commands: 0 success, cost: 0ms, totalSlot: 1, currentSlotIndex: 0
[INFO] 2025-10-13 11:09:34.601 +0800 o.a.d.s.m.r.t.TaskGroupCoordinator:[187] - Success amend TaskGroupQueue status cost: 0/ms
[INFO] 2025-10-13 11:09:34.601 +0800 o.a.d.s.m.r.t.TaskGroupCoordinator:[241] - Success deal with force start TaskGroupQueue cost: 0/ms
[INFO] 2025-10-13 11:09:34.601 +0800 o.a.d.s.m.r.t.TaskGroupCoordinator:[129] - TaskGroupCoordinator round time cost: 0/ms
[INFO] 2025-10-13 11:09:34.889 +0800 o.a.d.s.m.c.IdSlotBasedCommandFetcher:[67] - Fetch commands: 0 success, cost: 0ms, totalSlot: 1, currentSlotIndex: 0
[INFO] 2025-10-13 11:09:35.963 +0800 o.a.d.s.m.c.IdSlotBasedCommandFetcher:[67] - Fetch commands: 0 success, cost: 0ms, totalSlot: 1, currentSlotIndex: 0
[INFO] 2025-10-13 11:09:37.027 +0800 o.a.d.s.m.c.IdSlotBasedCommandFetcher:[67] - Fetch commands: 0 success, cost: 0ms, totalSlot: 1, currentSlotIndex: 0
[INFO] 2025-10-13 11:09:38.098 +0800 o.a.d.s.m.c.IdSlotBasedCommandFetcher:[67] - Fetch commands: 0 success, cost: 0ms, totalSlot: 1, currentSlotIndex: 0
[INFO] 2025-10-13 11:09:39.166 +0800 o.a.d.s.m.c.IdSlotBasedCommandFetcher:[67] - Fetch commands: 0 success, cost: 0ms, totalSlot: 1, currentSlotIndex: 0
[INFO] 2025-10-13 11:09:39.608 +0800 o.a.d.s.m.r.t.TaskGroupCoordinator:[187] - Success amend TaskGroupQueue status cost: 0/ms
[INFO] 2025-10-13 11:09:39.608 +0800 o.a.d.s.m.r.t.TaskGroupCoordinator:[241] - Success deal with force start TaskGroupQueue cost: 0/ms
[INFO] 2025-10-13 11:09:39.608 +0800 o.a.d.s.m.r.t.TaskGroupCoordinator:[129] - TaskGroupCoordinator round time cost: 0/ms
[INFO] 2025-10-13 11:09:40.239 +0800 o.a.d.s.m.c.IdSlotBasedCommandFetcher:[67] - Fetch commands: 0 success, cost: 0ms, totalSlot: 1, currentSlotIndex: 0
[INFO] 2025-10-13 11:09:41.343 +0800 o.a.d.s.m.c.IdSlotBasedCommandFetcher:[67] - Fetch commands: 0 success, cost: 1ms, totalSlot: 1, currentSlotIndex: 0
[INFO] 2025-10-13 11:09:42.344 +0800 o.a.d.s.m.c.IdSlotBasedCommandFetcher:[67] - Fetch commands: 0 success, cost: 0ms, totalSlot: 1, currentSlotIndex: 0
[INFO] 2025-10-13 11:09:43.351 +0800 o.a.d.s.m.c.IdSlotBasedCommandFetcher:[67] - Fetch commands: 0 success, cost: 0ms, totalSlot: 1, currentSlotIndex: 0
[INFO] 2025-10-13 11:09:44.352 +0800 o.a.d.s.m.c.IdSlotBasedCommandFetcher:[67] - Fetch commands: 0 success, cost: 0ms, totalSlot: 1, currentSlotIndex: 0
[INFO] 2025-10-13 11:09:44.630 +0800 o.a.d.s.m.r.t.TaskGroupCoordinator:[187] - Success amend TaskGroupQueue status cost: 0/ms
[INFO] 2025-10-13 11:09:44.630 +0800 o.a.d.s.m.r.t.TaskGroupCoordinator:[241] - Success deal with force start TaskGroupQueue cost: 0/ms
[INFO] 2025-10-13 11:09:44.630 +0800 o.a.d.s.m.r.t.TaskGroupCoordinator:[129] - TaskGroupCoordinator round time cost: 0/ms
[INFO] 2025-10-13 11:09:45.356 +0800 o.a.d.s.m.c.IdSlotBasedCommandFetcher:[67] - Fetch commands: 0 success, cost: 0ms, totalSlot: 1, currentSlotIndex: 0
[INFO] 2025-10-13 11:09:46.357 +0800 o.a.d.s.m.c.IdSlotBasedCommandFetcher:[67] - Fetch commands: 0 success, cost: 0ms, totalSlot: 1, currentSlotIndex: 0
[INFO] 2025-10-13 11:09:47.366 +0800 o.a.d.s.m.c.IdSlotBasedCommandFetcher:[67] - Fetch commands: 0 success, cost: 0ms, totalSlot: 1, currentSlotIndex: 0
[INFO] 2025-10-13 11:09:48.366 +0800 o.a.d.s.m.c.IdSlotBasedCommandFetcher:[67] - Fetch commands: 0 success, cost: 0ms, totalSlot: 1, currentSlotIndex: 0
[INFO] 2025-10-13 11:09:49.367 +0800 o.a.d.s.m.c.IdSlotBasedCommandFetcher:[67] - Fetch commands: 0 success, cost: 0ms, totalSlot: 1, currentSlotIndex: 0
[INFO] 2025-10-13 11:09:49.643 +0800 o.a.d.s.m.r.t.TaskGroupCoordinator:[187] - Success amend TaskGroupQueue status cost: 0/ms
[INFO] 2025-10-13 11:09:49.643 +0800 o.a.d.s.m.r.t.TaskGroupCoordinator:[241] - Success deal with force start TaskGroupQueue cost: 0/ms
[INFO] 2025-10-13 11:09:49.643 +0800 o.a.d.s.m.r.t.TaskGroupCoordinator:[129] - TaskGroupCoordinator round time cost: 0/ms
[INFO] 2025-10-13 11:09:50.368 +0800 o.a.d.s.m.c.IdSlotBasedCommandFetcher:[67] - Fetch commands: 0 success, cost: 0ms, totalSlot: 1, currentSlotIndex: 0
[INFO] 2025-10-13 11:09:51.369 +0800 o.a.d.s.m.c.IdSlotBasedCommandFetcher:[67] - Fetch commands: 0 success, cost: 0ms, totalSlot: 1, currentSlotIndex: 0
[INFO] 2025-10-13 11:09:52.369 +0800 o.a.d.s.m.c.IdSlotBasedCommandFetcher:[67] - Fetch commands: 0 success, cost: 0ms, totalSlot: 1, currentSlotIndex: 0
[INFO] 2025-10-13 11:09:53.369 +0800 o.a.d.s.m.c.IdSlotBasedCommandFetcher:[67] - Fetch commands: 0 success, cost: 0ms, totalSlot: 1, currentSlotIndex: 0
[INFO] 2025-10-13 11:09:54.445 +0800 o.a.d.s.m.c.IdSlotBasedCommandFetcher:[67] - Fetch commands: 0 success, cost: 0ms, totalSlot: 1, currentSlotIndex: 0
[INFO] 2025-10-13 11:09:54.651 +0800 o.a.d.s.m.r.t.TaskGroupCoordinator:[187] - Success amend TaskGroupQueue status cost: 0/ms
[INFO] 2025-10-13 11:09:54.651 +0800 o.a.d.s.m.r.t.TaskGroupCoordinator:[241] - Success deal with force start TaskGroupQueue cost: 0/ms
[INFO] 2025-10-13 11:09:54.651 +0800 o.a.d.s.m.r.t.TaskGroupCoordinator:[129] - TaskGroupCoordinator round time cost: 1/ms
[INFO] 2025-10-13 11:09:55.562 +0800 o.a.d.s.m.c.IdSlotBasedCommandFetcher:[67] - Fetch commands: 0 success, cost: 0ms, totalSlot: 1, currentSlotIndex: 0
[INFO] 2025-10-13 11:09:56.563 +0800 o.a.d.s.m.c.IdSlotBasedCommandFetcher:[67] - Fetch commands: 0 success, cost: 0ms, totalSlot: 1, currentSlotIndex: 0
[INFO] 2025-10-13 11:09:57.564 +0800 o.a.d.s.m.c.IdSlotBasedCommandFetcher:[67] - Fetch commands: 0 success, cost: 0ms, totalSlot: 1, currentSlotIndex: 0
[INFO] 2025-10-13 11:09:58.564 +0800 o.a.d.s.m.c.IdSlotBasedCommandFetcher:[67] - Fetch commands: 0 success, cost: 0ms, totalSlot: 1, currentSlotIndex: 0
[INFO] 2025-10-13 11:09:59.565 +0800 o.a.d.s.m.c.IdSlotBasedCommandFetcher:[67] - Fetch commands: 0 success, cost: 0ms, totalSlot: 1, currentSlotIndex: 0
[INFO] 2025-10-13 11:09:59.656 +0800 o.a.d.s.m.r.t.TaskGroupCoordinator:[187] - Success amend TaskGroupQueue status cost: 0/ms
[INFO] 2025-10-13 11:09:59.656 +0800 o.a.d.s.m.r.t.TaskGroupCoordinator:[241] - Success deal with force start TaskGroupQueue cost: 0/ms
[INFO] 2025-10-13 11:09:59.656 +0800 o.a.d.s.m.r.t.TaskGroupCoordinator:[129] - TaskGroupCoordinator round time cost: 0/ms
[INFO] 2025-10-13 11:10:00.566 +0800 o.a.d.s.m.c.IdSlotBasedCommandFetcher:[67] - Fetch commands: 0 success, cost: 0ms, totalSlot: 1, currentSlotIndex: 0
[INFO] 2025-10-13 11:10:01.567 +0800 o.a.d.s.m.c.IdSlotBasedCommandFetcher:[67] - Fetch commands: 0 success, cost: 0ms, totalSlot: 1, currentSlotIndex: 0
[INFO] 2025-10-13 11:10:02.568 +0800 o.a.d.s.m.c.IdSlotBasedCommandFetcher:[67] - Fetch commands: 0 success, cost: 0ms, totalSlot: 1, currentSlotIndex: 0
[INFO] 2025-10-13 11:10:03.568 +0800 o.a.d.s.m.c.IdSlotBasedCommandFetcher:[67] - Fetch commands: 0 success, cost: 0ms, totalSlot: 1, currentSlotIndex: 0
[INFO] 2025-10-13 11:10:04.569 +0800 o.a.d.s.m.c.IdSlotBasedCommandFetcher:[67] - Fetch commands: 0 success, cost: 0ms, totalSlot: 1, currentSlotIndex: 0
[INFO] 2025-10-13 11:10:04.662 +0800 o.a.d.s.m.r.t.TaskGroupCoordinator:[187] - Success amend TaskGroupQueue status cost: 0/ms
[INFO] 2025-10-13 11:10:04.663 +0800 o.a.d.s.m.r.t.TaskGroupCoordinator:[241] - Success deal with force start TaskGroupQueue cost: 0/ms
[INFO] 2025-10-13 11:10:04.663 +0800 o.a.d.s.m.r.t.TaskGroupCoordinator:[129] - TaskGroupCoordinator round time cost: 0/ms
[INFO] 2025-10-13 11:10:05.569 +0800 o.a.d.s.m.c.IdSlotBasedCommandFetcher:[67] - Fetch commands: 0 success, cost: 0ms, totalSlot: 1, currentSlotIndex: 0
[INFO] 2025-10-13 11:10:06.570 +0800 o.a.d.s.m.c.IdSlotBasedCommandFetcher:[67] - Fetch commands: 0 success, cost: 0ms, totalSlot: 1, currentSlotIndex: 0
[INFO] 2025-10-13 11:10:07.571 +0800 o.a.d.s.m.c.IdSlotBasedCommandFetcher:[67] - Fetch commands: 0 success, cost: 0ms, totalSlot: 1, currentSlotIndex: 0
[INFO] 2025-10-13 11:10:08.668 +0800 o.a.d.s.m.c.IdSlotBasedCommandFetcher:[67] - Fetch commands: 0 success, cost: 1ms, totalSlot: 1, currentSlotIndex: 0
[INFO] 2025-10-13 11:10:09.666 +0800 o.a.d.s.m.r.t.TaskGroupCoordinator:[187] - Success amend TaskGroupQueue status cost: 0/ms
[INFO] 2025-10-13 11:10:09.666 +0800 o.a.d.s.m.r.t.TaskGroupCoordinator:[241] - Success deal with force start TaskGroupQueue cost: 0/ms
[INFO] 2025-10-13 11:10:09.669 +0800 o.a.d.s.m.r.t.TaskGroupCoordinator:[129] - TaskGroupCoordinator round time cost: 1/ms
[INFO] 2025-10-13 11:10:09.741 +0800 o.a.d.s.m.c.IdSlotBasedCommandFetcher:[67] - Fetch commands: 0 success, cost: 1ms, totalSlot: 1, currentSlotIndex: 0
[INFO] 2025-10-13 11:10:10.833 +0800 o.a.d.s.m.c.IdSlotBasedCommandFetcher:[67] - Fetch commands: 0 success, cost: 0ms, totalSlot: 1, currentSlotIndex: 0
[INFO] 2025-10-13 11:10:11.895 +0800 o.a.d.s.m.c.IdSlotBasedCommandFetcher:[67] - Fetch commands: 0 success, cost: 0ms, totalSlot: 1, currentSlotIndex: 0
[INFO] 2025-10-13 11:10:12.972 +0800 o.a.d.s.m.c.IdSlotBasedCommandFetcher:[67] - Fetch commands: 0 success, cost: 0ms, totalSlot: 1, currentSlotIndex: 0
[INFO] 2025-10-13 11:10:14.048 +0800 o.a.d.s.m.c.IdSlotBasedCommandFetcher:[67] - Fetch commands: 0 success, cost: 1ms, totalSlot: 1, currentSlotIndex: 0
[INFO] 2025-10-13 11:10:14.682 +0800 o.a.d.s.m.r.t.TaskGroupCoordinator:[187] - Success amend TaskGroupQueue status cost: 0/ms
[INFO] 2025-10-13 11:10:14.683 +0800 o.a.d.s.m.r.t.TaskGroupCoordinator:[241] - Success deal with force start TaskGroupQueue cost: 0/ms
[INFO] 2025-10-13 11:10:14.683 +0800 o.a.d.s.m.r.t.TaskGroupCoordinator:[129] - TaskGroupCoordinator round time cost: 0/ms
[INFO] 2025-10-13 11:10:15.051 +0800 o.a.d.s.m.c.IdSlotBasedCommandFetcher:[67] - Fetch commands: 0 success, cost: 0ms, totalSlot: 1, currentSlotIndex: 0
[INFO] 2025-10-13 11:10:16.051 +0800 o.a.d.s.m.c.IdSlotBasedCommandFetcher:[67] - Fetch commands: 0 success, cost: 0ms, totalSlot: 1, currentSlotIndex: 0
[INFO] 2025-10-13 11:10:17.052 +0800 o.a.d.s.m.c.IdSlotBasedCommandFetcher:[67] - Fetch commands: 0 success, cost: 0ms, totalSlot: 1, currentSlotIndex: 0
[INFO] 2025-10-13 11:10:18.052 +0800 o.a.d.s.m.c.IdSlotBasedCommandFetcher:[67] - Fetch commands: 0 success, cost: 0ms, totalSlot: 1, currentSlotIndex: 0
[INFO] 2025-10-13 11:10:19.053 +0800 o.a.d.s.m.c.IdSlotBasedCommandFetcher:[67] - Fetch commands: 0 success, cost: 0ms, totalSlot: 1, currentSlotIndex: 0
[INFO] 2025-10-13 11:10:19.698 +0800 o.a.d.s.m.r.t.TaskGroupCoordinator:[187] - Success amend TaskGroupQueue status cost: 0/ms
[INFO] 2025-10-13 11:10:19.699 +0800 o.a.d.s.m.r.t.TaskGroupCoordinator:[241] - Success deal with force start TaskGroupQueue cost: 0/ms
[INFO] 2025-10-13 11:10:19.699 +0800 o.a.d.s.m.r.t.TaskGroupCoordinator:[129] - TaskGroupCoordinator round time cost: 0/ms
[INFO] 2025-10-13 11:10:20.053 +0800 o.a.d.s.m.c.IdSlotBasedCommandFetcher:[67] - Fetch commands: 0 success, cost: 0ms, totalSlot: 1, currentSlotIndex: 0
[INFO] 2025-10-13 11:10:21.053 +0800 o.a.d.s.m.c.IdSlotBasedCommandFetcher:[67] - Fetch commands: 0 success, cost: 0ms, totalSlot: 1, currentSlotIndex: 0
[INFO] 2025-10-13 11:10:22.054 +0800 o.a.d.s.m.c.IdSlotBasedCommandFetcher:[67] - Fetch commands: 0 success, cost: 0ms, totalSlot: 1, currentSlotIndex: 0
[INFO] 2025-10-13 11:10:23.054 +0800 o.a.d.s.m.c.IdSlotBasedCommandFetcher:[67] - Fetch commands: 0 success, cost: 0ms, totalSlot: 1, currentSlotIndex: 0
[INFO] 2025-10-13 11:10:24.054 +0800 o.a.d.s.m.c.IdSlotBasedCommandFetcher:[67] - Fetch commands: 0 success, cost: 0ms, totalSlot: 1, currentSlotIndex: 0
[INFO] 2025-10-13 11:10:24.704 +0800 o.a.d.s.m.r.t.TaskGroupCoordinator:[187] - Success amend TaskGroupQueue status cost: 0/ms
[INFO] 2025-10-13 11:10:24.705 +0800 o.a.d.s.m.r.t.TaskGroupCoordinator:[241] - Success deal with force start TaskGroupQueue cost: 0/ms
[INFO] 2025-10-13 11:10:24.705 +0800 o.a.d.s.m.r.t.TaskGroupCoordinator:[129] - TaskGroupCoordinator round time cost: 0/ms
[INFO] 2025-10-13 11:10:25.055 +0800 o.a.d.s.m.c.IdSlotBasedCommandFetcher:[67] - Fetch commands: 0 success, cost: 0ms, totalSlot: 1, currentSlotIndex: 0
[INFO] 2025-10-13 11:10:26.055 +0800 o.a.d.s.m.c.IdSlotBasedCommandFetcher:[67] - Fetch commands: 0 success, cost: 0ms, totalSlot: 1, currentSlotIndex: 0
[INFO] 2025-10-13 11:10:27.056 +0800 o.a.d.s.m.c.IdSlotBasedCommandFetcher:[67] - Fetch commands: 0 success, cost: 0ms, totalSlot: 1, currentSlotIndex: 0
[INFO] 2025-10-13 11:10:28.183 +0800 o.a.d.s.m.c.IdSlotBasedCommandFetcher:[67] - Fetch commands: 0 success, cost: 0ms, totalSlot: 1, currentSlotIndex: 0
[INFO] 2025-10-13 11:10:29.269 +0800 o.a.d.s.m.c.IdSlotBasedCommandFetcher:[67] - Fetch commands: 0 success, cost: 0ms, totalSlot: 1, currentSlotIndex: 0
[INFO] 2025-10-13 11:10:29.714 +0800 o.a.d.s.m.r.t.TaskGroupCoordinator:[187] - Success amend TaskGroupQueue status cost: 0/ms
[INFO] 2025-10-13 11:10:29.714 +0800 o.a.d.s.m.r.t.TaskGroupCoordinator:[241] - Success deal with force start TaskGroupQueue cost: 0/ms
[INFO] 2025-10-13 11:10:29.714 +0800 o.a.d.s.m.r.t.TaskGroupCoordinator:[129] - TaskGroupCoordinator round time cost: 0/ms
[INFO] 2025-10-13 11:10:30.337 +0800 o.a.d.s.m.c.IdSlotBasedCommandFetcher:[67] - Fetch commands: 0 success, cost: 0ms, totalSlot: 1, currentSlotIndex: 0
[INFO] 2025-10-13 11:10:31.414 +0800 o.a.d.s.m.c.IdSlotBasedCommandFetcher:[67] - Fetch commands: 0 success, cost: 0ms, totalSlot: 1, currentSlotIndex: 0
[INFO] 2025-10-13 11:10:32.481 +0800 o.a.d.s.m.c.IdSlotBasedCommandFetcher:[67] - Fetch commands: 0 success, cost: 0ms, totalSlot: 1, currentSlotIndex: 0
[INFO] 2025-10-13 11:10:33.557 +0800 o.a.d.s.m.c.IdSlotBasedCommandFetcher:[67] - Fetch commands: 0 success, cost: 0ms, totalSlot: 1, currentSlotIndex: 0
[INFO] 2025-10-13 11:10:34.628 +0800 o.a.d.s.m.c.IdSlotBasedCommandFetcher:[67] - Fetch commands: 0 success, cost: 0ms, totalSlot: 1, currentSlotIndex: 0
[INFO] 2025-10-13 11:10:34.719 +0800 o.a.d.s.m.r.t.TaskGroupCoordinator:[187] - Success amend TaskGroupQueue status cost: 0/ms
[INFO] 2025-10-13 11:10:34.719 +0800 o.a.d.s.m.r.t.TaskGroupCoordinator:[241] - Success deal with force start TaskGroupQueue cost: 0/ms
[INFO] 2025-10-13 11:10:34.720 +0800 o.a.d.s.m.r.t.TaskGroupCoordinator:[129] - TaskGroupCoordinator round time cost: 1/ms
[INFO] 2025-10-13 11:10:35.796 +0800 o.a.d.s.m.c.IdSlotBasedCommandFetcher:[67] - Fetch commands: 0 success, cost: 0ms, totalSlot: 1, currentSlotIndex: 0
[INFO] 2025-10-13 11:10:36.798 +0800 o.a.d.s.m.c.IdSlotBasedCommandFetcher:[67] - Fetch commands: 0 success, cost: 1ms, totalSlot: 1, currentSlotIndex: 0
[INFO] 2025-10-13 11:10:37.810 +0800 o.a.d.s.m.c.IdSlotBasedCommandFetcher:[67] - Fetch commands: 0 success, cost: 0ms, totalSlot: 1, currentSlotIndex: 0
[INFO] 2025-10-13 11:10:38.811 +0800 o.a.d.s.m.c.IdSlotBasedCommandFetcher:[67] - Fetch commands: 0 success, cost: 0ms, totalSlot: 1, currentSlotIndex: 0
[INFO] 2025-10-13 11:10:39.726 +0800 o.a.d.s.m.r.t.TaskGroupCoordinator:[187] - Success amend TaskGroupQueue status cost: 0/ms
[INFO] 2025-10-13 11:10:39.726 +0800 o.a.d.s.m.r.t.TaskGroupCoordinator:[241] - Success deal with force start TaskGroupQueue cost: 0/ms
[INFO] 2025-10-13 11:10:39.726 +0800 o.a.d.s.m.r.t.TaskGroupCoordinator:[129] - TaskGroupCoordinator round time cost: 0/ms
[INFO] 2025-10-13 11:10:39.811 +0800 o.a.d.s.m.c.IdSlotBasedCommandFetcher:[67] - Fetch commands: 0 success, cost: 0ms, totalSlot: 1, currentSlotIndex: 0
[INFO] 2025-10-13 11:10:40.811 +0800 o.a.d.s.m.c.IdSlotBasedCommandFetcher:[67] - Fetch commands: 0 success, cost: 0ms, totalSlot: 1, currentSlotIndex: 0
[INFO] 2025-10-13 11:10:41.811 +0800 o.a.d.s.m.c.IdSlotBasedCommandFetcher:[67] - Fetch commands: 0 success, cost: 0ms, totalSlot: 1, currentSlotIndex: 0
[INFO] 2025-10-13 11:10:42.812 +0800 o.a.d.s.m.c.IdSlotBasedCommandFetcher:[67] - Fetch commands: 0 success, cost: 0ms, totalSlot: 1, currentSlotIndex: 0
[INFO] 2025-10-13 11:10:43.813 +0800 o.a.d.s.m.c.IdSlotBasedCommandFetcher:[67] - Fetch commands: 0 success, cost: 0ms, totalSlot: 1, currentSlotIndex: 0
[INFO] 2025-10-13 11:10:44.735 +0800 o.a.d.s.m.r.t.TaskGroupCoordinator:[187] - Success amend TaskGroupQueue status cost: 0/ms
[INFO] 2025-10-13 11:10:44.735 +0800 o.a.d.s.m.r.t.TaskGroupCoordinator:[241] - Success deal with force start TaskGroupQueue cost: 0/ms
[INFO] 2025-10-13 11:10:44.735 +0800 o.a.d.s.m.r.t.TaskGroupCoordinator:[129] - TaskGroupCoordinator round time cost: 0/ms
[INFO] 2025-10-13 11:10:44.813 +0800 o.a.d.s.m.c.IdSlotBasedCommandFetcher:[67] - Fetch commands: 0 success, cost: 0ms, totalSlot: 1, currentSlotIndex: 0
[INFO] 2025-10-13 11:10:45.814 +0800 o.a.d.s.m.c.IdSlotBasedCommandFetcher:[67] - Fetch commands: 0 success, cost: 0ms, totalSlot: 1, currentSlotIndex: 0
[INFO] 2025-10-13 11:10:46.814 +0800 o.a.d.s.m.c.IdSlotBasedCommandFetcher:[67] - Fetch commands: 0 success, cost: 0ms, totalSlot: 1, currentSlotIndex: 0
[INFO] 2025-10-13 11:10:47.815 +0800 o.a.d.s.m.c.IdSlotBasedCommandFetcher:[67] - Fetch commands: 0 success, cost: 0ms, totalSlot: 1, currentSlotIndex: 0
[INFO] 2025-10-13 11:10:48.815 +0800 o.a.d.s.m.c.IdSlotBasedCommandFetcher:[67] - Fetch commands: 0 success, cost: 0ms, totalSlot: 1, currentSlotIndex: 0
[INFO] 2025-10-13 11:10:49.742 +0800 o.a.d.s.m.r.t.TaskGroupCoordinator:[187] - Success amend TaskGroupQueue status cost: 0/ms
[INFO] 2025-10-13 11:10:49.742 +0800 o.a.d.s.m.r.t.TaskGroupCoordinator:[241] - Success deal with force start TaskGroupQueue cost: 0/ms
[INFO] 2025-10-13 11:10:49.742 +0800 o.a.d.s.m.r.t.TaskGroupCoordinator:[129] - TaskGroupCoordinator round time cost: 0/ms
[INFO] 2025-10-13 11:10:49.894 +0800 o.a.d.s.m.c.IdSlotBasedCommandFetcher:[67] - Fetch commands: 0 success, cost: 0ms, totalSlot: 1, currentSlotIndex: 0
[INFO] 2025-10-13 11:10:50.962 +0800 o.a.d.s.m.c.IdSlotBasedCommandFetcher:[67] - Fetch commands: 0 success, cost: 0ms, totalSlot: 1, currentSlotIndex: 0
[INFO] 2025-10-13 11:10:52.029 +0800 o.a.d.s.m.c.IdSlotBasedCommandFetcher:[67] - Fetch commands: 0 success, cost: 0ms, totalSlot: 1, currentSlotIndex: 0
[INFO] 2025-10-13 11:10:53.099 +0800 o.a.d.s.m.c.IdSlotBasedCommandFetcher:[67] - Fetch commands: 0 success, cost: 0ms, totalSlot: 1, currentSlotIndex: 0
[INFO] 2025-10-13 11:10:54.174 +0800 o.a.d.s.m.c.IdSlotBasedCommandFetcher:[67] - Fetch commands: 0 success, cost: 0ms, totalSlot: 1, currentSlotIndex: 0
[INFO] 2025-10-13 11:10:54.747 +0800 o.a.d.s.m.r.t.TaskGroupCoordinator:[187] - Success amend TaskGroupQueue status cost: 0/ms
[INFO] 2025-10-13 11:10:54.747 +0800 o.a.d.s.m.r.t.TaskGroupCoordinator:[241] - Success deal with force start TaskGroupQueue cost: 0/ms
[INFO] 2025-10-13 11:10:54.747 +0800 o.a.d.s.m.r.t.TaskGroupCoordinator:[129] - TaskGroupCoordinator round time cost: 1/ms
[INFO] 2025-10-13 11:10:55.283 +0800 o.a.d.s.m.c.IdSlotBasedCommandFetcher:[67] - Fetch commands: 0 success, cost: 0ms, totalSlot: 1, currentSlotIndex: 0
[INFO] 2025-10-13 11:10:56.284 +0800 o.a.d.s.m.c.IdSlotBasedCommandFetcher:[67] - Fetch commands: 0 success, cost: 0ms, totalSlot: 1, currentSlotIndex: 0
[INFO] 2025-10-13 11:10:57.285 +0800 o.a.d.s.m.c.IdSlotBasedCommandFetcher:[67] - Fetch commands: 0 success, cost: 0ms, totalSlot: 1, currentSlotIndex: 0
[INFO] 2025-10-13 11:10:58.285 +0800 o.a.d.s.m.c.IdSlotBasedCommandFetcher:[67] - Fetch commands: 0 success, cost: 0ms, totalSlot: 1, currentSlotIndex: 0
[INFO] 2025-10-13 11:10:59.295 +0800 o.a.d.s.m.c.IdSlotBasedCommandFetcher:[67] - Fetch commands: 0 success, cost: 0ms, totalSlot: 1, currentSlotIndex: 0
[INFO] 2025-10-13 11:10:59.754 +0800 o.a.d.s.m.r.t.TaskGroupCoordinator:[187] - Success amend TaskGroupQueue status cost: 0/ms
[INFO] 2025-10-13 11:10:59.754 +0800 o.a.d.s.m.r.t.TaskGroupCoordinator:[241] - Success deal with force start TaskGroupQueue cost: 0/ms
[INFO] 2025-10-13 11:10:59.754 +0800 o.a.d.s.m.r.t.TaskGroupCoordinator:[129] - TaskGroupCoordinator round time cost: 0/ms
[INFO] 2025-10-13 11:11:00.295 +0800 o.a.d.s.m.c.IdSlotBasedCommandFetcher:[67] - Fetch commands: 0 success, cost: 0ms, totalSlot: 1, currentSlotIndex: 0
[INFO] 2025-10-13 11:11:01.296 +0800 o.a.d.s.m.c.IdSlotBasedCommandFetcher:[67] - Fetch commands: 0 success, cost: 0ms, totalSlot: 1, currentSlotIndex: 0
[INFO] 2025-10-13 11:11:02.297 +0800 o.a.d.s.m.c.IdSlotBasedCommandFetcher:[67] - Fetch commands: 0 success, cost: 0ms, totalSlot: 1, currentSlotIndex: 0
[INFO] 2025-10-13 11:11:03.303 +0800 o.a.d.s.m.c.IdSlotBasedCommandFetcher:[67] - Fetch commands: 0 success, cost: 0ms, totalSlot: 1, currentSlotIndex: 0
[INFO] 2025-10-13 11:11:04.304 +0800 o.a.d.s.m.c.IdSlotBasedCommandFetcher:[67] - Fetch commands: 0 success, cost: 0ms, totalSlot: 1, currentSlotIndex: 0
[INFO] 2025-10-13 11:11:04.764 +0800 o.a.d.s.m.r.t.TaskGroupCoordinator:[187] - Success amend TaskGroupQueue status cost: 0/ms
[INFO] 2025-10-13 11:11:04.764 +0800 o.a.d.s.m.r.t.TaskGroupCoordinator:[241] - Success deal with force start TaskGroupQueue cost: 0/ms
[INFO] 2025-10-13 11:11:04.764 +0800 o.a.d.s.m.r.t.TaskGroupCoordinator:[129] - TaskGroupCoordinator round time cost: 0/ms
[INFO] 2025-10-13 11:11:05.311 +0800 o.a.d.s.m.c.IdSlotBasedCommandFetcher:[67] - Fetch commands: 0 success, cost: 0ms, totalSlot: 1, currentSlotIndex: 0
[INFO] 2025-10-13 11:11:06.311 +0800 o.a.d.s.m.c.IdSlotBasedCommandFetcher:[67] - Fetch commands: 0 success, cost: 0ms, totalSlot: 1, currentSlotIndex: 0
[INFO] 2025-10-13 11:11:07.324 +0800 o.a.d.s.m.c.IdSlotBasedCommandFetcher:[67] - Fetch commands: 0 success, cost: 0ms, totalSlot: 1, currentSlotIndex: 0
[INFO] 2025-10-13 11:11:08.324 +0800 o.a.d.s.m.c.IdSlotBasedCommandFetcher:[67] - Fetch commands: 0 success, cost: 0ms, totalSlot: 1, currentSlotIndex: 0
[INFO] 2025-10-13 11:11:09.465 +0800 o.a.d.s.m.c.IdSlotBasedCommandFetcher:[67] - Fetch commands: 0 success, cost: 0ms, totalSlot: 1, currentSlotIndex: 0
[INFO] 2025-10-13 11:11:09.770 +0800 o.a.d.s.m.r.t.TaskGroupCoordinator:[187] - Success amend TaskGroupQueue status cost: 0/ms
[INFO] 2025-10-13 11:11:09.771 +0800 o.a.d.s.m.r.t.TaskGroupCoordinator:[241] - Success deal with force start TaskGroupQueue cost: 0/ms
[INFO] 2025-10-13 11:11:09.771 +0800 o.a.d.s.m.r.t.TaskGroupCoordinator:[129] - TaskGroupCoordinator round time cost: 0/ms
[INFO] 2025-10-13 11:11:10.536 +0800 o.a.d.s.m.c.IdSlotBasedCommandFetcher:[67] - Fetch commands: 0 success, cost: 0ms, totalSlot: 1, currentSlotIndex: 0
[INFO] 2025-10-13 11:11:11.605 +0800 o.a.d.s.m.c.IdSlotBasedCommandFetcher:[67] - Fetch commands: 0 success, cost: 0ms, totalSlot: 1, currentSlotIndex: 0
[INFO] 2025-10-13 11:11:12.682 +0800 o.a.d.s.m.c.IdSlotBasedCommandFetcher:[67] - Fetch commands: 0 success, cost: 0ms, totalSlot: 1, currentSlotIndex: 0
[INFO] 2025-10-13 11:11:13.755 +0800 o.a.d.s.m.c.IdSlotBasedCommandFetcher:[67] - Fetch commands: 0 success, cost: 0ms, totalSlot: 1, currentSlotIndex: 0
[INFO] 2025-10-13 11:11:14.775 +0800 o.a.d.s.m.r.t.TaskGroupCoordinator:[187] - Success amend TaskGroupQueue status cost: 0/ms
[INFO] 2025-10-13 11:11:14.776 +0800 o.a.d.s.m.r.t.TaskGroupCoordinator:[241] - Success deal with force start TaskGroupQueue cost: 0/ms
[INFO] 2025-10-13 11:11:14.776 +0800 o.a.d.s.m.r.t.TaskGroupCoordinator:[129] - TaskGroupCoordinator round time cost: 0/ms
[INFO] 2025-10-13 11:11:14.825 +0800 o.a.d.s.m.c.IdSlotBasedCommandFetcher:[67] - Fetch commands: 0 success, cost: 1ms, totalSlot: 1, currentSlotIndex: 0
[INFO] 2025-10-13 11:11:15.900 +0800 o.a.d.s.m.c.IdSlotBasedCommandFetcher:[67] - Fetch commands: 0 success, cost: 0ms, totalSlot: 1, currentSlotIndex: 0
[INFO] 2025-10-13 11:11:17.101 +0800 o.a.d.s.m.c.IdSlotBasedCommandFetcher:[67] - Fetch commands: 0 success, cost: 0ms, totalSlot: 1, currentSlotIndex: 0
[INFO] 2025-10-13 11:11:18.103 +0800 o.a.d.s.m.c.IdSlotBasedCommandFetcher:[67] - Fetch commands: 0 success, cost: 0ms, totalSlot: 1, currentSlotIndex: 0
[INFO] 2025-10-13 11:11:19.104 +0800 o.a.d.s.m.c.IdSlotBasedCommandFetcher:[67] - Fetch commands: 0 success, cost: 0ms, totalSlot: 1, currentSlotIndex: 0
[INFO] 2025-10-13 11:11:19.784 +0800 o.a.d.s.m.r.t.TaskGroupCoordinator:[187] - Success amend TaskGroupQueue status cost: 0/ms
[INFO] 2025-10-13 11:11:19.784 +0800 o.a.d.s.m.r.t.TaskGroupCoordinator:[241] - Success deal with force start TaskGroupQueue cost: 0/ms
[INFO] 2025-10-13 11:11:19.785 +0800 o.a.d.s.m.r.t.TaskGroupCoordinator:[129] - TaskGroupCoordinator round time cost: 0/ms
[INFO] 2025-10-13 11:11:20.104 +0800 o.a.d.s.m.c.IdSlotBasedCommandFetcher:[67] - Fetch commands: 0 success, cost: 0ms, totalSlot: 1, currentSlotIndex: 0
[INFO] 2025-10-13 11:11:21.104 +0800 o.a.d.s.m.c.IdSlotBasedCommandFetcher:[67] - Fetch commands: 0 success, cost: 0ms, totalSlot: 1, currentSlotIndex: 0
[INFO] 2025-10-13 11:11:22.105 +0800 o.a.d.s.m.c.IdSlotBasedCommandFetcher:[67] - Fetch commands: 0 success, cost: 0ms, totalSlot: 1, currentSlotIndex: 0
[INFO] 2025-10-13 11:11:23.105 +0800 o.a.d.s.m.c.IdSlotBasedCommandFetcher:[67] - Fetch commands: 0 success, cost: 0ms, totalSlot: 1, currentSlotIndex: 0
[INFO] 2025-10-13 11:11:24.105 +0800 o.a.d.s.m.c.IdSlotBasedCommandFetcher:[67] - Fetch commands: 0 success, cost: 0ms, totalSlot: 1, currentSlotIndex: 0
[INFO] 2025-10-13 11:11:24.789 +0800 o.a.d.s.m.r.t.TaskGroupCoordinator:[187] - Success amend TaskGroupQueue status cost: 0/ms
[INFO] 2025-10-13 11:11:24.789 +0800 o.a.d.s.m.r.t.TaskGroupCoordinator:[241] - Success deal with force start TaskGroupQueue cost: 0/ms
[INFO] 2025-10-13 11:11:24.789 +0800 o.a.d.s.m.r.t.TaskGroupCoordinator:[129] - TaskGroupCoordinator round time cost: 0/ms
[INFO] 2025-10-13 11:11:25.106 +0800 o.a.d.s.m.c.IdSlotBasedCommandFetcher:[67] - Fetch commands: 0 success, cost: 0ms, totalSlot: 1, currentSlotIndex: 0
[INFO] 2025-10-13 11:11:26.107 +0800 o.a.d.s.m.c.IdSlotBasedCommandFetcher:[67] - Fetch commands: 0 success, cost: 0ms, totalSlot: 1, currentSlotIndex: 0
[INFO] 2025-10-13 11:11:27.107 +0800 o.a.d.s.m.c.IdSlotBasedCommandFetcher:[67] - Fetch commands: 0 success, cost: 0ms, totalSlot: 1, currentSlotIndex: 0
[INFO] 2025-10-13 11:11:28.107 +0800 o.a.d.s.m.c.IdSlotBasedCommandFetcher:[67] - Fetch commands: 0 success, cost: 0ms, totalSlot: 1, currentSlotIndex: 0
[INFO] 2025-10-13 11:11:29.118 +0800 o.a.d.s.m.c.IdSlotBasedCommandFetcher:[67] - Fetch commands: 0 success, cost: 0ms, totalSlot: 1, currentSlotIndex: 0
[INFO] 2025-10-13 11:11:29.795 +0800 o.a.d.s.m.r.t.TaskGroupCoordinator:[187] - Success amend TaskGroupQueue status cost: 0/ms
[INFO] 2025-10-13 11:11:29.795 +0800 o.a.d.s.m.r.t.TaskGroupCoordinator:[241] - Success deal with force start TaskGroupQueue cost: 0/ms
[INFO] 2025-10-13 11:11:29.795 +0800 o.a.d.s.m.r.t.TaskGroupCoordinator:[129] - TaskGroupCoordinator round time cost: 0/ms
[INFO] 2025-10-13 11:11:30.118 +0800 o.a.d.s.m.c.IdSlotBasedCommandFetcher:[67] - Fetch commands: 0 success, cost: 0ms, totalSlot: 1, currentSlotIndex: 0
[INFO] 2025-10-13 11:11:31.118 +0800 o.a.d.s.m.c.IdSlotBasedCommandFetcher:[67] - Fetch commands: 0 success, cost: 0ms, totalSlot: 1, currentSlotIndex: 0
[INFO] 2025-10-13 11:11:32.295 +0800 o.a.d.s.m.c.IdSlotBasedCommandFetcher:[67] - Fetch commands: 0 success, cost: 0ms, totalSlot: 1, currentSlotIndex: 0
[INFO] 2025-10-13 11:11:33.296 +0800 o.a.d.s.m.c.IdSlotBasedCommandFetcher:[67] - Fetch commands: 0 success, cost: 0ms, totalSlot: 1, currentSlotIndex: 0
[INFO] 2025-10-13 11:11:34.298 +0800 o.a.d.s.m.c.IdSlotBasedCommandFetcher:[67] - Fetch commands: 0 success, cost: 0ms, totalSlot: 1, currentSlotIndex: 0
[INFO] 2025-10-13 11:11:34.802 +0800 o.a.d.s.m.r.t.TaskGroupCoordinator:[187] - Success amend TaskGroupQueue status cost: 0/ms
[INFO] 2025-10-13 11:11:34.802 +0800 o.a.d.s.m.r.t.TaskGroupCoordinator:[241] - Success deal with force start TaskGroupQueue cost: 0/ms
[INFO] 2025-10-13 11:11:34.802 +0800 o.a.d.s.m.r.t.TaskGroupCoordinator:[129] - TaskGroupCoordinator round time cost: 0/ms
[INFO] 2025-10-13 11:11:35.298 +0800 o.a.d.s.m.c.IdSlotBasedCommandFetcher:[67] - Fetch commands: 0 success, cost: 0ms, totalSlot: 1, currentSlotIndex: 0
[INFO] 2025-10-13 11:11:36.299 +0800 o.a.d.s.m.c.IdSlotBasedCommandFetcher:[67] - Fetch commands: 0 success, cost: 0ms, totalSlot: 1, currentSlotIndex: 0
[INFO] 2025-10-13 11:11:37.301 +0800 o.a.d.s.m.c.IdSlotBasedCommandFetcher:[67] - Fetch commands: 0 success, cost: 0ms, totalSlot: 1, currentSlotIndex: 0
[INFO] 2025-10-13 11:11:38.302 +0800 o.a.d.s.m.c.IdSlotBasedCommandFetcher:[67] - Fetch commands: 0 success, cost: 0ms, totalSlot: 1, currentSlotIndex: 0
[INFO] 2025-10-13 11:11:39.306 +0800 o.a.d.s.m.c.IdSlotBasedCommandFetcher:[67] - Fetch commands: 0 success, cost: 0ms, totalSlot: 1, currentSlotIndex: 0
[INFO] 2025-10-13 11:11:39.807 +0800 o.a.d.s.m.r.t.TaskGroupCoordinator:[187] - Success amend TaskGroupQueue status cost: 0/ms
[INFO] 2025-10-13 11:11:39.808 +0800 o.a.d.s.m.r.t.TaskGroupCoordinator:[241] - Success deal with force start TaskGroupQueue cost: 0/ms
[INFO] 2025-10-13 11:11:39.808 +0800 o.a.d.s.m.r.t.TaskGroupCoordinator:[129] - TaskGroupCoordinator round time cost: 0/ms
[INFO] 2025-10-13 11:11:40.310 +0800 o.a.d.s.m.c.IdSlotBasedCommandFetcher:[67] - Fetch commands: 0 success, cost: 0ms, totalSlot: 1, currentSlotIndex: 0
[INFO] 2025-10-13 11:11:41.311 +0800 o.a.d.s.m.c.IdSlotBasedCommandFetcher:[67] - Fetch commands: 0 success, cost: 0ms, totalSlot: 1, currentSlotIndex: 0
[INFO] 2025-10-13 11:11:42.311 +0800 o.a.d.s.m.c.IdSlotBasedCommandFetcher:[67] - Fetch commands: 0 success, cost: 0ms, totalSlot: 1, currentSlotIndex: 0
[INFO] 2025-10-13 11:11:43.312 +0800 o.a.d.s.m.c.IdSlotBasedCommandFetcher:[67] - Fetch commands: 0 success, cost: 0ms, totalSlot: 1, currentSlotIndex: 0
[INFO] 2025-10-13 11:11:44.324 +0800 o.a.d.s.m.c.IdSlotBasedCommandFetcher:[67] - Fetch commands: 0 success, cost: 0ms, totalSlot: 1, currentSlotIndex: 0
[INFO] 2025-10-13 11:11:44.829 +0800 o.a.d.s.m.r.t.TaskGroupCoordinator:[187] - Success amend TaskGroupQueue status cost: 0/ms
[INFO] 2025-10-13 11:11:44.829 +0800 o.a.d.s.m.r.t.TaskGroupCoordinator:[241] - Success deal with force start TaskGroupQueue cost: 0/ms
[INFO] 2025-10-13 11:11:44.829 +0800 o.a.d.s.m.r.t.TaskGroupCoordinator:[129] - TaskGroupCoordinator round time cost: 0/ms
[INFO] 2025-10-13 11:11:45.325 +0800 o.a.d.s.m.c.IdSlotBasedCommandFetcher:[67] - Fetch commands: 0 success, cost: 0ms, totalSlot: 1, currentSlotIndex: 0
[INFO] 2025-10-13 11:11:46.336 +0800 o.a.d.s.m.c.IdSlotBasedCommandFetcher:[67] - Fetch commands: 0 success, cost: 0ms, totalSlot: 1, currentSlotIndex: 0
[INFO] 2025-10-13 11:11:47.336 +0800 o.a.d.s.m.c.IdSlotBasedCommandFetcher:[67] - Fetch commands: 0 success, cost: 0ms, totalSlot: 1, currentSlotIndex: 0
[INFO] 2025-10-13 11:11:48.337 +0800 o.a.d.s.m.c.IdSlotBasedCommandFetcher:[67] - Fetch commands: 0 success, cost: 0ms, totalSlot: 1, currentSlotIndex: 0
[INFO] 2025-10-13 11:11:49.338 +0800 o.a.d.s.m.c.IdSlotBasedCommandFetcher:[67] - Fetch commands: 0 success, cost: 0ms, totalSlot: 1, currentSlotIndex: 0
[INFO] 2025-10-13 11:11:49.834 +0800 o.a.d.s.m.r.t.TaskGroupCoordinator:[187] - Success amend TaskGroupQueue status cost: 0/ms
[INFO] 2025-10-13 11:11:49.834 +0800 o.a.d.s.m.r.t.TaskGroupCoordinator:[241] - Success deal with force start TaskGroupQueue cost: 0/ms
[INFO] 2025-10-13 11:11:49.834 +0800 o.a.d.s.m.r.t.TaskGroupCoordinator:[129] - TaskGroupCoordinator round time cost: 0/ms
[INFO] 2025-10-13 11:11:50.338 +0800 o.a.d.s.m.c.IdSlotBasedCommandFetcher:[67] - Fetch commands: 0 success, cost: 0ms, totalSlot: 1, currentSlotIndex: 0
[INFO] 2025-10-13 11:11:51.339 +0800 o.a.d.s.m.c.IdSlotBasedCommandFetcher:[67] - Fetch commands: 0 success, cost: 0ms, totalSlot: 1, currentSlotIndex: 0
[INFO] 2025-10-13 11:11:52.339 +0800 o.a.d.s.m.c.IdSlotBasedCommandFetcher:[67] - Fetch commands: 0 success, cost: 0ms, totalSlot: 1, currentSlotIndex: 0
[INFO] 2025-10-13 11:11:53.340 +0800 o.a.d.s.m.c.IdSlotBasedCommandFetcher:[67] - Fetch commands: 0 success, cost: 0ms, totalSlot: 1, currentSlotIndex: 0
[INFO] 2025-10-13 11:11:54.340 +0800 o.a.d.s.m.c.IdSlotBasedCommandFetcher:[67] - Fetch commands: 0 success, cost: 0ms, totalSlot: 1, currentSlotIndex: 0
[INFO] 2025-10-13 11:11:54.844 +0800 o.a.d.s.m.r.t.TaskGroupCoordinator:[187] - Success amend TaskGroupQueue status cost: 0/ms
[INFO] 2025-10-13 11:11:54.845 +0800 o.a.d.s.m.r.t.TaskGroupCoordinator:[241] - Success deal with force start TaskGroupQueue cost: 0/ms
[INFO] 2025-10-13 11:11:54.845 +0800 o.a.d.s.m.r.t.TaskGroupCoordinator:[129] - TaskGroupCoordinator round time cost: 0/ms
[INFO] 2025-10-13 11:11:55.340 +0800 o.a.d.s.m.c.IdSlotBasedCommandFetcher:[67] - Fetch commands: 0 success, cost: 0ms, totalSlot: 1, currentSlotIndex: 0
[INFO] 2025-10-13 11:11:56.340 +0800 o.a.d.s.m.c.IdSlotBasedCommandFetcher:[67] - Fetch commands: 0 success, cost: 0ms, totalSlot: 1, currentSlotIndex: 0
[INFO] 2025-10-13 11:11:57.341 +0800 o.a.d.s.m.c.IdSlotBasedCommandFetcher:[67] - Fetch commands: 0 success, cost: 0ms, totalSlot: 1, currentSlotIndex: 0
[INFO] 2025-10-13 11:11:58.341 +0800 o.a.d.s.m.c.IdSlotBasedCommandFetcher:[67] - Fetch commands: 0 success, cost: 0ms, totalSlot: 1, currentSlotIndex: 0
[INFO] 2025-10-13 11:11:59.526 +0800 o.a.d.s.m.c.IdSlotBasedCommandFetcher:[67] - Fetch commands: 0 success, cost: 0ms, totalSlot: 1, currentSlotIndex: 0
[INFO] 2025-10-13 11:11:59.849 +0800 o.a.d.s.m.r.t.TaskGroupCoordinator:[187] - Success amend TaskGroupQueue status cost: 0/ms
[INFO] 2025-10-13 11:11:59.851 +0800 o.a.d.s.m.r.t.TaskGroupCoordinator:[241] - Success deal with force start TaskGroupQueue cost: 0/ms
[INFO] 2025-10-13 11:11:59.851 +0800 o.a.d.s.m.r.t.TaskGroupCoordinator:[129] - TaskGroupCoordinator round time cost: 0/ms
[INFO] 2025-10-13 11:12:00.598 +0800 o.a.d.s.m.c.IdSlotBasedCommandFetcher:[67] - Fetch commands: 0 success, cost: 0ms, totalSlot: 1, currentSlotIndex: 0
[INFO] 2025-10-13 11:12:01.664 +0800 o.a.d.s.m.c.IdSlotBasedCommandFetcher:[67] - Fetch commands: 0 success, cost: 0ms, totalSlot: 1, currentSlotIndex: 0
[INFO] 2025-10-13 11:12:02.739 +0800 o.a.d.s.m.c.IdSlotBasedCommandFetcher:[67] - Fetch commands: 0 success, cost: 0ms, totalSlot: 1, currentSlotIndex: 0
[INFO] 2025-10-13 11:12:03.741 +0800 o.a.d.s.m.c.IdSlotBasedCommandFetcher:[67] - Fetch commands: 0 success, cost: 0ms, totalSlot: 1, currentSlotIndex: 0
[INFO] 2025-10-13 11:12:04.741 +0800 o.a.d.s.m.c.IdSlotBasedCommandFetcher:[67] - Fetch commands: 0 success, cost: 0ms, totalSlot: 1, currentSlotIndex: 0
[INFO] 2025-10-13 11:12:04.856 +0800 o.a.d.s.m.r.t.TaskGroupCoordinator:[187] - Success amend TaskGroupQueue status cost: 0/ms
[INFO] 2025-10-13 11:12:04.856 +0800 o.a.d.s.m.r.t.TaskGroupCoordinator:[241] - Success deal with force start TaskGroupQueue cost: 0/ms
[INFO] 2025-10-13 11:12:04.856 +0800 o.a.d.s.m.r.t.TaskGroupCoordinator:[129] - TaskGroupCoordinator round time cost: 0/ms
[INFO] 2025-10-13 11:12:05.743 +0800 o.a.d.s.m.c.IdSlotBasedCommandFetcher:[67] - Fetch commands: 0 success, cost: 0ms, totalSlot: 1, currentSlotIndex: 0
[INFO] 2025-10-13 11:12:06.743 +0800 o.a.d.s.m.c.IdSlotBasedCommandFetcher:[67] - Fetch commands: 0 success, cost: 0ms, totalSlot: 1, currentSlotIndex: 0
[INFO] 2025-10-13 11:12:07.744 +0800 o.a.d.s.m.c.IdSlotBasedCommandFetcher:[67] - Fetch commands: 0 success, cost: 0ms, totalSlot: 1, currentSlotIndex: 0
[INFO] 2025-10-13 11:12:08.744 +0800 o.a.d.s.m.c.IdSlotBasedCommandFetcher:[67] - Fetch commands: 0 success, cost: 0ms, totalSlot: 1, currentSlotIndex: 0
[INFO] 2025-10-13 11:12:09.745 +0800 o.a.d.s.m.c.IdSlotBasedCommandFetcher:[67] - Fetch commands: 0 success, cost: 0ms, totalSlot: 1, currentSlotIndex: 0
[INFO] 2025-10-13 11:12:09.861 +0800 o.a.d.s.m.r.t.TaskGroupCoordinator:[187] - Success amend TaskGroupQueue status cost: 0/ms
[INFO] 2025-10-13 11:12:09.861 +0800 o.a.d.s.m.r.t.TaskGroupCoordinator:[241] - Success deal with force start TaskGroupQueue cost: 0/ms
[INFO] 2025-10-13 11:12:09.861 +0800 o.a.d.s.m.r.t.TaskGroupCoordinator:[129] - TaskGroupCoordinator round time cost: 0/ms
[INFO] 2025-10-13 11:12:10.746 +0800 o.a.d.s.m.c.IdSlotBasedCommandFetcher:[67] - Fetch commands: 0 success, cost: 0ms, totalSlot: 1, currentSlotIndex: 0
[INFO] 2025-10-13 11:12:11.746 +0800 o.a.d.s.m.c.IdSlotBasedCommandFetcher:[67] - Fetch commands: 0 success, cost: 0ms, totalSlot: 1, currentSlotIndex: 0
[INFO] 2025-10-13 11:12:12.747 +0800 o.a.d.s.m.c.IdSlotBasedCommandFetcher:[67] - Fetch commands: 0 success, cost: 0ms, totalSlot: 1, currentSlotIndex: 0
[INFO] 2025-10-13 11:12:13.747 +0800 o.a.d.s.m.c.IdSlotBasedCommandFetcher:[67] - Fetch commands: 0 success, cost: 0ms, totalSlot: 1, currentSlotIndex: 0
[INFO] 2025-10-13 11:12:14.842 +0800 o.a.d.s.m.c.IdSlotBasedCommandFetcher:[67] - Fetch commands: 0 success, cost: 0ms, totalSlot: 1, currentSlotIndex: 0
[INFO] 2025-10-13 11:12:14.867 +0800 o.a.d.s.m.r.t.TaskGroupCoordinator:[187] - Success amend TaskGroupQueue status cost: 0/ms
[INFO] 2025-10-13 11:12:14.867 +0800 o.a.d.s.m.r.t.TaskGroupCoordinator:[241] - Success deal with force start TaskGroupQueue cost: 0/ms
[INFO] 2025-10-13 11:12:14.867 +0800 o.a.d.s.m.r.t.TaskGroupCoordinator:[129] - TaskGroupCoordinator round time cost: 0/ms
[INFO] 2025-10-13 11:12:15.917 +0800 o.a.d.s.m.c.IdSlotBasedCommandFetcher:[67] - Fetch commands: 0 success, cost: 0ms, totalSlot: 1, currentSlotIndex: 0
[INFO] 2025-10-13 11:12:16.985 +0800 o.a.d.s.m.c.IdSlotBasedCommandFetcher:[67] - Fetch commands: 0 success, cost: 0ms, totalSlot: 1, currentSlotIndex: 0
[INFO] 2025-10-13 11:12:18.066 +0800 o.a.d.s.m.c.IdSlotBasedCommandFetcher:[67] - Fetch commands: 0 success, cost: 0ms, totalSlot: 1, currentSlotIndex: 0
[INFO] 2025-10-13 11:12:19.142 +0800 o.a.d.s.m.c.IdSlotBasedCommandFetcher:[67] - Fetch commands: 0 success, cost: 0ms, totalSlot: 1, currentSlotIndex: 0
[INFO] 2025-10-13 11:12:19.871 +0800 o.a.d.s.m.r.t.TaskGroupCoordinator:[187] - Success amend TaskGroupQueue status cost: 0/ms
[INFO] 2025-10-13 11:12:19.871 +0800 o.a.d.s.m.r.t.TaskGroupCoordinator:[241] - Success deal with force start TaskGroupQueue cost: 0/ms
[INFO] 2025-10-13 11:12:19.871 +0800 o.a.d.s.m.r.t.TaskGroupCoordinator:[129] - TaskGroupCoordinator round time cost: 0/ms
[INFO] 2025-10-13 11:12:20.204 +0800 o.a.d.s.m.c.IdSlotBasedCommandFetcher:[67] - Fetch commands: 0 success, cost: 0ms, totalSlot: 1, currentSlotIndex: 0
[INFO] 2025-10-13 11:12:21.281 +0800 o.a.d.s.m.c.IdSlotBasedCommandFetcher:[67] - Fetch commands: 0 success, cost: 0ms, totalSlot: 1, currentSlotIndex: 0
[INFO] 2025-10-13 11:12:22.348 +0800 o.a.d.s.m.c.IdSlotBasedCommandFetcher:[67] - Fetch commands: 0 success, cost: 0ms, totalSlot: 1, currentSlotIndex: 0
[INFO] 2025-10-13 11:12:23.427 +0800 o.a.d.s.m.c.IdSlotBasedCommandFetcher:[67] - Fetch commands: 0 success, cost: 0ms, totalSlot: 1, currentSlotIndex: 0
[INFO] 2025-10-13 11:12:24.496 +0800 o.a.d.s.m.c.IdSlotBasedCommandFetcher:[67] - Fetch commands: 0 success, cost: 0ms, totalSlot: 1, currentSlotIndex: 0
[INFO] 2025-10-13 11:12:24.880 +0800 o.a.d.s.m.r.t.TaskGroupCoordinator:[187] - Success amend TaskGroupQueue status cost: 0/ms
[INFO] 2025-10-13 11:12:24.881 +0800 o.a.d.s.m.r.t.TaskGroupCoordinator:[241] - Success deal with force start TaskGroupQueue cost: 0/ms
[INFO] 2025-10-13 11:12:24.881 +0800 o.a.d.s.m.r.t.TaskGroupCoordinator:[129] - TaskGroupCoordinator round time cost: 1/ms
[INFO] 2025-10-13 11:12:25.578 +0800 o.a.d.s.m.c.IdSlotBasedCommandFetcher:[67] - Fetch commands: 0 success, cost: 0ms, totalSlot: 1, currentSlotIndex: 0
[INFO] 2025-10-13 11:12:26.646 +0800 o.a.d.s.m.c.IdSlotBasedCommandFetcher:[67] - Fetch commands: 0 success, cost: 0ms, totalSlot: 1, currentSlotIndex: 0
[INFO] 2025-10-13 11:12:27.837 +0800 o.a.d.s.m.c.IdSlotBasedCommandFetcher:[67] - Fetch commands: 0 success, cost: 0ms, totalSlot: 1, currentSlotIndex: 0
[INFO] 2025-10-13 11:12:28.838 +0800 o.a.d.s.m.c.IdSlotBasedCommandFetcher:[67] - Fetch commands: 0 success, cost: 0ms, totalSlot: 1, currentSlotIndex: 0
[INFO] 2025-10-13 11:12:29.839 +0800 o.a.d.s.m.c.IdSlotBasedCommandFetcher:[67] - Fetch commands: 0 success, cost: 0ms, totalSlot: 1, currentSlotIndex: 0
[INFO] 2025-10-13 11:12:29.885 +0800 o.a.d.s.m.r.t.TaskGroupCoordinator:[187] - Success amend TaskGroupQueue status cost: 0/ms
[INFO] 2025-10-13 11:12:29.885 +0800 o.a.d.s.m.r.t.TaskGroupCoordinator:[241] - Success deal with force start TaskGroupQueue cost: 0/ms
[INFO] 2025-10-13 11:12:29.886 +0800 o.a.d.s.m.r.t.TaskGroupCoordinator:[129] - TaskGroupCoordinator round time cost: 1/ms
[INFO] 2025-10-13 11:12:30.839 +0800 o.a.d.s.m.c.IdSlotBasedCommandFetcher:[67] - Fetch commands: 0 success, cost: 0ms, totalSlot: 1, currentSlotIndex: 0
[INFO] 2025-10-13 11:12:31.840 +0800 o.a.d.s.m.c.IdSlotBasedCommandFetcher:[67] - Fetch commands: 0 success, cost: 0ms, totalSlot: 1, currentSlotIndex: 0
[INFO] 2025-10-13 11:12:32.840 +0800 o.a.d.s.m.c.IdSlotBasedCommandFetcher:[67] - Fetch commands: 0 success, cost: 0ms, totalSlot: 1, currentSlotIndex: 0
[INFO] 2025-10-13 11:12:33.840 +0800 o.a.d.s.m.c.IdSlotBasedCommandFetcher:[67] - Fetch commands: 0 success, cost: 0ms, totalSlot: 1, currentSlotIndex: 0
[INFO] 2025-10-13 11:12:34.840 +0800 o.a.d.s.m.c.IdSlotBasedCommandFetcher:[67] - Fetch commands: 0 success, cost: 0ms, totalSlot: 1, currentSlotIndex: 0
[INFO] 2025-10-13 11:12:34.892 +0800 o.a.d.s.m.r.t.TaskGroupCoordinator:[187] - Success amend TaskGroupQueue status cost: 0/ms
[INFO] 2025-10-13 11:12:34.892 +0800 o.a.d.s.m.r.t.TaskGroupCoordinator:[241] - Success deal with force start TaskGroupQueue cost: 0/ms
[INFO] 2025-10-13 11:12:34.892 +0800 o.a.d.s.m.r.t.TaskGroupCoordinator:[129] - TaskGroupCoordinator round time cost: 1/ms
[INFO] 2025-10-13 11:12:35.841 +0800 o.a.d.s.m.c.IdSlotBasedCommandFetcher:[67] - Fetch commands: 0 success, cost: 0ms, totalSlot: 1, currentSlotIndex: 0
[INFO] 2025-10-13 11:12:36.842 +0800 o.a.d.s.m.c.IdSlotBasedCommandFetcher:[67] - Fetch commands: 0 success, cost: 0ms, totalSlot: 1, currentSlotIndex: 0
[INFO] 2025-10-13 11:12:37.843 +0800 o.a.d.s.m.c.IdSlotBasedCommandFetcher:[67] - Fetch commands: 0 success, cost: 0ms, totalSlot: 1, currentSlotIndex: 0
[INFO] 2025-10-13 11:12:38.851 +0800 o.a.d.s.m.c.IdSlotBasedCommandFetcher:[67] - Fetch commands: 0 success, cost: 0ms, totalSlot: 1, currentSlotIndex: 0
[INFO] 2025-10-13 11:12:39.852 +0800 o.a.d.s.m.c.IdSlotBasedCommandFetcher:[67] - Fetch commands: 0 success, cost: 0ms, totalSlot: 1, currentSlotIndex: 0
[INFO] 2025-10-13 11:12:39.897 +0800 o.a.d.s.m.r.t.TaskGroupCoordinator:[187] - Success amend TaskGroupQueue status cost: 0/ms
[INFO] 2025-10-13 11:12:39.897 +0800 o.a.d.s.m.r.t.TaskGroupCoordinator:[241] - Success deal with force start TaskGroupQueue cost: 0/ms
[INFO] 2025-10-13 11:12:39.897 +0800 o.a.d.s.m.r.t.TaskGroupCoordinator:[129] - TaskGroupCoordinator round time cost: 0/ms
[INFO] 2025-10-13 11:12:40.862 +0800 o.a.d.s.m.c.IdSlotBasedCommandFetcher:[67] - Fetch commands: 0 success, cost: 0ms, totalSlot: 1, currentSlotIndex: 0
[INFO] 2025-10-13 11:12:41.864 +0800 o.a.d.s.m.c.IdSlotBasedCommandFetcher:[67] - Fetch commands: 0 success, cost: 0ms, totalSlot: 1, currentSlotIndex: 0
[INFO] 2025-10-13 11:12:43.042 +0800 o.a.d.s.m.c.IdSlotBasedCommandFetcher:[67] - Fetch commands: 0 success, cost: 0ms, totalSlot: 1, currentSlotIndex: 0
[INFO] 2025-10-13 11:12:44.043 +0800 o.a.d.s.m.c.IdSlotBasedCommandFetcher:[67] - Fetch commands: 0 success, cost: 0ms, totalSlot: 1, currentSlotIndex: 0
[INFO] 2025-10-13 11:12:44.920 +0800 o.a.d.s.m.r.t.TaskGroupCoordinator:[187] - Success amend TaskGroupQueue status cost: 0/ms
[INFO] 2025-10-13 11:12:44.920 +0800 o.a.d.s.m.r.t.TaskGroupCoordinator:[241] - Success deal with force start TaskGroupQueue cost: 0/ms
[INFO] 2025-10-13 11:12:44.920 +0800 o.a.d.s.m.r.t.TaskGroupCoordinator:[129] - TaskGroupCoordinator round time cost: 0/ms
[INFO] 2025-10-13 11:12:45.043 +0800 o.a.d.s.m.c.IdSlotBasedCommandFetcher:[67] - Fetch commands: 0 success, cost: 0ms, totalSlot: 1, currentSlotIndex: 0
[INFO] 2025-10-13 11:12:46.044 +0800 o.a.d.s.m.c.IdSlotBasedCommandFetcher:[67] - Fetch commands: 0 success, cost: 0ms, totalSlot: 1, currentSlotIndex: 0
[INFO] 2025-10-13 11:12:47.044 +0800 o.a.d.s.m.c.IdSlotBasedCommandFetcher:[67] - Fetch commands: 0 success, cost: 0ms, totalSlot: 1, currentSlotIndex: 0
[INFO] 2025-10-13 11:12:48.045 +0800 o.a.d.s.m.c.IdSlotBasedCommandFetcher:[67] - Fetch commands: 0 success, cost: 0ms, totalSlot: 1, currentSlotIndex: 0
[INFO] 2025-10-13 11:12:49.045 +0800 o.a.d.s.m.c.IdSlotBasedCommandFetcher:[67] - Fetch commands: 0 success, cost: 0ms, totalSlot: 1, currentSlotIndex: 0
[INFO] 2025-10-13 11:12:49.929 +0800 o.a.d.s.m.r.t.TaskGroupCoordinator:[187] - Success amend TaskGroupQueue status cost: 0/ms
[INFO] 2025-10-13 11:12:49.929 +0800 o.a.d.s.m.r.t.TaskGroupCoordinator:[241] - Success deal with force start TaskGroupQueue cost: 0/ms
[INFO] 2025-10-13 11:12:49.929 +0800 o.a.d.s.m.r.t.TaskGroupCoordinator:[129] - TaskGroupCoordinator round time cost: 0/ms
[INFO] 2025-10-13 11:12:50.046 +0800 o.a.d.s.m.c.IdSlotBasedCommandFetcher:[67] - Fetch commands: 0 success, cost: 0ms, totalSlot: 1, currentSlotIndex: 0
[INFO] 2025-10-13 11:12:51.047 +0800 o.a.d.s.m.c.IdSlotBasedCommandFetcher:[67] - Fetch commands: 0 success, cost: 0ms, totalSlot: 1, currentSlotIndex: 0
[INFO] 2025-10-13 11:12:52.048 +0800 o.a.d.s.m.c.IdSlotBasedCommandFetcher:[67] - Fetch commands: 0 success, cost: 0ms, totalSlot: 1, currentSlotIndex: 0
[INFO] 2025-10-13 11:12:53.048 +0800 o.a.d.s.m.c.IdSlotBasedCommandFetcher:[67] - Fetch commands: 0 success, cost: 0ms, totalSlot: 1, currentSlotIndex: 0
[INFO] 2025-10-13 11:12:54.048 +0800 o.a.d.s.m.c.IdSlotBasedCommandFetcher:[67] - Fetch commands: 0 success, cost: 0ms, totalSlot: 1, currentSlotIndex: 0
[INFO] 2025-10-13 11:12:54.933 +0800 o.a.d.s.m.r.t.TaskGroupCoordinator:[187] - Success amend TaskGroupQueue status cost: 0/ms
[INFO] 2025-10-13 11:12:54.934 +0800 o.a.d.s.m.r.t.TaskGroupCoordinator:[241] - Success deal with force start TaskGroupQueue cost: 0/ms
[INFO] 2025-10-13 11:12:54.934 +0800 o.a.d.s.m.r.t.TaskGroupCoordinator:[129] - TaskGroupCoordinator round time cost: 0/ms
[INFO] 2025-10-13 11:12:55.049 +0800 o.a.d.s.m.c.IdSlotBasedCommandFetcher:[67] - Fetch commands: 0 success, cost: 0ms, totalSlot: 1, currentSlotIndex: 0
[INFO] 2025-10-13 11:12:56.049 +0800 o.a.d.s.m.c.IdSlotBasedCommandFetcher:[67] - Fetch commands: 0 success, cost: 0ms, totalSlot: 1, currentSlotIndex: 0
[INFO] 2025-10-13 11:12:57.243 +0800 o.a.d.s.m.c.IdSlotBasedCommandFetcher:[67] - Fetch commands: 0 success, cost: 0ms, totalSlot: 1, currentSlotIndex: 0
[INFO] 2025-10-13 11:12:58.255 +0800 o.a.d.s.m.c.IdSlotBasedCommandFetcher:[67] - Fetch commands: 0 success, cost: 0ms, totalSlot: 1, currentSlotIndex: 0
[INFO] 2025-10-13 11:12:59.269 +0800 o.a.d.s.m.c.IdSlotBasedCommandFetcher:[67] - Fetch commands: 0 success, cost: 1ms, totalSlot: 1, currentSlotIndex: 0
[INFO] 2025-10-13 11:12:59.939 +0800 o.a.d.s.m.r.t.TaskGroupCoordinator:[187] - Success amend TaskGroupQueue status cost: 0/ms
[INFO] 2025-10-13 11:12:59.939 +0800 o.a.d.s.m.r.t.TaskGroupCoordinator:[241] - Success deal with force start TaskGroupQueue cost: 0/ms
[INFO] 2025-10-13 11:12:59.939 +0800 o.a.d.s.m.r.t.TaskGroupCoordinator:[129] - TaskGroupCoordinator round time cost: 0/ms
[INFO] 2025-10-13 11:13:00.269 +0800 o.a.d.s.m.c.IdSlotBasedCommandFetcher:[67] - Fetch commands: 0 success, cost: 0ms, totalSlot: 1, currentSlotIndex: 0
[INFO] 2025-10-13 11:13:01.269 +0800 o.a.d.s.m.c.IdSlotBasedCommandFetcher:[67] - Fetch commands: 0 success, cost: 0ms, totalSlot: 1, currentSlotIndex: 0
[INFO] 2025-10-13 11:13:02.270 +0800 o.a.d.s.m.c.IdSlotBasedCommandFetcher:[67] - Fetch commands: 0 success, cost: 0ms, totalSlot: 1, currentSlotIndex: 0
[INFO] 2025-10-13 11:13:03.270 +0800 o.a.d.s.m.c.IdSlotBasedCommandFetcher:[67] - Fetch commands: 0 success, cost: 0ms, totalSlot: 1, currentSlotIndex: 0
[INFO] 2025-10-13 11:13:04.270 +0800 o.a.d.s.m.c.IdSlotBasedCommandFetcher:[67] - Fetch commands: 0 success, cost: 0ms, totalSlot: 1, currentSlotIndex: 0
[INFO] 2025-10-13 11:13:04.942 +0800 o.a.d.s.m.r.t.TaskGroupCoordinator:[187] - Success amend TaskGroupQueue status cost: 0/ms
[INFO] 2025-10-13 11:13:04.943 +0800 o.a.d.s.m.r.t.TaskGroupCoordinator:[241] - Success deal with force start TaskGroupQueue cost: 0/ms
[INFO] 2025-10-13 11:13:04.943 +0800 o.a.d.s.m.r.t.TaskGroupCoordinator:[129] - TaskGroupCoordinator round time cost: 0/ms
[INFO] 2025-10-13 11:13:05.271 +0800 o.a.d.s.m.c.IdSlotBasedCommandFetcher:[67] - Fetch commands: 0 success, cost: 0ms, totalSlot: 1, currentSlotIndex: 0
[INFO] 2025-10-13 11:13:06.280 +0800 o.a.d.s.m.c.IdSlotBasedCommandFetcher:[67] - Fetch commands: 0 success, cost: 0ms, totalSlot: 1, currentSlotIndex: 0
[INFO] 2025-10-13 11:13:07.281 +0800 o.a.d.s.m.c.IdSlotBasedCommandFetcher:[67] - Fetch commands: 0 success, cost: 0ms, totalSlot: 1, currentSlotIndex: 0
[INFO] 2025-10-13 11:13:08.281 +0800 o.a.d.s.m.c.IdSlotBasedCommandFetcher:[67] - Fetch commands: 0 success, cost: 0ms, totalSlot: 1, currentSlotIndex: 0
[INFO] 2025-10-13 11:13:09.282 +0800 o.a.d.s.m.c.IdSlotBasedCommandFetcher:[67] - Fetch commands: 0 success, cost: 0ms, totalSlot: 1, currentSlotIndex: 0
[INFO] 2025-10-13 11:13:09.946 +0800 o.a.d.s.m.r.t.TaskGroupCoordinator:[187] - Success amend TaskGroupQueue status cost: 0/ms
[INFO] 2025-10-13 11:13:09.947 +0800 o.a.d.s.m.r.t.TaskGroupCoordinator:[241] - Success deal with force start TaskGroupQueue cost: 0/ms
[INFO] 2025-10-13 11:13:09.947 +0800 o.a.d.s.m.r.t.TaskGroupCoordinator:[129] - TaskGroupCoordinator round time cost: 0/ms
[INFO] 2025-10-13 11:13:10.282 +0800 o.a.d.s.m.c.IdSlotBasedCommandFetcher:[67] - Fetch commands: 0 success, cost: 0ms, totalSlot: 1, currentSlotIndex: 0
[INFO] 2025-10-13 11:13:11.282 +0800 o.a.d.s.m.c.IdSlotBasedCommandFetcher:[67] - Fetch commands: 0 success, cost: 0ms, totalSlot: 1, currentSlotIndex: 0
[INFO] 2025-10-13 11:13:12.482 +0800 o.a.d.s.m.c.IdSlotBasedCommandFetcher:[67] - Fetch commands: 0 success, cost: 0ms, totalSlot: 1, currentSlotIndex: 0
[INFO] 2025-10-13 11:13:13.550 +0800 o.a.d.s.m.c.IdSlotBasedCommandFetcher:[67] - Fetch commands: 0 success, cost: 0ms, totalSlot: 1, currentSlotIndex: 0
[INFO] 2025-10-13 11:13:14.622 +0800 o.a.d.s.m.c.IdSlotBasedCommandFetcher:[67] - Fetch commands: 0 success, cost: 0ms, totalSlot: 1, currentSlotIndex: 0
[INFO] 2025-10-13 11:13:14.951 +0800 o.a.d.s.m.r.t.TaskGroupCoordinator:[187] - Success amend TaskGroupQueue status cost: 0/ms
[INFO] 2025-10-13 11:13:14.951 +0800 o.a.d.s.m.r.t.TaskGroupCoordinator:[241] - Success deal with force start TaskGroupQueue cost: 0/ms
[INFO] 2025-10-13 11:13:14.951 +0800 o.a.d.s.m.r.t.TaskGroupCoordinator:[129] - TaskGroupCoordinator round time cost: 0/ms
[INFO] 2025-10-13 11:13:15.695 +0800 o.a.d.s.m.c.IdSlotBasedCommandFetcher:[67] - Fetch commands: 0 success, cost: 0ms, totalSlot: 1, currentSlotIndex: 0
[INFO] 2025-10-13 11:13:16.764 +0800 o.a.d.s.m.c.IdSlotBasedCommandFetcher:[67] - Fetch commands: 0 success, cost: 0ms, totalSlot: 1, currentSlotIndex: 0
[INFO] 2025-10-13 11:13:17.833 +0800 o.a.d.s.m.c.IdSlotBasedCommandFetcher:[67] - Fetch commands: 0 success, cost: 0ms, totalSlot: 1, currentSlotIndex: 0
[INFO] 2025-10-13 11:13:18.899 +0800 o.a.d.s.m.c.IdSlotBasedCommandFetcher:[67] - Fetch commands: 0 success, cost: 0ms, totalSlot: 1, currentSlotIndex: 0
[INFO] 2025-10-13 11:13:19.956 +0800 o.a.d.s.m.r.t.TaskGroupCoordinator:[187] - Success amend TaskGroupQueue status cost: 0/ms
[INFO] 2025-10-13 11:13:19.956 +0800 o.a.d.s.m.r.t.TaskGroupCoordinator:[241] - Success deal with force start TaskGroupQueue cost: 0/ms
[INFO] 2025-10-13 11:13:19.956 +0800 o.a.d.s.m.r.t.TaskGroupCoordinator:[129] - TaskGroupCoordinator round time cost: 0/ms
[INFO] 2025-10-13 11:13:19.970 +0800 o.a.d.s.m.c.IdSlotBasedCommandFetcher:[67] - Fetch commands: 0 success, cost: 0ms, totalSlot: 1, currentSlotIndex: 0
[INFO] 2025-10-13 11:13:21.030 +0800 o.a.d.s.m.c.IdSlotBasedCommandFetcher:[67] - Fetch commands: 0 success, cost: 0ms, totalSlot: 1, currentSlotIndex: 0
[INFO] 2025-10-13 11:13:22.100 +0800 o.a.d.s.m.c.IdSlotBasedCommandFetcher:[67] - Fetch commands: 0 success, cost: 0ms, totalSlot: 1, currentSlotIndex: 0
[INFO] 2025-10-13 11:13:23.167 +0800 o.a.d.s.m.c.IdSlotBasedCommandFetcher:[67] - Fetch commands: 0 success, cost: 0ms, totalSlot: 1, currentSlotIndex: 0
[INFO] 2025-10-13 11:13:24.242 +0800 o.a.d.s.m.c.IdSlotBasedCommandFetcher:[67] - Fetch commands: 0 success, cost: 0ms, totalSlot: 1, currentSlotIndex: 0
[INFO] 2025-10-13 11:13:24.962 +0800 o.a.d.s.m.r.t.TaskGroupCoordinator:[187] - Success amend TaskGroupQueue status cost: 0/ms
[INFO] 2025-10-13 11:13:24.962 +0800 o.a.d.s.m.r.t.TaskGroupCoordinator:[241] - Success deal with force start TaskGroupQueue cost: 0/ms
[INFO] 2025-10-13 11:13:24.962 +0800 o.a.d.s.m.r.t.TaskGroupCoordinator:[129] - TaskGroupCoordinator round time cost: 1/ms
[INFO] 2025-10-13 11:13:25.319 +0800 o.a.d.s.m.c.IdSlotBasedCommandFetcher:[67] - Fetch commands: 0 success, cost: 0ms, totalSlot: 1, currentSlotIndex: 0
[INFO] 2025-10-13 11:13:26.460 +0800 o.a.d.s.m.c.IdSlotBasedCommandFetcher:[67] - Fetch commands: 0 success, cost: 0ms, totalSlot: 1, currentSlotIndex: 0
[INFO] 2025-10-13 11:13:27.466 +0800 o.a.d.s.m.c.IdSlotBasedCommandFetcher:[67] - Fetch commands: 0 success, cost: 0ms, totalSlot: 1, currentSlotIndex: 0
[INFO] 2025-10-13 11:13:28.469 +0800 o.a.d.s.m.c.IdSlotBasedCommandFetcher:[67] - Fetch commands: 0 success, cost: 0ms, totalSlot: 1, currentSlotIndex: 0
[INFO] 2025-10-13 11:13:29.473 +0800 o.a.d.s.m.c.IdSlotBasedCommandFetcher:[67] - Fetch commands: 0 success, cost: 0ms, totalSlot: 1, currentSlotIndex: 0
[INFO] 2025-10-13 11:13:29.967 +0800 o.a.d.s.m.r.t.TaskGroupCoordinator:[187] - Success amend TaskGroupQueue status cost: 0/ms
[INFO] 2025-10-13 11:13:29.967 +0800 o.a.d.s.m.r.t.TaskGroupCoordinator:[241] - Success deal with force start TaskGroupQueue cost: 0/ms
[INFO] 2025-10-13 11:13:29.967 +0800 o.a.d.s.m.r.t.TaskGroupCoordinator:[129] - TaskGroupCoordinator round time cost: 1/ms
[INFO] 2025-10-13 11:13:30.488 +0800 o.a.d.s.m.c.IdSlotBasedCommandFetcher:[67] - Fetch commands: 0 success, cost: 0ms, totalSlot: 1, currentSlotIndex: 0
[INFO] 2025-10-13 11:13:31.500 +0800 o.a.d.s.m.c.IdSlotBasedCommandFetcher:[67] - Fetch commands: 0 success, cost: 0ms, totalSlot: 1, currentSlotIndex: 0
[INFO] 2025-10-13 11:13:32.514 +0800 o.a.d.s.m.c.IdSlotBasedCommandFetcher:[67] - Fetch commands: 0 success, cost: 0ms, totalSlot: 1, currentSlotIndex: 0
[INFO] 2025-10-13 11:13:33.519 +0800 o.a.d.s.m.c.IdSlotBasedCommandFetcher:[67] - Fetch commands: 0 success, cost: 0ms, totalSlot: 1, currentSlotIndex: 0
[INFO] 2025-10-13 11:13:34.533 +0800 o.a.d.s.m.c.IdSlotBasedCommandFetcher:[67] - Fetch commands: 0 success, cost: 0ms, totalSlot: 1, currentSlotIndex: 0
[INFO] 2025-10-13 11:13:34.983 +0800 o.a.d.s.m.r.t.TaskGroupCoordinator:[187] - Success amend TaskGroupQueue status cost: 0/ms
[INFO] 2025-10-13 11:13:34.983 +0800 o.a.d.s.m.r.t.TaskGroupCoordinator:[241] - Success deal with force start TaskGroupQueue cost: 0/ms
[INFO] 2025-10-13 11:13:34.983 +0800 o.a.d.s.m.r.t.TaskGroupCoordinator:[129] - TaskGroupCoordinator round time cost: 0/ms
[INFO] 2025-10-13 11:13:35.540 +0800 o.a.d.s.m.c.IdSlotBasedCommandFetcher:[67] - Fetch commands: 0 success, cost: 0ms, totalSlot: 1, currentSlotIndex: 0
[INFO] 2025-10-13 11:13:36.545 +0800 o.a.d.s.m.c.IdSlotBasedCommandFetcher:[67] - Fetch commands: 0 success, cost: 0ms, totalSlot: 1, currentSlotIndex: 0
[INFO] 2025-10-13 11:13:37.559 +0800 o.a.d.s.m.c.IdSlotBasedCommandFetcher:[67] - Fetch commands: 0 success, cost: 0ms, totalSlot: 1, currentSlotIndex: 0
[INFO] 2025-10-13 11:13:38.832 +0800 o.a.d.s.m.c.IdSlotBasedCommandFetcher:[67] - Fetch commands: 0 success, cost: 0ms, totalSlot: 1, currentSlotIndex: 0
[INFO] 2025-10-13 11:13:39.842 +0800 o.a.d.s.m.c.IdSlotBasedCommandFetcher:[67] - Fetch commands: 0 success, cost: 0ms, totalSlot: 1, currentSlotIndex: 0
[INFO] 2025-10-13 11:13:40.006 +0800 o.a.d.s.m.r.t.TaskGroupCoordinator:[187] - Success amend TaskGroupQueue status cost: 0/ms
[INFO] 2025-10-13 11:13:40.006 +0800 o.a.d.s.m.r.t.TaskGroupCoordinator:[241] - Success deal with force start TaskGroupQueue cost: 0/ms
[INFO] 2025-10-13 11:13:40.006 +0800 o.a.d.s.m.r.t.TaskGroupCoordinator:[129] - TaskGroupCoordinator round time cost: 0/ms
[INFO] 2025-10-13 11:13:40.850 +0800 o.a.d.s.m.c.IdSlotBasedCommandFetcher:[67] - Fetch commands: 0 success, cost: 0ms, totalSlot: 1, currentSlotIndex: 0
[INFO] 2025-10-13 11:13:41.854 +0800 o.a.d.s.m.c.IdSlotBasedCommandFetcher:[67] - Fetch commands: 0 success, cost: 0ms, totalSlot: 1, currentSlotIndex: 0
[INFO] 2025-10-13 11:13:42.856 +0800 o.a.d.s.m.c.IdSlotBasedCommandFetcher:[67] - Fetch commands: 0 success, cost: 0ms, totalSlot: 1, currentSlotIndex: 0
[INFO] 2025-10-13 11:13:43.859 +0800 o.a.d.s.m.c.IdSlotBasedCommandFetcher:[67] - Fetch commands: 0 success, cost: 0ms, totalSlot: 1, currentSlotIndex: 0
[INFO] 2025-10-13 11:13:44.864 +0800 o.a.d.s.m.c.IdSlotBasedCommandFetcher:[67] - Fetch commands: 0 success, cost: 0ms, totalSlot: 1, currentSlotIndex: 0
[INFO] 2025-10-13 11:13:45.019 +0800 o.a.d.s.m.r.t.TaskGroupCoordinator:[187] - Success amend TaskGroupQueue status cost: 0/ms
[INFO] 2025-10-13 11:13:45.019 +0800 o.a.d.s.m.r.t.TaskGroupCoordinator:[241] - Success deal with force start TaskGroupQueue cost: 0/ms
[INFO] 2025-10-13 11:13:45.019 +0800 o.a.d.s.m.r.t.TaskGroupCoordinator:[129] - TaskGroupCoordinator round time cost: 0/ms
[INFO] 2025-10-13 11:13:45.874 +0800 o.a.d.s.m.c.IdSlotBasedCommandFetcher:[67] - Fetch commands: 0 success, cost: 0ms, totalSlot: 1, currentSlotIndex: 0
[INFO] 2025-10-13 11:13:46.885 +0800 o.a.d.s.m.c.IdSlotBasedCommandFetcher:[67] - Fetch commands: 0 success, cost: 0ms, totalSlot: 1, currentSlotIndex: 0
[INFO] 2025-10-13 11:13:47.894 +0800 o.a.d.s.m.c.IdSlotBasedCommandFetcher:[67] - Fetch commands: 0 success, cost: 0ms, totalSlot: 1, currentSlotIndex: 0
[INFO] 2025-10-13 11:13:48.909 +0800 o.a.d.s.m.c.IdSlotBasedCommandFetcher:[67] - Fetch commands: 0 success, cost: 0ms, totalSlot: 1, currentSlotIndex: 0
[INFO] 2025-10-13 11:13:49.917 +0800 o.a.d.s.m.c.IdSlotBasedCommandFetcher:[67] - Fetch commands: 0 success, cost: 0ms, totalSlot: 1, currentSlotIndex: 0
[INFO] 2025-10-13 11:13:50.037 +0800 o.a.d.s.m.r.t.TaskGroupCoordinator:[187] - Success amend TaskGroupQueue status cost: 0/ms
[INFO] 2025-10-13 11:13:50.037 +0800 o.a.d.s.m.r.t.TaskGroupCoordinator:[241] - Success deal with force start TaskGroupQueue cost: 0/ms
[INFO] 2025-10-13 11:13:50.038 +0800 o.a.d.s.m.r.t.TaskGroupCoordinator:[129] - TaskGroupCoordinator round time cost: 0/ms
[INFO] 2025-10-13 11:13:51.144 +0800 o.a.d.s.m.c.IdSlotBasedCommandFetcher:[67] - Fetch commands: 0 success, cost: 0ms, totalSlot: 1, currentSlotIndex: 0
[INFO] 2025-10-13 11:13:52.147 +0800 o.a.d.s.m.c.IdSlotBasedCommandFetcher:[67] - Fetch commands: 0 success, cost: 0ms, totalSlot: 1, currentSlotIndex: 0
[INFO] 2025-10-13 11:13:53.148 +0800 o.a.d.s.m.c.IdSlotBasedCommandFetcher:[67] - Fetch commands: 0 success, cost: 0ms, totalSlot: 1, currentSlotIndex: 0
[INFO] 2025-10-13 11:13:54.156 +0800 o.a.d.s.m.c.IdSlotBasedCommandFetcher:[67] - Fetch commands: 0 success, cost: 0ms, totalSlot: 1, currentSlotIndex: 0
[INFO] 2025-10-13 11:13:55.056 +0800 o.a.d.s.m.r.t.TaskGroupCoordinator:[187] - Success amend TaskGroupQueue status cost: 0/ms
[INFO] 2025-10-13 11:13:55.056 +0800 o.a.d.s.m.r.t.TaskGroupCoordinator:[241] - Success deal with force start TaskGroupQueue cost: 0/ms
[INFO] 2025-10-13 11:13:55.056 +0800 o.a.d.s.m.r.t.TaskGroupCoordinator:[129] - TaskGroupCoordinator round time cost: 1/ms
[INFO] 2025-10-13 11:13:55.164 +0800 o.a.d.s.m.c.IdSlotBasedCommandFetcher:[67] - Fetch commands: 0 success, cost: 0ms, totalSlot: 1, currentSlotIndex: 0
[INFO] 2025-10-13 11:13:56.172 +0800 o.a.d.s.m.c.IdSlotBasedCommandFetcher:[67] - Fetch commands: 0 success, cost: 0ms, totalSlot: 1, currentSlotIndex: 0
[INFO] 2025-10-13 11:13:57.189 +0800 o.a.d.s.m.c.IdSlotBasedCommandFetcher:[67] - Fetch commands: 0 success, cost: 0ms, totalSlot: 1, currentSlotIndex: 0
[INFO] 2025-10-13 11:13:58.191 +0800 o.a.d.s.m.c.IdSlotBasedCommandFetcher:[67] - Fetch commands: 0 success, cost: 1ms, totalSlot: 1, currentSlotIndex: 0
[INFO] 2025-10-13 11:13:59.203 +0800 o.a.d.s.m.c.IdSlotBasedCommandFetcher:[67] - Fetch commands: 0 success, cost: 0ms, totalSlot: 1, currentSlotIndex: 0
[INFO] 2025-10-13 11:14:00.067 +0800 o.a.d.s.m.r.t.TaskGroupCoordinator:[187] - Success amend TaskGroupQueue status cost: 0/ms
[INFO] 2025-10-13 11:14:00.067 +0800 o.a.d.s.m.r.t.TaskGroupCoordinator:[241] - Success deal with force start TaskGroupQueue cost: 0/ms
[INFO] 2025-10-13 11:14:00.068 +0800 o.a.d.s.m.r.t.TaskGroupCoordinator:[129] - TaskGroupCoordinator round time cost: 0/ms
[INFO] 2025-10-13 11:14:00.214 +0800 o.a.d.s.m.c.IdSlotBasedCommandFetcher:[67] - Fetch commands: 0 success, cost: 0ms, totalSlot: 1, currentSlotIndex: 0
[INFO] 2025-10-13 11:14:01.224 +0800 o.a.d.s.m.c.IdSlotBasedCommandFetcher:[67] - Fetch commands: 0 success, cost: 0ms, totalSlot: 1, currentSlotIndex: 0
[INFO] 2025-10-13 11:14:02.241 +0800 o.a.d.s.m.c.IdSlotBasedCommandFetcher:[67] - Fetch commands: 0 success, cost: 0ms, totalSlot: 1, currentSlotIndex: 0
[INFO] 2025-10-13 11:14:03.473 +0800 o.a.d.s.m.c.IdSlotBasedCommandFetcher:[67] - Fetch commands: 0 success, cost: 0ms, totalSlot: 1, currentSlotIndex: 0
[INFO] 2025-10-13 11:14:04.482 +0800 o.a.d.s.m.c.IdSlotBasedCommandFetcher:[67] - Fetch commands: 0 success, cost: 1ms, totalSlot: 1, currentSlotIndex: 0
[INFO] 2025-10-13 11:14:05.077 +0800 o.a.d.s.m.r.t.TaskGroupCoordinator:[187] - Success amend TaskGroupQueue status cost: 0/ms
[INFO] 2025-10-13 11:14:05.078 +0800 o.a.d.s.m.r.t.TaskGroupCoordinator:[241] - Success deal with force start TaskGroupQueue cost: 0/ms
[INFO] 2025-10-13 11:14:05.078 +0800 o.a.d.s.m.r.t.TaskGroupCoordinator:[129] - TaskGroupCoordinator round time cost: 0/ms
[INFO] 2025-10-13 11:14:05.496 +0800 o.a.d.s.m.c.IdSlotBasedCommandFetcher:[67] - Fetch commands: 0 success, cost: 0ms, totalSlot: 1, currentSlotIndex: 0
[INFO] 2025-10-13 11:14:06.500 +0800 o.a.d.s.m.c.IdSlotBasedCommandFetcher:[67] - Fetch commands: 0 success, cost: 0ms, totalSlot: 1, currentSlotIndex: 0
[INFO] 2025-10-13 11:14:07.505 +0800 o.a.d.s.m.c.IdSlotBasedCommandFetcher:[67] - Fetch commands: 0 success, cost: 0ms, totalSlot: 1, currentSlotIndex: 0
[INFO] 2025-10-13 11:14:08.519 +0800 o.a.d.s.m.c.IdSlotBasedCommandFetcher:[67] - Fetch commands: 0 success, cost: 0ms, totalSlot: 1, currentSlotIndex: 0
[INFO] 2025-10-13 11:14:09.528 +0800 o.a.d.s.m.c.IdSlotBasedCommandFetcher:[67] - Fetch commands: 0 success, cost: 0ms, totalSlot: 1, currentSlotIndex: 0
[INFO] 2025-10-13 11:14:10.085 +0800 o.a.d.s.m.r.t.TaskGroupCoordinator:[187] - Success amend TaskGroupQueue status cost: 0/ms
[INFO] 2025-10-13 11:14:10.085 +0800 o.a.d.s.m.r.t.TaskGroupCoordinator:[241] - Success deal with force start TaskGroupQueue cost: 0/ms
[INFO] 2025-10-13 11:14:10.085 +0800 o.a.d.s.m.r.t.TaskGroupCoordinator:[129] - TaskGroupCoordinator round time cost: 0/ms
[INFO] 2025-10-13 11:14:10.534 +0800 o.a.d.s.m.c.IdSlotBasedCommandFetcher:[67] - Fetch commands: 0 success, cost: 0ms, totalSlot: 1, currentSlotIndex: 0
[INFO] 2025-10-13 11:14:11.541 +0800 o.a.d.s.m.c.IdSlotBasedCommandFetcher:[67] - Fetch commands: 0 success, cost: 0ms, totalSlot: 1, currentSlotIndex: 0
[INFO] 2025-10-13 11:14:12.545 +0800 o.a.d.s.m.c.IdSlotBasedCommandFetcher:[67] - Fetch commands: 0 success, cost: 0ms, totalSlot: 1, currentSlotIndex: 0
[INFO] 2025-10-13 11:14:13.551 +0800 o.a.d.s.m.c.IdSlotBasedCommandFetcher:[67] - Fetch commands: 0 success, cost: 0ms, totalSlot: 1, currentSlotIndex: 0
[INFO] 2025-10-13 11:14:14.564 +0800 o.a.d.s.m.c.IdSlotBasedCommandFetcher:[67] - Fetch commands: 0 success, cost: 0ms, totalSlot: 1, currentSlotIndex: 0
[INFO] 2025-10-13 11:14:15.103 +0800 o.a.d.s.m.r.t.TaskGroupCoordinator:[187] - Success amend TaskGroupQueue status cost: 0/ms
[INFO] 2025-10-13 11:14:15.104 +0800 o.a.d.s.m.r.t.TaskGroupCoordinator:[241] - Success deal with force start TaskGroupQueue cost: 0/ms
[INFO] 2025-10-13 11:14:15.104 +0800 o.a.d.s.m.r.t.TaskGroupCoordinator:[129] - TaskGroupCoordinator round time cost: 0/ms
[INFO] 2025-10-13 11:14:15.579 +0800 o.a.d.s.m.c.IdSlotBasedCommandFetcher:[67] - Fetch commands: 0 success, cost: 0ms, totalSlot: 1, currentSlotIndex: 0
[INFO] 2025-10-13 11:14:16.587 +0800 o.a.d.s.m.c.IdSlotBasedCommandFetcher:[67] - Fetch commands: 0 success, cost: 0ms, totalSlot: 1, currentSlotIndex: 0
[INFO] 2025-10-13 11:14:17.588 +0800 o.a.d.s.m.c.IdSlotBasedCommandFetcher:[67] - Fetch commands: 0 success, cost: 0ms, totalSlot: 1, currentSlotIndex: 0
[INFO] 2025-10-13 11:14:18.599 +0800 o.a.d.s.m.c.IdSlotBasedCommandFetcher:[67] - Fetch commands: 0 success, cost: 0ms, totalSlot: 1, currentSlotIndex: 0
[INFO] 2025-10-13 11:14:19.613 +0800 o.a.d.s.m.c.IdSlotBasedCommandFetcher:[67] - Fetch commands: 0 success, cost: 0ms, totalSlot: 1, currentSlotIndex: 0
[INFO] 2025-10-13 11:14:20.122 +0800 o.a.d.s.m.r.t.TaskGroupCoordinator:[187] - Success amend TaskGroupQueue status cost: 0/ms
[INFO] 2025-10-13 11:14:20.122 +0800 o.a.d.s.m.r.t.TaskGroupCoordinator:[241] - Success deal with force start TaskGroupQueue cost: 0/ms
[INFO] 2025-10-13 11:14:20.122 +0800 o.a.d.s.m.r.t.TaskGroupCoordinator:[129] - TaskGroupCoordinator round time cost: 1/ms
[INFO] 2025-10-13 11:14:20.613 +0800 o.a.d.s.m.c.IdSlotBasedCommandFetcher:[67] - Fetch commands: 0 success, cost: 0ms, totalSlot: 1, currentSlotIndex: 0
[INFO] 2025-10-13 11:14:21.614 +0800 o.a.d.s.m.c.IdSlotBasedCommandFetcher:[67] - Fetch commands: 0 success, cost: 0ms, totalSlot: 1, currentSlotIndex: 0
[INFO] 2025-10-13 11:14:22.622 +0800 o.a.d.s.m.c.IdSlotBasedCommandFetcher:[67] - Fetch commands: 0 success, cost: 0ms, totalSlot: 1, currentSlotIndex: 0
[INFO] 2025-10-13 11:14:23.626 +0800 o.a.d.s.m.c.IdSlotBasedCommandFetcher:[67] - Fetch commands: 0 success, cost: 0ms, totalSlot: 1, currentSlotIndex: 0
[INFO] 2025-10-13 11:14:24.641 +0800 o.a.d.s.m.c.IdSlotBasedCommandFetcher:[67] - Fetch commands: 0 success, cost: 0ms, totalSlot: 1, currentSlotIndex: 0
[INFO] 2025-10-13 11:14:25.144 +0800 o.a.d.s.m.r.t.TaskGroupCoordinator:[187] - Success amend TaskGroupQueue status cost: 0/ms
[INFO] 2025-10-13 11:14:25.145 +0800 o.a.d.s.m.r.t.TaskGroupCoordinator:[241] - Success deal with force start TaskGroupQueue cost: 0/ms
[INFO] 2025-10-13 11:14:25.145 +0800 o.a.d.s.m.r.t.TaskGroupCoordinator:[129] - TaskGroupCoordinator round time cost: 0/ms
[INFO] 2025-10-13 11:14:25.652 +0800 o.a.d.s.m.c.IdSlotBasedCommandFetcher:[67] - Fetch commands: 0 success, cost: 0ms, totalSlot: 1, currentSlotIndex: 0
[INFO] 2025-10-13 11:14:26.830 +0800 o.a.d.s.m.c.IdSlotBasedCommandFetcher:[67] - Fetch commands: 0 success, cost: 0ms, totalSlot: 1, currentSlotIndex: 0
[INFO] 2025-10-13 11:14:27.831 +0800 o.a.d.s.m.c.IdSlotBasedCommandFetcher:[67] - Fetch commands: 0 success, cost: 0ms, totalSlot: 1, currentSlotIndex: 0
[INFO] 2025-10-13 11:14:28.839 +0800 o.a.d.s.m.c.IdSlotBasedCommandFetcher:[67] - Fetch commands: 0 success, cost: 0ms, totalSlot: 1, currentSlotIndex: 0
[INFO] 2025-10-13 11:14:29.852 +0800 o.a.d.s.m.c.IdSlotBasedCommandFetcher:[67] - Fetch commands: 0 success, cost: 0ms, totalSlot: 1, currentSlotIndex: 0
[INFO] 2025-10-13 11:14:30.160 +0800 o.a.d.s.m.r.t.TaskGroupCoordinator:[187] - Success amend TaskGroupQueue status cost: 0/ms
[INFO] 2025-10-13 11:14:30.161 +0800 o.a.d.s.m.r.t.TaskGroupCoordinator:[241] - Success deal with force start TaskGroupQueue cost: 0/ms
[INFO] 2025-10-13 11:14:30.161 +0800 o.a.d.s.m.r.t.TaskGroupCoordinator:[129] - TaskGroupCoordinator round time cost: 0/ms
[INFO] 2025-10-13 11:14:30.863 +0800 o.a.d.s.m.c.IdSlotBasedCommandFetcher:[67] - Fetch commands: 0 success, cost: 0ms, totalSlot: 1, currentSlotIndex: 0
[INFO] 2025-10-13 11:14:31.875 +0800 o.a.d.s.m.c.IdSlotBasedCommandFetcher:[67] - Fetch commands: 0 success, cost: 0ms, totalSlot: 1, currentSlotIndex: 0
[INFO] 2025-10-13 11:14:32.877 +0800 o.a.d.s.m.c.IdSlotBasedCommandFetcher:[67] - Fetch commands: 0 success, cost: 0ms, totalSlot: 1, currentSlotIndex: 0
[INFO] 2025-10-13 11:14:33.880 +0800 o.a.d.s.m.c.IdSlotBasedCommandFetcher:[67] - Fetch commands: 0 success, cost: 0ms, totalSlot: 1, currentSlotIndex: 0
[INFO] 2025-10-13 11:14:34.895 +0800 o.a.d.s.m.c.IdSlotBasedCommandFetcher:[67] - Fetch commands: 0 success, cost: 0ms, totalSlot: 1, currentSlotIndex: 0
[INFO] 2025-10-13 11:14:35.172 +0800 o.a.d.s.m.r.t.TaskGroupCoordinator:[187] - Success amend TaskGroupQueue status cost: 0/ms
[INFO] 2025-10-13 11:14:35.172 +0800 o.a.d.s.m.r.t.TaskGroupCoordinator:[241] - Success deal with force start TaskGroupQueue cost: 0/ms
[INFO] 2025-10-13 11:14:35.172 +0800 o.a.d.s.m.r.t.TaskGroupCoordinator:[129] - TaskGroupCoordinator round time cost: 0/ms
[INFO] 2025-10-13 11:14:35.906 +0800 o.a.d.s.m.c.IdSlotBasedCommandFetcher:[67] - Fetch commands: 0 success, cost: 0ms, totalSlot: 1, currentSlotIndex: 0
[INFO] 2025-10-13 11:14:36.915 +0800 o.a.d.s.m.c.IdSlotBasedCommandFetcher:[67] - Fetch commands: 0 success, cost: 0ms, totalSlot: 1, currentSlotIndex: 0
[INFO] 2025-10-13 11:14:38.002 +0800 o.a.d.s.m.c.IdSlotBasedCommandFetcher:[67] - Fetch commands: 0 success, cost: 0ms, totalSlot: 1, currentSlotIndex: 0
[INFO] 2025-10-13 11:14:39.105 +0800 o.a.d.s.m.c.IdSlotBasedCommandFetcher:[67] - Fetch commands: 0 success, cost: 0ms, totalSlot: 1, currentSlotIndex: 0
[INFO] 2025-10-13 11:14:40.192 +0800 o.a.d.s.m.r.t.TaskGroupCoordinator:[187] - Success amend TaskGroupQueue status cost: 0/ms
[INFO] 2025-10-13 11:14:40.192 +0800 o.a.d.s.m.r.t.TaskGroupCoordinator:[241] - Success deal with force start TaskGroupQueue cost: 0/ms
[INFO] 2025-10-13 11:14:40.192 +0800 o.a.d.s.m.r.t.TaskGroupCoordinator:[129] - TaskGroupCoordinator round time cost: 0/ms
[INFO] 2025-10-13 11:14:40.200 +0800 o.a.d.s.m.c.IdSlotBasedCommandFetcher:[67] - Fetch commands: 0 success, cost: 0ms, totalSlot: 1, currentSlotIndex: 0
[INFO] 2025-10-13 11:14:41.287 +0800 o.a.d.s.m.c.IdSlotBasedCommandFetcher:[67] - Fetch commands: 0 success, cost: 0ms, totalSlot: 1, currentSlotIndex: 0
[INFO] 2025-10-13 11:14:42.378 +0800 o.a.d.s.m.c.IdSlotBasedCommandFetcher:[67] - Fetch commands: 0 success, cost: 0ms, totalSlot: 1, currentSlotIndex: 0
[INFO] 2025-10-13 11:14:43.458 +0800 o.a.d.s.m.c.IdSlotBasedCommandFetcher:[67] - Fetch commands: 0 success, cost: 0ms, totalSlot: 1, currentSlotIndex: 0
[INFO] 2025-10-13 11:14:44.588 +0800 o.a.d.s.m.c.IdSlotBasedCommandFetcher:[67] - Fetch commands: 0 success, cost: 1ms, totalSlot: 1, currentSlotIndex: 0
[INFO] 2025-10-13 11:14:45.214 +0800 o.a.d.s.m.r.t.TaskGroupCoordinator:[187] - Success amend TaskGroupQueue status cost: 0/ms
[INFO] 2025-10-13 11:14:45.215 +0800 o.a.d.s.m.r.t.TaskGroupCoordinator:[241] - Success deal with force start TaskGroupQueue cost: 0/ms
[INFO] 2025-10-13 11:14:45.215 +0800 o.a.d.s.m.r.t.TaskGroupCoordinator:[129] - TaskGroupCoordinator round time cost: 0/ms
[INFO] 2025-10-13 11:14:45.591 +0800 o.a.d.s.m.c.IdSlotBasedCommandFetcher:[67] - Fetch commands: 0 success, cost: 0ms, totalSlot: 1, currentSlotIndex: 0
[INFO] 2025-10-13 11:14:46.606 +0800 o.a.d.s.m.c.IdSlotBasedCommandFetcher:[67] - Fetch commands: 0 success, cost: 0ms, totalSlot: 1, currentSlotIndex: 0
[INFO] 2025-10-13 11:14:47.617 +0800 o.a.d.s.m.c.IdSlotBasedCommandFetcher:[67] - Fetch commands: 0 success, cost: 0ms, totalSlot: 1, currentSlotIndex: 0
[INFO] 2025-10-13 11:14:48.620 +0800 o.a.d.s.m.c.IdSlotBasedCommandFetcher:[67] - Fetch commands: 0 success, cost: 0ms, totalSlot: 1, currentSlotIndex: 0
[INFO] 2025-10-13 11:14:49.622 +0800 o.a.d.s.m.c.IdSlotBasedCommandFetcher:[67] - Fetch commands: 0 success, cost: 0ms, totalSlot: 1, currentSlotIndex: 0
[INFO] 2025-10-13 11:14:50.220 +0800 o.a.d.s.m.r.t.TaskGroupCoordinator:[187] - Success amend TaskGroupQueue status cost: 0/ms
[INFO] 2025-10-13 11:14:50.220 +0800 o.a.d.s.m.r.t.TaskGroupCoordinator:[241] - Success deal with force start TaskGroupQueue cost: 0/ms
[INFO] 2025-10-13 11:14:50.220 +0800 o.a.d.s.m.r.t.TaskGroupCoordinator:[129] - TaskGroupCoordinator round time cost: 1/ms
[INFO] 2025-10-13 11:14:50.634 +0800 o.a.d.s.m.c.IdSlotBasedCommandFetcher:[67] - Fetch commands: 0 success, cost: 0ms, totalSlot: 1, currentSlotIndex: 0
[INFO] 2025-10-13 11:14:51.637 +0800 o.a.d.s.m.c.IdSlotBasedCommandFetcher:[67] - Fetch commands: 0 success, cost: 0ms, totalSlot: 1, currentSlotIndex: 0
[INFO] 2025-10-13 11:14:52.647 +0800 o.a.d.s.m.c.IdSlotBasedCommandFetcher:[67] - Fetch commands: 0 success, cost: 0ms, totalSlot: 1, currentSlotIndex: 0
[INFO] 2025-10-13 11:14:53.655 +0800 o.a.d.s.m.c.IdSlotBasedCommandFetcher:[67] - Fetch commands: 0 success, cost: 0ms, totalSlot: 1, currentSlotIndex: 0
[INFO] 2025-10-13 11:14:54.662 +0800 o.a.d.s.m.c.IdSlotBasedCommandFetcher:[67] - Fetch commands: 0 success, cost: 0ms, totalSlot: 1, currentSlotIndex: 0
[INFO] 2025-10-13 11:14:55.227 +0800 o.a.d.s.m.r.t.TaskGroupCoordinator:[187] - Success amend TaskGroupQueue status cost: 0/ms
[INFO] 2025-10-13 11:14:55.227 +0800 o.a.d.s.m.r.t.TaskGroupCoordinator:[241] - Success deal with force start TaskGroupQueue cost: 0/ms
[INFO] 2025-10-13 11:14:55.227 +0800 o.a.d.s.m.r.t.TaskGroupCoordinator:[129] - TaskGroupCoordinator round time cost: 1/ms
[INFO] 2025-10-13 11:14:55.667 +0800 o.a.d.s.m.c.IdSlotBasedCommandFetcher:[67] - Fetch commands: 0 success, cost: 0ms, totalSlot: 1, currentSlotIndex: 0
[INFO] 2025-10-13 11:14:56.843 +0800 o.a.d.s.m.c.IdSlotBasedCommandFetcher:[67] - Fetch commands: 0 success, cost: 0ms, totalSlot: 1, currentSlotIndex: 0
[INFO] 2025-10-13 11:14:57.938 +0800 o.a.d.s.m.c.IdSlotBasedCommandFetcher:[67] - Fetch commands: 0 success, cost: 0ms, totalSlot: 1, currentSlotIndex: 0
[INFO] 2025-10-13 11:14:59.037 +0800 o.a.d.s.m.c.IdSlotBasedCommandFetcher:[67] - Fetch commands: 0 success, cost: 0ms, totalSlot: 1, currentSlotIndex: 0
[INFO] 2025-10-13 11:15:00.244 +0800 o.a.d.s.m.r.t.TaskGroupCoordinator:[187] - Success amend TaskGroupQueue status cost: 0/ms
[INFO] 2025-10-13 11:15:00.244 +0800 o.a.d.s.m.r.t.TaskGroupCoordinator:[241] - Success deal with force start TaskGroupQueue cost: 0/ms
[INFO] 2025-10-13 11:15:00.245 +0800 o.a.d.s.m.r.t.TaskGroupCoordinator:[129] - TaskGroupCoordinator round time cost: 0/ms
[INFO] 2025-10-13 11:15:00.320 +0800 o.a.d.s.m.c.IdSlotBasedCommandFetcher:[67] - Fetch commands: 0 success, cost: 0ms, totalSlot: 1, currentSlotIndex: 0
[INFO] 2025-10-13 11:15:01.328 +0800 o.a.d.s.m.c.IdSlotBasedCommandFetcher:[67] - Fetch commands: 0 success, cost: 1ms, totalSlot: 1, currentSlotIndex: 0
[INFO] 2025-10-13 11:15:02.328 +0800 o.a.d.s.m.c.IdSlotBasedCommandFetcher:[67] - Fetch commands: 0 success, cost: 0ms, totalSlot: 1, currentSlotIndex: 0
[INFO] 2025-10-13 11:15:03.343 +0800 o.a.d.s.m.c.IdSlotBasedCommandFetcher:[67] - Fetch commands: 0 success, cost: 0ms, totalSlot: 1, currentSlotIndex: 0
[INFO] 2025-10-13 11:15:04.357 +0800 o.a.d.s.m.c.IdSlotBasedCommandFetcher:[67] - Fetch commands: 0 success, cost: 0ms, totalSlot: 1, currentSlotIndex: 0
[INFO] 2025-10-13 11:15:05.259 +0800 o.a.d.s.m.r.t.TaskGroupCoordinator:[187] - Success amend TaskGroupQueue status cost: 0/ms
[INFO] 2025-10-13 11:15:05.259 +0800 o.a.d.s.m.r.t.TaskGroupCoordinator:[241] - Success deal with force start TaskGroupQueue cost: 0/ms
[INFO] 2025-10-13 11:15:05.259 +0800 o.a.d.s.m.r.t.TaskGroupCoordinator:[129] - TaskGroupCoordinator round time cost: 0/ms
[INFO] 2025-10-13 11:15:05.362 +0800 o.a.d.s.m.c.IdSlotBasedCommandFetcher:[67] - Fetch commands: 0 success, cost: 0ms, totalSlot: 1, currentSlotIndex: 0
[INFO] 2025-10-13 11:15:06.370 +0800 o.a.d.s.m.c.IdSlotBasedCommandFetcher:[67] - Fetch commands: 0 success, cost: 0ms, totalSlot: 1, currentSlotIndex: 0
[INFO] 2025-10-13 11:15:07.371 +0800 o.a.d.s.m.c.IdSlotBasedCommandFetcher:[67] - Fetch commands: 0 success, cost: 0ms, totalSlot: 1, currentSlotIndex: 0
[INFO] 2025-10-13 11:15:08.374 +0800 o.a.d.s.m.c.IdSlotBasedCommandFetcher:[67] - Fetch commands: 0 success, cost: 0ms, totalSlot: 1, currentSlotIndex: 0
[INFO] 2025-10-13 11:15:09.381 +0800 o.a.d.s.m.c.IdSlotBasedCommandFetcher:[67] - Fetch commands: 0 success, cost: 0ms, totalSlot: 1, currentSlotIndex: 0
[INFO] 2025-10-13 11:15:10.264 +0800 o.a.d.s.m.r.t.TaskGroupCoordinator:[187] - Success amend TaskGroupQueue status cost: 0/ms
[INFO] 2025-10-13 11:15:10.264 +0800 o.a.d.s.m.r.t.TaskGroupCoordinator:[241] - Success deal with force start TaskGroupQueue cost: 0/ms
[INFO] 2025-10-13 11:15:10.264 +0800 o.a.d.s.m.r.t.TaskGroupCoordinator:[129] - TaskGroupCoordinator round time cost: 0/ms
[INFO] 2025-10-13 11:15:10.388 +0800 o.a.d.s.m.c.IdSlotBasedCommandFetcher:[67] - Fetch commands: 0 success, cost: 0ms, totalSlot: 1, currentSlotIndex: 0
[INFO] 2025-10-13 11:15:11.402 +0800 o.a.d.s.m.c.IdSlotBasedCommandFetcher:[67] - Fetch commands: 0 success, cost: 0ms, totalSlot: 1, currentSlotIndex: 0
[INFO] 2025-10-13 11:15:12.618 +0800 o.a.d.s.m.c.IdSlotBasedCommandFetcher:[67] - Fetch commands: 0 success, cost: 1ms, totalSlot: 1, currentSlotIndex: 0
[INFO] 2025-10-13 11:15:13.698 +0800 o.a.d.s.m.c.IdSlotBasedCommandFetcher:[67] - Fetch commands: 0 success, cost: 1ms, totalSlot: 1, currentSlotIndex: 0
[INFO] 2025-10-13 11:15:14.798 +0800 o.a.d.s.m.c.IdSlotBasedCommandFetcher:[67] - Fetch commands: 0 success, cost: 0ms, totalSlot: 1, currentSlotIndex: 0
[INFO] 2025-10-13 11:15:15.273 +0800 o.a.d.s.m.r.t.TaskGroupCoordinator:[187] - Success amend TaskGroupQueue status cost: 0/ms
[INFO] 2025-10-13 11:15:15.273 +0800 o.a.d.s.m.r.t.TaskGroupCoordinator:[241] - Success deal with force start TaskGroupQueue cost: 0/ms
[INFO] 2025-10-13 11:15:15.273 +0800 o.a.d.s.m.r.t.TaskGroupCoordinator:[129] - TaskGroupCoordinator round time cost: 1/ms
[INFO] 2025-10-13 11:15:15.903 +0800 o.a.d.s.m.c.IdSlotBasedCommandFetcher:[67] - Fetch commands: 0 success, cost: 0ms, totalSlot: 1, currentSlotIndex: 0
[INFO] 2025-10-13 11:15:16.996 +0800 o.a.d.s.m.c.IdSlotBasedCommandFetcher:[67] - Fetch commands: 0 success, cost: 0ms, totalSlot: 1, currentSlotIndex: 0
[INFO] 2025-10-13 11:15:18.095 +0800 o.a.d.s.m.c.IdSlotBasedCommandFetcher:[67] - Fetch commands: 0 success, cost: 0ms, totalSlot: 1, currentSlotIndex: 0
[INFO] 2025-10-13 11:15:19.105 +0800 o.a.d.s.m.c.IdSlotBasedCommandFetcher:[67] - Fetch commands: 0 success, cost: 0ms, totalSlot: 1, currentSlotIndex: 0
[INFO] 2025-10-13 11:15:20.112 +0800 o.a.d.s.m.c.IdSlotBasedCommandFetcher:[67] - Fetch commands: 0 success, cost: 0ms, totalSlot: 1, currentSlotIndex: 0
[INFO] 2025-10-13 11:15:20.284 +0800 o.a.d.s.m.r.t.TaskGroupCoordinator:[187] - Success amend TaskGroupQueue status cost: 0/ms
[INFO] 2025-10-13 11:15:20.284 +0800 o.a.d.s.m.r.t.TaskGroupCoordinator:[241] - Success deal with force start TaskGroupQueue cost: 0/ms
[INFO] 2025-10-13 11:15:20.285 +0800 o.a.d.s.m.r.t.TaskGroupCoordinator:[129] - TaskGroupCoordinator round time cost: 1/ms
[INFO] 2025-10-13 11:15:21.118 +0800 o.a.d.s.m.c.IdSlotBasedCommandFetcher:[67] - Fetch commands: 0 success, cost: 0ms, totalSlot: 1, currentSlotIndex: 0
[INFO] 2025-10-13 11:15:22.125 +0800 o.a.d.s.m.c.IdSlotBasedCommandFetcher:[67] - Fetch commands: 0 success, cost: 0ms, totalSlot: 1, currentSlotIndex: 0
[INFO] 2025-10-13 11:15:23.127 +0800 o.a.d.s.m.c.IdSlotBasedCommandFetcher:[67] - Fetch commands: 0 success, cost: 1ms, totalSlot: 1, currentSlotIndex: 0
[INFO] 2025-10-13 11:15:24.128 +0800 o.a.d.s.m.c.IdSlotBasedCommandFetcher:[67] - Fetch commands: 0 success, cost: 0ms, totalSlot: 1, currentSlotIndex: 0
[INFO] 2025-10-13 11:15:25.135 +0800 o.a.d.s.m.c.IdSlotBasedCommandFetcher:[67] - Fetch commands: 0 success, cost: 0ms, totalSlot: 1, currentSlotIndex: 0
[INFO] 2025-10-13 11:15:25.301 +0800 o.a.d.s.m.r.t.TaskGroupCoordinator:[187] - Success amend TaskGroupQueue status cost: 0/ms
[INFO] 2025-10-13 11:15:25.302 +0800 o.a.d.s.m.r.t.TaskGroupCoordinator:[241] - Success deal with force start TaskGroupQueue cost: 0/ms
[INFO] 2025-10-13 11:15:25.302 +0800 o.a.d.s.m.r.t.TaskGroupCoordinator:[129] - TaskGroupCoordinator round time cost: 1/ms
[INFO] 2025-10-13 11:15:26.141 +0800 o.a.d.s.m.c.IdSlotBasedCommandFetcher:[67] - Fetch commands: 0 success, cost: 0ms, totalSlot: 1, currentSlotIndex: 0
[INFO] 2025-10-13 11:15:27.153 +0800 o.a.d.s.m.c.IdSlotBasedCommandFetcher:[67] - Fetch commands: 0 success, cost: 0ms, totalSlot: 1, currentSlotIndex: 0
[INFO] 2025-10-13 11:15:28.294 +0800 o.a.d.s.m.c.IdSlotBasedCommandFetcher:[67] - Fetch commands: 0 success, cost: 0ms, totalSlot: 1, currentSlotIndex: 0
[INFO] 2025-10-13 11:15:29.384 +0800 o.a.d.s.m.c.IdSlotBasedCommandFetcher:[67] - Fetch commands: 0 success, cost: 0ms, totalSlot: 1, currentSlotIndex: 0
[INFO] 2025-10-13 11:15:30.318 +0800 o.a.d.s.m.r.t.TaskGroupCoordinator:[187] - Success amend TaskGroupQueue status cost: 0/ms
[INFO] 2025-10-13 11:15:30.319 +0800 o.a.d.s.m.r.t.TaskGroupCoordinator:[241] - Success deal with force start TaskGroupQueue cost: 0/ms
[INFO] 2025-10-13 11:15:30.319 +0800 o.a.d.s.m.r.t.TaskGroupCoordinator:[129] - TaskGroupCoordinator round time cost: 0/ms
[INFO] 2025-10-13 11:15:30.475 +0800 o.a.d.s.m.c.IdSlotBasedCommandFetcher:[67] - Fetch commands: 0 success, cost: 0ms, totalSlot: 1, currentSlotIndex: 0
[INFO] 2025-10-13 11:15:31.573 +0800 o.a.d.s.m.c.IdSlotBasedCommandFetcher:[67] - Fetch commands: 0 success, cost: 0ms, totalSlot: 1, currentSlotIndex: 0
[INFO] 2025-10-13 11:15:32.652 +0800 o.a.d.s.m.c.IdSlotBasedCommandFetcher:[67] - Fetch commands: 0 success, cost: 0ms, totalSlot: 1, currentSlotIndex: 0
[INFO] 2025-10-13 11:15:33.733 +0800 o.a.d.s.m.c.IdSlotBasedCommandFetcher:[67] - Fetch commands: 0 success, cost: 0ms, totalSlot: 1, currentSlotIndex: 0
[INFO] 2025-10-13 11:15:34.861 +0800 o.a.d.s.m.c.IdSlotBasedCommandFetcher:[67] - Fetch commands: 0 success, cost: 0ms, totalSlot: 1, currentSlotIndex: 0
[INFO] 2025-10-13 11:15:35.329 +0800 o.a.d.s.m.r.t.TaskGroupCoordinator:[187] - Success amend TaskGroupQueue status cost: 0/ms
[INFO] 2025-10-13 11:15:35.330 +0800 o.a.d.s.m.r.t.TaskGroupCoordinator:[241] - Success deal with force start TaskGroupQueue cost: 0/ms
[INFO] 2025-10-13 11:15:35.330 +0800 o.a.d.s.m.r.t.TaskGroupCoordinator:[129] - TaskGroupCoordinator round time cost: 0/ms
[INFO] 2025-10-13 11:15:35.867 +0800 o.a.d.s.m.c.IdSlotBasedCommandFetcher:[67] - Fetch commands: 0 success, cost: 0ms, totalSlot: 1, currentSlotIndex: 0
[INFO] 2025-10-13 11:15:36.872 +0800 o.a.d.s.m.c.IdSlotBasedCommandFetcher:[67] - Fetch commands: 0 success, cost: 0ms, totalSlot: 1, currentSlotIndex: 0
[INFO] 2025-10-13 11:15:37.878 +0800 o.a.d.s.m.c.IdSlotBasedCommandFetcher:[67] - Fetch commands: 0 success, cost: 0ms, totalSlot: 1, currentSlotIndex: 0
[INFO] 2025-10-13 11:15:38.884 +0800 o.a.d.s.m.c.IdSlotBasedCommandFetcher:[67] - Fetch commands: 0 success, cost: 0ms, totalSlot: 1, currentSlotIndex: 0
[INFO] 2025-10-13 11:15:39.900 +0800 o.a.d.s.m.c.IdSlotBasedCommandFetcher:[67] - Fetch commands: 0 success, cost: 0ms, totalSlot: 1, currentSlotIndex: 0
[INFO] 2025-10-13 11:15:40.342 +0800 o.a.d.s.m.r.t.TaskGroupCoordinator:[187] - Success amend TaskGroupQueue status cost: 0/ms
[INFO] 2025-10-13 11:15:40.343 +0800 o.a.d.s.m.r.t.TaskGroupCoordinator:[241] - Success deal with force start TaskGroupQueue cost: 0/ms
[INFO] 2025-10-13 11:15:40.343 +0800 o.a.d.s.m.r.t.TaskGroupCoordinator:[129] - TaskGroupCoordinator round time cost: 0/ms
[INFO] 2025-10-13 11:15:40.912 +0800 o.a.d.s.m.c.IdSlotBasedCommandFetcher:[67] - Fetch commands: 0 success, cost: 0ms, totalSlot: 1, currentSlotIndex: 0
[INFO] 2025-10-13 11:15:41.915 +0800 o.a.d.s.m.c.IdSlotBasedCommandFetcher:[67] - Fetch commands: 0 success, cost: 0ms, totalSlot: 1, currentSlotIndex: 0
[INFO] 2025-10-13 11:15:42.916 +0800 o.a.d.s.m.c.IdSlotBasedCommandFetcher:[67] - Fetch commands: 0 success, cost: 0ms, totalSlot: 1, currentSlotIndex: 0
[INFO] 2025-10-13 11:15:43.920 +0800 o.a.d.s.m.c.IdSlotBasedCommandFetcher:[67] - Fetch commands: 0 success, cost: 0ms, totalSlot: 1, currentSlotIndex: 0
[INFO] 2025-10-13 11:15:44.925 +0800 o.a.d.s.m.c.IdSlotBasedCommandFetcher:[67] - Fetch commands: 0 success, cost: 0ms, totalSlot: 1, currentSlotIndex: 0
[INFO] 2025-10-13 11:15:45.360 +0800 o.a.d.s.m.r.t.TaskGroupCoordinator:[187] - Success amend TaskGroupQueue status cost: 0/ms
[INFO] 2025-10-13 11:15:45.360 +0800 o.a.d.s.m.r.t.TaskGroupCoordinator:[241] - Success deal with force start TaskGroupQueue cost: 0/ms
[INFO] 2025-10-13 11:15:45.360 +0800 o.a.d.s.m.r.t.TaskGroupCoordinator:[129] - TaskGroupCoordinator round time cost: 0/ms
[INFO] 2025-10-13 11:15:46.123 +0800 o.a.d.s.m.c.IdSlotBasedCommandFetcher:[67] - Fetch commands: 0 success, cost: 0ms, totalSlot: 1, currentSlotIndex: 0
[INFO] 2025-10-13 11:15:47.124 +0800 o.a.d.s.m.c.IdSlotBasedCommandFetcher:[67] - Fetch commands: 0 success, cost: 0ms, totalSlot: 1, currentSlotIndex: 0
[INFO] 2025-10-13 11:15:48.129 +0800 o.a.d.s.m.c.IdSlotBasedCommandFetcher:[67] - Fetch commands: 0 success, cost: 0ms, totalSlot: 1, currentSlotIndex: 0
[INFO] 2025-10-13 11:15:49.142 +0800 o.a.d.s.m.c.IdSlotBasedCommandFetcher:[67] - Fetch commands: 0 success, cost: 0ms, totalSlot: 1, currentSlotIndex: 0
[INFO] 2025-10-13 11:15:50.150 +0800 o.a.d.s.m.c.IdSlotBasedCommandFetcher:[67] - Fetch commands: 0 success, cost: 0ms, totalSlot: 1, currentSlotIndex: 0
[INFO] 2025-10-13 11:15:50.375 +0800 o.a.d.s.m.r.t.TaskGroupCoordinator:[187] - Success amend TaskGroupQueue status cost: 0/ms
[INFO] 2025-10-13 11:15:50.375 +0800 o.a.d.s.m.r.t.TaskGroupCoordinator:[241] - Success deal with force start TaskGroupQueue cost: 0/ms
[INFO] 2025-10-13 11:15:50.375 +0800 o.a.d.s.m.r.t.TaskGroupCoordinator:[129] - TaskGroupCoordinator round time cost: 0/ms
[INFO] 2025-10-13 11:15:51.158 +0800 o.a.d.s.m.c.IdSlotBasedCommandFetcher:[67] - Fetch commands: 0 success, cost: 0ms, totalSlot: 1, currentSlotIndex: 0
[INFO] 2025-10-13 11:15:52.166 +0800 o.a.d.s.m.c.IdSlotBasedCommandFetcher:[67] - Fetch commands: 0 success, cost: 0ms, totalSlot: 1, currentSlotIndex: 0
[INFO] 2025-10-13 11:15:53.170 +0800 o.a.d.s.m.c.IdSlotBasedCommandFetcher:[67] - Fetch commands: 0 success, cost: 0ms, totalSlot: 1, currentSlotIndex: 0
[INFO] 2025-10-13 11:15:54.183 +0800 o.a.d.s.m.c.IdSlotBasedCommandFetcher:[67] - Fetch commands: 0 success, cost: 0ms, totalSlot: 1, currentSlotIndex: 0
[INFO] 2025-10-13 11:15:55.194 +0800 o.a.d.s.m.c.IdSlotBasedCommandFetcher:[67] - Fetch commands: 0 success, cost: 0ms, totalSlot: 1, currentSlotIndex: 0
[INFO] 2025-10-13 11:15:55.383 +0800 o.a.d.s.m.r.t.TaskGroupCoordinator:[187] - Success amend TaskGroupQueue status cost: 0/ms
[INFO] 2025-10-13 11:15:55.383 +0800 o.a.d.s.m.r.t.TaskGroupCoordinator:[241] - Success deal with force start TaskGroupQueue cost: 0/ms
[INFO] 2025-10-13 11:15:55.383 +0800 o.a.d.s.m.r.t.TaskGroupCoordinator:[129] - TaskGroupCoordinator round time cost: 0/ms
[INFO] 2025-10-13 11:15:56.196 +0800 o.a.d.s.m.c.IdSlotBasedCommandFetcher:[67] - Fetch commands: 0 success, cost: 0ms, totalSlot: 1, currentSlotIndex: 0
[INFO] 2025-10-13 11:15:57.437 +0800 o.a.d.s.m.c.IdSlotBasedCommandFetcher:[67] - Fetch commands: 0 success, cost: 0ms, totalSlot: 1, currentSlotIndex: 0
[INFO] 2025-10-13 11:15:58.532 +0800 o.a.d.s.m.c.IdSlotBasedCommandFetcher:[67] - Fetch commands: 0 success, cost: 0ms, totalSlot: 1, currentSlotIndex: 0
[INFO] 2025-10-13 11:15:59.668 +0800 o.a.d.s.m.c.IdSlotBasedCommandFetcher:[67] - Fetch commands: 0 success, cost: 0ms, totalSlot: 1, currentSlotIndex: 0
[INFO] 2025-10-13 11:16:00.391 +0800 o.a.d.s.m.r.t.TaskGroupCoordinator:[187] - Success amend TaskGroupQueue status cost: 0/ms
[INFO] 2025-10-13 11:16:00.391 +0800 o.a.d.s.m.r.t.TaskGroupCoordinator:[241] - Success deal with force start TaskGroupQueue cost: 0/ms
[INFO] 2025-10-13 11:16:00.391 +0800 o.a.d.s.m.r.t.TaskGroupCoordinator:[129] - TaskGroupCoordinator round time cost: 0/ms
[INFO] 2025-10-13 11:16:00.669 +0800 o.a.d.s.m.c.IdSlotBasedCommandFetcher:[67] - Fetch commands: 0 success, cost: 0ms, totalSlot: 1, currentSlotIndex: 0
[INFO] 2025-10-13 11:16:01.673 +0800 o.a.d.s.m.c.IdSlotBasedCommandFetcher:[67] - Fetch commands: 0 success, cost: 0ms, totalSlot: 1, currentSlotIndex: 0
[INFO] 2025-10-13 11:16:02.678 +0800 o.a.d.s.m.c.IdSlotBasedCommandFetcher:[67] - Fetch commands: 0 success, cost: 0ms, totalSlot: 1, currentSlotIndex: 0
[INFO] 2025-10-13 11:16:03.682 +0800 o.a.d.s.m.c.IdSlotBasedCommandFetcher:[67] - Fetch commands: 0 success, cost: 1ms, totalSlot: 1, currentSlotIndex: 0
[INFO] 2025-10-13 11:16:04.697 +0800 o.a.d.s.m.c.IdSlotBasedCommandFetcher:[67] - Fetch commands: 0 success, cost: 0ms, totalSlot: 1, currentSlotIndex: 0
[INFO] 2025-10-13 11:16:05.401 +0800 o.a.d.s.m.r.t.TaskGroupCoordinator:[187] - Success amend TaskGroupQueue status cost: 0/ms
[INFO] 2025-10-13 11:16:05.401 +0800 o.a.d.s.m.r.t.TaskGroupCoordinator:[241] - Success deal with force start TaskGroupQueue cost: 0/ms
[INFO] 2025-10-13 11:16:05.402 +0800 o.a.d.s.m.r.t.TaskGroupCoordinator:[129] - TaskGroupCoordinator round time cost: 0/ms
[INFO] 2025-10-13 11:16:05.700 +0800 o.a.d.s.m.c.IdSlotBasedCommandFetcher:[67] - Fetch commands: 0 success, cost: 0ms, totalSlot: 1, currentSlotIndex: 0
[INFO] 2025-10-13 11:16:06.704 +0800 o.a.d.s.m.c.IdSlotBasedCommandFetcher:[67] - Fetch commands: 0 success, cost: 0ms, totalSlot: 1, currentSlotIndex: 0
[INFO] 2025-10-13 11:16:07.714 +0800 o.a.d.s.m.c.IdSlotBasedCommandFetcher:[67] - Fetch commands: 0 success, cost: 0ms, totalSlot: 1, currentSlotIndex: 0
[INFO] 2025-10-13 11:16:08.724 +0800 o.a.d.s.m.c.IdSlotBasedCommandFetcher:[67] - Fetch commands: 0 success, cost: 0ms, totalSlot: 1, currentSlotIndex: 0
[INFO] 2025-10-13 11:16:09.730 +0800 o.a.d.s.m.c.IdSlotBasedCommandFetcher:[67] - Fetch commands: 0 success, cost: 0ms, totalSlot: 1, currentSlotIndex: 0
[INFO] 2025-10-13 11:16:10.410 +0800 o.a.d.s.m.r.t.TaskGroupCoordinator:[187] - Success amend TaskGroupQueue status cost: 0/ms
[INFO] 2025-10-13 11:16:10.410 +0800 o.a.d.s.m.r.t.TaskGroupCoordinator:[241] - Success deal with force start TaskGroupQueue cost: 0/ms
[INFO] 2025-10-13 11:16:10.411 +0800 o.a.d.s.m.r.t.TaskGroupCoordinator:[129] - TaskGroupCoordinator round time cost: 0/ms
[INFO] 2025-10-13 11:16:10.829 +0800 o.a.d.s.m.c.IdSlotBasedCommandFetcher:[67] - Fetch commands: 0 success, cost: 0ms, totalSlot: 1, currentSlotIndex: 0
[INFO] 2025-10-13 11:16:11.927 +0800 o.a.d.s.m.c.IdSlotBasedCommandFetcher:[67] - Fetch commands: 0 success, cost: 0ms, totalSlot: 1, currentSlotIndex: 0
[INFO] 2025-10-13 11:16:13.007 +0800 o.a.d.s.m.c.IdSlotBasedCommandFetcher:[67] - Fetch commands: 0 success, cost: 0ms, totalSlot: 1, currentSlotIndex: 0
[INFO] 2025-10-13 11:16:14.101 +0800 o.a.d.s.m.c.IdSlotBasedCommandFetcher:[67] - Fetch commands: 0 success, cost: 0ms, totalSlot: 1, currentSlotIndex: 0
[INFO] 2025-10-13 11:16:15.185 +0800 o.a.d.s.m.c.IdSlotBasedCommandFetcher:[67] - Fetch commands: 0 success, cost: 0ms, totalSlot: 1, currentSlotIndex: 0
[INFO] 2025-10-13 11:16:15.420 +0800 o.a.d.s.m.r.t.TaskGroupCoordinator:[187] - Success amend TaskGroupQueue status cost: 0/ms
[INFO] 2025-10-13 11:16:15.420 +0800 o.a.d.s.m.r.t.TaskGroupCoordinator:[241] - Success deal with force start TaskGroupQueue cost: 0/ms
[INFO] 2025-10-13 11:16:15.421 +0800 o.a.d.s.m.r.t.TaskGroupCoordinator:[129] - TaskGroupCoordinator round time cost: 1/ms
[INFO] 2025-10-13 11:16:16.274 +0800 o.a.d.s.m.c.IdSlotBasedCommandFetcher:[67] - Fetch commands: 0 success, cost: 0ms, totalSlot: 1, currentSlotIndex: 0
[INFO] 2025-10-13 11:16:17.388 +0800 o.a.d.s.m.c.IdSlotBasedCommandFetcher:[67] - Fetch commands: 0 success, cost: 1ms, totalSlot: 1, currentSlotIndex: 0
[INFO] 2025-10-13 11:16:18.478 +0800 o.a.d.s.m.c.IdSlotBasedCommandFetcher:[67] - Fetch commands: 0 success, cost: 0ms, totalSlot: 1, currentSlotIndex: 0
[INFO] 2025-10-13 11:16:19.559 +0800 o.a.d.s.m.c.IdSlotBasedCommandFetcher:[67] - Fetch commands: 0 success, cost: 0ms, totalSlot: 1, currentSlotIndex: 0
[INFO] 2025-10-13 11:16:20.430 +0800 o.a.d.s.m.r.t.TaskGroupCoordinator:[187] - Success amend TaskGroupQueue status cost: 0/ms
[INFO] 2025-10-13 11:16:20.430 +0800 o.a.d.s.m.r.t.TaskGroupCoordinator:[241] - Success deal with force start TaskGroupQueue cost: 0/ms
[INFO] 2025-10-13 11:16:20.430 +0800 o.a.d.s.m.r.t.TaskGroupCoordinator:[129] - TaskGroupCoordinator round time cost: 0/ms
[INFO] 2025-10-13 11:16:20.571 +0800 o.a.d.s.m.c.IdSlotBasedCommandFetcher:[67] - Fetch commands: 0 success, cost: 0ms, totalSlot: 1, currentSlotIndex: 0
[INFO] 2025-10-13 11:16:21.572 +0800 o.a.d.s.m.c.IdSlotBasedCommandFetcher:[67] - Fetch commands: 0 success, cost: 0ms, totalSlot: 1, currentSlotIndex: 0
[INFO] 2025-10-13 11:16:22.574 +0800 o.a.d.s.m.c.IdSlotBasedCommandFetcher:[67] - Fetch commands: 0 success, cost: 0ms, totalSlot: 1, currentSlotIndex: 0
[INFO] 2025-10-13 11:16:23.581 +0800 o.a.d.s.m.c.IdSlotBasedCommandFetcher:[67] - Fetch commands: 0 success, cost: 0ms, totalSlot: 1, currentSlotIndex: 0
[INFO] 2025-10-13 11:16:24.583 +0800 o.a.d.s.m.c.IdSlotBasedCommandFetcher:[67] - Fetch commands: 0 success, cost: 0ms, totalSlot: 1, currentSlotIndex: 0
[INFO] 2025-10-13 11:16:25.440 +0800 o.a.d.s.m.r.t.TaskGroupCoordinator:[187] - Success amend TaskGroupQueue status cost: 0/ms
[INFO] 2025-10-13 11:16:25.440 +0800 o.a.d.s.m.r.t.TaskGroupCoordinator:[241] - Success deal with force start TaskGroupQueue cost: 0/ms
[INFO] 2025-10-13 11:16:25.440 +0800 o.a.d.s.m.r.t.TaskGroupCoordinator:[129] - TaskGroupCoordinator round time cost: 0/ms
[INFO] 2025-10-13 11:16:25.585 +0800 o.a.d.s.m.c.IdSlotBasedCommandFetcher:[67] - Fetch commands: 0 success, cost: 0ms, totalSlot: 1, currentSlotIndex: 0
[INFO] 2025-10-13 11:16:26.589 +0800 o.a.d.s.m.c.IdSlotBasedCommandFetcher:[67] - Fetch commands: 0 success, cost: 0ms, totalSlot: 1, currentSlotIndex: 0
[INFO] 2025-10-13 11:16:27.599 +0800 o.a.d.s.m.c.IdSlotBasedCommandFetcher:[67] - Fetch commands: 0 success, cost: 0ms, totalSlot: 1, currentSlotIndex: 0
[INFO] 2025-10-13 11:16:28.604 +0800 o.a.d.s.m.c.IdSlotBasedCommandFetcher:[67] - Fetch commands: 0 success, cost: 0ms, totalSlot: 1, currentSlotIndex: 0
[INFO] 2025-10-13 11:16:29.612 +0800 o.a.d.s.m.c.IdSlotBasedCommandFetcher:[67] - Fetch commands: 0 success, cost: 0ms, totalSlot: 1, currentSlotIndex: 0
[INFO] 2025-10-13 11:16:30.457 +0800 o.a.d.s.m.r.t.TaskGroupCoordinator:[187] - Success amend TaskGroupQueue status cost: 0/ms
[INFO] 2025-10-13 11:16:30.457 +0800 o.a.d.s.m.r.t.TaskGroupCoordinator:[241] - Success deal with force start TaskGroupQueue cost: 0/ms
[INFO] 2025-10-13 11:16:30.457 +0800 o.a.d.s.m.r.t.TaskGroupCoordinator:[129] - TaskGroupCoordinator round time cost: 0/ms
[INFO] 2025-10-13 11:16:30.834 +0800 o.a.d.s.m.c.IdSlotBasedCommandFetcher:[67] - Fetch commands: 0 success, cost: 0ms, totalSlot: 1, currentSlotIndex: 0
[INFO] 2025-10-13 11:16:31.843 +0800 o.a.d.s.m.c.IdSlotBasedCommandFetcher:[67] - Fetch commands: 0 success, cost: 0ms, totalSlot: 1, currentSlotIndex: 0
[INFO] 2025-10-13 11:16:32.852 +0800 o.a.d.s.m.c.IdSlotBasedCommandFetcher:[67] - Fetch commands: 0 success, cost: 0ms, totalSlot: 1, currentSlotIndex: 0
[INFO] 2025-10-13 11:16:33.858 +0800 o.a.d.s.m.c.IdSlotBasedCommandFetcher:[67] - Fetch commands: 0 success, cost: 0ms, totalSlot: 1, currentSlotIndex: 0
[INFO] 2025-10-13 11:16:34.863 +0800 o.a.d.s.m.c.IdSlotBasedCommandFetcher:[67] - Fetch commands: 0 success, cost: 0ms, totalSlot: 1, currentSlotIndex: 0
[INFO] 2025-10-13 11:16:35.469 +0800 o.a.d.s.m.r.t.TaskGroupCoordinator:[187] - Success amend TaskGroupQueue status cost: 0/ms
[INFO] 2025-10-13 11:16:35.469 +0800 o.a.d.s.m.r.t.TaskGroupCoordinator:[241] - Success deal with force start TaskGroupQueue cost: 0/ms
[INFO] 2025-10-13 11:16:35.469 +0800 o.a.d.s.m.r.t.TaskGroupCoordinator:[129] - TaskGroupCoordinator round time cost: 0/ms
[INFO] 2025-10-13 11:16:35.866 +0800 o.a.d.s.m.c.IdSlotBasedCommandFetcher:[67] - Fetch commands: 0 success, cost: 0ms, totalSlot: 1, currentSlotIndex: 0
[INFO] 2025-10-13 11:16:36.874 +0800 o.a.d.s.m.c.IdSlotBasedCommandFetcher:[67] - Fetch commands: 0 success, cost: 0ms, totalSlot: 1, currentSlotIndex: 0
[INFO] 2025-10-13 11:16:37.877 +0800 o.a.d.s.m.c.IdSlotBasedCommandFetcher:[67] - Fetch commands: 0 success, cost: 0ms, totalSlot: 1, currentSlotIndex: 0
[INFO] 2025-10-13 11:16:38.888 +0800 o.a.d.s.m.c.IdSlotBasedCommandFetcher:[67] - Fetch commands: 0 success, cost: 0ms, totalSlot: 1, currentSlotIndex: 0
[INFO] 2025-10-13 11:16:39.900 +0800 o.a.d.s.m.c.IdSlotBasedCommandFetcher:[67] - Fetch commands: 0 success, cost: 0ms, totalSlot: 1, currentSlotIndex: 0
[INFO] 2025-10-13 11:16:40.488 +0800 o.a.d.s.m.r.t.TaskGroupCoordinator:[187] - Success amend TaskGroupQueue status cost: 0/ms
[INFO] 2025-10-13 11:16:40.488 +0800 o.a.d.s.m.r.t.TaskGroupCoordinator:[241] - Success deal with force start TaskGroupQueue cost: 0/ms
[INFO] 2025-10-13 11:16:40.489 +0800 o.a.d.s.m.r.t.TaskGroupCoordinator:[129] - TaskGroupCoordinator round time cost: 0/ms
[INFO] 2025-10-13 11:16:40.915 +0800 o.a.d.s.m.c.IdSlotBasedCommandFetcher:[67] - Fetch commands: 0 success, cost: 0ms, totalSlot: 1, currentSlotIndex: 0
[INFO] 2025-10-13 11:16:41.927 +0800 o.a.d.s.m.c.IdSlotBasedCommandFetcher:[67] - Fetch commands: 0 success, cost: 0ms, totalSlot: 1, currentSlotIndex: 0
[INFO] 2025-10-13 11:16:42.930 +0800 o.a.d.s.m.c.IdSlotBasedCommandFetcher:[67] - Fetch commands: 0 success, cost: 0ms, totalSlot: 1, currentSlotIndex: 0
[INFO] 2025-10-13 11:16:43.939 +0800 o.a.d.s.m.c.IdSlotBasedCommandFetcher:[67] - Fetch commands: 0 success, cost: 0ms, totalSlot: 1, currentSlotIndex: 0
[INFO] 2025-10-13 11:16:44.942 +0800 o.a.d.s.m.c.IdSlotBasedCommandFetcher:[67] - Fetch commands: 0 success, cost: 0ms, totalSlot: 1, currentSlotIndex: 0
[INFO] 2025-10-13 11:16:45.501 +0800 o.a.d.s.m.r.t.TaskGroupCoordinator:[187] - Success amend TaskGroupQueue status cost: 0/ms
[INFO] 2025-10-13 11:16:45.501 +0800 o.a.d.s.m.r.t.TaskGroupCoordinator:[241] - Success deal with force start TaskGroupQueue cost: 0/ms
[INFO] 2025-10-13 11:16:45.501 +0800 o.a.d.s.m.r.t.TaskGroupCoordinator:[129] - TaskGroupCoordinator round time cost: 0/ms
[INFO] 2025-10-13 11:16:45.944 +0800 o.a.d.s.m.c.IdSlotBasedCommandFetcher:[67] - Fetch commands: 0 success, cost: 0ms, totalSlot: 1, currentSlotIndex: 0
[INFO] 2025-10-13 11:16:46.959 +0800 o.a.d.s.m.c.IdSlotBasedCommandFetcher:[67] - Fetch commands: 0 success, cost: 0ms, totalSlot: 1, currentSlotIndex: 0
[INFO] 2025-10-13 11:16:47.969 +0800 o.a.d.s.m.c.IdSlotBasedCommandFetcher:[67] - Fetch commands: 0 success, cost: 0ms, totalSlot: 1, currentSlotIndex: 0
[INFO] 2025-10-13 11:16:48.971 +0800 o.a.d.s.m.c.IdSlotBasedCommandFetcher:[67] - Fetch commands: 0 success, cost: 0ms, totalSlot: 1, currentSlotIndex: 0
[INFO] 2025-10-13 11:16:49.977 +0800 o.a.d.s.m.c.IdSlotBasedCommandFetcher:[67] - Fetch commands: 0 success, cost: 0ms, totalSlot: 1, currentSlotIndex: 0
[INFO] 2025-10-13 11:16:50.520 +0800 o.a.d.s.m.r.t.TaskGroupCoordinator:[187] - Success amend TaskGroupQueue status cost: 0/ms
[INFO] 2025-10-13 11:16:50.521 +0800 o.a.d.s.m.r.t.TaskGroupCoordinator:[241] - Success deal with force start TaskGroupQueue cost: 0/ms
[INFO] 2025-10-13 11:16:50.521 +0800 o.a.d.s.m.r.t.TaskGroupCoordinator:[129] - TaskGroupCoordinator round time cost: 0/ms
[INFO] 2025-10-13 11:16:50.977 +0800 o.a.d.s.m.c.IdSlotBasedCommandFetcher:[67] - Fetch commands: 0 success, cost: 0ms, totalSlot: 1, currentSlotIndex: 0
[INFO] 2025-10-13 11:16:51.988 +0800 o.a.d.s.m.c.IdSlotBasedCommandFetcher:[67] - Fetch commands: 0 success, cost: 0ms, totalSlot: 1, currentSlotIndex: 0
[INFO] 2025-10-13 11:16:53.260 +0800 o.a.d.s.m.c.IdSlotBasedCommandFetcher:[67] - Fetch commands: 0 success, cost: 0ms, totalSlot: 1, currentSlotIndex: 0
[INFO] 2025-10-13 11:16:54.269 +0800 o.a.d.s.m.c.IdSlotBasedCommandFetcher:[67] - Fetch commands: 0 success, cost: 1ms, totalSlot: 1, currentSlotIndex: 0
[INFO] 2025-10-13 11:16:55.279 +0800 o.a.d.s.m.c.IdSlotBasedCommandFetcher:[67] - Fetch commands: 0 success, cost: 1ms, totalSlot: 1, currentSlotIndex: 0
[INFO] 2025-10-13 11:16:55.539 +0800 o.a.d.s.m.r.t.TaskGroupCoordinator:[187] - Success amend TaskGroupQueue status cost: 0/ms
[INFO] 2025-10-13 11:16:55.540 +0800 o.a.d.s.m.r.t.TaskGroupCoordinator:[241] - Success deal with force start TaskGroupQueue cost: 0/ms
[INFO] 2025-10-13 11:16:55.540 +0800 o.a.d.s.m.r.t.TaskGroupCoordinator:[129] - TaskGroupCoordinator round time cost: 0/ms
[INFO] 2025-10-13 11:16:56.279 +0800 o.a.d.s.m.c.IdSlotBasedCommandFetcher:[67] - Fetch commands: 0 success, cost: 0ms, totalSlot: 1, currentSlotIndex: 0
[INFO] 2025-10-13 11:16:57.283 +0800 o.a.d.s.m.c.IdSlotBasedCommandFetcher:[67] - Fetch commands: 0 success, cost: 0ms, totalSlot: 1, currentSlotIndex: 0
[INFO] 2025-10-13 11:16:58.297 +0800 o.a.d.s.m.c.IdSlotBasedCommandFetcher:[67] - Fetch commands: 0 success, cost: 0ms, totalSlot: 1, currentSlotIndex: 0
[INFO] 2025-10-13 11:16:59.309 +0800 o.a.d.s.m.c.IdSlotBasedCommandFetcher:[67] - Fetch commands: 0 success, cost: 0ms, totalSlot: 1, currentSlotIndex: 0
[INFO] 2025-10-13 11:17:00.316 +0800 o.a.d.s.m.c.IdSlotBasedCommandFetcher:[67] - Fetch commands: 0 success, cost: 0ms, totalSlot: 1, currentSlotIndex: 0
[INFO] 2025-10-13 11:17:00.547 +0800 o.a.d.s.m.r.t.TaskGroupCoordinator:[187] - Success amend TaskGroupQueue status cost: 0/ms
[INFO] 2025-10-13 11:17:00.547 +0800 o.a.d.s.m.r.t.TaskGroupCoordinator:[241] - Success deal with force start TaskGroupQueue cost: 0/ms
[INFO] 2025-10-13 11:17:00.547 +0800 o.a.d.s.m.r.t.TaskGroupCoordinator:[129] - TaskGroupCoordinator round time cost: 0/ms
[INFO] 2025-10-13 11:17:01.331 +0800 o.a.d.s.m.c.IdSlotBasedCommandFetcher:[67] - Fetch commands: 0 success, cost: 0ms, totalSlot: 1, currentSlotIndex: 0
[INFO] 2025-10-13 11:17:02.346 +0800 o.a.d.s.m.c.IdSlotBasedCommandFetcher:[67] - Fetch commands: 0 success, cost: 0ms, totalSlot: 1, currentSlotIndex: 0
[INFO] 2025-10-13 11:17:03.355 +0800 o.a.d.s.m.c.IdSlotBasedCommandFetcher:[67] - Fetch commands: 0 success, cost: 0ms, totalSlot: 1, currentSlotIndex: 0
[INFO] 2025-10-13 11:17:04.369 +0800 o.a.d.s.m.c.IdSlotBasedCommandFetcher:[67] - Fetch commands: 0 success, cost: 0ms, totalSlot: 1, currentSlotIndex: 0
[INFO] 2025-10-13 11:17:05.558 +0800 o.a.d.s.m.r.t.TaskGroupCoordinator:[187] - Success amend TaskGroupQueue status cost: 0/ms
[INFO] 2025-10-13 11:17:05.558 +0800 o.a.d.s.m.r.t.TaskGroupCoordinator:[241] - Success deal with force start TaskGroupQueue cost: 0/ms
[INFO] 2025-10-13 11:17:05.559 +0800 o.a.d.s.m.r.t.TaskGroupCoordinator:[129] - TaskGroupCoordinator round time cost: 1/ms
[INFO] 2025-10-13 11:17:05.634 +0800 o.a.d.s.m.c.IdSlotBasedCommandFetcher:[67] - Fetch commands: 0 success, cost: 1ms, totalSlot: 1, currentSlotIndex: 0
[INFO] 2025-10-13 11:17:06.714 +0800 o.a.d.s.m.c.IdSlotBasedCommandFetcher:[67] - Fetch commands: 0 success, cost: 0ms, totalSlot: 1, currentSlotIndex: 0
[INFO] 2025-10-13 11:17:07.790 +0800 o.a.d.s.m.c.IdSlotBasedCommandFetcher:[67] - Fetch commands: 0 success, cost: 0ms, totalSlot: 1, currentSlotIndex: 0
[INFO] 2025-10-13 11:17:08.866 +0800 o.a.d.s.m.c.IdSlotBasedCommandFetcher:[67] - Fetch commands: 0 success, cost: 0ms, totalSlot: 1, currentSlotIndex: 0
[INFO] 2025-10-13 11:17:09.930 +0800 o.a.d.s.m.c.IdSlotBasedCommandFetcher:[67] - Fetch commands: 0 success, cost: 0ms, totalSlot: 1, currentSlotIndex: 0
[INFO] 2025-10-13 11:17:10.571 +0800 o.a.d.s.m.r.t.TaskGroupCoordinator:[187] - Success amend TaskGroupQueue status cost: 0/ms
[INFO] 2025-10-13 11:17:10.571 +0800 o.a.d.s.m.r.t.TaskGroupCoordinator:[241] - Success deal with force start TaskGroupQueue cost: 0/ms
[INFO] 2025-10-13 11:17:10.571 +0800 o.a.d.s.m.r.t.TaskGroupCoordinator:[129] - TaskGroupCoordinator round time cost: 1/ms
[INFO] 2025-10-13 11:17:11.004 +0800 o.a.d.s.m.c.IdSlotBasedCommandFetcher:[67] - Fetch commands: 0 success, cost: 0ms, totalSlot: 1, currentSlotIndex: 0
[INFO] 2025-10-13 11:17:12.080 +0800 o.a.d.s.m.c.IdSlotBasedCommandFetcher:[67] - Fetch commands: 0 success, cost: 0ms, totalSlot: 1, currentSlotIndex: 0
[INFO] 2025-10-13 11:17:13.149 +0800 o.a.d.s.m.c.IdSlotBasedCommandFetcher:[67] - Fetch commands: 0 success, cost: 0ms, totalSlot: 1, currentSlotIndex: 0
[INFO] 2025-10-13 11:17:14.217 +0800 o.a.d.s.m.c.IdSlotBasedCommandFetcher:[67] - Fetch commands: 0 success, cost: 0ms, totalSlot: 1, currentSlotIndex: 0
[INFO] 2025-10-13 11:17:15.287 +0800 o.a.d.s.m.c.IdSlotBasedCommandFetcher:[67] - Fetch commands: 0 success, cost: 1ms, totalSlot: 1, currentSlotIndex: 0
[INFO] 2025-10-13 11:17:15.577 +0800 o.a.d.s.m.r.t.TaskGroupCoordinator:[187] - Success amend TaskGroupQueue status cost: 0/ms
[INFO] 2025-10-13 11:17:15.577 +0800 o.a.d.s.m.r.t.TaskGroupCoordinator:[241] - Success deal with force start TaskGroupQueue cost: 0/ms
[INFO] 2025-10-13 11:17:15.578 +0800 o.a.d.s.m.r.t.TaskGroupCoordinator:[129] - TaskGroupCoordinator round time cost: 0/ms
[INFO] 2025-10-13 11:17:16.370 +0800 o.a.d.s.m.c.IdSlotBasedCommandFetcher:[67] - Fetch commands: 0 success, cost: 0ms, totalSlot: 1, currentSlotIndex: 0
[INFO] 2025-10-13 11:17:17.432 +0800 o.a.d.s.m.c.IdSlotBasedCommandFetcher:[67] - Fetch commands: 0 success, cost: 1ms, totalSlot: 1, currentSlotIndex: 0
[INFO] 2025-10-13 11:17:18.503 +0800 o.a.d.s.m.c.IdSlotBasedCommandFetcher:[67] - Fetch commands: 0 success, cost: 0ms, totalSlot: 1, currentSlotIndex: 0
[INFO] 2025-10-13 11:17:19.580 +0800 o.a.d.s.m.c.IdSlotBasedCommandFetcher:[67] - Fetch commands: 0 success, cost: 0ms, totalSlot: 1, currentSlotIndex: 0
[INFO] 2025-10-13 11:17:20.593 +0800 o.a.d.s.m.r.t.TaskGroupCoordinator:[187] - Success amend TaskGroupQueue status cost: 0/ms
[INFO] 2025-10-13 11:17:20.593 +0800 o.a.d.s.m.r.t.TaskGroupCoordinator:[241] - Success deal with force start TaskGroupQueue cost: 0/ms
[INFO] 2025-10-13 11:17:20.593 +0800 o.a.d.s.m.r.t.TaskGroupCoordinator:[129] - TaskGroupCoordinator round time cost: 0/ms
[INFO] 2025-10-13 11:17:20.821 +0800 o.a.d.s.m.c.IdSlotBasedCommandFetcher:[67] - Fetch commands: 0 success, cost: 0ms, totalSlot: 1, currentSlotIndex: 0
[INFO] 2025-10-13 11:17:21.822 +0800 o.a.d.s.m.c.IdSlotBasedCommandFetcher:[67] - Fetch commands: 0 success, cost: 0ms, totalSlot: 1, currentSlotIndex: 0
[INFO] 2025-10-13 11:17:22.823 +0800 o.a.d.s.m.c.IdSlotBasedCommandFetcher:[67] - Fetch commands: 0 success, cost: 0ms, totalSlot: 1, currentSlotIndex: 0
[INFO] 2025-10-13 11:17:23.823 +0800 o.a.d.s.m.c.IdSlotBasedCommandFetcher:[67] - Fetch commands: 0 success, cost: 0ms, totalSlot: 1, currentSlotIndex: 0
[INFO] 2025-10-13 11:17:24.823 +0800 o.a.d.s.m.c.IdSlotBasedCommandFetcher:[67] - Fetch commands: 0 success, cost: 0ms, totalSlot: 1, currentSlotIndex: 0
[INFO] 2025-10-13 11:17:25.600 +0800 o.a.d.s.m.r.t.TaskGroupCoordinator:[187] - Success amend TaskGroupQueue status cost: 0/ms
[INFO] 2025-10-13 11:17:25.600 +0800 o.a.d.s.m.r.t.TaskGroupCoordinator:[241] - Success deal with force start TaskGroupQueue cost: 0/ms
[INFO] 2025-10-13 11:17:25.600 +0800 o.a.d.s.m.r.t.TaskGroupCoordinator:[129] - TaskGroupCoordinator round time cost: 0/ms
[INFO] 2025-10-13 11:17:25.824 +0800 o.a.d.s.m.c.IdSlotBasedCommandFetcher:[67] - Fetch commands: 0 success, cost: 0ms, totalSlot: 1, currentSlotIndex: 0
[INFO] 2025-10-13 11:17:26.825 +0800 o.a.d.s.m.c.IdSlotBasedCommandFetcher:[67] - Fetch commands: 0 success, cost: 0ms, totalSlot: 1, currentSlotIndex: 0
[INFO] 2025-10-13 11:17:27.825 +0800 o.a.d.s.m.c.IdSlotBasedCommandFetcher:[67] - Fetch commands: 0 success, cost: 0ms, totalSlot: 1, currentSlotIndex: 0
[INFO] 2025-10-13 11:17:28.826 +0800 o.a.d.s.m.c.IdSlotBasedCommandFetcher:[67] - Fetch commands: 0 success, cost: 0ms, totalSlot: 1, currentSlotIndex: 0
[INFO] 2025-10-13 11:17:29.826 +0800 o.a.d.s.m.c.IdSlotBasedCommandFetcher:[67] - Fetch commands: 0 success, cost: 0ms, totalSlot: 1, currentSlotIndex: 0
[INFO] 2025-10-13 11:17:30.606 +0800 o.a.d.s.m.r.t.TaskGroupCoordinator:[187] - Success amend TaskGroupQueue status cost: 0/ms
[INFO] 2025-10-13 11:17:30.606 +0800 o.a.d.s.m.r.t.TaskGroupCoordinator:[241] - Success deal with force start TaskGroupQueue cost: 0/ms
[INFO] 2025-10-13 11:17:30.607 +0800 o.a.d.s.m.r.t.TaskGroupCoordinator:[129] - TaskGroupCoordinator round time cost: 0/ms
[INFO] 2025-10-13 11:17:30.826 +0800 o.a.d.s.m.c.IdSlotBasedCommandFetcher:[67] - Fetch commands: 0 success, cost: 0ms, totalSlot: 1, currentSlotIndex: 0
[INFO] 2025-10-13 11:17:31.826 +0800 o.a.d.s.m.c.IdSlotBasedCommandFetcher:[67] - Fetch commands: 0 success, cost: 0ms, totalSlot: 1, currentSlotIndex: 0
[INFO] 2025-10-13 11:17:32.826 +0800 o.a.d.s.m.c.IdSlotBasedCommandFetcher:[67] - Fetch commands: 0 success, cost: 0ms, totalSlot: 1, currentSlotIndex: 0
[INFO] 2025-10-13 11:17:33.827 +0800 o.a.d.s.m.c.IdSlotBasedCommandFetcher:[67] - Fetch commands: 0 success, cost: 0ms, totalSlot: 1, currentSlotIndex: 0
[INFO] 2025-10-13 11:17:34.828 +0800 o.a.d.s.m.c.IdSlotBasedCommandFetcher:[67] - Fetch commands: 0 success, cost: 0ms, totalSlot: 1, currentSlotIndex: 0
[INFO] 2025-10-13 11:17:35.612 +0800 o.a.d.s.m.r.t.TaskGroupCoordinator:[187] - Success amend TaskGroupQueue status cost: 0/ms
[INFO] 2025-10-13 11:17:35.612 +0800 o.a.d.s.m.r.t.TaskGroupCoordinator:[241] - Success deal with force start TaskGroupQueue cost: 0/ms
[INFO] 2025-10-13 11:17:35.612 +0800 o.a.d.s.m.r.t.TaskGroupCoordinator:[129] - TaskGroupCoordinator round time cost: 0/ms
[INFO] 2025-10-13 11:17:36.038 +0800 o.a.d.s.m.c.IdSlotBasedCommandFetcher:[67] - Fetch commands: 0 success, cost: 0ms, totalSlot: 1, currentSlotIndex: 0
[INFO] 2025-10-13 11:17:37.041 +0800 o.a.d.s.m.c.IdSlotBasedCommandFetcher:[67] - Fetch commands: 0 success, cost: 0ms, totalSlot: 1, currentSlotIndex: 0
[INFO] 2025-10-13 11:17:38.051 +0800 o.a.d.s.m.c.IdSlotBasedCommandFetcher:[67] - Fetch commands: 0 success, cost: 0ms, totalSlot: 1, currentSlotIndex: 0
[INFO] 2025-10-13 11:17:39.055 +0800 o.a.d.s.m.c.IdSlotBasedCommandFetcher:[67] - Fetch commands: 0 success, cost: 0ms, totalSlot: 1, currentSlotIndex: 0
[INFO] 2025-10-13 11:17:40.056 +0800 o.a.d.s.m.c.IdSlotBasedCommandFetcher:[67] - Fetch commands: 0 success, cost: 0ms, totalSlot: 1, currentSlotIndex: 0
[INFO] 2025-10-13 11:17:40.617 +0800 o.a.d.s.m.r.t.TaskGroupCoordinator:[187] - Success amend TaskGroupQueue status cost: 0/ms
[INFO] 2025-10-13 11:17:40.617 +0800 o.a.d.s.m.r.t.TaskGroupCoordinator:[241] - Success deal with force start TaskGroupQueue cost: 0/ms
[INFO] 2025-10-13 11:17:40.617 +0800 o.a.d.s.m.r.t.TaskGroupCoordinator:[129] - TaskGroupCoordinator round time cost: 0/ms
[INFO] 2025-10-13 11:17:41.068 +0800 o.a.d.s.m.c.IdSlotBasedCommandFetcher:[67] - Fetch commands: 0 success, cost: 0ms, totalSlot: 1, currentSlotIndex: 0
[INFO] 2025-10-13 11:17:42.069 +0800 o.a.d.s.m.c.IdSlotBasedCommandFetcher:[67] - Fetch commands: 0 success, cost: 0ms, totalSlot: 1, currentSlotIndex: 0
[INFO] 2025-10-13 11:17:43.070 +0800 o.a.d.s.m.c.IdSlotBasedCommandFetcher:[67] - Fetch commands: 0 success, cost: 0ms, totalSlot: 1, currentSlotIndex: 0
[INFO] 2025-10-13 11:17:44.077 +0800 o.a.d.s.m.c.IdSlotBasedCommandFetcher:[67] - Fetch commands: 0 success, cost: 0ms, totalSlot: 1, currentSlotIndex: 0
[INFO] 2025-10-13 11:17:45.077 +0800 o.a.d.s.m.c.IdSlotBasedCommandFetcher:[67] - Fetch commands: 0 success, cost: 0ms, totalSlot: 1, currentSlotIndex: 0
[INFO] 2025-10-13 11:17:45.642 +0800 o.a.d.s.m.r.t.TaskGroupCoordinator:[187] - Success amend TaskGroupQueue status cost: 0/ms
[INFO] 2025-10-13 11:17:45.642 +0800 o.a.d.s.m.r.t.TaskGroupCoordinator:[241] - Success deal with force start TaskGroupQueue cost: 0/ms
[INFO] 2025-10-13 11:17:45.643 +0800 o.a.d.s.m.r.t.TaskGroupCoordinator:[129] - TaskGroupCoordinator round time cost: 0/ms
[INFO] 2025-10-13 11:17:46.083 +0800 o.a.d.s.m.c.IdSlotBasedCommandFetcher:[67] - Fetch commands: 0 success, cost: 0ms, totalSlot: 1, currentSlotIndex: 0
[INFO] 2025-10-13 11:17:47.090 +0800 o.a.d.s.m.c.IdSlotBasedCommandFetcher:[67] - Fetch commands: 0 success, cost: 0ms, totalSlot: 1, currentSlotIndex: 0
[INFO] 2025-10-13 11:17:48.092 +0800 o.a.d.s.m.c.IdSlotBasedCommandFetcher:[67] - Fetch commands: 0 success, cost: 0ms, totalSlot: 1, currentSlotIndex: 0
[INFO] 2025-10-13 11:17:49.093 +0800 o.a.d.s.m.c.IdSlotBasedCommandFetcher:[67] - Fetch commands: 0 success, cost: 0ms, totalSlot: 1, currentSlotIndex: 0
[INFO] 2025-10-13 11:17:50.093 +0800 o.a.d.s.m.c.IdSlotBasedCommandFetcher:[67] - Fetch commands: 0 success, cost: 0ms, totalSlot: 1, currentSlotIndex: 0
[INFO] 2025-10-13 11:17:50.652 +0800 o.a.d.s.m.r.t.TaskGroupCoordinator:[187] - Success amend TaskGroupQueue status cost: 0/ms
[INFO] 2025-10-13 11:17:50.652 +0800 o.a.d.s.m.r.t.TaskGroupCoordinator:[241] - Success deal with force start TaskGroupQueue cost: 0/ms
[INFO] 2025-10-13 11:17:50.653 +0800 o.a.d.s.m.r.t.TaskGroupCoordinator:[129] - TaskGroupCoordinator round time cost: 0/ms
[INFO] 2025-10-13 11:17:51.304 +0800 o.a.d.s.m.c.IdSlotBasedCommandFetcher:[67] - Fetch commands: 0 success, cost: 0ms, totalSlot: 1, currentSlotIndex: 0
[INFO] 2025-10-13 11:17:52.305 +0800 o.a.d.s.m.c.IdSlotBasedCommandFetcher:[67] - Fetch commands: 0 success, cost: 0ms, totalSlot: 1, currentSlotIndex: 0
[INFO] 2025-10-13 11:17:53.305 +0800 o.a.d.s.m.c.IdSlotBasedCommandFetcher:[67] - Fetch commands: 0 success, cost: 0ms, totalSlot: 1, currentSlotIndex: 0
[INFO] 2025-10-13 11:17:54.305 +0800 o.a.d.s.m.c.IdSlotBasedCommandFetcher:[67] - Fetch commands: 0 success, cost: 0ms, totalSlot: 1, currentSlotIndex: 0
[INFO] 2025-10-13 11:17:55.307 +0800 o.a.d.s.m.c.IdSlotBasedCommandFetcher:[67] - Fetch commands: 0 success, cost: 0ms, totalSlot: 1, currentSlotIndex: 0
[INFO] 2025-10-13 11:17:55.658 +0800 o.a.d.s.m.r.t.TaskGroupCoordinator:[187] - Success amend TaskGroupQueue status cost: 0/ms
[INFO] 2025-10-13 11:17:55.658 +0800 o.a.d.s.m.r.t.TaskGroupCoordinator:[241] - Success deal with force start TaskGroupQueue cost: 0/ms
[INFO] 2025-10-13 11:17:55.658 +0800 o.a.d.s.m.r.t.TaskGroupCoordinator:[129] - TaskGroupCoordinator round time cost: 0/ms
[INFO] 2025-10-13 11:17:56.308 +0800 o.a.d.s.m.c.IdSlotBasedCommandFetcher:[67] - Fetch commands: 0 success, cost: 0ms, totalSlot: 1, currentSlotIndex: 0
[INFO] 2025-10-13 11:17:57.308 +0800 o.a.d.s.m.c.IdSlotBasedCommandFetcher:[67] - Fetch commands: 0 success, cost: 0ms, totalSlot: 1, currentSlotIndex: 0
[INFO] 2025-10-13 11:17:58.309 +0800 o.a.d.s.m.c.IdSlotBasedCommandFetcher:[67] - Fetch commands: 0 success, cost: 0ms, totalSlot: 1, currentSlotIndex: 0
[INFO] 2025-10-13 11:17:59.309 +0800 o.a.d.s.m.c.IdSlotBasedCommandFetcher:[67] - Fetch commands: 0 success, cost: 0ms, totalSlot: 1, currentSlotIndex: 0
[INFO] 2025-10-13 11:18:00.312 +0800 o.a.d.s.m.c.IdSlotBasedCommandFetcher:[67] - Fetch commands: 0 success, cost: 0ms, totalSlot: 1, currentSlotIndex: 0
[INFO] 2025-10-13 11:18:00.665 +0800 o.a.d.s.m.r.t.TaskGroupCoordinator:[187] - Success amend TaskGroupQueue status cost: 0/ms
[INFO] 2025-10-13 11:18:00.665 +0800 o.a.d.s.m.r.t.TaskGroupCoordinator:[241] - Success deal with force start TaskGroupQueue cost: 0/ms
[INFO] 2025-10-13 11:18:00.665 +0800 o.a.d.s.m.r.t.TaskGroupCoordinator:[129] - TaskGroupCoordinator round time cost: 1/ms
[INFO] 2025-10-13 11:18:01.313 +0800 o.a.d.s.m.c.IdSlotBasedCommandFetcher:[67] - Fetch commands: 0 success, cost: 0ms, totalSlot: 1, currentSlotIndex: 0
[INFO] 2025-10-13 11:18:02.314 +0800 o.a.d.s.m.c.IdSlotBasedCommandFetcher:[67] - Fetch commands: 0 success, cost: 0ms, totalSlot: 1, currentSlotIndex: 0
[INFO] 2025-10-13 11:18:03.314 +0800 o.a.d.s.m.c.IdSlotBasedCommandFetcher:[67] - Fetch commands: 0 success, cost: 0ms, totalSlot: 1, currentSlotIndex: 0
[INFO] 2025-10-13 11:18:04.316 +0800 o.a.d.s.m.c.IdSlotBasedCommandFetcher:[67] - Fetch commands: 0 success, cost: 0ms, totalSlot: 1, currentSlotIndex: 0
[INFO] 2025-10-13 11:18:05.407 +0800 o.a.d.s.m.c.IdSlotBasedCommandFetcher:[67] - Fetch commands: 0 success, cost: 0ms, totalSlot: 1, currentSlotIndex: 0
[INFO] 2025-10-13 11:18:05.671 +0800 o.a.d.s.m.r.t.TaskGroupCoordinator:[187] - Success amend TaskGroupQueue status cost: 0/ms
[INFO] 2025-10-13 11:18:05.671 +0800 o.a.d.s.m.r.t.TaskGroupCoordinator:[241] - Success deal with force start TaskGroupQueue cost: 0/ms
[INFO] 2025-10-13 11:18:05.671 +0800 o.a.d.s.m.r.t.TaskGroupCoordinator:[129] - TaskGroupCoordinator round time cost: 0/ms
[INFO] 2025-10-13 11:18:06.480 +0800 o.a.d.s.m.c.IdSlotBasedCommandFetcher:[67] - Fetch commands: 0 success, cost: 0ms, totalSlot: 1, currentSlotIndex: 0
[INFO] 2025-10-13 11:18:07.559 +0800 o.a.d.s.m.c.IdSlotBasedCommandFetcher:[67] - Fetch commands: 0 success, cost: 0ms, totalSlot: 1, currentSlotIndex: 0
[INFO] 2025-10-13 11:18:08.631 +0800 o.a.d.s.m.c.IdSlotBasedCommandFetcher:[67] - Fetch commands: 0 success, cost: 0ms, totalSlot: 1, currentSlotIndex: 0
[INFO] 2025-10-13 11:18:09.698 +0800 o.a.d.s.m.c.IdSlotBasedCommandFetcher:[67] - Fetch commands: 0 success, cost: 0ms, totalSlot: 1, currentSlotIndex: 0
[INFO] 2025-10-13 11:18:10.675 +0800 o.a.d.s.m.r.t.TaskGroupCoordinator:[187] - Success amend TaskGroupQueue status cost: 0/ms
[INFO] 2025-10-13 11:18:10.675 +0800 o.a.d.s.m.r.t.TaskGroupCoordinator:[241] - Success deal with force start TaskGroupQueue cost: 0/ms
[INFO] 2025-10-13 11:18:10.675 +0800 o.a.d.s.m.r.t.TaskGroupCoordinator:[129] - TaskGroupCoordinator round time cost: 0/ms
[INFO] 2025-10-13 11:18:10.766 +0800 o.a.d.s.m.c.IdSlotBasedCommandFetcher:[67] - Fetch commands: 0 success, cost: 0ms, totalSlot: 1, currentSlotIndex: 0
[INFO] 2025-10-13 11:18:11.831 +0800 o.a.d.s.m.c.IdSlotBasedCommandFetcher:[67] - Fetch commands: 0 success, cost: 0ms, totalSlot: 1, currentSlotIndex: 0
[INFO] 2025-10-13 11:18:12.901 +0800 o.a.d.s.m.c.IdSlotBasedCommandFetcher:[67] - Fetch commands: 0 success, cost: 0ms, totalSlot: 1, currentSlotIndex: 0
[INFO] 2025-10-13 11:18:13.972 +0800 o.a.d.s.m.c.IdSlotBasedCommandFetcher:[67] - Fetch commands: 0 success, cost: 0ms, totalSlot: 1, currentSlotIndex: 0
[INFO] 2025-10-13 11:18:15.036 +0800 o.a.d.s.m.c.IdSlotBasedCommandFetcher:[67] - Fetch commands: 0 success, cost: 0ms, totalSlot: 1, currentSlotIndex: 0
[INFO] 2025-10-13 11:18:15.678 +0800 o.a.d.s.m.r.t.TaskGroupCoordinator:[187] - Success amend TaskGroupQueue status cost: 0/ms
[INFO] 2025-10-13 11:18:15.679 +0800 o.a.d.s.m.r.t.TaskGroupCoordinator:[241] - Success deal with force start TaskGroupQueue cost: 0/ms
[INFO] 2025-10-13 11:18:15.679 +0800 o.a.d.s.m.r.t.TaskGroupCoordinator:[129] - TaskGroupCoordinator round time cost: 0/ms
[INFO] 2025-10-13 11:18:16.117 +0800 o.a.d.s.m.c.IdSlotBasedCommandFetcher:[67] - Fetch commands: 0 success, cost: 0ms, totalSlot: 1, currentSlotIndex: 0
[INFO] 2025-10-13 11:18:17.218 +0800 o.a.d.s.m.c.IdSlotBasedCommandFetcher:[67] - Fetch commands: 0 success, cost: 0ms, totalSlot: 1, currentSlotIndex: 0
[INFO] 2025-10-13 11:18:18.222 +0800 o.a.d.s.m.c.IdSlotBasedCommandFetcher:[67] - Fetch commands: 0 success, cost: 0ms, totalSlot: 1, currentSlotIndex: 0
[INFO] 2025-10-13 11:18:19.223 +0800 o.a.d.s.m.c.IdSlotBasedCommandFetcher:[67] - Fetch commands: 0 success, cost: 0ms, totalSlot: 1, currentSlotIndex: 0
[INFO] 2025-10-13 11:18:20.228 +0800 o.a.d.s.m.c.IdSlotBasedCommandFetcher:[67] - Fetch commands: 0 success, cost: 0ms, totalSlot: 1, currentSlotIndex: 0
[INFO] 2025-10-13 11:18:20.684 +0800 o.a.d.s.m.r.t.TaskGroupCoordinator:[187] - Success amend TaskGroupQueue status cost: 0/ms
[INFO] 2025-10-13 11:18:20.684 +0800 o.a.d.s.m.r.t.TaskGroupCoordinator:[241] - Success deal with force start TaskGroupQueue cost: 0/ms
[INFO] 2025-10-13 11:18:20.684 +0800 o.a.d.s.m.r.t.TaskGroupCoordinator:[129] - TaskGroupCoordinator round time cost: 0/ms
[INFO] 2025-10-13 11:18:21.229 +0800 o.a.d.s.m.c.IdSlotBasedCommandFetcher:[67] - Fetch commands: 0 success, cost: 0ms, totalSlot: 1, currentSlotIndex: 0
[INFO] 2025-10-13 11:18:22.229 +0800 o.a.d.s.m.c.IdSlotBasedCommandFetcher:[67] - Fetch commands: 0 success, cost: 0ms, totalSlot: 1, currentSlotIndex: 0
[INFO] 2025-10-13 11:18:23.234 +0800 o.a.d.s.m.c.IdSlotBasedCommandFetcher:[67] - Fetch commands: 0 success, cost: 0ms, totalSlot: 1, currentSlotIndex: 0
[INFO] 2025-10-13 11:18:24.234 +0800 o.a.d.s.m.c.IdSlotBasedCommandFetcher:[67] - Fetch commands: 0 success, cost: 0ms, totalSlot: 1, currentSlotIndex: 0
[INFO] 2025-10-13 11:18:25.239 +0800 o.a.d.s.m.c.IdSlotBasedCommandFetcher:[67] - Fetch commands: 0 success, cost: 0ms, totalSlot: 1, currentSlotIndex: 0
[INFO] 2025-10-13 11:18:25.688 +0800 o.a.d.s.m.r.t.TaskGroupCoordinator:[187] - Success amend TaskGroupQueue status cost: 0/ms
[INFO] 2025-10-13 11:18:25.689 +0800 o.a.d.s.m.r.t.TaskGroupCoordinator:[241] - Success deal with force start TaskGroupQueue cost: 0/ms
[INFO] 2025-10-13 11:18:25.689 +0800 o.a.d.s.m.r.t.TaskGroupCoordinator:[129] - TaskGroupCoordinator round time cost: 1/ms
[INFO] 2025-10-13 11:18:26.240 +0800 o.a.d.s.m.c.IdSlotBasedCommandFetcher:[67] - Fetch commands: 0 success, cost: 0ms, totalSlot: 1, currentSlotIndex: 0
[INFO] 2025-10-13 11:18:27.241 +0800 o.a.d.s.m.c.IdSlotBasedCommandFetcher:[67] - Fetch commands: 0 success, cost: 0ms, totalSlot: 1, currentSlotIndex: 0
[INFO] 2025-10-13 11:18:28.241 +0800 o.a.d.s.m.c.IdSlotBasedCommandFetcher:[67] - Fetch commands: 0 success, cost: 0ms, totalSlot: 1, currentSlotIndex: 0
[INFO] 2025-10-13 11:18:29.372 +0800 o.a.d.s.m.c.IdSlotBasedCommandFetcher:[67] - Fetch commands: 0 success, cost: 0ms, totalSlot: 1, currentSlotIndex: 0
[INFO] 2025-10-13 11:18:30.450 +0800 o.a.d.s.m.c.IdSlotBasedCommandFetcher:[67] - Fetch commands: 0 success, cost: 1ms, totalSlot: 1, currentSlotIndex: 0
[INFO] 2025-10-13 11:18:30.694 +0800 o.a.d.s.m.r.t.TaskGroupCoordinator:[187] - Success amend TaskGroupQueue status cost: 0/ms
[INFO] 2025-10-13 11:18:30.696 +0800 o.a.d.s.m.r.t.TaskGroupCoordinator:[241] - Success deal with force start TaskGroupQueue cost: 0/ms
[INFO] 2025-10-13 11:18:30.696 +0800 o.a.d.s.m.r.t.TaskGroupCoordinator:[129] - TaskGroupCoordinator round time cost: 0/ms
[INFO] 2025-10-13 11:18:31.528 +0800 o.a.d.s.m.c.IdSlotBasedCommandFetcher:[67] - Fetch commands: 0 success, cost: 0ms, totalSlot: 1, currentSlotIndex: 0
[INFO] 2025-10-13 11:18:32.529 +0800 o.a.d.s.m.c.IdSlotBasedCommandFetcher:[67] - Fetch commands: 0 success, cost: 0ms, totalSlot: 1, currentSlotIndex: 0
[INFO] 2025-10-13 11:18:33.529 +0800 o.a.d.s.m.c.IdSlotBasedCommandFetcher:[67] - Fetch commands: 0 success, cost: 0ms, totalSlot: 1, currentSlotIndex: 0
[INFO] 2025-10-13 11:18:34.529 +0800 o.a.d.s.m.c.IdSlotBasedCommandFetcher:[67] - Fetch commands: 0 success, cost: 0ms, totalSlot: 1, currentSlotIndex: 0
[INFO] 2025-10-13 11:18:35.529 +0800 o.a.d.s.m.c.IdSlotBasedCommandFetcher:[67] - Fetch commands: 0 success, cost: 0ms, totalSlot: 1, currentSlotIndex: 0
[INFO] 2025-10-13 11:18:35.700 +0800 o.a.d.s.m.r.t.TaskGroupCoordinator:[187] - Success amend TaskGroupQueue status cost: 0/ms
[INFO] 2025-10-13 11:18:35.700 +0800 o.a.d.s.m.r.t.TaskGroupCoordinator:[241] - Success deal with force start TaskGroupQueue cost: 0/ms
[INFO] 2025-10-13 11:18:35.700 +0800 o.a.d.s.m.r.t.TaskGroupCoordinator:[129] - TaskGroupCoordinator round time cost: 0/ms
[INFO] 2025-10-13 11:18:36.530 +0800 o.a.d.s.m.c.IdSlotBasedCommandFetcher:[67] - Fetch commands: 0 success, cost: 0ms, totalSlot: 1, currentSlotIndex: 0
[INFO] 2025-10-13 11:18:37.530 +0800 o.a.d.s.m.c.IdSlotBasedCommandFetcher:[67] - Fetch commands: 0 success, cost: 0ms, totalSlot: 1, currentSlotIndex: 0
[INFO] 2025-10-13 11:18:38.539 +0800 o.a.d.s.m.c.IdSlotBasedCommandFetcher:[67] - Fetch commands: 0 success, cost: 0ms, totalSlot: 1, currentSlotIndex: 0
[INFO] 2025-10-13 11:18:39.540 +0800 o.a.d.s.m.c.IdSlotBasedCommandFetcher:[67] - Fetch commands: 0 success, cost: 0ms, totalSlot: 1, currentSlotIndex: 0
[INFO] 2025-10-13 11:18:40.543 +0800 o.a.d.s.m.c.IdSlotBasedCommandFetcher:[67] - Fetch commands: 0 success, cost: 0ms, totalSlot: 1, currentSlotIndex: 0
[INFO] 2025-10-13 11:18:40.705 +0800 o.a.d.s.m.r.t.TaskGroupCoordinator:[187] - Success amend TaskGroupQueue status cost: 0/ms
[INFO] 2025-10-13 11:18:40.705 +0800 o.a.d.s.m.r.t.TaskGroupCoordinator:[241] - Success deal with force start TaskGroupQueue cost: 0/ms
[INFO] 2025-10-13 11:18:40.705 +0800 o.a.d.s.m.r.t.TaskGroupCoordinator:[129] - TaskGroupCoordinator round time cost: 0/ms
[INFO] 2025-10-13 11:18:41.544 +0800 o.a.d.s.m.c.IdSlotBasedCommandFetcher:[67] - Fetch commands: 0 success, cost: 0ms, totalSlot: 1, currentSlotIndex: 0
[INFO] 2025-10-13 11:18:42.548 +0800 o.a.d.s.m.c.IdSlotBasedCommandFetcher:[67] - Fetch commands: 0 success, cost: 0ms, totalSlot: 1, currentSlotIndex: 0
[INFO] 2025-10-13 11:18:43.760 +0800 o.a.d.s.m.c.IdSlotBasedCommandFetcher:[67] - Fetch commands: 0 success, cost: 0ms, totalSlot: 1, currentSlotIndex: 0
[INFO] 2025-10-13 11:18:44.761 +0800 o.a.d.s.m.c.IdSlotBasedCommandFetcher:[67] - Fetch commands: 0 success, cost: 0ms, totalSlot: 1, currentSlotIndex: 0
[INFO] 2025-10-13 11:18:45.714 +0800 o.a.d.s.m.r.t.TaskGroupCoordinator:[187] - Success amend TaskGroupQueue status cost: 0/ms
[INFO] 2025-10-13 11:18:45.714 +0800 o.a.d.s.m.r.t.TaskGroupCoordinator:[241] - Success deal with force start TaskGroupQueue cost: 0/ms
[INFO] 2025-10-13 11:18:45.714 +0800 o.a.d.s.m.r.t.TaskGroupCoordinator:[129] - TaskGroupCoordinator round time cost: 0/ms
[INFO] 2025-10-13 11:18:45.765 +0800 o.a.d.s.m.c.IdSlotBasedCommandFetcher:[67] - Fetch commands: 0 success, cost: 0ms, totalSlot: 1, currentSlotIndex: 0
[INFO] 2025-10-13 11:18:46.766 +0800 o.a.d.s.m.c.IdSlotBasedCommandFetcher:[67] - Fetch commands: 0 success, cost: 0ms, totalSlot: 1, currentSlotIndex: 0
[INFO] 2025-10-13 11:18:47.773 +0800 o.a.d.s.m.c.IdSlotBasedCommandFetcher:[67] - Fetch commands: 0 success, cost: 0ms, totalSlot: 1, currentSlotIndex: 0
[INFO] 2025-10-13 11:18:48.774 +0800 o.a.d.s.m.c.IdSlotBasedCommandFetcher:[67] - Fetch commands: 0 success, cost: 0ms, totalSlot: 1, currentSlotIndex: 0
[INFO] 2025-10-13 11:18:49.774 +0800 o.a.d.s.m.c.IdSlotBasedCommandFetcher:[67] - Fetch commands: 0 success, cost: 0ms, totalSlot: 1, currentSlotIndex: 0
[INFO] 2025-10-13 11:18:50.719 +0800 o.a.d.s.m.r.t.TaskGroupCoordinator:[187] - Success amend TaskGroupQueue status cost: 0/ms
[INFO] 2025-10-13 11:18:50.719 +0800 o.a.d.s.m.r.t.TaskGroupCoordinator:[241] - Success deal with force start TaskGroupQueue cost: 0/ms
[INFO] 2025-10-13 11:18:50.720 +0800 o.a.d.s.m.r.t.TaskGroupCoordinator:[129] - TaskGroupCoordinator round time cost: 0/ms
[INFO] 2025-10-13 11:18:50.775 +0800 o.a.d.s.m.c.IdSlotBasedCommandFetcher:[67] - Fetch commands: 0 success, cost: 0ms, totalSlot: 1, currentSlotIndex: 0
[INFO] 2025-10-13 11:18:51.775 +0800 o.a.d.s.m.c.IdSlotBasedCommandFetcher:[67] - Fetch commands: 0 success, cost: 0ms, totalSlot: 1, currentSlotIndex: 0
[INFO] 2025-10-13 11:18:52.776 +0800 o.a.d.s.m.c.IdSlotBasedCommandFetcher:[67] - Fetch commands: 0 success, cost: 0ms, totalSlot: 1, currentSlotIndex: 0
[INFO] 2025-10-13 11:18:53.776 +0800 o.a.d.s.m.c.IdSlotBasedCommandFetcher:[67] - Fetch commands: 0 success, cost: 0ms, totalSlot: 1, currentSlotIndex: 0
[INFO] 2025-10-13 11:18:54.777 +0800 o.a.d.s.m.c.IdSlotBasedCommandFetcher:[67] - Fetch commands: 0 success, cost: 0ms, totalSlot: 1, currentSlotIndex: 0
[INFO] 2025-10-13 11:18:55.726 +0800 o.a.d.s.m.r.t.TaskGroupCoordinator:[187] - Success amend TaskGroupQueue status cost: 0/ms
[INFO] 2025-10-13 11:18:55.726 +0800 o.a.d.s.m.r.t.TaskGroupCoordinator:[241] - Success deal with force start TaskGroupQueue cost: 0/ms
[INFO] 2025-10-13 11:18:55.726 +0800 o.a.d.s.m.r.t.TaskGroupCoordinator:[129] - TaskGroupCoordinator round time cost: 0/ms
[INFO] 2025-10-13 11:18:55.777 +0800 o.a.d.s.m.c.IdSlotBasedCommandFetcher:[67] - Fetch commands: 0 success, cost: 0ms, totalSlot: 1, currentSlotIndex: 0
[INFO] 2025-10-13 11:18:56.778 +0800 o.a.d.s.m.c.IdSlotBasedCommandFetcher:[67] - Fetch commands: 0 success, cost: 0ms, totalSlot: 1, currentSlotIndex: 0
[INFO] 2025-10-13 11:18:57.778 +0800 o.a.d.s.m.c.IdSlotBasedCommandFetcher:[67] - Fetch commands: 0 success, cost: 0ms, totalSlot: 1, currentSlotIndex: 0
[INFO] 2025-10-13 11:18:58.779 +0800 o.a.d.s.m.c.IdSlotBasedCommandFetcher:[67] - Fetch commands: 0 success, cost: 0ms, totalSlot: 1, currentSlotIndex: 0
[INFO] 2025-10-13 11:18:59.780 +0800 o.a.d.s.m.c.IdSlotBasedCommandFetcher:[67] - Fetch commands: 0 success, cost: 0ms, totalSlot: 1, currentSlotIndex: 0
[INFO] 2025-10-13 11:19:00.733 +0800 o.a.d.s.m.r.t.TaskGroupCoordinator:[187] - Success amend TaskGroupQueue status cost: 0/ms
[INFO] 2025-10-13 11:19:00.733 +0800 o.a.d.s.m.r.t.TaskGroupCoordinator:[241] - Success deal with force start TaskGroupQueue cost: 0/ms
[INFO] 2025-10-13 11:19:00.733 +0800 o.a.d.s.m.r.t.TaskGroupCoordinator:[129] - TaskGroupCoordinator round time cost: 0/ms
[INFO] 2025-10-13 11:19:00.781 +0800 o.a.d.s.m.c.IdSlotBasedCommandFetcher:[67] - Fetch commands: 0 success, cost: 0ms, totalSlot: 1, currentSlotIndex: 0
[INFO] 2025-10-13 11:19:01.782 +0800 o.a.d.s.m.c.IdSlotBasedCommandFetcher:[67] - Fetch commands: 0 success, cost: 0ms, totalSlot: 1, currentSlotIndex: 0
[INFO] 2025-10-13 11:19:02.786 +0800 o.a.d.s.m.c.IdSlotBasedCommandFetcher:[67] - Fetch commands: 0 success, cost: 0ms, totalSlot: 1, currentSlotIndex: 0
[INFO] 2025-10-13 11:19:03.787 +0800 o.a.d.s.m.c.IdSlotBasedCommandFetcher:[67] - Fetch commands: 0 success, cost: 0ms, totalSlot: 1, currentSlotIndex: 0
[INFO] 2025-10-13 11:19:04.787 +0800 o.a.d.s.m.c.IdSlotBasedCommandFetcher:[67] - Fetch commands: 0 success, cost: 0ms, totalSlot: 1, currentSlotIndex: 0
[INFO] 2025-10-13 11:19:05.740 +0800 o.a.d.s.m.r.t.TaskGroupCoordinator:[187] - Success amend TaskGroupQueue status cost: 0/ms
[INFO] 2025-10-13 11:19:05.741 +0800 o.a.d.s.m.r.t.TaskGroupCoordinator:[241] - Success deal with force start TaskGroupQueue cost: 0/ms
[INFO] 2025-10-13 11:19:05.741 +0800 o.a.d.s.m.r.t.TaskGroupCoordinator:[129] - TaskGroupCoordinator round time cost: 1/ms
[INFO] 2025-10-13 11:19:06.075 +0800 o.a.d.s.m.c.IdSlotBasedCommandFetcher:[67] - Fetch commands: 0 success, cost: 0ms, totalSlot: 1, currentSlotIndex: 0
[INFO] 2025-10-13 11:19:07.157 +0800 o.a.d.s.m.c.IdSlotBasedCommandFetcher:[67] - Fetch commands: 0 success, cost: 0ms, totalSlot: 1, currentSlotIndex: 0
[INFO] 2025-10-13 11:19:08.253 +0800 o.a.d.s.m.c.IdSlotBasedCommandFetcher:[67] - Fetch commands: 0 success, cost: 0ms, totalSlot: 1, currentSlotIndex: 0
[INFO] 2025-10-13 11:19:09.336 +0800 o.a.d.s.m.c.IdSlotBasedCommandFetcher:[67] - Fetch commands: 0 success, cost: 0ms, totalSlot: 1, currentSlotIndex: 0
[INFO] 2025-10-13 11:19:10.421 +0800 o.a.d.s.m.c.IdSlotBasedCommandFetcher:[67] - Fetch commands: 0 success, cost: 0ms, totalSlot: 1, currentSlotIndex: 0
[INFO] 2025-10-13 11:19:10.746 +0800 o.a.d.s.m.r.t.TaskGroupCoordinator:[187] - Success amend TaskGroupQueue status cost: 0/ms
[INFO] 2025-10-13 11:19:10.746 +0800 o.a.d.s.m.r.t.TaskGroupCoordinator:[241] - Success deal with force start TaskGroupQueue cost: 0/ms
[INFO] 2025-10-13 11:19:10.746 +0800 o.a.d.s.m.r.t.TaskGroupCoordinator:[129] - TaskGroupCoordinator round time cost: 0/ms
[INFO] 2025-10-13 11:19:11.512 +0800 o.a.d.s.m.c.IdSlotBasedCommandFetcher:[67] - Fetch commands: 0 success, cost: 0ms, totalSlot: 1, currentSlotIndex: 0
[INFO] 2025-10-13 11:19:12.803 +0800 o.a.d.s.m.c.IdSlotBasedCommandFetcher:[67] - Fetch commands: 0 success, cost: 0ms, totalSlot: 1, currentSlotIndex: 0
[INFO] 2025-10-13 11:19:13.803 +0800 o.a.d.s.m.c.IdSlotBasedCommandFetcher:[67] - Fetch commands: 0 success, cost: 0ms, totalSlot: 1, currentSlotIndex: 0
[INFO] 2025-10-13 11:19:13.948 +0800 o.a.d.m.m.BaseServerLoadProtection:[43] - OverLoad: the system cpu usage: 0.9733537784013737 is over then the maxSystemCpuUsagePercentageThresholds 0.9
[INFO] 2025-10-13 11:19:14.062 +0800 o.a.d.m.m.BaseServerLoadProtection:[43] - OverLoad: the system cpu usage: 0.9733537784013737 is over then the maxSystemCpuUsagePercentageThresholds 0.9
[INFO] 2025-10-13 11:19:14.804 +0800 o.a.d.m.m.BaseServerLoadProtection:[43] - OverLoad: the system cpu usage: 0.9733537784013737 is over then the maxSystemCpuUsagePercentageThresholds 0.9
[WARN] 2025-10-13 11:19:14.804 +0800 o.a.d.s.m.r.MasterSchedulerBootstrap:[120] - The current server is overload, cannot consumes commands.
[INFO] 2025-10-13 11:19:15.753 +0800 o.a.d.s.m.r.t.TaskGroupCoordinator:[187] - Success amend TaskGroupQueue status cost: 0/ms
[INFO] 2025-10-13 11:19:15.753 +0800 o.a.d.s.m.r.t.TaskGroupCoordinator:[241] - Success deal with force start TaskGroupQueue cost: 0/ms
[INFO] 2025-10-13 11:19:15.753 +0800 o.a.d.s.m.r.t.TaskGroupCoordinator:[129] - TaskGroupCoordinator round time cost: 0/ms
[INFO] 2025-10-13 11:19:15.804 +0800 o.a.d.s.m.c.IdSlotBasedCommandFetcher:[67] - Fetch commands: 0 success, cost: 0ms, totalSlot: 1, currentSlotIndex: 0
[INFO] 2025-10-13 11:19:16.805 +0800 o.a.d.s.m.c.IdSlotBasedCommandFetcher:[67] - Fetch commands: 0 success, cost: 0ms, totalSlot: 1, currentSlotIndex: 0
[INFO] 2025-10-13 11:19:17.806 +0800 o.a.d.s.m.c.IdSlotBasedCommandFetcher:[67] - Fetch commands: 0 success, cost: 0ms, totalSlot: 1, currentSlotIndex: 0
[INFO] 2025-10-13 11:19:18.806 +0800 o.a.d.s.m.c.IdSlotBasedCommandFetcher:[67] - Fetch commands: 0 success, cost: 0ms, totalSlot: 1, currentSlotIndex: 0
[INFO] 2025-10-13 11:19:19.807 +0800 o.a.d.s.m.c.IdSlotBasedCommandFetcher:[67] - Fetch commands: 0 success, cost: 0ms, totalSlot: 1, currentSlotIndex: 0
[INFO] 2025-10-13 11:19:20.757 +0800 o.a.d.s.m.r.t.TaskGroupCoordinator:[187] - Success amend TaskGroupQueue status cost: 0/ms
[INFO] 2025-10-13 11:19:20.758 +0800 o.a.d.s.m.r.t.TaskGroupCoordinator:[241] - Success deal with force start TaskGroupQueue cost: 0/ms
[INFO] 2025-10-13 11:19:20.758 +0800 o.a.d.s.m.r.t.TaskGroupCoordinator:[129] - TaskGroupCoordinator round time cost: 1/ms
[INFO] 2025-10-13 11:19:20.808 +0800 o.a.d.s.m.c.IdSlotBasedCommandFetcher:[67] - Fetch commands: 0 success, cost: 0ms, totalSlot: 1, currentSlotIndex: 0
[INFO] 2025-10-13 11:19:21.809 +0800 o.a.d.s.m.c.IdSlotBasedCommandFetcher:[67] - Fetch commands: 0 success, cost: 0ms, totalSlot: 1, currentSlotIndex: 0
[INFO] 2025-10-13 11:19:22.968 +0800 o.a.d.s.m.c.IdSlotBasedCommandFetcher:[67] - Fetch commands: 0 success, cost: 2ms, totalSlot: 1, currentSlotIndex: 0
[INFO] 2025-10-13 11:19:24.066 +0800 o.a.d.s.m.c.IdSlotBasedCommandFetcher:[67] - Fetch commands: 0 success, cost: 0ms, totalSlot: 1, currentSlotIndex: 0
[INFO] 2025-10-13 11:19:25.145 +0800 o.a.d.s.m.c.IdSlotBasedCommandFetcher:[67] - Fetch commands: 0 success, cost: 0ms, totalSlot: 1, currentSlotIndex: 0
[INFO] 2025-10-13 11:19:25.764 +0800 o.a.d.s.m.r.t.TaskGroupCoordinator:[187] - Success amend TaskGroupQueue status cost: 0/ms
[INFO] 2025-10-13 11:19:25.765 +0800 o.a.d.s.m.r.t.TaskGroupCoordinator:[241] - Success deal with force start TaskGroupQueue cost: 0/ms
[INFO] 2025-10-13 11:19:25.765 +0800 o.a.d.s.m.r.t.TaskGroupCoordinator:[129] - TaskGroupCoordinator round time cost: 0/ms
[INFO] 2025-10-13 11:19:26.223 +0800 o.a.d.s.m.c.IdSlotBasedCommandFetcher:[67] - Fetch commands: 0 success, cost: 0ms, totalSlot: 1, currentSlotIndex: 0
[INFO] 2025-10-13 11:19:27.224 +0800 o.a.d.s.m.c.IdSlotBasedCommandFetcher:[67] - Fetch commands: 0 success, cost: 0ms, totalSlot: 1, currentSlotIndex: 0
[INFO] 2025-10-13 11:19:28.224 +0800 o.a.d.s.m.c.IdSlotBasedCommandFetcher:[67] - Fetch commands: 0 success, cost: 0ms, totalSlot: 1, currentSlotIndex: 0
[INFO] 2025-10-13 11:19:29.225 +0800 o.a.d.s.m.c.IdSlotBasedCommandFetcher:[67] - Fetch commands: 0 success, cost: 0ms, totalSlot: 1, currentSlotIndex: 0
[INFO] 2025-10-13 11:19:30.225 +0800 o.a.d.s.m.c.IdSlotBasedCommandFetcher:[67] - Fetch commands: 0 success, cost: 0ms, totalSlot: 1, currentSlotIndex: 0
[INFO] 2025-10-13 11:19:30.770 +0800 o.a.d.s.m.r.t.TaskGroupCoordinator:[187] - Success amend TaskGroupQueue status cost: 0/ms
[INFO] 2025-10-13 11:19:30.770 +0800 o.a.d.s.m.r.t.TaskGroupCoordinator:[241] - Success deal with force start TaskGroupQueue cost: 0/ms
[INFO] 2025-10-13 11:19:30.770 +0800 o.a.d.s.m.r.t.TaskGroupCoordinator:[129] - TaskGroupCoordinator round time cost: 0/ms
[INFO] 2025-10-13 11:19:31.226 +0800 o.a.d.s.m.c.IdSlotBasedCommandFetcher:[67] - Fetch commands: 0 success, cost: 0ms, totalSlot: 1, currentSlotIndex: 0
[INFO] 2025-10-13 11:19:32.227 +0800 o.a.d.s.m.c.IdSlotBasedCommandFetcher:[67] - Fetch commands: 0 success, cost: 0ms, totalSlot: 1, currentSlotIndex: 0
[INFO] 2025-10-13 11:19:33.227 +0800 o.a.d.s.m.c.IdSlotBasedCommandFetcher:[67] - Fetch commands: 0 success, cost: 0ms, totalSlot: 1, currentSlotIndex: 0
[INFO] 2025-10-13 11:19:34.228 +0800 o.a.d.s.m.c.IdSlotBasedCommandFetcher:[67] - Fetch commands: 0 success, cost: 0ms, totalSlot: 1, currentSlotIndex: 0
[INFO] 2025-10-13 11:19:35.228 +0800 o.a.d.s.m.c.IdSlotBasedCommandFetcher:[67] - Fetch commands: 0 success, cost: 0ms, totalSlot: 1, currentSlotIndex: 0
[INFO] 2025-10-13 11:19:35.774 +0800 o.a.d.s.m.r.t.TaskGroupCoordinator:[187] - Success amend TaskGroupQueue status cost: 0/ms
[INFO] 2025-10-13 11:19:35.774 +0800 o.a.d.s.m.r.t.TaskGroupCoordinator:[241] - Success deal with force start TaskGroupQueue cost: 0/ms
[INFO] 2025-10-13 11:19:35.775 +0800 o.a.d.s.m.r.t.TaskGroupCoordinator:[129] - TaskGroupCoordinator round time cost: 0/ms
[INFO] 2025-10-13 11:19:36.228 +0800 o.a.d.s.m.c.IdSlotBasedCommandFetcher:[67] - Fetch commands: 0 success, cost: 0ms, totalSlot: 1, currentSlotIndex: 0
[INFO] 2025-10-13 11:19:37.229 +0800 o.a.d.s.m.c.IdSlotBasedCommandFetcher:[67] - Fetch commands: 0 success, cost: 0ms, totalSlot: 1, currentSlotIndex: 0
[INFO] 2025-10-13 11:19:38.460 +0800 o.a.d.s.m.c.IdSlotBasedCommandFetcher:[67] - Fetch commands: 0 success, cost: 0ms, totalSlot: 1, currentSlotIndex: 0
[INFO] 2025-10-13 11:19:39.537 +0800 o.a.d.s.m.c.IdSlotBasedCommandFetcher:[67] - Fetch commands: 0 success, cost: 0ms, totalSlot: 1, currentSlotIndex: 0
[INFO] 2025-10-13 11:19:40.613 +0800 o.a.d.s.m.c.IdSlotBasedCommandFetcher:[67] - Fetch commands: 0 success, cost: 0ms, totalSlot: 1, currentSlotIndex: 0
[INFO] 2025-10-13 11:19:40.779 +0800 o.a.d.s.m.r.t.TaskGroupCoordinator:[187] - Success amend TaskGroupQueue status cost: 0/ms
[INFO] 2025-10-13 11:19:40.779 +0800 o.a.d.s.m.r.t.TaskGroupCoordinator:[241] - Success deal with force start TaskGroupQueue cost: 0/ms
[INFO] 2025-10-13 11:19:40.779 +0800 o.a.d.s.m.r.t.TaskGroupCoordinator:[129] - TaskGroupCoordinator round time cost: 0/ms
[INFO] 2025-10-13 11:19:41.691 +0800 o.a.d.s.m.c.IdSlotBasedCommandFetcher:[67] - Fetch commands: 0 success, cost: 0ms, totalSlot: 1, currentSlotIndex: 0
[INFO] 2025-10-13 11:19:42.769 +0800 o.a.d.s.m.c.IdSlotBasedCommandFetcher:[67] - Fetch commands: 0 success, cost: 0ms, totalSlot: 1, currentSlotIndex: 0
[INFO] 2025-10-13 11:19:43.851 +0800 o.a.d.s.m.c.IdSlotBasedCommandFetcher:[67] - Fetch commands: 0 success, cost: 0ms, totalSlot: 1, currentSlotIndex: 0
[INFO] 2025-10-13 11:19:44.933 +0800 o.a.d.s.m.c.IdSlotBasedCommandFetcher:[67] - Fetch commands: 0 success, cost: 0ms, totalSlot: 1, currentSlotIndex: 0
[INFO] 2025-10-13 11:19:45.788 +0800 o.a.d.s.m.r.t.TaskGroupCoordinator:[187] - Success amend TaskGroupQueue status cost: 0/ms
[INFO] 2025-10-13 11:19:45.789 +0800 o.a.d.s.m.r.t.TaskGroupCoordinator:[241] - Success deal with force start TaskGroupQueue cost: 0/ms
[INFO] 2025-10-13 11:19:45.789 +0800 o.a.d.s.m.r.t.TaskGroupCoordinator:[129] - TaskGroupCoordinator round time cost: 0/ms
[INFO] 2025-10-13 11:19:46.058 +0800 o.a.d.s.m.c.IdSlotBasedCommandFetcher:[67] - Fetch commands: 0 success, cost: 0ms, totalSlot: 1, currentSlotIndex: 0
[INFO] 2025-10-13 11:19:47.059 +0800 o.a.d.s.m.c.IdSlotBasedCommandFetcher:[67] - Fetch commands: 0 success, cost: 0ms, totalSlot: 1, currentSlotIndex: 0
[INFO] 2025-10-13 11:19:48.059 +0800 o.a.d.s.m.c.IdSlotBasedCommandFetcher:[67] - Fetch commands: 0 success, cost: 0ms, totalSlot: 1, currentSlotIndex: 0
[INFO] 2025-10-13 11:19:49.059 +0800 o.a.d.s.m.c.IdSlotBasedCommandFetcher:[67] - Fetch commands: 0 success, cost: 0ms, totalSlot: 1, currentSlotIndex: 0
[INFO] 2025-10-13 11:19:50.060 +0800 o.a.d.s.m.c.IdSlotBasedCommandFetcher:[67] - Fetch commands: 0 success, cost: 0ms, totalSlot: 1, currentSlotIndex: 0
[INFO] 2025-10-13 11:19:50.799 +0800 o.a.d.s.m.r.t.TaskGroupCoordinator:[187] - Success amend TaskGroupQueue status cost: 0/ms
[INFO] 2025-10-13 11:19:50.799 +0800 o.a.d.s.m.r.t.TaskGroupCoordinator:[241] - Success deal with force start TaskGroupQueue cost: 0/ms
[INFO] 2025-10-13 11:19:50.799 +0800 o.a.d.s.m.r.t.TaskGroupCoordinator:[129] - TaskGroupCoordinator round time cost: 0/ms
[INFO] 2025-10-13 11:19:51.060 +0800 o.a.d.s.m.c.IdSlotBasedCommandFetcher:[67] - Fetch commands: 0 success, cost: 0ms, totalSlot: 1, currentSlotIndex: 0
[INFO] 2025-10-13 11:19:52.060 +0800 o.a.d.s.m.c.IdSlotBasedCommandFetcher:[67] - Fetch commands: 0 success, cost: 0ms, totalSlot: 1, currentSlotIndex: 0
[INFO] 2025-10-13 11:19:53.062 +0800 o.a.d.s.m.c.IdSlotBasedCommandFetcher:[67] - Fetch commands: 0 success, cost: 0ms, totalSlot: 1, currentSlotIndex: 0
[INFO] 2025-10-13 11:19:54.062 +0800 o.a.d.s.m.c.IdSlotBasedCommandFetcher:[67] - Fetch commands: 0 success, cost: 0ms, totalSlot: 1, currentSlotIndex: 0
[INFO] 2025-10-13 11:19:55.063 +0800 o.a.d.s.m.c.IdSlotBasedCommandFetcher:[67] - Fetch commands: 0 success, cost: 0ms, totalSlot: 1, currentSlotIndex: 0
[INFO] 2025-10-13 11:19:55.804 +0800 o.a.d.s.m.r.t.TaskGroupCoordinator:[187] - Success amend TaskGroupQueue status cost: 0/ms
[INFO] 2025-10-13 11:19:55.804 +0800 o.a.d.s.m.r.t.TaskGroupCoordinator:[241] - Success deal with force start TaskGroupQueue cost: 0/ms
[INFO] 2025-10-13 11:19:55.804 +0800 o.a.d.s.m.r.t.TaskGroupCoordinator:[129] - TaskGroupCoordinator round time cost: 0/ms
[INFO] 2025-10-13 11:19:56.064 +0800 o.a.d.s.m.c.IdSlotBasedCommandFetcher:[67] - Fetch commands: 0 success, cost: 0ms, totalSlot: 1, currentSlotIndex: 0
[INFO] 2025-10-13 11:19:57.064 +0800 o.a.d.s.m.c.IdSlotBasedCommandFetcher:[67] - Fetch commands: 0 success, cost: 0ms, totalSlot: 1, currentSlotIndex: 0
[INFO] 2025-10-13 11:19:58.145 +0800 o.a.d.s.m.c.IdSlotBasedCommandFetcher:[67] - Fetch commands: 0 success, cost: 0ms, totalSlot: 1, currentSlotIndex: 0
[INFO] 2025-10-13 11:19:59.264 +0800 o.a.d.s.m.c.IdSlotBasedCommandFetcher:[67] - Fetch commands: 0 success, cost: 1ms, totalSlot: 1, currentSlotIndex: 0
[INFO] 2025-10-13 11:20:00.405 +0800 o.a.d.s.m.c.IdSlotBasedCommandFetcher:[67] - Fetch commands: 0 success, cost: 1ms, totalSlot: 1, currentSlotIndex: 0
[INFO] 2025-10-13 11:20:00.809 +0800 o.a.d.s.m.r.t.TaskGroupCoordinator:[187] - Success amend TaskGroupQueue status cost: 0/ms
[INFO] 2025-10-13 11:20:00.809 +0800 o.a.d.s.m.r.t.TaskGroupCoordinator:[241] - Success deal with force start TaskGroupQueue cost: 0/ms
[INFO] 2025-10-13 11:20:00.811 +0800 o.a.d.s.m.r.t.TaskGroupCoordinator:[129] - TaskGroupCoordinator round time cost: 0/ms
[INFO] 2025-10-13 11:20:01.738 +0800 o.a.d.s.m.c.IdSlotBasedCommandFetcher:[67] - Fetch commands: 0 success, cost: 1ms, totalSlot: 1, currentSlotIndex: 0
[INFO] 2025-10-13 11:20:02.738 +0800 o.a.d.s.m.c.IdSlotBasedCommandFetcher:[67] - Fetch commands: 0 success, cost: 0ms, totalSlot: 1, currentSlotIndex: 0
[INFO] 2025-10-13 11:20:03.074 +0800 o.a.d.m.m.BaseServerLoadProtection:[43] - OverLoad: the system cpu usage: 0.9918554604860426 is over then the maxSystemCpuUsagePercentageThresholds 0.9
[INFO] 2025-10-13 11:20:03.739 +0800 o.a.d.m.m.BaseServerLoadProtection:[43] - OverLoad: the system cpu usage: 0.9918554604860426 is over then the maxSystemCpuUsagePercentageThresholds 0.9
[WARN] 2025-10-13 11:20:03.739 +0800 o.a.d.s.m.r.MasterSchedulerBootstrap:[120] - The current server is overload, cannot consumes commands.
[INFO] 2025-10-13 11:20:03.797 +0800 o.a.d.m.m.BaseServerLoadProtection:[43] - OverLoad: the system cpu usage: 0.9918554604860426 is over then the maxSystemCpuUsagePercentageThresholds 0.9
[INFO] 2025-10-13 11:20:04.740 +0800 o.a.d.s.m.c.IdSlotBasedCommandFetcher:[67] - Fetch commands: 0 success, cost: 0ms, totalSlot: 1, currentSlotIndex: 0
[INFO] 2025-10-13 11:20:05.740 +0800 o.a.d.s.m.c.IdSlotBasedCommandFetcher:[67] - Fetch commands: 0 success, cost: 0ms, totalSlot: 1, currentSlotIndex: 0
[INFO] 2025-10-13 11:20:05.825 +0800 o.a.d.s.m.r.t.TaskGroupCoordinator:[187] - Success amend TaskGroupQueue status cost: 0/ms
[INFO] 2025-10-13 11:20:05.825 +0800 o.a.d.s.m.r.t.TaskGroupCoordinator:[241] - Success deal with force start TaskGroupQueue cost: 0/ms
[INFO] 2025-10-13 11:20:05.826 +0800 o.a.d.s.m.r.t.TaskGroupCoordinator:[129] - TaskGroupCoordinator round time cost: 1/ms
[INFO] 2025-10-13 11:20:06.741 +0800 o.a.d.s.m.c.IdSlotBasedCommandFetcher:[67] - Fetch commands: 0 success, cost: 0ms, totalSlot: 1, currentSlotIndex: 0
[INFO] 2025-10-13 11:20:07.742 +0800 o.a.d.s.m.c.IdSlotBasedCommandFetcher:[67] - Fetch commands: 0 success, cost: 0ms, totalSlot: 1, currentSlotIndex: 0
[INFO] 2025-10-13 11:20:08.742 +0800 o.a.d.s.m.c.IdSlotBasedCommandFetcher:[67] - Fetch commands: 0 success, cost: 0ms, totalSlot: 1, currentSlotIndex: 0
[INFO] 2025-10-13 11:20:09.743 +0800 o.a.d.s.m.c.IdSlotBasedCommandFetcher:[67] - Fetch commands: 0 success, cost: 0ms, totalSlot: 1, currentSlotIndex: 0
[INFO] 2025-10-13 11:20:10.831 +0800 o.a.d.s.m.r.t.TaskGroupCoordinator:[187] - Success amend TaskGroupQueue status cost: 0/ms
[INFO] 2025-10-13 11:20:10.831 +0800 o.a.d.s.m.r.t.TaskGroupCoordinator:[241] - Success deal with force start TaskGroupQueue cost: 0/ms
[INFO] 2025-10-13 11:20:10.831 +0800 o.a.d.s.m.r.t.TaskGroupCoordinator:[129] - TaskGroupCoordinator round time cost: 0/ms
[INFO] 2025-10-13 11:20:10.986 +0800 o.a.d.s.m.c.IdSlotBasedCommandFetcher:[67] - Fetch commands: 0 success, cost: 0ms, totalSlot: 1, currentSlotIndex: 0
[INFO] 2025-10-13 11:20:11.987 +0800 o.a.d.s.m.c.IdSlotBasedCommandFetcher:[67] - Fetch commands: 0 success, cost: 0ms, totalSlot: 1, currentSlotIndex: 0
[INFO] 2025-10-13 11:20:12.988 +0800 o.a.d.s.m.c.IdSlotBasedCommandFetcher:[67] - Fetch commands: 0 success, cost: 0ms, totalSlot: 1, currentSlotIndex: 0
[INFO] 2025-10-13 11:20:13.988 +0800 o.a.d.s.m.c.IdSlotBasedCommandFetcher:[67] - Fetch commands: 0 success, cost: 0ms, totalSlot: 1, currentSlotIndex: 0
[INFO] 2025-10-13 11:20:14.988 +0800 o.a.d.s.m.c.IdSlotBasedCommandFetcher:[67] - Fetch commands: 0 success, cost: 0ms, totalSlot: 1, currentSlotIndex: 0
[INFO] 2025-10-13 11:20:15.837 +0800 o.a.d.s.m.r.t.TaskGroupCoordinator:[187] - Success amend TaskGroupQueue status cost: 0/ms
[INFO] 2025-10-13 11:20:15.837 +0800 o.a.d.s.m.r.t.TaskGroupCoordinator:[241] - Success deal with force start TaskGroupQueue cost: 0/ms
[INFO] 2025-10-13 11:20:15.837 +0800 o.a.d.s.m.r.t.TaskGroupCoordinator:[129] - TaskGroupCoordinator round time cost: 0/ms
[INFO] 2025-10-13 11:20:15.988 +0800 o.a.d.s.m.c.IdSlotBasedCommandFetcher:[67] - Fetch commands: 0 success, cost: 0ms, totalSlot: 1, currentSlotIndex: 0
[INFO] 2025-10-13 11:20:16.989 +0800 o.a.d.s.m.c.IdSlotBasedCommandFetcher:[67] - Fetch commands: 0 success, cost: 0ms, totalSlot: 1, currentSlotIndex: 0
[INFO] 2025-10-13 11:20:17.989 +0800 o.a.d.s.m.c.IdSlotBasedCommandFetcher:[67] - Fetch commands: 0 success, cost: 0ms, totalSlot: 1, currentSlotIndex: 0
[INFO] 2025-10-13 11:20:18.990 +0800 o.a.d.s.m.c.IdSlotBasedCommandFetcher:[67] - Fetch commands: 0 success, cost: 0ms, totalSlot: 1, currentSlotIndex: 0
[INFO] 2025-10-13 11:20:19.998 +0800 o.a.d.s.m.c.IdSlotBasedCommandFetcher:[67] - Fetch commands: 0 success, cost: 0ms, totalSlot: 1, currentSlotIndex: 0
[INFO] 2025-10-13 11:20:20.842 +0800 o.a.d.s.m.r.t.TaskGroupCoordinator:[187] - Success amend TaskGroupQueue status cost: 0/ms
[INFO] 2025-10-13 11:20:20.843 +0800 o.a.d.s.m.r.t.TaskGroupCoordinator:[241] - Success deal with force start TaskGroupQueue cost: 0/ms
[INFO] 2025-10-13 11:20:20.843 +0800 o.a.d.s.m.r.t.TaskGroupCoordinator:[129] - TaskGroupCoordinator round time cost: 0/ms
[INFO] 2025-10-13 11:20:21.007 +0800 o.a.d.s.m.c.IdSlotBasedCommandFetcher:[67] - Fetch commands: 0 success, cost: 0ms, totalSlot: 1, currentSlotIndex: 0
[INFO] 2025-10-13 11:20:22.145 +0800 o.a.d.s.m.c.IdSlotBasedCommandFetcher:[67] - Fetch commands: 0 success, cost: 1ms, totalSlot: 1, currentSlotIndex: 0
[INFO] 2025-10-13 11:20:23.229 +0800 o.a.d.s.m.c.IdSlotBasedCommandFetcher:[67] - Fetch commands: 0 success, cost: 0ms, totalSlot: 1, currentSlotIndex: 0
[INFO] 2025-10-13 11:20:24.301 +0800 o.a.d.s.m.c.IdSlotBasedCommandFetcher:[67] - Fetch commands: 0 success, cost: 0ms, totalSlot: 1, currentSlotIndex: 0
[INFO] 2025-10-13 11:20:25.316 +0800 o.a.d.s.m.c.IdSlotBasedCommandFetcher:[67] - Fetch commands: 0 success, cost: 0ms, totalSlot: 1, currentSlotIndex: 0
[INFO] 2025-10-13 11:20:25.858 +0800 o.a.d.s.m.r.t.TaskGroupCoordinator:[187] - Success amend TaskGroupQueue status cost: 0/ms
[INFO] 2025-10-13 11:20:25.858 +0800 o.a.d.s.m.r.t.TaskGroupCoordinator:[241] - Success deal with force start TaskGroupQueue cost: 0/ms
[INFO] 2025-10-13 11:20:25.858 +0800 o.a.d.s.m.r.t.TaskGroupCoordinator:[129] - TaskGroupCoordinator round time cost: 0/ms
[INFO] 2025-10-13 11:20:26.316 +0800 o.a.d.s.m.c.IdSlotBasedCommandFetcher:[67] - Fetch commands: 0 success, cost: 0ms, totalSlot: 1, currentSlotIndex: 0
[INFO] 2025-10-13 11:20:27.317 +0800 o.a.d.s.m.c.IdSlotBasedCommandFetcher:[67] - Fetch commands: 0 success, cost: 0ms, totalSlot: 1, currentSlotIndex: 0
[INFO] 2025-10-13 11:20:28.318 +0800 o.a.d.s.m.c.IdSlotBasedCommandFetcher:[67] - Fetch commands: 0 success, cost: 0ms, totalSlot: 1, currentSlotIndex: 0
[INFO] 2025-10-13 11:20:29.318 +0800 o.a.d.s.m.c.IdSlotBasedCommandFetcher:[67] - Fetch commands: 0 success, cost: 0ms, totalSlot: 1, currentSlotIndex: 0
[INFO] 2025-10-13 11:20:30.318 +0800 o.a.d.s.m.c.IdSlotBasedCommandFetcher:[67] - Fetch commands: 0 success, cost: 0ms, totalSlot: 1, currentSlotIndex: 0
[INFO] 2025-10-13 11:20:30.861 +0800 o.a.d.s.m.r.t.TaskGroupCoordinator:[187] - Success amend TaskGroupQueue status cost: 0/ms
[INFO] 2025-10-13 11:20:30.861 +0800 o.a.d.s.m.r.t.TaskGroupCoordinator:[241] - Success deal with force start TaskGroupQueue cost: 0/ms
[INFO] 2025-10-13 11:20:30.861 +0800 o.a.d.s.m.r.t.TaskGroupCoordinator:[129] - TaskGroupCoordinator round time cost: 0/ms
[INFO] 2025-10-13 11:20:31.319 +0800 o.a.d.s.m.c.IdSlotBasedCommandFetcher:[67] - Fetch commands: 0 success, cost: 0ms, totalSlot: 1, currentSlotIndex: 0
[INFO] 2025-10-13 11:20:32.319 +0800 o.a.d.s.m.c.IdSlotBasedCommandFetcher:[67] - Fetch commands: 0 success, cost: 0ms, totalSlot: 1, currentSlotIndex: 0
[INFO] 2025-10-13 11:20:33.320 +0800 o.a.d.s.m.c.IdSlotBasedCommandFetcher:[67] - Fetch commands: 0 success, cost: 0ms, totalSlot: 1, currentSlotIndex: 0
[INFO] 2025-10-13 11:20:34.321 +0800 o.a.d.s.m.c.IdSlotBasedCommandFetcher:[67] - Fetch commands: 0 success, cost: 0ms, totalSlot: 1, currentSlotIndex: 0
[INFO] 2025-10-13 11:20:35.394 +0800 o.a.d.s.m.c.IdSlotBasedCommandFetcher:[67] - Fetch commands: 0 success, cost: 0ms, totalSlot: 1, currentSlotIndex: 0
[INFO] 2025-10-13 11:20:35.867 +0800 o.a.d.s.m.r.t.TaskGroupCoordinator:[187] - Success amend TaskGroupQueue status cost: 0/ms
[INFO] 2025-10-13 11:20:35.867 +0800 o.a.d.s.m.r.t.TaskGroupCoordinator:[241] - Success deal with force start TaskGroupQueue cost: 0/ms
[INFO] 2025-10-13 11:20:35.867 +0800 o.a.d.s.m.r.t.TaskGroupCoordinator:[129] - TaskGroupCoordinator round time cost: 0/ms
[INFO] 2025-10-13 11:20:36.468 +0800 o.a.d.s.m.c.IdSlotBasedCommandFetcher:[67] - Fetch commands: 0 success, cost: 0ms, totalSlot: 1, currentSlotIndex: 0
[INFO] 2025-10-13 11:20:37.544 +0800 o.a.d.s.m.c.IdSlotBasedCommandFetcher:[67] - Fetch commands: 0 success, cost: 0ms, totalSlot: 1, currentSlotIndex: 0
[INFO] 2025-10-13 11:20:38.616 +0800 o.a.d.s.m.c.IdSlotBasedCommandFetcher:[67] - Fetch commands: 0 success, cost: 0ms, totalSlot: 1, currentSlotIndex: 0
[INFO] 2025-10-13 11:20:39.689 +0800 o.a.d.s.m.c.IdSlotBasedCommandFetcher:[67] - Fetch commands: 0 success, cost: 0ms, totalSlot: 1, currentSlotIndex: 0
[INFO] 2025-10-13 11:20:40.764 +0800 o.a.d.s.m.c.IdSlotBasedCommandFetcher:[67] - Fetch commands: 0 success, cost: 0ms, totalSlot: 1, currentSlotIndex: 0
[INFO] 2025-10-13 11:20:40.872 +0800 o.a.d.s.m.r.t.TaskGroupCoordinator:[187] - Success amend TaskGroupQueue status cost: 0/ms
[INFO] 2025-10-13 11:20:40.872 +0800 o.a.d.s.m.r.t.TaskGroupCoordinator:[241] - Success deal with force start TaskGroupQueue cost: 0/ms
[INFO] 2025-10-13 11:20:40.872 +0800 o.a.d.s.m.r.t.TaskGroupCoordinator:[129] - TaskGroupCoordinator round time cost: 0/ms
[INFO] 2025-10-13 11:20:41.852 +0800 o.a.d.s.m.c.IdSlotBasedCommandFetcher:[67] - Fetch commands: 0 success, cost: 0ms, totalSlot: 1, currentSlotIndex: 0
[INFO] 2025-10-13 11:20:42.940 +0800 o.a.d.s.m.c.IdSlotBasedCommandFetcher:[67] - Fetch commands: 0 success, cost: 0ms, totalSlot: 1, currentSlotIndex: 0
[INFO] 2025-10-13 11:20:44.014 +0800 o.a.d.s.m.c.IdSlotBasedCommandFetcher:[67] - Fetch commands: 0 success, cost: 0ms, totalSlot: 1, currentSlotIndex: 0
[INFO] 2025-10-13 11:20:45.099 +0800 o.a.d.s.m.c.IdSlotBasedCommandFetcher:[67] - Fetch commands: 0 success, cost: 0ms, totalSlot: 1, currentSlotIndex: 0
[INFO] 2025-10-13 11:20:45.892 +0800 o.a.d.s.m.r.t.TaskGroupCoordinator:[187] - Success amend TaskGroupQueue status cost: 0/ms
[INFO] 2025-10-13 11:20:45.892 +0800 o.a.d.s.m.r.t.TaskGroupCoordinator:[241] - Success deal with force start TaskGroupQueue cost: 0/ms
[INFO] 2025-10-13 11:20:45.892 +0800 o.a.d.s.m.r.t.TaskGroupCoordinator:[129] - TaskGroupCoordinator round time cost: 0/ms
[INFO] 2025-10-13 11:20:46.181 +0800 o.a.d.s.m.c.IdSlotBasedCommandFetcher:[67] - Fetch commands: 0 success, cost: 0ms, totalSlot: 1, currentSlotIndex: 0
[INFO] 2025-10-13 11:20:47.181 +0800 o.a.d.s.m.c.IdSlotBasedCommandFetcher:[67] - Fetch commands: 0 success, cost: 0ms, totalSlot: 1, currentSlotIndex: 0
[INFO] 2025-10-13 11:20:48.182 +0800 o.a.d.s.m.c.IdSlotBasedCommandFetcher:[67] - Fetch commands: 0 success, cost: 0ms, totalSlot: 1, currentSlotIndex: 0
[INFO] 2025-10-13 11:20:49.182 +0800 o.a.d.s.m.c.IdSlotBasedCommandFetcher:[67] - Fetch commands: 0 success, cost: 0ms, totalSlot: 1, currentSlotIndex: 0
[INFO] 2025-10-13 11:20:50.182 +0800 o.a.d.s.m.c.IdSlotBasedCommandFetcher:[67] - Fetch commands: 0 success, cost: 0ms, totalSlot: 1, currentSlotIndex: 0
[INFO] 2025-10-13 11:20:50.896 +0800 o.a.d.s.m.r.t.TaskGroupCoordinator:[187] - Success amend TaskGroupQueue status cost: 0/ms
[INFO] 2025-10-13 11:20:50.896 +0800 o.a.d.s.m.r.t.TaskGroupCoordinator:[241] - Success deal with force start TaskGroupQueue cost: 0/ms
[INFO] 2025-10-13 11:20:50.896 +0800 o.a.d.s.m.r.t.TaskGroupCoordinator:[129] - TaskGroupCoordinator round time cost: 0/ms
[INFO] 2025-10-13 11:20:51.182 +0800 o.a.d.s.m.c.IdSlotBasedCommandFetcher:[67] - Fetch commands: 0 success, cost: 0ms, totalSlot: 1, currentSlotIndex: 0
[INFO] 2025-10-13 11:20:52.182 +0800 o.a.d.s.m.c.IdSlotBasedCommandFetcher:[67] - Fetch commands: 0 success, cost: 0ms, totalSlot: 1, currentSlotIndex: 0
[INFO] 2025-10-13 11:20:53.183 +0800 o.a.d.s.m.c.IdSlotBasedCommandFetcher:[67] - Fetch commands: 0 success, cost: 0ms, totalSlot: 1, currentSlotIndex: 0
[INFO] 2025-10-13 11:20:54.183 +0800 o.a.d.s.m.c.IdSlotBasedCommandFetcher:[67] - Fetch commands: 0 success, cost: 0ms, totalSlot: 1, currentSlotIndex: 0
[INFO] 2025-10-13 11:20:55.184 +0800 o.a.d.s.m.c.IdSlotBasedCommandFetcher:[67] - Fetch commands: 0 success, cost: 0ms, totalSlot: 1, currentSlotIndex: 0
[INFO] 2025-10-13 11:20:55.901 +0800 o.a.d.s.m.r.t.TaskGroupCoordinator:[187] - Success amend TaskGroupQueue status cost: 0/ms
[INFO] 2025-10-13 11:20:55.902 +0800 o.a.d.s.m.r.t.TaskGroupCoordinator:[241] - Success deal with force start TaskGroupQueue cost: 0/ms
[INFO] 2025-10-13 11:20:55.902 +0800 o.a.d.s.m.r.t.TaskGroupCoordinator:[129] - TaskGroupCoordinator round time cost: 0/ms
[INFO] 2025-10-13 11:20:56.185 +0800 o.a.d.s.m.c.IdSlotBasedCommandFetcher:[67] - Fetch commands: 0 success, cost: 0ms, totalSlot: 1, currentSlotIndex: 0
[INFO] 2025-10-13 11:20:57.185 +0800 o.a.d.s.m.c.IdSlotBasedCommandFetcher:[67] - Fetch commands: 0 success, cost: 0ms, totalSlot: 1, currentSlotIndex: 0
[INFO] 2025-10-13 11:20:58.188 +0800 o.a.d.s.m.c.IdSlotBasedCommandFetcher:[67] - Fetch commands: 0 success, cost: 0ms, totalSlot: 1, currentSlotIndex: 0
[INFO] 2025-10-13 11:20:59.378 +0800 o.a.d.s.m.c.IdSlotBasedCommandFetcher:[67] - Fetch commands: 0 success, cost: 0ms, totalSlot: 1, currentSlotIndex: 0
[INFO] 2025-10-13 11:21:00.391 +0800 o.a.d.s.m.c.IdSlotBasedCommandFetcher:[67] - Fetch commands: 0 success, cost: 0ms, totalSlot: 1, currentSlotIndex: 0
[INFO] 2025-10-13 11:21:00.907 +0800 o.a.d.s.m.r.t.TaskGroupCoordinator:[187] - Success amend TaskGroupQueue status cost: 0/ms
[INFO] 2025-10-13 11:21:00.907 +0800 o.a.d.s.m.r.t.TaskGroupCoordinator:[241] - Success deal with force start TaskGroupQueue cost: 0/ms
[INFO] 2025-10-13 11:21:00.907 +0800 o.a.d.s.m.r.t.TaskGroupCoordinator:[129] - TaskGroupCoordinator round time cost: 0/ms
[INFO] 2025-10-13 11:21:01.393 +0800 o.a.d.s.m.c.IdSlotBasedCommandFetcher:[67] - Fetch commands: 0 success, cost: 0ms, totalSlot: 1, currentSlotIndex: 0
[INFO] 2025-10-13 11:21:02.400 +0800 o.a.d.s.m.c.IdSlotBasedCommandFetcher:[67] - Fetch commands: 0 success, cost: 0ms, totalSlot: 1, currentSlotIndex: 0
[INFO] 2025-10-13 11:21:03.403 +0800 o.a.d.s.m.c.IdSlotBasedCommandFetcher:[67] - Fetch commands: 0 success, cost: 0ms, totalSlot: 1, currentSlotIndex: 0
[INFO] 2025-10-13 11:21:04.411 +0800 o.a.d.s.m.c.IdSlotBasedCommandFetcher:[67] - Fetch commands: 0 success, cost: 0ms, totalSlot: 1, currentSlotIndex: 0
[INFO] 2025-10-13 11:21:05.420 +0800 o.a.d.s.m.c.IdSlotBasedCommandFetcher:[67] - Fetch commands: 0 success, cost: 0ms, totalSlot: 1, currentSlotIndex: 0
[INFO] 2025-10-13 11:21:05.912 +0800 o.a.d.s.m.r.t.TaskGroupCoordinator:[187] - Success amend TaskGroupQueue status cost: 0/ms
[INFO] 2025-10-13 11:21:05.912 +0800 o.a.d.s.m.r.t.TaskGroupCoordinator:[241] - Success deal with force start TaskGroupQueue cost: 0/ms
[INFO] 2025-10-13 11:21:05.912 +0800 o.a.d.s.m.r.t.TaskGroupCoordinator:[129] - TaskGroupCoordinator round time cost: 0/ms
[INFO] 2025-10-13 11:21:06.420 +0800 o.a.d.s.m.c.IdSlotBasedCommandFetcher:[67] - Fetch commands: 0 success, cost: 0ms, totalSlot: 1, currentSlotIndex: 0
[INFO] 2025-10-13 11:21:07.430 +0800 o.a.d.s.m.c.IdSlotBasedCommandFetcher:[67] - Fetch commands: 0 success, cost: 0ms, totalSlot: 1, currentSlotIndex: 0
[INFO] 2025-10-13 11:21:08.430 +0800 o.a.d.s.m.c.IdSlotBasedCommandFetcher:[67] - Fetch commands: 0 success, cost: 0ms, totalSlot: 1, currentSlotIndex: 0
[INFO] 2025-10-13 11:21:09.431 +0800 o.a.d.s.m.c.IdSlotBasedCommandFetcher:[67] - Fetch commands: 0 success, cost: 0ms, totalSlot: 1, currentSlotIndex: 0
[INFO] 2025-10-13 11:21:10.431 +0800 o.a.d.s.m.c.IdSlotBasedCommandFetcher:[67] - Fetch commands: 0 success, cost: 0ms, totalSlot: 1, currentSlotIndex: 0
[INFO] 2025-10-13 11:21:10.917 +0800 o.a.d.s.m.r.t.TaskGroupCoordinator:[187] - Success amend TaskGroupQueue status cost: 0/ms
[INFO] 2025-10-13 11:21:10.917 +0800 o.a.d.s.m.r.t.TaskGroupCoordinator:[241] - Success deal with force start TaskGroupQueue cost: 0/ms
[INFO] 2025-10-13 11:21:10.917 +0800 o.a.d.s.m.r.t.TaskGroupCoordinator:[129] - TaskGroupCoordinator round time cost: 0/ms
[INFO] 2025-10-13 11:21:11.431 +0800 o.a.d.s.m.c.IdSlotBasedCommandFetcher:[67] - Fetch commands: 0 success, cost: 0ms, totalSlot: 1, currentSlotIndex: 0
[INFO] 2025-10-13 11:21:12.609 +0800 o.a.d.s.m.c.IdSlotBasedCommandFetcher:[67] - Fetch commands: 0 success, cost: 0ms, totalSlot: 1, currentSlotIndex: 0
[INFO] 2025-10-13 11:21:13.683 +0800 o.a.d.s.m.c.IdSlotBasedCommandFetcher:[67] - Fetch commands: 0 success, cost: 0ms, totalSlot: 1, currentSlotIndex: 0
[INFO] 2025-10-13 11:21:14.763 +0800 o.a.d.s.m.c.IdSlotBasedCommandFetcher:[67] - Fetch commands: 0 success, cost: 0ms, totalSlot: 1, currentSlotIndex: 0
[INFO] 2025-10-13 11:21:15.839 +0800 o.a.d.s.m.c.IdSlotBasedCommandFetcher:[67] - Fetch commands: 0 success, cost: 1ms, totalSlot: 1, currentSlotIndex: 0
[INFO] 2025-10-13 11:21:15.923 +0800 o.a.d.s.m.r.t.TaskGroupCoordinator:[187] - Success amend TaskGroupQueue status cost: 0/ms
[INFO] 2025-10-13 11:21:15.923 +0800 o.a.d.s.m.r.t.TaskGroupCoordinator:[241] - Success deal with force start TaskGroupQueue cost: 0/ms
[INFO] 2025-10-13 11:21:15.923 +0800 o.a.d.s.m.r.t.TaskGroupCoordinator:[129] - TaskGroupCoordinator round time cost: 0/ms
[INFO] 2025-10-13 11:21:16.915 +0800 o.a.d.s.m.c.IdSlotBasedCommandFetcher:[67] - Fetch commands: 0 success, cost: 0ms, totalSlot: 1, currentSlotIndex: 0
[INFO] 2025-10-13 11:21:17.988 +0800 o.a.d.s.m.c.IdSlotBasedCommandFetcher:[67] - Fetch commands: 0 success, cost: 0ms, totalSlot: 1, currentSlotIndex: 0
[INFO] 2025-10-13 11:21:19.057 +0800 o.a.d.s.m.c.IdSlotBasedCommandFetcher:[67] - Fetch commands: 0 success, cost: 0ms, totalSlot: 1, currentSlotIndex: 0
[INFO] 2025-10-13 11:21:20.132 +0800 o.a.d.s.m.c.IdSlotBasedCommandFetcher:[67] - Fetch commands: 0 success, cost: 0ms, totalSlot: 1, currentSlotIndex: 0
[INFO] 2025-10-13 11:21:20.930 +0800 o.a.d.s.m.r.t.TaskGroupCoordinator:[187] - Success amend TaskGroupQueue status cost: 0/ms
[INFO] 2025-10-13 11:21:20.930 +0800 o.a.d.s.m.r.t.TaskGroupCoordinator:[241] - Success deal with force start TaskGroupQueue cost: 0/ms
[INFO] 2025-10-13 11:21:20.930 +0800 o.a.d.s.m.r.t.TaskGroupCoordinator:[129] - TaskGroupCoordinator round time cost: 0/ms
[INFO] 2025-10-13 11:21:21.205 +0800 o.a.d.s.m.c.IdSlotBasedCommandFetcher:[67] - Fetch commands: 0 success, cost: 0ms, totalSlot: 1, currentSlotIndex: 0
[INFO] 2025-10-13 11:21:22.275 +0800 o.a.d.s.m.c.IdSlotBasedCommandFetcher:[67] - Fetch commands: 0 success, cost: 0ms, totalSlot: 1, currentSlotIndex: 0
[INFO] 2025-10-13 11:21:23.359 +0800 o.a.d.s.m.c.IdSlotBasedCommandFetcher:[67] - Fetch commands: 0 success, cost: 0ms, totalSlot: 1, currentSlotIndex: 0
[INFO] 2025-10-13 11:21:24.432 +0800 o.a.d.s.m.c.IdSlotBasedCommandFetcher:[67] - Fetch commands: 0 success, cost: 0ms, totalSlot: 1, currentSlotIndex: 0
[INFO] 2025-10-13 11:21:25.498 +0800 o.a.d.s.m.c.IdSlotBasedCommandFetcher:[67] - Fetch commands: 0 success, cost: 0ms, totalSlot: 1, currentSlotIndex: 0
[INFO] 2025-10-13 11:21:25.936 +0800 o.a.d.s.m.r.t.TaskGroupCoordinator:[187] - Success amend TaskGroupQueue status cost: 0/ms
[INFO] 2025-10-13 11:21:25.936 +0800 o.a.d.s.m.r.t.TaskGroupCoordinator:[241] - Success deal with force start TaskGroupQueue cost: 0/ms
[INFO] 2025-10-13 11:21:25.936 +0800 o.a.d.s.m.r.t.TaskGroupCoordinator:[129] - TaskGroupCoordinator round time cost: 0/ms
[INFO] 2025-10-13 11:21:26.498 +0800 o.a.d.s.m.c.IdSlotBasedCommandFetcher:[67] - Fetch commands: 0 success, cost: 0ms, totalSlot: 1, currentSlotIndex: 0
[INFO] 2025-10-13 11:21:27.499 +0800 o.a.d.s.m.c.IdSlotBasedCommandFetcher:[67] - Fetch commands: 0 success, cost: 0ms, totalSlot: 1, currentSlotIndex: 0
[INFO] 2025-10-13 11:21:28.512 +0800 o.a.d.s.m.c.IdSlotBasedCommandFetcher:[67] - Fetch commands: 0 success, cost: 0ms, totalSlot: 1, currentSlotIndex: 0
[INFO] 2025-10-13 11:21:29.513 +0800 o.a.d.s.m.c.IdSlotBasedCommandFetcher:[67] - Fetch commands: 0 success, cost: 0ms, totalSlot: 1, currentSlotIndex: 0
[INFO] 2025-10-13 11:21:30.514 +0800 o.a.d.s.m.c.IdSlotBasedCommandFetcher:[67] - Fetch commands: 0 success, cost: 0ms, totalSlot: 1, currentSlotIndex: 0
[INFO] 2025-10-13 11:21:30.941 +0800 o.a.d.s.m.r.t.TaskGroupCoordinator:[187] - Success amend TaskGroupQueue status cost: 0/ms
[INFO] 2025-10-13 11:21:30.942 +0800 o.a.d.s.m.r.t.TaskGroupCoordinator:[241] - Success deal with force start TaskGroupQueue cost: 0/ms
[INFO] 2025-10-13 11:21:30.942 +0800 o.a.d.s.m.r.t.TaskGroupCoordinator:[129] - TaskGroupCoordinator round time cost: 0/ms
[INFO] 2025-10-13 11:21:31.514 +0800 o.a.d.s.m.c.IdSlotBasedCommandFetcher:[67] - Fetch commands: 0 success, cost: 0ms, totalSlot: 1, currentSlotIndex: 0
[INFO] 2025-10-13 11:21:32.515 +0800 o.a.d.s.m.c.IdSlotBasedCommandFetcher:[67] - Fetch commands: 0 success, cost: 0ms, totalSlot: 1, currentSlotIndex: 0
[INFO] 2025-10-13 11:21:33.515 +0800 o.a.d.s.m.c.IdSlotBasedCommandFetcher:[67] - Fetch commands: 0 success, cost: 0ms, totalSlot: 1, currentSlotIndex: 0
[INFO] 2025-10-13 11:21:34.515 +0800 o.a.d.s.m.c.IdSlotBasedCommandFetcher:[67] - Fetch commands: 0 success, cost: 0ms, totalSlot: 1, currentSlotIndex: 0
[INFO] 2025-10-13 11:21:35.523 +0800 o.a.d.s.m.c.IdSlotBasedCommandFetcher:[67] - Fetch commands: 0 success, cost: 0ms, totalSlot: 1, currentSlotIndex: 0
[INFO] 2025-10-13 11:21:35.945 +0800 o.a.d.s.m.r.t.TaskGroupCoordinator:[187] - Success amend TaskGroupQueue status cost: 0/ms
[INFO] 2025-10-13 11:21:35.945 +0800 o.a.d.s.m.r.t.TaskGroupCoordinator:[241] - Success deal with force start TaskGroupQueue cost: 0/ms
[INFO] 2025-10-13 11:21:35.945 +0800 o.a.d.s.m.r.t.TaskGroupCoordinator:[129] - TaskGroupCoordinator round time cost: 0/ms
[INFO] 2025-10-13 11:21:36.524 +0800 o.a.d.s.m.c.IdSlotBasedCommandFetcher:[67] - Fetch commands: 0 success, cost: 0ms, totalSlot: 1, currentSlotIndex: 0
[INFO] 2025-10-13 11:21:37.524 +0800 o.a.d.s.m.c.IdSlotBasedCommandFetcher:[67] - Fetch commands: 0 success, cost: 0ms, totalSlot: 1, currentSlotIndex: 0
[INFO] 2025-10-13 11:21:38.685 +0800 o.a.d.s.m.c.IdSlotBasedCommandFetcher:[67] - Fetch commands: 0 success, cost: 0ms, totalSlot: 1, currentSlotIndex: 0
[INFO] 2025-10-13 11:21:39.686 +0800 o.a.d.s.m.c.IdSlotBasedCommandFetcher:[67] - Fetch commands: 0 success, cost: 0ms, totalSlot: 1, currentSlotIndex: 0
[INFO] 2025-10-13 11:21:40.686 +0800 o.a.d.s.m.c.IdSlotBasedCommandFetcher:[67] - Fetch commands: 0 success, cost: 0ms, totalSlot: 1, currentSlotIndex: 0
[INFO] 2025-10-13 11:21:40.951 +0800 o.a.d.s.m.r.t.TaskGroupCoordinator:[187] - Success amend TaskGroupQueue status cost: 0/ms
[INFO] 2025-10-13 11:21:40.951 +0800 o.a.d.s.m.r.t.TaskGroupCoordinator:[241] - Success deal with force start TaskGroupQueue cost: 0/ms
[INFO] 2025-10-13 11:21:40.951 +0800 o.a.d.s.m.r.t.TaskGroupCoordinator:[129] - TaskGroupCoordinator round time cost: 0/ms
[INFO] 2025-10-13 11:21:41.687 +0800 o.a.d.s.m.c.IdSlotBasedCommandFetcher:[67] - Fetch commands: 0 success, cost: 0ms, totalSlot: 1, currentSlotIndex: 0
[INFO] 2025-10-13 11:21:42.688 +0800 o.a.d.s.m.c.IdSlotBasedCommandFetcher:[67] - Fetch commands: 0 success, cost: 0ms, totalSlot: 1, currentSlotIndex: 0
[INFO] 2025-10-13 11:21:43.688 +0800 o.a.d.s.m.c.IdSlotBasedCommandFetcher:[67] - Fetch commands: 0 success, cost: 0ms, totalSlot: 1, currentSlotIndex: 0
[INFO] 2025-10-13 11:21:44.689 +0800 o.a.d.s.m.c.IdSlotBasedCommandFetcher:[67] - Fetch commands: 0 success, cost: 0ms, totalSlot: 1, currentSlotIndex: 0
[INFO] 2025-10-13 11:21:45.690 +0800 o.a.d.s.m.c.IdSlotBasedCommandFetcher:[67] - Fetch commands: 0 success, cost: 0ms, totalSlot: 1, currentSlotIndex: 0
[INFO] 2025-10-13 11:21:45.959 +0800 o.a.d.s.m.r.t.TaskGroupCoordinator:[187] - Success amend TaskGroupQueue status cost: 0/ms
[INFO] 2025-10-13 11:21:45.959 +0800 o.a.d.s.m.r.t.TaskGroupCoordinator:[241] - Success deal with force start TaskGroupQueue cost: 0/ms
[INFO] 2025-10-13 11:21:45.960 +0800 o.a.d.s.m.r.t.TaskGroupCoordinator:[129] - TaskGroupCoordinator round time cost: 0/ms
[INFO] 2025-10-13 11:21:46.690 +0800 o.a.d.s.m.c.IdSlotBasedCommandFetcher:[67] - Fetch commands: 0 success, cost: 0ms, totalSlot: 1, currentSlotIndex: 0
[INFO] 2025-10-13 11:21:47.691 +0800 o.a.d.s.m.c.IdSlotBasedCommandFetcher:[67] - Fetch commands: 0 success, cost: 0ms, totalSlot: 1, currentSlotIndex: 0
[INFO] 2025-10-13 11:21:48.692 +0800 o.a.d.s.m.c.IdSlotBasedCommandFetcher:[67] - Fetch commands: 0 success, cost: 0ms, totalSlot: 1, currentSlotIndex: 0
[INFO] 2025-10-13 11:21:49.692 +0800 o.a.d.s.m.c.IdSlotBasedCommandFetcher:[67] - Fetch commands: 0 success, cost: 0ms, totalSlot: 1, currentSlotIndex: 0
[INFO] 2025-10-13 11:21:50.822 +0800 o.a.d.s.m.c.IdSlotBasedCommandFetcher:[67] - Fetch commands: 0 success, cost: 0ms, totalSlot: 1, currentSlotIndex: 0
[INFO] 2025-10-13 11:21:50.963 +0800 o.a.d.s.m.r.t.TaskGroupCoordinator:[187] - Success amend TaskGroupQueue status cost: 0/ms
[INFO] 2025-10-13 11:21:50.964 +0800 o.a.d.s.m.r.t.TaskGroupCoordinator:[241] - Success deal with force start TaskGroupQueue cost: 0/ms
[INFO] 2025-10-13 11:21:50.964 +0800 o.a.d.s.m.r.t.TaskGroupCoordinator:[129] - TaskGroupCoordinator round time cost: 0/ms
[INFO] 2025-10-13 11:21:51.969 +0800 o.a.d.s.m.c.IdSlotBasedCommandFetcher:[67] - Fetch commands: 0 success, cost: 0ms, totalSlot: 1, currentSlotIndex: 0
[INFO] 2025-10-13 11:21:52.972 +0800 o.a.d.s.m.c.IdSlotBasedCommandFetcher:[67] - Fetch commands: 0 success, cost: 0ms, totalSlot: 1, currentSlotIndex: 0
[INFO] 2025-10-13 11:21:53.973 +0800 o.a.d.s.m.c.IdSlotBasedCommandFetcher:[67] - Fetch commands: 0 success, cost: 0ms, totalSlot: 1, currentSlotIndex: 0
[INFO] 2025-10-13 11:21:54.985 +0800 o.a.d.s.m.c.IdSlotBasedCommandFetcher:[67] - Fetch commands: 0 success, cost: 1ms, totalSlot: 1, currentSlotIndex: 0
[INFO] 2025-10-13 11:21:55.969 +0800 o.a.d.s.m.r.t.TaskGroupCoordinator:[187] - Success amend TaskGroupQueue status cost: 0/ms
[INFO] 2025-10-13 11:21:55.969 +0800 o.a.d.s.m.r.t.TaskGroupCoordinator:[241] - Success deal with force start TaskGroupQueue cost: 0/ms
[INFO] 2025-10-13 11:21:55.970 +0800 o.a.d.s.m.r.t.TaskGroupCoordinator:[129] - TaskGroupCoordinator round time cost: 0/ms
[INFO] 2025-10-13 11:21:55.985 +0800 o.a.d.s.m.c.IdSlotBasedCommandFetcher:[67] - Fetch commands: 0 success, cost: 0ms, totalSlot: 1, currentSlotIndex: 0
[INFO] 2025-10-13 11:21:56.995 +0800 o.a.d.s.m.c.IdSlotBasedCommandFetcher:[67] - Fetch commands: 0 success, cost: 0ms, totalSlot: 1, currentSlotIndex: 0
[INFO] 2025-10-13 11:21:57.995 +0800 o.a.d.s.m.c.IdSlotBasedCommandFetcher:[67] - Fetch commands: 0 success, cost: 0ms, totalSlot: 1, currentSlotIndex: 0
[INFO] 2025-10-13 11:21:58.996 +0800 o.a.d.s.m.c.IdSlotBasedCommandFetcher:[67] - Fetch commands: 0 success, cost: 0ms, totalSlot: 1, currentSlotIndex: 0
[INFO] 2025-10-13 11:21:59.166 +0800 o.a.d.a.s.i.ProcessDefinitionServiceImpl:[395] - Save process definition complete, processCode:154516806817216, processVersion:1.
[INFO] 2025-10-13 11:21:59.169 +0800 o.a.d.a.s.i.ProcessDefinitionServiceImpl:[406] - Save process task relations complete, projectCode:154515542691264, processCode:154516806817216, processVersion:1.
[INFO] 2025-10-13 11:21:59.997 +0800 o.a.d.s.m.c.IdSlotBasedCommandFetcher:[67] - Fetch commands: 0 success, cost: 0ms, totalSlot: 1, currentSlotIndex: 0
[INFO] 2025-10-13 11:22:00.982 +0800 o.a.d.s.m.r.t.TaskGroupCoordinator:[187] - Success amend TaskGroupQueue status cost: 0/ms
[INFO] 2025-10-13 11:22:00.982 +0800 o.a.d.s.m.r.t.TaskGroupCoordinator:[241] - Success deal with force start TaskGroupQueue cost: 0/ms
[INFO] 2025-10-13 11:22:00.982 +0800 o.a.d.s.m.r.t.TaskGroupCoordinator:[129] - TaskGroupCoordinator round time cost: 0/ms
[INFO] 2025-10-13 11:22:00.997 +0800 o.a.d.s.m.c.IdSlotBasedCommandFetcher:[67] - Fetch commands: 0 success, cost: 0ms, totalSlot: 1, currentSlotIndex: 0
[INFO] 2025-10-13 11:22:01.998 +0800 o.a.d.s.m.c.IdSlotBasedCommandFetcher:[67] - Fetch commands: 0 success, cost: 0ms, totalSlot: 1, currentSlotIndex: 0
[INFO] 2025-10-13 11:22:02.998 +0800 o.a.d.s.m.c.IdSlotBasedCommandFetcher:[67] - Fetch commands: 0 success, cost: 0ms, totalSlot: 1, currentSlotIndex: 0
[INFO] 2025-10-13 11:22:03.998 +0800 o.a.d.s.m.c.IdSlotBasedCommandFetcher:[67] - Fetch commands: 0 success, cost: 0ms, totalSlot: 1, currentSlotIndex: 0
[INFO] 2025-10-13 11:22:05.125 +0800 o.a.d.s.m.c.IdSlotBasedCommandFetcher:[67] - Fetch commands: 0 success, cost: 0ms, totalSlot: 1, currentSlotIndex: 0
[INFO] 2025-10-13 11:22:05.987 +0800 o.a.d.s.m.r.t.TaskGroupCoordinator:[187] - Success amend TaskGroupQueue status cost: 0/ms
[INFO] 2025-10-13 11:22:05.987 +0800 o.a.d.s.m.r.t.TaskGroupCoordinator:[241] - Success deal with force start TaskGroupQueue cost: 0/ms
[INFO] 2025-10-13 11:22:05.988 +0800 o.a.d.s.m.r.t.TaskGroupCoordinator:[129] - TaskGroupCoordinator round time cost: 0/ms
[INFO] 2025-10-13 11:22:06.202 +0800 o.a.d.s.m.c.IdSlotBasedCommandFetcher:[67] - Fetch commands: 0 success, cost: 0ms, totalSlot: 1, currentSlotIndex: 0
[INFO] 2025-10-13 11:22:07.304 +0800 o.a.d.s.m.c.IdSlotBasedCommandFetcher:[67] - Fetch commands: 0 success, cost: 0ms, totalSlot: 1, currentSlotIndex: 0
[INFO] 2025-10-13 11:22:08.378 +0800 o.a.d.s.m.c.IdSlotBasedCommandFetcher:[67] - Fetch commands: 0 success, cost: 0ms, totalSlot: 1, currentSlotIndex: 0
[INFO] 2025-10-13 11:22:09.461 +0800 o.a.d.s.m.c.IdSlotBasedCommandFetcher:[67] - Fetch commands: 0 success, cost: 0ms, totalSlot: 1, currentSlotIndex: 0
[INFO] 2025-10-13 11:22:10.222 +0800 o.a.d.a.s.i.ExecutorServiceImpl:[279] - Create command complete, processDefinitionCode:154516806817216, commandCount:1.
[INFO] 2025-10-13 11:22:10.547 +0800 o.a.d.s.m.c.IdSlotBasedCommandFetcher:[67] - Fetch commands: 1 success, cost: 2ms, totalSlot: 1, currentSlotIndex: 0
[INFO] 2025-10-13 11:22:10.572 +0800 o.a.d.s.m.e.WorkflowEventQueue:[37] - Added workflow event to workflowEvent queue, event: WorkflowEvent(workflowEventType=START_WORKFLOW, workflowInstanceId=1)
[INFO] 2025-10-13 11:22:10.572 +0800 o.a.d.s.m.c.IdSlotBasedCommandFetcher:[67] - Fetch commands: 0 success, cost: 0ms, totalSlot: 1, currentSlotIndex: 0
[INFO] 2025-10-13 11:22:10.576 +0800 o.a.d.s.m.r.WorkflowEventLooper:[91] - Begin to handle WorkflowEvent: WorkflowEvent(workflowEventType=START_WORKFLOW, workflowInstanceId=1)
[INFO] 2025-10-13 11:22:10.576 +0800 o.a.d.s.m.e.WorkflowStartEventHandler:[52] - Handle workflow start event, begin to start a workflow, event: WorkflowEvent(workflowEventType=START_WORKFLOW, workflowInstanceId=1)
[INFO] 2025-10-13 11:22:10.579 +0800 o.a.d.s.m.r.WorkflowExecuteRunnable:[844] - The current workflowInstance is a newly running workflowInstance
[INFO] 2025-10-13 11:22:10.579 +0800 o.a.d.s.m.r.WorkflowExecuteRunnable:[886] - Initialize task queue, dependFailedTaskSet: [], completeTaskSet: [], errorTaskMap: {}
[INFO] 2025-10-13 11:22:10.580 +0800 o.a.d.s.m.r.WorkflowExecuteRunnable:[681] - workflowStatue changed to :INITIALIZE_QUEUE
[INFO] 2025-10-13 11:22:10.580 +0800 o.a.d.s.m.r.WorkflowEventLooper:[95] - Success handle WorkflowEvent: WorkflowEvent(workflowEventType=START_WORKFLOW, workflowInstanceId=1)
[INFO] 2025-10-13 11:22:10.584 +0800 o.a.d.s.m.r.WorkflowExecuteRunnable:[1716] - Add task to stand by list, task name:test-seatunnel-rest, task id:null, task code:154516749887936
[INFO] 2025-10-13 11:22:10.585 +0800 o.a.d.s.m.r.WorkflowExecuteRunnable:[1820] - The dependResult of task test-seatunnel-rest is success, so ready to submit to execute
[INFO] 2025-10-13 11:22:10.586 +0800 o.a.d.s.p.ProcessServiceImpl:[1076] - Start save taskInstance to database : test-seatunnel-rest, processInstance id:1, state: WorkflowExecutionStatus{code=1, desc='running'}
[INFO] 2025-10-13 11:22:10.593 +0800 o.a.d.s.p.ProcessServiceImpl:[1093] - End save taskInstance to db successfully:1, taskInstanceName: test-seatunnel-rest, taskInstance state:TaskExecutionStatus{code=0, desc='submit success'}, processInstanceId:1, processInstanceState: WorkflowExecutionStatus{code=1, desc='running'}
[INFO] 2025-10-13 11:22:10.601 +0800 o.a.d.s.m.r.StateWheelExecuteThread:[167] - Adding task instance into timeout check list
[INFO] 2025-10-13 11:22:10.601 +0800 o.a.d.s.m.r.WorkflowExecuteRunnable:[1563] - The workflowInstance has task running, the workflowInstance status is WorkflowExecutionStatus{code=1, desc='running'}
[INFO] 2025-10-13 11:22:10.601 +0800 o.a.d.s.m.r.WorkflowExecuteRunnable:[1658] - There is no need to update the workflow instance state, origin state: WorkflowExecutionStatus{code=1, desc='running'}, target state: WorkflowExecutionStatus{code=1, desc='running'}
[INFO] 2025-10-13 11:22:10.601 +0800 o.a.d.s.m.r.WorkflowExecuteRunnable:[687] - workflowStatue changed to :STARTED
[INFO] 2025-10-13 11:22:10.601 +0800 o.a.d.s.m.e.WorkflowStartEventHandler:[66] - Success submit the workflow instance
[INFO] 2025-10-13 11:22:10.773 +0800 o.a.d.s.w.r.o.TaskInstanceDispatchOperationFunction:[62] - Receive TaskInstanceDispatchRequest: TaskInstanceDispatchRequest(taskExecutionContext=TaskExecutionContext(taskInstanceId=1, taskName=test-seatunnel-rest, firstSubmitTime=1760325730589, startTime=0, taskType=SEATUNNEL_REST, workflowInstanceHost=10.1.35.13:5678, host=10.1.35.13:1234, executePath=null, logPath=null, appInfoPath=null, taskJson=null, processId=0, processDefineCode=154516806817216, processDefineVersion=1, appIds=null, processInstanceId=1, scheduleTime=0, globalParams=null, executorId=1, cmdTypeIfComplement=0, tenantCode=default, processDefineId=0, projectId=0, projectCode=154515542691264, taskParams={"localParams":[],"resourceList":[],"restEndpoint":"http://localhost:8080","jobConfig":"{\r\n  \"env\": {\r\n    \"execution.parallelism\": 1\r\n  },\r\n  \"source\": [\r\n    {\r\n      \"plugin_name\": \"FakeSource\",\r\n      \"result_table_name\": \"fake_table\",\r\n      \"row.num\": 10,\r\n      \"schema\": {\r\n        \"fields\": {\r\n          \"id\": \"int\",\r\n          \"name\": \"string\",\r\n          \"age\": \"int\"\r\n        }\r\n      }\r\n    }\r\n  ],\r\n  \"transform\": [],\r\n  \"sink\": [\r\n    {\r\n      \"plugin_name\": \"Console\",\r\n      \"source_table_name\": \"fake_table\"\r\n    }\r\n  ]\r\n}","connectTimeout":60000,"socketTimeout":60000,"pollInterval":10000}, environmentConfig=null, definedParams=null, prepareParamsMap={system.task.definition.name=Property{prop='system.task.definition.name', direct=IN, type=VARCHAR, value='test-seatunnel-rest'}, system.project.name=Property{prop='system.project.name', direct=IN, type=VARCHAR, value='null'}, system.project.code=Property{prop='system.project.code', direct=IN, type=VARCHAR, value='154515542691264'}, system.workflow.instance.id=Property{prop='system.workflow.instance.id', direct=IN, type=VARCHAR, value='1'}, system.biz.curdate=Property{prop='system.biz.curdate', direct=IN, type=VARCHAR, value='20251013'}, system.biz.date=Property{prop='system.biz.date', direct=IN, type=VARCHAR, value='20251012'}, system.task.instance.id=Property{prop='system.task.instance.id', direct=IN, type=VARCHAR, value='1'}, system.workflow.definition.name=Property{prop='system.workflow.definition.name', direct=IN, type=VARCHAR, value='test-seatunnel-group'}, system.task.definition.code=Property{prop='system.task.definition.code', direct=IN, type=VARCHAR, value='154516749887936'}, system.workflow.definition.code=Property{prop='system.workflow.definition.code', direct=IN, type=VARCHAR, value='154516806817216'}, system.datetime=Property{prop='system.datetime', direct=IN, type=VARCHAR, value='20251013112210'}}, taskAppId=null, taskTimeoutStrategy=null, taskTimeout=2147483647, workerGroup=default, delayTime=0, currentExecutionStatus=TaskExecutionStatus{code=0, desc='submit success'}, resourceParametersHelper=null, endTime=0, sqlTaskExecutionContext=null, k8sTaskExecutionContext=null, resourceContext=null, varPool=null, dryRun=0, paramsMap={}, dataQualityTaskExecutionContext=null, cpuQuota=-1, memoryMax=-1, testFlag=0, logBufferEnable=false, dispatchFailTimes=0))
[INFO] 2025-10-13 11:22:10.789 +0800 o.a.d.s.w.r.o.TaskInstanceDispatchOperationFunction:[88] - Submit task: test-seatunnel-rest to wait queue success
[INFO] 2025-10-13 11:22:10.792 +0800 o.a.d.p.t.a.l.TaskInstanceLogHeader:[1541] - 
***********************************************************************************************
[INFO] 2025-10-13 11:22:10.795 +0800 o.a.d.s.m.r.BaseTaskDispatcher:[67] - Success dispatch task test-seatunnel-rest to 10.1.35.13:1234.
[INFO] 2025-10-13 11:22:10.798 +0800 o.a.d.p.t.a.l.TaskInstanceLogHeader:[1541] - *********************************  Initialize task context  ***********************************
[INFO] 2025-10-13 11:22:10.799 +0800 o.a.d.p.t.a.l.TaskInstanceLogHeader:[1541] - ***********************************************************************************************
[INFO] 2025-10-13 11:22:10.800 +0800 o.a.d.s.w.r.WorkerTaskExecutor:[188] - Begin to initialize task
[INFO] 2025-10-13 11:22:10.800 +0800 o.a.d.s.w.r.WorkerTaskExecutor:[192] - Set task startTime: 1760325730800
[INFO] 2025-10-13 11:22:10.800 +0800 o.a.d.s.w.r.WorkerTaskExecutor:[197] - Set task appId: 1_1
[INFO] 2025-10-13 11:22:10.802 +0800 o.a.d.s.w.r.WorkerTaskExecutor:[199] - End initialize task {
  "taskInstanceId" : 1,
  "taskName" : "test-seatunnel-rest",
  "firstSubmitTime" : 1760325730589,
  "startTime" : 1760325730800,
  "taskType" : "SEATUNNEL_REST",
  "workflowInstanceHost" : "10.1.35.13:5678",
  "host" : "10.1.35.13:1234",
  "logPath" : "D:\\WorkSpace\\personal_proj\\SeaFlow\\dolphinscheduler\\dolphinscheduler-standalone-server\\logs\\20251013\\154516806817216\\1\\1\\1.log",
  "processId" : 0,
  "processDefineCode" : 154516806817216,
  "processDefineVersion" : 1,
  "processInstanceId" : 1,
  "scheduleTime" : 0,
  "executorId" : 1,
  "cmdTypeIfComplement" : 0,
  "tenantCode" : "default",
  "processDefineId" : 0,
  "projectId" : 0,
  "projectCode" : 154515542691264,
  "taskParams" : "{\"localParams\":[],\"resourceList\":[],\"restEndpoint\":\"http://localhost:8080\",\"jobConfig\":\"{\\r\\n  \\\"env\\\": {\\r\\n    \\\"execution.parallelism\\\": 1\\r\\n  },\\r\\n  \\\"source\\\": [\\r\\n    {\\r\\n      \\\"plugin_name\\\": \\\"FakeSource\\\",\\r\\n      \\\"result_table_name\\\": \\\"fake_table\\\",\\r\\n      \\\"row.num\\\": 10,\\r\\n      \\\"schema\\\": {\\r\\n        \\\"fields\\\": {\\r\\n          \\\"id\\\": \\\"int\\\",\\r\\n          \\\"name\\\": \\\"string\\\",\\r\\n          \\\"age\\\": \\\"int\\\"\\r\\n        }\\r\\n      }\\r\\n    }\\r\\n  ],\\r\\n  \\\"transform\\\": [],\\r\\n  \\\"sink\\\": [\\r\\n    {\\r\\n      \\\"plugin_name\\\": \\\"Console\\\",\\r\\n      \\\"source_table_name\\\": \\\"fake_table\\\"\\r\\n    }\\r\\n  ]\\r\\n}\",\"connectTimeout\":60000,\"socketTimeout\":60000,\"pollInterval\":10000}",
  "prepareParamsMap" : {
    "system.task.definition.name" : {
      "prop" : "system.task.definition.name",
      "direct" : "IN",
      "type" : "VARCHAR",
      "value" : "test-seatunnel-rest"
    },
    "system.project.name" : {
      "prop" : "system.project.name",
      "direct" : "IN",
      "type" : "VARCHAR",
      "value" : null
    },
    "system.project.code" : {
      "prop" : "system.project.code",
      "direct" : "IN",
      "type" : "VARCHAR",
      "value" : "154515542691264"
    },
    "system.workflow.instance.id" : {
      "prop" : "system.workflow.instance.id",
      "direct" : "IN",
      "type" : "VARCHAR",
      "value" : "1"
    },
    "system.biz.curdate" : {
      "prop" : "system.biz.curdate",
      "direct" : "IN",
      "type" : "VARCHAR",
      "value" : "20251013"
    },
    "system.biz.date" : {
      "prop" : "system.biz.date",
      "direct" : "IN",
      "type" : "VARCHAR",
      "value" : "20251012"
    },
    "system.task.instance.id" : {
      "prop" : "system.task.instance.id",
      "direct" : "IN",
      "type" : "VARCHAR",
      "value" : "1"
    },
    "system.workflow.definition.name" : {
      "prop" : "system.workflow.definition.name",
      "direct" : "IN",
      "type" : "VARCHAR",
      "value" : "test-seatunnel-group"
    },
    "system.task.definition.code" : {
      "prop" : "system.task.definition.code",
      "direct" : "IN",
      "type" : "VARCHAR",
      "value" : "154516749887936"
    },
    "system.workflow.definition.code" : {
      "prop" : "system.workflow.definition.code",
      "direct" : "IN",
      "type" : "VARCHAR",
      "value" : "154516806817216"
    },
    "system.datetime" : {
      "prop" : "system.datetime",
      "direct" : "IN",
      "type" : "VARCHAR",
      "value" : "20251013112210"
    }
  },
  "taskAppId" : "1_1",
  "taskTimeout" : 2147483647,
  "workerGroup" : "default",
  "delayTime" : 0,
  "currentExecutionStatus" : "SUBMITTED_SUCCESS",
  "endTime" : 0,
  "dryRun" : 0,
  "paramsMap" : { },
  "cpuQuota" : -1,
  "memoryMax" : -1,
  "testFlag" : 0,
  "logBufferEnable" : false,
  "dispatchFailTimes" : 0
}
[INFO] 2025-10-13 11:22:10.804 +0800 o.a.d.p.t.a.l.TaskInstanceLogHeader:[1541] - 
***********************************************************************************************
[INFO] 2025-10-13 11:22:10.804 +0800 o.a.d.p.t.a.l.TaskInstanceLogHeader:[1541] - *********************************  Load task instance plugin  *********************************
[INFO] 2025-10-13 11:22:10.805 +0800 o.a.d.p.t.a.l.TaskInstanceLogHeader:[1541] - ***********************************************************************************************
[INFO] 2025-10-13 11:22:10.820 +0800 o.a.d.s.m.r.l.TaskInstanceExecutionRunningEventListenFunction:[40] - Receive handleTaskInstanceExecutionEvent request: TaskInstanceExecutionRunningEvent(taskInstanceId=1, processInstanceId=1, startTime=1760325730800, taskInstanceHost=10.1.35.13:1234, workflowInstanceHost=10.1.35.13:5678, status=TaskExecutionStatus{code=1, desc='running'}, logPath=D:\WorkSpace\personal_proj\SeaFlow\dolphinscheduler\dolphinscheduler-standalone-server\logs\20251013\154516806817216\1\1\1.log, executePath=null, processId=0, appIds=null, eventCreateTime=0, eventSendTime=0)
[INFO] 2025-10-13 11:22:10.822 +0800 o.a.d.s.w.r.WorkerTaskExecutor:[206] - Send task status RUNNING_EXECUTION master: 10.1.35.13:1234
[INFO] 2025-10-13 11:22:10.825 +0800 o.a.d.s.w.u.TaskExecutionContextUtils:[54] - Current tenant is default tenant, will use bootstrap user: 44314 to execute the task
[INFO] 2025-10-13 11:22:10.825 +0800 o.a.d.s.w.r.WorkerTaskExecutor:[214] - TenantCode: 44314 check successfully
[INFO] 2025-10-13 11:22:10.833 +0800 o.a.d.s.w.r.WorkerTaskExecutor:[217] - WorkflowInstanceExecDir: /tmp/dolphinscheduler/exec/process/44314/154515542691264/154516806817216_1/1/1 check successfully
[INFO] 2025-10-13 11:22:10.833 +0800 o.a.d.s.w.r.WorkerTaskExecutor:[224] - Create TaskChannel: org.apache.dolphinscheduler.plugin.task.seatunnel.rest.SeaTunnelRestTaskChannel successfully
[INFO] 2025-10-13 11:22:10.833 +0800 o.a.d.s.w.r.WorkerTaskExecutor:[229] - Download resources successfully: 
ResourceContext(resourceItemMap={})
[INFO] 2025-10-13 11:22:10.835 +0800 o.a.d.s.w.r.WorkerTaskExecutor:[232] - Download upstream files: [] successfully
[INFO] 2025-10-13 11:22:10.838 +0800 o.a.d.s.w.r.WorkerTaskExecutor:[236] - Task plugin instance: SEATUNNEL_REST create successfully
[INFO] 2025-10-13 11:22:10.839 +0800 o.a.d.p.t.s.r.SeaTunnelRestTask:[70] - Initialize SeaTunnel REST task params: {
  "localParams" : [ ],
  "varPool" : [ ],
  "restEndpoint" : "http://localhost:8080",
  "jobConfig" : "{\r\n  \"env\": {\r\n    \"execution.parallelism\": 1\r\n  },\r\n  \"source\": [\r\n    {\r\n      \"plugin_name\": \"FakeSource\",\r\n      \"result_table_name\": \"fake_table\",\r\n      \"row.num\": 10,\r\n      \"schema\": {\r\n        \"fields\": {\r\n          \"id\": \"int\",\r\n          \"name\": \"string\",\r\n          \"age\": \"int\"\r\n        }\r\n      }\r\n    }\r\n  ],\r\n  \"transform\": [],\r\n  \"sink\": [\r\n    {\r\n      \"plugin_name\": \"Console\",\r\n      \"source_table_name\": \"fake_table\"\r\n    }\r\n  ]\r\n}",
  "env" : null,
  "source" : null,
  "transform" : null,
  "sink" : null,
  "connectTimeout" : 60000,
  "socketTimeout" : 60000,
  "pollInterval" : 10000
}
[INFO] 2025-10-13 11:22:10.839 +0800 o.a.d.s.w.r.WorkerTaskExecutor:[240] - Success initialized task plugin instance successfully
[INFO] 2025-10-13 11:22:10.840 +0800 o.a.d.s.w.r.WorkerTaskExecutor:[243] - Set taskVarPool: null successfully
[INFO] 2025-10-13 11:22:10.842 +0800 o.a.d.p.t.a.l.TaskInstanceLogHeader:[1541] - 
***********************************************************************************************
[INFO] 2025-10-13 11:22:10.843 +0800 o.a.d.p.t.a.l.TaskInstanceLogHeader:[1541] - *********************************  Execute task instance  *************************************
[INFO] 2025-10-13 11:22:10.843 +0800 o.a.d.p.t.a.l.TaskInstanceLogHeader:[1541] - ***********************************************************************************************
[INFO] 2025-10-13 11:22:10.844 +0800 o.a.d.p.t.s.r.SeaTunnelRestTask:[120] - Submitting SeaTunnel job to: http://localhost:8080/submit-job
[INFO] 2025-10-13 11:22:10.845 +0800 o.a.d.p.t.s.r.SeaTunnelRestTask:[121] - Job config: {"env":{"execution.parallelism":1},"source":[{"plugin_name":"FakeSource","result_table_name":"fake_table","row.num":10,"schema":{"fields":{"id":"int","name":"string","age":"int"}}}],"transform":[],"sink":[{"plugin_name":"Console","source_table_name":"fake_table"}]}
[INFO] 2025-10-13 11:22:10.992 +0800 o.a.d.s.m.r.t.TaskGroupCoordinator:[187] - Success amend TaskGroupQueue status cost: 0/ms
[INFO] 2025-10-13 11:22:10.992 +0800 o.a.d.s.m.r.t.TaskGroupCoordinator:[241] - Success deal with force start TaskGroupQueue cost: 0/ms
[INFO] 2025-10-13 11:22:10.992 +0800 o.a.d.s.m.r.t.TaskGroupCoordinator:[129] - TaskGroupCoordinator round time cost: 0/ms
[INFO] 2025-10-13 11:22:11.147 +0800 o.a.d.s.m.p.q.TaskExecuteRunnable:[55] - Handle task event begin: TaskEvent(taskInstanceId=1, workerAddress=10.1.35.13:1234, state=null, startTime=null, endTime=null, executePath=null, logPath=null, processId=0, appIds=null, event=DISPATCH, varPool=null, cacheTaskInstanceId=0, processInstanceId=1)
[INFO] 2025-10-13 11:22:11.157 +0800 o.a.d.s.m.p.q.TaskExecuteRunnable:[58] - Handle task event finished: TaskEvent(taskInstanceId=1, workerAddress=10.1.35.13:1234, state=null, startTime=null, endTime=null, executePath=null, logPath=null, processId=0, appIds=null, event=DISPATCH, varPool=null, cacheTaskInstanceId=0, processInstanceId=1)
[INFO] 2025-10-13 11:22:11.157 +0800 o.a.d.s.m.p.q.TaskExecuteRunnable:[55] - Handle task event begin: TaskEvent(taskInstanceId=1, workerAddress=10.1.35.13:1234, state=TaskExecutionStatus{code=1, desc='running'}, startTime=Mon Oct 13 11:22:10 HKT 2025, endTime=null, executePath=null, logPath=D:\WorkSpace\personal_proj\SeaFlow\dolphinscheduler\dolphinscheduler-standalone-server\logs\20251013\154516806817216\1\1\1.log, processId=0, appIds=null, event=RUNNING, varPool=null, cacheTaskInstanceId=0, processInstanceId=1)
[INFO] 2025-10-13 11:22:11.162 +0800 o.a.d.s.w.r.l.TaskInstanceExecutionRunningEventAckListenFunction:[47] - Receive TaskInstanceExecutionRunningEventAck: TaskInstanceExecutionRunningEventAck(taskInstanceId=1, success=true)
[INFO] 2025-10-13 11:22:11.166 +0800 o.a.d.s.m.r.WorkflowExecuteThreadPool:[78] - Submit state event success, stateEvent: TaskStateEvent(processInstanceId=1, taskInstanceId=1, taskCode=0, status=TaskExecutionStatus{code=1, desc='running'}, type=TASK_STATE_CHANGE, key=null, channel=null, context=null)
[INFO] 2025-10-13 11:22:11.166 +0800 o.a.d.s.m.p.q.TaskExecuteRunnable:[58] - Handle task event finished: TaskEvent(taskInstanceId=1, workerAddress=10.1.35.13:1234, state=TaskExecutionStatus{code=1, desc='running'}, startTime=Mon Oct 13 11:22:10 HKT 2025, endTime=null, executePath=null, logPath=D:\WorkSpace\personal_proj\SeaFlow\dolphinscheduler\dolphinscheduler-standalone-server\logs\20251013\154516806817216\1\1\1.log, processId=0, appIds=null, event=RUNNING, varPool=null, cacheTaskInstanceId=0, processInstanceId=1)
[INFO] 2025-10-13 11:22:11.166 +0800 o.a.d.s.m.p.q.TaskExecuteThreadPool:[126] - [WorkflowInstance-1] persist events succeeded
[INFO] 2025-10-13 11:22:11.249 +0800 o.a.d.s.m.e.StateEventHandlerManager:[37] - Initialize StateEventHandler: org.apache.dolphinscheduler.server.master.event.TaskRetryStateEventHandler for eventType: TASK_RETRY
[INFO] 2025-10-13 11:22:11.250 +0800 o.a.d.s.m.e.StateEventHandlerManager:[37] - Initialize StateEventHandler: org.apache.dolphinscheduler.server.master.event.TaskStateEventHandler for eventType: TASK_STATE_CHANGE
[INFO] 2025-10-13 11:22:11.252 +0800 o.a.d.s.m.e.StateEventHandlerManager:[37] - Initialize StateEventHandler: org.apache.dolphinscheduler.server.master.event.TaskTimeoutStateEventHandler for eventType: TASK_TIMEOUT
[INFO] 2025-10-13 11:22:11.254 +0800 o.a.d.s.m.e.StateEventHandlerManager:[37] - Initialize StateEventHandler: org.apache.dolphinscheduler.server.master.event.WorkflowBlockStateEventHandler for eventType: PROCESS_BLOCKED
[INFO] 2025-10-13 11:22:11.255 +0800 o.a.d.s.m.e.StateEventHandlerManager:[37] - Initialize StateEventHandler: org.apache.dolphinscheduler.server.master.event.WorkflowStateEventHandler for eventType: PROCESS_STATE_CHANGE
[INFO] 2025-10-13 11:22:11.256 +0800 o.a.d.s.m.e.StateEventHandlerManager:[37] - Initialize StateEventHandler: org.apache.dolphinscheduler.server.master.event.WorkflowSubmitFailStateEventHandler for eventType: PROCESS_SUBMIT_FAILED
[INFO] 2025-10-13 11:22:11.256 +0800 o.a.d.s.m.e.StateEventHandlerManager:[37] - Initialize StateEventHandler: org.apache.dolphinscheduler.server.master.event.WorkflowTimeoutStateEventHandler for eventType: PROCESS_TIMEOUT
[INFO] 2025-10-13 11:22:11.259 +0800 o.a.d.s.m.r.WorkflowExecuteRunnable:[290] - Begin to handle state event, TaskStateEvent(processInstanceId=1, taskInstanceId=1, taskCode=0, status=TaskExecutionStatus{code=1, desc='running'}, type=TASK_STATE_CHANGE, key=null, channel=null, context=null)
[INFO] 2025-10-13 11:22:11.261 +0800 o.a.d.s.m.e.TaskStateEventHandler:[53] - Handle task instance state event, the current task instance state RUNNING_EXECUTION will be changed to RUNNING_EXECUTION
[INFO] 2025-10-13 11:22:11.580 +0800 o.a.d.p.t.s.r.SeaTunnelRestTask:[134] - Submit response status: 200, body: {"jobId":"1029957196034605057","jobName":"SeaTunnel_Job"}
[INFO] 2025-10-13 11:22:11.582 +0800 o.a.d.p.t.s.r.SeaTunnelRestTask:[85] - SeaTunnel job submitted successfully, jobId: 1029957196034605057
[INFO] 2025-10-13 11:22:11.639 +0800 o.a.d.p.t.s.r.SeaTunnelRestTask:[226] - SeaTunnel job 1029957196034605057 status: PENDING
[INFO] 2025-10-13 11:22:11.639 +0800 o.a.d.p.t.s.r.SeaTunnelRestTask:[231] - Job metrics: {"TableSourceReceivedCount":{},"TableSourceReceivedQPS":{},"TableSinkWriteQPS":{},"TableSinkWriteCount":{},"SinkWriteCount":"0","SinkWriteBytesPerSeconds":"0.0","TableSinkWriteBytesPerSeconds":{},"SinkWriteQPS":"0.0","SourceReceivedBytes":"0","SourceReceivedBytesPerSeconds":"0.0","SourceReceivedCount":"0","SourceReceivedQPS":"0.0","TableSourceReceivedBytesPerSeconds":{},"TableSourceReceivedBytes":{},"SinkWriteBytes":"0","TableSinkWriteBytes":{}}
[INFO] 2025-10-13 11:22:11.661 +0800 o.a.d.s.m.c.IdSlotBasedCommandFetcher:[67] - Fetch commands: 0 success, cost: 0ms, totalSlot: 1, currentSlotIndex: 0
[INFO] 2025-10-13 11:22:12.760 +0800 o.a.d.s.m.c.IdSlotBasedCommandFetcher:[67] - Fetch commands: 0 success, cost: 0ms, totalSlot: 1, currentSlotIndex: 0
[INFO] 2025-10-13 11:22:13.837 +0800 o.a.d.s.m.c.IdSlotBasedCommandFetcher:[67] - Fetch commands: 0 success, cost: 0ms, totalSlot: 1, currentSlotIndex: 0
[INFO] 2025-10-13 11:22:14.912 +0800 o.a.d.s.m.c.IdSlotBasedCommandFetcher:[67] - Fetch commands: 0 success, cost: 0ms, totalSlot: 1, currentSlotIndex: 0
[INFO] 2025-10-13 11:22:14.989 +0800 o.a.d.a.s.i.LoggerServiceImpl:[189] - Query task instance log, taskInstanceId:1, taskInstanceName:test-seatunnel-rest, host: 10.1.35.13:1234, logPath:D:\WorkSpace\personal_proj\SeaFlow\dolphinscheduler\dolphinscheduler-standalone-server\logs\20251013\154516806817216\1\1\1.log
[INFO] 2025-10-13 11:22:15.037 +0800 o.a.d.a.s.i.LoggerServiceImpl:[189] - Query task instance log, taskInstanceId:1, taskInstanceName:test-seatunnel-rest, host: 10.1.35.13:1234, logPath:D:\WorkSpace\personal_proj\SeaFlow\dolphinscheduler\dolphinscheduler-standalone-server\logs\20251013\154516806817216\1\1\1.log
[INFO] 2025-10-13 11:22:16.002 +0800 o.a.d.s.m.r.t.TaskGroupCoordinator:[187] - Success amend TaskGroupQueue status cost: 0/ms
[INFO] 2025-10-13 11:22:16.004 +0800 o.a.d.s.m.r.t.TaskGroupCoordinator:[241] - Success deal with force start TaskGroupQueue cost: 0/ms
[INFO] 2025-10-13 11:22:16.004 +0800 o.a.d.s.m.r.t.TaskGroupCoordinator:[129] - TaskGroupCoordinator round time cost: 1/ms
[INFO] 2025-10-13 11:22:16.107 +0800 o.a.d.s.m.c.IdSlotBasedCommandFetcher:[67] - Fetch commands: 0 success, cost: 1ms, totalSlot: 1, currentSlotIndex: 0
[INFO] 2025-10-13 11:22:17.111 +0800 o.a.d.s.m.c.IdSlotBasedCommandFetcher:[67] - Fetch commands: 0 success, cost: 0ms, totalSlot: 1, currentSlotIndex: 0
[INFO] 2025-10-13 11:22:18.112 +0800 o.a.d.s.m.c.IdSlotBasedCommandFetcher:[67] - Fetch commands: 0 success, cost: 0ms, totalSlot: 1, currentSlotIndex: 0
[INFO] 2025-10-13 11:22:19.112 +0800 o.a.d.s.m.c.IdSlotBasedCommandFetcher:[67] - Fetch commands: 0 success, cost: 0ms, totalSlot: 1, currentSlotIndex: 0
[INFO] 2025-10-13 11:22:19.639 +0800 o.a.d.a.s.i.LoggerServiceImpl:[189] - Query task instance log, taskInstanceId:1, taskInstanceName:test-seatunnel-rest, host: 10.1.35.13:1234, logPath:D:\WorkSpace\personal_proj\SeaFlow\dolphinscheduler\dolphinscheduler-standalone-server\logs\20251013\154516806817216\1\1\1.log
[INFO] 2025-10-13 11:22:19.985 +0800 o.a.d.a.s.i.LoggerServiceImpl:[189] - Query task instance log, taskInstanceId:1, taskInstanceName:test-seatunnel-rest, host: 10.1.35.13:1234, logPath:D:\WorkSpace\personal_proj\SeaFlow\dolphinscheduler\dolphinscheduler-standalone-server\logs\20251013\154516806817216\1\1\1.log
[INFO] 2025-10-13 11:22:20.112 +0800 o.a.d.s.m.c.IdSlotBasedCommandFetcher:[67] - Fetch commands: 0 success, cost: 0ms, totalSlot: 1, currentSlotIndex: 0
[INFO] 2025-10-13 11:22:21.017 +0800 o.a.d.s.m.r.t.TaskGroupCoordinator:[187] - Success amend TaskGroupQueue status cost: 0/ms
[INFO] 2025-10-13 11:22:21.018 +0800 o.a.d.s.m.r.t.TaskGroupCoordinator:[241] - Success deal with force start TaskGroupQueue cost: 0/ms
[INFO] 2025-10-13 11:22:21.018 +0800 o.a.d.s.m.r.t.TaskGroupCoordinator:[129] - TaskGroupCoordinator round time cost: 1/ms
[INFO] 2025-10-13 11:22:21.114 +0800 o.a.d.s.m.c.IdSlotBasedCommandFetcher:[67] - Fetch commands: 0 success, cost: 0ms, totalSlot: 1, currentSlotIndex: 0
[INFO] 2025-10-13 11:22:21.725 +0800 o.a.d.p.t.s.r.SeaTunnelRestTask:[226] - SeaTunnel job 1029957196034605057 status: FINISHED
[INFO] 2025-10-13 11:22:21.725 +0800 o.a.d.p.t.s.r.SeaTunnelRestTask:[231] - Job metrics: {"TableSourceReceivedCount":{"fake_table":"10"},"TableSourceReceivedQPS":{"fake_table":"7.955449482895784"},"TableSinkWriteQPS":{"fake_table":"7.861635220125786"},"TableSinkWriteCount":{"fake_table":"10"},"SinkWriteCount":"10","SinkWriteBytesPerSeconds":"102.04081632653062","TableSinkWriteBytesPerSeconds":{"fake_table":"102.1209740769835"},"SinkWriteQPS":"7.855459544383346","SourceReceivedBytes":"130","SourceReceivedBytesPerSeconds":"103.42084327764519","SourceReceivedCount":"10","SourceReceivedQPS":"7.94912559618442","TableSourceReceivedBytesPerSeconds":{"fake_table":"103.33863275039745"},"TableSourceReceivedBytes":{"fake_table":"130"},"SinkWriteBytes":"130","TableSinkWriteBytes":{"fake_table":"130"}}
[INFO] 2025-10-13 11:22:21.725 +0800 o.a.d.p.t.s.r.SeaTunnelRestTask:[237] - SeaTunnel job 1029957196034605057 finished successfully
[INFO] 2025-10-13 11:22:21.726 +0800 o.a.d.p.t.a.l.TaskInstanceLogHeader:[1541] - 
***********************************************************************************************
[INFO] 2025-10-13 11:22:21.726 +0800 o.a.d.p.t.a.l.TaskInstanceLogHeader:[1541] - *********************************  Finalize task instance  ************************************
[INFO] 2025-10-13 11:22:21.726 +0800 o.a.d.p.t.a.l.TaskInstanceLogHeader:[1541] - ***********************************************************************************************
[INFO] 2025-10-13 11:22:21.726 +0800 o.a.d.s.w.r.WorkerTaskExecutor:[287] - Upload output files: [] successfully
[INFO] 2025-10-13 11:22:21.731 +0800 o.a.d.s.m.r.l.TaskInstanceExecutionResultEventListenFunction:[45] - Received TaskInstanceExecutionFinishEvent: TaskEvent(taskInstanceId=1, workerAddress=10.1.35.13:1234, state=TaskExecutionStatus{code=7, desc='success'}, startTime=Mon Oct 13 11:22:10 HKT 2025, endTime=Mon Oct 13 11:22:21 HKT 2025, executePath=/tmp/dolphinscheduler/exec/process/44314/154515542691264/154516806817216_1/1/1, logPath=D:\WorkSpace\personal_proj\SeaFlow\dolphinscheduler\dolphinscheduler-standalone-server\logs\20251013\154516806817216\1\1\1.log, processId=0, appIds=1029957196034605057, event=RESULT, varPool=[], cacheTaskInstanceId=0, processInstanceId=1)
[INFO] 2025-10-13 11:22:21.732 +0800 o.a.d.s.w.r.WorkerTaskExecutor:[292] - Send task execute status: SUCCESS to master : 10.1.35.13:1234
[INFO] 2025-10-13 11:22:21.732 +0800 o.a.d.s.w.r.WorkerTaskExecutor:[108] - Remove the current task execute context from worker cache
[INFO] 2025-10-13 11:22:21.732 +0800 o.a.d.s.w.r.WorkerTaskExecutor:[299] - The current execute mode isn't develop mode, will clear the task execute file: /tmp/dolphinscheduler/exec/process/44314/154515542691264/154516806817216_1/1/1
[INFO] 2025-10-13 11:22:21.741 +0800 o.a.d.s.w.r.WorkerTaskExecutor:[314] - Success clear the task execute file: /tmp/dolphinscheduler/exec/process/44314/154515542691264/154516806817216_1/1/1
[INFO] 2025-10-13 11:22:21.742 +0800 o.a.d.s.w.r.WorkerTaskExecutor:[340] - FINALIZE_SESSION
[INFO] 2025-10-13 11:22:22.114 +0800 o.a.d.s.m.c.IdSlotBasedCommandFetcher:[67] - Fetch commands: 0 success, cost: 0ms, totalSlot: 1, currentSlotIndex: 0
[INFO] 2025-10-13 11:22:22.175 +0800 o.a.d.s.m.p.q.TaskExecuteRunnable:[55] - Handle task event begin: TaskEvent(taskInstanceId=1, workerAddress=10.1.35.13:1234, state=TaskExecutionStatus{code=7, desc='success'}, startTime=Mon Oct 13 11:22:10 HKT 2025, endTime=Mon Oct 13 11:22:21 HKT 2025, executePath=/tmp/dolphinscheduler/exec/process/44314/154515542691264/154516806817216_1/1/1, logPath=D:\WorkSpace\personal_proj\SeaFlow\dolphinscheduler\dolphinscheduler-standalone-server\logs\20251013\154516806817216\1\1\1.log, processId=0, appIds=1029957196034605057, event=RESULT, varPool=[], cacheTaskInstanceId=0, processInstanceId=1)
[INFO] 2025-10-13 11:22:22.180 +0800 o.a.d.s.w.r.l.TaskInstanceExecutionFinishEventAckListenFunction:[48] - Receive TaskInstanceExecutionFinishEventAck: TaskInstanceExecutionFinishEventAck(taskInstanceId=1, success=true)
[INFO] 2025-10-13 11:22:22.181 +0800 o.a.d.s.m.r.WorkflowExecuteThreadPool:[78] - Submit state event success, stateEvent: TaskStateEvent(processInstanceId=1, taskInstanceId=1, taskCode=0, status=TaskExecutionStatus{code=7, desc='success'}, type=TASK_STATE_CHANGE, key=null, channel=null, context=null)
[INFO] 2025-10-13 11:22:22.181 +0800 o.a.d.s.m.p.q.TaskExecuteRunnable:[58] - Handle task event finished: TaskEvent(taskInstanceId=1, workerAddress=10.1.35.13:1234, state=TaskExecutionStatus{code=7, desc='success'}, startTime=Mon Oct 13 11:22:10 HKT 2025, endTime=Mon Oct 13 11:22:21 HKT 2025, executePath=/tmp/dolphinscheduler/exec/process/44314/154515542691264/154516806817216_1/1/1, logPath=D:\WorkSpace\personal_proj\SeaFlow\dolphinscheduler\dolphinscheduler-standalone-server\logs\20251013\154516806817216\1\1\1.log, processId=0, appIds=1029957196034605057, event=RESULT, varPool=[], cacheTaskInstanceId=0, processInstanceId=1)
[INFO] 2025-10-13 11:22:22.181 +0800 o.a.d.s.m.p.q.TaskExecuteThreadPool:[126] - [WorkflowInstance-1] persist events succeeded
[INFO] 2025-10-13 11:22:22.234 +0800 o.a.d.s.m.r.WorkflowExecuteRunnable:[290] - Begin to handle state event, TaskStateEvent(processInstanceId=1, taskInstanceId=1, taskCode=0, status=TaskExecutionStatus{code=7, desc='success'}, type=TASK_STATE_CHANGE, key=null, channel=null, context=null)
[INFO] 2025-10-13 11:22:22.235 +0800 o.a.d.s.m.e.TaskStateEventHandler:[53] - Handle task instance state event, the current task instance state SUCCESS will be changed to SUCCESS
[INFO] 2025-10-13 11:22:22.235 +0800 o.a.d.s.m.r.WorkflowExecuteRunnable:[367] - TaskInstance finished task code:154516749887936 state:TaskExecutionStatus{code=7, desc='success'}
[INFO] 2025-10-13 11:22:22.235 +0800 o.a.d.s.m.r.StateWheelExecuteThread:[186] - remove task instance from timeout check list
[INFO] 2025-10-13 11:22:22.235 +0800 o.a.d.s.m.r.StateWheelExecuteThread:[209] - remove task instance from retry check list
[INFO] 2025-10-13 11:22:22.240 +0800 o.a.d.s.m.r.WorkflowExecuteRunnable:[1645] - Update workflowInstance states, origin state: WorkflowExecutionStatus{code=1, desc='running'}, target state: WorkflowExecutionStatus{code=7, desc='success'}
[INFO] 2025-10-13 11:22:22.240 +0800 o.a.d.s.m.r.WorkflowExecuteRunnable:[1676] - Begin to update workflow instance state , state will change from WorkflowExecutionStatus{code=1, desc='running'} to WorkflowExecutionStatus{code=7, desc='success'}
[INFO] 2025-10-13 11:22:22.242 +0800 o.a.d.s.m.r.WorkflowExecuteRunnable:[420] - TaskInstance finished will try to update the workflow instance state, task code:154516749887936 state:TaskExecutionStatus{code=7, desc='success'}
[INFO] 2025-10-13 11:22:22.242 +0800 o.a.d.s.m.r.WorkflowExecuteRunnable:[1658] - There is no need to update the workflow instance state, origin state: WorkflowExecutionStatus{code=7, desc='success'}, target state: WorkflowExecutionStatus{code=7, desc='success'}
[INFO] 2025-10-13 11:22:22.243 +0800 o.a.d.s.m.r.WorkflowExecuteRunnable:[425] - 
********************************************************************************
                    Task Instance Detail
********************************************************************************
Task Name:              test-seatunnel-rest
Workflow Instance Name: test-seatunnel-group-1-20251013112210550
Task Execute Type:      batch
Execute State:          success
Host:                   10.1.35.13:1234
Task Type:              SEATUNNEL_REST
Priority:               medium
Tenant:                 default
First Submit Time:      Mon Oct 13 11:22:10 HKT 2025
Submit Time:            Mon Oct 13 11:22:10 HKT 2025
Start Time:             Mon Oct 13 11:22:10 HKT 2025
End Time:               Mon Oct 13 11:22:21 HKT 2025

[INFO] 2025-10-13 11:22:22.244 +0800 o.a.d.s.m.r.WorkflowExecuteRunnable:[290] - Begin to handle state event, WorkflowStateEvent(processInstanceId=1, taskInstanceId=null, status=WorkflowExecutionStatus{code=7, desc='success'}, type=PROCESS_STATE_CHANGE, key=null, channel=null, context=null)
[INFO] 2025-10-13 11:22:22.244 +0800 o.a.d.s.m.e.WorkflowStateEventHandler:[43] - Handle workflow instance state event, the current workflow instance state WorkflowExecutionStatus{code=7, desc='success'} will be changed to WorkflowExecutionStatus{code=7, desc='success'}
[INFO] 2025-10-13 11:22:22.245 +0800 o.a.d.s.m.r.WorkflowExecuteRunnable:[723] - 
********************************************************************************
                    Workflow Instance Detail
********************************************************************************
Workflow Name:             test-seatunnel-group
Workflow Instance Name:    test-seatunnel-group-1-20251013112210550
Command Type:              START_PROCESS
State:                     success
Host:                      10.1.35.13:5678
Is Sub Process:            no
Run Times:                 1
Max Try Times:             0
Schedule Time:             null
Dry Run:                   0
Tenant:                    default
Restart Time:              Mon Oct 13 11:22:10 HKT 2025
Work Group:                default
Start Time:                Mon Oct 13 11:22:10 HKT 2025
End Time:                  Mon Oct 13 11:22:22 HKT 2025

[INFO] 2025-10-13 11:22:22.245 +0800 o.a.d.s.m.r.WorkflowExecuteThreadPool:[121] - Workflow instance is finished.
[INFO] 2025-10-13 11:22:23.115 +0800 o.a.d.s.m.c.IdSlotBasedCommandFetcher:[67] - Fetch commands: 0 success, cost: 0ms, totalSlot: 1, currentSlotIndex: 0
[INFO] 2025-10-13 11:22:24.116 +0800 o.a.d.s.m.c.IdSlotBasedCommandFetcher:[67] - Fetch commands: 0 success, cost: 0ms, totalSlot: 1, currentSlotIndex: 0
[INFO] 2025-10-13 11:22:25.116 +0800 o.a.d.s.m.c.IdSlotBasedCommandFetcher:[67] - Fetch commands: 0 success, cost: 0ms, totalSlot: 1, currentSlotIndex: 0
[INFO] 2025-10-13 11:22:26.024 +0800 o.a.d.s.m.r.t.TaskGroupCoordinator:[187] - Success amend TaskGroupQueue status cost: 0/ms
[INFO] 2025-10-13 11:22:26.024 +0800 o.a.d.s.m.r.t.TaskGroupCoordinator:[241] - Success deal with force start TaskGroupQueue cost: 0/ms
[INFO] 2025-10-13 11:22:26.024 +0800 o.a.d.s.m.r.t.TaskGroupCoordinator:[129] - TaskGroupCoordinator round time cost: 1/ms
[INFO] 2025-10-13 11:22:26.117 +0800 o.a.d.s.m.c.IdSlotBasedCommandFetcher:[67] - Fetch commands: 0 success, cost: 0ms, totalSlot: 1, currentSlotIndex: 0
[INFO] 2025-10-13 11:22:26.294 +0800 o.a.d.a.s.i.LoggerServiceImpl:[189] - Query task instance log, taskInstanceId:1, taskInstanceName:test-seatunnel-rest, host: 10.1.35.13:1234, logPath:D:\WorkSpace\personal_proj\SeaFlow\dolphinscheduler\dolphinscheduler-standalone-server\logs\20251013\154516806817216\1\1\1.log
[INFO] 2025-10-13 11:22:26.649 +0800 o.a.d.a.s.i.LoggerServiceImpl:[189] - Query task instance log, taskInstanceId:1, taskInstanceName:test-seatunnel-rest, host: 10.1.35.13:1234, logPath:D:\WorkSpace\personal_proj\SeaFlow\dolphinscheduler\dolphinscheduler-standalone-server\logs\20251013\154516806817216\1\1\1.log
[INFO] 2025-10-13 11:22:27.118 +0800 o.a.d.s.m.c.IdSlotBasedCommandFetcher:[67] - Fetch commands: 0 success, cost: 0ms, totalSlot: 1, currentSlotIndex: 0
[INFO] 2025-10-13 11:22:28.118 +0800 o.a.d.s.m.c.IdSlotBasedCommandFetcher:[67] - Fetch commands: 0 success, cost: 0ms, totalSlot: 1, currentSlotIndex: 0
[INFO] 2025-10-13 11:22:29.119 +0800 o.a.d.s.m.c.IdSlotBasedCommandFetcher:[67] - Fetch commands: 0 success, cost: 0ms, totalSlot: 1, currentSlotIndex: 0
[INFO] 2025-10-13 11:22:30.204 +0800 o.a.d.s.m.c.IdSlotBasedCommandFetcher:[67] - Fetch commands: 0 success, cost: 0ms, totalSlot: 1, currentSlotIndex: 0
[INFO] 2025-10-13 11:22:31.032 +0800 o.a.d.s.m.r.t.TaskGroupCoordinator:[187] - Success amend TaskGroupQueue status cost: 0/ms
[INFO] 2025-10-13 11:22:31.033 +0800 o.a.d.s.m.r.t.TaskGroupCoordinator:[241] - Success deal with force start TaskGroupQueue cost: 0/ms
[INFO] 2025-10-13 11:22:31.033 +0800 o.a.d.s.m.r.t.TaskGroupCoordinator:[129] - TaskGroupCoordinator round time cost: 0/ms
[INFO] 2025-10-13 11:22:31.279 +0800 o.a.d.s.m.c.IdSlotBasedCommandFetcher:[67] - Fetch commands: 0 success, cost: 1ms, totalSlot: 1, currentSlotIndex: 0
[INFO] 2025-10-13 11:22:32.354 +0800 o.a.d.s.m.c.IdSlotBasedCommandFetcher:[67] - Fetch commands: 0 success, cost: 1ms, totalSlot: 1, currentSlotIndex: 0
[INFO] 2025-10-13 11:22:33.474 +0800 o.a.d.s.m.c.IdSlotBasedCommandFetcher:[67] - Fetch commands: 0 success, cost: 0ms, totalSlot: 1, currentSlotIndex: 0
[INFO] 2025-10-13 11:22:34.550 +0800 o.a.d.s.m.c.IdSlotBasedCommandFetcher:[67] - Fetch commands: 0 success, cost: 0ms, totalSlot: 1, currentSlotIndex: 0
[INFO] 2025-10-13 11:22:35.627 +0800 o.a.d.s.m.c.IdSlotBasedCommandFetcher:[67] - Fetch commands: 0 success, cost: 0ms, totalSlot: 1, currentSlotIndex: 0
[INFO] 2025-10-13 11:22:36.037 +0800 o.a.d.s.m.r.t.TaskGroupCoordinator:[187] - Success amend TaskGroupQueue status cost: 0/ms
[INFO] 2025-10-13 11:22:36.037 +0800 o.a.d.s.m.r.t.TaskGroupCoordinator:[241] - Success deal with force start TaskGroupQueue cost: 0/ms
[INFO] 2025-10-13 11:22:36.038 +0800 o.a.d.s.m.r.t.TaskGroupCoordinator:[129] - TaskGroupCoordinator round time cost: 0/ms
[INFO] 2025-10-13 11:22:36.700 +0800 o.a.d.s.m.c.IdSlotBasedCommandFetcher:[67] - Fetch commands: 0 success, cost: 0ms, totalSlot: 1, currentSlotIndex: 0
[INFO] 2025-10-13 11:22:37.773 +0800 o.a.d.s.m.c.IdSlotBasedCommandFetcher:[67] - Fetch commands: 0 success, cost: 0ms, totalSlot: 1, currentSlotIndex: 0
[INFO] 2025-10-13 11:22:38.852 +0800 o.a.d.s.m.c.IdSlotBasedCommandFetcher:[67] - Fetch commands: 0 success, cost: 1ms, totalSlot: 1, currentSlotIndex: 0
[INFO] 2025-10-13 11:22:39.925 +0800 o.a.d.s.m.c.IdSlotBasedCommandFetcher:[67] - Fetch commands: 0 success, cost: 0ms, totalSlot: 1, currentSlotIndex: 0
[INFO] 2025-10-13 11:22:41.016 +0800 o.a.d.s.m.c.IdSlotBasedCommandFetcher:[67] - Fetch commands: 0 success, cost: 0ms, totalSlot: 1, currentSlotIndex: 0
[INFO] 2025-10-13 11:22:41.041 +0800 o.a.d.s.m.r.t.TaskGroupCoordinator:[187] - Success amend TaskGroupQueue status cost: 0/ms
[INFO] 2025-10-13 11:22:41.043 +0800 o.a.d.s.m.r.t.TaskGroupCoordinator:[241] - Success deal with force start TaskGroupQueue cost: 0/ms
[INFO] 2025-10-13 11:22:41.043 +0800 o.a.d.s.m.r.t.TaskGroupCoordinator:[129] - TaskGroupCoordinator round time cost: 0/ms
[INFO] 2025-10-13 11:22:42.098 +0800 o.a.d.s.m.c.IdSlotBasedCommandFetcher:[67] - Fetch commands: 0 success, cost: 0ms, totalSlot: 1, currentSlotIndex: 0
[INFO] 2025-10-13 11:22:43.275 +0800 o.a.d.s.m.c.IdSlotBasedCommandFetcher:[67] - Fetch commands: 0 success, cost: 1ms, totalSlot: 1, currentSlotIndex: 0
[INFO] 2025-10-13 11:22:44.276 +0800 o.a.d.s.m.c.IdSlotBasedCommandFetcher:[67] - Fetch commands: 0 success, cost: 0ms, totalSlot: 1, currentSlotIndex: 0
[INFO] 2025-10-13 11:22:45.291 +0800 o.a.d.s.m.c.IdSlotBasedCommandFetcher:[67] - Fetch commands: 0 success, cost: 0ms, totalSlot: 1, currentSlotIndex: 0
[INFO] 2025-10-13 11:22:46.053 +0800 o.a.d.s.m.r.t.TaskGroupCoordinator:[187] - Success amend TaskGroupQueue status cost: 0/ms
[INFO] 2025-10-13 11:22:46.054 +0800 o.a.d.s.m.r.t.TaskGroupCoordinator:[241] - Success deal with force start TaskGroupQueue cost: 0/ms
[INFO] 2025-10-13 11:22:46.054 +0800 o.a.d.s.m.r.t.TaskGroupCoordinator:[129] - TaskGroupCoordinator round time cost: 0/ms
[INFO] 2025-10-13 11:22:46.291 +0800 o.a.d.s.m.c.IdSlotBasedCommandFetcher:[67] - Fetch commands: 0 success, cost: 0ms, totalSlot: 1, currentSlotIndex: 0
[INFO] 2025-10-13 11:22:47.292 +0800 o.a.d.s.m.c.IdSlotBasedCommandFetcher:[67] - Fetch commands: 0 success, cost: 0ms, totalSlot: 1, currentSlotIndex: 0
[INFO] 2025-10-13 11:22:48.292 +0800 o.a.d.s.m.c.IdSlotBasedCommandFetcher:[67] - Fetch commands: 0 success, cost: 0ms, totalSlot: 1, currentSlotIndex: 0
[INFO] 2025-10-13 11:22:49.292 +0800 o.a.d.s.m.c.IdSlotBasedCommandFetcher:[67] - Fetch commands: 0 success, cost: 0ms, totalSlot: 1, currentSlotIndex: 0
[INFO] 2025-10-13 11:22:50.293 +0800 o.a.d.s.m.c.IdSlotBasedCommandFetcher:[67] - Fetch commands: 0 success, cost: 0ms, totalSlot: 1, currentSlotIndex: 0
[INFO] 2025-10-13 11:22:51.061 +0800 o.a.d.s.m.r.t.TaskGroupCoordinator:[187] - Success amend TaskGroupQueue status cost: 0/ms
[INFO] 2025-10-13 11:22:51.062 +0800 o.a.d.s.m.r.t.TaskGroupCoordinator:[241] - Success deal with force start TaskGroupQueue cost: 0/ms
[INFO] 2025-10-13 11:22:51.062 +0800 o.a.d.s.m.r.t.TaskGroupCoordinator:[129] - TaskGroupCoordinator round time cost: 1/ms
[INFO] 2025-10-13 11:22:51.293 +0800 o.a.d.s.m.c.IdSlotBasedCommandFetcher:[67] - Fetch commands: 0 success, cost: 0ms, totalSlot: 1, currentSlotIndex: 0
[INFO] 2025-10-13 11:22:52.293 +0800 o.a.d.s.m.c.IdSlotBasedCommandFetcher:[67] - Fetch commands: 0 success, cost: 0ms, totalSlot: 1, currentSlotIndex: 0
[INFO] 2025-10-13 11:22:53.294 +0800 o.a.d.s.m.c.IdSlotBasedCommandFetcher:[67] - Fetch commands: 0 success, cost: 0ms, totalSlot: 1, currentSlotIndex: 0
[INFO] 2025-10-13 11:22:54.295 +0800 o.a.d.s.m.c.IdSlotBasedCommandFetcher:[67] - Fetch commands: 0 success, cost: 0ms, totalSlot: 1, currentSlotIndex: 0
[INFO] 2025-10-13 11:22:55.374 +0800 o.a.d.s.m.c.IdSlotBasedCommandFetcher:[67] - Fetch commands: 0 success, cost: 1ms, totalSlot: 1, currentSlotIndex: 0
[INFO] 2025-10-13 11:22:56.066 +0800 o.a.d.s.m.r.t.TaskGroupCoordinator:[187] - Success amend TaskGroupQueue status cost: 0/ms
[INFO] 2025-10-13 11:22:56.067 +0800 o.a.d.s.m.r.t.TaskGroupCoordinator:[241] - Success deal with force start TaskGroupQueue cost: 0/ms
[INFO] 2025-10-13 11:22:56.067 +0800 o.a.d.s.m.r.t.TaskGroupCoordinator:[129] - TaskGroupCoordinator round time cost: 0/ms
[INFO] 2025-10-13 11:22:56.518 +0800 o.a.d.s.m.c.IdSlotBasedCommandFetcher:[67] - Fetch commands: 0 success, cost: 1ms, totalSlot: 1, currentSlotIndex: 0
[INFO] 2025-10-13 11:22:57.518 +0800 o.a.d.s.m.c.IdSlotBasedCommandFetcher:[67] - Fetch commands: 0 success, cost: 0ms, totalSlot: 1, currentSlotIndex: 0
[INFO] 2025-10-13 11:22:58.519 +0800 o.a.d.s.m.c.IdSlotBasedCommandFetcher:[67] - Fetch commands: 0 success, cost: 0ms, totalSlot: 1, currentSlotIndex: 0
[INFO] 2025-10-13 11:22:59.522 +0800 o.a.d.s.m.c.IdSlotBasedCommandFetcher:[67] - Fetch commands: 0 success, cost: 0ms, totalSlot: 1, currentSlotIndex: 0
[INFO] 2025-10-13 11:23:00.522 +0800 o.a.d.s.m.c.IdSlotBasedCommandFetcher:[67] - Fetch commands: 0 success, cost: 0ms, totalSlot: 1, currentSlotIndex: 0
[INFO] 2025-10-13 11:23:01.071 +0800 o.a.d.s.m.r.t.TaskGroupCoordinator:[187] - Success amend TaskGroupQueue status cost: 0/ms
[INFO] 2025-10-13 11:23:01.071 +0800 o.a.d.s.m.r.t.TaskGroupCoordinator:[241] - Success deal with force start TaskGroupQueue cost: 0/ms
[INFO] 2025-10-13 11:23:01.072 +0800 o.a.d.s.m.r.t.TaskGroupCoordinator:[129] - TaskGroupCoordinator round time cost: 0/ms
[INFO] 2025-10-13 11:23:01.530 +0800 o.a.d.s.m.c.IdSlotBasedCommandFetcher:[67] - Fetch commands: 0 success, cost: 0ms, totalSlot: 1, currentSlotIndex: 0
[INFO] 2025-10-13 11:23:02.530 +0800 o.a.d.s.m.c.IdSlotBasedCommandFetcher:[67] - Fetch commands: 0 success, cost: 0ms, totalSlot: 1, currentSlotIndex: 0
[INFO] 2025-10-13 11:23:03.531 +0800 o.a.d.s.m.c.IdSlotBasedCommandFetcher:[67] - Fetch commands: 0 success, cost: 0ms, totalSlot: 1, currentSlotIndex: 0
[INFO] 2025-10-13 11:23:04.535 +0800 o.a.d.s.m.c.IdSlotBasedCommandFetcher:[67] - Fetch commands: 0 success, cost: 0ms, totalSlot: 1, currentSlotIndex: 0
[INFO] 2025-10-13 11:23:05.536 +0800 o.a.d.s.m.c.IdSlotBasedCommandFetcher:[67] - Fetch commands: 0 success, cost: 0ms, totalSlot: 1, currentSlotIndex: 0
[INFO] 2025-10-13 11:23:06.078 +0800 o.a.d.s.m.r.t.TaskGroupCoordinator:[187] - Success amend TaskGroupQueue status cost: 0/ms
[INFO] 2025-10-13 11:23:06.079 +0800 o.a.d.s.m.r.t.TaskGroupCoordinator:[241] - Success deal with force start TaskGroupQueue cost: 0/ms
[INFO] 2025-10-13 11:23:06.079 +0800 o.a.d.s.m.r.t.TaskGroupCoordinator:[129] - TaskGroupCoordinator round time cost: 0/ms
[INFO] 2025-10-13 11:23:06.538 +0800 o.a.d.s.m.c.IdSlotBasedCommandFetcher:[67] - Fetch commands: 0 success, cost: 0ms, totalSlot: 1, currentSlotIndex: 0
[INFO] 2025-10-13 11:23:07.543 +0800 o.a.d.s.m.c.IdSlotBasedCommandFetcher:[67] - Fetch commands: 0 success, cost: 0ms, totalSlot: 1, currentSlotIndex: 0
[INFO] 2025-10-13 11:23:08.655 +0800 o.a.d.s.m.c.IdSlotBasedCommandFetcher:[67] - Fetch commands: 0 success, cost: 0ms, totalSlot: 1, currentSlotIndex: 0
[INFO] 2025-10-13 11:23:09.747 +0800 o.a.d.s.m.c.IdSlotBasedCommandFetcher:[67] - Fetch commands: 0 success, cost: 0ms, totalSlot: 1, currentSlotIndex: 0
[INFO] 2025-10-13 11:23:10.824 +0800 o.a.d.s.m.c.IdSlotBasedCommandFetcher:[67] - Fetch commands: 0 success, cost: 0ms, totalSlot: 1, currentSlotIndex: 0
[INFO] 2025-10-13 11:23:11.098 +0800 o.a.d.s.m.r.t.TaskGroupCoordinator:[187] - Success amend TaskGroupQueue status cost: 0/ms
[INFO] 2025-10-13 11:23:11.098 +0800 o.a.d.s.m.r.t.TaskGroupCoordinator:[241] - Success deal with force start TaskGroupQueue cost: 0/ms
[INFO] 2025-10-13 11:23:11.098 +0800 o.a.d.s.m.r.t.TaskGroupCoordinator:[129] - TaskGroupCoordinator round time cost: 0/ms
[INFO] 2025-10-13 11:23:11.897 +0800 o.a.d.s.m.c.IdSlotBasedCommandFetcher:[67] - Fetch commands: 0 success, cost: 0ms, totalSlot: 1, currentSlotIndex: 0
[INFO] 2025-10-13 11:23:12.988 +0800 o.a.d.s.m.c.IdSlotBasedCommandFetcher:[67] - Fetch commands: 0 success, cost: 0ms, totalSlot: 1, currentSlotIndex: 0
[INFO] 2025-10-13 11:23:14.069 +0800 o.a.d.s.m.c.IdSlotBasedCommandFetcher:[67] - Fetch commands: 0 success, cost: 0ms, totalSlot: 1, currentSlotIndex: 0
[INFO] 2025-10-13 11:23:15.140 +0800 o.a.d.s.m.c.IdSlotBasedCommandFetcher:[67] - Fetch commands: 0 success, cost: 0ms, totalSlot: 1, currentSlotIndex: 0
[INFO] 2025-10-13 11:23:16.102 +0800 o.a.d.s.m.r.t.TaskGroupCoordinator:[187] - Success amend TaskGroupQueue status cost: 0/ms
[INFO] 2025-10-13 11:23:16.102 +0800 o.a.d.s.m.r.t.TaskGroupCoordinator:[241] - Success deal with force start TaskGroupQueue cost: 0/ms
[INFO] 2025-10-13 11:23:16.102 +0800 o.a.d.s.m.r.t.TaskGroupCoordinator:[129] - TaskGroupCoordinator round time cost: 0/ms
[INFO] 2025-10-13 11:23:16.218 +0800 o.a.d.s.m.c.IdSlotBasedCommandFetcher:[67] - Fetch commands: 0 success, cost: 0ms, totalSlot: 1, currentSlotIndex: 0
[INFO] 2025-10-13 11:23:17.290 +0800 o.a.d.s.m.c.IdSlotBasedCommandFetcher:[67] - Fetch commands: 0 success, cost: 0ms, totalSlot: 1, currentSlotIndex: 0
[INFO] 2025-10-13 11:23:18.363 +0800 o.a.d.s.m.c.IdSlotBasedCommandFetcher:[67] - Fetch commands: 0 success, cost: 0ms, totalSlot: 1, currentSlotIndex: 0
[INFO] 2025-10-13 11:23:19.437 +0800 o.a.d.s.m.c.IdSlotBasedCommandFetcher:[67] - Fetch commands: 0 success, cost: 0ms, totalSlot: 1, currentSlotIndex: 0
[INFO] 2025-10-13 11:23:20.537 +0800 o.a.d.s.m.c.IdSlotBasedCommandFetcher:[67] - Fetch commands: 0 success, cost: 0ms, totalSlot: 1, currentSlotIndex: 0
[INFO] 2025-10-13 11:23:21.108 +0800 o.a.d.s.m.r.t.TaskGroupCoordinator:[187] - Success amend TaskGroupQueue status cost: 0/ms
[INFO] 2025-10-13 11:23:21.108 +0800 o.a.d.s.m.r.t.TaskGroupCoordinator:[241] - Success deal with force start TaskGroupQueue cost: 0/ms
[INFO] 2025-10-13 11:23:21.109 +0800 o.a.d.s.m.r.t.TaskGroupCoordinator:[129] - TaskGroupCoordinator round time cost: 0/ms
[INFO] 2025-10-13 11:23:21.537 +0800 o.a.d.s.m.c.IdSlotBasedCommandFetcher:[67] - Fetch commands: 0 success, cost: 0ms, totalSlot: 1, currentSlotIndex: 0
[INFO] 2025-10-13 11:23:22.537 +0800 o.a.d.s.m.c.IdSlotBasedCommandFetcher:[67] - Fetch commands: 0 success, cost: 0ms, totalSlot: 1, currentSlotIndex: 0
[INFO] 2025-10-13 11:23:23.537 +0800 o.a.d.s.m.c.IdSlotBasedCommandFetcher:[67] - Fetch commands: 0 success, cost: 0ms, totalSlot: 1, currentSlotIndex: 0
[INFO] 2025-10-13 11:23:24.538 +0800 o.a.d.s.m.c.IdSlotBasedCommandFetcher:[67] - Fetch commands: 0 success, cost: 0ms, totalSlot: 1, currentSlotIndex: 0
[INFO] 2025-10-13 11:23:25.538 +0800 o.a.d.s.m.c.IdSlotBasedCommandFetcher:[67] - Fetch commands: 0 success, cost: 0ms, totalSlot: 1, currentSlotIndex: 0
[INFO] 2025-10-13 11:23:26.112 +0800 o.a.d.s.m.r.t.TaskGroupCoordinator:[187] - Success amend TaskGroupQueue status cost: 0/ms
[INFO] 2025-10-13 11:23:26.113 +0800 o.a.d.s.m.r.t.TaskGroupCoordinator:[241] - Success deal with force start TaskGroupQueue cost: 0/ms
[INFO] 2025-10-13 11:23:26.113 +0800 o.a.d.s.m.r.t.TaskGroupCoordinator:[129] - TaskGroupCoordinator round time cost: 0/ms
[INFO] 2025-10-13 11:23:26.539 +0800 o.a.d.s.m.c.IdSlotBasedCommandFetcher:[67] - Fetch commands: 0 success, cost: 0ms, totalSlot: 1, currentSlotIndex: 0
[INFO] 2025-10-13 11:23:26.856 +0800 o.a.d.a.s.i.LoggerServiceImpl:[189] - Query task instance log, taskInstanceId:1, taskInstanceName:test-seatunnel-rest, host: 10.1.35.13:1234, logPath:D:\WorkSpace\personal_proj\SeaFlow\dolphinscheduler\dolphinscheduler-standalone-server\logs\20251013\154516806817216\1\1\1.log
[INFO] 2025-10-13 11:23:27.191 +0800 o.a.d.a.s.i.LoggerServiceImpl:[189] - Query task instance log, taskInstanceId:1, taskInstanceName:test-seatunnel-rest, host: 10.1.35.13:1234, logPath:D:\WorkSpace\personal_proj\SeaFlow\dolphinscheduler\dolphinscheduler-standalone-server\logs\20251013\154516806817216\1\1\1.log
[INFO] 2025-10-13 11:23:27.539 +0800 o.a.d.s.m.c.IdSlotBasedCommandFetcher:[67] - Fetch commands: 0 success, cost: 0ms, totalSlot: 1, currentSlotIndex: 0
[INFO] 2025-10-13 11:23:28.540 +0800 o.a.d.s.m.c.IdSlotBasedCommandFetcher:[67] - Fetch commands: 0 success, cost: 0ms, totalSlot: 1, currentSlotIndex: 0
[INFO] 2025-10-13 11:23:29.540 +0800 o.a.d.s.m.c.IdSlotBasedCommandFetcher:[67] - Fetch commands: 0 success, cost: 0ms, totalSlot: 1, currentSlotIndex: 0
[INFO] 2025-10-13 11:23:30.541 +0800 o.a.d.s.m.c.IdSlotBasedCommandFetcher:[67] - Fetch commands: 0 success, cost: 0ms, totalSlot: 1, currentSlotIndex: 0
[INFO] 2025-10-13 11:23:31.117 +0800 o.a.d.s.m.r.t.TaskGroupCoordinator:[187] - Success amend TaskGroupQueue status cost: 0/ms
[INFO] 2025-10-13 11:23:31.117 +0800 o.a.d.s.m.r.t.TaskGroupCoordinator:[241] - Success deal with force start TaskGroupQueue cost: 0/ms
[INFO] 2025-10-13 11:23:31.118 +0800 o.a.d.s.m.r.t.TaskGroupCoordinator:[129] - TaskGroupCoordinator round time cost: 0/ms
[INFO] 2025-10-13 11:23:31.613 +0800 o.a.d.s.m.c.IdSlotBasedCommandFetcher:[67] - Fetch commands: 0 success, cost: 0ms, totalSlot: 1, currentSlotIndex: 0
[INFO] 2025-10-13 11:23:32.692 +0800 o.a.d.s.m.c.IdSlotBasedCommandFetcher:[67] - Fetch commands: 0 success, cost: 1ms, totalSlot: 1, currentSlotIndex: 0
[INFO] 2025-10-13 11:23:33.784 +0800 o.a.d.s.m.c.IdSlotBasedCommandFetcher:[67] - Fetch commands: 0 success, cost: 0ms, totalSlot: 1, currentSlotIndex: 0
[INFO] 2025-10-13 11:23:34.962 +0800 o.a.d.s.m.c.IdSlotBasedCommandFetcher:[67] - Fetch commands: 0 success, cost: 0ms, totalSlot: 1, currentSlotIndex: 0
[INFO] 2025-10-13 11:23:35.963 +0800 o.a.d.s.m.c.IdSlotBasedCommandFetcher:[67] - Fetch commands: 0 success, cost: 0ms, totalSlot: 1, currentSlotIndex: 0
[INFO] 2025-10-13 11:23:36.122 +0800 o.a.d.s.m.r.t.TaskGroupCoordinator:[187] - Success amend TaskGroupQueue status cost: 0/ms
[INFO] 2025-10-13 11:23:36.122 +0800 o.a.d.s.m.r.t.TaskGroupCoordinator:[241] - Success deal with force start TaskGroupQueue cost: 0/ms
[INFO] 2025-10-13 11:23:36.122 +0800 o.a.d.s.m.r.t.TaskGroupCoordinator:[129] - TaskGroupCoordinator round time cost: 0/ms
[INFO] 2025-10-13 11:23:36.963 +0800 o.a.d.s.m.c.IdSlotBasedCommandFetcher:[67] - Fetch commands: 0 success, cost: 0ms, totalSlot: 1, currentSlotIndex: 0
[INFO] 2025-10-13 11:23:37.974 +0800 o.a.d.s.m.c.IdSlotBasedCommandFetcher:[67] - Fetch commands: 0 success, cost: 0ms, totalSlot: 1, currentSlotIndex: 0
[INFO] 2025-10-13 11:23:38.975 +0800 o.a.d.s.m.c.IdSlotBasedCommandFetcher:[67] - Fetch commands: 0 success, cost: 0ms, totalSlot: 1, currentSlotIndex: 0
[INFO] 2025-10-13 11:23:39.978 +0800 o.a.d.s.m.c.IdSlotBasedCommandFetcher:[67] - Fetch commands: 0 success, cost: 0ms, totalSlot: 1, currentSlotIndex: 0
[INFO] 2025-10-13 11:23:40.979 +0800 o.a.d.s.m.c.IdSlotBasedCommandFetcher:[67] - Fetch commands: 0 success, cost: 0ms, totalSlot: 1, currentSlotIndex: 0
[INFO] 2025-10-13 11:23:41.126 +0800 o.a.d.s.m.r.t.TaskGroupCoordinator:[187] - Success amend TaskGroupQueue status cost: 0/ms
[INFO] 2025-10-13 11:23:41.126 +0800 o.a.d.s.m.r.t.TaskGroupCoordinator:[241] - Success deal with force start TaskGroupQueue cost: 0/ms
[INFO] 2025-10-13 11:23:41.126 +0800 o.a.d.s.m.r.t.TaskGroupCoordinator:[129] - TaskGroupCoordinator round time cost: 0/ms
[INFO] 2025-10-13 11:23:41.986 +0800 o.a.d.s.m.c.IdSlotBasedCommandFetcher:[67] - Fetch commands: 0 success, cost: 0ms, totalSlot: 1, currentSlotIndex: 0
[INFO] 2025-10-13 11:23:42.987 +0800 o.a.d.s.m.c.IdSlotBasedCommandFetcher:[67] - Fetch commands: 0 success, cost: 0ms, totalSlot: 1, currentSlotIndex: 0
[INFO] 2025-10-13 11:23:43.987 +0800 o.a.d.s.m.c.IdSlotBasedCommandFetcher:[67] - Fetch commands: 0 success, cost: 0ms, totalSlot: 1, currentSlotIndex: 0
[INFO] 2025-10-13 11:23:45.000 +0800 o.a.d.s.m.c.IdSlotBasedCommandFetcher:[67] - Fetch commands: 0 success, cost: 0ms, totalSlot: 1, currentSlotIndex: 0
[INFO] 2025-10-13 11:23:46.001 +0800 o.a.d.s.m.c.IdSlotBasedCommandFetcher:[67] - Fetch commands: 0 success, cost: 0ms, totalSlot: 1, currentSlotIndex: 0
[INFO] 2025-10-13 11:23:46.136 +0800 o.a.d.s.m.r.t.TaskGroupCoordinator:[187] - Success amend TaskGroupQueue status cost: 0/ms
[INFO] 2025-10-13 11:23:46.136 +0800 o.a.d.s.m.r.t.TaskGroupCoordinator:[241] - Success deal with force start TaskGroupQueue cost: 0/ms
[INFO] 2025-10-13 11:23:46.136 +0800 o.a.d.s.m.r.t.TaskGroupCoordinator:[129] - TaskGroupCoordinator round time cost: 0/ms
[INFO] 2025-10-13 11:23:47.146 +0800 o.a.d.s.m.c.IdSlotBasedCommandFetcher:[67] - Fetch commands: 0 success, cost: 0ms, totalSlot: 1, currentSlotIndex: 0
[INFO] 2025-10-13 11:23:48.147 +0800 o.a.d.s.m.c.IdSlotBasedCommandFetcher:[67] - Fetch commands: 0 success, cost: 0ms, totalSlot: 1, currentSlotIndex: 0
[INFO] 2025-10-13 11:23:49.147 +0800 o.a.d.s.m.c.IdSlotBasedCommandFetcher:[67] - Fetch commands: 0 success, cost: 0ms, totalSlot: 1, currentSlotIndex: 0
[INFO] 2025-10-13 11:23:50.147 +0800 o.a.d.s.m.c.IdSlotBasedCommandFetcher:[67] - Fetch commands: 0 success, cost: 0ms, totalSlot: 1, currentSlotIndex: 0
[INFO] 2025-10-13 11:23:51.143 +0800 o.a.d.s.m.r.t.TaskGroupCoordinator:[187] - Success amend TaskGroupQueue status cost: 0/ms
[INFO] 2025-10-13 11:23:51.144 +0800 o.a.d.s.m.r.t.TaskGroupCoordinator:[241] - Success deal with force start TaskGroupQueue cost: 0/ms
[INFO] 2025-10-13 11:23:51.144 +0800 o.a.d.s.m.r.t.TaskGroupCoordinator:[129] - TaskGroupCoordinator round time cost: 0/ms
[INFO] 2025-10-13 11:23:51.148 +0800 o.a.d.s.m.c.IdSlotBasedCommandFetcher:[67] - Fetch commands: 0 success, cost: 0ms, totalSlot: 1, currentSlotIndex: 0
[INFO] 2025-10-13 11:23:52.149 +0800 o.a.d.s.m.c.IdSlotBasedCommandFetcher:[67] - Fetch commands: 0 success, cost: 0ms, totalSlot: 1, currentSlotIndex: 0
[INFO] 2025-10-13 11:23:53.149 +0800 o.a.d.s.m.c.IdSlotBasedCommandFetcher:[67] - Fetch commands: 0 success, cost: 0ms, totalSlot: 1, currentSlotIndex: 0
[INFO] 2025-10-13 11:23:54.149 +0800 o.a.d.s.m.c.IdSlotBasedCommandFetcher:[67] - Fetch commands: 0 success, cost: 0ms, totalSlot: 1, currentSlotIndex: 0
[INFO] 2025-10-13 11:23:55.149 +0800 o.a.d.s.m.c.IdSlotBasedCommandFetcher:[67] - Fetch commands: 0 success, cost: 0ms, totalSlot: 1, currentSlotIndex: 0
[INFO] 2025-10-13 11:23:56.147 +0800 o.a.d.s.m.r.t.TaskGroupCoordinator:[187] - Success amend TaskGroupQueue status cost: 0/ms
[INFO] 2025-10-13 11:23:56.148 +0800 o.a.d.s.m.r.t.TaskGroupCoordinator:[241] - Success deal with force start TaskGroupQueue cost: 0/ms
[INFO] 2025-10-13 11:23:56.148 +0800 o.a.d.s.m.r.t.TaskGroupCoordinator:[129] - TaskGroupCoordinator round time cost: 1/ms
[INFO] 2025-10-13 11:23:56.149 +0800 o.a.d.s.m.c.IdSlotBasedCommandFetcher:[67] - Fetch commands: 0 success, cost: 0ms, totalSlot: 1, currentSlotIndex: 0
[INFO] 2025-10-13 11:23:57.149 +0800 o.a.d.s.m.c.IdSlotBasedCommandFetcher:[67] - Fetch commands: 0 success, cost: 0ms, totalSlot: 1, currentSlotIndex: 0
[INFO] 2025-10-13 11:23:58.150 +0800 o.a.d.s.m.c.IdSlotBasedCommandFetcher:[67] - Fetch commands: 0 success, cost: 0ms, totalSlot: 1, currentSlotIndex: 0
[INFO] 2025-10-13 11:23:59.151 +0800 o.a.d.s.m.c.IdSlotBasedCommandFetcher:[67] - Fetch commands: 0 success, cost: 0ms, totalSlot: 1, currentSlotIndex: 0
[INFO] 2025-10-13 11:24:00.151 +0800 o.a.d.s.m.c.IdSlotBasedCommandFetcher:[67] - Fetch commands: 0 success, cost: 0ms, totalSlot: 1, currentSlotIndex: 0
[INFO] 2025-10-13 11:24:01.152 +0800 o.a.d.s.m.c.IdSlotBasedCommandFetcher:[67] - Fetch commands: 0 success, cost: 0ms, totalSlot: 1, currentSlotIndex: 0
[INFO] 2025-10-13 11:24:01.152 +0800 o.a.d.s.m.r.t.TaskGroupCoordinator:[187] - Success amend TaskGroupQueue status cost: 0/ms
[INFO] 2025-10-13 11:24:01.152 +0800 o.a.d.s.m.r.t.TaskGroupCoordinator:[241] - Success deal with force start TaskGroupQueue cost: 0/ms
[INFO] 2025-10-13 11:24:01.152 +0800 o.a.d.s.m.r.t.TaskGroupCoordinator:[129] - TaskGroupCoordinator round time cost: 0/ms
[INFO] 2025-10-13 11:24:02.152 +0800 o.a.d.s.m.c.IdSlotBasedCommandFetcher:[67] - Fetch commands: 0 success, cost: 0ms, totalSlot: 1, currentSlotIndex: 0
[INFO] 2025-10-13 11:24:03.153 +0800 o.a.d.s.m.c.IdSlotBasedCommandFetcher:[67] - Fetch commands: 0 success, cost: 0ms, totalSlot: 1, currentSlotIndex: 0
[INFO] 2025-10-13 11:24:04.153 +0800 o.a.d.s.m.c.IdSlotBasedCommandFetcher:[67] - Fetch commands: 0 success, cost: 0ms, totalSlot: 1, currentSlotIndex: 0
[INFO] 2025-10-13 11:24:05.154 +0800 o.a.d.s.m.c.IdSlotBasedCommandFetcher:[67] - Fetch commands: 0 success, cost: 0ms, totalSlot: 1, currentSlotIndex: 0
[INFO] 2025-10-13 11:24:06.154 +0800 o.a.d.s.m.c.IdSlotBasedCommandFetcher:[67] - Fetch commands: 0 success, cost: 0ms, totalSlot: 1, currentSlotIndex: 0
[INFO] 2025-10-13 11:24:06.157 +0800 o.a.d.s.m.r.t.TaskGroupCoordinator:[187] - Success amend TaskGroupQueue status cost: 0/ms
[INFO] 2025-10-13 11:24:06.157 +0800 o.a.d.s.m.r.t.TaskGroupCoordinator:[241] - Success deal with force start TaskGroupQueue cost: 0/ms
[INFO] 2025-10-13 11:24:06.157 +0800 o.a.d.s.m.r.t.TaskGroupCoordinator:[129] - TaskGroupCoordinator round time cost: 0/ms
[INFO] 2025-10-13 11:24:07.154 +0800 o.a.d.s.m.c.IdSlotBasedCommandFetcher:[67] - Fetch commands: 0 success, cost: 0ms, totalSlot: 1, currentSlotIndex: 0
[INFO] 2025-10-13 11:24:08.170 +0800 o.a.d.s.m.c.IdSlotBasedCommandFetcher:[67] - Fetch commands: 0 success, cost: 1ms, totalSlot: 1, currentSlotIndex: 0
[INFO] 2025-10-13 11:24:09.170 +0800 o.a.d.s.m.c.IdSlotBasedCommandFetcher:[67] - Fetch commands: 0 success, cost: 0ms, totalSlot: 1, currentSlotIndex: 0
[INFO] 2025-10-13 11:24:10.186 +0800 o.a.d.s.m.c.IdSlotBasedCommandFetcher:[67] - Fetch commands: 0 success, cost: 0ms, totalSlot: 1, currentSlotIndex: 0
[INFO] 2025-10-13 11:24:11.162 +0800 o.a.d.s.m.r.t.TaskGroupCoordinator:[187] - Success amend TaskGroupQueue status cost: 0/ms
[INFO] 2025-10-13 11:24:11.162 +0800 o.a.d.s.m.r.t.TaskGroupCoordinator:[241] - Success deal with force start TaskGroupQueue cost: 0/ms
[INFO] 2025-10-13 11:24:11.162 +0800 o.a.d.s.m.r.t.TaskGroupCoordinator:[129] - TaskGroupCoordinator round time cost: 0/ms
[INFO] 2025-10-13 11:24:11.187 +0800 o.a.d.s.m.c.IdSlotBasedCommandFetcher:[67] - Fetch commands: 0 success, cost: 0ms, totalSlot: 1, currentSlotIndex: 0
[INFO] 2025-10-13 11:24:12.365 +0800 o.a.d.s.m.c.IdSlotBasedCommandFetcher:[67] - Fetch commands: 0 success, cost: 0ms, totalSlot: 1, currentSlotIndex: 0
[INFO] 2025-10-13 11:24:13.444 +0800 o.a.d.s.m.c.IdSlotBasedCommandFetcher:[67] - Fetch commands: 0 success, cost: 0ms, totalSlot: 1, currentSlotIndex: 0
[INFO] 2025-10-13 11:24:14.519 +0800 o.a.d.s.m.c.IdSlotBasedCommandFetcher:[67] - Fetch commands: 0 success, cost: 1ms, totalSlot: 1, currentSlotIndex: 0
[INFO] 2025-10-13 11:24:15.597 +0800 o.a.d.s.m.c.IdSlotBasedCommandFetcher:[67] - Fetch commands: 0 success, cost: 0ms, totalSlot: 1, currentSlotIndex: 0
[INFO] 2025-10-13 11:24:16.189 +0800 o.a.d.s.m.r.t.TaskGroupCoordinator:[187] - Success amend TaskGroupQueue status cost: 0/ms
[INFO] 2025-10-13 11:24:16.189 +0800 o.a.d.s.m.r.t.TaskGroupCoordinator:[241] - Success deal with force start TaskGroupQueue cost: 0/ms
[INFO] 2025-10-13 11:24:16.189 +0800 o.a.d.s.m.r.t.TaskGroupCoordinator:[129] - TaskGroupCoordinator round time cost: 0/ms
[INFO] 2025-10-13 11:24:16.670 +0800 o.a.d.s.m.c.IdSlotBasedCommandFetcher:[67] - Fetch commands: 0 success, cost: 1ms, totalSlot: 1, currentSlotIndex: 0
[INFO] 2025-10-13 11:24:17.748 +0800 o.a.d.s.m.c.IdSlotBasedCommandFetcher:[67] - Fetch commands: 0 success, cost: 2ms, totalSlot: 1, currentSlotIndex: 0
[INFO] 2025-10-13 11:24:18.821 +0800 o.a.d.s.m.c.IdSlotBasedCommandFetcher:[67] - Fetch commands: 0 success, cost: 0ms, totalSlot: 1, currentSlotIndex: 0
[INFO] 2025-10-13 11:24:19.896 +0800 o.a.d.s.m.c.IdSlotBasedCommandFetcher:[67] - Fetch commands: 0 success, cost: 0ms, totalSlot: 1, currentSlotIndex: 0
[INFO] 2025-10-13 11:24:20.974 +0800 o.a.d.s.m.c.IdSlotBasedCommandFetcher:[67] - Fetch commands: 0 success, cost: 0ms, totalSlot: 1, currentSlotIndex: 0
[INFO] 2025-10-13 11:24:21.194 +0800 o.a.d.s.m.r.t.TaskGroupCoordinator:[187] - Success amend TaskGroupQueue status cost: 0/ms
[INFO] 2025-10-13 11:24:21.195 +0800 o.a.d.s.m.r.t.TaskGroupCoordinator:[241] - Success deal with force start TaskGroupQueue cost: 0/ms
[INFO] 2025-10-13 11:24:21.195 +0800 o.a.d.s.m.r.t.TaskGroupCoordinator:[129] - TaskGroupCoordinator round time cost: 1/ms
[INFO] 2025-10-13 11:24:21.974 +0800 o.a.d.s.m.c.IdSlotBasedCommandFetcher:[67] - Fetch commands: 0 success, cost: 0ms, totalSlot: 1, currentSlotIndex: 0
[INFO] 2025-10-13 11:24:22.974 +0800 o.a.d.s.m.c.IdSlotBasedCommandFetcher:[67] - Fetch commands: 0 success, cost: 0ms, totalSlot: 1, currentSlotIndex: 0
[INFO] 2025-10-13 11:24:23.976 +0800 o.a.d.s.m.c.IdSlotBasedCommandFetcher:[67] - Fetch commands: 0 success, cost: 0ms, totalSlot: 1, currentSlotIndex: 0
[INFO] 2025-10-13 11:24:24.976 +0800 o.a.d.s.m.c.IdSlotBasedCommandFetcher:[67] - Fetch commands: 0 success, cost: 0ms, totalSlot: 1, currentSlotIndex: 0
[INFO] 2025-10-13 11:24:25.976 +0800 o.a.d.s.m.c.IdSlotBasedCommandFetcher:[67] - Fetch commands: 0 success, cost: 0ms, totalSlot: 1, currentSlotIndex: 0
[INFO] 2025-10-13 11:24:26.199 +0800 o.a.d.s.m.r.t.TaskGroupCoordinator:[187] - Success amend TaskGroupQueue status cost: 0/ms
[INFO] 2025-10-13 11:24:26.199 +0800 o.a.d.s.m.r.t.TaskGroupCoordinator:[241] - Success deal with force start TaskGroupQueue cost: 0/ms
[INFO] 2025-10-13 11:24:26.199 +0800 o.a.d.s.m.r.t.TaskGroupCoordinator:[129] - TaskGroupCoordinator round time cost: 0/ms
[INFO] 2025-10-13 11:24:26.977 +0800 o.a.d.s.m.c.IdSlotBasedCommandFetcher:[67] - Fetch commands: 0 success, cost: 0ms, totalSlot: 1, currentSlotIndex: 0
[INFO] 2025-10-13 11:24:27.978 +0800 o.a.d.s.m.c.IdSlotBasedCommandFetcher:[67] - Fetch commands: 0 success, cost: 0ms, totalSlot: 1, currentSlotIndex: 0
[INFO] 2025-10-13 11:24:28.979 +0800 o.a.d.s.m.c.IdSlotBasedCommandFetcher:[67] - Fetch commands: 0 success, cost: 0ms, totalSlot: 1, currentSlotIndex: 0
[INFO] 2025-10-13 11:24:29.979 +0800 o.a.d.s.m.c.IdSlotBasedCommandFetcher:[67] - Fetch commands: 0 success, cost: 0ms, totalSlot: 1, currentSlotIndex: 0
[INFO] 2025-10-13 11:24:30.980 +0800 o.a.d.s.m.c.IdSlotBasedCommandFetcher:[67] - Fetch commands: 0 success, cost: 0ms, totalSlot: 1, currentSlotIndex: 0
[INFO] 2025-10-13 11:24:31.204 +0800 o.a.d.s.m.r.t.TaskGroupCoordinator:[187] - Success amend TaskGroupQueue status cost: 0/ms
[INFO] 2025-10-13 11:24:31.205 +0800 o.a.d.s.m.r.t.TaskGroupCoordinator:[241] - Success deal with force start TaskGroupQueue cost: 0/ms
[INFO] 2025-10-13 11:24:31.205 +0800 o.a.d.s.m.r.t.TaskGroupCoordinator:[129] - TaskGroupCoordinator round time cost: 0/ms
[INFO] 2025-10-13 11:24:31.980 +0800 o.a.d.s.m.c.IdSlotBasedCommandFetcher:[67] - Fetch commands: 0 success, cost: 0ms, totalSlot: 1, currentSlotIndex: 0
[INFO] 2025-10-13 11:24:33.096 +0800 o.a.d.s.m.c.IdSlotBasedCommandFetcher:[67] - Fetch commands: 0 success, cost: 0ms, totalSlot: 1, currentSlotIndex: 0
[INFO] 2025-10-13 11:24:34.175 +0800 o.a.d.s.m.c.IdSlotBasedCommandFetcher:[67] - Fetch commands: 0 success, cost: 0ms, totalSlot: 1, currentSlotIndex: 0
[INFO] 2025-10-13 11:24:35.244 +0800 o.a.d.s.m.c.IdSlotBasedCommandFetcher:[67] - Fetch commands: 0 success, cost: 0ms, totalSlot: 1, currentSlotIndex: 0
[INFO] 2025-10-13 11:24:36.209 +0800 o.a.d.s.m.r.t.TaskGroupCoordinator:[187] - Success amend TaskGroupQueue status cost: 0/ms
[INFO] 2025-10-13 11:24:36.209 +0800 o.a.d.s.m.r.t.TaskGroupCoordinator:[241] - Success deal with force start TaskGroupQueue cost: 0/ms
[INFO] 2025-10-13 11:24:36.210 +0800 o.a.d.s.m.r.t.TaskGroupCoordinator:[129] - TaskGroupCoordinator round time cost: 0/ms
[INFO] 2025-10-13 11:24:36.316 +0800 o.a.d.s.m.c.IdSlotBasedCommandFetcher:[67] - Fetch commands: 0 success, cost: 0ms, totalSlot: 1, currentSlotIndex: 0
[INFO] 2025-10-13 11:24:37.388 +0800 o.a.d.s.m.c.IdSlotBasedCommandFetcher:[67] - Fetch commands: 0 success, cost: 0ms, totalSlot: 1, currentSlotIndex: 0
[INFO] 2025-10-13 11:24:38.512 +0800 o.a.d.s.m.c.IdSlotBasedCommandFetcher:[67] - Fetch commands: 0 success, cost: 0ms, totalSlot: 1, currentSlotIndex: 0
[INFO] 2025-10-13 11:24:39.521 +0800 o.a.d.s.m.c.IdSlotBasedCommandFetcher:[67] - Fetch commands: 0 success, cost: 0ms, totalSlot: 1, currentSlotIndex: 0
[INFO] 2025-10-13 11:24:40.523 +0800 o.a.d.s.m.c.IdSlotBasedCommandFetcher:[67] - Fetch commands: 0 success, cost: 0ms, totalSlot: 1, currentSlotIndex: 0
[INFO] 2025-10-13 11:24:41.214 +0800 o.a.d.s.m.r.t.TaskGroupCoordinator:[187] - Success amend TaskGroupQueue status cost: 0/ms
[INFO] 2025-10-13 11:24:41.214 +0800 o.a.d.s.m.r.t.TaskGroupCoordinator:[241] - Success deal with force start TaskGroupQueue cost: 0/ms
[INFO] 2025-10-13 11:24:41.215 +0800 o.a.d.s.m.r.t.TaskGroupCoordinator:[129] - TaskGroupCoordinator round time cost: 0/ms
[INFO] 2025-10-13 11:24:41.523 +0800 o.a.d.s.m.c.IdSlotBasedCommandFetcher:[67] - Fetch commands: 0 success, cost: 0ms, totalSlot: 1, currentSlotIndex: 0
[INFO] 2025-10-13 11:24:42.529 +0800 o.a.d.s.m.c.IdSlotBasedCommandFetcher:[67] - Fetch commands: 0 success, cost: 0ms, totalSlot: 1, currentSlotIndex: 0
[INFO] 2025-10-13 11:24:43.529 +0800 o.a.d.s.m.c.IdSlotBasedCommandFetcher:[67] - Fetch commands: 0 success, cost: 0ms, totalSlot: 1, currentSlotIndex: 0
[INFO] 2025-10-13 11:24:44.540 +0800 o.a.d.s.m.c.IdSlotBasedCommandFetcher:[67] - Fetch commands: 0 success, cost: 0ms, totalSlot: 1, currentSlotIndex: 0
[INFO] 2025-10-13 11:24:45.540 +0800 o.a.d.s.m.c.IdSlotBasedCommandFetcher:[67] - Fetch commands: 0 success, cost: 0ms, totalSlot: 1, currentSlotIndex: 0
[INFO] 2025-10-13 11:24:46.232 +0800 o.a.d.s.m.r.t.TaskGroupCoordinator:[187] - Success amend TaskGroupQueue status cost: 0/ms
[INFO] 2025-10-13 11:24:46.234 +0800 o.a.d.s.m.r.t.TaskGroupCoordinator:[241] - Success deal with force start TaskGroupQueue cost: 0/ms
[INFO] 2025-10-13 11:24:46.234 +0800 o.a.d.s.m.r.t.TaskGroupCoordinator:[129] - TaskGroupCoordinator round time cost: 0/ms
[INFO] 2025-10-13 11:24:46.548 +0800 o.a.d.s.m.c.IdSlotBasedCommandFetcher:[67] - Fetch commands: 0 success, cost: 0ms, totalSlot: 1, currentSlotIndex: 0
[INFO] 2025-10-13 11:24:47.550 +0800 o.a.d.s.m.c.IdSlotBasedCommandFetcher:[67] - Fetch commands: 0 success, cost: 0ms, totalSlot: 1, currentSlotIndex: 0
[INFO] 2025-10-13 11:24:48.550 +0800 o.a.d.s.m.c.IdSlotBasedCommandFetcher:[67] - Fetch commands: 0 success, cost: 0ms, totalSlot: 1, currentSlotIndex: 0
[INFO] 2025-10-13 11:24:49.551 +0800 o.a.d.s.m.c.IdSlotBasedCommandFetcher:[67] - Fetch commands: 0 success, cost: 0ms, totalSlot: 1, currentSlotIndex: 0
[INFO] 2025-10-13 11:24:50.703 +0800 o.a.d.s.m.c.IdSlotBasedCommandFetcher:[67] - Fetch commands: 0 success, cost: 0ms, totalSlot: 1, currentSlotIndex: 0
[INFO] 2025-10-13 11:24:51.238 +0800 o.a.d.s.m.r.t.TaskGroupCoordinator:[187] - Success amend TaskGroupQueue status cost: 0/ms
[INFO] 2025-10-13 11:24:51.238 +0800 o.a.d.s.m.r.t.TaskGroupCoordinator:[241] - Success deal with force start TaskGroupQueue cost: 0/ms
[INFO] 2025-10-13 11:24:51.238 +0800 o.a.d.s.m.r.t.TaskGroupCoordinator:[129] - TaskGroupCoordinator round time cost: 0/ms
[INFO] 2025-10-13 11:24:51.704 +0800 o.a.d.s.m.c.IdSlotBasedCommandFetcher:[67] - Fetch commands: 0 success, cost: 0ms, totalSlot: 1, currentSlotIndex: 0
[INFO] 2025-10-13 11:24:52.704 +0800 o.a.d.s.m.c.IdSlotBasedCommandFetcher:[67] - Fetch commands: 0 success, cost: 0ms, totalSlot: 1, currentSlotIndex: 0
[INFO] 2025-10-13 11:24:53.705 +0800 o.a.d.s.m.c.IdSlotBasedCommandFetcher:[67] - Fetch commands: 0 success, cost: 0ms, totalSlot: 1, currentSlotIndex: 0
[INFO] 2025-10-13 11:24:54.705 +0800 o.a.d.s.m.c.IdSlotBasedCommandFetcher:[67] - Fetch commands: 0 success, cost: 0ms, totalSlot: 1, currentSlotIndex: 0
[INFO] 2025-10-13 11:24:55.706 +0800 o.a.d.s.m.c.IdSlotBasedCommandFetcher:[67] - Fetch commands: 0 success, cost: 0ms, totalSlot: 1, currentSlotIndex: 0
[INFO] 2025-10-13 11:24:56.244 +0800 o.a.d.s.m.r.t.TaskGroupCoordinator:[187] - Success amend TaskGroupQueue status cost: 0/ms
[INFO] 2025-10-13 11:24:56.245 +0800 o.a.d.s.m.r.t.TaskGroupCoordinator:[241] - Success deal with force start TaskGroupQueue cost: 0/ms
[INFO] 2025-10-13 11:24:56.245 +0800 o.a.d.s.m.r.t.TaskGroupCoordinator:[129] - TaskGroupCoordinator round time cost: 0/ms
[INFO] 2025-10-13 11:24:56.706 +0800 o.a.d.s.m.c.IdSlotBasedCommandFetcher:[67] - Fetch commands: 0 success, cost: 0ms, totalSlot: 1, currentSlotIndex: 0
[INFO] 2025-10-13 11:24:57.706 +0800 o.a.d.s.m.c.IdSlotBasedCommandFetcher:[67] - Fetch commands: 0 success, cost: 0ms, totalSlot: 1, currentSlotIndex: 0
[INFO] 2025-10-13 11:24:58.707 +0800 o.a.d.s.m.c.IdSlotBasedCommandFetcher:[67] - Fetch commands: 0 success, cost: 0ms, totalSlot: 1, currentSlotIndex: 0
[INFO] 2025-10-13 11:24:59.707 +0800 o.a.d.s.m.c.IdSlotBasedCommandFetcher:[67] - Fetch commands: 0 success, cost: 0ms, totalSlot: 1, currentSlotIndex: 0
[INFO] 2025-10-13 11:25:00.708 +0800 o.a.d.s.m.c.IdSlotBasedCommandFetcher:[67] - Fetch commands: 0 success, cost: 0ms, totalSlot: 1, currentSlotIndex: 0
[INFO] 2025-10-13 11:25:01.250 +0800 o.a.d.s.m.r.t.TaskGroupCoordinator:[187] - Success amend TaskGroupQueue status cost: 0/ms
[INFO] 2025-10-13 11:25:01.250 +0800 o.a.d.s.m.r.t.TaskGroupCoordinator:[241] - Success deal with force start TaskGroupQueue cost: 0/ms
[INFO] 2025-10-13 11:25:01.250 +0800 o.a.d.s.m.r.t.TaskGroupCoordinator:[129] - TaskGroupCoordinator round time cost: 0/ms
[INFO] 2025-10-13 11:25:01.708 +0800 o.a.d.s.m.c.IdSlotBasedCommandFetcher:[67] - Fetch commands: 0 success, cost: 0ms, totalSlot: 1, currentSlotIndex: 0
[INFO] 2025-10-13 11:25:02.709 +0800 o.a.d.s.m.c.IdSlotBasedCommandFetcher:[67] - Fetch commands: 0 success, cost: 0ms, totalSlot: 1, currentSlotIndex: 0
[INFO] 2025-10-13 11:25:03.709 +0800 o.a.d.s.m.c.IdSlotBasedCommandFetcher:[67] - Fetch commands: 0 success, cost: 0ms, totalSlot: 1, currentSlotIndex: 0
[INFO] 2025-10-13 11:25:04.710 +0800 o.a.d.s.m.c.IdSlotBasedCommandFetcher:[67] - Fetch commands: 0 success, cost: 0ms, totalSlot: 1, currentSlotIndex: 0
[INFO] 2025-10-13 11:25:05.711 +0800 o.a.d.s.m.c.IdSlotBasedCommandFetcher:[67] - Fetch commands: 0 success, cost: 0ms, totalSlot: 1, currentSlotIndex: 0
[INFO] 2025-10-13 11:25:06.254 +0800 o.a.d.s.m.r.t.TaskGroupCoordinator:[187] - Success amend TaskGroupQueue status cost: 0/ms
[INFO] 2025-10-13 11:25:06.255 +0800 o.a.d.s.m.r.t.TaskGroupCoordinator:[241] - Success deal with force start TaskGroupQueue cost: 0/ms
[INFO] 2025-10-13 11:25:06.255 +0800 o.a.d.s.m.r.t.TaskGroupCoordinator:[129] - TaskGroupCoordinator round time cost: 0/ms
[INFO] 2025-10-13 11:25:06.711 +0800 o.a.d.s.m.c.IdSlotBasedCommandFetcher:[67] - Fetch commands: 0 success, cost: 0ms, totalSlot: 1, currentSlotIndex: 0
[INFO] 2025-10-13 11:25:07.712 +0800 o.a.d.s.m.c.IdSlotBasedCommandFetcher:[67] - Fetch commands: 0 success, cost: 0ms, totalSlot: 1, currentSlotIndex: 0
[INFO] 2025-10-13 11:25:08.712 +0800 o.a.d.s.m.c.IdSlotBasedCommandFetcher:[67] - Fetch commands: 0 success, cost: 0ms, totalSlot: 1, currentSlotIndex: 0
[INFO] 2025-10-13 11:25:09.712 +0800 o.a.d.s.m.c.IdSlotBasedCommandFetcher:[67] - Fetch commands: 0 success, cost: 0ms, totalSlot: 1, currentSlotIndex: 0
[INFO] 2025-10-13 11:25:10.712 +0800 o.a.d.s.m.c.IdSlotBasedCommandFetcher:[67] - Fetch commands: 0 success, cost: 0ms, totalSlot: 1, currentSlotIndex: 0
[INFO] 2025-10-13 11:25:11.259 +0800 o.a.d.s.m.r.t.TaskGroupCoordinator:[187] - Success amend TaskGroupQueue status cost: 0/ms
[INFO] 2025-10-13 11:25:11.260 +0800 o.a.d.s.m.r.t.TaskGroupCoordinator:[241] - Success deal with force start TaskGroupQueue cost: 0/ms
[INFO] 2025-10-13 11:25:11.260 +0800 o.a.d.s.m.r.t.TaskGroupCoordinator:[129] - TaskGroupCoordinator round time cost: 0/ms
[INFO] 2025-10-13 11:25:11.712 +0800 o.a.d.s.m.c.IdSlotBasedCommandFetcher:[67] - Fetch commands: 0 success, cost: 0ms, totalSlot: 1, currentSlotIndex: 0
[INFO] 2025-10-13 11:25:12.713 +0800 o.a.d.s.m.c.IdSlotBasedCommandFetcher:[67] - Fetch commands: 0 success, cost: 0ms, totalSlot: 1, currentSlotIndex: 0
[INFO] 2025-10-13 11:25:13.713 +0800 o.a.d.s.m.c.IdSlotBasedCommandFetcher:[67] - Fetch commands: 0 success, cost: 0ms, totalSlot: 1, currentSlotIndex: 0
[INFO] 2025-10-13 11:25:14.934 +0800 o.a.d.s.m.c.IdSlotBasedCommandFetcher:[67] - Fetch commands: 0 success, cost: 0ms, totalSlot: 1, currentSlotIndex: 0
[INFO] 2025-10-13 11:25:16.007 +0800 o.a.d.s.m.c.IdSlotBasedCommandFetcher:[67] - Fetch commands: 0 success, cost: 0ms, totalSlot: 1, currentSlotIndex: 0
[INFO] 2025-10-13 11:25:16.266 +0800 o.a.d.s.m.r.t.TaskGroupCoordinator:[187] - Success amend TaskGroupQueue status cost: 0/ms
[INFO] 2025-10-13 11:25:16.266 +0800 o.a.d.s.m.r.t.TaskGroupCoordinator:[241] - Success deal with force start TaskGroupQueue cost: 0/ms
[INFO] 2025-10-13 11:25:16.266 +0800 o.a.d.s.m.r.t.TaskGroupCoordinator:[129] - TaskGroupCoordinator round time cost: 0/ms
[INFO] 2025-10-13 11:25:17.083 +0800 o.a.d.s.m.c.IdSlotBasedCommandFetcher:[67] - Fetch commands: 0 success, cost: 0ms, totalSlot: 1, currentSlotIndex: 0
[INFO] 2025-10-13 11:25:18.160 +0800 o.a.d.s.m.c.IdSlotBasedCommandFetcher:[67] - Fetch commands: 0 success, cost: 0ms, totalSlot: 1, currentSlotIndex: 0
[INFO] 2025-10-13 11:25:19.235 +0800 o.a.d.s.m.c.IdSlotBasedCommandFetcher:[67] - Fetch commands: 0 success, cost: 0ms, totalSlot: 1, currentSlotIndex: 0
[INFO] 2025-10-13 11:25:20.307 +0800 o.a.d.s.m.c.IdSlotBasedCommandFetcher:[67] - Fetch commands: 0 success, cost: 0ms, totalSlot: 1, currentSlotIndex: 0
[INFO] 2025-10-13 11:25:21.270 +0800 o.a.d.s.m.r.t.TaskGroupCoordinator:[187] - Success amend TaskGroupQueue status cost: 0/ms
[INFO] 2025-10-13 11:25:21.270 +0800 o.a.d.s.m.r.t.TaskGroupCoordinator:[241] - Success deal with force start TaskGroupQueue cost: 0/ms
[INFO] 2025-10-13 11:25:21.270 +0800 o.a.d.s.m.r.t.TaskGroupCoordinator:[129] - TaskGroupCoordinator round time cost: 0/ms
[INFO] 2025-10-13 11:25:21.383 +0800 o.a.d.s.m.c.IdSlotBasedCommandFetcher:[67] - Fetch commands: 0 success, cost: 0ms, totalSlot: 1, currentSlotIndex: 0
[INFO] 2025-10-13 11:25:22.516 +0800 o.a.d.s.m.c.IdSlotBasedCommandFetcher:[67] - Fetch commands: 0 success, cost: 0ms, totalSlot: 1, currentSlotIndex: 0
[INFO] 2025-10-13 11:25:23.517 +0800 o.a.d.s.m.c.IdSlotBasedCommandFetcher:[67] - Fetch commands: 0 success, cost: 0ms, totalSlot: 1, currentSlotIndex: 0
[INFO] 2025-10-13 11:25:24.517 +0800 o.a.d.s.m.c.IdSlotBasedCommandFetcher:[67] - Fetch commands: 0 success, cost: 0ms, totalSlot: 1, currentSlotIndex: 0
[INFO] 2025-10-13 11:25:25.518 +0800 o.a.d.s.m.c.IdSlotBasedCommandFetcher:[67] - Fetch commands: 0 success, cost: 0ms, totalSlot: 1, currentSlotIndex: 0
[INFO] 2025-10-13 11:25:26.274 +0800 o.a.d.s.m.r.t.TaskGroupCoordinator:[187] - Success amend TaskGroupQueue status cost: 0/ms
[INFO] 2025-10-13 11:25:26.274 +0800 o.a.d.s.m.r.t.TaskGroupCoordinator:[241] - Success deal with force start TaskGroupQueue cost: 0/ms
[INFO] 2025-10-13 11:25:26.274 +0800 o.a.d.s.m.r.t.TaskGroupCoordinator:[129] - TaskGroupCoordinator round time cost: 0/ms
[INFO] 2025-10-13 11:25:26.519 +0800 o.a.d.s.m.c.IdSlotBasedCommandFetcher:[67] - Fetch commands: 0 success, cost: 0ms, totalSlot: 1, currentSlotIndex: 0
[INFO] 2025-10-13 11:25:27.519 +0800 o.a.d.s.m.c.IdSlotBasedCommandFetcher:[67] - Fetch commands: 0 success, cost: 0ms, totalSlot: 1, currentSlotIndex: 0
[INFO] 2025-10-13 11:25:28.519 +0800 o.a.d.s.m.c.IdSlotBasedCommandFetcher:[67] - Fetch commands: 0 success, cost: 0ms, totalSlot: 1, currentSlotIndex: 0
[INFO] 2025-10-13 11:25:29.520 +0800 o.a.d.s.m.c.IdSlotBasedCommandFetcher:[67] - Fetch commands: 0 success, cost: 0ms, totalSlot: 1, currentSlotIndex: 0
[INFO] 2025-10-13 11:25:30.520 +0800 o.a.d.s.m.c.IdSlotBasedCommandFetcher:[67] - Fetch commands: 0 success, cost: 0ms, totalSlot: 1, currentSlotIndex: 0
[INFO] 2025-10-13 11:25:31.278 +0800 o.a.d.s.m.r.t.TaskGroupCoordinator:[187] - Success amend TaskGroupQueue status cost: 0/ms
[INFO] 2025-10-13 11:25:31.279 +0800 o.a.d.s.m.r.t.TaskGroupCoordinator:[241] - Success deal with force start TaskGroupQueue cost: 0/ms
[INFO] 2025-10-13 11:25:31.279 +0800 o.a.d.s.m.r.t.TaskGroupCoordinator:[129] - TaskGroupCoordinator round time cost: 0/ms
[INFO] 2025-10-13 11:25:31.521 +0800 o.a.d.s.m.c.IdSlotBasedCommandFetcher:[67] - Fetch commands: 0 success, cost: 0ms, totalSlot: 1, currentSlotIndex: 0
[INFO] 2025-10-13 11:25:32.521 +0800 o.a.d.s.m.c.IdSlotBasedCommandFetcher:[67] - Fetch commands: 0 success, cost: 0ms, totalSlot: 1, currentSlotIndex: 0
[INFO] 2025-10-13 11:25:33.522 +0800 o.a.d.s.m.c.IdSlotBasedCommandFetcher:[67] - Fetch commands: 0 success, cost: 0ms, totalSlot: 1, currentSlotIndex: 0
[INFO] 2025-10-13 11:25:34.631 +0800 o.a.d.s.m.c.IdSlotBasedCommandFetcher:[67] - Fetch commands: 0 success, cost: 0ms, totalSlot: 1, currentSlotIndex: 0
[INFO] 2025-10-13 11:25:35.714 +0800 o.a.d.s.m.c.IdSlotBasedCommandFetcher:[67] - Fetch commands: 0 success, cost: 0ms, totalSlot: 1, currentSlotIndex: 0
[INFO] 2025-10-13 11:25:36.283 +0800 o.a.d.s.m.r.t.TaskGroupCoordinator:[187] - Success amend TaskGroupQueue status cost: 0/ms
[INFO] 2025-10-13 11:25:36.283 +0800 o.a.d.s.m.r.t.TaskGroupCoordinator:[241] - Success deal with force start TaskGroupQueue cost: 0/ms
[INFO] 2025-10-13 11:25:36.283 +0800 o.a.d.s.m.r.t.TaskGroupCoordinator:[129] - TaskGroupCoordinator round time cost: 0/ms
[INFO] 2025-10-13 11:25:36.795 +0800 o.a.d.s.m.c.IdSlotBasedCommandFetcher:[67] - Fetch commands: 0 success, cost: 0ms, totalSlot: 1, currentSlotIndex: 0
[INFO] 2025-10-13 11:25:37.867 +0800 o.a.d.s.m.c.IdSlotBasedCommandFetcher:[67] - Fetch commands: 0 success, cost: 0ms, totalSlot: 1, currentSlotIndex: 0
[INFO] 2025-10-13 11:25:38.934 +0800 o.a.d.s.m.c.IdSlotBasedCommandFetcher:[67] - Fetch commands: 0 success, cost: 0ms, totalSlot: 1, currentSlotIndex: 0
[INFO] 2025-10-13 11:25:40.011 +0800 o.a.d.s.m.c.IdSlotBasedCommandFetcher:[67] - Fetch commands: 0 success, cost: 0ms, totalSlot: 1, currentSlotIndex: 0
[INFO] 2025-10-13 11:25:41.153 +0800 o.a.d.s.m.c.IdSlotBasedCommandFetcher:[67] - Fetch commands: 0 success, cost: 0ms, totalSlot: 1, currentSlotIndex: 0
[INFO] 2025-10-13 11:25:41.288 +0800 o.a.d.s.m.r.t.TaskGroupCoordinator:[187] - Success amend TaskGroupQueue status cost: 0/ms
[INFO] 2025-10-13 11:25:41.288 +0800 o.a.d.s.m.r.t.TaskGroupCoordinator:[241] - Success deal with force start TaskGroupQueue cost: 0/ms
[INFO] 2025-10-13 11:25:41.288 +0800 o.a.d.s.m.r.t.TaskGroupCoordinator:[129] - TaskGroupCoordinator round time cost: 0/ms
[INFO] 2025-10-13 11:25:42.153 +0800 o.a.d.s.m.c.IdSlotBasedCommandFetcher:[67] - Fetch commands: 0 success, cost: 0ms, totalSlot: 1, currentSlotIndex: 0
[INFO] 2025-10-13 11:25:43.158 +0800 o.a.d.s.m.c.IdSlotBasedCommandFetcher:[67] - Fetch commands: 0 success, cost: 0ms, totalSlot: 1, currentSlotIndex: 0
[INFO] 2025-10-13 11:25:44.169 +0800 o.a.d.s.m.c.IdSlotBasedCommandFetcher:[67] - Fetch commands: 0 success, cost: 0ms, totalSlot: 1, currentSlotIndex: 0
[INFO] 2025-10-13 11:25:45.169 +0800 o.a.d.s.m.c.IdSlotBasedCommandFetcher:[67] - Fetch commands: 0 success, cost: 0ms, totalSlot: 1, currentSlotIndex: 0
[INFO] 2025-10-13 11:25:46.169 +0800 o.a.d.s.m.c.IdSlotBasedCommandFetcher:[67] - Fetch commands: 0 success, cost: 0ms, totalSlot: 1, currentSlotIndex: 0
[INFO] 2025-10-13 11:25:46.297 +0800 o.a.d.s.m.r.t.TaskGroupCoordinator:[187] - Success amend TaskGroupQueue status cost: 0/ms
[INFO] 2025-10-13 11:25:46.298 +0800 o.a.d.s.m.r.t.TaskGroupCoordinator:[241] - Success deal with force start TaskGroupQueue cost: 0/ms
[INFO] 2025-10-13 11:25:46.298 +0800 o.a.d.s.m.r.t.TaskGroupCoordinator:[129] - TaskGroupCoordinator round time cost: 0/ms
[INFO] 2025-10-13 11:25:47.181 +0800 o.a.d.s.m.c.IdSlotBasedCommandFetcher:[67] - Fetch commands: 0 success, cost: 0ms, totalSlot: 1, currentSlotIndex: 0
[INFO] 2025-10-13 11:25:48.182 +0800 o.a.d.s.m.c.IdSlotBasedCommandFetcher:[67] - Fetch commands: 0 success, cost: 0ms, totalSlot: 1, currentSlotIndex: 0
[INFO] 2025-10-13 11:25:49.182 +0800 o.a.d.s.m.c.IdSlotBasedCommandFetcher:[67] - Fetch commands: 0 success, cost: 0ms, totalSlot: 1, currentSlotIndex: 0
[INFO] 2025-10-13 11:25:50.183 +0800 o.a.d.s.m.c.IdSlotBasedCommandFetcher:[67] - Fetch commands: 0 success, cost: 0ms, totalSlot: 1, currentSlotIndex: 0
[INFO] 2025-10-13 11:25:51.183 +0800 o.a.d.s.m.c.IdSlotBasedCommandFetcher:[67] - Fetch commands: 0 success, cost: 0ms, totalSlot: 1, currentSlotIndex: 0
[INFO] 2025-10-13 11:25:51.309 +0800 o.a.d.s.m.r.t.TaskGroupCoordinator:[187] - Success amend TaskGroupQueue status cost: 0/ms
[INFO] 2025-10-13 11:25:51.309 +0800 o.a.d.s.m.r.t.TaskGroupCoordinator:[241] - Success deal with force start TaskGroupQueue cost: 0/ms
[INFO] 2025-10-13 11:25:51.309 +0800 o.a.d.s.m.r.t.TaskGroupCoordinator:[129] - TaskGroupCoordinator round time cost: 0/ms
[INFO] 2025-10-13 11:25:52.184 +0800 o.a.d.s.m.c.IdSlotBasedCommandFetcher:[67] - Fetch commands: 0 success, cost: 0ms, totalSlot: 1, currentSlotIndex: 0
[INFO] 2025-10-13 11:25:53.185 +0800 o.a.d.s.m.c.IdSlotBasedCommandFetcher:[67] - Fetch commands: 0 success, cost: 0ms, totalSlot: 1, currentSlotIndex: 0
[INFO] 2025-10-13 11:25:54.341 +0800 o.a.d.s.m.c.IdSlotBasedCommandFetcher:[67] - Fetch commands: 0 success, cost: 0ms, totalSlot: 1, currentSlotIndex: 0
[INFO] 2025-10-13 11:25:55.343 +0800 o.a.d.s.m.c.IdSlotBasedCommandFetcher:[67] - Fetch commands: 0 success, cost: 0ms, totalSlot: 1, currentSlotIndex: 0
[INFO] 2025-10-13 11:25:56.313 +0800 o.a.d.s.m.r.t.TaskGroupCoordinator:[187] - Success amend TaskGroupQueue status cost: 0/ms
[INFO] 2025-10-13 11:25:56.313 +0800 o.a.d.s.m.r.t.TaskGroupCoordinator:[241] - Success deal with force start TaskGroupQueue cost: 0/ms
[INFO] 2025-10-13 11:25:56.313 +0800 o.a.d.s.m.r.t.TaskGroupCoordinator:[129] - TaskGroupCoordinator round time cost: 0/ms
[INFO] 2025-10-13 11:25:56.343 +0800 o.a.d.s.m.c.IdSlotBasedCommandFetcher:[67] - Fetch commands: 0 success, cost: 0ms, totalSlot: 1, currentSlotIndex: 0
[INFO] 2025-10-13 11:25:57.343 +0800 o.a.d.s.m.c.IdSlotBasedCommandFetcher:[67] - Fetch commands: 0 success, cost: 0ms, totalSlot: 1, currentSlotIndex: 0
[INFO] 2025-10-13 11:25:58.344 +0800 o.a.d.s.m.c.IdSlotBasedCommandFetcher:[67] - Fetch commands: 0 success, cost: 0ms, totalSlot: 1, currentSlotIndex: 0
[INFO] 2025-10-13 11:25:59.344 +0800 o.a.d.s.m.c.IdSlotBasedCommandFetcher:[67] - Fetch commands: 0 success, cost: 0ms, totalSlot: 1, currentSlotIndex: 0
[INFO] 2025-10-13 11:26:00.345 +0800 o.a.d.s.m.c.IdSlotBasedCommandFetcher:[67] - Fetch commands: 0 success, cost: 0ms, totalSlot: 1, currentSlotIndex: 0
[INFO] 2025-10-13 11:26:01.318 +0800 o.a.d.s.m.r.t.TaskGroupCoordinator:[187] - Success amend TaskGroupQueue status cost: 0/ms
[INFO] 2025-10-13 11:26:01.318 +0800 o.a.d.s.m.r.t.TaskGroupCoordinator:[241] - Success deal with force start TaskGroupQueue cost: 0/ms
[INFO] 2025-10-13 11:26:01.318 +0800 o.a.d.s.m.r.t.TaskGroupCoordinator:[129] - TaskGroupCoordinator round time cost: 0/ms
[INFO] 2025-10-13 11:26:01.345 +0800 o.a.d.s.m.c.IdSlotBasedCommandFetcher:[67] - Fetch commands: 0 success, cost: 0ms, totalSlot: 1, currentSlotIndex: 0
[INFO] 2025-10-13 11:26:02.346 +0800 o.a.d.s.m.c.IdSlotBasedCommandFetcher:[67] - Fetch commands: 0 success, cost: 0ms, totalSlot: 1, currentSlotIndex: 0
[INFO] 2025-10-13 11:26:03.347 +0800 o.a.d.s.m.c.IdSlotBasedCommandFetcher:[67] - Fetch commands: 0 success, cost: 0ms, totalSlot: 1, currentSlotIndex: 0
[INFO] 2025-10-13 11:26:04.347 +0800 o.a.d.s.m.c.IdSlotBasedCommandFetcher:[67] - Fetch commands: 0 success, cost: 0ms, totalSlot: 1, currentSlotIndex: 0
[INFO] 2025-10-13 11:26:05.347 +0800 o.a.d.s.m.c.IdSlotBasedCommandFetcher:[67] - Fetch commands: 0 success, cost: 0ms, totalSlot: 1, currentSlotIndex: 0
[INFO] 2025-10-13 11:26:06.322 +0800 o.a.d.s.m.r.t.TaskGroupCoordinator:[187] - Success amend TaskGroupQueue status cost: 0/ms
[INFO] 2025-10-13 11:26:06.323 +0800 o.a.d.s.m.r.t.TaskGroupCoordinator:[241] - Success deal with force start TaskGroupQueue cost: 0/ms
[INFO] 2025-10-13 11:26:06.323 +0800 o.a.d.s.m.r.t.TaskGroupCoordinator:[129] - TaskGroupCoordinator round time cost: 0/ms
[INFO] 2025-10-13 11:26:06.347 +0800 o.a.d.s.m.c.IdSlotBasedCommandFetcher:[67] - Fetch commands: 0 success, cost: 0ms, totalSlot: 1, currentSlotIndex: 0
[INFO] 2025-10-13 11:26:07.348 +0800 o.a.d.s.m.c.IdSlotBasedCommandFetcher:[67] - Fetch commands: 0 success, cost: 0ms, totalSlot: 1, currentSlotIndex: 0
[INFO] 2025-10-13 11:26:08.363 +0800 o.a.d.s.m.c.IdSlotBasedCommandFetcher:[67] - Fetch commands: 0 success, cost: 0ms, totalSlot: 1, currentSlotIndex: 0
[INFO] 2025-10-13 11:26:09.364 +0800 o.a.d.s.m.c.IdSlotBasedCommandFetcher:[67] - Fetch commands: 0 success, cost: 0ms, totalSlot: 1, currentSlotIndex: 0
[INFO] 2025-10-13 11:26:10.365 +0800 o.a.d.s.m.c.IdSlotBasedCommandFetcher:[67] - Fetch commands: 0 success, cost: 0ms, totalSlot: 1, currentSlotIndex: 0
[INFO] 2025-10-13 11:26:11.327 +0800 o.a.d.s.m.r.t.TaskGroupCoordinator:[187] - Success amend TaskGroupQueue status cost: 0/ms
[INFO] 2025-10-13 11:26:11.327 +0800 o.a.d.s.m.r.t.TaskGroupCoordinator:[241] - Success deal with force start TaskGroupQueue cost: 0/ms
[INFO] 2025-10-13 11:26:11.327 +0800 o.a.d.s.m.r.t.TaskGroupCoordinator:[129] - TaskGroupCoordinator round time cost: 0/ms
[INFO] 2025-10-13 11:26:11.365 +0800 o.a.d.s.m.c.IdSlotBasedCommandFetcher:[67] - Fetch commands: 0 success, cost: 0ms, totalSlot: 1, currentSlotIndex: 0
[INFO] 2025-10-13 11:26:12.371 +0800 o.a.d.s.m.c.IdSlotBasedCommandFetcher:[67] - Fetch commands: 0 success, cost: 0ms, totalSlot: 1, currentSlotIndex: 0
[INFO] 2025-10-13 11:26:13.385 +0800 o.a.d.s.m.c.IdSlotBasedCommandFetcher:[67] - Fetch commands: 0 success, cost: 0ms, totalSlot: 1, currentSlotIndex: 0
[INFO] 2025-10-13 11:26:14.386 +0800 o.a.d.s.m.c.IdSlotBasedCommandFetcher:[67] - Fetch commands: 0 success, cost: 0ms, totalSlot: 1, currentSlotIndex: 0
[INFO] 2025-10-13 11:26:15.386 +0800 o.a.d.s.m.c.IdSlotBasedCommandFetcher:[67] - Fetch commands: 0 success, cost: 0ms, totalSlot: 1, currentSlotIndex: 0
[INFO] 2025-10-13 11:26:16.331 +0800 o.a.d.s.m.r.t.TaskGroupCoordinator:[187] - Success amend TaskGroupQueue status cost: 0/ms
[INFO] 2025-10-13 11:26:16.332 +0800 o.a.d.s.m.r.t.TaskGroupCoordinator:[241] - Success deal with force start TaskGroupQueue cost: 0/ms
[INFO] 2025-10-13 11:26:16.332 +0800 o.a.d.s.m.r.t.TaskGroupCoordinator:[129] - TaskGroupCoordinator round time cost: 0/ms
[INFO] 2025-10-13 11:26:16.389 +0800 o.a.d.s.m.c.IdSlotBasedCommandFetcher:[67] - Fetch commands: 0 success, cost: 0ms, totalSlot: 1, currentSlotIndex: 0
[INFO] 2025-10-13 11:26:17.390 +0800 o.a.d.s.m.c.IdSlotBasedCommandFetcher:[67] - Fetch commands: 0 success, cost: 0ms, totalSlot: 1, currentSlotIndex: 0
[INFO] 2025-10-13 11:26:18.391 +0800 o.a.d.s.m.c.IdSlotBasedCommandFetcher:[67] - Fetch commands: 0 success, cost: 0ms, totalSlot: 1, currentSlotIndex: 0
[INFO] 2025-10-13 11:26:19.566 +0800 o.a.d.s.m.c.IdSlotBasedCommandFetcher:[67] - Fetch commands: 0 success, cost: 0ms, totalSlot: 1, currentSlotIndex: 0
[INFO] 2025-10-13 11:26:20.641 +0800 o.a.d.s.m.c.IdSlotBasedCommandFetcher:[67] - Fetch commands: 0 success, cost: 0ms, totalSlot: 1, currentSlotIndex: 0
[INFO] 2025-10-13 11:26:21.335 +0800 o.a.d.s.m.r.t.TaskGroupCoordinator:[187] - Success amend TaskGroupQueue status cost: 0/ms
[INFO] 2025-10-13 11:26:21.335 +0800 o.a.d.s.m.r.t.TaskGroupCoordinator:[241] - Success deal with force start TaskGroupQueue cost: 0/ms
[INFO] 2025-10-13 11:26:21.335 +0800 o.a.d.s.m.r.t.TaskGroupCoordinator:[129] - TaskGroupCoordinator round time cost: 0/ms
[INFO] 2025-10-13 11:26:21.720 +0800 o.a.d.s.m.c.IdSlotBasedCommandFetcher:[67] - Fetch commands: 0 success, cost: 0ms, totalSlot: 1, currentSlotIndex: 0
[INFO] 2025-10-13 11:26:22.795 +0800 o.a.d.s.m.c.IdSlotBasedCommandFetcher:[67] - Fetch commands: 0 success, cost: 0ms, totalSlot: 1, currentSlotIndex: 0
[INFO] 2025-10-13 11:26:23.882 +0800 o.a.d.s.m.c.IdSlotBasedCommandFetcher:[67] - Fetch commands: 0 success, cost: 1ms, totalSlot: 1, currentSlotIndex: 0
[INFO] 2025-10-13 11:26:24.953 +0800 o.a.d.s.m.c.IdSlotBasedCommandFetcher:[67] - Fetch commands: 0 success, cost: 0ms, totalSlot: 1, currentSlotIndex: 0
[INFO] 2025-10-13 11:26:26.024 +0800 o.a.d.s.m.c.IdSlotBasedCommandFetcher:[67] - Fetch commands: 0 success, cost: 0ms, totalSlot: 1, currentSlotIndex: 0
[INFO] 2025-10-13 11:26:26.338 +0800 o.a.d.s.m.r.t.TaskGroupCoordinator:[187] - Success amend TaskGroupQueue status cost: 0/ms
[INFO] 2025-10-13 11:26:26.338 +0800 o.a.d.s.m.r.t.TaskGroupCoordinator:[241] - Success deal with force start TaskGroupQueue cost: 0/ms
[INFO] 2025-10-13 11:26:26.339 +0800 o.a.d.s.m.r.t.TaskGroupCoordinator:[129] - TaskGroupCoordinator round time cost: 0/ms
[INFO] 2025-10-13 11:26:27.176 +0800 o.a.d.s.m.c.IdSlotBasedCommandFetcher:[67] - Fetch commands: 0 success, cost: 0ms, totalSlot: 1, currentSlotIndex: 0
[INFO] 2025-10-13 11:26:28.179 +0800 o.a.d.s.m.c.IdSlotBasedCommandFetcher:[67] - Fetch commands: 0 success, cost: 0ms, totalSlot: 1, currentSlotIndex: 0
[INFO] 2025-10-13 11:26:29.180 +0800 o.a.d.s.m.c.IdSlotBasedCommandFetcher:[67] - Fetch commands: 0 success, cost: 0ms, totalSlot: 1, currentSlotIndex: 0
[INFO] 2025-10-13 11:26:30.180 +0800 o.a.d.s.m.c.IdSlotBasedCommandFetcher:[67] - Fetch commands: 0 success, cost: 0ms, totalSlot: 1, currentSlotIndex: 0
[INFO] 2025-10-13 11:26:31.190 +0800 o.a.d.s.m.c.IdSlotBasedCommandFetcher:[67] - Fetch commands: 0 success, cost: 0ms, totalSlot: 1, currentSlotIndex: 0
[INFO] 2025-10-13 11:26:31.342 +0800 o.a.d.s.m.r.t.TaskGroupCoordinator:[187] - Success amend TaskGroupQueue status cost: 0/ms
[INFO] 2025-10-13 11:26:31.344 +0800 o.a.d.s.m.r.t.TaskGroupCoordinator:[241] - Success deal with force start TaskGroupQueue cost: 0/ms
[INFO] 2025-10-13 11:26:31.344 +0800 o.a.d.s.m.r.t.TaskGroupCoordinator:[129] - TaskGroupCoordinator round time cost: 0/ms
[INFO] 2025-10-13 11:26:32.199 +0800 o.a.d.s.m.c.IdSlotBasedCommandFetcher:[67] - Fetch commands: 0 success, cost: 0ms, totalSlot: 1, currentSlotIndex: 0
[INFO] 2025-10-13 11:26:32.744 +0800 o.a.d.m.m.BaseServerLoadProtection:[43] - OverLoad: the system cpu usage: 1.0 is over then the maxSystemCpuUsagePercentageThresholds 0.9
[INFO] 2025-10-13 11:26:33.200 +0800 o.a.d.m.m.BaseServerLoadProtection:[43] - OverLoad: the system cpu usage: 1.0 is over then the maxSystemCpuUsagePercentageThresholds 0.9
[WARN] 2025-10-13 11:26:33.200 +0800 o.a.d.s.m.r.MasterSchedulerBootstrap:[120] - The current server is overload, cannot consumes commands.
[INFO] 2025-10-13 11:26:33.695 +0800 o.a.d.m.m.BaseServerLoadProtection:[43] - OverLoad: the system cpu usage: 1.0 is over then the maxSystemCpuUsagePercentageThresholds 0.9
[INFO] 2025-10-13 11:26:34.200 +0800 o.a.d.s.m.c.IdSlotBasedCommandFetcher:[67] - Fetch commands: 0 success, cost: 0ms, totalSlot: 1, currentSlotIndex: 0
[INFO] 2025-10-13 11:26:35.201 +0800 o.a.d.s.m.c.IdSlotBasedCommandFetcher:[67] - Fetch commands: 0 success, cost: 0ms, totalSlot: 1, currentSlotIndex: 0
[INFO] 2025-10-13 11:26:36.205 +0800 o.a.d.s.m.c.IdSlotBasedCommandFetcher:[67] - Fetch commands: 0 success, cost: 0ms, totalSlot: 1, currentSlotIndex: 0
[INFO] 2025-10-13 11:26:36.363 +0800 o.a.d.s.m.r.t.TaskGroupCoordinator:[187] - Success amend TaskGroupQueue status cost: 0/ms
[INFO] 2025-10-13 11:26:36.363 +0800 o.a.d.s.m.r.t.TaskGroupCoordinator:[241] - Success deal with force start TaskGroupQueue cost: 0/ms
[INFO] 2025-10-13 11:26:36.363 +0800 o.a.d.s.m.r.t.TaskGroupCoordinator:[129] - TaskGroupCoordinator round time cost: 0/ms
[INFO] 2025-10-13 11:26:37.206 +0800 o.a.d.s.m.c.IdSlotBasedCommandFetcher:[67] - Fetch commands: 0 success, cost: 0ms, totalSlot: 1, currentSlotIndex: 0
[INFO] 2025-10-13 11:26:38.207 +0800 o.a.d.s.m.c.IdSlotBasedCommandFetcher:[67] - Fetch commands: 0 success, cost: 0ms, totalSlot: 1, currentSlotIndex: 0
[INFO] 2025-10-13 11:26:39.291 +0800 o.a.d.s.m.c.IdSlotBasedCommandFetcher:[67] - Fetch commands: 0 success, cost: 0ms, totalSlot: 1, currentSlotIndex: 0
[INFO] 2025-10-13 11:26:40.359 +0800 o.a.d.s.m.c.IdSlotBasedCommandFetcher:[67] - Fetch commands: 0 success, cost: 0ms, totalSlot: 1, currentSlotIndex: 0
[INFO] 2025-10-13 11:26:41.367 +0800 o.a.d.s.m.r.t.TaskGroupCoordinator:[187] - Success amend TaskGroupQueue status cost: 0/ms
[INFO] 2025-10-13 11:26:41.367 +0800 o.a.d.s.m.r.t.TaskGroupCoordinator:[241] - Success deal with force start TaskGroupQueue cost: 0/ms
[INFO] 2025-10-13 11:26:41.367 +0800 o.a.d.s.m.r.t.TaskGroupCoordinator:[129] - TaskGroupCoordinator round time cost: 0/ms
[INFO] 2025-10-13 11:26:41.427 +0800 o.a.d.s.m.c.IdSlotBasedCommandFetcher:[67] - Fetch commands: 0 success, cost: 0ms, totalSlot: 1, currentSlotIndex: 0
[INFO] 2025-10-13 11:26:42.500 +0800 o.a.d.s.m.c.IdSlotBasedCommandFetcher:[67] - Fetch commands: 0 success, cost: 0ms, totalSlot: 1, currentSlotIndex: 0
[INFO] 2025-10-13 11:26:43.568 +0800 o.a.d.s.m.c.IdSlotBasedCommandFetcher:[67] - Fetch commands: 0 success, cost: 0ms, totalSlot: 1, currentSlotIndex: 0
[INFO] 2025-10-13 11:26:44.645 +0800 o.a.d.s.m.c.IdSlotBasedCommandFetcher:[67] - Fetch commands: 0 success, cost: 0ms, totalSlot: 1, currentSlotIndex: 0
[INFO] 2025-10-13 11:26:45.712 +0800 o.a.d.s.m.c.IdSlotBasedCommandFetcher:[67] - Fetch commands: 0 success, cost: 0ms, totalSlot: 1, currentSlotIndex: 0
[INFO] 2025-10-13 11:26:46.378 +0800 o.a.d.s.m.r.t.TaskGroupCoordinator:[187] - Success amend TaskGroupQueue status cost: 0/ms
[INFO] 2025-10-13 11:26:46.378 +0800 o.a.d.s.m.r.t.TaskGroupCoordinator:[241] - Success deal with force start TaskGroupQueue cost: 0/ms
[INFO] 2025-10-13 11:26:46.378 +0800 o.a.d.s.m.r.t.TaskGroupCoordinator:[129] - TaskGroupCoordinator round time cost: 0/ms
[INFO] 2025-10-13 11:26:46.911 +0800 o.a.d.s.m.c.IdSlotBasedCommandFetcher:[67] - Fetch commands: 0 success, cost: 0ms, totalSlot: 1, currentSlotIndex: 0
[INFO] 2025-10-13 11:26:47.912 +0800 o.a.d.s.m.c.IdSlotBasedCommandFetcher:[67] - Fetch commands: 0 success, cost: 0ms, totalSlot: 1, currentSlotIndex: 0
[INFO] 2025-10-13 11:26:48.912 +0800 o.a.d.s.m.c.IdSlotBasedCommandFetcher:[67] - Fetch commands: 0 success, cost: 0ms, totalSlot: 1, currentSlotIndex: 0
[INFO] 2025-10-13 11:26:49.912 +0800 o.a.d.s.m.c.IdSlotBasedCommandFetcher:[67] - Fetch commands: 0 success, cost: 0ms, totalSlot: 1, currentSlotIndex: 0
[INFO] 2025-10-13 11:26:50.912 +0800 o.a.d.s.m.c.IdSlotBasedCommandFetcher:[67] - Fetch commands: 0 success, cost: 0ms, totalSlot: 1, currentSlotIndex: 0
[INFO] 2025-10-13 11:26:51.382 +0800 o.a.d.s.m.r.t.TaskGroupCoordinator:[187] - Success amend TaskGroupQueue status cost: 0/ms
[INFO] 2025-10-13 11:26:51.382 +0800 o.a.d.s.m.r.t.TaskGroupCoordinator:[241] - Success deal with force start TaskGroupQueue cost: 0/ms
[INFO] 2025-10-13 11:26:51.383 +0800 o.a.d.s.m.r.t.TaskGroupCoordinator:[129] - TaskGroupCoordinator round time cost: 0/ms
[INFO] 2025-10-13 11:26:51.913 +0800 o.a.d.s.m.c.IdSlotBasedCommandFetcher:[67] - Fetch commands: 0 success, cost: 0ms, totalSlot: 1, currentSlotIndex: 0
[INFO] 2025-10-13 11:26:52.914 +0800 o.a.d.s.m.c.IdSlotBasedCommandFetcher:[67] - Fetch commands: 0 success, cost: 0ms, totalSlot: 1, currentSlotIndex: 0
[INFO] 2025-10-13 11:26:53.924 +0800 o.a.d.s.m.c.IdSlotBasedCommandFetcher:[67] - Fetch commands: 0 success, cost: 0ms, totalSlot: 1, currentSlotIndex: 0
[INFO] 2025-10-13 11:26:54.925 +0800 o.a.d.s.m.c.IdSlotBasedCommandFetcher:[67] - Fetch commands: 0 success, cost: 0ms, totalSlot: 1, currentSlotIndex: 0
[INFO] 2025-10-13 11:26:55.938 +0800 o.a.d.s.m.c.IdSlotBasedCommandFetcher:[67] - Fetch commands: 0 success, cost: 0ms, totalSlot: 1, currentSlotIndex: 0
[INFO] 2025-10-13 11:26:56.388 +0800 o.a.d.s.m.r.t.TaskGroupCoordinator:[187] - Success amend TaskGroupQueue status cost: 0/ms
[INFO] 2025-10-13 11:26:56.388 +0800 o.a.d.s.m.r.t.TaskGroupCoordinator:[241] - Success deal with force start TaskGroupQueue cost: 0/ms
[INFO] 2025-10-13 11:26:56.388 +0800 o.a.d.s.m.r.t.TaskGroupCoordinator:[129] - TaskGroupCoordinator round time cost: 0/ms
[INFO] 2025-10-13 11:26:56.939 +0800 o.a.d.s.m.c.IdSlotBasedCommandFetcher:[67] - Fetch commands: 0 success, cost: 0ms, totalSlot: 1, currentSlotIndex: 0
[INFO] 2025-10-13 11:26:57.940 +0800 o.a.d.s.m.c.IdSlotBasedCommandFetcher:[67] - Fetch commands: 0 success, cost: 0ms, totalSlot: 1, currentSlotIndex: 0
[INFO] 2025-10-13 11:26:58.946 +0800 o.a.d.s.m.c.IdSlotBasedCommandFetcher:[67] - Fetch commands: 0 success, cost: 0ms, totalSlot: 1, currentSlotIndex: 0
[INFO] 2025-10-13 11:26:59.947 +0800 o.a.d.s.m.c.IdSlotBasedCommandFetcher:[67] - Fetch commands: 0 success, cost: 0ms, totalSlot: 1, currentSlotIndex: 0
[INFO] 2025-10-13 11:27:01.098 +0800 o.a.d.s.m.c.IdSlotBasedCommandFetcher:[67] - Fetch commands: 0 success, cost: 0ms, totalSlot: 1, currentSlotIndex: 0
[INFO] 2025-10-13 11:27:01.397 +0800 o.a.d.s.m.r.t.TaskGroupCoordinator:[187] - Success amend TaskGroupQueue status cost: 0/ms
[INFO] 2025-10-13 11:27:01.398 +0800 o.a.d.s.m.r.t.TaskGroupCoordinator:[241] - Success deal with force start TaskGroupQueue cost: 0/ms
[INFO] 2025-10-13 11:27:01.398 +0800 o.a.d.s.m.r.t.TaskGroupCoordinator:[129] - TaskGroupCoordinator round time cost: 0/ms
[INFO] 2025-10-13 11:27:02.106 +0800 o.a.d.s.m.c.IdSlotBasedCommandFetcher:[67] - Fetch commands: 0 success, cost: 0ms, totalSlot: 1, currentSlotIndex: 0
[INFO] 2025-10-13 11:27:03.107 +0800 o.a.d.s.m.c.IdSlotBasedCommandFetcher:[67] - Fetch commands: 0 success, cost: 0ms, totalSlot: 1, currentSlotIndex: 0
[INFO] 2025-10-13 11:27:04.108 +0800 o.a.d.s.m.c.IdSlotBasedCommandFetcher:[67] - Fetch commands: 0 success, cost: 0ms, totalSlot: 1, currentSlotIndex: 0
[INFO] 2025-10-13 11:27:05.113 +0800 o.a.d.s.m.c.IdSlotBasedCommandFetcher:[67] - Fetch commands: 0 success, cost: 0ms, totalSlot: 1, currentSlotIndex: 0
[INFO] 2025-10-13 11:27:06.121 +0800 o.a.d.s.m.c.IdSlotBasedCommandFetcher:[67] - Fetch commands: 0 success, cost: 0ms, totalSlot: 1, currentSlotIndex: 0
[INFO] 2025-10-13 11:27:06.404 +0800 o.a.d.s.m.r.t.TaskGroupCoordinator:[187] - Success amend TaskGroupQueue status cost: 0/ms
[INFO] 2025-10-13 11:27:06.404 +0800 o.a.d.s.m.r.t.TaskGroupCoordinator:[241] - Success deal with force start TaskGroupQueue cost: 0/ms
[INFO] 2025-10-13 11:27:06.404 +0800 o.a.d.s.m.r.t.TaskGroupCoordinator:[129] - TaskGroupCoordinator round time cost: 0/ms
[INFO] 2025-10-13 11:27:07.122 +0800 o.a.d.s.m.c.IdSlotBasedCommandFetcher:[67] - Fetch commands: 0 success, cost: 0ms, totalSlot: 1, currentSlotIndex: 0
[INFO] 2025-10-13 11:27:08.137 +0800 o.a.d.s.m.c.IdSlotBasedCommandFetcher:[67] - Fetch commands: 0 success, cost: 0ms, totalSlot: 1, currentSlotIndex: 0
[INFO] 2025-10-13 11:27:09.137 +0800 o.a.d.s.m.c.IdSlotBasedCommandFetcher:[67] - Fetch commands: 0 success, cost: 0ms, totalSlot: 1, currentSlotIndex: 0
[INFO] 2025-10-13 11:27:10.151 +0800 o.a.d.s.m.c.IdSlotBasedCommandFetcher:[67] - Fetch commands: 0 success, cost: 0ms, totalSlot: 1, currentSlotIndex: 0
[INFO] 2025-10-13 11:27:11.152 +0800 o.a.d.s.m.c.IdSlotBasedCommandFetcher:[67] - Fetch commands: 0 success, cost: 0ms, totalSlot: 1, currentSlotIndex: 0
[INFO] 2025-10-13 11:27:11.410 +0800 o.a.d.s.m.r.t.TaskGroupCoordinator:[187] - Success amend TaskGroupQueue status cost: 0/ms
[INFO] 2025-10-13 11:27:11.411 +0800 o.a.d.s.m.r.t.TaskGroupCoordinator:[241] - Success deal with force start TaskGroupQueue cost: 0/ms
[INFO] 2025-10-13 11:27:11.411 +0800 o.a.d.s.m.r.t.TaskGroupCoordinator:[129] - TaskGroupCoordinator round time cost: 1/ms
[INFO] 2025-10-13 11:27:12.153 +0800 o.a.d.s.m.c.IdSlotBasedCommandFetcher:[67] - Fetch commands: 0 success, cost: 0ms, totalSlot: 1, currentSlotIndex: 0
[INFO] 2025-10-13 11:27:13.162 +0800 o.a.d.s.m.c.IdSlotBasedCommandFetcher:[67] - Fetch commands: 0 success, cost: 0ms, totalSlot: 1, currentSlotIndex: 0
[INFO] 2025-10-13 11:27:14.305 +0800 o.a.d.s.m.c.IdSlotBasedCommandFetcher:[67] - Fetch commands: 0 success, cost: 0ms, totalSlot: 1, currentSlotIndex: 0
[INFO] 2025-10-13 11:27:15.388 +0800 o.a.d.s.m.c.IdSlotBasedCommandFetcher:[67] - Fetch commands: 0 success, cost: 0ms, totalSlot: 1, currentSlotIndex: 0
[INFO] 2025-10-13 11:27:16.421 +0800 o.a.d.s.m.r.t.TaskGroupCoordinator:[187] - Success amend TaskGroupQueue status cost: 0/ms
[INFO] 2025-10-13 11:27:16.421 +0800 o.a.d.s.m.r.t.TaskGroupCoordinator:[241] - Success deal with force start TaskGroupQueue cost: 0/ms
[INFO] 2025-10-13 11:27:16.422 +0800 o.a.d.s.m.r.t.TaskGroupCoordinator:[129] - TaskGroupCoordinator round time cost: 0/ms
[INFO] 2025-10-13 11:27:16.456 +0800 o.a.d.s.m.c.IdSlotBasedCommandFetcher:[67] - Fetch commands: 0 success, cost: 0ms, totalSlot: 1, currentSlotIndex: 0
[INFO] 2025-10-13 11:27:17.541 +0800 o.a.d.s.m.c.IdSlotBasedCommandFetcher:[67] - Fetch commands: 0 success, cost: 0ms, totalSlot: 1, currentSlotIndex: 0
[INFO] 2025-10-13 11:27:18.680 +0800 o.a.d.s.m.c.IdSlotBasedCommandFetcher:[67] - Fetch commands: 0 success, cost: 0ms, totalSlot: 1, currentSlotIndex: 0
[INFO] 2025-10-13 11:27:19.681 +0800 o.a.d.s.m.c.IdSlotBasedCommandFetcher:[67] - Fetch commands: 0 success, cost: 0ms, totalSlot: 1, currentSlotIndex: 0
[INFO] 2025-10-13 11:27:20.681 +0800 o.a.d.s.m.c.IdSlotBasedCommandFetcher:[67] - Fetch commands: 0 success, cost: 0ms, totalSlot: 1, currentSlotIndex: 0
[INFO] 2025-10-13 11:27:21.435 +0800 o.a.d.s.m.r.t.TaskGroupCoordinator:[187] - Success amend TaskGroupQueue status cost: 0/ms
[INFO] 2025-10-13 11:27:21.435 +0800 o.a.d.s.m.r.t.TaskGroupCoordinator:[241] - Success deal with force start TaskGroupQueue cost: 0/ms
[INFO] 2025-10-13 11:27:21.436 +0800 o.a.d.s.m.r.t.TaskGroupCoordinator:[129] - TaskGroupCoordinator round time cost: 0/ms
[INFO] 2025-10-13 11:27:21.682 +0800 o.a.d.s.m.c.IdSlotBasedCommandFetcher:[67] - Fetch commands: 0 success, cost: 0ms, totalSlot: 1, currentSlotIndex: 0
[INFO] 2025-10-13 11:27:22.682 +0800 o.a.d.s.m.c.IdSlotBasedCommandFetcher:[67] - Fetch commands: 0 success, cost: 0ms, totalSlot: 1, currentSlotIndex: 0
[INFO] 2025-10-13 11:27:23.682 +0800 o.a.d.s.m.c.IdSlotBasedCommandFetcher:[67] - Fetch commands: 0 success, cost: 0ms, totalSlot: 1, currentSlotIndex: 0
[INFO] 2025-10-13 11:27:24.683 +0800 o.a.d.s.m.c.IdSlotBasedCommandFetcher:[67] - Fetch commands: 0 success, cost: 0ms, totalSlot: 1, currentSlotIndex: 0
[INFO] 2025-10-13 11:27:25.684 +0800 o.a.d.s.m.c.IdSlotBasedCommandFetcher:[67] - Fetch commands: 0 success, cost: 0ms, totalSlot: 1, currentSlotIndex: 0
[INFO] 2025-10-13 11:27:26.442 +0800 o.a.d.s.m.r.t.TaskGroupCoordinator:[187] - Success amend TaskGroupQueue status cost: 0/ms
[INFO] 2025-10-13 11:27:26.442 +0800 o.a.d.s.m.r.t.TaskGroupCoordinator:[241] - Success deal with force start TaskGroupQueue cost: 0/ms
[INFO] 2025-10-13 11:27:26.442 +0800 o.a.d.s.m.r.t.TaskGroupCoordinator:[129] - TaskGroupCoordinator round time cost: 0/ms
[INFO] 2025-10-13 11:27:26.684 +0800 o.a.d.s.m.c.IdSlotBasedCommandFetcher:[67] - Fetch commands: 0 success, cost: 0ms, totalSlot: 1, currentSlotIndex: 0
[INFO] 2025-10-13 11:27:27.684 +0800 o.a.d.s.m.c.IdSlotBasedCommandFetcher:[67] - Fetch commands: 0 success, cost: 0ms, totalSlot: 1, currentSlotIndex: 0
[INFO] 2025-10-13 11:27:28.684 +0800 o.a.d.s.m.c.IdSlotBasedCommandFetcher:[67] - Fetch commands: 0 success, cost: 0ms, totalSlot: 1, currentSlotIndex: 0
[INFO] 2025-10-13 11:27:29.693 +0800 o.a.d.s.m.c.IdSlotBasedCommandFetcher:[67] - Fetch commands: 0 success, cost: 0ms, totalSlot: 1, currentSlotIndex: 0
[INFO] 2025-10-13 11:27:30.694 +0800 o.a.d.s.m.c.IdSlotBasedCommandFetcher:[67] - Fetch commands: 0 success, cost: 0ms, totalSlot: 1, currentSlotIndex: 0
[INFO] 2025-10-13 11:27:31.450 +0800 o.a.d.s.m.r.t.TaskGroupCoordinator:[187] - Success amend TaskGroupQueue status cost: 0/ms
[INFO] 2025-10-13 11:27:31.450 +0800 o.a.d.s.m.r.t.TaskGroupCoordinator:[241] - Success deal with force start TaskGroupQueue cost: 0/ms
[INFO] 2025-10-13 11:27:31.450 +0800 o.a.d.s.m.r.t.TaskGroupCoordinator:[129] - TaskGroupCoordinator round time cost: 0/ms
[INFO] 2025-10-13 11:27:31.694 +0800 o.a.d.s.m.c.IdSlotBasedCommandFetcher:[67] - Fetch commands: 0 success, cost: 0ms, totalSlot: 1, currentSlotIndex: 0
[INFO] 2025-10-13 11:27:32.802 +0800 o.a.d.s.m.c.IdSlotBasedCommandFetcher:[67] - Fetch commands: 0 success, cost: 0ms, totalSlot: 1, currentSlotIndex: 0
[INFO] 2025-10-13 11:27:33.883 +0800 o.a.d.s.m.c.IdSlotBasedCommandFetcher:[67] - Fetch commands: 0 success, cost: 0ms, totalSlot: 1, currentSlotIndex: 0
[INFO] 2025-10-13 11:27:34.956 +0800 o.a.d.s.m.c.IdSlotBasedCommandFetcher:[67] - Fetch commands: 0 success, cost: 0ms, totalSlot: 1, currentSlotIndex: 0
[INFO] 2025-10-13 11:27:36.041 +0800 o.a.d.s.m.c.IdSlotBasedCommandFetcher:[67] - Fetch commands: 0 success, cost: 0ms, totalSlot: 1, currentSlotIndex: 0
[INFO] 2025-10-13 11:27:36.465 +0800 o.a.d.s.m.r.t.TaskGroupCoordinator:[187] - Success amend TaskGroupQueue status cost: 0/ms
[INFO] 2025-10-13 11:27:36.465 +0800 o.a.d.s.m.r.t.TaskGroupCoordinator:[241] - Success deal with force start TaskGroupQueue cost: 0/ms
[INFO] 2025-10-13 11:27:36.465 +0800 o.a.d.s.m.r.t.TaskGroupCoordinator:[129] - TaskGroupCoordinator round time cost: 0/ms
[INFO] 2025-10-13 11:27:37.115 +0800 o.a.d.s.m.c.IdSlotBasedCommandFetcher:[67] - Fetch commands: 0 success, cost: 0ms, totalSlot: 1, currentSlotIndex: 0
[INFO] 2025-10-13 11:27:38.193 +0800 o.a.d.s.m.c.IdSlotBasedCommandFetcher:[67] - Fetch commands: 0 success, cost: 0ms, totalSlot: 1, currentSlotIndex: 0
[INFO] 2025-10-13 11:27:39.264 +0800 o.a.d.s.m.c.IdSlotBasedCommandFetcher:[67] - Fetch commands: 0 success, cost: 1ms, totalSlot: 1, currentSlotIndex: 0
[INFO] 2025-10-13 11:27:40.364 +0800 o.a.d.s.m.c.IdSlotBasedCommandFetcher:[67] - Fetch commands: 0 success, cost: 0ms, totalSlot: 1, currentSlotIndex: 0
[INFO] 2025-10-13 11:27:41.364 +0800 o.a.d.s.m.c.IdSlotBasedCommandFetcher:[67] - Fetch commands: 0 success, cost: 0ms, totalSlot: 1, currentSlotIndex: 0
[INFO] 2025-10-13 11:27:41.470 +0800 o.a.d.s.m.r.t.TaskGroupCoordinator:[187] - Success amend TaskGroupQueue status cost: 0/ms
[INFO] 2025-10-13 11:27:41.471 +0800 o.a.d.s.m.r.t.TaskGroupCoordinator:[241] - Success deal with force start TaskGroupQueue cost: 0/ms
[INFO] 2025-10-13 11:27:41.471 +0800 o.a.d.s.m.r.t.TaskGroupCoordinator:[129] - TaskGroupCoordinator round time cost: 0/ms
[INFO] 2025-10-13 11:27:42.364 +0800 o.a.d.s.m.c.IdSlotBasedCommandFetcher:[67] - Fetch commands: 0 success, cost: 0ms, totalSlot: 1, currentSlotIndex: 0
[INFO] 2025-10-13 11:27:43.368 +0800 o.a.d.s.m.c.IdSlotBasedCommandFetcher:[67] - Fetch commands: 0 success, cost: 0ms, totalSlot: 1, currentSlotIndex: 0
[INFO] 2025-10-13 11:27:44.373 +0800 o.a.d.s.m.c.IdSlotBasedCommandFetcher:[67] - Fetch commands: 0 success, cost: 0ms, totalSlot: 1, currentSlotIndex: 0
[INFO] 2025-10-13 11:27:45.374 +0800 o.a.d.s.m.c.IdSlotBasedCommandFetcher:[67] - Fetch commands: 0 success, cost: 0ms, totalSlot: 1, currentSlotIndex: 0
[INFO] 2025-10-13 11:27:46.380 +0800 o.a.d.s.m.c.IdSlotBasedCommandFetcher:[67] - Fetch commands: 0 success, cost: 0ms, totalSlot: 1, currentSlotIndex: 0
[INFO] 2025-10-13 11:27:46.479 +0800 o.a.d.s.m.r.t.TaskGroupCoordinator:[187] - Success amend TaskGroupQueue status cost: 0/ms
[INFO] 2025-10-13 11:27:46.479 +0800 o.a.d.s.m.r.t.TaskGroupCoordinator:[241] - Success deal with force start TaskGroupQueue cost: 0/ms
[INFO] 2025-10-13 11:27:46.479 +0800 o.a.d.s.m.r.t.TaskGroupCoordinator:[129] - TaskGroupCoordinator round time cost: 0/ms
[INFO] 2025-10-13 11:27:47.380 +0800 o.a.d.s.m.c.IdSlotBasedCommandFetcher:[67] - Fetch commands: 0 success, cost: 0ms, totalSlot: 1, currentSlotIndex: 0
[INFO] 2025-10-13 11:27:48.381 +0800 o.a.d.s.m.c.IdSlotBasedCommandFetcher:[67] - Fetch commands: 0 success, cost: 0ms, totalSlot: 1, currentSlotIndex: 0
[INFO] 2025-10-13 11:27:49.381 +0800 o.a.d.s.m.c.IdSlotBasedCommandFetcher:[67] - Fetch commands: 0 success, cost: 0ms, totalSlot: 1, currentSlotIndex: 0
[INFO] 2025-10-13 11:27:50.382 +0800 o.a.d.s.m.c.IdSlotBasedCommandFetcher:[67] - Fetch commands: 0 success, cost: 0ms, totalSlot: 1, currentSlotIndex: 0
[INFO] 2025-10-13 11:27:51.383 +0800 o.a.d.s.m.c.IdSlotBasedCommandFetcher:[67] - Fetch commands: 0 success, cost: 0ms, totalSlot: 1, currentSlotIndex: 0
[INFO] 2025-10-13 11:27:51.489 +0800 o.a.d.s.m.r.t.TaskGroupCoordinator:[187] - Success amend TaskGroupQueue status cost: 0/ms
[INFO] 2025-10-13 11:27:51.489 +0800 o.a.d.s.m.r.t.TaskGroupCoordinator:[241] - Success deal with force start TaskGroupQueue cost: 0/ms
[INFO] 2025-10-13 11:27:51.489 +0800 o.a.d.s.m.r.t.TaskGroupCoordinator:[129] - TaskGroupCoordinator round time cost: 0/ms
[INFO] 2025-10-13 11:27:52.383 +0800 o.a.d.s.m.c.IdSlotBasedCommandFetcher:[67] - Fetch commands: 0 success, cost: 0ms, totalSlot: 1, currentSlotIndex: 0
[INFO] 2025-10-13 11:27:53.539 +0800 o.a.d.s.m.c.IdSlotBasedCommandFetcher:[67] - Fetch commands: 0 success, cost: 0ms, totalSlot: 1, currentSlotIndex: 0
[INFO] 2025-10-13 11:27:54.541 +0800 o.a.d.s.m.c.IdSlotBasedCommandFetcher:[67] - Fetch commands: 0 success, cost: 0ms, totalSlot: 1, currentSlotIndex: 0
[INFO] 2025-10-13 11:27:55.541 +0800 o.a.d.s.m.c.IdSlotBasedCommandFetcher:[67] - Fetch commands: 0 success, cost: 0ms, totalSlot: 1, currentSlotIndex: 0
[INFO] 2025-10-13 11:27:56.494 +0800 o.a.d.s.m.r.t.TaskGroupCoordinator:[187] - Success amend TaskGroupQueue status cost: 0/ms
[INFO] 2025-10-13 11:27:56.494 +0800 o.a.d.s.m.r.t.TaskGroupCoordinator:[241] - Success deal with force start TaskGroupQueue cost: 0/ms
[INFO] 2025-10-13 11:27:56.494 +0800 o.a.d.s.m.r.t.TaskGroupCoordinator:[129] - TaskGroupCoordinator round time cost: 0/ms
[INFO] 2025-10-13 11:27:56.541 +0800 o.a.d.s.m.c.IdSlotBasedCommandFetcher:[67] - Fetch commands: 0 success, cost: 0ms, totalSlot: 1, currentSlotIndex: 0
[INFO] 2025-10-13 11:27:57.542 +0800 o.a.d.s.m.c.IdSlotBasedCommandFetcher:[67] - Fetch commands: 0 success, cost: 0ms, totalSlot: 1, currentSlotIndex: 0
[INFO] 2025-10-13 11:27:58.553 +0800 o.a.d.s.m.c.IdSlotBasedCommandFetcher:[67] - Fetch commands: 0 success, cost: 0ms, totalSlot: 1, currentSlotIndex: 0
[INFO] 2025-10-13 11:27:59.553 +0800 o.a.d.s.m.c.IdSlotBasedCommandFetcher:[67] - Fetch commands: 0 success, cost: 0ms, totalSlot: 1, currentSlotIndex: 0
[INFO] 2025-10-13 11:28:00.554 +0800 o.a.d.s.m.c.IdSlotBasedCommandFetcher:[67] - Fetch commands: 0 success, cost: 0ms, totalSlot: 1, currentSlotIndex: 0
[INFO] 2025-10-13 11:28:01.500 +0800 o.a.d.s.m.r.t.TaskGroupCoordinator:[187] - Success amend TaskGroupQueue status cost: 0/ms
[INFO] 2025-10-13 11:28:01.500 +0800 o.a.d.s.m.r.t.TaskGroupCoordinator:[241] - Success deal with force start TaskGroupQueue cost: 0/ms
[INFO] 2025-10-13 11:28:01.500 +0800 o.a.d.s.m.r.t.TaskGroupCoordinator:[129] - TaskGroupCoordinator round time cost: 1/ms
[INFO] 2025-10-13 11:28:01.565 +0800 o.a.d.s.m.c.IdSlotBasedCommandFetcher:[67] - Fetch commands: 0 success, cost: 0ms, totalSlot: 1, currentSlotIndex: 0
[INFO] 2025-10-13 11:28:02.565 +0800 o.a.d.s.m.c.IdSlotBasedCommandFetcher:[67] - Fetch commands: 0 success, cost: 0ms, totalSlot: 1, currentSlotIndex: 0
[INFO] 2025-10-13 11:28:03.571 +0800 o.a.d.s.m.c.IdSlotBasedCommandFetcher:[67] - Fetch commands: 0 success, cost: 0ms, totalSlot: 1, currentSlotIndex: 0
[INFO] 2025-10-13 11:28:04.572 +0800 o.a.d.s.m.c.IdSlotBasedCommandFetcher:[67] - Fetch commands: 0 success, cost: 0ms, totalSlot: 1, currentSlotIndex: 0
[INFO] 2025-10-13 11:28:05.580 +0800 o.a.d.s.m.c.IdSlotBasedCommandFetcher:[67] - Fetch commands: 0 success, cost: 0ms, totalSlot: 1, currentSlotIndex: 0
[INFO] 2025-10-13 11:28:06.505 +0800 o.a.d.s.m.r.t.TaskGroupCoordinator:[187] - Success amend TaskGroupQueue status cost: 0/ms
[INFO] 2025-10-13 11:28:06.505 +0800 o.a.d.s.m.r.t.TaskGroupCoordinator:[241] - Success deal with force start TaskGroupQueue cost: 0/ms
[INFO] 2025-10-13 11:28:06.505 +0800 o.a.d.s.m.r.t.TaskGroupCoordinator:[129] - TaskGroupCoordinator round time cost: 0/ms
[INFO] 2025-10-13 11:28:06.581 +0800 o.a.d.s.m.c.IdSlotBasedCommandFetcher:[67] - Fetch commands: 0 success, cost: 0ms, totalSlot: 1, currentSlotIndex: 0
[INFO] 2025-10-13 11:28:07.582 +0800 o.a.d.s.m.c.IdSlotBasedCommandFetcher:[67] - Fetch commands: 0 success, cost: 0ms, totalSlot: 1, currentSlotIndex: 0
[INFO] 2025-10-13 11:28:08.583 +0800 o.a.d.s.m.c.IdSlotBasedCommandFetcher:[67] - Fetch commands: 0 success, cost: 0ms, totalSlot: 1, currentSlotIndex: 0
[INFO] 2025-10-13 11:28:09.583 +0800 o.a.d.s.m.c.IdSlotBasedCommandFetcher:[67] - Fetch commands: 0 success, cost: 0ms, totalSlot: 1, currentSlotIndex: 0
[INFO] 2025-10-13 11:28:10.584 +0800 o.a.d.s.m.c.IdSlotBasedCommandFetcher:[67] - Fetch commands: 0 success, cost: 0ms, totalSlot: 1, currentSlotIndex: 0
[INFO] 2025-10-13 11:28:11.509 +0800 o.a.d.s.m.r.t.TaskGroupCoordinator:[187] - Success amend TaskGroupQueue status cost: 0/ms
[INFO] 2025-10-13 11:28:11.509 +0800 o.a.d.s.m.r.t.TaskGroupCoordinator:[241] - Success deal with force start TaskGroupQueue cost: 0/ms
[INFO] 2025-10-13 11:28:11.511 +0800 o.a.d.s.m.r.t.TaskGroupCoordinator:[129] - TaskGroupCoordinator round time cost: 0/ms
[INFO] 2025-10-13 11:28:11.584 +0800 o.a.d.s.m.c.IdSlotBasedCommandFetcher:[67] - Fetch commands: 0 success, cost: 0ms, totalSlot: 1, currentSlotIndex: 0
[INFO] 2025-10-13 11:28:12.584 +0800 o.a.d.s.m.c.IdSlotBasedCommandFetcher:[67] - Fetch commands: 0 success, cost: 0ms, totalSlot: 1, currentSlotIndex: 0
[INFO] 2025-10-13 11:28:13.585 +0800 o.a.d.s.m.c.IdSlotBasedCommandFetcher:[67] - Fetch commands: 0 success, cost: 0ms, totalSlot: 1, currentSlotIndex: 0
[INFO] 2025-10-13 11:28:14.585 +0800 o.a.d.s.m.c.IdSlotBasedCommandFetcher:[67] - Fetch commands: 0 success, cost: 0ms, totalSlot: 1, currentSlotIndex: 0
[INFO] 2025-10-13 11:28:15.585 +0800 o.a.d.s.m.c.IdSlotBasedCommandFetcher:[67] - Fetch commands: 0 success, cost: 0ms, totalSlot: 1, currentSlotIndex: 0
[INFO] 2025-10-13 11:28:16.516 +0800 o.a.d.s.m.r.t.TaskGroupCoordinator:[187] - Success amend TaskGroupQueue status cost: 0/ms
[INFO] 2025-10-13 11:28:16.516 +0800 o.a.d.s.m.r.t.TaskGroupCoordinator:[241] - Success deal with force start TaskGroupQueue cost: 0/ms
[INFO] 2025-10-13 11:28:16.517 +0800 o.a.d.s.m.r.t.TaskGroupCoordinator:[129] - TaskGroupCoordinator round time cost: 0/ms
[INFO] 2025-10-13 11:28:16.586 +0800 o.a.d.s.m.c.IdSlotBasedCommandFetcher:[67] - Fetch commands: 0 success, cost: 0ms, totalSlot: 1, currentSlotIndex: 0
[INFO] 2025-10-13 11:28:17.586 +0800 o.a.d.s.m.c.IdSlotBasedCommandFetcher:[67] - Fetch commands: 0 success, cost: 0ms, totalSlot: 1, currentSlotIndex: 0
[INFO] 2025-10-13 11:28:18.587 +0800 o.a.d.s.m.c.IdSlotBasedCommandFetcher:[67] - Fetch commands: 0 success, cost: 0ms, totalSlot: 1, currentSlotIndex: 0
[INFO] 2025-10-13 11:28:19.587 +0800 o.a.d.s.m.c.IdSlotBasedCommandFetcher:[67] - Fetch commands: 0 success, cost: 0ms, totalSlot: 1, currentSlotIndex: 0
[INFO] 2025-10-13 11:28:20.602 +0800 o.a.d.s.m.c.IdSlotBasedCommandFetcher:[67] - Fetch commands: 0 success, cost: 0ms, totalSlot: 1, currentSlotIndex: 0
[INFO] 2025-10-13 11:28:21.522 +0800 o.a.d.s.m.r.t.TaskGroupCoordinator:[187] - Success amend TaskGroupQueue status cost: 0/ms
[INFO] 2025-10-13 11:28:21.523 +0800 o.a.d.s.m.r.t.TaskGroupCoordinator:[241] - Success deal with force start TaskGroupQueue cost: 0/ms
[INFO] 2025-10-13 11:28:21.523 +0800 o.a.d.s.m.r.t.TaskGroupCoordinator:[129] - TaskGroupCoordinator round time cost: 1/ms
[INFO] 2025-10-13 11:28:21.602 +0800 o.a.d.s.m.c.IdSlotBasedCommandFetcher:[67] - Fetch commands: 0 success, cost: 0ms, totalSlot: 1, currentSlotIndex: 0
[INFO] 2025-10-13 11:28:22.614 +0800 o.a.d.s.m.c.IdSlotBasedCommandFetcher:[67] - Fetch commands: 0 success, cost: 0ms, totalSlot: 1, currentSlotIndex: 0
[INFO] 2025-10-13 11:28:23.614 +0800 o.a.d.s.m.c.IdSlotBasedCommandFetcher:[67] - Fetch commands: 0 success, cost: 0ms, totalSlot: 1, currentSlotIndex: 0
[INFO] 2025-10-13 11:28:24.625 +0800 o.a.d.s.m.c.IdSlotBasedCommandFetcher:[67] - Fetch commands: 0 success, cost: 0ms, totalSlot: 1, currentSlotIndex: 0
[INFO] 2025-10-13 11:28:25.625 +0800 o.a.d.s.m.c.IdSlotBasedCommandFetcher:[67] - Fetch commands: 0 success, cost: 0ms, totalSlot: 1, currentSlotIndex: 0
[INFO] 2025-10-13 11:28:26.535 +0800 o.a.d.s.m.r.t.TaskGroupCoordinator:[187] - Success amend TaskGroupQueue status cost: 0/ms
[INFO] 2025-10-13 11:28:26.536 +0800 o.a.d.s.m.r.t.TaskGroupCoordinator:[241] - Success deal with force start TaskGroupQueue cost: 0/ms
[INFO] 2025-10-13 11:28:26.536 +0800 o.a.d.s.m.r.t.TaskGroupCoordinator:[129] - TaskGroupCoordinator round time cost: 0/ms
[INFO] 2025-10-13 11:28:26.626 +0800 o.a.d.s.m.c.IdSlotBasedCommandFetcher:[67] - Fetch commands: 0 success, cost: 0ms, totalSlot: 1, currentSlotIndex: 0
[INFO] 2025-10-13 11:28:27.638 +0800 o.a.d.s.m.c.IdSlotBasedCommandFetcher:[67] - Fetch commands: 0 success, cost: 0ms, totalSlot: 1, currentSlotIndex: 0
[INFO] 2025-10-13 11:28:28.639 +0800 o.a.d.s.m.c.IdSlotBasedCommandFetcher:[67] - Fetch commands: 0 success, cost: 0ms, totalSlot: 1, currentSlotIndex: 0
[INFO] 2025-10-13 11:28:29.640 +0800 o.a.d.s.m.c.IdSlotBasedCommandFetcher:[67] - Fetch commands: 0 success, cost: 0ms, totalSlot: 1, currentSlotIndex: 0
[INFO] 2025-10-13 11:28:30.641 +0800 o.a.d.s.m.c.IdSlotBasedCommandFetcher:[67] - Fetch commands: 0 success, cost: 0ms, totalSlot: 1, currentSlotIndex: 0
[INFO] 2025-10-13 11:28:31.545 +0800 o.a.d.s.m.r.t.TaskGroupCoordinator:[187] - Success amend TaskGroupQueue status cost: 0/ms
[INFO] 2025-10-13 11:28:31.545 +0800 o.a.d.s.m.r.t.TaskGroupCoordinator:[241] - Success deal with force start TaskGroupQueue cost: 0/ms
[INFO] 2025-10-13 11:28:31.545 +0800 o.a.d.s.m.r.t.TaskGroupCoordinator:[129] - TaskGroupCoordinator round time cost: 0/ms
[INFO] 2025-10-13 11:28:31.641 +0800 o.a.d.s.m.c.IdSlotBasedCommandFetcher:[67] - Fetch commands: 0 success, cost: 0ms, totalSlot: 1, currentSlotIndex: 0
[INFO] 2025-10-13 11:28:32.642 +0800 o.a.d.s.m.c.IdSlotBasedCommandFetcher:[67] - Fetch commands: 0 success, cost: 0ms, totalSlot: 1, currentSlotIndex: 0
[INFO] 2025-10-13 11:28:33.642 +0800 o.a.d.s.m.c.IdSlotBasedCommandFetcher:[67] - Fetch commands: 0 success, cost: 0ms, totalSlot: 1, currentSlotIndex: 0
[INFO] 2025-10-13 11:28:34.643 +0800 o.a.d.s.m.c.IdSlotBasedCommandFetcher:[67] - Fetch commands: 0 success, cost: 0ms, totalSlot: 1, currentSlotIndex: 0
[INFO] 2025-10-13 11:28:35.643 +0800 o.a.d.s.m.c.IdSlotBasedCommandFetcher:[67] - Fetch commands: 0 success, cost: 0ms, totalSlot: 1, currentSlotIndex: 0
[INFO] 2025-10-13 11:28:36.551 +0800 o.a.d.s.m.r.t.TaskGroupCoordinator:[187] - Success amend TaskGroupQueue status cost: 0/ms
[INFO] 2025-10-13 11:28:36.551 +0800 o.a.d.s.m.r.t.TaskGroupCoordinator:[241] - Success deal with force start TaskGroupQueue cost: 0/ms
[INFO] 2025-10-13 11:28:36.551 +0800 o.a.d.s.m.r.t.TaskGroupCoordinator:[129] - TaskGroupCoordinator round time cost: 0/ms
[INFO] 2025-10-13 11:28:36.644 +0800 o.a.d.s.m.c.IdSlotBasedCommandFetcher:[67] - Fetch commands: 0 success, cost: 0ms, totalSlot: 1, currentSlotIndex: 0
[INFO] 2025-10-13 11:28:37.644 +0800 o.a.d.s.m.c.IdSlotBasedCommandFetcher:[67] - Fetch commands: 0 success, cost: 0ms, totalSlot: 1, currentSlotIndex: 0
[INFO] 2025-10-13 11:28:38.657 +0800 o.a.d.s.m.c.IdSlotBasedCommandFetcher:[67] - Fetch commands: 0 success, cost: 0ms, totalSlot: 1, currentSlotIndex: 0
[INFO] 2025-10-13 11:28:39.658 +0800 o.a.d.s.m.c.IdSlotBasedCommandFetcher:[67] - Fetch commands: 0 success, cost: 0ms, totalSlot: 1, currentSlotIndex: 0
[INFO] 2025-10-13 11:28:40.667 +0800 o.a.d.s.m.c.IdSlotBasedCommandFetcher:[67] - Fetch commands: 0 success, cost: 0ms, totalSlot: 1, currentSlotIndex: 0
[INFO] 2025-10-13 11:28:41.557 +0800 o.a.d.s.m.r.t.TaskGroupCoordinator:[187] - Success amend TaskGroupQueue status cost: 0/ms
[INFO] 2025-10-13 11:28:41.557 +0800 o.a.d.s.m.r.t.TaskGroupCoordinator:[241] - Success deal with force start TaskGroupQueue cost: 0/ms
[INFO] 2025-10-13 11:28:41.557 +0800 o.a.d.s.m.r.t.TaskGroupCoordinator:[129] - TaskGroupCoordinator round time cost: 0/ms
[INFO] 2025-10-13 11:28:41.670 +0800 o.a.d.s.m.c.IdSlotBasedCommandFetcher:[67] - Fetch commands: 0 success, cost: 0ms, totalSlot: 1, currentSlotIndex: 0
[INFO] 2025-10-13 11:28:42.670 +0800 o.a.d.s.m.c.IdSlotBasedCommandFetcher:[67] - Fetch commands: 0 success, cost: 0ms, totalSlot: 1, currentSlotIndex: 0
[INFO] 2025-10-13 11:28:43.678 +0800 o.a.d.s.m.c.IdSlotBasedCommandFetcher:[67] - Fetch commands: 0 success, cost: 0ms, totalSlot: 1, currentSlotIndex: 0
[INFO] 2025-10-13 11:28:44.682 +0800 o.a.d.s.m.c.IdSlotBasedCommandFetcher:[67] - Fetch commands: 0 success, cost: 0ms, totalSlot: 1, currentSlotIndex: 0
[INFO] 2025-10-13 11:28:45.695 +0800 o.a.d.s.m.c.IdSlotBasedCommandFetcher:[67] - Fetch commands: 0 success, cost: 0ms, totalSlot: 1, currentSlotIndex: 0
[INFO] 2025-10-13 11:28:46.568 +0800 o.a.d.s.m.r.t.TaskGroupCoordinator:[187] - Success amend TaskGroupQueue status cost: 0/ms
[INFO] 2025-10-13 11:28:46.569 +0800 o.a.d.s.m.r.t.TaskGroupCoordinator:[241] - Success deal with force start TaskGroupQueue cost: 0/ms
[INFO] 2025-10-13 11:28:46.569 +0800 o.a.d.s.m.r.t.TaskGroupCoordinator:[129] - TaskGroupCoordinator round time cost: 0/ms
[INFO] 2025-10-13 11:28:46.696 +0800 o.a.d.s.m.c.IdSlotBasedCommandFetcher:[67] - Fetch commands: 0 success, cost: 0ms, totalSlot: 1, currentSlotIndex: 0
[INFO] 2025-10-13 11:28:47.697 +0800 o.a.d.s.m.c.IdSlotBasedCommandFetcher:[67] - Fetch commands: 0 success, cost: 0ms, totalSlot: 1, currentSlotIndex: 0
[INFO] 2025-10-13 11:28:48.697 +0800 o.a.d.s.m.c.IdSlotBasedCommandFetcher:[67] - Fetch commands: 0 success, cost: 0ms, totalSlot: 1, currentSlotIndex: 0
[INFO] 2025-10-13 11:28:49.698 +0800 o.a.d.s.m.c.IdSlotBasedCommandFetcher:[67] - Fetch commands: 0 success, cost: 0ms, totalSlot: 1, currentSlotIndex: 0
[INFO] 2025-10-13 11:28:50.698 +0800 o.a.d.s.m.c.IdSlotBasedCommandFetcher:[67] - Fetch commands: 0 success, cost: 0ms, totalSlot: 1, currentSlotIndex: 0
[INFO] 2025-10-13 11:28:51.574 +0800 o.a.d.s.m.r.t.TaskGroupCoordinator:[187] - Success amend TaskGroupQueue status cost: 0/ms
[INFO] 2025-10-13 11:28:51.574 +0800 o.a.d.s.m.r.t.TaskGroupCoordinator:[241] - Success deal with force start TaskGroupQueue cost: 0/ms
[INFO] 2025-10-13 11:28:51.574 +0800 o.a.d.s.m.r.t.TaskGroupCoordinator:[129] - TaskGroupCoordinator round time cost: 0/ms
[INFO] 2025-10-13 11:28:51.698 +0800 o.a.d.s.m.c.IdSlotBasedCommandFetcher:[67] - Fetch commands: 0 success, cost: 0ms, totalSlot: 1, currentSlotIndex: 0
[INFO] 2025-10-13 11:28:52.699 +0800 o.a.d.s.m.c.IdSlotBasedCommandFetcher:[67] - Fetch commands: 0 success, cost: 0ms, totalSlot: 1, currentSlotIndex: 0
[INFO] 2025-10-13 11:28:53.699 +0800 o.a.d.s.m.c.IdSlotBasedCommandFetcher:[67] - Fetch commands: 0 success, cost: 0ms, totalSlot: 1, currentSlotIndex: 0
[INFO] 2025-10-13 11:28:54.699 +0800 o.a.d.s.m.c.IdSlotBasedCommandFetcher:[67] - Fetch commands: 0 success, cost: 0ms, totalSlot: 1, currentSlotIndex: 0
[INFO] 2025-10-13 11:28:55.700 +0800 o.a.d.s.m.c.IdSlotBasedCommandFetcher:[67] - Fetch commands: 0 success, cost: 0ms, totalSlot: 1, currentSlotIndex: 0
[INFO] 2025-10-13 11:28:56.578 +0800 o.a.d.s.m.r.t.TaskGroupCoordinator:[187] - Success amend TaskGroupQueue status cost: 0/ms
[INFO] 2025-10-13 11:28:56.579 +0800 o.a.d.s.m.r.t.TaskGroupCoordinator:[241] - Success deal with force start TaskGroupQueue cost: 0/ms
[INFO] 2025-10-13 11:28:56.579 +0800 o.a.d.s.m.r.t.TaskGroupCoordinator:[129] - TaskGroupCoordinator round time cost: 0/ms
[INFO] 2025-10-13 11:28:56.700 +0800 o.a.d.s.m.c.IdSlotBasedCommandFetcher:[67] - Fetch commands: 0 success, cost: 0ms, totalSlot: 1, currentSlotIndex: 0
[INFO] 2025-10-13 11:28:57.701 +0800 o.a.d.s.m.c.IdSlotBasedCommandFetcher:[67] - Fetch commands: 0 success, cost: 0ms, totalSlot: 1, currentSlotIndex: 0
[INFO] 2025-10-13 11:28:58.936 +0800 o.a.d.s.m.c.IdSlotBasedCommandFetcher:[67] - Fetch commands: 0 success, cost: 0ms, totalSlot: 1, currentSlotIndex: 0
[INFO] 2025-10-13 11:29:00.018 +0800 o.a.d.s.m.c.IdSlotBasedCommandFetcher:[67] - Fetch commands: 0 success, cost: 1ms, totalSlot: 1, currentSlotIndex: 0
[INFO] 2025-10-13 11:29:01.083 +0800 o.a.d.s.m.c.IdSlotBasedCommandFetcher:[67] - Fetch commands: 0 success, cost: 0ms, totalSlot: 1, currentSlotIndex: 0
[INFO] 2025-10-13 11:29:01.588 +0800 o.a.d.s.m.r.t.TaskGroupCoordinator:[187] - Success amend TaskGroupQueue status cost: 0/ms
[INFO] 2025-10-13 11:29:01.588 +0800 o.a.d.s.m.r.t.TaskGroupCoordinator:[241] - Success deal with force start TaskGroupQueue cost: 0/ms
[INFO] 2025-10-13 11:29:01.588 +0800 o.a.d.s.m.r.t.TaskGroupCoordinator:[129] - TaskGroupCoordinator round time cost: 0/ms
[INFO] 2025-10-13 11:29:02.163 +0800 o.a.d.s.m.c.IdSlotBasedCommandFetcher:[67] - Fetch commands: 0 success, cost: 0ms, totalSlot: 1, currentSlotIndex: 0
[INFO] 2025-10-13 11:29:03.232 +0800 o.a.d.s.m.c.IdSlotBasedCommandFetcher:[67] - Fetch commands: 0 success, cost: 0ms, totalSlot: 1, currentSlotIndex: 0
[INFO] 2025-10-13 11:29:04.313 +0800 o.a.d.s.m.c.IdSlotBasedCommandFetcher:[67] - Fetch commands: 0 success, cost: 0ms, totalSlot: 1, currentSlotIndex: 0
[INFO] 2025-10-13 11:29:05.384 +0800 o.a.d.s.m.c.IdSlotBasedCommandFetcher:[67] - Fetch commands: 0 success, cost: 0ms, totalSlot: 1, currentSlotIndex: 0
[INFO] 2025-10-13 11:29:06.460 +0800 o.a.d.s.m.c.IdSlotBasedCommandFetcher:[67] - Fetch commands: 0 success, cost: 0ms, totalSlot: 1, currentSlotIndex: 0
[INFO] 2025-10-13 11:29:06.596 +0800 o.a.d.s.m.r.t.TaskGroupCoordinator:[187] - Success amend TaskGroupQueue status cost: 0/ms
[INFO] 2025-10-13 11:29:06.596 +0800 o.a.d.s.m.r.t.TaskGroupCoordinator:[241] - Success deal with force start TaskGroupQueue cost: 0/ms
[INFO] 2025-10-13 11:29:06.596 +0800 o.a.d.s.m.r.t.TaskGroupCoordinator:[129] - TaskGroupCoordinator round time cost: 0/ms
[INFO] 2025-10-13 11:29:07.583 +0800 o.a.d.s.m.c.IdSlotBasedCommandFetcher:[67] - Fetch commands: 0 success, cost: 0ms, totalSlot: 1, currentSlotIndex: 0
[INFO] 2025-10-13 11:29:08.583 +0800 o.a.d.s.m.c.IdSlotBasedCommandFetcher:[67] - Fetch commands: 0 success, cost: 0ms, totalSlot: 1, currentSlotIndex: 0
[INFO] 2025-10-13 11:29:09.584 +0800 o.a.d.s.m.c.IdSlotBasedCommandFetcher:[67] - Fetch commands: 0 success, cost: 0ms, totalSlot: 1, currentSlotIndex: 0
[INFO] 2025-10-13 11:29:10.584 +0800 o.a.d.s.m.c.IdSlotBasedCommandFetcher:[67] - Fetch commands: 0 success, cost: 0ms, totalSlot: 1, currentSlotIndex: 0
[INFO] 2025-10-13 11:29:11.585 +0800 o.a.d.s.m.c.IdSlotBasedCommandFetcher:[67] - Fetch commands: 0 success, cost: 0ms, totalSlot: 1, currentSlotIndex: 0
[INFO] 2025-10-13 11:29:11.606 +0800 o.a.d.s.m.r.t.TaskGroupCoordinator:[187] - Success amend TaskGroupQueue status cost: 0/ms
[INFO] 2025-10-13 11:29:11.606 +0800 o.a.d.s.m.r.t.TaskGroupCoordinator:[241] - Success deal with force start TaskGroupQueue cost: 0/ms
[INFO] 2025-10-13 11:29:11.606 +0800 o.a.d.s.m.r.t.TaskGroupCoordinator:[129] - TaskGroupCoordinator round time cost: 0/ms
[INFO] 2025-10-13 11:29:12.586 +0800 o.a.d.s.m.c.IdSlotBasedCommandFetcher:[67] - Fetch commands: 0 success, cost: 0ms, totalSlot: 1, currentSlotIndex: 0
[INFO] 2025-10-13 11:29:13.586 +0800 o.a.d.s.m.c.IdSlotBasedCommandFetcher:[67] - Fetch commands: 0 success, cost: 0ms, totalSlot: 1, currentSlotIndex: 0
[INFO] 2025-10-13 11:29:14.586 +0800 o.a.d.s.m.c.IdSlotBasedCommandFetcher:[67] - Fetch commands: 0 success, cost: 0ms, totalSlot: 1, currentSlotIndex: 0
[INFO] 2025-10-13 11:29:15.587 +0800 o.a.d.s.m.c.IdSlotBasedCommandFetcher:[67] - Fetch commands: 0 success, cost: 0ms, totalSlot: 1, currentSlotIndex: 0
[INFO] 2025-10-13 11:29:16.588 +0800 o.a.d.s.m.c.IdSlotBasedCommandFetcher:[67] - Fetch commands: 0 success, cost: 0ms, totalSlot: 1, currentSlotIndex: 0
[INFO] 2025-10-13 11:29:16.612 +0800 o.a.d.s.m.r.t.TaskGroupCoordinator:[187] - Success amend TaskGroupQueue status cost: 0/ms
[INFO] 2025-10-13 11:29:16.612 +0800 o.a.d.s.m.r.t.TaskGroupCoordinator:[241] - Success deal with force start TaskGroupQueue cost: 0/ms
[INFO] 2025-10-13 11:29:16.612 +0800 o.a.d.s.m.r.t.TaskGroupCoordinator:[129] - TaskGroupCoordinator round time cost: 0/ms
[INFO] 2025-10-13 11:29:17.588 +0800 o.a.d.s.m.c.IdSlotBasedCommandFetcher:[67] - Fetch commands: 0 success, cost: 0ms, totalSlot: 1, currentSlotIndex: 0
[INFO] 2025-10-13 11:29:18.589 +0800 o.a.d.s.m.c.IdSlotBasedCommandFetcher:[67] - Fetch commands: 0 success, cost: 0ms, totalSlot: 1, currentSlotIndex: 0
[INFO] 2025-10-13 11:29:19.662 +0800 o.a.d.s.m.c.IdSlotBasedCommandFetcher:[67] - Fetch commands: 0 success, cost: 0ms, totalSlot: 1, currentSlotIndex: 0
[INFO] 2025-10-13 11:29:20.742 +0800 o.a.d.s.m.c.IdSlotBasedCommandFetcher:[67] - Fetch commands: 0 success, cost: 0ms, totalSlot: 1, currentSlotIndex: 0
[INFO] 2025-10-13 11:29:21.616 +0800 o.a.d.s.m.r.t.TaskGroupCoordinator:[187] - Success amend TaskGroupQueue status cost: 0/ms
[INFO] 2025-10-13 11:29:21.616 +0800 o.a.d.s.m.r.t.TaskGroupCoordinator:[241] - Success deal with force start TaskGroupQueue cost: 0/ms
[INFO] 2025-10-13 11:29:21.616 +0800 o.a.d.s.m.r.t.TaskGroupCoordinator:[129] - TaskGroupCoordinator round time cost: 0/ms
[INFO] 2025-10-13 11:29:21.820 +0800 o.a.d.s.m.c.IdSlotBasedCommandFetcher:[67] - Fetch commands: 0 success, cost: 0ms, totalSlot: 1, currentSlotIndex: 0
[INFO] 2025-10-13 11:29:22.897 +0800 o.a.d.s.m.c.IdSlotBasedCommandFetcher:[67] - Fetch commands: 0 success, cost: 0ms, totalSlot: 1, currentSlotIndex: 0
[INFO] 2025-10-13 11:29:24.001 +0800 o.a.d.s.m.c.IdSlotBasedCommandFetcher:[67] - Fetch commands: 0 success, cost: 0ms, totalSlot: 1, currentSlotIndex: 0
[INFO] 2025-10-13 11:29:25.073 +0800 o.a.d.s.m.c.IdSlotBasedCommandFetcher:[67] - Fetch commands: 0 success, cost: 0ms, totalSlot: 1, currentSlotIndex: 0
[INFO] 2025-10-13 11:29:26.200 +0800 o.a.d.s.m.c.IdSlotBasedCommandFetcher:[67] - Fetch commands: 0 success, cost: 0ms, totalSlot: 1, currentSlotIndex: 0
[INFO] 2025-10-13 11:29:26.630 +0800 o.a.d.s.m.r.t.TaskGroupCoordinator:[187] - Success amend TaskGroupQueue status cost: 0/ms
[INFO] 2025-10-13 11:29:26.631 +0800 o.a.d.s.m.r.t.TaskGroupCoordinator:[241] - Success deal with force start TaskGroupQueue cost: 0/ms
[INFO] 2025-10-13 11:29:26.631 +0800 o.a.d.s.m.r.t.TaskGroupCoordinator:[129] - TaskGroupCoordinator round time cost: 0/ms
[INFO] 2025-10-13 11:29:27.214 +0800 o.a.d.s.m.c.IdSlotBasedCommandFetcher:[67] - Fetch commands: 0 success, cost: 0ms, totalSlot: 1, currentSlotIndex: 0
[INFO] 2025-10-13 11:29:28.214 +0800 o.a.d.s.m.c.IdSlotBasedCommandFetcher:[67] - Fetch commands: 0 success, cost: 0ms, totalSlot: 1, currentSlotIndex: 0
[INFO] 2025-10-13 11:29:29.226 +0800 o.a.d.s.m.c.IdSlotBasedCommandFetcher:[67] - Fetch commands: 0 success, cost: 0ms, totalSlot: 1, currentSlotIndex: 0
[INFO] 2025-10-13 11:29:30.227 +0800 o.a.d.s.m.c.IdSlotBasedCommandFetcher:[67] - Fetch commands: 0 success, cost: 0ms, totalSlot: 1, currentSlotIndex: 0
[INFO] 2025-10-13 11:29:31.227 +0800 o.a.d.s.m.c.IdSlotBasedCommandFetcher:[67] - Fetch commands: 0 success, cost: 0ms, totalSlot: 1, currentSlotIndex: 0
[INFO] 2025-10-13 11:29:31.647 +0800 o.a.d.s.m.r.t.TaskGroupCoordinator:[187] - Success amend TaskGroupQueue status cost: 0/ms
[INFO] 2025-10-13 11:29:31.647 +0800 o.a.d.s.m.r.t.TaskGroupCoordinator:[241] - Success deal with force start TaskGroupQueue cost: 0/ms
[INFO] 2025-10-13 11:29:31.648 +0800 o.a.d.s.m.r.t.TaskGroupCoordinator:[129] - TaskGroupCoordinator round time cost: 0/ms
[INFO] 2025-10-13 11:29:32.233 +0800 o.a.d.s.m.c.IdSlotBasedCommandFetcher:[67] - Fetch commands: 0 success, cost: 0ms, totalSlot: 1, currentSlotIndex: 0
[INFO] 2025-10-13 11:29:33.233 +0800 o.a.d.s.m.c.IdSlotBasedCommandFetcher:[67] - Fetch commands: 0 success, cost: 0ms, totalSlot: 1, currentSlotIndex: 0
[INFO] 2025-10-13 11:29:34.234 +0800 o.a.d.s.m.c.IdSlotBasedCommandFetcher:[67] - Fetch commands: 0 success, cost: 0ms, totalSlot: 1, currentSlotIndex: 0
[INFO] 2025-10-13 11:29:35.239 +0800 o.a.d.s.m.c.IdSlotBasedCommandFetcher:[67] - Fetch commands: 0 success, cost: 0ms, totalSlot: 1, currentSlotIndex: 0
[INFO] 2025-10-13 11:29:36.239 +0800 o.a.d.s.m.c.IdSlotBasedCommandFetcher:[67] - Fetch commands: 0 success, cost: 0ms, totalSlot: 1, currentSlotIndex: 0
[INFO] 2025-10-13 11:29:36.653 +0800 o.a.d.s.m.r.t.TaskGroupCoordinator:[187] - Success amend TaskGroupQueue status cost: 0/ms
[INFO] 2025-10-13 11:29:36.653 +0800 o.a.d.s.m.r.t.TaskGroupCoordinator:[241] - Success deal with force start TaskGroupQueue cost: 0/ms
[INFO] 2025-10-13 11:29:36.653 +0800 o.a.d.s.m.r.t.TaskGroupCoordinator:[129] - TaskGroupCoordinator round time cost: 0/ms
[INFO] 2025-10-13 11:29:37.240 +0800 o.a.d.s.m.c.IdSlotBasedCommandFetcher:[67] - Fetch commands: 0 success, cost: 0ms, totalSlot: 1, currentSlotIndex: 0
[INFO] 2025-10-13 11:29:38.241 +0800 o.a.d.s.m.c.IdSlotBasedCommandFetcher:[67] - Fetch commands: 0 success, cost: 0ms, totalSlot: 1, currentSlotIndex: 0
[INFO] 2025-10-13 11:29:39.350 +0800 o.a.d.s.m.c.IdSlotBasedCommandFetcher:[67] - Fetch commands: 0 success, cost: 0ms, totalSlot: 1, currentSlotIndex: 0
[INFO] 2025-10-13 11:29:40.430 +0800 o.a.d.s.m.c.IdSlotBasedCommandFetcher:[67] - Fetch commands: 0 success, cost: 0ms, totalSlot: 1, currentSlotIndex: 0
[INFO] 2025-10-13 11:29:41.495 +0800 o.a.d.s.m.c.IdSlotBasedCommandFetcher:[67] - Fetch commands: 0 success, cost: 0ms, totalSlot: 1, currentSlotIndex: 0
[INFO] 2025-10-13 11:29:41.658 +0800 o.a.d.s.m.r.t.TaskGroupCoordinator:[187] - Success amend TaskGroupQueue status cost: 0/ms
[INFO] 2025-10-13 11:29:41.659 +0800 o.a.d.s.m.r.t.TaskGroupCoordinator:[241] - Success deal with force start TaskGroupQueue cost: 0/ms
[INFO] 2025-10-13 11:29:41.659 +0800 o.a.d.s.m.r.t.TaskGroupCoordinator:[129] - TaskGroupCoordinator round time cost: 0/ms
[INFO] 2025-10-13 11:29:42.566 +0800 o.a.d.s.m.c.IdSlotBasedCommandFetcher:[67] - Fetch commands: 0 success, cost: 0ms, totalSlot: 1, currentSlotIndex: 0
[INFO] 2025-10-13 11:29:43.629 +0800 o.a.d.s.m.c.IdSlotBasedCommandFetcher:[67] - Fetch commands: 0 success, cost: 0ms, totalSlot: 1, currentSlotIndex: 0
[INFO] 2025-10-13 11:29:44.695 +0800 o.a.d.s.m.c.IdSlotBasedCommandFetcher:[67] - Fetch commands: 0 success, cost: 0ms, totalSlot: 1, currentSlotIndex: 0
[INFO] 2025-10-13 11:29:45.696 +0800 o.a.d.s.m.c.IdSlotBasedCommandFetcher:[67] - Fetch commands: 0 success, cost: 0ms, totalSlot: 1, currentSlotIndex: 0
[INFO] 2025-10-13 11:29:46.668 +0800 o.a.d.s.m.r.t.TaskGroupCoordinator:[187] - Success amend TaskGroupQueue status cost: 0/ms
[INFO] 2025-10-13 11:29:46.668 +0800 o.a.d.s.m.r.t.TaskGroupCoordinator:[241] - Success deal with force start TaskGroupQueue cost: 0/ms
[INFO] 2025-10-13 11:29:46.668 +0800 o.a.d.s.m.r.t.TaskGroupCoordinator:[129] - TaskGroupCoordinator round time cost: 0/ms
[INFO] 2025-10-13 11:29:46.696 +0800 o.a.d.s.m.c.IdSlotBasedCommandFetcher:[67] - Fetch commands: 0 success, cost: 0ms, totalSlot: 1, currentSlotIndex: 0
[INFO] 2025-10-13 11:29:47.697 +0800 o.a.d.s.m.c.IdSlotBasedCommandFetcher:[67] - Fetch commands: 0 success, cost: 0ms, totalSlot: 1, currentSlotIndex: 0
[INFO] 2025-10-13 11:29:48.697 +0800 o.a.d.s.m.c.IdSlotBasedCommandFetcher:[67] - Fetch commands: 0 success, cost: 0ms, totalSlot: 1, currentSlotIndex: 0
[INFO] 2025-10-13 11:29:49.698 +0800 o.a.d.s.m.c.IdSlotBasedCommandFetcher:[67] - Fetch commands: 0 success, cost: 0ms, totalSlot: 1, currentSlotIndex: 0
[INFO] 2025-10-13 11:29:50.699 +0800 o.a.d.s.m.c.IdSlotBasedCommandFetcher:[67] - Fetch commands: 0 success, cost: 0ms, totalSlot: 1, currentSlotIndex: 0
[INFO] 2025-10-13 11:29:51.673 +0800 o.a.d.s.m.r.t.TaskGroupCoordinator:[187] - Success amend TaskGroupQueue status cost: 0/ms
[INFO] 2025-10-13 11:29:51.675 +0800 o.a.d.s.m.r.t.TaskGroupCoordinator:[241] - Success deal with force start TaskGroupQueue cost: 0/ms
[INFO] 2025-10-13 11:29:51.675 +0800 o.a.d.s.m.r.t.TaskGroupCoordinator:[129] - TaskGroupCoordinator round time cost: 0/ms
[INFO] 2025-10-13 11:29:51.699 +0800 o.a.d.s.m.c.IdSlotBasedCommandFetcher:[67] - Fetch commands: 0 success, cost: 0ms, totalSlot: 1, currentSlotIndex: 0
[INFO] 2025-10-13 11:29:52.699 +0800 o.a.d.s.m.c.IdSlotBasedCommandFetcher:[67] - Fetch commands: 0 success, cost: 0ms, totalSlot: 1, currentSlotIndex: 0
[INFO] 2025-10-13 11:29:53.700 +0800 o.a.d.s.m.c.IdSlotBasedCommandFetcher:[67] - Fetch commands: 0 success, cost: 0ms, totalSlot: 1, currentSlotIndex: 0
[INFO] 2025-10-13 11:29:54.701 +0800 o.a.d.s.m.c.IdSlotBasedCommandFetcher:[67] - Fetch commands: 0 success, cost: 0ms, totalSlot: 1, currentSlotIndex: 0
[INFO] 2025-10-13 11:29:55.702 +0800 o.a.d.s.m.c.IdSlotBasedCommandFetcher:[67] - Fetch commands: 0 success, cost: 0ms, totalSlot: 1, currentSlotIndex: 0
[INFO] 2025-10-13 11:29:56.679 +0800 o.a.d.s.m.r.t.TaskGroupCoordinator:[187] - Success amend TaskGroupQueue status cost: 0/ms
[INFO] 2025-10-13 11:29:56.679 +0800 o.a.d.s.m.r.t.TaskGroupCoordinator:[241] - Success deal with force start TaskGroupQueue cost: 0/ms
[INFO] 2025-10-13 11:29:56.679 +0800 o.a.d.s.m.r.t.TaskGroupCoordinator:[129] - TaskGroupCoordinator round time cost: 0/ms
[INFO] 2025-10-13 11:29:56.826 +0800 o.a.d.s.m.c.IdSlotBasedCommandFetcher:[67] - Fetch commands: 0 success, cost: 0ms, totalSlot: 1, currentSlotIndex: 0
[INFO] 2025-10-13 11:29:57.895 +0800 o.a.d.s.m.c.IdSlotBasedCommandFetcher:[67] - Fetch commands: 0 success, cost: 0ms, totalSlot: 1, currentSlotIndex: 0
[INFO] 2025-10-13 11:29:58.970 +0800 o.a.d.s.m.c.IdSlotBasedCommandFetcher:[67] - Fetch commands: 0 success, cost: 0ms, totalSlot: 1, currentSlotIndex: 0
[INFO] 2025-10-13 11:30:00.053 +0800 o.a.d.s.m.c.IdSlotBasedCommandFetcher:[67] - Fetch commands: 0 success, cost: 1ms, totalSlot: 1, currentSlotIndex: 0
[INFO] 2025-10-13 11:30:01.126 +0800 o.a.d.s.m.c.IdSlotBasedCommandFetcher:[67] - Fetch commands: 0 success, cost: 0ms, totalSlot: 1, currentSlotIndex: 0
[INFO] 2025-10-13 11:30:01.684 +0800 o.a.d.s.m.r.t.TaskGroupCoordinator:[187] - Success amend TaskGroupQueue status cost: 0/ms
[INFO] 2025-10-13 11:30:01.684 +0800 o.a.d.s.m.r.t.TaskGroupCoordinator:[241] - Success deal with force start TaskGroupQueue cost: 0/ms
[INFO] 2025-10-13 11:30:01.684 +0800 o.a.d.s.m.r.t.TaskGroupCoordinator:[129] - TaskGroupCoordinator round time cost: 0/ms
[INFO] 2025-10-13 11:30:02.211 +0800 o.a.d.s.m.c.IdSlotBasedCommandFetcher:[67] - Fetch commands: 0 success, cost: 0ms, totalSlot: 1, currentSlotIndex: 0
[INFO] 2025-10-13 11:30:03.277 +0800 o.a.d.s.m.c.IdSlotBasedCommandFetcher:[67] - Fetch commands: 0 success, cost: 0ms, totalSlot: 1, currentSlotIndex: 0
[INFO] 2025-10-13 11:30:04.349 +0800 o.a.d.s.m.c.IdSlotBasedCommandFetcher:[67] - Fetch commands: 0 success, cost: 0ms, totalSlot: 1, currentSlotIndex: 0
[INFO] 2025-10-13 11:30:05.431 +0800 o.a.d.s.m.c.IdSlotBasedCommandFetcher:[67] - Fetch commands: 0 success, cost: 0ms, totalSlot: 1, currentSlotIndex: 0
[INFO] 2025-10-13 11:30:06.553 +0800 o.a.d.s.m.c.IdSlotBasedCommandFetcher:[67] - Fetch commands: 0 success, cost: 0ms, totalSlot: 1, currentSlotIndex: 0
[INFO] 2025-10-13 11:30:06.702 +0800 o.a.d.s.m.r.t.TaskGroupCoordinator:[187] - Success amend TaskGroupQueue status cost: 0/ms
[INFO] 2025-10-13 11:30:06.702 +0800 o.a.d.s.m.r.t.TaskGroupCoordinator:[241] - Success deal with force start TaskGroupQueue cost: 0/ms
[INFO] 2025-10-13 11:30:06.703 +0800 o.a.d.s.m.r.t.TaskGroupCoordinator:[129] - TaskGroupCoordinator round time cost: 0/ms
[INFO] 2025-10-13 11:30:07.553 +0800 o.a.d.s.m.c.IdSlotBasedCommandFetcher:[67] - Fetch commands: 0 success, cost: 0ms, totalSlot: 1, currentSlotIndex: 0
[INFO] 2025-10-13 11:30:08.553 +0800 o.a.d.s.m.c.IdSlotBasedCommandFetcher:[67] - Fetch commands: 0 success, cost: 0ms, totalSlot: 1, currentSlotIndex: 0
[INFO] 2025-10-13 11:30:09.554 +0800 o.a.d.s.m.c.IdSlotBasedCommandFetcher:[67] - Fetch commands: 0 success, cost: 0ms, totalSlot: 1, currentSlotIndex: 0
[INFO] 2025-10-13 11:30:10.554 +0800 o.a.d.s.m.c.IdSlotBasedCommandFetcher:[67] - Fetch commands: 0 success, cost: 0ms, totalSlot: 1, currentSlotIndex: 0
[INFO] 2025-10-13 11:30:11.554 +0800 o.a.d.s.m.c.IdSlotBasedCommandFetcher:[67] - Fetch commands: 0 success, cost: 0ms, totalSlot: 1, currentSlotIndex: 0
[INFO] 2025-10-13 11:30:11.707 +0800 o.a.d.s.m.r.t.TaskGroupCoordinator:[187] - Success amend TaskGroupQueue status cost: 0/ms
[INFO] 2025-10-13 11:30:11.708 +0800 o.a.d.s.m.r.t.TaskGroupCoordinator:[241] - Success deal with force start TaskGroupQueue cost: 0/ms
[INFO] 2025-10-13 11:30:11.708 +0800 o.a.d.s.m.r.t.TaskGroupCoordinator:[129] - TaskGroupCoordinator round time cost: 0/ms
[INFO] 2025-10-13 11:30:12.555 +0800 o.a.d.s.m.c.IdSlotBasedCommandFetcher:[67] - Fetch commands: 0 success, cost: 0ms, totalSlot: 1, currentSlotIndex: 0
[INFO] 2025-10-13 11:30:13.555 +0800 o.a.d.s.m.c.IdSlotBasedCommandFetcher:[67] - Fetch commands: 0 success, cost: 0ms, totalSlot: 1, currentSlotIndex: 0
[INFO] 2025-10-13 11:30:14.556 +0800 o.a.d.s.m.c.IdSlotBasedCommandFetcher:[67] - Fetch commands: 0 success, cost: 0ms, totalSlot: 1, currentSlotIndex: 0
[INFO] 2025-10-13 11:30:15.557 +0800 o.a.d.s.m.c.IdSlotBasedCommandFetcher:[67] - Fetch commands: 0 success, cost: 0ms, totalSlot: 1, currentSlotIndex: 0
[INFO] 2025-10-13 11:30:16.557 +0800 o.a.d.s.m.c.IdSlotBasedCommandFetcher:[67] - Fetch commands: 0 success, cost: 0ms, totalSlot: 1, currentSlotIndex: 0
[INFO] 2025-10-13 11:30:16.712 +0800 o.a.d.s.m.r.t.TaskGroupCoordinator:[187] - Success amend TaskGroupQueue status cost: 0/ms
[INFO] 2025-10-13 11:30:16.712 +0800 o.a.d.s.m.r.t.TaskGroupCoordinator:[241] - Success deal with force start TaskGroupQueue cost: 0/ms
[INFO] 2025-10-13 11:30:16.712 +0800 o.a.d.s.m.r.t.TaskGroupCoordinator:[129] - TaskGroupCoordinator round time cost: 0/ms
[INFO] 2025-10-13 11:30:17.557 +0800 o.a.d.s.m.c.IdSlotBasedCommandFetcher:[67] - Fetch commands: 0 success, cost: 0ms, totalSlot: 1, currentSlotIndex: 0
[INFO] 2025-10-13 11:30:18.558 +0800 o.a.d.s.m.c.IdSlotBasedCommandFetcher:[67] - Fetch commands: 0 success, cost: 0ms, totalSlot: 1, currentSlotIndex: 0
[INFO] 2025-10-13 11:30:19.716 +0800 o.a.d.s.m.c.IdSlotBasedCommandFetcher:[67] - Fetch commands: 0 success, cost: 0ms, totalSlot: 1, currentSlotIndex: 0
[INFO] 2025-10-13 11:30:20.717 +0800 o.a.d.s.m.c.IdSlotBasedCommandFetcher:[67] - Fetch commands: 0 success, cost: 0ms, totalSlot: 1, currentSlotIndex: 0
[INFO] 2025-10-13 11:30:21.716 +0800 o.a.d.s.m.r.t.TaskGroupCoordinator:[187] - Success amend TaskGroupQueue status cost: 0/ms
[INFO] 2025-10-13 11:30:21.716 +0800 o.a.d.s.m.r.t.TaskGroupCoordinator:[241] - Success deal with force start TaskGroupQueue cost: 0/ms
[INFO] 2025-10-13 11:30:21.716 +0800 o.a.d.s.m.r.t.TaskGroupCoordinator:[129] - TaskGroupCoordinator round time cost: 0/ms
[INFO] 2025-10-13 11:30:21.717 +0800 o.a.d.s.m.c.IdSlotBasedCommandFetcher:[67] - Fetch commands: 0 success, cost: 0ms, totalSlot: 1, currentSlotIndex: 0
[INFO] 2025-10-13 11:30:22.719 +0800 o.a.d.s.m.c.IdSlotBasedCommandFetcher:[67] - Fetch commands: 0 success, cost: 0ms, totalSlot: 1, currentSlotIndex: 0
[INFO] 2025-10-13 11:30:23.719 +0800 o.a.d.s.m.c.IdSlotBasedCommandFetcher:[67] - Fetch commands: 0 success, cost: 0ms, totalSlot: 1, currentSlotIndex: 0
[INFO] 2025-10-13 11:30:24.719 +0800 o.a.d.s.m.c.IdSlotBasedCommandFetcher:[67] - Fetch commands: 0 success, cost: 0ms, totalSlot: 1, currentSlotIndex: 0
[INFO] 2025-10-13 11:30:25.719 +0800 o.a.d.s.m.c.IdSlotBasedCommandFetcher:[67] - Fetch commands: 0 success, cost: 0ms, totalSlot: 1, currentSlotIndex: 0
[INFO] 2025-10-13 11:30:26.720 +0800 o.a.d.s.m.c.IdSlotBasedCommandFetcher:[67] - Fetch commands: 0 success, cost: 0ms, totalSlot: 1, currentSlotIndex: 0
[INFO] 2025-10-13 11:30:26.724 +0800 o.a.d.s.m.r.t.TaskGroupCoordinator:[187] - Success amend TaskGroupQueue status cost: 0/ms
[INFO] 2025-10-13 11:30:26.724 +0800 o.a.d.s.m.r.t.TaskGroupCoordinator:[241] - Success deal with force start TaskGroupQueue cost: 0/ms
[INFO] 2025-10-13 11:30:26.724 +0800 o.a.d.s.m.r.t.TaskGroupCoordinator:[129] - TaskGroupCoordinator round time cost: 0/ms
[INFO] 2025-10-13 11:30:27.720 +0800 o.a.d.s.m.c.IdSlotBasedCommandFetcher:[67] - Fetch commands: 0 success, cost: 0ms, totalSlot: 1, currentSlotIndex: 0
[INFO] 2025-10-13 11:30:28.722 +0800 o.a.d.s.m.c.IdSlotBasedCommandFetcher:[67] - Fetch commands: 0 success, cost: 1ms, totalSlot: 1, currentSlotIndex: 0
[INFO] 2025-10-13 11:30:29.722 +0800 o.a.d.s.m.c.IdSlotBasedCommandFetcher:[67] - Fetch commands: 0 success, cost: 0ms, totalSlot: 1, currentSlotIndex: 0
[INFO] 2025-10-13 11:30:30.722 +0800 o.a.d.s.m.c.IdSlotBasedCommandFetcher:[67] - Fetch commands: 0 success, cost: 0ms, totalSlot: 1, currentSlotIndex: 0
[INFO] 2025-10-13 11:30:31.722 +0800 o.a.d.s.m.c.IdSlotBasedCommandFetcher:[67] - Fetch commands: 0 success, cost: 0ms, totalSlot: 1, currentSlotIndex: 0
[INFO] 2025-10-13 11:30:31.729 +0800 o.a.d.s.m.r.t.TaskGroupCoordinator:[187] - Success amend TaskGroupQueue status cost: 0/ms
[INFO] 2025-10-13 11:30:31.730 +0800 o.a.d.s.m.r.t.TaskGroupCoordinator:[241] - Success deal with force start TaskGroupQueue cost: 0/ms
[INFO] 2025-10-13 11:30:31.730 +0800 o.a.d.s.m.r.t.TaskGroupCoordinator:[129] - TaskGroupCoordinator round time cost: 0/ms
[INFO] 2025-10-13 11:30:32.895 +0800 o.a.d.s.m.c.IdSlotBasedCommandFetcher:[67] - Fetch commands: 0 success, cost: 0ms, totalSlot: 1, currentSlotIndex: 0
[INFO] 2025-10-13 11:30:33.976 +0800 o.a.d.s.m.c.IdSlotBasedCommandFetcher:[67] - Fetch commands: 0 success, cost: 1ms, totalSlot: 1, currentSlotIndex: 0
[INFO] 2025-10-13 11:30:35.104 +0800 o.a.d.s.m.c.IdSlotBasedCommandFetcher:[67] - Fetch commands: 0 success, cost: 0ms, totalSlot: 1, currentSlotIndex: 0
[INFO] 2025-10-13 11:30:36.104 +0800 o.a.d.s.m.c.IdSlotBasedCommandFetcher:[67] - Fetch commands: 0 success, cost: 0ms, totalSlot: 1, currentSlotIndex: 0
[INFO] 2025-10-13 11:30:36.734 +0800 o.a.d.s.m.r.t.TaskGroupCoordinator:[187] - Success amend TaskGroupQueue status cost: 0/ms
[INFO] 2025-10-13 11:30:36.734 +0800 o.a.d.s.m.r.t.TaskGroupCoordinator:[241] - Success deal with force start TaskGroupQueue cost: 0/ms
[INFO] 2025-10-13 11:30:36.734 +0800 o.a.d.s.m.r.t.TaskGroupCoordinator:[129] - TaskGroupCoordinator round time cost: 0/ms
[INFO] 2025-10-13 11:30:37.104 +0800 o.a.d.s.m.c.IdSlotBasedCommandFetcher:[67] - Fetch commands: 0 success, cost: 0ms, totalSlot: 1, currentSlotIndex: 0
[INFO] 2025-10-13 11:30:38.106 +0800 o.a.d.s.m.c.IdSlotBasedCommandFetcher:[67] - Fetch commands: 0 success, cost: 0ms, totalSlot: 1, currentSlotIndex: 0
[INFO] 2025-10-13 11:30:39.106 +0800 o.a.d.s.m.c.IdSlotBasedCommandFetcher:[67] - Fetch commands: 0 success, cost: 0ms, totalSlot: 1, currentSlotIndex: 0
[INFO] 2025-10-13 11:30:40.106 +0800 o.a.d.s.m.c.IdSlotBasedCommandFetcher:[67] - Fetch commands: 0 success, cost: 0ms, totalSlot: 1, currentSlotIndex: 0
[INFO] 2025-10-13 11:30:41.107 +0800 o.a.d.s.m.c.IdSlotBasedCommandFetcher:[67] - Fetch commands: 0 success, cost: 0ms, totalSlot: 1, currentSlotIndex: 0
[INFO] 2025-10-13 11:30:41.740 +0800 o.a.d.s.m.r.t.TaskGroupCoordinator:[187] - Success amend TaskGroupQueue status cost: 0/ms
[INFO] 2025-10-13 11:30:41.740 +0800 o.a.d.s.m.r.t.TaskGroupCoordinator:[241] - Success deal with force start TaskGroupQueue cost: 0/ms
[INFO] 2025-10-13 11:30:41.740 +0800 o.a.d.s.m.r.t.TaskGroupCoordinator:[129] - TaskGroupCoordinator round time cost: 0/ms
[INFO] 2025-10-13 11:30:42.107 +0800 o.a.d.s.m.c.IdSlotBasedCommandFetcher:[67] - Fetch commands: 0 success, cost: 0ms, totalSlot: 1, currentSlotIndex: 0
[INFO] 2025-10-13 11:30:43.108 +0800 o.a.d.s.m.c.IdSlotBasedCommandFetcher:[67] - Fetch commands: 0 success, cost: 0ms, totalSlot: 1, currentSlotIndex: 0
[INFO] 2025-10-13 11:30:44.108 +0800 o.a.d.s.m.c.IdSlotBasedCommandFetcher:[67] - Fetch commands: 0 success, cost: 0ms, totalSlot: 1, currentSlotIndex: 0
[INFO] 2025-10-13 11:30:45.109 +0800 o.a.d.s.m.c.IdSlotBasedCommandFetcher:[67] - Fetch commands: 0 success, cost: 0ms, totalSlot: 1, currentSlotIndex: 0
[INFO] 2025-10-13 11:30:46.109 +0800 o.a.d.s.m.c.IdSlotBasedCommandFetcher:[67] - Fetch commands: 0 success, cost: 0ms, totalSlot: 1, currentSlotIndex: 0
[INFO] 2025-10-13 11:30:46.749 +0800 o.a.d.s.m.r.t.TaskGroupCoordinator:[187] - Success amend TaskGroupQueue status cost: 0/ms
[INFO] 2025-10-13 11:30:46.749 +0800 o.a.d.s.m.r.t.TaskGroupCoordinator:[241] - Success deal with force start TaskGroupQueue cost: 0/ms
[INFO] 2025-10-13 11:30:46.749 +0800 o.a.d.s.m.r.t.TaskGroupCoordinator:[129] - TaskGroupCoordinator round time cost: 0/ms
[INFO] 2025-10-13 11:30:47.110 +0800 o.a.d.s.m.c.IdSlotBasedCommandFetcher:[67] - Fetch commands: 0 success, cost: 0ms, totalSlot: 1, currentSlotIndex: 0
[INFO] 2025-10-13 11:30:48.220 +0800 o.a.d.s.m.c.IdSlotBasedCommandFetcher:[67] - Fetch commands: 0 success, cost: 0ms, totalSlot: 1, currentSlotIndex: 0
[INFO] 2025-10-13 11:30:49.295 +0800 o.a.d.s.m.c.IdSlotBasedCommandFetcher:[67] - Fetch commands: 0 success, cost: 0ms, totalSlot: 1, currentSlotIndex: 0
[INFO] 2025-10-13 11:30:50.365 +0800 o.a.d.s.m.c.IdSlotBasedCommandFetcher:[67] - Fetch commands: 0 success, cost: 0ms, totalSlot: 1, currentSlotIndex: 0
[INFO] 2025-10-13 11:30:51.436 +0800 o.a.d.s.m.c.IdSlotBasedCommandFetcher:[67] - Fetch commands: 0 success, cost: 0ms, totalSlot: 1, currentSlotIndex: 0
[INFO] 2025-10-13 11:30:51.753 +0800 o.a.d.s.m.r.t.TaskGroupCoordinator:[187] - Success amend TaskGroupQueue status cost: 0/ms
[INFO] 2025-10-13 11:30:51.753 +0800 o.a.d.s.m.r.t.TaskGroupCoordinator:[241] - Success deal with force start TaskGroupQueue cost: 0/ms
[INFO] 2025-10-13 11:30:51.754 +0800 o.a.d.s.m.r.t.TaskGroupCoordinator:[129] - TaskGroupCoordinator round time cost: 0/ms
[INFO] 2025-10-13 11:30:52.507 +0800 o.a.d.s.m.c.IdSlotBasedCommandFetcher:[67] - Fetch commands: 0 success, cost: 0ms, totalSlot: 1, currentSlotIndex: 0
[INFO] 2025-10-13 11:30:53.579 +0800 o.a.d.s.m.c.IdSlotBasedCommandFetcher:[67] - Fetch commands: 0 success, cost: 0ms, totalSlot: 1, currentSlotIndex: 0
[INFO] 2025-10-13 11:30:54.651 +0800 o.a.d.s.m.c.IdSlotBasedCommandFetcher:[67] - Fetch commands: 0 success, cost: 0ms, totalSlot: 1, currentSlotIndex: 0
[INFO] 2025-10-13 11:30:55.726 +0800 o.a.d.s.m.c.IdSlotBasedCommandFetcher:[67] - Fetch commands: 0 success, cost: 0ms, totalSlot: 1, currentSlotIndex: 0
[INFO] 2025-10-13 11:30:56.761 +0800 o.a.d.s.m.r.t.TaskGroupCoordinator:[187] - Success amend TaskGroupQueue status cost: 0/ms
[INFO] 2025-10-13 11:30:56.762 +0800 o.a.d.s.m.r.t.TaskGroupCoordinator:[241] - Success deal with force start TaskGroupQueue cost: 0/ms
[INFO] 2025-10-13 11:30:56.762 +0800 o.a.d.s.m.r.t.TaskGroupCoordinator:[129] - TaskGroupCoordinator round time cost: 0/ms
[INFO] 2025-10-13 11:30:56.797 +0800 o.a.d.s.m.c.IdSlotBasedCommandFetcher:[67] - Fetch commands: 0 success, cost: 0ms, totalSlot: 1, currentSlotIndex: 0
[INFO] 2025-10-13 11:30:57.866 +0800 o.a.d.s.m.c.IdSlotBasedCommandFetcher:[67] - Fetch commands: 0 success, cost: 0ms, totalSlot: 1, currentSlotIndex: 0
[INFO] 2025-10-13 11:30:58.932 +0800 o.a.d.s.m.c.IdSlotBasedCommandFetcher:[67] - Fetch commands: 0 success, cost: 0ms, totalSlot: 1, currentSlotIndex: 0
[INFO] 2025-10-13 11:31:00.004 +0800 o.a.d.s.m.c.IdSlotBasedCommandFetcher:[67] - Fetch commands: 0 success, cost: 0ms, totalSlot: 1, currentSlotIndex: 0
[INFO] 2025-10-13 11:31:01.123 +0800 o.a.d.s.m.c.IdSlotBasedCommandFetcher:[67] - Fetch commands: 0 success, cost: 0ms, totalSlot: 1, currentSlotIndex: 0
[INFO] 2025-10-13 11:31:01.766 +0800 o.a.d.s.m.r.t.TaskGroupCoordinator:[187] - Success amend TaskGroupQueue status cost: 0/ms
[INFO] 2025-10-13 11:31:01.767 +0800 o.a.d.s.m.r.t.TaskGroupCoordinator:[241] - Success deal with force start TaskGroupQueue cost: 0/ms
[INFO] 2025-10-13 11:31:01.767 +0800 o.a.d.s.m.r.t.TaskGroupCoordinator:[129] - TaskGroupCoordinator round time cost: 0/ms
[INFO] 2025-10-13 11:31:02.124 +0800 o.a.d.s.m.c.IdSlotBasedCommandFetcher:[67] - Fetch commands: 0 success, cost: 0ms, totalSlot: 1, currentSlotIndex: 0
[INFO] 2025-10-13 11:31:03.132 +0800 o.a.d.s.m.c.IdSlotBasedCommandFetcher:[67] - Fetch commands: 0 success, cost: 0ms, totalSlot: 1, currentSlotIndex: 0
[INFO] 2025-10-13 11:31:04.133 +0800 o.a.d.s.m.c.IdSlotBasedCommandFetcher:[67] - Fetch commands: 0 success, cost: 0ms, totalSlot: 1, currentSlotIndex: 0
[INFO] 2025-10-13 11:31:05.134 +0800 o.a.d.s.m.c.IdSlotBasedCommandFetcher:[67] - Fetch commands: 0 success, cost: 0ms, totalSlot: 1, currentSlotIndex: 0
[INFO] 2025-10-13 11:31:06.134 +0800 o.a.d.s.m.c.IdSlotBasedCommandFetcher:[67] - Fetch commands: 0 success, cost: 0ms, totalSlot: 1, currentSlotIndex: 0
[INFO] 2025-10-13 11:31:06.772 +0800 o.a.d.s.m.r.t.TaskGroupCoordinator:[187] - Success amend TaskGroupQueue status cost: 0/ms
[INFO] 2025-10-13 11:31:06.772 +0800 o.a.d.s.m.r.t.TaskGroupCoordinator:[241] - Success deal with force start TaskGroupQueue cost: 0/ms
[INFO] 2025-10-13 11:31:06.772 +0800 o.a.d.s.m.r.t.TaskGroupCoordinator:[129] - TaskGroupCoordinator round time cost: 0/ms
[INFO] 2025-10-13 11:31:07.143 +0800 o.a.d.s.m.c.IdSlotBasedCommandFetcher:[67] - Fetch commands: 0 success, cost: 0ms, totalSlot: 1, currentSlotIndex: 0
[INFO] 2025-10-13 11:31:08.143 +0800 o.a.d.s.m.c.IdSlotBasedCommandFetcher:[67] - Fetch commands: 0 success, cost: 0ms, totalSlot: 1, currentSlotIndex: 0
[INFO] 2025-10-13 11:31:09.144 +0800 o.a.d.s.m.c.IdSlotBasedCommandFetcher:[67] - Fetch commands: 0 success, cost: 0ms, totalSlot: 1, currentSlotIndex: 0
[INFO] 2025-10-13 11:31:10.144 +0800 o.a.d.s.m.c.IdSlotBasedCommandFetcher:[67] - Fetch commands: 0 success, cost: 0ms, totalSlot: 1, currentSlotIndex: 0
[INFO] 2025-10-13 11:31:11.145 +0800 o.a.d.s.m.c.IdSlotBasedCommandFetcher:[67] - Fetch commands: 0 success, cost: 0ms, totalSlot: 1, currentSlotIndex: 0
[INFO] 2025-10-13 11:31:11.781 +0800 o.a.d.s.m.r.t.TaskGroupCoordinator:[187] - Success amend TaskGroupQueue status cost: 0/ms
[INFO] 2025-10-13 11:31:11.782 +0800 o.a.d.s.m.r.t.TaskGroupCoordinator:[241] - Success deal with force start TaskGroupQueue cost: 0/ms
[INFO] 2025-10-13 11:31:11.782 +0800 o.a.d.s.m.r.t.TaskGroupCoordinator:[129] - TaskGroupCoordinator round time cost: 1/ms
[INFO] 2025-10-13 11:31:12.145 +0800 o.a.d.s.m.c.IdSlotBasedCommandFetcher:[67] - Fetch commands: 0 success, cost: 0ms, totalSlot: 1, currentSlotIndex: 0
[INFO] 2025-10-13 11:31:13.146 +0800 o.a.d.s.m.c.IdSlotBasedCommandFetcher:[67] - Fetch commands: 0 success, cost: 0ms, totalSlot: 1, currentSlotIndex: 0
[INFO] 2025-10-13 11:31:14.253 +0800 o.a.d.s.m.c.IdSlotBasedCommandFetcher:[67] - Fetch commands: 0 success, cost: 1ms, totalSlot: 1, currentSlotIndex: 0
[INFO] 2025-10-13 11:31:15.384 +0800 o.a.d.s.m.c.IdSlotBasedCommandFetcher:[67] - Fetch commands: 0 success, cost: 1ms, totalSlot: 1, currentSlotIndex: 0
[INFO] 2025-10-13 11:31:16.384 +0800 o.a.d.s.m.c.IdSlotBasedCommandFetcher:[67] - Fetch commands: 0 success, cost: 0ms, totalSlot: 1, currentSlotIndex: 0
[INFO] 2025-10-13 11:31:16.786 +0800 o.a.d.s.m.r.t.TaskGroupCoordinator:[187] - Success amend TaskGroupQueue status cost: 0/ms
[INFO] 2025-10-13 11:31:16.786 +0800 o.a.d.s.m.r.t.TaskGroupCoordinator:[241] - Success deal with force start TaskGroupQueue cost: 0/ms
[INFO] 2025-10-13 11:31:16.786 +0800 o.a.d.s.m.r.t.TaskGroupCoordinator:[129] - TaskGroupCoordinator round time cost: 0/ms
[INFO] 2025-10-13 11:31:17.384 +0800 o.a.d.s.m.c.IdSlotBasedCommandFetcher:[67] - Fetch commands: 0 success, cost: 0ms, totalSlot: 1, currentSlotIndex: 0
[INFO] 2025-10-13 11:31:18.385 +0800 o.a.d.s.m.c.IdSlotBasedCommandFetcher:[67] - Fetch commands: 0 success, cost: 0ms, totalSlot: 1, currentSlotIndex: 0
[INFO] 2025-10-13 11:31:19.399 +0800 o.a.d.s.m.c.IdSlotBasedCommandFetcher:[67] - Fetch commands: 0 success, cost: 0ms, totalSlot: 1, currentSlotIndex: 0
[INFO] 2025-10-13 11:31:20.400 +0800 o.a.d.s.m.c.IdSlotBasedCommandFetcher:[67] - Fetch commands: 0 success, cost: 0ms, totalSlot: 1, currentSlotIndex: 0
[INFO] 2025-10-13 11:31:21.400 +0800 o.a.d.s.m.c.IdSlotBasedCommandFetcher:[67] - Fetch commands: 0 success, cost: 0ms, totalSlot: 1, currentSlotIndex: 0
[INFO] 2025-10-13 11:31:21.790 +0800 o.a.d.s.m.r.t.TaskGroupCoordinator:[187] - Success amend TaskGroupQueue status cost: 0/ms
[INFO] 2025-10-13 11:31:21.790 +0800 o.a.d.s.m.r.t.TaskGroupCoordinator:[241] - Success deal with force start TaskGroupQueue cost: 0/ms
[INFO] 2025-10-13 11:31:21.791 +0800 o.a.d.s.m.r.t.TaskGroupCoordinator:[129] - TaskGroupCoordinator round time cost: 0/ms
[INFO] 2025-10-13 11:31:22.400 +0800 o.a.d.s.m.c.IdSlotBasedCommandFetcher:[67] - Fetch commands: 0 success, cost: 0ms, totalSlot: 1, currentSlotIndex: 0
[INFO] 2025-10-13 11:31:23.407 +0800 o.a.d.s.m.c.IdSlotBasedCommandFetcher:[67] - Fetch commands: 0 success, cost: 0ms, totalSlot: 1, currentSlotIndex: 0
[INFO] 2025-10-13 11:31:24.411 +0800 o.a.d.s.m.c.IdSlotBasedCommandFetcher:[67] - Fetch commands: 0 success, cost: 0ms, totalSlot: 1, currentSlotIndex: 0
[INFO] 2025-10-13 11:31:25.412 +0800 o.a.d.s.m.c.IdSlotBasedCommandFetcher:[67] - Fetch commands: 0 success, cost: 0ms, totalSlot: 1, currentSlotIndex: 0
[INFO] 2025-10-13 11:31:26.413 +0800 o.a.d.s.m.c.IdSlotBasedCommandFetcher:[67] - Fetch commands: 0 success, cost: 0ms, totalSlot: 1, currentSlotIndex: 0
[INFO] 2025-10-13 11:31:26.801 +0800 o.a.d.s.m.r.t.TaskGroupCoordinator:[187] - Success amend TaskGroupQueue status cost: 0/ms
[INFO] 2025-10-13 11:31:26.801 +0800 o.a.d.s.m.r.t.TaskGroupCoordinator:[241] - Success deal with force start TaskGroupQueue cost: 0/ms
[INFO] 2025-10-13 11:31:26.801 +0800 o.a.d.s.m.r.t.TaskGroupCoordinator:[129] - TaskGroupCoordinator round time cost: 0/ms
[INFO] 2025-10-13 11:31:27.416 +0800 o.a.d.s.m.c.IdSlotBasedCommandFetcher:[67] - Fetch commands: 0 success, cost: 0ms, totalSlot: 1, currentSlotIndex: 0
[INFO] 2025-10-13 11:31:28.420 +0800 o.a.d.s.m.c.IdSlotBasedCommandFetcher:[67] - Fetch commands: 0 success, cost: 0ms, totalSlot: 1, currentSlotIndex: 0
[INFO] 2025-10-13 11:31:29.420 +0800 o.a.d.s.m.c.IdSlotBasedCommandFetcher:[67] - Fetch commands: 0 success, cost: 0ms, totalSlot: 1, currentSlotIndex: 0
[INFO] 2025-10-13 11:31:30.430 +0800 o.a.d.s.m.c.IdSlotBasedCommandFetcher:[67] - Fetch commands: 0 success, cost: 0ms, totalSlot: 1, currentSlotIndex: 0
[INFO] 2025-10-13 11:31:31.431 +0800 o.a.d.s.m.c.IdSlotBasedCommandFetcher:[67] - Fetch commands: 0 success, cost: 0ms, totalSlot: 1, currentSlotIndex: 0
[INFO] 2025-10-13 11:31:31.807 +0800 o.a.d.s.m.r.t.TaskGroupCoordinator:[187] - Success amend TaskGroupQueue status cost: 0/ms
[INFO] 2025-10-13 11:31:31.808 +0800 o.a.d.s.m.r.t.TaskGroupCoordinator:[241] - Success deal with force start TaskGroupQueue cost: 0/ms
[INFO] 2025-10-13 11:31:31.808 +0800 o.a.d.s.m.r.t.TaskGroupCoordinator:[129] - TaskGroupCoordinator round time cost: 0/ms
[INFO] 2025-10-13 11:31:32.431 +0800 o.a.d.s.m.c.IdSlotBasedCommandFetcher:[67] - Fetch commands: 0 success, cost: 0ms, totalSlot: 1, currentSlotIndex: 0
[INFO] 2025-10-13 11:31:33.437 +0800 o.a.d.s.m.c.IdSlotBasedCommandFetcher:[67] - Fetch commands: 0 success, cost: 0ms, totalSlot: 1, currentSlotIndex: 0
[INFO] 2025-10-13 11:31:34.439 +0800 o.a.d.s.m.c.IdSlotBasedCommandFetcher:[67] - Fetch commands: 0 success, cost: 0ms, totalSlot: 1, currentSlotIndex: 0
[INFO] 2025-10-13 11:31:35.439 +0800 o.a.d.s.m.c.IdSlotBasedCommandFetcher:[67] - Fetch commands: 0 success, cost: 0ms, totalSlot: 1, currentSlotIndex: 0
[INFO] 2025-10-13 11:31:36.444 +0800 o.a.d.s.m.c.IdSlotBasedCommandFetcher:[67] - Fetch commands: 0 success, cost: 0ms, totalSlot: 1, currentSlotIndex: 0
[INFO] 2025-10-13 11:31:36.812 +0800 o.a.d.s.m.r.t.TaskGroupCoordinator:[187] - Success amend TaskGroupQueue status cost: 0/ms
[INFO] 2025-10-13 11:31:36.813 +0800 o.a.d.s.m.r.t.TaskGroupCoordinator:[241] - Success deal with force start TaskGroupQueue cost: 0/ms
[INFO] 2025-10-13 11:31:36.813 +0800 o.a.d.s.m.r.t.TaskGroupCoordinator:[129] - TaskGroupCoordinator round time cost: 0/ms
[INFO] 2025-10-13 11:31:37.444 +0800 o.a.d.s.m.c.IdSlotBasedCommandFetcher:[67] - Fetch commands: 0 success, cost: 0ms, totalSlot: 1, currentSlotIndex: 0
[INFO] 2025-10-13 11:31:38.445 +0800 o.a.d.s.m.c.IdSlotBasedCommandFetcher:[67] - Fetch commands: 0 success, cost: 0ms, totalSlot: 1, currentSlotIndex: 0
[INFO] 2025-10-13 11:31:39.445 +0800 o.a.d.s.m.c.IdSlotBasedCommandFetcher:[67] - Fetch commands: 0 success, cost: 0ms, totalSlot: 1, currentSlotIndex: 0
[INFO] 2025-10-13 11:31:40.445 +0800 o.a.d.s.m.c.IdSlotBasedCommandFetcher:[67] - Fetch commands: 0 success, cost: 0ms, totalSlot: 1, currentSlotIndex: 0
[INFO] 2025-10-13 11:31:41.446 +0800 o.a.d.s.m.c.IdSlotBasedCommandFetcher:[67] - Fetch commands: 0 success, cost: 0ms, totalSlot: 1, currentSlotIndex: 0
[INFO] 2025-10-13 11:31:41.819 +0800 o.a.d.s.m.r.t.TaskGroupCoordinator:[187] - Success amend TaskGroupQueue status cost: 0/ms
[INFO] 2025-10-13 11:31:41.819 +0800 o.a.d.s.m.r.t.TaskGroupCoordinator:[241] - Success deal with force start TaskGroupQueue cost: 0/ms
[INFO] 2025-10-13 11:31:41.819 +0800 o.a.d.s.m.r.t.TaskGroupCoordinator:[129] - TaskGroupCoordinator round time cost: 0/ms
[INFO] 2025-10-13 11:31:42.447 +0800 o.a.d.s.m.c.IdSlotBasedCommandFetcher:[67] - Fetch commands: 0 success, cost: 0ms, totalSlot: 1, currentSlotIndex: 0
[INFO] 2025-10-13 11:31:43.447 +0800 o.a.d.s.m.c.IdSlotBasedCommandFetcher:[67] - Fetch commands: 0 success, cost: 0ms, totalSlot: 1, currentSlotIndex: 0
[INFO] 2025-10-13 11:31:44.448 +0800 o.a.d.s.m.c.IdSlotBasedCommandFetcher:[67] - Fetch commands: 0 success, cost: 0ms, totalSlot: 1, currentSlotIndex: 0
[INFO] 2025-10-13 11:31:45.448 +0800 o.a.d.s.m.c.IdSlotBasedCommandFetcher:[67] - Fetch commands: 0 success, cost: 0ms, totalSlot: 1, currentSlotIndex: 0
[INFO] 2025-10-13 11:31:46.449 +0800 o.a.d.s.m.c.IdSlotBasedCommandFetcher:[67] - Fetch commands: 0 success, cost: 0ms, totalSlot: 1, currentSlotIndex: 0
[INFO] 2025-10-13 11:31:46.829 +0800 o.a.d.s.m.r.t.TaskGroupCoordinator:[187] - Success amend TaskGroupQueue status cost: 0/ms
[INFO] 2025-10-13 11:31:46.829 +0800 o.a.d.s.m.r.t.TaskGroupCoordinator:[241] - Success deal with force start TaskGroupQueue cost: 0/ms
[INFO] 2025-10-13 11:31:46.829 +0800 o.a.d.s.m.r.t.TaskGroupCoordinator:[129] - TaskGroupCoordinator round time cost: 0/ms
[INFO] 2025-10-13 11:31:47.454 +0800 o.a.d.s.m.c.IdSlotBasedCommandFetcher:[67] - Fetch commands: 0 success, cost: 0ms, totalSlot: 1, currentSlotIndex: 0
[INFO] 2025-10-13 11:31:48.461 +0800 o.a.d.s.m.c.IdSlotBasedCommandFetcher:[67] - Fetch commands: 0 success, cost: 0ms, totalSlot: 1, currentSlotIndex: 0
[INFO] 2025-10-13 11:31:49.463 +0800 o.a.d.s.m.c.IdSlotBasedCommandFetcher:[67] - Fetch commands: 0 success, cost: 0ms, totalSlot: 1, currentSlotIndex: 0
[INFO] 2025-10-13 11:31:50.463 +0800 o.a.d.s.m.c.IdSlotBasedCommandFetcher:[67] - Fetch commands: 0 success, cost: 0ms, totalSlot: 1, currentSlotIndex: 0
[INFO] 2025-10-13 11:31:51.464 +0800 o.a.d.s.m.c.IdSlotBasedCommandFetcher:[67] - Fetch commands: 0 success, cost: 0ms, totalSlot: 1, currentSlotIndex: 0
[INFO] 2025-10-13 11:31:51.833 +0800 o.a.d.s.m.r.t.TaskGroupCoordinator:[187] - Success amend TaskGroupQueue status cost: 0/ms
[INFO] 2025-10-13 11:31:51.833 +0800 o.a.d.s.m.r.t.TaskGroupCoordinator:[241] - Success deal with force start TaskGroupQueue cost: 0/ms
[INFO] 2025-10-13 11:31:51.834 +0800 o.a.d.s.m.r.t.TaskGroupCoordinator:[129] - TaskGroupCoordinator round time cost: 0/ms
[INFO] 2025-10-13 11:31:52.475 +0800 o.a.d.s.m.c.IdSlotBasedCommandFetcher:[67] - Fetch commands: 0 success, cost: 0ms, totalSlot: 1, currentSlotIndex: 0
[INFO] 2025-10-13 11:31:53.482 +0800 o.a.d.s.m.c.IdSlotBasedCommandFetcher:[67] - Fetch commands: 0 success, cost: 0ms, totalSlot: 1, currentSlotIndex: 0
[INFO] 2025-10-13 11:31:54.491 +0800 o.a.d.s.m.c.IdSlotBasedCommandFetcher:[67] - Fetch commands: 0 success, cost: 0ms, totalSlot: 1, currentSlotIndex: 0
[INFO] 2025-10-13 11:31:55.491 +0800 o.a.d.s.m.c.IdSlotBasedCommandFetcher:[67] - Fetch commands: 0 success, cost: 0ms, totalSlot: 1, currentSlotIndex: 0
[INFO] 2025-10-13 11:31:56.498 +0800 o.a.d.s.m.c.IdSlotBasedCommandFetcher:[67] - Fetch commands: 0 success, cost: 0ms, totalSlot: 1, currentSlotIndex: 0
[INFO] 2025-10-13 11:31:56.841 +0800 o.a.d.s.m.r.t.TaskGroupCoordinator:[187] - Success amend TaskGroupQueue status cost: 0/ms
[INFO] 2025-10-13 11:31:56.841 +0800 o.a.d.s.m.r.t.TaskGroupCoordinator:[241] - Success deal with force start TaskGroupQueue cost: 0/ms
[INFO] 2025-10-13 11:31:56.841 +0800 o.a.d.s.m.r.t.TaskGroupCoordinator:[129] - TaskGroupCoordinator round time cost: 0/ms
[INFO] 2025-10-13 11:31:57.739 +0800 o.a.d.s.m.c.IdSlotBasedCommandFetcher:[67] - Fetch commands: 0 success, cost: 0ms, totalSlot: 1, currentSlotIndex: 0
[INFO] 2025-10-13 11:31:58.813 +0800 o.a.d.s.m.c.IdSlotBasedCommandFetcher:[67] - Fetch commands: 0 success, cost: 0ms, totalSlot: 1, currentSlotIndex: 0
[INFO] 2025-10-13 11:31:59.879 +0800 o.a.d.s.m.c.IdSlotBasedCommandFetcher:[67] - Fetch commands: 0 success, cost: 0ms, totalSlot: 1, currentSlotIndex: 0
[INFO] 2025-10-13 11:32:00.951 +0800 o.a.d.s.m.c.IdSlotBasedCommandFetcher:[67] - Fetch commands: 0 success, cost: 0ms, totalSlot: 1, currentSlotIndex: 0
[INFO] 2025-10-13 11:32:01.846 +0800 o.a.d.s.m.r.t.TaskGroupCoordinator:[187] - Success amend TaskGroupQueue status cost: 0/ms
[INFO] 2025-10-13 11:32:01.846 +0800 o.a.d.s.m.r.t.TaskGroupCoordinator:[241] - Success deal with force start TaskGroupQueue cost: 0/ms
[INFO] 2025-10-13 11:32:01.846 +0800 o.a.d.s.m.r.t.TaskGroupCoordinator:[129] - TaskGroupCoordinator round time cost: 0/ms
[INFO] 2025-10-13 11:32:02.020 +0800 o.a.d.s.m.c.IdSlotBasedCommandFetcher:[67] - Fetch commands: 0 success, cost: 0ms, totalSlot: 1, currentSlotIndex: 0
[INFO] 2025-10-13 11:32:03.090 +0800 o.a.d.s.m.c.IdSlotBasedCommandFetcher:[67] - Fetch commands: 0 success, cost: 0ms, totalSlot: 1, currentSlotIndex: 0
[INFO] 2025-10-13 11:32:04.164 +0800 o.a.d.s.m.c.IdSlotBasedCommandFetcher:[67] - Fetch commands: 0 success, cost: 1ms, totalSlot: 1, currentSlotIndex: 0
[INFO] 2025-10-13 11:32:05.233 +0800 o.a.d.s.m.c.IdSlotBasedCommandFetcher:[67] - Fetch commands: 0 success, cost: 0ms, totalSlot: 1, currentSlotIndex: 0
[INFO] 2025-10-13 11:32:06.305 +0800 o.a.d.s.m.c.IdSlotBasedCommandFetcher:[67] - Fetch commands: 0 success, cost: 0ms, totalSlot: 1, currentSlotIndex: 0
[INFO] 2025-10-13 11:32:06.851 +0800 o.a.d.s.m.r.t.TaskGroupCoordinator:[187] - Success amend TaskGroupQueue status cost: 0/ms
[INFO] 2025-10-13 11:32:06.851 +0800 o.a.d.s.m.r.t.TaskGroupCoordinator:[241] - Success deal with force start TaskGroupQueue cost: 0/ms
[INFO] 2025-10-13 11:32:06.851 +0800 o.a.d.s.m.r.t.TaskGroupCoordinator:[129] - TaskGroupCoordinator round time cost: 0/ms
[INFO] 2025-10-13 11:32:07.379 +0800 o.a.d.s.m.c.IdSlotBasedCommandFetcher:[67] - Fetch commands: 0 success, cost: 0ms, totalSlot: 1, currentSlotIndex: 0
[INFO] 2025-10-13 11:32:08.461 +0800 o.a.d.s.m.c.IdSlotBasedCommandFetcher:[67] - Fetch commands: 0 success, cost: 0ms, totalSlot: 1, currentSlotIndex: 0
[INFO] 2025-10-13 11:32:09.547 +0800 o.a.d.s.m.c.IdSlotBasedCommandFetcher:[67] - Fetch commands: 0 success, cost: 1ms, totalSlot: 1, currentSlotIndex: 0
[INFO] 2025-10-13 11:32:10.620 +0800 o.a.d.s.m.c.IdSlotBasedCommandFetcher:[67] - Fetch commands: 0 success, cost: 0ms, totalSlot: 1, currentSlotIndex: 0
[INFO] 2025-10-13 11:32:11.800 +0800 o.a.d.s.m.c.IdSlotBasedCommandFetcher:[67] - Fetch commands: 0 success, cost: 0ms, totalSlot: 1, currentSlotIndex: 0
[INFO] 2025-10-13 11:32:11.856 +0800 o.a.d.s.m.r.t.TaskGroupCoordinator:[187] - Success amend TaskGroupQueue status cost: 0/ms
[INFO] 2025-10-13 11:32:11.856 +0800 o.a.d.s.m.r.t.TaskGroupCoordinator:[241] - Success deal with force start TaskGroupQueue cost: 0/ms
[INFO] 2025-10-13 11:32:11.856 +0800 o.a.d.s.m.r.t.TaskGroupCoordinator:[129] - TaskGroupCoordinator round time cost: 0/ms
[INFO] 2025-10-13 11:32:12.800 +0800 o.a.d.s.m.c.IdSlotBasedCommandFetcher:[67] - Fetch commands: 0 success, cost: 0ms, totalSlot: 1, currentSlotIndex: 0
[INFO] 2025-10-13 11:32:13.804 +0800 o.a.d.s.m.c.IdSlotBasedCommandFetcher:[67] - Fetch commands: 0 success, cost: 0ms, totalSlot: 1, currentSlotIndex: 0
[INFO] 2025-10-13 11:32:14.805 +0800 o.a.d.s.m.c.IdSlotBasedCommandFetcher:[67] - Fetch commands: 0 success, cost: 0ms, totalSlot: 1, currentSlotIndex: 0
[INFO] 2025-10-13 11:32:15.808 +0800 o.a.d.s.m.c.IdSlotBasedCommandFetcher:[67] - Fetch commands: 0 success, cost: 0ms, totalSlot: 1, currentSlotIndex: 0
[INFO] 2025-10-13 11:32:16.823 +0800 o.a.d.s.m.c.IdSlotBasedCommandFetcher:[67] - Fetch commands: 0 success, cost: 0ms, totalSlot: 1, currentSlotIndex: 0
[INFO] 2025-10-13 11:32:16.862 +0800 o.a.d.s.m.r.t.TaskGroupCoordinator:[187] - Success amend TaskGroupQueue status cost: 0/ms
[INFO] 2025-10-13 11:32:16.862 +0800 o.a.d.s.m.r.t.TaskGroupCoordinator:[241] - Success deal with force start TaskGroupQueue cost: 0/ms
[INFO] 2025-10-13 11:32:16.863 +0800 o.a.d.s.m.r.t.TaskGroupCoordinator:[129] - TaskGroupCoordinator round time cost: 0/ms
[INFO] 2025-10-13 11:32:17.824 +0800 o.a.d.s.m.c.IdSlotBasedCommandFetcher:[67] - Fetch commands: 0 success, cost: 0ms, totalSlot: 1, currentSlotIndex: 0
[INFO] 2025-10-13 11:32:18.824 +0800 o.a.d.s.m.c.IdSlotBasedCommandFetcher:[67] - Fetch commands: 0 success, cost: 0ms, totalSlot: 1, currentSlotIndex: 0
[INFO] 2025-10-13 11:32:19.824 +0800 o.a.d.s.m.c.IdSlotBasedCommandFetcher:[67] - Fetch commands: 0 success, cost: 0ms, totalSlot: 1, currentSlotIndex: 0
[INFO] 2025-10-13 11:32:20.824 +0800 o.a.d.s.m.c.IdSlotBasedCommandFetcher:[67] - Fetch commands: 0 success, cost: 0ms, totalSlot: 1, currentSlotIndex: 0
[INFO] 2025-10-13 11:32:21.824 +0800 o.a.d.s.m.c.IdSlotBasedCommandFetcher:[67] - Fetch commands: 0 success, cost: 0ms, totalSlot: 1, currentSlotIndex: 0
[INFO] 2025-10-13 11:32:21.867 +0800 o.a.d.s.m.r.t.TaskGroupCoordinator:[187] - Success amend TaskGroupQueue status cost: 0/ms
[INFO] 2025-10-13 11:32:21.867 +0800 o.a.d.s.m.r.t.TaskGroupCoordinator:[241] - Success deal with force start TaskGroupQueue cost: 0/ms
[INFO] 2025-10-13 11:32:21.867 +0800 o.a.d.s.m.r.t.TaskGroupCoordinator:[129] - TaskGroupCoordinator round time cost: 0/ms
[INFO] 2025-10-13 11:32:22.825 +0800 o.a.d.s.m.c.IdSlotBasedCommandFetcher:[67] - Fetch commands: 0 success, cost: 0ms, totalSlot: 1, currentSlotIndex: 0
[INFO] 2025-10-13 11:32:23.825 +0800 o.a.d.s.m.c.IdSlotBasedCommandFetcher:[67] - Fetch commands: 0 success, cost: 0ms, totalSlot: 1, currentSlotIndex: 0
[INFO] 2025-10-13 11:32:24.826 +0800 o.a.d.s.m.c.IdSlotBasedCommandFetcher:[67] - Fetch commands: 0 success, cost: 0ms, totalSlot: 1, currentSlotIndex: 0
[INFO] 2025-10-13 11:32:26.063 +0800 o.a.d.s.m.c.IdSlotBasedCommandFetcher:[67] - Fetch commands: 0 success, cost: 0ms, totalSlot: 1, currentSlotIndex: 0
[INFO] 2025-10-13 11:32:26.871 +0800 o.a.d.s.m.r.t.TaskGroupCoordinator:[187] - Success amend TaskGroupQueue status cost: 0/ms
[INFO] 2025-10-13 11:32:26.871 +0800 o.a.d.s.m.r.t.TaskGroupCoordinator:[241] - Success deal with force start TaskGroupQueue cost: 0/ms
[INFO] 2025-10-13 11:32:26.871 +0800 o.a.d.s.m.r.t.TaskGroupCoordinator:[129] - TaskGroupCoordinator round time cost: 0/ms
[INFO] 2025-10-13 11:32:27.064 +0800 o.a.d.s.m.c.IdSlotBasedCommandFetcher:[67] - Fetch commands: 0 success, cost: 0ms, totalSlot: 1, currentSlotIndex: 0
[INFO] 2025-10-13 11:32:28.070 +0800 o.a.d.s.m.c.IdSlotBasedCommandFetcher:[67] - Fetch commands: 0 success, cost: 0ms, totalSlot: 1, currentSlotIndex: 0
[INFO] 2025-10-13 11:32:29.070 +0800 o.a.d.s.m.c.IdSlotBasedCommandFetcher:[67] - Fetch commands: 0 success, cost: 0ms, totalSlot: 1, currentSlotIndex: 0
[INFO] 2025-10-13 11:32:30.085 +0800 o.a.d.s.m.c.IdSlotBasedCommandFetcher:[67] - Fetch commands: 0 success, cost: 0ms, totalSlot: 1, currentSlotIndex: 0
[INFO] 2025-10-13 11:32:31.085 +0800 o.a.d.s.m.c.IdSlotBasedCommandFetcher:[67] - Fetch commands: 0 success, cost: 0ms, totalSlot: 1, currentSlotIndex: 0
[INFO] 2025-10-13 11:32:31.880 +0800 o.a.d.s.m.r.t.TaskGroupCoordinator:[187] - Success amend TaskGroupQueue status cost: 0/ms
[INFO] 2025-10-13 11:32:31.880 +0800 o.a.d.s.m.r.t.TaskGroupCoordinator:[241] - Success deal with force start TaskGroupQueue cost: 0/ms
[INFO] 2025-10-13 11:32:31.880 +0800 o.a.d.s.m.r.t.TaskGroupCoordinator:[129] - TaskGroupCoordinator round time cost: 0/ms
[INFO] 2025-10-13 11:32:32.086 +0800 o.a.d.s.m.c.IdSlotBasedCommandFetcher:[67] - Fetch commands: 0 success, cost: 0ms, totalSlot: 1, currentSlotIndex: 0
[INFO] 2025-10-13 11:32:33.089 +0800 o.a.d.s.m.c.IdSlotBasedCommandFetcher:[67] - Fetch commands: 0 success, cost: 0ms, totalSlot: 1, currentSlotIndex: 0
[INFO] 2025-10-13 11:32:34.090 +0800 o.a.d.s.m.c.IdSlotBasedCommandFetcher:[67] - Fetch commands: 0 success, cost: 0ms, totalSlot: 1, currentSlotIndex: 0
[INFO] 2025-10-13 11:32:35.095 +0800 o.a.d.s.m.c.IdSlotBasedCommandFetcher:[67] - Fetch commands: 0 success, cost: 0ms, totalSlot: 1, currentSlotIndex: 0
[INFO] 2025-10-13 11:32:36.096 +0800 o.a.d.s.m.c.IdSlotBasedCommandFetcher:[67] - Fetch commands: 0 success, cost: 0ms, totalSlot: 1, currentSlotIndex: 0
[INFO] 2025-10-13 11:32:36.888 +0800 o.a.d.s.m.r.t.TaskGroupCoordinator:[187] - Success amend TaskGroupQueue status cost: 0/ms
[INFO] 2025-10-13 11:32:36.888 +0800 o.a.d.s.m.r.t.TaskGroupCoordinator:[241] - Success deal with force start TaskGroupQueue cost: 0/ms
[INFO] 2025-10-13 11:32:36.888 +0800 o.a.d.s.m.r.t.TaskGroupCoordinator:[129] - TaskGroupCoordinator round time cost: 0/ms
[INFO] 2025-10-13 11:32:37.102 +0800 o.a.d.s.m.c.IdSlotBasedCommandFetcher:[67] - Fetch commands: 0 success, cost: 0ms, totalSlot: 1, currentSlotIndex: 0
[INFO] 2025-10-13 11:32:38.102 +0800 o.a.d.s.m.c.IdSlotBasedCommandFetcher:[67] - Fetch commands: 0 success, cost: 0ms, totalSlot: 1, currentSlotIndex: 0
[INFO] 2025-10-13 11:32:39.103 +0800 o.a.d.s.m.c.IdSlotBasedCommandFetcher:[67] - Fetch commands: 0 success, cost: 0ms, totalSlot: 1, currentSlotIndex: 0
[INFO] 2025-10-13 11:32:40.320 +0800 o.a.d.s.m.c.IdSlotBasedCommandFetcher:[67] - Fetch commands: 0 success, cost: 1ms, totalSlot: 1, currentSlotIndex: 0
[INFO] 2025-10-13 11:32:41.321 +0800 o.a.d.s.m.c.IdSlotBasedCommandFetcher:[67] - Fetch commands: 0 success, cost: 0ms, totalSlot: 1, currentSlotIndex: 0
[INFO] 2025-10-13 11:32:41.892 +0800 o.a.d.s.m.r.t.TaskGroupCoordinator:[187] - Success amend TaskGroupQueue status cost: 0/ms
[INFO] 2025-10-13 11:32:41.892 +0800 o.a.d.s.m.r.t.TaskGroupCoordinator:[241] - Success deal with force start TaskGroupQueue cost: 0/ms
[INFO] 2025-10-13 11:32:41.892 +0800 o.a.d.s.m.r.t.TaskGroupCoordinator:[129] - TaskGroupCoordinator round time cost: 0/ms
[INFO] 2025-10-13 11:32:42.322 +0800 o.a.d.s.m.c.IdSlotBasedCommandFetcher:[67] - Fetch commands: 0 success, cost: 0ms, totalSlot: 1, currentSlotIndex: 0
[INFO] 2025-10-13 11:32:43.322 +0800 o.a.d.s.m.c.IdSlotBasedCommandFetcher:[67] - Fetch commands: 0 success, cost: 0ms, totalSlot: 1, currentSlotIndex: 0
[INFO] 2025-10-13 11:32:44.322 +0800 o.a.d.s.m.c.IdSlotBasedCommandFetcher:[67] - Fetch commands: 0 success, cost: 0ms, totalSlot: 1, currentSlotIndex: 0
[INFO] 2025-10-13 11:32:45.322 +0800 o.a.d.s.m.c.IdSlotBasedCommandFetcher:[67] - Fetch commands: 0 success, cost: 0ms, totalSlot: 1, currentSlotIndex: 0
[INFO] 2025-10-13 11:32:46.323 +0800 o.a.d.s.m.c.IdSlotBasedCommandFetcher:[67] - Fetch commands: 0 success, cost: 0ms, totalSlot: 1, currentSlotIndex: 0
[INFO] 2025-10-13 11:32:46.902 +0800 o.a.d.s.m.r.t.TaskGroupCoordinator:[187] - Success amend TaskGroupQueue status cost: 0/ms
[INFO] 2025-10-13 11:32:46.903 +0800 o.a.d.s.m.r.t.TaskGroupCoordinator:[241] - Success deal with force start TaskGroupQueue cost: 0/ms
[INFO] 2025-10-13 11:32:46.903 +0800 o.a.d.s.m.r.t.TaskGroupCoordinator:[129] - TaskGroupCoordinator round time cost: 0/ms
[INFO] 2025-10-13 11:32:47.323 +0800 o.a.d.s.m.c.IdSlotBasedCommandFetcher:[67] - Fetch commands: 0 success, cost: 0ms, totalSlot: 1, currentSlotIndex: 0
[INFO] 2025-10-13 11:32:48.324 +0800 o.a.d.s.m.c.IdSlotBasedCommandFetcher:[67] - Fetch commands: 0 success, cost: 0ms, totalSlot: 1, currentSlotIndex: 0
[INFO] 2025-10-13 11:32:49.329 +0800 o.a.d.s.m.c.IdSlotBasedCommandFetcher:[67] - Fetch commands: 0 success, cost: 0ms, totalSlot: 1, currentSlotIndex: 0
[INFO] 2025-10-13 11:32:50.339 +0800 o.a.d.s.m.c.IdSlotBasedCommandFetcher:[67] - Fetch commands: 0 success, cost: 0ms, totalSlot: 1, currentSlotIndex: 0
[INFO] 2025-10-13 11:32:51.340 +0800 o.a.d.s.m.c.IdSlotBasedCommandFetcher:[67] - Fetch commands: 0 success, cost: 0ms, totalSlot: 1, currentSlotIndex: 0
[INFO] 2025-10-13 11:32:51.907 +0800 o.a.d.s.m.r.t.TaskGroupCoordinator:[187] - Success amend TaskGroupQueue status cost: 0/ms
[INFO] 2025-10-13 11:32:51.907 +0800 o.a.d.s.m.r.t.TaskGroupCoordinator:[241] - Success deal with force start TaskGroupQueue cost: 0/ms
[INFO] 2025-10-13 11:32:51.907 +0800 o.a.d.s.m.r.t.TaskGroupCoordinator:[129] - TaskGroupCoordinator round time cost: 0/ms
[INFO] 2025-10-13 11:32:52.341 +0800 o.a.d.s.m.c.IdSlotBasedCommandFetcher:[67] - Fetch commands: 0 success, cost: 0ms, totalSlot: 1, currentSlotIndex: 0
[INFO] 2025-10-13 11:32:53.341 +0800 o.a.d.s.m.c.IdSlotBasedCommandFetcher:[67] - Fetch commands: 0 success, cost: 0ms, totalSlot: 1, currentSlotIndex: 0
[INFO] 2025-10-13 11:32:54.451 +0800 o.a.d.s.m.c.IdSlotBasedCommandFetcher:[67] - Fetch commands: 0 success, cost: 0ms, totalSlot: 1, currentSlotIndex: 0
[INFO] 2025-10-13 11:32:55.524 +0800 o.a.d.s.m.c.IdSlotBasedCommandFetcher:[67] - Fetch commands: 0 success, cost: 0ms, totalSlot: 1, currentSlotIndex: 0
[INFO] 2025-10-13 11:32:56.598 +0800 o.a.d.s.m.c.IdSlotBasedCommandFetcher:[67] - Fetch commands: 0 success, cost: 0ms, totalSlot: 1, currentSlotIndex: 0
[INFO] 2025-10-13 11:32:56.911 +0800 o.a.d.s.m.r.t.TaskGroupCoordinator:[187] - Success amend TaskGroupQueue status cost: 0/ms
[INFO] 2025-10-13 11:32:56.911 +0800 o.a.d.s.m.r.t.TaskGroupCoordinator:[241] - Success deal with force start TaskGroupQueue cost: 0/ms
[INFO] 2025-10-13 11:32:56.911 +0800 o.a.d.s.m.r.t.TaskGroupCoordinator:[129] - TaskGroupCoordinator round time cost: 0/ms
[INFO] 2025-10-13 11:32:57.686 +0800 o.a.d.s.m.c.IdSlotBasedCommandFetcher:[67] - Fetch commands: 0 success, cost: 1ms, totalSlot: 1, currentSlotIndex: 0
[INFO] 2025-10-13 11:32:58.756 +0800 o.a.d.s.m.c.IdSlotBasedCommandFetcher:[67] - Fetch commands: 0 success, cost: 0ms, totalSlot: 1, currentSlotIndex: 0
[INFO] 2025-10-13 11:32:59.831 +0800 o.a.d.s.m.c.IdSlotBasedCommandFetcher:[67] - Fetch commands: 0 success, cost: 0ms, totalSlot: 1, currentSlotIndex: 0
[INFO] 2025-10-13 11:33:00.901 +0800 o.a.d.s.m.c.IdSlotBasedCommandFetcher:[67] - Fetch commands: 0 success, cost: 0ms, totalSlot: 1, currentSlotIndex: 0
[INFO] 2025-10-13 11:33:01.919 +0800 o.a.d.s.m.r.t.TaskGroupCoordinator:[187] - Success amend TaskGroupQueue status cost: 0/ms
[INFO] 2025-10-13 11:33:01.919 +0800 o.a.d.s.m.r.t.TaskGroupCoordinator:[241] - Success deal with force start TaskGroupQueue cost: 0/ms
[INFO] 2025-10-13 11:33:01.919 +0800 o.a.d.s.m.r.t.TaskGroupCoordinator:[129] - TaskGroupCoordinator round time cost: 0/ms
[INFO] 2025-10-13 11:33:01.987 +0800 o.a.d.s.m.c.IdSlotBasedCommandFetcher:[67] - Fetch commands: 0 success, cost: 1ms, totalSlot: 1, currentSlotIndex: 0
[INFO] 2025-10-13 11:33:03.058 +0800 o.a.d.s.m.c.IdSlotBasedCommandFetcher:[67] - Fetch commands: 0 success, cost: 0ms, totalSlot: 1, currentSlotIndex: 0
[INFO] 2025-10-13 11:33:04.147 +0800 o.a.d.s.m.c.IdSlotBasedCommandFetcher:[67] - Fetch commands: 0 success, cost: 0ms, totalSlot: 1, currentSlotIndex: 0
[INFO] 2025-10-13 11:33:05.217 +0800 o.a.d.s.m.c.IdSlotBasedCommandFetcher:[67] - Fetch commands: 0 success, cost: 0ms, totalSlot: 1, currentSlotIndex: 0
[INFO] 2025-10-13 11:33:06.290 +0800 o.a.d.s.m.c.IdSlotBasedCommandFetcher:[67] - Fetch commands: 0 success, cost: 0ms, totalSlot: 1, currentSlotIndex: 0
[INFO] 2025-10-13 11:33:06.924 +0800 o.a.d.s.m.r.t.TaskGroupCoordinator:[187] - Success amend TaskGroupQueue status cost: 0/ms
[INFO] 2025-10-13 11:33:06.925 +0800 o.a.d.s.m.r.t.TaskGroupCoordinator:[241] - Success deal with force start TaskGroupQueue cost: 0/ms
[INFO] 2025-10-13 11:33:06.925 +0800 o.a.d.s.m.r.t.TaskGroupCoordinator:[129] - TaskGroupCoordinator round time cost: 0/ms
[INFO] 2025-10-13 11:33:07.515 +0800 o.a.d.s.m.c.IdSlotBasedCommandFetcher:[67] - Fetch commands: 0 success, cost: 0ms, totalSlot: 1, currentSlotIndex: 0
[INFO] 2025-10-13 11:33:08.516 +0800 o.a.d.s.m.c.IdSlotBasedCommandFetcher:[67] - Fetch commands: 0 success, cost: 0ms, totalSlot: 1, currentSlotIndex: 0
[INFO] 2025-10-13 11:33:09.517 +0800 o.a.d.s.m.c.IdSlotBasedCommandFetcher:[67] - Fetch commands: 0 success, cost: 0ms, totalSlot: 1, currentSlotIndex: 0
[INFO] 2025-10-13 11:33:10.517 +0800 o.a.d.s.m.c.IdSlotBasedCommandFetcher:[67] - Fetch commands: 0 success, cost: 0ms, totalSlot: 1, currentSlotIndex: 0
[INFO] 2025-10-13 11:33:11.517 +0800 o.a.d.s.m.c.IdSlotBasedCommandFetcher:[67] - Fetch commands: 0 success, cost: 0ms, totalSlot: 1, currentSlotIndex: 0
[INFO] 2025-10-13 11:33:11.931 +0800 o.a.d.s.m.r.t.TaskGroupCoordinator:[187] - Success amend TaskGroupQueue status cost: 0/ms
[INFO] 2025-10-13 11:33:11.931 +0800 o.a.d.s.m.r.t.TaskGroupCoordinator:[241] - Success deal with force start TaskGroupQueue cost: 0/ms
[INFO] 2025-10-13 11:33:11.931 +0800 o.a.d.s.m.r.t.TaskGroupCoordinator:[129] - TaskGroupCoordinator round time cost: 1/ms
[INFO] 2025-10-13 11:33:12.518 +0800 o.a.d.s.m.c.IdSlotBasedCommandFetcher:[67] - Fetch commands: 0 success, cost: 0ms, totalSlot: 1, currentSlotIndex: 0
[INFO] 2025-10-13 11:33:13.519 +0800 o.a.d.s.m.c.IdSlotBasedCommandFetcher:[67] - Fetch commands: 0 success, cost: 0ms, totalSlot: 1, currentSlotIndex: 0
[INFO] 2025-10-13 11:33:14.519 +0800 o.a.d.s.m.c.IdSlotBasedCommandFetcher:[67] - Fetch commands: 0 success, cost: 0ms, totalSlot: 1, currentSlotIndex: 0
[INFO] 2025-10-13 11:33:15.520 +0800 o.a.d.s.m.c.IdSlotBasedCommandFetcher:[67] - Fetch commands: 0 success, cost: 0ms, totalSlot: 1, currentSlotIndex: 0
[INFO] 2025-10-13 11:33:16.520 +0800 o.a.d.s.m.c.IdSlotBasedCommandFetcher:[67] - Fetch commands: 0 success, cost: 0ms, totalSlot: 1, currentSlotIndex: 0
[INFO] 2025-10-13 11:33:16.937 +0800 o.a.d.s.m.r.t.TaskGroupCoordinator:[187] - Success amend TaskGroupQueue status cost: 0/ms
[INFO] 2025-10-13 11:33:16.937 +0800 o.a.d.s.m.r.t.TaskGroupCoordinator:[241] - Success deal with force start TaskGroupQueue cost: 0/ms
[INFO] 2025-10-13 11:33:16.937 +0800 o.a.d.s.m.r.t.TaskGroupCoordinator:[129] - TaskGroupCoordinator round time cost: 0/ms
[INFO] 2025-10-13 11:33:17.521 +0800 o.a.d.s.m.c.IdSlotBasedCommandFetcher:[67] - Fetch commands: 0 success, cost: 0ms, totalSlot: 1, currentSlotIndex: 0
[INFO] 2025-10-13 11:33:18.522 +0800 o.a.d.s.m.c.IdSlotBasedCommandFetcher:[67] - Fetch commands: 0 success, cost: 0ms, totalSlot: 1, currentSlotIndex: 0
[INFO] 2025-10-13 11:33:19.522 +0800 o.a.d.s.m.c.IdSlotBasedCommandFetcher:[67] - Fetch commands: 0 success, cost: 0ms, totalSlot: 1, currentSlotIndex: 0
[INFO] 2025-10-13 11:33:20.747 +0800 o.a.d.s.m.c.IdSlotBasedCommandFetcher:[67] - Fetch commands: 0 success, cost: 1ms, totalSlot: 1, currentSlotIndex: 0
[INFO] 2025-10-13 11:33:21.747 +0800 o.a.d.s.m.c.IdSlotBasedCommandFetcher:[67] - Fetch commands: 0 success, cost: 0ms, totalSlot: 1, currentSlotIndex: 0
[INFO] 2025-10-13 11:33:21.941 +0800 o.a.d.s.m.r.t.TaskGroupCoordinator:[187] - Success amend TaskGroupQueue status cost: 0/ms
[INFO] 2025-10-13 11:33:21.941 +0800 o.a.d.s.m.r.t.TaskGroupCoordinator:[241] - Success deal with force start TaskGroupQueue cost: 0/ms
[INFO] 2025-10-13 11:33:21.941 +0800 o.a.d.s.m.r.t.TaskGroupCoordinator:[129] - TaskGroupCoordinator round time cost: 0/ms
[INFO] 2025-10-13 11:33:22.747 +0800 o.a.d.s.m.c.IdSlotBasedCommandFetcher:[67] - Fetch commands: 0 success, cost: 0ms, totalSlot: 1, currentSlotIndex: 0
[INFO] 2025-10-13 11:33:23.747 +0800 o.a.d.s.m.c.IdSlotBasedCommandFetcher:[67] - Fetch commands: 0 success, cost: 0ms, totalSlot: 1, currentSlotIndex: 0
[INFO] 2025-10-13 11:33:24.747 +0800 o.a.d.s.m.c.IdSlotBasedCommandFetcher:[67] - Fetch commands: 0 success, cost: 0ms, totalSlot: 1, currentSlotIndex: 0
[INFO] 2025-10-13 11:33:25.748 +0800 o.a.d.s.m.c.IdSlotBasedCommandFetcher:[67] - Fetch commands: 0 success, cost: 0ms, totalSlot: 1, currentSlotIndex: 0
[INFO] 2025-10-13 11:33:26.748 +0800 o.a.d.s.m.c.IdSlotBasedCommandFetcher:[67] - Fetch commands: 0 success, cost: 0ms, totalSlot: 1, currentSlotIndex: 0
[INFO] 2025-10-13 11:33:26.947 +0800 o.a.d.s.m.r.t.TaskGroupCoordinator:[187] - Success amend TaskGroupQueue status cost: 0/ms
[INFO] 2025-10-13 11:33:26.948 +0800 o.a.d.s.m.r.t.TaskGroupCoordinator:[241] - Success deal with force start TaskGroupQueue cost: 0/ms
[INFO] 2025-10-13 11:33:26.948 +0800 o.a.d.s.m.r.t.TaskGroupCoordinator:[129] - TaskGroupCoordinator round time cost: 0/ms
[INFO] 2025-10-13 11:33:27.749 +0800 o.a.d.s.m.c.IdSlotBasedCommandFetcher:[67] - Fetch commands: 0 success, cost: 0ms, totalSlot: 1, currentSlotIndex: 0
[INFO] 2025-10-13 11:33:28.749 +0800 o.a.d.s.m.c.IdSlotBasedCommandFetcher:[67] - Fetch commands: 0 success, cost: 0ms, totalSlot: 1, currentSlotIndex: 0
[INFO] 2025-10-13 11:33:29.750 +0800 o.a.d.s.m.c.IdSlotBasedCommandFetcher:[67] - Fetch commands: 0 success, cost: 0ms, totalSlot: 1, currentSlotIndex: 0
[INFO] 2025-10-13 11:33:30.751 +0800 o.a.d.s.m.c.IdSlotBasedCommandFetcher:[67] - Fetch commands: 0 success, cost: 0ms, totalSlot: 1, currentSlotIndex: 0
[INFO] 2025-10-13 11:33:31.751 +0800 o.a.d.s.m.c.IdSlotBasedCommandFetcher:[67] - Fetch commands: 0 success, cost: 0ms, totalSlot: 1, currentSlotIndex: 0
[INFO] 2025-10-13 11:33:31.952 +0800 o.a.d.s.m.r.t.TaskGroupCoordinator:[187] - Success amend TaskGroupQueue status cost: 0/ms
[INFO] 2025-10-13 11:33:31.952 +0800 o.a.d.s.m.r.t.TaskGroupCoordinator:[241] - Success deal with force start TaskGroupQueue cost: 0/ms
[INFO] 2025-10-13 11:33:31.952 +0800 o.a.d.s.m.r.t.TaskGroupCoordinator:[129] - TaskGroupCoordinator round time cost: 0/ms
[INFO] 2025-10-13 11:33:32.751 +0800 o.a.d.s.m.c.IdSlotBasedCommandFetcher:[67] - Fetch commands: 0 success, cost: 0ms, totalSlot: 1, currentSlotIndex: 0
[INFO] 2025-10-13 11:33:33.874 +0800 o.a.d.s.m.c.IdSlotBasedCommandFetcher:[67] - Fetch commands: 0 success, cost: 0ms, totalSlot: 1, currentSlotIndex: 0
[INFO] 2025-10-13 11:33:34.942 +0800 o.a.d.s.m.c.IdSlotBasedCommandFetcher:[67] - Fetch commands: 0 success, cost: 0ms, totalSlot: 1, currentSlotIndex: 0
[INFO] 2025-10-13 11:33:36.012 +0800 o.a.d.s.m.c.IdSlotBasedCommandFetcher:[67] - Fetch commands: 0 success, cost: 1ms, totalSlot: 1, currentSlotIndex: 0
[INFO] 2025-10-13 11:33:36.958 +0800 o.a.d.s.m.r.t.TaskGroupCoordinator:[187] - Success amend TaskGroupQueue status cost: 0/ms
[INFO] 2025-10-13 11:33:36.958 +0800 o.a.d.s.m.r.t.TaskGroupCoordinator:[241] - Success deal with force start TaskGroupQueue cost: 0/ms
[INFO] 2025-10-13 11:33:36.958 +0800 o.a.d.s.m.r.t.TaskGroupCoordinator:[129] - TaskGroupCoordinator round time cost: 0/ms
[INFO] 2025-10-13 11:33:37.080 +0800 o.a.d.s.m.c.IdSlotBasedCommandFetcher:[67] - Fetch commands: 0 success, cost: 0ms, totalSlot: 1, currentSlotIndex: 0
[INFO] 2025-10-13 11:33:38.147 +0800 o.a.d.s.m.c.IdSlotBasedCommandFetcher:[67] - Fetch commands: 0 success, cost: 0ms, totalSlot: 1, currentSlotIndex: 0
[INFO] 2025-10-13 11:33:39.223 +0800 o.a.d.s.m.c.IdSlotBasedCommandFetcher:[67] - Fetch commands: 0 success, cost: 0ms, totalSlot: 1, currentSlotIndex: 0
[INFO] 2025-10-13 11:33:40.300 +0800 o.a.d.s.m.c.IdSlotBasedCommandFetcher:[67] - Fetch commands: 0 success, cost: 0ms, totalSlot: 1, currentSlotIndex: 0
[INFO] 2025-10-13 11:33:41.377 +0800 o.a.d.s.m.c.IdSlotBasedCommandFetcher:[67] - Fetch commands: 0 success, cost: 0ms, totalSlot: 1, currentSlotIndex: 0
[INFO] 2025-10-13 11:33:41.964 +0800 o.a.d.s.m.r.t.TaskGroupCoordinator:[187] - Success amend TaskGroupQueue status cost: 0/ms
[INFO] 2025-10-13 11:33:41.964 +0800 o.a.d.s.m.r.t.TaskGroupCoordinator:[241] - Success deal with force start TaskGroupQueue cost: 0/ms
[INFO] 2025-10-13 11:33:41.964 +0800 o.a.d.s.m.r.t.TaskGroupCoordinator:[129] - TaskGroupCoordinator round time cost: 0/ms
[INFO] 2025-10-13 11:33:42.452 +0800 o.a.d.s.m.c.IdSlotBasedCommandFetcher:[67] - Fetch commands: 0 success, cost: 0ms, totalSlot: 1, currentSlotIndex: 0
[INFO] 2025-10-13 11:33:43.518 +0800 o.a.d.s.m.c.IdSlotBasedCommandFetcher:[67] - Fetch commands: 0 success, cost: 0ms, totalSlot: 1, currentSlotIndex: 0
[INFO] 2025-10-13 11:33:44.584 +0800 o.a.d.s.m.c.IdSlotBasedCommandFetcher:[67] - Fetch commands: 0 success, cost: 0ms, totalSlot: 1, currentSlotIndex: 0
[INFO] 2025-10-13 11:33:45.662 +0800 o.a.d.s.m.c.IdSlotBasedCommandFetcher:[67] - Fetch commands: 0 success, cost: 0ms, totalSlot: 1, currentSlotIndex: 0
[INFO] 2025-10-13 11:33:46.739 +0800 o.a.d.s.m.c.IdSlotBasedCommandFetcher:[67] - Fetch commands: 0 success, cost: 0ms, totalSlot: 1, currentSlotIndex: 0
[INFO] 2025-10-13 11:33:46.973 +0800 o.a.d.s.m.r.t.TaskGroupCoordinator:[187] - Success amend TaskGroupQueue status cost: 0/ms
[INFO] 2025-10-13 11:33:46.973 +0800 o.a.d.s.m.r.t.TaskGroupCoordinator:[241] - Success deal with force start TaskGroupQueue cost: 0/ms
[INFO] 2025-10-13 11:33:46.973 +0800 o.a.d.s.m.r.t.TaskGroupCoordinator:[129] - TaskGroupCoordinator round time cost: 0/ms
[INFO] 2025-10-13 11:33:47.919 +0800 o.a.d.s.m.c.IdSlotBasedCommandFetcher:[67] - Fetch commands: 0 success, cost: 0ms, totalSlot: 1, currentSlotIndex: 0
[INFO] 2025-10-13 11:33:48.919 +0800 o.a.d.s.m.c.IdSlotBasedCommandFetcher:[67] - Fetch commands: 0 success, cost: 0ms, totalSlot: 1, currentSlotIndex: 0
[INFO] 2025-10-13 11:33:49.929 +0800 o.a.d.s.m.c.IdSlotBasedCommandFetcher:[67] - Fetch commands: 0 success, cost: 0ms, totalSlot: 1, currentSlotIndex: 0
[INFO] 2025-10-13 11:33:50.931 +0800 o.a.d.s.m.c.IdSlotBasedCommandFetcher:[67] - Fetch commands: 0 success, cost: 0ms, totalSlot: 1, currentSlotIndex: 0
[INFO] 2025-10-13 11:33:51.931 +0800 o.a.d.s.m.c.IdSlotBasedCommandFetcher:[67] - Fetch commands: 0 success, cost: 0ms, totalSlot: 1, currentSlotIndex: 0
[INFO] 2025-10-13 11:33:51.976 +0800 o.a.d.s.m.r.t.TaskGroupCoordinator:[187] - Success amend TaskGroupQueue status cost: 0/ms
[INFO] 2025-10-13 11:33:51.976 +0800 o.a.d.s.m.r.t.TaskGroupCoordinator:[241] - Success deal with force start TaskGroupQueue cost: 0/ms
[INFO] 2025-10-13 11:33:51.976 +0800 o.a.d.s.m.r.t.TaskGroupCoordinator:[129] - TaskGroupCoordinator round time cost: 0/ms
[INFO] 2025-10-13 11:33:52.931 +0800 o.a.d.s.m.c.IdSlotBasedCommandFetcher:[67] - Fetch commands: 0 success, cost: 0ms, totalSlot: 1, currentSlotIndex: 0
[INFO] 2025-10-13 11:33:53.940 +0800 o.a.d.s.m.c.IdSlotBasedCommandFetcher:[67] - Fetch commands: 0 success, cost: 0ms, totalSlot: 1, currentSlotIndex: 0
[INFO] 2025-10-13 11:33:54.940 +0800 o.a.d.s.m.c.IdSlotBasedCommandFetcher:[67] - Fetch commands: 0 success, cost: 0ms, totalSlot: 1, currentSlotIndex: 0
[INFO] 2025-10-13 11:33:55.941 +0800 o.a.d.s.m.c.IdSlotBasedCommandFetcher:[67] - Fetch commands: 0 success, cost: 0ms, totalSlot: 1, currentSlotIndex: 0
[INFO] 2025-10-13 11:33:56.942 +0800 o.a.d.s.m.c.IdSlotBasedCommandFetcher:[67] - Fetch commands: 0 success, cost: 0ms, totalSlot: 1, currentSlotIndex: 0
[INFO] 2025-10-13 11:33:56.982 +0800 o.a.d.s.m.r.t.TaskGroupCoordinator:[187] - Success amend TaskGroupQueue status cost: 0/ms
[INFO] 2025-10-13 11:33:56.982 +0800 o.a.d.s.m.r.t.TaskGroupCoordinator:[241] - Success deal with force start TaskGroupQueue cost: 0/ms
[INFO] 2025-10-13 11:33:56.982 +0800 o.a.d.s.m.r.t.TaskGroupCoordinator:[129] - TaskGroupCoordinator round time cost: 0/ms
[INFO] 2025-10-13 11:33:57.954 +0800 o.a.d.s.m.c.IdSlotBasedCommandFetcher:[67] - Fetch commands: 0 success, cost: 0ms, totalSlot: 1, currentSlotIndex: 0
[INFO] 2025-10-13 11:33:58.955 +0800 o.a.d.s.m.c.IdSlotBasedCommandFetcher:[67] - Fetch commands: 0 success, cost: 0ms, totalSlot: 1, currentSlotIndex: 0
[INFO] 2025-10-13 11:33:59.958 +0800 o.a.d.s.m.c.IdSlotBasedCommandFetcher:[67] - Fetch commands: 0 success, cost: 0ms, totalSlot: 1, currentSlotIndex: 0
[INFO] 2025-10-13 11:34:01.097 +0800 o.a.d.s.m.c.IdSlotBasedCommandFetcher:[67] - Fetch commands: 0 success, cost: 0ms, totalSlot: 1, currentSlotIndex: 0
[INFO] 2025-10-13 11:34:02.000 +0800 o.a.d.s.m.r.t.TaskGroupCoordinator:[187] - Success amend TaskGroupQueue status cost: 0/ms
[INFO] 2025-10-13 11:34:02.000 +0800 o.a.d.s.m.r.t.TaskGroupCoordinator:[241] - Success deal with force start TaskGroupQueue cost: 0/ms
[INFO] 2025-10-13 11:34:02.000 +0800 o.a.d.s.m.r.t.TaskGroupCoordinator:[129] - TaskGroupCoordinator round time cost: 0/ms
[INFO] 2025-10-13 11:34:02.171 +0800 o.a.d.s.m.c.IdSlotBasedCommandFetcher:[67] - Fetch commands: 0 success, cost: 0ms, totalSlot: 1, currentSlotIndex: 0
[INFO] 2025-10-13 11:34:03.254 +0800 o.a.d.s.m.c.IdSlotBasedCommandFetcher:[67] - Fetch commands: 0 success, cost: 0ms, totalSlot: 1, currentSlotIndex: 0
[INFO] 2025-10-13 11:34:04.328 +0800 o.a.d.s.m.c.IdSlotBasedCommandFetcher:[67] - Fetch commands: 0 success, cost: 0ms, totalSlot: 1, currentSlotIndex: 0
[INFO] 2025-10-13 11:34:05.410 +0800 o.a.d.s.m.c.IdSlotBasedCommandFetcher:[67] - Fetch commands: 0 success, cost: 0ms, totalSlot: 1, currentSlotIndex: 0
[INFO] 2025-10-13 11:34:06.487 +0800 o.a.d.s.m.c.IdSlotBasedCommandFetcher:[67] - Fetch commands: 0 success, cost: 0ms, totalSlot: 1, currentSlotIndex: 0
[INFO] 2025-10-13 11:34:07.005 +0800 o.a.d.s.m.r.t.TaskGroupCoordinator:[187] - Success amend TaskGroupQueue status cost: 0/ms
[INFO] 2025-10-13 11:34:07.006 +0800 o.a.d.s.m.r.t.TaskGroupCoordinator:[241] - Success deal with force start TaskGroupQueue cost: 0/ms
[INFO] 2025-10-13 11:34:07.006 +0800 o.a.d.s.m.r.t.TaskGroupCoordinator:[129] - TaskGroupCoordinator round time cost: 0/ms
[INFO] 2025-10-13 11:34:07.561 +0800 o.a.d.s.m.c.IdSlotBasedCommandFetcher:[67] - Fetch commands: 0 success, cost: 0ms, totalSlot: 1, currentSlotIndex: 0
[INFO] 2025-10-13 11:34:08.632 +0800 o.a.d.s.m.c.IdSlotBasedCommandFetcher:[67] - Fetch commands: 0 success, cost: 0ms, totalSlot: 1, currentSlotIndex: 0
[INFO] 2025-10-13 11:34:09.705 +0800 o.a.d.s.m.c.IdSlotBasedCommandFetcher:[67] - Fetch commands: 0 success, cost: 0ms, totalSlot: 1, currentSlotIndex: 0
[INFO] 2025-10-13 11:34:10.780 +0800 o.a.d.s.m.c.IdSlotBasedCommandFetcher:[67] - Fetch commands: 0 success, cost: 0ms, totalSlot: 1, currentSlotIndex: 0
[INFO] 2025-10-13 11:34:11.853 +0800 o.a.d.s.m.c.IdSlotBasedCommandFetcher:[67] - Fetch commands: 0 success, cost: 0ms, totalSlot: 1, currentSlotIndex: 0
[INFO] 2025-10-13 11:34:12.011 +0800 o.a.d.s.m.r.t.TaskGroupCoordinator:[187] - Success amend TaskGroupQueue status cost: 0/ms
[INFO] 2025-10-13 11:34:12.012 +0800 o.a.d.s.m.r.t.TaskGroupCoordinator:[241] - Success deal with force start TaskGroupQueue cost: 0/ms
[INFO] 2025-10-13 11:34:12.012 +0800 o.a.d.s.m.r.t.TaskGroupCoordinator:[129] - TaskGroupCoordinator round time cost: 0/ms
[INFO] 2025-10-13 11:34:12.926 +0800 o.a.d.s.m.c.IdSlotBasedCommandFetcher:[67] - Fetch commands: 0 success, cost: 0ms, totalSlot: 1, currentSlotIndex: 0
[INFO] 2025-10-13 11:34:14.001 +0800 o.a.d.s.m.c.IdSlotBasedCommandFetcher:[67] - Fetch commands: 0 success, cost: 1ms, totalSlot: 1, currentSlotIndex: 0
[INFO] 2025-10-13 11:34:15.072 +0800 o.a.d.s.m.c.IdSlotBasedCommandFetcher:[67] - Fetch commands: 0 success, cost: 0ms, totalSlot: 1, currentSlotIndex: 0
[INFO] 2025-10-13 11:34:16.329 +0800 o.a.d.s.m.c.IdSlotBasedCommandFetcher:[67] - Fetch commands: 0 success, cost: 0ms, totalSlot: 1, currentSlotIndex: 0
[INFO] 2025-10-13 11:34:17.015 +0800 o.a.d.s.m.r.t.TaskGroupCoordinator:[187] - Success amend TaskGroupQueue status cost: 0/ms
[INFO] 2025-10-13 11:34:17.017 +0800 o.a.d.s.m.r.t.TaskGroupCoordinator:[241] - Success deal with force start TaskGroupQueue cost: 0/ms
[INFO] 2025-10-13 11:34:17.017 +0800 o.a.d.s.m.r.t.TaskGroupCoordinator:[129] - TaskGroupCoordinator round time cost: 0/ms
[INFO] 2025-10-13 11:34:17.329 +0800 o.a.d.s.m.c.IdSlotBasedCommandFetcher:[67] - Fetch commands: 0 success, cost: 0ms, totalSlot: 1, currentSlotIndex: 0
[INFO] 2025-10-13 11:34:18.335 +0800 o.a.d.s.m.c.IdSlotBasedCommandFetcher:[67] - Fetch commands: 0 success, cost: 0ms, totalSlot: 1, currentSlotIndex: 0
[INFO] 2025-10-13 11:34:19.336 +0800 o.a.d.s.m.c.IdSlotBasedCommandFetcher:[67] - Fetch commands: 0 success, cost: 0ms, totalSlot: 1, currentSlotIndex: 0
[INFO] 2025-10-13 11:34:20.342 +0800 o.a.d.s.m.c.IdSlotBasedCommandFetcher:[67] - Fetch commands: 0 success, cost: 0ms, totalSlot: 1, currentSlotIndex: 0
[INFO] 2025-10-13 11:34:21.342 +0800 o.a.d.s.m.c.IdSlotBasedCommandFetcher:[67] - Fetch commands: 0 success, cost: 0ms, totalSlot: 1, currentSlotIndex: 0
[INFO] 2025-10-13 11:34:22.022 +0800 o.a.d.s.m.r.t.TaskGroupCoordinator:[187] - Success amend TaskGroupQueue status cost: 0/ms
[INFO] 2025-10-13 11:34:22.022 +0800 o.a.d.s.m.r.t.TaskGroupCoordinator:[241] - Success deal with force start TaskGroupQueue cost: 0/ms
[INFO] 2025-10-13 11:34:22.023 +0800 o.a.d.s.m.r.t.TaskGroupCoordinator:[129] - TaskGroupCoordinator round time cost: 0/ms
[INFO] 2025-10-13 11:34:22.343 +0800 o.a.d.s.m.c.IdSlotBasedCommandFetcher:[67] - Fetch commands: 0 success, cost: 0ms, totalSlot: 1, currentSlotIndex: 0
[INFO] 2025-10-13 11:34:23.344 +0800 o.a.d.s.m.c.IdSlotBasedCommandFetcher:[67] - Fetch commands: 0 success, cost: 0ms, totalSlot: 1, currentSlotIndex: 0
[INFO] 2025-10-13 11:34:24.359 +0800 o.a.d.s.m.c.IdSlotBasedCommandFetcher:[67] - Fetch commands: 0 success, cost: 0ms, totalSlot: 1, currentSlotIndex: 0
[INFO] 2025-10-13 11:34:25.359 +0800 o.a.d.s.m.c.IdSlotBasedCommandFetcher:[67] - Fetch commands: 0 success, cost: 0ms, totalSlot: 1, currentSlotIndex: 0
[INFO] 2025-10-13 11:34:26.368 +0800 o.a.d.s.m.c.IdSlotBasedCommandFetcher:[67] - Fetch commands: 0 success, cost: 0ms, totalSlot: 1, currentSlotIndex: 0
[INFO] 2025-10-13 11:34:27.027 +0800 o.a.d.s.m.r.t.TaskGroupCoordinator:[187] - Success amend TaskGroupQueue status cost: 0/ms
[INFO] 2025-10-13 11:34:27.028 +0800 o.a.d.s.m.r.t.TaskGroupCoordinator:[241] - Success deal with force start TaskGroupQueue cost: 0/ms
[INFO] 2025-10-13 11:34:27.028 +0800 o.a.d.s.m.r.t.TaskGroupCoordinator:[129] - TaskGroupCoordinator round time cost: 0/ms
[INFO] 2025-10-13 11:34:27.369 +0800 o.a.d.s.m.c.IdSlotBasedCommandFetcher:[67] - Fetch commands: 0 success, cost: 0ms, totalSlot: 1, currentSlotIndex: 0
[INFO] 2025-10-13 11:34:28.370 +0800 o.a.d.s.m.c.IdSlotBasedCommandFetcher:[67] - Fetch commands: 0 success, cost: 0ms, totalSlot: 1, currentSlotIndex: 0
[INFO] 2025-10-13 11:34:29.371 +0800 o.a.d.s.m.c.IdSlotBasedCommandFetcher:[67] - Fetch commands: 0 success, cost: 0ms, totalSlot: 1, currentSlotIndex: 0
[INFO] 2025-10-13 11:34:30.449 +0800 o.a.d.s.m.c.IdSlotBasedCommandFetcher:[67] - Fetch commands: 0 success, cost: 0ms, totalSlot: 1, currentSlotIndex: 0
[INFO] 2025-10-13 11:34:31.527 +0800 o.a.d.s.m.c.IdSlotBasedCommandFetcher:[67] - Fetch commands: 0 success, cost: 0ms, totalSlot: 1, currentSlotIndex: 0
[INFO] 2025-10-13 11:34:32.035 +0800 o.a.d.s.m.r.t.TaskGroupCoordinator:[187] - Success amend TaskGroupQueue status cost: 0/ms
[INFO] 2025-10-13 11:34:32.035 +0800 o.a.d.s.m.r.t.TaskGroupCoordinator:[241] - Success deal with force start TaskGroupQueue cost: 0/ms
[INFO] 2025-10-13 11:34:32.035 +0800 o.a.d.s.m.r.t.TaskGroupCoordinator:[129] - TaskGroupCoordinator round time cost: 0/ms
[INFO] 2025-10-13 11:34:32.597 +0800 o.a.d.s.m.c.IdSlotBasedCommandFetcher:[67] - Fetch commands: 0 success, cost: 0ms, totalSlot: 1, currentSlotIndex: 0
[INFO] 2025-10-13 11:34:33.669 +0800 o.a.d.s.m.c.IdSlotBasedCommandFetcher:[67] - Fetch commands: 0 success, cost: 0ms, totalSlot: 1, currentSlotIndex: 0
[INFO] 2025-10-13 11:34:34.740 +0800 o.a.d.s.m.c.IdSlotBasedCommandFetcher:[67] - Fetch commands: 0 success, cost: 0ms, totalSlot: 1, currentSlotIndex: 0
[INFO] 2025-10-13 11:34:35.808 +0800 o.a.d.s.m.c.IdSlotBasedCommandFetcher:[67] - Fetch commands: 0 success, cost: 0ms, totalSlot: 1, currentSlotIndex: 0
[INFO] 2025-10-13 11:34:36.885 +0800 o.a.d.s.m.c.IdSlotBasedCommandFetcher:[67] - Fetch commands: 0 success, cost: 0ms, totalSlot: 1, currentSlotIndex: 0
[INFO] 2025-10-13 11:34:37.040 +0800 o.a.d.s.m.r.t.TaskGroupCoordinator:[187] - Success amend TaskGroupQueue status cost: 0/ms
[INFO] 2025-10-13 11:34:37.040 +0800 o.a.d.s.m.r.t.TaskGroupCoordinator:[241] - Success deal with force start TaskGroupQueue cost: 0/ms
[INFO] 2025-10-13 11:34:37.040 +0800 o.a.d.s.m.r.t.TaskGroupCoordinator:[129] - TaskGroupCoordinator round time cost: 0/ms
[INFO] 2025-10-13 11:34:37.968 +0800 o.a.d.s.m.c.IdSlotBasedCommandFetcher:[67] - Fetch commands: 0 success, cost: 0ms, totalSlot: 1, currentSlotIndex: 0
[INFO] 2025-10-13 11:34:39.049 +0800 o.a.d.s.m.c.IdSlotBasedCommandFetcher:[67] - Fetch commands: 0 success, cost: 0ms, totalSlot: 1, currentSlotIndex: 0
[INFO] 2025-10-13 11:34:40.116 +0800 o.a.d.s.m.c.IdSlotBasedCommandFetcher:[67] - Fetch commands: 0 success, cost: 0ms, totalSlot: 1, currentSlotIndex: 0
[INFO] 2025-10-13 11:34:41.205 +0800 o.a.d.s.m.c.IdSlotBasedCommandFetcher:[67] - Fetch commands: 0 success, cost: 0ms, totalSlot: 1, currentSlotIndex: 0
[INFO] 2025-10-13 11:34:42.058 +0800 o.a.d.s.m.r.t.TaskGroupCoordinator:[187] - Success amend TaskGroupQueue status cost: 0/ms
[INFO] 2025-10-13 11:34:42.058 +0800 o.a.d.s.m.r.t.TaskGroupCoordinator:[241] - Success deal with force start TaskGroupQueue cost: 0/ms
[INFO] 2025-10-13 11:34:42.058 +0800 o.a.d.s.m.r.t.TaskGroupCoordinator:[129] - TaskGroupCoordinator round time cost: 0/ms
[INFO] 2025-10-13 11:34:42.275 +0800 o.a.d.s.m.c.IdSlotBasedCommandFetcher:[67] - Fetch commands: 0 success, cost: 0ms, totalSlot: 1, currentSlotIndex: 0
[INFO] 2025-10-13 11:34:43.357 +0800 o.a.d.s.m.c.IdSlotBasedCommandFetcher:[67] - Fetch commands: 0 success, cost: 0ms, totalSlot: 1, currentSlotIndex: 0
[INFO] 2025-10-13 11:34:44.456 +0800 o.a.d.s.m.c.IdSlotBasedCommandFetcher:[67] - Fetch commands: 0 success, cost: 0ms, totalSlot: 1, currentSlotIndex: 0
[INFO] 2025-10-13 11:34:45.471 +0800 o.a.d.s.m.c.IdSlotBasedCommandFetcher:[67] - Fetch commands: 0 success, cost: 0ms, totalSlot: 1, currentSlotIndex: 0
[INFO] 2025-10-13 11:34:46.472 +0800 o.a.d.s.m.c.IdSlotBasedCommandFetcher:[67] - Fetch commands: 0 success, cost: 0ms, totalSlot: 1, currentSlotIndex: 0
[INFO] 2025-10-13 11:34:47.073 +0800 o.a.d.s.m.r.t.TaskGroupCoordinator:[187] - Success amend TaskGroupQueue status cost: 0/ms
[INFO] 2025-10-13 11:34:47.074 +0800 o.a.d.s.m.r.t.TaskGroupCoordinator:[241] - Success deal with force start TaskGroupQueue cost: 0/ms
[INFO] 2025-10-13 11:34:47.074 +0800 o.a.d.s.m.r.t.TaskGroupCoordinator:[129] - TaskGroupCoordinator round time cost: 0/ms
[INFO] 2025-10-13 11:34:47.479 +0800 o.a.d.s.m.c.IdSlotBasedCommandFetcher:[67] - Fetch commands: 0 success, cost: 0ms, totalSlot: 1, currentSlotIndex: 0
[INFO] 2025-10-13 11:34:48.480 +0800 o.a.d.s.m.c.IdSlotBasedCommandFetcher:[67] - Fetch commands: 0 success, cost: 0ms, totalSlot: 1, currentSlotIndex: 0
[INFO] 2025-10-13 11:34:49.480 +0800 o.a.d.s.m.c.IdSlotBasedCommandFetcher:[67] - Fetch commands: 0 success, cost: 0ms, totalSlot: 1, currentSlotIndex: 0
[INFO] 2025-10-13 11:34:50.480 +0800 o.a.d.s.m.c.IdSlotBasedCommandFetcher:[67] - Fetch commands: 0 success, cost: 0ms, totalSlot: 1, currentSlotIndex: 0
[INFO] 2025-10-13 11:34:51.481 +0800 o.a.d.s.m.c.IdSlotBasedCommandFetcher:[67] - Fetch commands: 0 success, cost: 0ms, totalSlot: 1, currentSlotIndex: 0
[INFO] 2025-10-13 11:34:52.078 +0800 o.a.d.s.m.r.t.TaskGroupCoordinator:[187] - Success amend TaskGroupQueue status cost: 0/ms
[INFO] 2025-10-13 11:34:52.078 +0800 o.a.d.s.m.r.t.TaskGroupCoordinator:[241] - Success deal with force start TaskGroupQueue cost: 0/ms
[INFO] 2025-10-13 11:34:52.078 +0800 o.a.d.s.m.r.t.TaskGroupCoordinator:[129] - TaskGroupCoordinator round time cost: 0/ms
[INFO] 2025-10-13 11:34:52.482 +0800 o.a.d.s.m.c.IdSlotBasedCommandFetcher:[67] - Fetch commands: 0 success, cost: 0ms, totalSlot: 1, currentSlotIndex: 0
[INFO] 2025-10-13 11:34:53.483 +0800 o.a.d.s.m.c.IdSlotBasedCommandFetcher:[67] - Fetch commands: 0 success, cost: 0ms, totalSlot: 1, currentSlotIndex: 0
[INFO] 2025-10-13 11:34:54.483 +0800 o.a.d.s.m.c.IdSlotBasedCommandFetcher:[67] - Fetch commands: 0 success, cost: 0ms, totalSlot: 1, currentSlotIndex: 0
[INFO] 2025-10-13 11:34:55.484 +0800 o.a.d.s.m.c.IdSlotBasedCommandFetcher:[67] - Fetch commands: 0 success, cost: 0ms, totalSlot: 1, currentSlotIndex: 0
[INFO] 2025-10-13 11:34:56.485 +0800 o.a.d.s.m.c.IdSlotBasedCommandFetcher:[67] - Fetch commands: 0 success, cost: 0ms, totalSlot: 1, currentSlotIndex: 0
[INFO] 2025-10-13 11:34:57.083 +0800 o.a.d.s.m.r.t.TaskGroupCoordinator:[187] - Success amend TaskGroupQueue status cost: 0/ms
[INFO] 2025-10-13 11:34:57.083 +0800 o.a.d.s.m.r.t.TaskGroupCoordinator:[241] - Success deal with force start TaskGroupQueue cost: 0/ms
[INFO] 2025-10-13 11:34:57.083 +0800 o.a.d.s.m.r.t.TaskGroupCoordinator:[129] - TaskGroupCoordinator round time cost: 0/ms
[INFO] 2025-10-13 11:34:57.753 +0800 o.a.d.s.m.c.IdSlotBasedCommandFetcher:[67] - Fetch commands: 0 success, cost: 0ms, totalSlot: 1, currentSlotIndex: 0
[INFO] 2025-10-13 11:34:58.755 +0800 o.a.d.s.m.c.IdSlotBasedCommandFetcher:[67] - Fetch commands: 0 success, cost: 0ms, totalSlot: 1, currentSlotIndex: 0
[INFO] 2025-10-13 11:34:59.756 +0800 o.a.d.s.m.c.IdSlotBasedCommandFetcher:[67] - Fetch commands: 0 success, cost: 0ms, totalSlot: 1, currentSlotIndex: 0
[INFO] 2025-10-13 11:35:00.757 +0800 o.a.d.s.m.c.IdSlotBasedCommandFetcher:[67] - Fetch commands: 0 success, cost: 0ms, totalSlot: 1, currentSlotIndex: 0
[INFO] 2025-10-13 11:35:01.757 +0800 o.a.d.s.m.c.IdSlotBasedCommandFetcher:[67] - Fetch commands: 0 success, cost: 0ms, totalSlot: 1, currentSlotIndex: 0
[INFO] 2025-10-13 11:35:02.092 +0800 o.a.d.s.m.r.t.TaskGroupCoordinator:[187] - Success amend TaskGroupQueue status cost: 0/ms
[INFO] 2025-10-13 11:35:02.092 +0800 o.a.d.s.m.r.t.TaskGroupCoordinator:[241] - Success deal with force start TaskGroupQueue cost: 0/ms
[INFO] 2025-10-13 11:35:02.092 +0800 o.a.d.s.m.r.t.TaskGroupCoordinator:[129] - TaskGroupCoordinator round time cost: 0/ms
[INFO] 2025-10-13 11:35:02.757 +0800 o.a.d.s.m.c.IdSlotBasedCommandFetcher:[67] - Fetch commands: 0 success, cost: 0ms, totalSlot: 1, currentSlotIndex: 0
[INFO] 2025-10-13 11:35:03.757 +0800 o.a.d.s.m.c.IdSlotBasedCommandFetcher:[67] - Fetch commands: 0 success, cost: 0ms, totalSlot: 1, currentSlotIndex: 0
[INFO] 2025-10-13 11:35:04.758 +0800 o.a.d.s.m.c.IdSlotBasedCommandFetcher:[67] - Fetch commands: 0 success, cost: 0ms, totalSlot: 1, currentSlotIndex: 0
[INFO] 2025-10-13 11:35:05.758 +0800 o.a.d.s.m.c.IdSlotBasedCommandFetcher:[67] - Fetch commands: 0 success, cost: 0ms, totalSlot: 1, currentSlotIndex: 0
[INFO] 2025-10-13 11:35:06.758 +0800 o.a.d.s.m.c.IdSlotBasedCommandFetcher:[67] - Fetch commands: 0 success, cost: 0ms, totalSlot: 1, currentSlotIndex: 0
[INFO] 2025-10-13 11:35:07.098 +0800 o.a.d.s.m.r.t.TaskGroupCoordinator:[187] - Success amend TaskGroupQueue status cost: 0/ms
[INFO] 2025-10-13 11:35:07.099 +0800 o.a.d.s.m.r.t.TaskGroupCoordinator:[241] - Success deal with force start TaskGroupQueue cost: 0/ms
[INFO] 2025-10-13 11:35:07.099 +0800 o.a.d.s.m.r.t.TaskGroupCoordinator:[129] - TaskGroupCoordinator round time cost: 0/ms
[INFO] 2025-10-13 11:35:07.758 +0800 o.a.d.s.m.c.IdSlotBasedCommandFetcher:[67] - Fetch commands: 0 success, cost: 0ms, totalSlot: 1, currentSlotIndex: 0
[INFO] 2025-10-13 11:35:08.759 +0800 o.a.d.s.m.c.IdSlotBasedCommandFetcher:[67] - Fetch commands: 0 success, cost: 0ms, totalSlot: 1, currentSlotIndex: 0
[INFO] 2025-10-13 11:35:09.759 +0800 o.a.d.s.m.c.IdSlotBasedCommandFetcher:[67] - Fetch commands: 0 success, cost: 0ms, totalSlot: 1, currentSlotIndex: 0
[INFO] 2025-10-13 11:35:10.760 +0800 o.a.d.s.m.c.IdSlotBasedCommandFetcher:[67] - Fetch commands: 0 success, cost: 0ms, totalSlot: 1, currentSlotIndex: 0
[INFO] 2025-10-13 11:35:12.037 +0800 o.a.d.s.m.c.IdSlotBasedCommandFetcher:[67] - Fetch commands: 0 success, cost: 0ms, totalSlot: 1, currentSlotIndex: 0
[INFO] 2025-10-13 11:35:12.103 +0800 o.a.d.s.m.r.t.TaskGroupCoordinator:[187] - Success amend TaskGroupQueue status cost: 0/ms
[INFO] 2025-10-13 11:35:12.103 +0800 o.a.d.s.m.r.t.TaskGroupCoordinator:[241] - Success deal with force start TaskGroupQueue cost: 0/ms
[INFO] 2025-10-13 11:35:12.103 +0800 o.a.d.s.m.r.t.TaskGroupCoordinator:[129] - TaskGroupCoordinator round time cost: 0/ms
[INFO] 2025-10-13 11:35:13.037 +0800 o.a.d.s.m.c.IdSlotBasedCommandFetcher:[67] - Fetch commands: 0 success, cost: 0ms, totalSlot: 1, currentSlotIndex: 0
[INFO] 2025-10-13 11:35:14.037 +0800 o.a.d.s.m.c.IdSlotBasedCommandFetcher:[67] - Fetch commands: 0 success, cost: 0ms, totalSlot: 1, currentSlotIndex: 0
[INFO] 2025-10-13 11:35:15.038 +0800 o.a.d.s.m.c.IdSlotBasedCommandFetcher:[67] - Fetch commands: 0 success, cost: 0ms, totalSlot: 1, currentSlotIndex: 0
[INFO] 2025-10-13 11:35:16.038 +0800 o.a.d.s.m.c.IdSlotBasedCommandFetcher:[67] - Fetch commands: 0 success, cost: 0ms, totalSlot: 1, currentSlotIndex: 0
[INFO] 2025-10-13 11:35:17.038 +0800 o.a.d.s.m.c.IdSlotBasedCommandFetcher:[67] - Fetch commands: 0 success, cost: 0ms, totalSlot: 1, currentSlotIndex: 0
[INFO] 2025-10-13 11:35:17.111 +0800 o.a.d.s.m.r.t.TaskGroupCoordinator:[187] - Success amend TaskGroupQueue status cost: 0/ms
[INFO] 2025-10-13 11:35:17.111 +0800 o.a.d.s.m.r.t.TaskGroupCoordinator:[241] - Success deal with force start TaskGroupQueue cost: 0/ms
[INFO] 2025-10-13 11:35:17.112 +0800 o.a.d.s.m.r.t.TaskGroupCoordinator:[129] - TaskGroupCoordinator round time cost: 0/ms
[INFO] 2025-10-13 11:35:18.038 +0800 o.a.d.s.m.c.IdSlotBasedCommandFetcher:[67] - Fetch commands: 0 success, cost: 0ms, totalSlot: 1, currentSlotIndex: 0
[INFO] 2025-10-13 11:35:19.039 +0800 o.a.d.s.m.c.IdSlotBasedCommandFetcher:[67] - Fetch commands: 0 success, cost: 0ms, totalSlot: 1, currentSlotIndex: 0
[INFO] 2025-10-13 11:35:20.039 +0800 o.a.d.s.m.c.IdSlotBasedCommandFetcher:[67] - Fetch commands: 0 success, cost: 0ms, totalSlot: 1, currentSlotIndex: 0
[INFO] 2025-10-13 11:35:21.040 +0800 o.a.d.s.m.c.IdSlotBasedCommandFetcher:[67] - Fetch commands: 0 success, cost: 0ms, totalSlot: 1, currentSlotIndex: 0
[INFO] 2025-10-13 11:35:22.041 +0800 o.a.d.s.m.c.IdSlotBasedCommandFetcher:[67] - Fetch commands: 0 success, cost: 0ms, totalSlot: 1, currentSlotIndex: 0
[INFO] 2025-10-13 11:35:22.117 +0800 o.a.d.s.m.r.t.TaskGroupCoordinator:[187] - Success amend TaskGroupQueue status cost: 0/ms
[INFO] 2025-10-13 11:35:22.117 +0800 o.a.d.s.m.r.t.TaskGroupCoordinator:[241] - Success deal with force start TaskGroupQueue cost: 0/ms
[INFO] 2025-10-13 11:35:22.117 +0800 o.a.d.s.m.r.t.TaskGroupCoordinator:[129] - TaskGroupCoordinator round time cost: 0/ms
[INFO] 2025-10-13 11:35:23.042 +0800 o.a.d.s.m.c.IdSlotBasedCommandFetcher:[67] - Fetch commands: 0 success, cost: 0ms, totalSlot: 1, currentSlotIndex: 0
[INFO] 2025-10-13 11:35:24.042 +0800 o.a.d.s.m.c.IdSlotBasedCommandFetcher:[67] - Fetch commands: 0 success, cost: 0ms, totalSlot: 1, currentSlotIndex: 0
[INFO] 2025-10-13 11:35:25.043 +0800 o.a.d.s.m.c.IdSlotBasedCommandFetcher:[67] - Fetch commands: 0 success, cost: 0ms, totalSlot: 1, currentSlotIndex: 0
[INFO] 2025-10-13 11:35:26.043 +0800 o.a.d.s.m.c.IdSlotBasedCommandFetcher:[67] - Fetch commands: 0 success, cost: 0ms, totalSlot: 1, currentSlotIndex: 0
[INFO] 2025-10-13 11:35:27.044 +0800 o.a.d.s.m.c.IdSlotBasedCommandFetcher:[67] - Fetch commands: 0 success, cost: 0ms, totalSlot: 1, currentSlotIndex: 0
[INFO] 2025-10-13 11:35:27.124 +0800 o.a.d.s.m.r.t.TaskGroupCoordinator:[187] - Success amend TaskGroupQueue status cost: 0/ms
[INFO] 2025-10-13 11:35:27.124 +0800 o.a.d.s.m.r.t.TaskGroupCoordinator:[241] - Success deal with force start TaskGroupQueue cost: 0/ms
[INFO] 2025-10-13 11:35:27.124 +0800 o.a.d.s.m.r.t.TaskGroupCoordinator:[129] - TaskGroupCoordinator round time cost: 0/ms
[INFO] 2025-10-13 11:35:28.054 +0800 o.a.d.s.m.c.IdSlotBasedCommandFetcher:[67] - Fetch commands: 0 success, cost: 0ms, totalSlot: 1, currentSlotIndex: 0
[INFO] 2025-10-13 11:35:29.065 +0800 o.a.d.s.m.c.IdSlotBasedCommandFetcher:[67] - Fetch commands: 0 success, cost: 0ms, totalSlot: 1, currentSlotIndex: 0
[INFO] 2025-10-13 11:35:30.066 +0800 o.a.d.s.m.c.IdSlotBasedCommandFetcher:[67] - Fetch commands: 0 success, cost: 0ms, totalSlot: 1, currentSlotIndex: 0
[INFO] 2025-10-13 11:35:31.066 +0800 o.a.d.s.m.c.IdSlotBasedCommandFetcher:[67] - Fetch commands: 0 success, cost: 0ms, totalSlot: 1, currentSlotIndex: 0
[INFO] 2025-10-13 11:35:32.075 +0800 o.a.d.s.m.c.IdSlotBasedCommandFetcher:[67] - Fetch commands: 0 success, cost: 0ms, totalSlot: 1, currentSlotIndex: 0
[INFO] 2025-10-13 11:35:32.140 +0800 o.a.d.s.m.r.t.TaskGroupCoordinator:[187] - Success amend TaskGroupQueue status cost: 0/ms
[INFO] 2025-10-13 11:35:32.141 +0800 o.a.d.s.m.r.t.TaskGroupCoordinator:[241] - Success deal with force start TaskGroupQueue cost: 0/ms
[INFO] 2025-10-13 11:35:32.141 +0800 o.a.d.s.m.r.t.TaskGroupCoordinator:[129] - TaskGroupCoordinator round time cost: 0/ms
[INFO] 2025-10-13 11:35:33.076 +0800 o.a.d.s.m.c.IdSlotBasedCommandFetcher:[67] - Fetch commands: 0 success, cost: 0ms, totalSlot: 1, currentSlotIndex: 0
[INFO] 2025-10-13 11:35:34.076 +0800 o.a.d.s.m.c.IdSlotBasedCommandFetcher:[67] - Fetch commands: 0 success, cost: 0ms, totalSlot: 1, currentSlotIndex: 0
[INFO] 2025-10-13 11:35:35.077 +0800 o.a.d.s.m.c.IdSlotBasedCommandFetcher:[67] - Fetch commands: 0 success, cost: 0ms, totalSlot: 1, currentSlotIndex: 0
[INFO] 2025-10-13 11:35:36.077 +0800 o.a.d.s.m.c.IdSlotBasedCommandFetcher:[67] - Fetch commands: 0 success, cost: 0ms, totalSlot: 1, currentSlotIndex: 0
[INFO] 2025-10-13 11:35:37.084 +0800 o.a.d.s.m.c.IdSlotBasedCommandFetcher:[67] - Fetch commands: 0 success, cost: 0ms, totalSlot: 1, currentSlotIndex: 0
[INFO] 2025-10-13 11:35:37.146 +0800 o.a.d.s.m.r.t.TaskGroupCoordinator:[187] - Success amend TaskGroupQueue status cost: 0/ms
[INFO] 2025-10-13 11:35:37.146 +0800 o.a.d.s.m.r.t.TaskGroupCoordinator:[241] - Success deal with force start TaskGroupQueue cost: 0/ms
[INFO] 2025-10-13 11:35:37.146 +0800 o.a.d.s.m.r.t.TaskGroupCoordinator:[129] - TaskGroupCoordinator round time cost: 0/ms
[INFO] 2025-10-13 11:35:38.084 +0800 o.a.d.s.m.c.IdSlotBasedCommandFetcher:[67] - Fetch commands: 0 success, cost: 0ms, totalSlot: 1, currentSlotIndex: 0
[INFO] 2025-10-13 11:35:39.335 +0800 o.a.d.s.m.c.IdSlotBasedCommandFetcher:[67] - Fetch commands: 0 success, cost: 0ms, totalSlot: 1, currentSlotIndex: 0
[INFO] 2025-10-13 11:35:40.419 +0800 o.a.d.s.m.c.IdSlotBasedCommandFetcher:[67] - Fetch commands: 0 success, cost: 0ms, totalSlot: 1, currentSlotIndex: 0
[INFO] 2025-10-13 11:35:41.492 +0800 o.a.d.s.m.c.IdSlotBasedCommandFetcher:[67] - Fetch commands: 0 success, cost: 0ms, totalSlot: 1, currentSlotIndex: 0
[INFO] 2025-10-13 11:35:42.152 +0800 o.a.d.s.m.r.t.TaskGroupCoordinator:[187] - Success amend TaskGroupQueue status cost: 0/ms
[INFO] 2025-10-13 11:35:42.152 +0800 o.a.d.s.m.r.t.TaskGroupCoordinator:[241] - Success deal with force start TaskGroupQueue cost: 0/ms
[INFO] 2025-10-13 11:35:42.152 +0800 o.a.d.s.m.r.t.TaskGroupCoordinator:[129] - TaskGroupCoordinator round time cost: 0/ms
[INFO] 2025-10-13 11:35:42.567 +0800 o.a.d.s.m.c.IdSlotBasedCommandFetcher:[67] - Fetch commands: 0 success, cost: 0ms, totalSlot: 1, currentSlotIndex: 0
[INFO] 2025-10-13 11:35:43.657 +0800 o.a.d.s.m.c.IdSlotBasedCommandFetcher:[67] - Fetch commands: 0 success, cost: 0ms, totalSlot: 1, currentSlotIndex: 0
[INFO] 2025-10-13 11:35:44.723 +0800 o.a.d.s.m.c.IdSlotBasedCommandFetcher:[67] - Fetch commands: 0 success, cost: 0ms, totalSlot: 1, currentSlotIndex: 0
[INFO] 2025-10-13 11:35:45.809 +0800 o.a.d.s.m.c.IdSlotBasedCommandFetcher:[67] - Fetch commands: 0 success, cost: 0ms, totalSlot: 1, currentSlotIndex: 0
[INFO] 2025-10-13 11:35:46.884 +0800 o.a.d.s.m.c.IdSlotBasedCommandFetcher:[67] - Fetch commands: 0 success, cost: 0ms, totalSlot: 1, currentSlotIndex: 0
[INFO] 2025-10-13 11:35:47.167 +0800 o.a.d.s.m.r.t.TaskGroupCoordinator:[187] - Success amend TaskGroupQueue status cost: 0/ms
[INFO] 2025-10-13 11:35:47.167 +0800 o.a.d.s.m.r.t.TaskGroupCoordinator:[241] - Success deal with force start TaskGroupQueue cost: 0/ms
[INFO] 2025-10-13 11:35:47.167 +0800 o.a.d.s.m.r.t.TaskGroupCoordinator:[129] - TaskGroupCoordinator round time cost: 0/ms
[INFO] 2025-10-13 11:35:47.952 +0800 o.a.d.s.m.c.IdSlotBasedCommandFetcher:[67] - Fetch commands: 0 success, cost: 0ms, totalSlot: 1, currentSlotIndex: 0
[INFO] 2025-10-13 11:35:49.023 +0800 o.a.d.s.m.c.IdSlotBasedCommandFetcher:[67] - Fetch commands: 0 success, cost: 0ms, totalSlot: 1, currentSlotIndex: 0
[INFO] 2025-10-13 11:35:50.094 +0800 o.a.d.s.m.c.IdSlotBasedCommandFetcher:[67] - Fetch commands: 0 success, cost: 0ms, totalSlot: 1, currentSlotIndex: 0
[INFO] 2025-10-13 11:35:51.185 +0800 o.a.d.s.m.c.IdSlotBasedCommandFetcher:[67] - Fetch commands: 0 success, cost: 0ms, totalSlot: 1, currentSlotIndex: 0
[INFO] 2025-10-13 11:35:52.177 +0800 o.a.d.s.m.r.t.TaskGroupCoordinator:[187] - Success amend TaskGroupQueue status cost: 0/ms
[INFO] 2025-10-13 11:35:52.177 +0800 o.a.d.s.m.r.t.TaskGroupCoordinator:[241] - Success deal with force start TaskGroupQueue cost: 0/ms
[INFO] 2025-10-13 11:35:52.177 +0800 o.a.d.s.m.r.t.TaskGroupCoordinator:[129] - TaskGroupCoordinator round time cost: 0/ms
[INFO] 2025-10-13 11:35:52.259 +0800 o.a.d.s.m.c.IdSlotBasedCommandFetcher:[67] - Fetch commands: 0 success, cost: 0ms, totalSlot: 1, currentSlotIndex: 0
[INFO] 2025-10-13 11:35:53.518 +0800 o.a.d.s.m.c.IdSlotBasedCommandFetcher:[67] - Fetch commands: 0 success, cost: 0ms, totalSlot: 1, currentSlotIndex: 0
[INFO] 2025-10-13 11:35:54.520 +0800 o.a.d.s.m.c.IdSlotBasedCommandFetcher:[67] - Fetch commands: 0 success, cost: 0ms, totalSlot: 1, currentSlotIndex: 0
[INFO] 2025-10-13 11:35:55.522 +0800 o.a.d.s.m.c.IdSlotBasedCommandFetcher:[67] - Fetch commands: 0 success, cost: 0ms, totalSlot: 1, currentSlotIndex: 0
[INFO] 2025-10-13 11:35:56.524 +0800 o.a.d.s.m.c.IdSlotBasedCommandFetcher:[67] - Fetch commands: 0 success, cost: 0ms, totalSlot: 1, currentSlotIndex: 0
[INFO] 2025-10-13 11:35:57.187 +0800 o.a.d.s.m.r.t.TaskGroupCoordinator:[187] - Success amend TaskGroupQueue status cost: 0/ms
[INFO] 2025-10-13 11:35:57.188 +0800 o.a.d.s.m.r.t.TaskGroupCoordinator:[241] - Success deal with force start TaskGroupQueue cost: 0/ms
[INFO] 2025-10-13 11:35:57.188 +0800 o.a.d.s.m.r.t.TaskGroupCoordinator:[129] - TaskGroupCoordinator round time cost: 0/ms
[INFO] 2025-10-13 11:35:57.525 +0800 o.a.d.s.m.c.IdSlotBasedCommandFetcher:[67] - Fetch commands: 0 success, cost: 0ms, totalSlot: 1, currentSlotIndex: 0
[INFO] 2025-10-13 11:35:58.526 +0800 o.a.d.s.m.c.IdSlotBasedCommandFetcher:[67] - Fetch commands: 0 success, cost: 0ms, totalSlot: 1, currentSlotIndex: 0
[INFO] 2025-10-13 11:35:59.527 +0800 o.a.d.s.m.c.IdSlotBasedCommandFetcher:[67] - Fetch commands: 0 success, cost: 0ms, totalSlot: 1, currentSlotIndex: 0
[INFO] 2025-10-13 11:36:00.527 +0800 o.a.d.s.m.c.IdSlotBasedCommandFetcher:[67] - Fetch commands: 0 success, cost: 0ms, totalSlot: 1, currentSlotIndex: 0
[INFO] 2025-10-13 11:36:01.529 +0800 o.a.d.s.m.c.IdSlotBasedCommandFetcher:[67] - Fetch commands: 0 success, cost: 0ms, totalSlot: 1, currentSlotIndex: 0
[INFO] 2025-10-13 11:36:02.194 +0800 o.a.d.s.m.r.t.TaskGroupCoordinator:[187] - Success amend TaskGroupQueue status cost: 0/ms
[INFO] 2025-10-13 11:36:02.194 +0800 o.a.d.s.m.r.t.TaskGroupCoordinator:[241] - Success deal with force start TaskGroupQueue cost: 0/ms
[INFO] 2025-10-13 11:36:02.194 +0800 o.a.d.s.m.r.t.TaskGroupCoordinator:[129] - TaskGroupCoordinator round time cost: 0/ms
[INFO] 2025-10-13 11:36:02.531 +0800 o.a.d.s.m.c.IdSlotBasedCommandFetcher:[67] - Fetch commands: 0 success, cost: 0ms, totalSlot: 1, currentSlotIndex: 0
[INFO] 2025-10-13 11:36:03.531 +0800 o.a.d.s.m.c.IdSlotBasedCommandFetcher:[67] - Fetch commands: 0 success, cost: 0ms, totalSlot: 1, currentSlotIndex: 0
[INFO] 2025-10-13 11:36:04.533 +0800 o.a.d.s.m.c.IdSlotBasedCommandFetcher:[67] - Fetch commands: 0 success, cost: 0ms, totalSlot: 1, currentSlotIndex: 0
[INFO] 2025-10-13 11:36:05.533 +0800 o.a.d.s.m.c.IdSlotBasedCommandFetcher:[67] - Fetch commands: 0 success, cost: 0ms, totalSlot: 1, currentSlotIndex: 0
[INFO] 2025-10-13 11:36:06.720 +0800 o.a.d.s.m.c.IdSlotBasedCommandFetcher:[67] - Fetch commands: 0 success, cost: 1ms, totalSlot: 1, currentSlotIndex: 0
[INFO] 2025-10-13 11:36:07.198 +0800 o.a.d.s.m.r.t.TaskGroupCoordinator:[187] - Success amend TaskGroupQueue status cost: 0/ms
[INFO] 2025-10-13 11:36:07.198 +0800 o.a.d.s.m.r.t.TaskGroupCoordinator:[241] - Success deal with force start TaskGroupQueue cost: 0/ms
[INFO] 2025-10-13 11:36:07.198 +0800 o.a.d.s.m.r.t.TaskGroupCoordinator:[129] - TaskGroupCoordinator round time cost: 0/ms
[INFO] 2025-10-13 11:36:07.793 +0800 o.a.d.s.m.c.IdSlotBasedCommandFetcher:[67] - Fetch commands: 0 success, cost: 0ms, totalSlot: 1, currentSlotIndex: 0
[INFO] 2025-10-13 11:36:08.866 +0800 o.a.d.s.m.c.IdSlotBasedCommandFetcher:[67] - Fetch commands: 0 success, cost: 0ms, totalSlot: 1, currentSlotIndex: 0
[INFO] 2025-10-13 11:36:09.943 +0800 o.a.d.s.m.c.IdSlotBasedCommandFetcher:[67] - Fetch commands: 0 success, cost: 0ms, totalSlot: 1, currentSlotIndex: 0
[INFO] 2025-10-13 11:36:11.016 +0800 o.a.d.s.m.c.IdSlotBasedCommandFetcher:[67] - Fetch commands: 0 success, cost: 0ms, totalSlot: 1, currentSlotIndex: 0
[INFO] 2025-10-13 11:36:12.097 +0800 o.a.d.s.m.c.IdSlotBasedCommandFetcher:[67] - Fetch commands: 0 success, cost: 0ms, totalSlot: 1, currentSlotIndex: 0
[INFO] 2025-10-13 11:36:12.203 +0800 o.a.d.s.m.r.t.TaskGroupCoordinator:[187] - Success amend TaskGroupQueue status cost: 0/ms
[INFO] 2025-10-13 11:36:12.204 +0800 o.a.d.s.m.r.t.TaskGroupCoordinator:[241] - Success deal with force start TaskGroupQueue cost: 0/ms
[INFO] 2025-10-13 11:36:12.204 +0800 o.a.d.s.m.r.t.TaskGroupCoordinator:[129] - TaskGroupCoordinator round time cost: 0/ms
[INFO] 2025-10-13 11:36:13.173 +0800 o.a.d.s.m.c.IdSlotBasedCommandFetcher:[67] - Fetch commands: 0 success, cost: 0ms, totalSlot: 1, currentSlotIndex: 0
[INFO] 2025-10-13 11:36:14.251 +0800 o.a.d.s.m.c.IdSlotBasedCommandFetcher:[67] - Fetch commands: 0 success, cost: 1ms, totalSlot: 1, currentSlotIndex: 0
[INFO] 2025-10-13 11:36:15.329 +0800 o.a.d.s.m.c.IdSlotBasedCommandFetcher:[67] - Fetch commands: 0 success, cost: 1ms, totalSlot: 1, currentSlotIndex: 0
[INFO] 2025-10-13 11:36:16.405 +0800 o.a.d.s.m.c.IdSlotBasedCommandFetcher:[67] - Fetch commands: 0 success, cost: 0ms, totalSlot: 1, currentSlotIndex: 0
[INFO] 2025-10-13 11:36:17.213 +0800 o.a.d.s.m.r.t.TaskGroupCoordinator:[187] - Success amend TaskGroupQueue status cost: 0/ms
[INFO] 2025-10-13 11:36:17.213 +0800 o.a.d.s.m.r.t.TaskGroupCoordinator:[241] - Success deal with force start TaskGroupQueue cost: 0/ms
[INFO] 2025-10-13 11:36:17.214 +0800 o.a.d.s.m.r.t.TaskGroupCoordinator:[129] - TaskGroupCoordinator round time cost: 0/ms
[INFO] 2025-10-13 11:36:17.484 +0800 o.a.d.s.m.c.IdSlotBasedCommandFetcher:[67] - Fetch commands: 0 success, cost: 0ms, totalSlot: 1, currentSlotIndex: 0
[INFO] 2025-10-13 11:36:18.571 +0800 o.a.d.s.m.c.IdSlotBasedCommandFetcher:[67] - Fetch commands: 0 success, cost: 0ms, totalSlot: 1, currentSlotIndex: 0
[INFO] 2025-10-13 11:36:19.748 +0800 o.a.d.s.m.c.IdSlotBasedCommandFetcher:[67] - Fetch commands: 0 success, cost: 0ms, totalSlot: 1, currentSlotIndex: 0
[INFO] 2025-10-13 11:36:20.748 +0800 o.a.d.s.m.c.IdSlotBasedCommandFetcher:[67] - Fetch commands: 0 success, cost: 0ms, totalSlot: 1, currentSlotIndex: 0
[INFO] 2025-10-13 11:36:21.749 +0800 o.a.d.s.m.c.IdSlotBasedCommandFetcher:[67] - Fetch commands: 0 success, cost: 0ms, totalSlot: 1, currentSlotIndex: 0
[INFO] 2025-10-13 11:36:22.231 +0800 o.a.d.s.m.r.t.TaskGroupCoordinator:[187] - Success amend TaskGroupQueue status cost: 0/ms
[INFO] 2025-10-13 11:36:22.232 +0800 o.a.d.s.m.r.t.TaskGroupCoordinator:[241] - Success deal with force start TaskGroupQueue cost: 0/ms
[INFO] 2025-10-13 11:36:22.232 +0800 o.a.d.s.m.r.t.TaskGroupCoordinator:[129] - TaskGroupCoordinator round time cost: 0/ms
[INFO] 2025-10-13 11:36:22.753 +0800 o.a.d.s.m.c.IdSlotBasedCommandFetcher:[67] - Fetch commands: 0 success, cost: 0ms, totalSlot: 1, currentSlotIndex: 0
[INFO] 2025-10-13 11:36:23.753 +0800 o.a.d.s.m.c.IdSlotBasedCommandFetcher:[67] - Fetch commands: 0 success, cost: 0ms, totalSlot: 1, currentSlotIndex: 0
[INFO] 2025-10-13 11:36:24.768 +0800 o.a.d.s.m.c.IdSlotBasedCommandFetcher:[67] - Fetch commands: 0 success, cost: 0ms, totalSlot: 1, currentSlotIndex: 0
[INFO] 2025-10-13 11:36:25.768 +0800 o.a.d.s.m.c.IdSlotBasedCommandFetcher:[67] - Fetch commands: 0 success, cost: 0ms, totalSlot: 1, currentSlotIndex: 0
[INFO] 2025-10-13 11:36:26.777 +0800 o.a.d.s.m.c.IdSlotBasedCommandFetcher:[67] - Fetch commands: 0 success, cost: 0ms, totalSlot: 1, currentSlotIndex: 0
[INFO] 2025-10-13 11:36:27.241 +0800 o.a.d.s.m.r.t.TaskGroupCoordinator:[187] - Success amend TaskGroupQueue status cost: 0/ms
[INFO] 2025-10-13 11:36:27.241 +0800 o.a.d.s.m.r.t.TaskGroupCoordinator:[241] - Success deal with force start TaskGroupQueue cost: 0/ms
[INFO] 2025-10-13 11:36:27.241 +0800 o.a.d.s.m.r.t.TaskGroupCoordinator:[129] - TaskGroupCoordinator round time cost: 1/ms
[INFO] 2025-10-13 11:36:27.778 +0800 o.a.d.s.m.c.IdSlotBasedCommandFetcher:[67] - Fetch commands: 0 success, cost: 0ms, totalSlot: 1, currentSlotIndex: 0
[INFO] 2025-10-13 11:36:28.779 +0800 o.a.d.s.m.c.IdSlotBasedCommandFetcher:[67] - Fetch commands: 0 success, cost: 0ms, totalSlot: 1, currentSlotIndex: 0
[INFO] 2025-10-13 11:36:29.780 +0800 o.a.d.s.m.c.IdSlotBasedCommandFetcher:[67] - Fetch commands: 0 success, cost: 0ms, totalSlot: 1, currentSlotIndex: 0
[INFO] 2025-10-13 11:36:30.780 +0800 o.a.d.s.m.c.IdSlotBasedCommandFetcher:[67] - Fetch commands: 0 success, cost: 0ms, totalSlot: 1, currentSlotIndex: 0
[INFO] 2025-10-13 11:36:31.780 +0800 o.a.d.s.m.c.IdSlotBasedCommandFetcher:[67] - Fetch commands: 0 success, cost: 0ms, totalSlot: 1, currentSlotIndex: 0
[INFO] 2025-10-13 11:36:32.247 +0800 o.a.d.s.m.r.t.TaskGroupCoordinator:[187] - Success amend TaskGroupQueue status cost: 0/ms
[INFO] 2025-10-13 11:36:32.247 +0800 o.a.d.s.m.r.t.TaskGroupCoordinator:[241] - Success deal with force start TaskGroupQueue cost: 0/ms
[INFO] 2025-10-13 11:36:32.248 +0800 o.a.d.s.m.r.t.TaskGroupCoordinator:[129] - TaskGroupCoordinator round time cost: 0/ms
[INFO] 2025-10-13 11:36:32.869 +0800 o.a.d.s.m.c.IdSlotBasedCommandFetcher:[67] - Fetch commands: 0 success, cost: 0ms, totalSlot: 1, currentSlotIndex: 0
[INFO] 2025-10-13 11:36:34.018 +0800 o.a.d.s.m.c.IdSlotBasedCommandFetcher:[67] - Fetch commands: 0 success, cost: 0ms, totalSlot: 1, currentSlotIndex: 0
[INFO] 2025-10-13 11:36:35.020 +0800 o.a.d.s.m.c.IdSlotBasedCommandFetcher:[67] - Fetch commands: 0 success, cost: 0ms, totalSlot: 1, currentSlotIndex: 0
[INFO] 2025-10-13 11:36:36.020 +0800 o.a.d.s.m.c.IdSlotBasedCommandFetcher:[67] - Fetch commands: 0 success, cost: 0ms, totalSlot: 1, currentSlotIndex: 0
[INFO] 2025-10-13 11:36:37.021 +0800 o.a.d.s.m.c.IdSlotBasedCommandFetcher:[67] - Fetch commands: 0 success, cost: 0ms, totalSlot: 1, currentSlotIndex: 0
[INFO] 2025-10-13 11:36:37.252 +0800 o.a.d.s.m.r.t.TaskGroupCoordinator:[187] - Success amend TaskGroupQueue status cost: 0/ms
[INFO] 2025-10-13 11:36:37.252 +0800 o.a.d.s.m.r.t.TaskGroupCoordinator:[241] - Success deal with force start TaskGroupQueue cost: 0/ms
[INFO] 2025-10-13 11:36:37.252 +0800 o.a.d.s.m.r.t.TaskGroupCoordinator:[129] - TaskGroupCoordinator round time cost: 0/ms
[INFO] 2025-10-13 11:36:38.021 +0800 o.a.d.s.m.c.IdSlotBasedCommandFetcher:[67] - Fetch commands: 0 success, cost: 0ms, totalSlot: 1, currentSlotIndex: 0
[INFO] 2025-10-13 11:36:39.022 +0800 o.a.d.s.m.c.IdSlotBasedCommandFetcher:[67] - Fetch commands: 0 success, cost: 0ms, totalSlot: 1, currentSlotIndex: 0
[INFO] 2025-10-13 11:36:40.023 +0800 o.a.d.s.m.c.IdSlotBasedCommandFetcher:[67] - Fetch commands: 0 success, cost: 0ms, totalSlot: 1, currentSlotIndex: 0
[INFO] 2025-10-13 11:36:41.024 +0800 o.a.d.s.m.c.IdSlotBasedCommandFetcher:[67] - Fetch commands: 0 success, cost: 0ms, totalSlot: 1, currentSlotIndex: 0
[INFO] 2025-10-13 11:36:42.024 +0800 o.a.d.s.m.c.IdSlotBasedCommandFetcher:[67] - Fetch commands: 0 success, cost: 0ms, totalSlot: 1, currentSlotIndex: 0
[INFO] 2025-10-13 11:36:42.257 +0800 o.a.d.s.m.r.t.TaskGroupCoordinator:[187] - Success amend TaskGroupQueue status cost: 0/ms
[INFO] 2025-10-13 11:36:42.258 +0800 o.a.d.s.m.r.t.TaskGroupCoordinator:[241] - Success deal with force start TaskGroupQueue cost: 0/ms
[INFO] 2025-10-13 11:36:42.258 +0800 o.a.d.s.m.r.t.TaskGroupCoordinator:[129] - TaskGroupCoordinator round time cost: 0/ms
[INFO] 2025-10-13 11:36:43.025 +0800 o.a.d.s.m.c.IdSlotBasedCommandFetcher:[67] - Fetch commands: 0 success, cost: 0ms, totalSlot: 1, currentSlotIndex: 0
[INFO] 2025-10-13 11:36:44.025 +0800 o.a.d.s.m.c.IdSlotBasedCommandFetcher:[67] - Fetch commands: 0 success, cost: 0ms, totalSlot: 1, currentSlotIndex: 0
[INFO] 2025-10-13 11:36:45.026 +0800 o.a.d.s.m.c.IdSlotBasedCommandFetcher:[67] - Fetch commands: 0 success, cost: 0ms, totalSlot: 1, currentSlotIndex: 0
[INFO] 2025-10-13 11:36:46.026 +0800 o.a.d.s.m.c.IdSlotBasedCommandFetcher:[67] - Fetch commands: 0 success, cost: 0ms, totalSlot: 1, currentSlotIndex: 0
[INFO] 2025-10-13 11:36:47.177 +0800 o.a.d.s.m.c.IdSlotBasedCommandFetcher:[67] - Fetch commands: 0 success, cost: 1ms, totalSlot: 1, currentSlotIndex: 0
[INFO] 2025-10-13 11:36:47.267 +0800 o.a.d.s.m.r.t.TaskGroupCoordinator:[187] - Success amend TaskGroupQueue status cost: 0/ms
[INFO] 2025-10-13 11:36:47.267 +0800 o.a.d.s.m.r.t.TaskGroupCoordinator:[241] - Success deal with force start TaskGroupQueue cost: 0/ms
[INFO] 2025-10-13 11:36:47.267 +0800 o.a.d.s.m.r.t.TaskGroupCoordinator:[129] - TaskGroupCoordinator round time cost: 0/ms
[INFO] 2025-10-13 11:36:48.255 +0800 o.a.d.s.m.c.IdSlotBasedCommandFetcher:[67] - Fetch commands: 0 success, cost: 0ms, totalSlot: 1, currentSlotIndex: 0
[INFO] 2025-10-13 11:36:49.332 +0800 o.a.d.s.m.c.IdSlotBasedCommandFetcher:[67] - Fetch commands: 0 success, cost: 0ms, totalSlot: 1, currentSlotIndex: 0
[INFO] 2025-10-13 11:36:50.416 +0800 o.a.d.s.m.c.IdSlotBasedCommandFetcher:[67] - Fetch commands: 0 success, cost: 0ms, totalSlot: 1, currentSlotIndex: 0
[INFO] 2025-10-13 11:36:51.489 +0800 o.a.d.s.m.c.IdSlotBasedCommandFetcher:[67] - Fetch commands: 0 success, cost: 0ms, totalSlot: 1, currentSlotIndex: 0
[INFO] 2025-10-13 11:36:52.272 +0800 o.a.d.s.m.r.t.TaskGroupCoordinator:[187] - Success amend TaskGroupQueue status cost: 0/ms
[INFO] 2025-10-13 11:36:52.272 +0800 o.a.d.s.m.r.t.TaskGroupCoordinator:[241] - Success deal with force start TaskGroupQueue cost: 0/ms
[INFO] 2025-10-13 11:36:52.272 +0800 o.a.d.s.m.r.t.TaskGroupCoordinator:[129] - TaskGroupCoordinator round time cost: 0/ms
[INFO] 2025-10-13 11:36:52.564 +0800 o.a.d.s.m.c.IdSlotBasedCommandFetcher:[67] - Fetch commands: 0 success, cost: 0ms, totalSlot: 1, currentSlotIndex: 0
[INFO] 2025-10-13 11:36:53.640 +0800 o.a.d.s.m.c.IdSlotBasedCommandFetcher:[67] - Fetch commands: 0 success, cost: 1ms, totalSlot: 1, currentSlotIndex: 0
[INFO] 2025-10-13 11:36:54.707 +0800 o.a.d.s.m.c.IdSlotBasedCommandFetcher:[67] - Fetch commands: 0 success, cost: 0ms, totalSlot: 1, currentSlotIndex: 0
[INFO] 2025-10-13 11:36:55.795 +0800 o.a.d.s.m.c.IdSlotBasedCommandFetcher:[67] - Fetch commands: 0 success, cost: 0ms, totalSlot: 1, currentSlotIndex: 0
[INFO] 2025-10-13 11:36:56.868 +0800 o.a.d.s.m.c.IdSlotBasedCommandFetcher:[67] - Fetch commands: 0 success, cost: 0ms, totalSlot: 1, currentSlotIndex: 0
[INFO] 2025-10-13 11:36:57.280 +0800 o.a.d.s.m.r.t.TaskGroupCoordinator:[187] - Success amend TaskGroupQueue status cost: 0/ms
[INFO] 2025-10-13 11:36:57.280 +0800 o.a.d.s.m.r.t.TaskGroupCoordinator:[241] - Success deal with force start TaskGroupQueue cost: 0/ms
[INFO] 2025-10-13 11:36:57.280 +0800 o.a.d.s.m.r.t.TaskGroupCoordinator:[129] - TaskGroupCoordinator round time cost: 0/ms
[INFO] 2025-10-13 11:36:57.936 +0800 o.a.d.s.m.c.IdSlotBasedCommandFetcher:[67] - Fetch commands: 0 success, cost: 0ms, totalSlot: 1, currentSlotIndex: 0
[INFO] 2025-10-13 11:36:58.936 +0800 o.a.d.s.m.c.IdSlotBasedCommandFetcher:[67] - Fetch commands: 0 success, cost: 0ms, totalSlot: 1, currentSlotIndex: 0
[INFO] 2025-10-13 11:36:59.937 +0800 o.a.d.s.m.c.IdSlotBasedCommandFetcher:[67] - Fetch commands: 0 success, cost: 0ms, totalSlot: 1, currentSlotIndex: 0
[INFO] 2025-10-13 11:37:00.937 +0800 o.a.d.s.m.c.IdSlotBasedCommandFetcher:[67] - Fetch commands: 0 success, cost: 0ms, totalSlot: 1, currentSlotIndex: 0
[INFO] 2025-10-13 11:37:01.937 +0800 o.a.d.s.m.c.IdSlotBasedCommandFetcher:[67] - Fetch commands: 0 success, cost: 0ms, totalSlot: 1, currentSlotIndex: 0
[INFO] 2025-10-13 11:37:02.284 +0800 o.a.d.s.m.r.t.TaskGroupCoordinator:[187] - Success amend TaskGroupQueue status cost: 0/ms
[INFO] 2025-10-13 11:37:02.285 +0800 o.a.d.s.m.r.t.TaskGroupCoordinator:[241] - Success deal with force start TaskGroupQueue cost: 0/ms
[INFO] 2025-10-13 11:37:02.285 +0800 o.a.d.s.m.r.t.TaskGroupCoordinator:[129] - TaskGroupCoordinator round time cost: 0/ms
[INFO] 2025-10-13 11:37:02.937 +0800 o.a.d.s.m.c.IdSlotBasedCommandFetcher:[67] - Fetch commands: 0 success, cost: 0ms, totalSlot: 1, currentSlotIndex: 0
[INFO] 2025-10-13 11:37:03.938 +0800 o.a.d.s.m.c.IdSlotBasedCommandFetcher:[67] - Fetch commands: 0 success, cost: 0ms, totalSlot: 1, currentSlotIndex: 0
[INFO] 2025-10-13 11:37:04.938 +0800 o.a.d.s.m.c.IdSlotBasedCommandFetcher:[67] - Fetch commands: 0 success, cost: 0ms, totalSlot: 1, currentSlotIndex: 0
[INFO] 2025-10-13 11:37:05.938 +0800 o.a.d.s.m.c.IdSlotBasedCommandFetcher:[67] - Fetch commands: 0 success, cost: 0ms, totalSlot: 1, currentSlotIndex: 0
[INFO] 2025-10-13 11:37:06.939 +0800 o.a.d.s.m.c.IdSlotBasedCommandFetcher:[67] - Fetch commands: 0 success, cost: 0ms, totalSlot: 1, currentSlotIndex: 0
[INFO] 2025-10-13 11:37:07.293 +0800 o.a.d.s.m.r.t.TaskGroupCoordinator:[187] - Success amend TaskGroupQueue status cost: 0/ms
[INFO] 2025-10-13 11:37:07.294 +0800 o.a.d.s.m.r.t.TaskGroupCoordinator:[241] - Success deal with force start TaskGroupQueue cost: 0/ms
[INFO] 2025-10-13 11:37:07.294 +0800 o.a.d.s.m.r.t.TaskGroupCoordinator:[129] - TaskGroupCoordinator round time cost: 1/ms
[INFO] 2025-10-13 11:37:07.939 +0800 o.a.d.s.m.c.IdSlotBasedCommandFetcher:[67] - Fetch commands: 0 success, cost: 0ms, totalSlot: 1, currentSlotIndex: 0
[INFO] 2025-10-13 11:37:08.940 +0800 o.a.d.s.m.c.IdSlotBasedCommandFetcher:[67] - Fetch commands: 0 success, cost: 0ms, totalSlot: 1, currentSlotIndex: 0
[INFO] 2025-10-13 11:37:09.940 +0800 o.a.d.s.m.c.IdSlotBasedCommandFetcher:[67] - Fetch commands: 0 success, cost: 0ms, totalSlot: 1, currentSlotIndex: 0
[INFO] 2025-10-13 11:37:11.103 +0800 o.a.d.s.m.c.IdSlotBasedCommandFetcher:[67] - Fetch commands: 0 success, cost: 0ms, totalSlot: 1, currentSlotIndex: 0
[INFO] 2025-10-13 11:37:12.104 +0800 o.a.d.s.m.c.IdSlotBasedCommandFetcher:[67] - Fetch commands: 0 success, cost: 0ms, totalSlot: 1, currentSlotIndex: 0
[INFO] 2025-10-13 11:37:12.301 +0800 o.a.d.s.m.r.t.TaskGroupCoordinator:[187] - Success amend TaskGroupQueue status cost: 0/ms
[INFO] 2025-10-13 11:37:12.301 +0800 o.a.d.s.m.r.t.TaskGroupCoordinator:[241] - Success deal with force start TaskGroupQueue cost: 0/ms
[INFO] 2025-10-13 11:37:12.301 +0800 o.a.d.s.m.r.t.TaskGroupCoordinator:[129] - TaskGroupCoordinator round time cost: 0/ms
[INFO] 2025-10-13 11:37:13.104 +0800 o.a.d.s.m.c.IdSlotBasedCommandFetcher:[67] - Fetch commands: 0 success, cost: 0ms, totalSlot: 1, currentSlotIndex: 0
[INFO] 2025-10-13 11:37:14.105 +0800 o.a.d.s.m.c.IdSlotBasedCommandFetcher:[67] - Fetch commands: 0 success, cost: 0ms, totalSlot: 1, currentSlotIndex: 0
[INFO] 2025-10-13 11:37:15.106 +0800 o.a.d.s.m.c.IdSlotBasedCommandFetcher:[67] - Fetch commands: 0 success, cost: 0ms, totalSlot: 1, currentSlotIndex: 0
[INFO] 2025-10-13 11:37:16.106 +0800 o.a.d.s.m.c.IdSlotBasedCommandFetcher:[67] - Fetch commands: 0 success, cost: 0ms, totalSlot: 1, currentSlotIndex: 0
[INFO] 2025-10-13 11:37:17.107 +0800 o.a.d.s.m.c.IdSlotBasedCommandFetcher:[67] - Fetch commands: 0 success, cost: 0ms, totalSlot: 1, currentSlotIndex: 0
[INFO] 2025-10-13 11:37:17.306 +0800 o.a.d.s.m.r.t.TaskGroupCoordinator:[187] - Success amend TaskGroupQueue status cost: 0/ms
[INFO] 2025-10-13 11:37:17.306 +0800 o.a.d.s.m.r.t.TaskGroupCoordinator:[241] - Success deal with force start TaskGroupQueue cost: 0/ms
[INFO] 2025-10-13 11:37:17.306 +0800 o.a.d.s.m.r.t.TaskGroupCoordinator:[129] - TaskGroupCoordinator round time cost: 0/ms
[INFO] 2025-10-13 11:37:18.109 +0800 o.a.d.s.m.c.IdSlotBasedCommandFetcher:[67] - Fetch commands: 0 success, cost: 0ms, totalSlot: 1, currentSlotIndex: 0
[INFO] 2025-10-13 11:37:19.110 +0800 o.a.d.s.m.c.IdSlotBasedCommandFetcher:[67] - Fetch commands: 0 success, cost: 0ms, totalSlot: 1, currentSlotIndex: 0
[INFO] 2025-10-13 11:37:20.121 +0800 o.a.d.s.m.c.IdSlotBasedCommandFetcher:[67] - Fetch commands: 0 success, cost: 0ms, totalSlot: 1, currentSlotIndex: 0
[INFO] 2025-10-13 11:37:21.121 +0800 o.a.d.s.m.c.IdSlotBasedCommandFetcher:[67] - Fetch commands: 0 success, cost: 0ms, totalSlot: 1, currentSlotIndex: 0
[INFO] 2025-10-13 11:37:22.121 +0800 o.a.d.s.m.c.IdSlotBasedCommandFetcher:[67] - Fetch commands: 0 success, cost: 0ms, totalSlot: 1, currentSlotIndex: 0
[INFO] 2025-10-13 11:37:22.315 +0800 o.a.d.s.m.r.t.TaskGroupCoordinator:[187] - Success amend TaskGroupQueue status cost: 0/ms
[INFO] 2025-10-13 11:37:22.315 +0800 o.a.d.s.m.r.t.TaskGroupCoordinator:[241] - Success deal with force start TaskGroupQueue cost: 0/ms
[INFO] 2025-10-13 11:37:22.315 +0800 o.a.d.s.m.r.t.TaskGroupCoordinator:[129] - TaskGroupCoordinator round time cost: 0/ms
[INFO] 2025-10-13 11:37:23.121 +0800 o.a.d.s.m.c.IdSlotBasedCommandFetcher:[67] - Fetch commands: 0 success, cost: 0ms, totalSlot: 1, currentSlotIndex: 0
[INFO] 2025-10-13 11:37:24.287 +0800 o.a.d.s.m.c.IdSlotBasedCommandFetcher:[67] - Fetch commands: 0 success, cost: 0ms, totalSlot: 1, currentSlotIndex: 0
[INFO] 2025-10-13 11:37:25.360 +0800 o.a.d.s.m.c.IdSlotBasedCommandFetcher:[67] - Fetch commands: 0 success, cost: 0ms, totalSlot: 1, currentSlotIndex: 0
[INFO] 2025-10-13 11:37:26.361 +0800 o.a.d.s.m.c.IdSlotBasedCommandFetcher:[67] - Fetch commands: 0 success, cost: 0ms, totalSlot: 1, currentSlotIndex: 0
[INFO] 2025-10-13 11:37:27.320 +0800 o.a.d.s.m.r.t.TaskGroupCoordinator:[187] - Success amend TaskGroupQueue status cost: 0/ms
[INFO] 2025-10-13 11:37:27.320 +0800 o.a.d.s.m.r.t.TaskGroupCoordinator:[241] - Success deal with force start TaskGroupQueue cost: 0/ms
[INFO] 2025-10-13 11:37:27.320 +0800 o.a.d.s.m.r.t.TaskGroupCoordinator:[129] - TaskGroupCoordinator round time cost: 0/ms
[INFO] 2025-10-13 11:37:27.362 +0800 o.a.d.s.m.c.IdSlotBasedCommandFetcher:[67] - Fetch commands: 0 success, cost: 0ms, totalSlot: 1, currentSlotIndex: 0
[INFO] 2025-10-13 11:37:28.363 +0800 o.a.d.s.m.c.IdSlotBasedCommandFetcher:[67] - Fetch commands: 0 success, cost: 0ms, totalSlot: 1, currentSlotIndex: 0
[INFO] 2025-10-13 11:37:29.364 +0800 o.a.d.s.m.c.IdSlotBasedCommandFetcher:[67] - Fetch commands: 0 success, cost: 0ms, totalSlot: 1, currentSlotIndex: 0
[INFO] 2025-10-13 11:37:30.365 +0800 o.a.d.s.m.c.IdSlotBasedCommandFetcher:[67] - Fetch commands: 0 success, cost: 0ms, totalSlot: 1, currentSlotIndex: 0
[INFO] 2025-10-13 11:37:31.365 +0800 o.a.d.s.m.c.IdSlotBasedCommandFetcher:[67] - Fetch commands: 0 success, cost: 0ms, totalSlot: 1, currentSlotIndex: 0
[INFO] 2025-10-13 11:37:32.326 +0800 o.a.d.s.m.r.t.TaskGroupCoordinator:[187] - Success amend TaskGroupQueue status cost: 0/ms
[INFO] 2025-10-13 11:37:32.326 +0800 o.a.d.s.m.r.t.TaskGroupCoordinator:[241] - Success deal with force start TaskGroupQueue cost: 0/ms
[INFO] 2025-10-13 11:37:32.326 +0800 o.a.d.s.m.r.t.TaskGroupCoordinator:[129] - TaskGroupCoordinator round time cost: 0/ms
[INFO] 2025-10-13 11:37:32.366 +0800 o.a.d.s.m.c.IdSlotBasedCommandFetcher:[67] - Fetch commands: 0 success, cost: 0ms, totalSlot: 1, currentSlotIndex: 0
[INFO] 2025-10-13 11:37:33.367 +0800 o.a.d.s.m.c.IdSlotBasedCommandFetcher:[67] - Fetch commands: 0 success, cost: 0ms, totalSlot: 1, currentSlotIndex: 0
[INFO] 2025-10-13 11:37:34.368 +0800 o.a.d.s.m.c.IdSlotBasedCommandFetcher:[67] - Fetch commands: 0 success, cost: 0ms, totalSlot: 1, currentSlotIndex: 0
[INFO] 2025-10-13 11:37:35.369 +0800 o.a.d.s.m.c.IdSlotBasedCommandFetcher:[67] - Fetch commands: 0 success, cost: 0ms, totalSlot: 1, currentSlotIndex: 0
[INFO] 2025-10-13 11:37:36.369 +0800 o.a.d.s.m.c.IdSlotBasedCommandFetcher:[67] - Fetch commands: 0 success, cost: 0ms, totalSlot: 1, currentSlotIndex: 0
[INFO] 2025-10-13 11:37:37.330 +0800 o.a.d.s.m.r.t.TaskGroupCoordinator:[187] - Success amend TaskGroupQueue status cost: 0/ms
[INFO] 2025-10-13 11:37:37.330 +0800 o.a.d.s.m.r.t.TaskGroupCoordinator:[241] - Success deal with force start TaskGroupQueue cost: 0/ms
[INFO] 2025-10-13 11:37:37.330 +0800 o.a.d.s.m.r.t.TaskGroupCoordinator:[129] - TaskGroupCoordinator round time cost: 0/ms
[INFO] 2025-10-13 11:37:37.370 +0800 o.a.d.s.m.c.IdSlotBasedCommandFetcher:[67] - Fetch commands: 0 success, cost: 0ms, totalSlot: 1, currentSlotIndex: 0
[INFO] 2025-10-13 11:37:38.531 +0800 o.a.d.s.m.c.IdSlotBasedCommandFetcher:[67] - Fetch commands: 0 success, cost: 0ms, totalSlot: 1, currentSlotIndex: 0
[INFO] 2025-10-13 11:37:39.606 +0800 o.a.d.s.m.c.IdSlotBasedCommandFetcher:[67] - Fetch commands: 0 success, cost: 0ms, totalSlot: 1, currentSlotIndex: 0
[INFO] 2025-10-13 11:37:40.692 +0800 o.a.d.s.m.c.IdSlotBasedCommandFetcher:[67] - Fetch commands: 0 success, cost: 0ms, totalSlot: 1, currentSlotIndex: 0
[INFO] 2025-10-13 11:37:41.770 +0800 o.a.d.s.m.c.IdSlotBasedCommandFetcher:[67] - Fetch commands: 0 success, cost: 0ms, totalSlot: 1, currentSlotIndex: 0
[INFO] 2025-10-13 11:37:42.334 +0800 o.a.d.s.m.r.t.TaskGroupCoordinator:[187] - Success amend TaskGroupQueue status cost: 0/ms
[INFO] 2025-10-13 11:37:42.334 +0800 o.a.d.s.m.r.t.TaskGroupCoordinator:[241] - Success deal with force start TaskGroupQueue cost: 0/ms
[INFO] 2025-10-13 11:37:42.334 +0800 o.a.d.s.m.r.t.TaskGroupCoordinator:[129] - TaskGroupCoordinator round time cost: 0/ms
[INFO] 2025-10-13 11:37:42.844 +0800 o.a.d.s.m.c.IdSlotBasedCommandFetcher:[67] - Fetch commands: 0 success, cost: 0ms, totalSlot: 1, currentSlotIndex: 0
[INFO] 2025-10-13 11:37:43.916 +0800 o.a.d.s.m.c.IdSlotBasedCommandFetcher:[67] - Fetch commands: 0 success, cost: 0ms, totalSlot: 1, currentSlotIndex: 0
[INFO] 2025-10-13 11:37:44.988 +0800 o.a.d.s.m.c.IdSlotBasedCommandFetcher:[67] - Fetch commands: 0 success, cost: 0ms, totalSlot: 1, currentSlotIndex: 0
[INFO] 2025-10-13 11:37:46.061 +0800 o.a.d.s.m.c.IdSlotBasedCommandFetcher:[67] - Fetch commands: 0 success, cost: 0ms, totalSlot: 1, currentSlotIndex: 0
[INFO] 2025-10-13 11:37:47.137 +0800 o.a.d.s.m.c.IdSlotBasedCommandFetcher:[67] - Fetch commands: 0 success, cost: 0ms, totalSlot: 1, currentSlotIndex: 0
[INFO] 2025-10-13 11:37:47.345 +0800 o.a.d.s.m.r.t.TaskGroupCoordinator:[187] - Success amend TaskGroupQueue status cost: 0/ms
[INFO] 2025-10-13 11:37:47.345 +0800 o.a.d.s.m.r.t.TaskGroupCoordinator:[241] - Success deal with force start TaskGroupQueue cost: 0/ms
[INFO] 2025-10-13 11:37:47.345 +0800 o.a.d.s.m.r.t.TaskGroupCoordinator:[129] - TaskGroupCoordinator round time cost: 0/ms
[INFO] 2025-10-13 11:37:48.211 +0800 o.a.d.s.m.c.IdSlotBasedCommandFetcher:[67] - Fetch commands: 0 success, cost: 0ms, totalSlot: 1, currentSlotIndex: 0
[INFO] 2025-10-13 11:37:49.285 +0800 o.a.d.s.m.c.IdSlotBasedCommandFetcher:[67] - Fetch commands: 0 success, cost: 0ms, totalSlot: 1, currentSlotIndex: 0
[INFO] 2025-10-13 11:37:50.363 +0800 o.a.d.s.m.c.IdSlotBasedCommandFetcher:[67] - Fetch commands: 0 success, cost: 0ms, totalSlot: 1, currentSlotIndex: 0
[INFO] 2025-10-13 11:37:51.437 +0800 o.a.d.s.m.c.IdSlotBasedCommandFetcher:[67] - Fetch commands: 0 success, cost: 0ms, totalSlot: 1, currentSlotIndex: 0
[INFO] 2025-10-13 11:37:52.349 +0800 o.a.d.s.m.r.t.TaskGroupCoordinator:[187] - Success amend TaskGroupQueue status cost: 0/ms
[INFO] 2025-10-13 11:37:52.351 +0800 o.a.d.s.m.r.t.TaskGroupCoordinator:[241] - Success deal with force start TaskGroupQueue cost: 0/ms
[INFO] 2025-10-13 11:37:52.351 +0800 o.a.d.s.m.r.t.TaskGroupCoordinator:[129] - TaskGroupCoordinator round time cost: 0/ms
[INFO] 2025-10-13 11:37:52.451 +0800 o.a.d.s.m.c.IdSlotBasedCommandFetcher:[67] - Fetch commands: 0 success, cost: 0ms, totalSlot: 1, currentSlotIndex: 0
[INFO] 2025-10-13 11:37:52.673 +0800 o.a.d.m.m.BaseServerLoadProtection:[43] - OverLoad: the system cpu usage: 1.0 is over then the maxSystemCpuUsagePercentageThresholds 0.9
[INFO] 2025-10-13 11:37:53.451 +0800 o.a.d.m.m.BaseServerLoadProtection:[43] - OverLoad: the system cpu usage: 1.0 is over then the maxSystemCpuUsagePercentageThresholds 0.9
[WARN] 2025-10-13 11:37:53.451 +0800 o.a.d.s.m.r.MasterSchedulerBootstrap:[120] - The current server is overload, cannot consumes commands.
[INFO] 2025-10-13 11:37:53.482 +0800 o.a.d.m.m.BaseServerLoadProtection:[43] - OverLoad: the system cpu usage: 1.0 is over then the maxSystemCpuUsagePercentageThresholds 0.9
[INFO] 2025-10-13 11:37:54.451 +0800 o.a.d.s.m.c.IdSlotBasedCommandFetcher:[67] - Fetch commands: 0 success, cost: 0ms, totalSlot: 1, currentSlotIndex: 0
[INFO] 2025-10-13 11:37:55.452 +0800 o.a.d.s.m.c.IdSlotBasedCommandFetcher:[67] - Fetch commands: 0 success, cost: 0ms, totalSlot: 1, currentSlotIndex: 0
[INFO] 2025-10-13 11:37:56.462 +0800 o.a.d.s.m.c.IdSlotBasedCommandFetcher:[67] - Fetch commands: 0 success, cost: 0ms, totalSlot: 1, currentSlotIndex: 0
[INFO] 2025-10-13 11:37:57.355 +0800 o.a.d.s.m.r.t.TaskGroupCoordinator:[187] - Success amend TaskGroupQueue status cost: 0/ms
[INFO] 2025-10-13 11:37:57.355 +0800 o.a.d.s.m.r.t.TaskGroupCoordinator:[241] - Success deal with force start TaskGroupQueue cost: 0/ms
[INFO] 2025-10-13 11:37:57.355 +0800 o.a.d.s.m.r.t.TaskGroupCoordinator:[129] - TaskGroupCoordinator round time cost: 0/ms
[INFO] 2025-10-13 11:37:57.463 +0800 o.a.d.s.m.c.IdSlotBasedCommandFetcher:[67] - Fetch commands: 0 success, cost: 0ms, totalSlot: 1, currentSlotIndex: 0
[INFO] 2025-10-13 11:37:58.465 +0800 o.a.d.s.m.c.IdSlotBasedCommandFetcher:[67] - Fetch commands: 0 success, cost: 0ms, totalSlot: 1, currentSlotIndex: 0
[INFO] 2025-10-13 11:37:59.465 +0800 o.a.d.s.m.c.IdSlotBasedCommandFetcher:[67] - Fetch commands: 0 success, cost: 0ms, totalSlot: 1, currentSlotIndex: 0
[INFO] 2025-10-13 11:38:00.466 +0800 o.a.d.s.m.c.IdSlotBasedCommandFetcher:[67] - Fetch commands: 0 success, cost: 0ms, totalSlot: 1, currentSlotIndex: 0
[INFO] 2025-10-13 11:38:01.467 +0800 o.a.d.s.m.c.IdSlotBasedCommandFetcher:[67] - Fetch commands: 0 success, cost: 0ms, totalSlot: 1, currentSlotIndex: 0
[INFO] 2025-10-13 11:38:02.361 +0800 o.a.d.s.m.r.t.TaskGroupCoordinator:[187] - Success amend TaskGroupQueue status cost: 0/ms
[INFO] 2025-10-13 11:38:02.361 +0800 o.a.d.s.m.r.t.TaskGroupCoordinator:[241] - Success deal with force start TaskGroupQueue cost: 0/ms
[INFO] 2025-10-13 11:38:02.361 +0800 o.a.d.s.m.r.t.TaskGroupCoordinator:[129] - TaskGroupCoordinator round time cost: 0/ms
[INFO] 2025-10-13 11:38:02.467 +0800 o.a.d.s.m.c.IdSlotBasedCommandFetcher:[67] - Fetch commands: 0 success, cost: 0ms, totalSlot: 1, currentSlotIndex: 0
[INFO] 2025-10-13 11:38:03.468 +0800 o.a.d.s.m.c.IdSlotBasedCommandFetcher:[67] - Fetch commands: 0 success, cost: 0ms, totalSlot: 1, currentSlotIndex: 0
[INFO] 2025-10-13 11:38:04.469 +0800 o.a.d.s.m.c.IdSlotBasedCommandFetcher:[67] - Fetch commands: 0 success, cost: 0ms, totalSlot: 1, currentSlotIndex: 0
[INFO] 2025-10-13 11:38:05.684 +0800 o.a.d.s.m.c.IdSlotBasedCommandFetcher:[67] - Fetch commands: 0 success, cost: 1ms, totalSlot: 1, currentSlotIndex: 0
[INFO] 2025-10-13 11:38:06.685 +0800 o.a.d.s.m.c.IdSlotBasedCommandFetcher:[67] - Fetch commands: 0 success, cost: 0ms, totalSlot: 1, currentSlotIndex: 0
[INFO] 2025-10-13 11:38:07.367 +0800 o.a.d.s.m.r.t.TaskGroupCoordinator:[187] - Success amend TaskGroupQueue status cost: 0/ms
[INFO] 2025-10-13 11:38:07.367 +0800 o.a.d.s.m.r.t.TaskGroupCoordinator:[241] - Success deal with force start TaskGroupQueue cost: 0/ms
[INFO] 2025-10-13 11:38:07.367 +0800 o.a.d.s.m.r.t.TaskGroupCoordinator:[129] - TaskGroupCoordinator round time cost: 0/ms
[INFO] 2025-10-13 11:38:07.685 +0800 o.a.d.s.m.c.IdSlotBasedCommandFetcher:[67] - Fetch commands: 0 success, cost: 0ms, totalSlot: 1, currentSlotIndex: 0
[INFO] 2025-10-13 11:38:08.694 +0800 o.a.d.s.m.c.IdSlotBasedCommandFetcher:[67] - Fetch commands: 0 success, cost: 0ms, totalSlot: 1, currentSlotIndex: 0
[INFO] 2025-10-13 11:38:09.694 +0800 o.a.d.s.m.c.IdSlotBasedCommandFetcher:[67] - Fetch commands: 0 success, cost: 0ms, totalSlot: 1, currentSlotIndex: 0
[INFO] 2025-10-13 11:38:10.695 +0800 o.a.d.s.m.c.IdSlotBasedCommandFetcher:[67] - Fetch commands: 0 success, cost: 0ms, totalSlot: 1, currentSlotIndex: 0
[INFO] 2025-10-13 11:38:11.696 +0800 o.a.d.s.m.c.IdSlotBasedCommandFetcher:[67] - Fetch commands: 0 success, cost: 0ms, totalSlot: 1, currentSlotIndex: 0
[INFO] 2025-10-13 11:38:12.388 +0800 o.a.d.s.m.r.t.TaskGroupCoordinator:[187] - Success amend TaskGroupQueue status cost: 0/ms
[INFO] 2025-10-13 11:38:12.388 +0800 o.a.d.s.m.r.t.TaskGroupCoordinator:[241] - Success deal with force start TaskGroupQueue cost: 0/ms
[INFO] 2025-10-13 11:38:12.388 +0800 o.a.d.s.m.r.t.TaskGroupCoordinator:[129] - TaskGroupCoordinator round time cost: 0/ms
[INFO] 2025-10-13 11:38:12.709 +0800 o.a.d.s.m.c.IdSlotBasedCommandFetcher:[67] - Fetch commands: 0 success, cost: 0ms, totalSlot: 1, currentSlotIndex: 0
[INFO] 2025-10-13 11:38:13.710 +0800 o.a.d.s.m.c.IdSlotBasedCommandFetcher:[67] - Fetch commands: 0 success, cost: 0ms, totalSlot: 1, currentSlotIndex: 0
[INFO] 2025-10-13 11:38:14.710 +0800 o.a.d.s.m.c.IdSlotBasedCommandFetcher:[67] - Fetch commands: 0 success, cost: 0ms, totalSlot: 1, currentSlotIndex: 0
[INFO] 2025-10-13 11:38:15.723 +0800 o.a.d.s.m.c.IdSlotBasedCommandFetcher:[67] - Fetch commands: 0 success, cost: 0ms, totalSlot: 1, currentSlotIndex: 0
[INFO] 2025-10-13 11:38:16.723 +0800 o.a.d.s.m.c.IdSlotBasedCommandFetcher:[67] - Fetch commands: 0 success, cost: 0ms, totalSlot: 1, currentSlotIndex: 0
[INFO] 2025-10-13 11:38:17.394 +0800 o.a.d.s.m.r.t.TaskGroupCoordinator:[187] - Success amend TaskGroupQueue status cost: 0/ms
[INFO] 2025-10-13 11:38:17.395 +0800 o.a.d.s.m.r.t.TaskGroupCoordinator:[241] - Success deal with force start TaskGroupQueue cost: 0/ms
[INFO] 2025-10-13 11:38:17.395 +0800 o.a.d.s.m.r.t.TaskGroupCoordinator:[129] - TaskGroupCoordinator round time cost: 1/ms
[INFO] 2025-10-13 11:38:17.737 +0800 o.a.d.s.m.c.IdSlotBasedCommandFetcher:[67] - Fetch commands: 0 success, cost: 0ms, totalSlot: 1, currentSlotIndex: 0
[INFO] 2025-10-13 11:38:18.739 +0800 o.a.d.s.m.c.IdSlotBasedCommandFetcher:[67] - Fetch commands: 0 success, cost: 0ms, totalSlot: 1, currentSlotIndex: 0
[INFO] 2025-10-13 11:38:19.947 +0800 o.a.d.s.m.c.IdSlotBasedCommandFetcher:[67] - Fetch commands: 0 success, cost: 0ms, totalSlot: 1, currentSlotIndex: 0
[INFO] 2025-10-13 11:38:20.947 +0800 o.a.d.s.m.c.IdSlotBasedCommandFetcher:[67] - Fetch commands: 0 success, cost: 0ms, totalSlot: 1, currentSlotIndex: 0
[INFO] 2025-10-13 11:38:21.948 +0800 o.a.d.s.m.c.IdSlotBasedCommandFetcher:[67] - Fetch commands: 0 success, cost: 0ms, totalSlot: 1, currentSlotIndex: 0
[INFO] 2025-10-13 11:38:22.406 +0800 o.a.d.s.m.r.t.TaskGroupCoordinator:[187] - Success amend TaskGroupQueue status cost: 0/ms
[INFO] 2025-10-13 11:38:22.406 +0800 o.a.d.s.m.r.t.TaskGroupCoordinator:[241] - Success deal with force start TaskGroupQueue cost: 0/ms
[INFO] 2025-10-13 11:38:22.406 +0800 o.a.d.s.m.r.t.TaskGroupCoordinator:[129] - TaskGroupCoordinator round time cost: 0/ms
[INFO] 2025-10-13 11:38:22.949 +0800 o.a.d.s.m.c.IdSlotBasedCommandFetcher:[67] - Fetch commands: 0 success, cost: 0ms, totalSlot: 1, currentSlotIndex: 0
[INFO] 2025-10-13 11:38:23.949 +0800 o.a.d.s.m.c.IdSlotBasedCommandFetcher:[67] - Fetch commands: 0 success, cost: 0ms, totalSlot: 1, currentSlotIndex: 0
[INFO] 2025-10-13 11:38:24.951 +0800 o.a.d.s.m.c.IdSlotBasedCommandFetcher:[67] - Fetch commands: 0 success, cost: 0ms, totalSlot: 1, currentSlotIndex: 0
[INFO] 2025-10-13 11:38:25.951 +0800 o.a.d.s.m.c.IdSlotBasedCommandFetcher:[67] - Fetch commands: 0 success, cost: 0ms, totalSlot: 1, currentSlotIndex: 0
[INFO] 2025-10-13 11:38:26.952 +0800 o.a.d.s.m.c.IdSlotBasedCommandFetcher:[67] - Fetch commands: 0 success, cost: 0ms, totalSlot: 1, currentSlotIndex: 0
[INFO] 2025-10-13 11:38:27.410 +0800 o.a.d.s.m.r.t.TaskGroupCoordinator:[187] - Success amend TaskGroupQueue status cost: 0/ms
[INFO] 2025-10-13 11:38:27.410 +0800 o.a.d.s.m.r.t.TaskGroupCoordinator:[241] - Success deal with force start TaskGroupQueue cost: 0/ms
[INFO] 2025-10-13 11:38:27.410 +0800 o.a.d.s.m.r.t.TaskGroupCoordinator:[129] - TaskGroupCoordinator round time cost: 0/ms
[INFO] 2025-10-13 11:38:27.964 +0800 o.a.d.s.m.c.IdSlotBasedCommandFetcher:[67] - Fetch commands: 0 success, cost: 0ms, totalSlot: 1, currentSlotIndex: 0
[INFO] 2025-10-13 11:38:28.964 +0800 o.a.d.s.m.c.IdSlotBasedCommandFetcher:[67] - Fetch commands: 0 success, cost: 0ms, totalSlot: 1, currentSlotIndex: 0
[INFO] 2025-10-13 11:38:29.973 +0800 o.a.d.s.m.c.IdSlotBasedCommandFetcher:[67] - Fetch commands: 0 success, cost: 0ms, totalSlot: 1, currentSlotIndex: 0
[INFO] 2025-10-13 11:38:30.974 +0800 o.a.d.s.m.c.IdSlotBasedCommandFetcher:[67] - Fetch commands: 0 success, cost: 0ms, totalSlot: 1, currentSlotIndex: 0
[INFO] 2025-10-13 11:38:31.975 +0800 o.a.d.s.m.c.IdSlotBasedCommandFetcher:[67] - Fetch commands: 0 success, cost: 0ms, totalSlot: 1, currentSlotIndex: 0
[INFO] 2025-10-13 11:38:32.420 +0800 o.a.d.s.m.r.t.TaskGroupCoordinator:[187] - Success amend TaskGroupQueue status cost: 0/ms
[INFO] 2025-10-13 11:38:32.420 +0800 o.a.d.s.m.r.t.TaskGroupCoordinator:[241] - Success deal with force start TaskGroupQueue cost: 0/ms
[INFO] 2025-10-13 11:38:32.420 +0800 o.a.d.s.m.r.t.TaskGroupCoordinator:[129] - TaskGroupCoordinator round time cost: 0/ms
[INFO] 2025-10-13 11:38:32.990 +0800 o.a.d.s.m.c.IdSlotBasedCommandFetcher:[67] - Fetch commands: 0 success, cost: 0ms, totalSlot: 1, currentSlotIndex: 0
[INFO] 2025-10-13 11:38:34.162 +0800 o.a.d.s.m.c.IdSlotBasedCommandFetcher:[67] - Fetch commands: 0 success, cost: 0ms, totalSlot: 1, currentSlotIndex: 0
[INFO] 2025-10-13 11:38:35.164 +0800 o.a.d.s.m.c.IdSlotBasedCommandFetcher:[67] - Fetch commands: 0 success, cost: 0ms, totalSlot: 1, currentSlotIndex: 0
[INFO] 2025-10-13 11:38:36.166 +0800 o.a.d.s.m.c.IdSlotBasedCommandFetcher:[67] - Fetch commands: 0 success, cost: 0ms, totalSlot: 1, currentSlotIndex: 0
[INFO] 2025-10-13 11:38:37.166 +0800 o.a.d.s.m.c.IdSlotBasedCommandFetcher:[67] - Fetch commands: 0 success, cost: 0ms, totalSlot: 1, currentSlotIndex: 0
[INFO] 2025-10-13 11:38:37.440 +0800 o.a.d.s.m.r.t.TaskGroupCoordinator:[187] - Success amend TaskGroupQueue status cost: 0/ms
[INFO] 2025-10-13 11:38:37.442 +0800 o.a.d.s.m.r.t.TaskGroupCoordinator:[241] - Success deal with force start TaskGroupQueue cost: 0/ms
[INFO] 2025-10-13 11:38:37.442 +0800 o.a.d.s.m.r.t.TaskGroupCoordinator:[129] - TaskGroupCoordinator round time cost: 0/ms
[INFO] 2025-10-13 11:38:38.166 +0800 o.a.d.s.m.c.IdSlotBasedCommandFetcher:[67] - Fetch commands: 0 success, cost: 0ms, totalSlot: 1, currentSlotIndex: 0
[INFO] 2025-10-13 11:38:39.167 +0800 o.a.d.s.m.c.IdSlotBasedCommandFetcher:[67] - Fetch commands: 0 success, cost: 0ms, totalSlot: 1, currentSlotIndex: 0
[INFO] 2025-10-13 11:38:40.167 +0800 o.a.d.s.m.c.IdSlotBasedCommandFetcher:[67] - Fetch commands: 0 success, cost: 0ms, totalSlot: 1, currentSlotIndex: 0
[INFO] 2025-10-13 11:38:41.167 +0800 o.a.d.s.m.c.IdSlotBasedCommandFetcher:[67] - Fetch commands: 0 success, cost: 0ms, totalSlot: 1, currentSlotIndex: 0
[INFO] 2025-10-13 11:38:42.168 +0800 o.a.d.s.m.c.IdSlotBasedCommandFetcher:[67] - Fetch commands: 0 success, cost: 0ms, totalSlot: 1, currentSlotIndex: 0
[INFO] 2025-10-13 11:38:42.446 +0800 o.a.d.s.m.r.t.TaskGroupCoordinator:[187] - Success amend TaskGroupQueue status cost: 0/ms
[INFO] 2025-10-13 11:38:42.446 +0800 o.a.d.s.m.r.t.TaskGroupCoordinator:[241] - Success deal with force start TaskGroupQueue cost: 0/ms
[INFO] 2025-10-13 11:38:42.446 +0800 o.a.d.s.m.r.t.TaskGroupCoordinator:[129] - TaskGroupCoordinator round time cost: 0/ms
[INFO] 2025-10-13 11:38:43.168 +0800 o.a.d.s.m.c.IdSlotBasedCommandFetcher:[67] - Fetch commands: 0 success, cost: 0ms, totalSlot: 1, currentSlotIndex: 0
[INFO] 2025-10-13 11:38:44.169 +0800 o.a.d.s.m.c.IdSlotBasedCommandFetcher:[67] - Fetch commands: 0 success, cost: 0ms, totalSlot: 1, currentSlotIndex: 0
[INFO] 2025-10-13 11:38:45.169 +0800 o.a.d.s.m.c.IdSlotBasedCommandFetcher:[67] - Fetch commands: 0 success, cost: 0ms, totalSlot: 1, currentSlotIndex: 0
[INFO] 2025-10-13 11:38:46.169 +0800 o.a.d.s.m.c.IdSlotBasedCommandFetcher:[67] - Fetch commands: 0 success, cost: 0ms, totalSlot: 1, currentSlotIndex: 0
[INFO] 2025-10-13 11:38:47.170 +0800 o.a.d.s.m.c.IdSlotBasedCommandFetcher:[67] - Fetch commands: 0 success, cost: 0ms, totalSlot: 1, currentSlotIndex: 0
[INFO] 2025-10-13 11:38:47.551 +0800 o.a.d.s.m.r.t.TaskGroupCoordinator:[187] - Success amend TaskGroupQueue status cost: 0/ms
[INFO] 2025-10-13 11:38:47.552 +0800 o.a.d.s.m.r.t.TaskGroupCoordinator:[241] - Success deal with force start TaskGroupQueue cost: 0/ms
[INFO] 2025-10-13 11:38:47.552 +0800 o.a.d.s.m.r.t.TaskGroupCoordinator:[129] - TaskGroupCoordinator round time cost: 0/ms
[INFO] 2025-10-13 11:38:48.376 +0800 o.a.d.s.m.c.IdSlotBasedCommandFetcher:[67] - Fetch commands: 0 success, cost: 0ms, totalSlot: 1, currentSlotIndex: 0
[INFO] 2025-10-13 11:38:49.376 +0800 o.a.d.s.m.c.IdSlotBasedCommandFetcher:[67] - Fetch commands: 0 success, cost: 0ms, totalSlot: 1, currentSlotIndex: 0
[INFO] 2025-10-13 11:38:50.386 +0800 o.a.d.s.m.c.IdSlotBasedCommandFetcher:[67] - Fetch commands: 0 success, cost: 0ms, totalSlot: 1, currentSlotIndex: 0
[INFO] 2025-10-13 11:38:51.387 +0800 o.a.d.s.m.c.IdSlotBasedCommandFetcher:[67] - Fetch commands: 0 success, cost: 0ms, totalSlot: 1, currentSlotIndex: 0
[INFO] 2025-10-13 11:38:52.402 +0800 o.a.d.s.m.c.IdSlotBasedCommandFetcher:[67] - Fetch commands: 0 success, cost: 0ms, totalSlot: 1, currentSlotIndex: 0
[INFO] 2025-10-13 11:38:52.558 +0800 o.a.d.s.m.r.t.TaskGroupCoordinator:[187] - Success amend TaskGroupQueue status cost: 0/ms
[INFO] 2025-10-13 11:38:52.558 +0800 o.a.d.s.m.r.t.TaskGroupCoordinator:[241] - Success deal with force start TaskGroupQueue cost: 0/ms
[INFO] 2025-10-13 11:38:52.558 +0800 o.a.d.s.m.r.t.TaskGroupCoordinator:[129] - TaskGroupCoordinator round time cost: 0/ms
[INFO] 2025-10-13 11:38:53.403 +0800 o.a.d.s.m.c.IdSlotBasedCommandFetcher:[67] - Fetch commands: 0 success, cost: 0ms, totalSlot: 1, currentSlotIndex: 0
[INFO] 2025-10-13 11:38:54.414 +0800 o.a.d.s.m.c.IdSlotBasedCommandFetcher:[67] - Fetch commands: 0 success, cost: 0ms, totalSlot: 1, currentSlotIndex: 0
[INFO] 2025-10-13 11:38:55.414 +0800 o.a.d.s.m.c.IdSlotBasedCommandFetcher:[67] - Fetch commands: 0 success, cost: 0ms, totalSlot: 1, currentSlotIndex: 0
[INFO] 2025-10-13 11:38:56.415 +0800 o.a.d.s.m.c.IdSlotBasedCommandFetcher:[67] - Fetch commands: 0 success, cost: 0ms, totalSlot: 1, currentSlotIndex: 0
[INFO] 2025-10-13 11:38:57.416 +0800 o.a.d.s.m.c.IdSlotBasedCommandFetcher:[67] - Fetch commands: 0 success, cost: 0ms, totalSlot: 1, currentSlotIndex: 0
[INFO] 2025-10-13 11:38:57.563 +0800 o.a.d.s.m.r.t.TaskGroupCoordinator:[187] - Success amend TaskGroupQueue status cost: 0/ms
[INFO] 2025-10-13 11:38:57.563 +0800 o.a.d.s.m.r.t.TaskGroupCoordinator:[241] - Success deal with force start TaskGroupQueue cost: 0/ms
[INFO] 2025-10-13 11:38:57.563 +0800 o.a.d.s.m.r.t.TaskGroupCoordinator:[129] - TaskGroupCoordinator round time cost: 0/ms
[INFO] 2025-10-13 11:38:58.417 +0800 o.a.d.s.m.c.IdSlotBasedCommandFetcher:[67] - Fetch commands: 0 success, cost: 0ms, totalSlot: 1, currentSlotIndex: 0
[INFO] 2025-10-13 11:38:59.417 +0800 o.a.d.s.m.c.IdSlotBasedCommandFetcher:[67] - Fetch commands: 0 success, cost: 0ms, totalSlot: 1, currentSlotIndex: 0
[INFO] 2025-10-13 11:39:00.418 +0800 o.a.d.s.m.c.IdSlotBasedCommandFetcher:[67] - Fetch commands: 0 success, cost: 0ms, totalSlot: 1, currentSlotIndex: 0
[INFO] 2025-10-13 11:39:01.419 +0800 o.a.d.s.m.c.IdSlotBasedCommandFetcher:[67] - Fetch commands: 0 success, cost: 0ms, totalSlot: 1, currentSlotIndex: 0
[INFO] 2025-10-13 11:39:02.568 +0800 o.a.d.s.m.r.t.TaskGroupCoordinator:[187] - Success amend TaskGroupQueue status cost: 0/ms
[INFO] 2025-10-13 11:39:02.569 +0800 o.a.d.s.m.r.t.TaskGroupCoordinator:[241] - Success deal with force start TaskGroupQueue cost: 0/ms
[INFO] 2025-10-13 11:39:02.569 +0800 o.a.d.s.m.r.t.TaskGroupCoordinator:[129] - TaskGroupCoordinator round time cost: 0/ms
[INFO] 2025-10-13 11:39:02.604 +0800 o.a.d.s.m.c.IdSlotBasedCommandFetcher:[67] - Fetch commands: 0 success, cost: 0ms, totalSlot: 1, currentSlotIndex: 0
[INFO] 2025-10-13 11:39:03.684 +0800 o.a.d.s.m.c.IdSlotBasedCommandFetcher:[67] - Fetch commands: 0 success, cost: 0ms, totalSlot: 1, currentSlotIndex: 0
[INFO] 2025-10-13 11:39:04.756 +0800 o.a.d.s.m.c.IdSlotBasedCommandFetcher:[67] - Fetch commands: 0 success, cost: 0ms, totalSlot: 1, currentSlotIndex: 0
[INFO] 2025-10-13 11:39:05.846 +0800 o.a.d.s.m.c.IdSlotBasedCommandFetcher:[67] - Fetch commands: 0 success, cost: 0ms, totalSlot: 1, currentSlotIndex: 0
[INFO] 2025-10-13 11:39:06.919 +0800 o.a.d.s.m.c.IdSlotBasedCommandFetcher:[67] - Fetch commands: 0 success, cost: 0ms, totalSlot: 1, currentSlotIndex: 0
[INFO] 2025-10-13 11:39:07.573 +0800 o.a.d.s.m.r.t.TaskGroupCoordinator:[187] - Success amend TaskGroupQueue status cost: 0/ms
[INFO] 2025-10-13 11:39:07.574 +0800 o.a.d.s.m.r.t.TaskGroupCoordinator:[241] - Success deal with force start TaskGroupQueue cost: 0/ms
[INFO] 2025-10-13 11:39:07.574 +0800 o.a.d.s.m.r.t.TaskGroupCoordinator:[129] - TaskGroupCoordinator round time cost: 0/ms
[INFO] 2025-10-13 11:39:07.993 +0800 o.a.d.s.m.c.IdSlotBasedCommandFetcher:[67] - Fetch commands: 0 success, cost: 0ms, totalSlot: 1, currentSlotIndex: 0
[INFO] 2025-10-13 11:39:09.065 +0800 o.a.d.s.m.c.IdSlotBasedCommandFetcher:[67] - Fetch commands: 0 success, cost: 0ms, totalSlot: 1, currentSlotIndex: 0
[INFO] 2025-10-13 11:39:10.133 +0800 o.a.d.s.m.c.IdSlotBasedCommandFetcher:[67] - Fetch commands: 0 success, cost: 0ms, totalSlot: 1, currentSlotIndex: 0
[INFO] 2025-10-13 11:39:11.202 +0800 o.a.d.s.m.c.IdSlotBasedCommandFetcher:[67] - Fetch commands: 0 success, cost: 0ms, totalSlot: 1, currentSlotIndex: 0
[INFO] 2025-10-13 11:39:12.272 +0800 o.a.d.s.m.c.IdSlotBasedCommandFetcher:[67] - Fetch commands: 0 success, cost: 0ms, totalSlot: 1, currentSlotIndex: 0
[INFO] 2025-10-13 11:39:12.578 +0800 o.a.d.s.m.r.t.TaskGroupCoordinator:[187] - Success amend TaskGroupQueue status cost: 0/ms
[INFO] 2025-10-13 11:39:12.579 +0800 o.a.d.s.m.r.t.TaskGroupCoordinator:[241] - Success deal with force start TaskGroupQueue cost: 0/ms
[INFO] 2025-10-13 11:39:12.579 +0800 o.a.d.s.m.r.t.TaskGroupCoordinator:[129] - TaskGroupCoordinator round time cost: 0/ms
[INFO] 2025-10-13 11:39:13.344 +0800 o.a.d.s.m.c.IdSlotBasedCommandFetcher:[67] - Fetch commands: 0 success, cost: 0ms, totalSlot: 1, currentSlotIndex: 0
[INFO] 2025-10-13 11:39:14.412 +0800 o.a.d.s.m.c.IdSlotBasedCommandFetcher:[67] - Fetch commands: 0 success, cost: 0ms, totalSlot: 1, currentSlotIndex: 0
[INFO] 2025-10-13 11:39:15.481 +0800 o.a.d.s.m.c.IdSlotBasedCommandFetcher:[67] - Fetch commands: 0 success, cost: 0ms, totalSlot: 1, currentSlotIndex: 0
[INFO] 2025-10-13 11:39:16.593 +0800 o.a.d.s.m.c.IdSlotBasedCommandFetcher:[67] - Fetch commands: 0 success, cost: 0ms, totalSlot: 1, currentSlotIndex: 0
[INFO] 2025-10-13 11:39:17.583 +0800 o.a.d.s.m.r.t.TaskGroupCoordinator:[187] - Success amend TaskGroupQueue status cost: 0/ms
[INFO] 2025-10-13 11:39:17.584 +0800 o.a.d.s.m.r.t.TaskGroupCoordinator:[241] - Success deal with force start TaskGroupQueue cost: 0/ms
[INFO] 2025-10-13 11:39:17.584 +0800 o.a.d.s.m.r.t.TaskGroupCoordinator:[129] - TaskGroupCoordinator round time cost: 0/ms
[INFO] 2025-10-13 11:39:17.595 +0800 o.a.d.s.m.c.IdSlotBasedCommandFetcher:[67] - Fetch commands: 0 success, cost: 0ms, totalSlot: 1, currentSlotIndex: 0
[INFO] 2025-10-13 11:39:18.606 +0800 o.a.d.s.m.c.IdSlotBasedCommandFetcher:[67] - Fetch commands: 0 success, cost: 0ms, totalSlot: 1, currentSlotIndex: 0
[INFO] 2025-10-13 11:39:19.607 +0800 o.a.d.s.m.c.IdSlotBasedCommandFetcher:[67] - Fetch commands: 0 success, cost: 0ms, totalSlot: 1, currentSlotIndex: 0
[INFO] 2025-10-13 11:39:20.607 +0800 o.a.d.s.m.c.IdSlotBasedCommandFetcher:[67] - Fetch commands: 0 success, cost: 0ms, totalSlot: 1, currentSlotIndex: 0
[INFO] 2025-10-13 11:39:21.618 +0800 o.a.d.s.m.c.IdSlotBasedCommandFetcher:[67] - Fetch commands: 0 success, cost: 0ms, totalSlot: 1, currentSlotIndex: 0
[INFO] 2025-10-13 11:39:22.600 +0800 o.a.d.s.m.r.t.TaskGroupCoordinator:[187] - Success amend TaskGroupQueue status cost: 0/ms
[INFO] 2025-10-13 11:39:22.601 +0800 o.a.d.s.m.r.t.TaskGroupCoordinator:[241] - Success deal with force start TaskGroupQueue cost: 0/ms
[INFO] 2025-10-13 11:39:22.601 +0800 o.a.d.s.m.r.t.TaskGroupCoordinator:[129] - TaskGroupCoordinator round time cost: 0/ms
[INFO] 2025-10-13 11:39:22.619 +0800 o.a.d.s.m.c.IdSlotBasedCommandFetcher:[67] - Fetch commands: 0 success, cost: 0ms, totalSlot: 1, currentSlotIndex: 0
[INFO] 2025-10-13 11:39:23.633 +0800 o.a.d.s.m.c.IdSlotBasedCommandFetcher:[67] - Fetch commands: 0 success, cost: 0ms, totalSlot: 1, currentSlotIndex: 0
[INFO] 2025-10-13 11:39:24.633 +0800 o.a.d.s.m.c.IdSlotBasedCommandFetcher:[67] - Fetch commands: 0 success, cost: 0ms, totalSlot: 1, currentSlotIndex: 0
[INFO] 2025-10-13 11:39:25.633 +0800 o.a.d.s.m.c.IdSlotBasedCommandFetcher:[67] - Fetch commands: 0 success, cost: 0ms, totalSlot: 1, currentSlotIndex: 0
[INFO] 2025-10-13 11:39:26.647 +0800 o.a.d.s.m.c.IdSlotBasedCommandFetcher:[67] - Fetch commands: 0 success, cost: 0ms, totalSlot: 1, currentSlotIndex: 0
[INFO] 2025-10-13 11:39:27.612 +0800 o.a.d.s.m.r.t.TaskGroupCoordinator:[187] - Success amend TaskGroupQueue status cost: 0/ms
[INFO] 2025-10-13 11:39:27.613 +0800 o.a.d.s.m.r.t.TaskGroupCoordinator:[241] - Success deal with force start TaskGroupQueue cost: 0/ms
[INFO] 2025-10-13 11:39:27.613 +0800 o.a.d.s.m.r.t.TaskGroupCoordinator:[129] - TaskGroupCoordinator round time cost: 0/ms
[INFO] 2025-10-13 11:39:27.648 +0800 o.a.d.s.m.c.IdSlotBasedCommandFetcher:[67] - Fetch commands: 0 success, cost: 0ms, totalSlot: 1, currentSlotIndex: 0
[INFO] 2025-10-13 11:39:28.648 +0800 o.a.d.s.m.c.IdSlotBasedCommandFetcher:[67] - Fetch commands: 0 success, cost: 0ms, totalSlot: 1, currentSlotIndex: 0
[INFO] 2025-10-13 11:39:29.784 +0800 o.a.d.s.m.c.IdSlotBasedCommandFetcher:[67] - Fetch commands: 0 success, cost: 0ms, totalSlot: 1, currentSlotIndex: 0
[INFO] 2025-10-13 11:39:30.942 +0800 o.a.d.s.m.c.IdSlotBasedCommandFetcher:[67] - Fetch commands: 0 success, cost: 0ms, totalSlot: 1, currentSlotIndex: 0
[INFO] 2025-10-13 11:39:31.942 +0800 o.a.d.s.m.c.IdSlotBasedCommandFetcher:[67] - Fetch commands: 0 success, cost: 0ms, totalSlot: 1, currentSlotIndex: 0
[INFO] 2025-10-13 11:39:32.617 +0800 o.a.d.s.m.r.t.TaskGroupCoordinator:[187] - Success amend TaskGroupQueue status cost: 0/ms
[INFO] 2025-10-13 11:39:32.618 +0800 o.a.d.s.m.r.t.TaskGroupCoordinator:[241] - Success deal with force start TaskGroupQueue cost: 0/ms
[INFO] 2025-10-13 11:39:32.618 +0800 o.a.d.s.m.r.t.TaskGroupCoordinator:[129] - TaskGroupCoordinator round time cost: 0/ms
[INFO] 2025-10-13 11:39:32.943 +0800 o.a.d.s.m.c.IdSlotBasedCommandFetcher:[67] - Fetch commands: 0 success, cost: 0ms, totalSlot: 1, currentSlotIndex: 0
[INFO] 2025-10-13 11:39:33.943 +0800 o.a.d.s.m.c.IdSlotBasedCommandFetcher:[67] - Fetch commands: 0 success, cost: 0ms, totalSlot: 1, currentSlotIndex: 0
[INFO] 2025-10-13 11:39:34.945 +0800 o.a.d.s.m.c.IdSlotBasedCommandFetcher:[67] - Fetch commands: 0 success, cost: 0ms, totalSlot: 1, currentSlotIndex: 0
[INFO] 2025-10-13 11:39:35.945 +0800 o.a.d.s.m.c.IdSlotBasedCommandFetcher:[67] - Fetch commands: 0 success, cost: 0ms, totalSlot: 1, currentSlotIndex: 0
[INFO] 2025-10-13 11:39:36.946 +0800 o.a.d.s.m.c.IdSlotBasedCommandFetcher:[67] - Fetch commands: 0 success, cost: 0ms, totalSlot: 1, currentSlotIndex: 0
[INFO] 2025-10-13 11:39:37.624 +0800 o.a.d.s.m.r.t.TaskGroupCoordinator:[187] - Success amend TaskGroupQueue status cost: 0/ms
[INFO] 2025-10-13 11:39:37.624 +0800 o.a.d.s.m.r.t.TaskGroupCoordinator:[241] - Success deal with force start TaskGroupQueue cost: 0/ms
[INFO] 2025-10-13 11:39:37.624 +0800 o.a.d.s.m.r.t.TaskGroupCoordinator:[129] - TaskGroupCoordinator round time cost: 0/ms
[INFO] 2025-10-13 11:39:37.947 +0800 o.a.d.s.m.c.IdSlotBasedCommandFetcher:[67] - Fetch commands: 0 success, cost: 0ms, totalSlot: 1, currentSlotIndex: 0
[INFO] 2025-10-13 11:39:38.947 +0800 o.a.d.s.m.c.IdSlotBasedCommandFetcher:[67] - Fetch commands: 0 success, cost: 0ms, totalSlot: 1, currentSlotIndex: 0
[INFO] 2025-10-13 11:39:39.954 +0800 o.a.d.s.m.c.IdSlotBasedCommandFetcher:[67] - Fetch commands: 0 success, cost: 0ms, totalSlot: 1, currentSlotIndex: 0
[INFO] 2025-10-13 11:39:40.954 +0800 o.a.d.s.m.c.IdSlotBasedCommandFetcher:[67] - Fetch commands: 0 success, cost: 0ms, totalSlot: 1, currentSlotIndex: 0
[INFO] 2025-10-13 11:39:41.956 +0800 o.a.d.s.m.c.IdSlotBasedCommandFetcher:[67] - Fetch commands: 0 success, cost: 0ms, totalSlot: 1, currentSlotIndex: 0
[INFO] 2025-10-13 11:39:42.634 +0800 o.a.d.s.m.r.t.TaskGroupCoordinator:[187] - Success amend TaskGroupQueue status cost: 0/ms
[INFO] 2025-10-13 11:39:42.634 +0800 o.a.d.s.m.r.t.TaskGroupCoordinator:[241] - Success deal with force start TaskGroupQueue cost: 0/ms
[INFO] 2025-10-13 11:39:42.634 +0800 o.a.d.s.m.r.t.TaskGroupCoordinator:[129] - TaskGroupCoordinator round time cost: 0/ms
[INFO] 2025-10-13 11:39:42.958 +0800 o.a.d.s.m.c.IdSlotBasedCommandFetcher:[67] - Fetch commands: 0 success, cost: 0ms, totalSlot: 1, currentSlotIndex: 0
[INFO] 2025-10-13 11:39:44.120 +0800 o.a.d.s.m.c.IdSlotBasedCommandFetcher:[67] - Fetch commands: 0 success, cost: 0ms, totalSlot: 1, currentSlotIndex: 0
[INFO] 2025-10-13 11:39:45.120 +0800 o.a.d.s.m.c.IdSlotBasedCommandFetcher:[67] - Fetch commands: 0 success, cost: 0ms, totalSlot: 1, currentSlotIndex: 0
[INFO] 2025-10-13 11:39:46.121 +0800 o.a.d.s.m.c.IdSlotBasedCommandFetcher:[67] - Fetch commands: 0 success, cost: 0ms, totalSlot: 1, currentSlotIndex: 0
[INFO] 2025-10-13 11:39:47.122 +0800 o.a.d.s.m.c.IdSlotBasedCommandFetcher:[67] - Fetch commands: 0 success, cost: 0ms, totalSlot: 1, currentSlotIndex: 0
[INFO] 2025-10-13 11:39:47.640 +0800 o.a.d.s.m.r.t.TaskGroupCoordinator:[187] - Success amend TaskGroupQueue status cost: 0/ms
[INFO] 2025-10-13 11:39:47.640 +0800 o.a.d.s.m.r.t.TaskGroupCoordinator:[241] - Success deal with force start TaskGroupQueue cost: 0/ms
[INFO] 2025-10-13 11:39:47.640 +0800 o.a.d.s.m.r.t.TaskGroupCoordinator:[129] - TaskGroupCoordinator round time cost: 0/ms
[INFO] 2025-10-13 11:39:48.122 +0800 o.a.d.s.m.c.IdSlotBasedCommandFetcher:[67] - Fetch commands: 0 success, cost: 0ms, totalSlot: 1, currentSlotIndex: 0
[INFO] 2025-10-13 11:39:49.122 +0800 o.a.d.s.m.c.IdSlotBasedCommandFetcher:[67] - Fetch commands: 0 success, cost: 0ms, totalSlot: 1, currentSlotIndex: 0
[INFO] 2025-10-13 11:39:50.123 +0800 o.a.d.s.m.c.IdSlotBasedCommandFetcher:[67] - Fetch commands: 0 success, cost: 0ms, totalSlot: 1, currentSlotIndex: 0
[INFO] 2025-10-13 11:39:51.123 +0800 o.a.d.s.m.c.IdSlotBasedCommandFetcher:[67] - Fetch commands: 0 success, cost: 0ms, totalSlot: 1, currentSlotIndex: 0
[INFO] 2025-10-13 11:39:52.124 +0800 o.a.d.s.m.c.IdSlotBasedCommandFetcher:[67] - Fetch commands: 0 success, cost: 0ms, totalSlot: 1, currentSlotIndex: 0
[INFO] 2025-10-13 11:39:52.645 +0800 o.a.d.s.m.r.t.TaskGroupCoordinator:[187] - Success amend TaskGroupQueue status cost: 0/ms
[INFO] 2025-10-13 11:39:52.645 +0800 o.a.d.s.m.r.t.TaskGroupCoordinator:[241] - Success deal with force start TaskGroupQueue cost: 0/ms
[INFO] 2025-10-13 11:39:52.645 +0800 o.a.d.s.m.r.t.TaskGroupCoordinator:[129] - TaskGroupCoordinator round time cost: 0/ms
[INFO] 2025-10-13 11:39:53.124 +0800 o.a.d.s.m.c.IdSlotBasedCommandFetcher:[67] - Fetch commands: 0 success, cost: 0ms, totalSlot: 1, currentSlotIndex: 0
[INFO] 2025-10-13 11:39:54.126 +0800 o.a.d.s.m.c.IdSlotBasedCommandFetcher:[67] - Fetch commands: 0 success, cost: 0ms, totalSlot: 1, currentSlotIndex: 0
[INFO] 2025-10-13 11:39:55.126 +0800 o.a.d.s.m.c.IdSlotBasedCommandFetcher:[67] - Fetch commands: 0 success, cost: 0ms, totalSlot: 1, currentSlotIndex: 0
[INFO] 2025-10-13 11:39:56.126 +0800 o.a.d.s.m.c.IdSlotBasedCommandFetcher:[67] - Fetch commands: 0 success, cost: 0ms, totalSlot: 1, currentSlotIndex: 0
[INFO] 2025-10-13 11:39:57.213 +0800 o.a.d.s.m.c.IdSlotBasedCommandFetcher:[67] - Fetch commands: 0 success, cost: 0ms, totalSlot: 1, currentSlotIndex: 0
[INFO] 2025-10-13 11:39:57.652 +0800 o.a.d.s.m.r.t.TaskGroupCoordinator:[187] - Success amend TaskGroupQueue status cost: 0/ms
[INFO] 2025-10-13 11:39:57.652 +0800 o.a.d.s.m.r.t.TaskGroupCoordinator:[241] - Success deal with force start TaskGroupQueue cost: 0/ms
[INFO] 2025-10-13 11:39:57.652 +0800 o.a.d.s.m.r.t.TaskGroupCoordinator:[129] - TaskGroupCoordinator round time cost: 0/ms
[INFO] 2025-10-13 11:39:58.285 +0800 o.a.d.s.m.c.IdSlotBasedCommandFetcher:[67] - Fetch commands: 0 success, cost: 0ms, totalSlot: 1, currentSlotIndex: 0
[INFO] 2025-10-13 11:39:59.357 +0800 o.a.d.s.m.c.IdSlotBasedCommandFetcher:[67] - Fetch commands: 0 success, cost: 0ms, totalSlot: 1, currentSlotIndex: 0
[INFO] 2025-10-13 11:40:00.433 +0800 o.a.d.s.m.c.IdSlotBasedCommandFetcher:[67] - Fetch commands: 0 success, cost: 1ms, totalSlot: 1, currentSlotIndex: 0
[INFO] 2025-10-13 11:40:01.506 +0800 o.a.d.s.m.c.IdSlotBasedCommandFetcher:[67] - Fetch commands: 0 success, cost: 0ms, totalSlot: 1, currentSlotIndex: 0
[INFO] 2025-10-13 11:40:02.581 +0800 o.a.d.s.m.c.IdSlotBasedCommandFetcher:[67] - Fetch commands: 0 success, cost: 0ms, totalSlot: 1, currentSlotIndex: 0
[INFO] 2025-10-13 11:40:02.659 +0800 o.a.d.s.m.r.t.TaskGroupCoordinator:[187] - Success amend TaskGroupQueue status cost: 0/ms
[INFO] 2025-10-13 11:40:02.660 +0800 o.a.d.s.m.r.t.TaskGroupCoordinator:[241] - Success deal with force start TaskGroupQueue cost: 0/ms
[INFO] 2025-10-13 11:40:02.660 +0800 o.a.d.s.m.r.t.TaskGroupCoordinator:[129] - TaskGroupCoordinator round time cost: 0/ms
[INFO] 2025-10-13 11:40:03.664 +0800 o.a.d.s.m.c.IdSlotBasedCommandFetcher:[67] - Fetch commands: 0 success, cost: 0ms, totalSlot: 1, currentSlotIndex: 0
[INFO] 2025-10-13 11:40:04.737 +0800 o.a.d.s.m.c.IdSlotBasedCommandFetcher:[67] - Fetch commands: 0 success, cost: 0ms, totalSlot: 1, currentSlotIndex: 0
[INFO] 2025-10-13 11:40:05.808 +0800 o.a.d.s.m.c.IdSlotBasedCommandFetcher:[67] - Fetch commands: 0 success, cost: 0ms, totalSlot: 1, currentSlotIndex: 0
[INFO] 2025-10-13 11:40:06.883 +0800 o.a.d.s.m.c.IdSlotBasedCommandFetcher:[67] - Fetch commands: 0 success, cost: 0ms, totalSlot: 1, currentSlotIndex: 0
[INFO] 2025-10-13 11:40:07.667 +0800 o.a.d.s.m.r.t.TaskGroupCoordinator:[187] - Success amend TaskGroupQueue status cost: 0/ms
[INFO] 2025-10-13 11:40:07.668 +0800 o.a.d.s.m.r.t.TaskGroupCoordinator:[241] - Success deal with force start TaskGroupQueue cost: 0/ms
[INFO] 2025-10-13 11:40:07.668 +0800 o.a.d.s.m.r.t.TaskGroupCoordinator:[129] - TaskGroupCoordinator round time cost: 0/ms
[INFO] 2025-10-13 11:40:07.953 +0800 o.a.d.s.m.c.IdSlotBasedCommandFetcher:[67] - Fetch commands: 0 success, cost: 0ms, totalSlot: 1, currentSlotIndex: 0
[INFO] 2025-10-13 11:40:09.024 +0800 o.a.d.s.m.c.IdSlotBasedCommandFetcher:[67] - Fetch commands: 0 success, cost: 0ms, totalSlot: 1, currentSlotIndex: 0
[INFO] 2025-10-13 11:40:10.097 +0800 o.a.d.s.m.c.IdSlotBasedCommandFetcher:[67] - Fetch commands: 0 success, cost: 0ms, totalSlot: 1, currentSlotIndex: 0
[INFO] 2025-10-13 11:40:11.098 +0800 o.a.d.s.m.c.IdSlotBasedCommandFetcher:[67] - Fetch commands: 0 success, cost: 0ms, totalSlot: 1, currentSlotIndex: 0
[INFO] 2025-10-13 11:40:12.099 +0800 o.a.d.s.m.c.IdSlotBasedCommandFetcher:[67] - Fetch commands: 0 success, cost: 0ms, totalSlot: 1, currentSlotIndex: 0
[INFO] 2025-10-13 11:40:12.671 +0800 o.a.d.s.m.r.t.TaskGroupCoordinator:[187] - Success amend TaskGroupQueue status cost: 0/ms
[INFO] 2025-10-13 11:40:12.671 +0800 o.a.d.s.m.r.t.TaskGroupCoordinator:[241] - Success deal with force start TaskGroupQueue cost: 0/ms
[INFO] 2025-10-13 11:40:12.671 +0800 o.a.d.s.m.r.t.TaskGroupCoordinator:[129] - TaskGroupCoordinator round time cost: 0/ms
[INFO] 2025-10-13 11:40:13.100 +0800 o.a.d.s.m.c.IdSlotBasedCommandFetcher:[67] - Fetch commands: 0 success, cost: 0ms, totalSlot: 1, currentSlotIndex: 0
[INFO] 2025-10-13 11:40:14.100 +0800 o.a.d.s.m.c.IdSlotBasedCommandFetcher:[67] - Fetch commands: 0 success, cost: 0ms, totalSlot: 1, currentSlotIndex: 0
[INFO] 2025-10-13 11:40:15.100 +0800 o.a.d.s.m.c.IdSlotBasedCommandFetcher:[67] - Fetch commands: 0 success, cost: 0ms, totalSlot: 1, currentSlotIndex: 0
[INFO] 2025-10-13 11:40:16.101 +0800 o.a.d.s.m.c.IdSlotBasedCommandFetcher:[67] - Fetch commands: 0 success, cost: 0ms, totalSlot: 1, currentSlotIndex: 0
[INFO] 2025-10-13 11:40:17.101 +0800 o.a.d.s.m.c.IdSlotBasedCommandFetcher:[67] - Fetch commands: 0 success, cost: 0ms, totalSlot: 1, currentSlotIndex: 0
[INFO] 2025-10-13 11:40:17.676 +0800 o.a.d.s.m.r.t.TaskGroupCoordinator:[187] - Success amend TaskGroupQueue status cost: 0/ms
[INFO] 2025-10-13 11:40:17.676 +0800 o.a.d.s.m.r.t.TaskGroupCoordinator:[241] - Success deal with force start TaskGroupQueue cost: 0/ms
[INFO] 2025-10-13 11:40:17.676 +0800 o.a.d.s.m.r.t.TaskGroupCoordinator:[129] - TaskGroupCoordinator round time cost: 0/ms
[INFO] 2025-10-13 11:40:18.101 +0800 o.a.d.s.m.c.IdSlotBasedCommandFetcher:[67] - Fetch commands: 0 success, cost: 0ms, totalSlot: 1, currentSlotIndex: 0
[INFO] 2025-10-13 11:40:19.101 +0800 o.a.d.s.m.c.IdSlotBasedCommandFetcher:[67] - Fetch commands: 0 success, cost: 0ms, totalSlot: 1, currentSlotIndex: 0
[INFO] 2025-10-13 11:40:20.101 +0800 o.a.d.s.m.c.IdSlotBasedCommandFetcher:[67] - Fetch commands: 0 success, cost: 0ms, totalSlot: 1, currentSlotIndex: 0
[INFO] 2025-10-13 11:40:21.102 +0800 o.a.d.s.m.c.IdSlotBasedCommandFetcher:[67] - Fetch commands: 0 success, cost: 0ms, totalSlot: 1, currentSlotIndex: 0
[INFO] 2025-10-13 11:40:22.102 +0800 o.a.d.s.m.c.IdSlotBasedCommandFetcher:[67] - Fetch commands: 0 success, cost: 0ms, totalSlot: 1, currentSlotIndex: 0
[INFO] 2025-10-13 11:40:22.682 +0800 o.a.d.s.m.r.t.TaskGroupCoordinator:[187] - Success amend TaskGroupQueue status cost: 0/ms
[INFO] 2025-10-13 11:40:22.683 +0800 o.a.d.s.m.r.t.TaskGroupCoordinator:[241] - Success deal with force start TaskGroupQueue cost: 0/ms
[INFO] 2025-10-13 11:40:22.683 +0800 o.a.d.s.m.r.t.TaskGroupCoordinator:[129] - TaskGroupCoordinator round time cost: 0/ms
[INFO] 2025-10-13 11:40:23.103 +0800 o.a.d.s.m.c.IdSlotBasedCommandFetcher:[67] - Fetch commands: 0 success, cost: 0ms, totalSlot: 1, currentSlotIndex: 0
[INFO] 2025-10-13 11:40:24.269 +0800 o.a.d.s.m.c.IdSlotBasedCommandFetcher:[67] - Fetch commands: 0 success, cost: 0ms, totalSlot: 1, currentSlotIndex: 0
[INFO] 2025-10-13 11:40:25.270 +0800 o.a.d.s.m.c.IdSlotBasedCommandFetcher:[67] - Fetch commands: 0 success, cost: 0ms, totalSlot: 1, currentSlotIndex: 0
[INFO] 2025-10-13 11:40:26.270 +0800 o.a.d.s.m.c.IdSlotBasedCommandFetcher:[67] - Fetch commands: 0 success, cost: 0ms, totalSlot: 1, currentSlotIndex: 0
[INFO] 2025-10-13 11:40:27.270 +0800 o.a.d.s.m.c.IdSlotBasedCommandFetcher:[67] - Fetch commands: 0 success, cost: 0ms, totalSlot: 1, currentSlotIndex: 0
[INFO] 2025-10-13 11:40:27.688 +0800 o.a.d.s.m.r.t.TaskGroupCoordinator:[187] - Success amend TaskGroupQueue status cost: 0/ms
[INFO] 2025-10-13 11:40:27.688 +0800 o.a.d.s.m.r.t.TaskGroupCoordinator:[241] - Success deal with force start TaskGroupQueue cost: 0/ms
[INFO] 2025-10-13 11:40:27.688 +0800 o.a.d.s.m.r.t.TaskGroupCoordinator:[129] - TaskGroupCoordinator round time cost: 0/ms
[INFO] 2025-10-13 11:40:28.271 +0800 o.a.d.s.m.c.IdSlotBasedCommandFetcher:[67] - Fetch commands: 0 success, cost: 0ms, totalSlot: 1, currentSlotIndex: 0
[INFO] 2025-10-13 11:40:29.271 +0800 o.a.d.s.m.c.IdSlotBasedCommandFetcher:[67] - Fetch commands: 0 success, cost: 0ms, totalSlot: 1, currentSlotIndex: 0
[INFO] 2025-10-13 11:40:30.272 +0800 o.a.d.s.m.c.IdSlotBasedCommandFetcher:[67] - Fetch commands: 0 success, cost: 0ms, totalSlot: 1, currentSlotIndex: 0
[INFO] 2025-10-13 11:40:31.272 +0800 o.a.d.s.m.c.IdSlotBasedCommandFetcher:[67] - Fetch commands: 0 success, cost: 0ms, totalSlot: 1, currentSlotIndex: 0
[INFO] 2025-10-13 11:40:32.273 +0800 o.a.d.s.m.c.IdSlotBasedCommandFetcher:[67] - Fetch commands: 0 success, cost: 0ms, totalSlot: 1, currentSlotIndex: 0
[INFO] 2025-10-13 11:40:32.693 +0800 o.a.d.s.m.r.t.TaskGroupCoordinator:[187] - Success amend TaskGroupQueue status cost: 0/ms
[INFO] 2025-10-13 11:40:32.694 +0800 o.a.d.s.m.r.t.TaskGroupCoordinator:[241] - Success deal with force start TaskGroupQueue cost: 0/ms
[INFO] 2025-10-13 11:40:32.694 +0800 o.a.d.s.m.r.t.TaskGroupCoordinator:[129] - TaskGroupCoordinator round time cost: 0/ms
[INFO] 2025-10-13 11:40:33.273 +0800 o.a.d.s.m.c.IdSlotBasedCommandFetcher:[67] - Fetch commands: 0 success, cost: 0ms, totalSlot: 1, currentSlotIndex: 0
[INFO] 2025-10-13 11:40:34.273 +0800 o.a.d.s.m.c.IdSlotBasedCommandFetcher:[67] - Fetch commands: 0 success, cost: 0ms, totalSlot: 1, currentSlotIndex: 0
[INFO] 2025-10-13 11:40:35.275 +0800 o.a.d.s.m.c.IdSlotBasedCommandFetcher:[67] - Fetch commands: 0 success, cost: 0ms, totalSlot: 1, currentSlotIndex: 0
[INFO] 2025-10-13 11:40:36.275 +0800 o.a.d.s.m.c.IdSlotBasedCommandFetcher:[67] - Fetch commands: 0 success, cost: 0ms, totalSlot: 1, currentSlotIndex: 0
[INFO] 2025-10-13 11:40:37.429 +0800 o.a.d.s.m.c.IdSlotBasedCommandFetcher:[67] - Fetch commands: 0 success, cost: 0ms, totalSlot: 1, currentSlotIndex: 0
[INFO] 2025-10-13 11:40:37.699 +0800 o.a.d.s.m.r.t.TaskGroupCoordinator:[187] - Success amend TaskGroupQueue status cost: 0/ms
[INFO] 2025-10-13 11:40:37.700 +0800 o.a.d.s.m.r.t.TaskGroupCoordinator:[241] - Success deal with force start TaskGroupQueue cost: 0/ms
[INFO] 2025-10-13 11:40:37.700 +0800 o.a.d.s.m.r.t.TaskGroupCoordinator:[129] - TaskGroupCoordinator round time cost: 1/ms
[INFO] 2025-10-13 11:40:38.511 +0800 o.a.d.s.m.c.IdSlotBasedCommandFetcher:[67] - Fetch commands: 0 success, cost: 0ms, totalSlot: 1, currentSlotIndex: 0
[INFO] 2025-10-13 11:40:39.593 +0800 o.a.d.s.m.c.IdSlotBasedCommandFetcher:[67] - Fetch commands: 0 success, cost: 0ms, totalSlot: 1, currentSlotIndex: 0
[INFO] 2025-10-13 11:40:40.669 +0800 o.a.d.s.m.c.IdSlotBasedCommandFetcher:[67] - Fetch commands: 0 success, cost: 0ms, totalSlot: 1, currentSlotIndex: 0
[INFO] 2025-10-13 11:40:41.736 +0800 o.a.d.s.m.c.IdSlotBasedCommandFetcher:[67] - Fetch commands: 0 success, cost: 0ms, totalSlot: 1, currentSlotIndex: 0
[INFO] 2025-10-13 11:40:42.724 +0800 o.a.d.s.m.r.t.TaskGroupCoordinator:[187] - Success amend TaskGroupQueue status cost: 0/ms
[INFO] 2025-10-13 11:40:42.724 +0800 o.a.d.s.m.r.t.TaskGroupCoordinator:[241] - Success deal with force start TaskGroupQueue cost: 0/ms
[INFO] 2025-10-13 11:40:42.724 +0800 o.a.d.s.m.r.t.TaskGroupCoordinator:[129] - TaskGroupCoordinator round time cost: 0/ms
[INFO] 2025-10-13 11:40:42.822 +0800 o.a.d.s.m.c.IdSlotBasedCommandFetcher:[67] - Fetch commands: 0 success, cost: 0ms, totalSlot: 1, currentSlotIndex: 0
[INFO] 2025-10-13 11:40:43.885 +0800 o.a.d.s.m.c.IdSlotBasedCommandFetcher:[67] - Fetch commands: 0 success, cost: 0ms, totalSlot: 1, currentSlotIndex: 0
[INFO] 2025-10-13 11:40:44.954 +0800 o.a.d.s.m.c.IdSlotBasedCommandFetcher:[67] - Fetch commands: 0 success, cost: 0ms, totalSlot: 1, currentSlotIndex: 0
[INFO] 2025-10-13 11:40:46.029 +0800 o.a.d.s.m.c.IdSlotBasedCommandFetcher:[67] - Fetch commands: 0 success, cost: 0ms, totalSlot: 1, currentSlotIndex: 0
[INFO] 2025-10-13 11:40:47.105 +0800 o.a.d.s.m.c.IdSlotBasedCommandFetcher:[67] - Fetch commands: 0 success, cost: 0ms, totalSlot: 1, currentSlotIndex: 0
[INFO] 2025-10-13 11:40:47.729 +0800 o.a.d.s.m.r.t.TaskGroupCoordinator:[187] - Success amend TaskGroupQueue status cost: 0/ms
[INFO] 2025-10-13 11:40:47.730 +0800 o.a.d.s.m.r.t.TaskGroupCoordinator:[241] - Success deal with force start TaskGroupQueue cost: 0/ms
[INFO] 2025-10-13 11:40:47.730 +0800 o.a.d.s.m.r.t.TaskGroupCoordinator:[129] - TaskGroupCoordinator round time cost: 0/ms
[INFO] 2025-10-13 11:40:48.171 +0800 o.a.d.s.m.c.IdSlotBasedCommandFetcher:[67] - Fetch commands: 0 success, cost: 0ms, totalSlot: 1, currentSlotIndex: 0
[INFO] 2025-10-13 11:40:49.248 +0800 o.a.d.s.m.c.IdSlotBasedCommandFetcher:[67] - Fetch commands: 0 success, cost: 0ms, totalSlot: 1, currentSlotIndex: 0
[INFO] 2025-10-13 11:40:50.325 +0800 o.a.d.s.m.c.IdSlotBasedCommandFetcher:[67] - Fetch commands: 0 success, cost: 0ms, totalSlot: 1, currentSlotIndex: 0
[INFO] 2025-10-13 11:40:51.326 +0800 o.a.d.s.m.c.IdSlotBasedCommandFetcher:[67] - Fetch commands: 0 success, cost: 0ms, totalSlot: 1, currentSlotIndex: 0
[INFO] 2025-10-13 11:40:52.326 +0800 o.a.d.s.m.c.IdSlotBasedCommandFetcher:[67] - Fetch commands: 0 success, cost: 0ms, totalSlot: 1, currentSlotIndex: 0
[INFO] 2025-10-13 11:40:52.734 +0800 o.a.d.s.m.r.t.TaskGroupCoordinator:[187] - Success amend TaskGroupQueue status cost: 0/ms
[INFO] 2025-10-13 11:40:52.735 +0800 o.a.d.s.m.r.t.TaskGroupCoordinator:[241] - Success deal with force start TaskGroupQueue cost: 0/ms
[INFO] 2025-10-13 11:40:52.735 +0800 o.a.d.s.m.r.t.TaskGroupCoordinator:[129] - TaskGroupCoordinator round time cost: 0/ms
[INFO] 2025-10-13 11:40:53.327 +0800 o.a.d.s.m.c.IdSlotBasedCommandFetcher:[67] - Fetch commands: 0 success, cost: 0ms, totalSlot: 1, currentSlotIndex: 0
[INFO] 2025-10-13 11:40:54.328 +0800 o.a.d.s.m.c.IdSlotBasedCommandFetcher:[67] - Fetch commands: 0 success, cost: 0ms, totalSlot: 1, currentSlotIndex: 0
[INFO] 2025-10-13 11:40:55.328 +0800 o.a.d.s.m.c.IdSlotBasedCommandFetcher:[67] - Fetch commands: 0 success, cost: 0ms, totalSlot: 1, currentSlotIndex: 0
[INFO] 2025-10-13 11:40:56.329 +0800 o.a.d.s.m.c.IdSlotBasedCommandFetcher:[67] - Fetch commands: 0 success, cost: 0ms, totalSlot: 1, currentSlotIndex: 0
[INFO] 2025-10-13 11:40:57.330 +0800 o.a.d.s.m.c.IdSlotBasedCommandFetcher:[67] - Fetch commands: 0 success, cost: 0ms, totalSlot: 1, currentSlotIndex: 0
[INFO] 2025-10-13 11:40:57.740 +0800 o.a.d.s.m.r.t.TaskGroupCoordinator:[187] - Success amend TaskGroupQueue status cost: 0/ms
[INFO] 2025-10-13 11:40:57.740 +0800 o.a.d.s.m.r.t.TaskGroupCoordinator:[241] - Success deal with force start TaskGroupQueue cost: 0/ms
[INFO] 2025-10-13 11:40:57.740 +0800 o.a.d.s.m.r.t.TaskGroupCoordinator:[129] - TaskGroupCoordinator round time cost: 0/ms
[INFO] 2025-10-13 11:40:58.340 +0800 o.a.d.s.m.c.IdSlotBasedCommandFetcher:[67] - Fetch commands: 0 success, cost: 0ms, totalSlot: 1, currentSlotIndex: 0
[INFO] 2025-10-13 11:40:59.340 +0800 o.a.d.s.m.c.IdSlotBasedCommandFetcher:[67] - Fetch commands: 0 success, cost: 0ms, totalSlot: 1, currentSlotIndex: 0
[INFO] 2025-10-13 11:41:00.340 +0800 o.a.d.s.m.c.IdSlotBasedCommandFetcher:[67] - Fetch commands: 0 success, cost: 0ms, totalSlot: 1, currentSlotIndex: 0
[INFO] 2025-10-13 11:41:01.341 +0800 o.a.d.s.m.c.IdSlotBasedCommandFetcher:[67] - Fetch commands: 0 success, cost: 0ms, totalSlot: 1, currentSlotIndex: 0
[INFO] 2025-10-13 11:41:02.461 +0800 o.a.d.s.m.c.IdSlotBasedCommandFetcher:[67] - Fetch commands: 0 success, cost: 0ms, totalSlot: 1, currentSlotIndex: 0
[INFO] 2025-10-13 11:41:02.753 +0800 o.a.d.s.m.r.t.TaskGroupCoordinator:[187] - Success amend TaskGroupQueue status cost: 0/ms
[INFO] 2025-10-13 11:41:02.753 +0800 o.a.d.s.m.r.t.TaskGroupCoordinator:[241] - Success deal with force start TaskGroupQueue cost: 0/ms
[INFO] 2025-10-13 11:41:02.753 +0800 o.a.d.s.m.r.t.TaskGroupCoordinator:[129] - TaskGroupCoordinator round time cost: 0/ms
[INFO] 2025-10-13 11:41:03.533 +0800 o.a.d.s.m.c.IdSlotBasedCommandFetcher:[67] - Fetch commands: 0 success, cost: 0ms, totalSlot: 1, currentSlotIndex: 0
[INFO] 2025-10-13 11:41:04.658 +0800 o.a.d.s.m.c.IdSlotBasedCommandFetcher:[67] - Fetch commands: 0 success, cost: 1ms, totalSlot: 1, currentSlotIndex: 0
[INFO] 2025-10-13 11:41:05.664 +0800 o.a.d.s.m.c.IdSlotBasedCommandFetcher:[67] - Fetch commands: 0 success, cost: 0ms, totalSlot: 1, currentSlotIndex: 0
[INFO] 2025-10-13 11:41:06.665 +0800 o.a.d.s.m.c.IdSlotBasedCommandFetcher:[67] - Fetch commands: 0 success, cost: 0ms, totalSlot: 1, currentSlotIndex: 0
[INFO] 2025-10-13 11:41:07.666 +0800 o.a.d.s.m.c.IdSlotBasedCommandFetcher:[67] - Fetch commands: 0 success, cost: 0ms, totalSlot: 1, currentSlotIndex: 0
[INFO] 2025-10-13 11:41:07.759 +0800 o.a.d.s.m.r.t.TaskGroupCoordinator:[187] - Success amend TaskGroupQueue status cost: 0/ms
[INFO] 2025-10-13 11:41:07.759 +0800 o.a.d.s.m.r.t.TaskGroupCoordinator:[241] - Success deal with force start TaskGroupQueue cost: 0/ms
[INFO] 2025-10-13 11:41:07.759 +0800 o.a.d.s.m.r.t.TaskGroupCoordinator:[129] - TaskGroupCoordinator round time cost: 0/ms
[INFO] 2025-10-13 11:41:08.666 +0800 o.a.d.s.m.c.IdSlotBasedCommandFetcher:[67] - Fetch commands: 0 success, cost: 0ms, totalSlot: 1, currentSlotIndex: 0
[INFO] 2025-10-13 11:41:09.667 +0800 o.a.d.s.m.c.IdSlotBasedCommandFetcher:[67] - Fetch commands: 0 success, cost: 0ms, totalSlot: 1, currentSlotIndex: 0
[INFO] 2025-10-13 11:41:10.667 +0800 o.a.d.s.m.c.IdSlotBasedCommandFetcher:[67] - Fetch commands: 0 success, cost: 0ms, totalSlot: 1, currentSlotIndex: 0
[INFO] 2025-10-13 11:41:11.667 +0800 o.a.d.s.m.c.IdSlotBasedCommandFetcher:[67] - Fetch commands: 0 success, cost: 0ms, totalSlot: 1, currentSlotIndex: 0
[INFO] 2025-10-13 11:41:12.667 +0800 o.a.d.s.m.c.IdSlotBasedCommandFetcher:[67] - Fetch commands: 0 success, cost: 0ms, totalSlot: 1, currentSlotIndex: 0
[INFO] 2025-10-13 11:41:12.763 +0800 o.a.d.s.m.r.t.TaskGroupCoordinator:[187] - Success amend TaskGroupQueue status cost: 0/ms
[INFO] 2025-10-13 11:41:12.764 +0800 o.a.d.s.m.r.t.TaskGroupCoordinator:[241] - Success deal with force start TaskGroupQueue cost: 0/ms
[INFO] 2025-10-13 11:41:12.764 +0800 o.a.d.s.m.r.t.TaskGroupCoordinator:[129] - TaskGroupCoordinator round time cost: 0/ms
[INFO] 2025-10-13 11:41:13.668 +0800 o.a.d.s.m.c.IdSlotBasedCommandFetcher:[67] - Fetch commands: 0 success, cost: 0ms, totalSlot: 1, currentSlotIndex: 0
[INFO] 2025-10-13 11:41:14.668 +0800 o.a.d.s.m.c.IdSlotBasedCommandFetcher:[67] - Fetch commands: 0 success, cost: 0ms, totalSlot: 1, currentSlotIndex: 0
[INFO] 2025-10-13 11:41:15.669 +0800 o.a.d.s.m.c.IdSlotBasedCommandFetcher:[67] - Fetch commands: 0 success, cost: 0ms, totalSlot: 1, currentSlotIndex: 0
[INFO] 2025-10-13 11:41:16.744 +0800 o.a.d.s.m.c.IdSlotBasedCommandFetcher:[67] - Fetch commands: 0 success, cost: 1ms, totalSlot: 1, currentSlotIndex: 0
[INFO] 2025-10-13 11:41:17.768 +0800 o.a.d.s.m.r.t.TaskGroupCoordinator:[187] - Success amend TaskGroupQueue status cost: 0/ms
[INFO] 2025-10-13 11:41:17.769 +0800 o.a.d.s.m.r.t.TaskGroupCoordinator:[241] - Success deal with force start TaskGroupQueue cost: 0/ms
[INFO] 2025-10-13 11:41:17.769 +0800 o.a.d.s.m.r.t.TaskGroupCoordinator:[129] - TaskGroupCoordinator round time cost: 0/ms
[INFO] 2025-10-13 11:41:17.876 +0800 o.a.d.s.m.c.IdSlotBasedCommandFetcher:[67] - Fetch commands: 0 success, cost: 1ms, totalSlot: 1, currentSlotIndex: 0
[INFO] 2025-10-13 11:41:18.877 +0800 o.a.d.s.m.c.IdSlotBasedCommandFetcher:[67] - Fetch commands: 0 success, cost: 0ms, totalSlot: 1, currentSlotIndex: 0
[INFO] 2025-10-13 11:41:19.878 +0800 o.a.d.s.m.c.IdSlotBasedCommandFetcher:[67] - Fetch commands: 0 success, cost: 0ms, totalSlot: 1, currentSlotIndex: 0
[INFO] 2025-10-13 11:41:20.878 +0800 o.a.d.s.m.c.IdSlotBasedCommandFetcher:[67] - Fetch commands: 0 success, cost: 0ms, totalSlot: 1, currentSlotIndex: 0
[INFO] 2025-10-13 11:41:21.879 +0800 o.a.d.s.m.c.IdSlotBasedCommandFetcher:[67] - Fetch commands: 0 success, cost: 0ms, totalSlot: 1, currentSlotIndex: 0
[INFO] 2025-10-13 11:41:22.773 +0800 o.a.d.s.m.r.t.TaskGroupCoordinator:[187] - Success amend TaskGroupQueue status cost: 0/ms
[INFO] 2025-10-13 11:41:22.773 +0800 o.a.d.s.m.r.t.TaskGroupCoordinator:[241] - Success deal with force start TaskGroupQueue cost: 0/ms
[INFO] 2025-10-13 11:41:22.773 +0800 o.a.d.s.m.r.t.TaskGroupCoordinator:[129] - TaskGroupCoordinator round time cost: 0/ms
[INFO] 2025-10-13 11:41:22.879 +0800 o.a.d.s.m.c.IdSlotBasedCommandFetcher:[67] - Fetch commands: 0 success, cost: 0ms, totalSlot: 1, currentSlotIndex: 0
[INFO] 2025-10-13 11:41:23.879 +0800 o.a.d.s.m.c.IdSlotBasedCommandFetcher:[67] - Fetch commands: 0 success, cost: 0ms, totalSlot: 1, currentSlotIndex: 0
[INFO] 2025-10-13 11:41:24.880 +0800 o.a.d.s.m.c.IdSlotBasedCommandFetcher:[67] - Fetch commands: 0 success, cost: 0ms, totalSlot: 1, currentSlotIndex: 0
[INFO] 2025-10-13 11:41:25.880 +0800 o.a.d.s.m.c.IdSlotBasedCommandFetcher:[67] - Fetch commands: 0 success, cost: 0ms, totalSlot: 1, currentSlotIndex: 0
[INFO] 2025-10-13 11:41:26.880 +0800 o.a.d.s.m.c.IdSlotBasedCommandFetcher:[67] - Fetch commands: 0 success, cost: 0ms, totalSlot: 1, currentSlotIndex: 0
[INFO] 2025-10-13 11:41:27.778 +0800 o.a.d.s.m.r.t.TaskGroupCoordinator:[187] - Success amend TaskGroupQueue status cost: 0/ms
[INFO] 2025-10-13 11:41:27.778 +0800 o.a.d.s.m.r.t.TaskGroupCoordinator:[241] - Success deal with force start TaskGroupQueue cost: 0/ms
[INFO] 2025-10-13 11:41:27.778 +0800 o.a.d.s.m.r.t.TaskGroupCoordinator:[129] - TaskGroupCoordinator round time cost: 0/ms
[INFO] 2025-10-13 11:41:27.887 +0800 o.a.d.s.m.c.IdSlotBasedCommandFetcher:[67] - Fetch commands: 0 success, cost: 0ms, totalSlot: 1, currentSlotIndex: 0
[INFO] 2025-10-13 11:41:28.888 +0800 o.a.d.s.m.c.IdSlotBasedCommandFetcher:[67] - Fetch commands: 0 success, cost: 0ms, totalSlot: 1, currentSlotIndex: 0
[INFO] 2025-10-13 11:41:29.902 +0800 o.a.d.s.m.c.IdSlotBasedCommandFetcher:[67] - Fetch commands: 0 success, cost: 0ms, totalSlot: 1, currentSlotIndex: 0
[INFO] 2025-10-13 11:41:30.902 +0800 o.a.d.s.m.c.IdSlotBasedCommandFetcher:[67] - Fetch commands: 0 success, cost: 0ms, totalSlot: 1, currentSlotIndex: 0
[INFO] 2025-10-13 11:41:32.042 +0800 o.a.d.s.m.c.IdSlotBasedCommandFetcher:[67] - Fetch commands: 0 success, cost: 0ms, totalSlot: 1, currentSlotIndex: 0
[INFO] 2025-10-13 11:41:32.798 +0800 o.a.d.s.m.r.t.TaskGroupCoordinator:[187] - Success amend TaskGroupQueue status cost: 0/ms
[INFO] 2025-10-13 11:41:32.798 +0800 o.a.d.s.m.r.t.TaskGroupCoordinator:[241] - Success deal with force start TaskGroupQueue cost: 0/ms
[INFO] 2025-10-13 11:41:32.799 +0800 o.a.d.s.m.r.t.TaskGroupCoordinator:[129] - TaskGroupCoordinator round time cost: 0/ms
[INFO] 2025-10-13 11:41:33.113 +0800 o.a.d.s.m.c.IdSlotBasedCommandFetcher:[67] - Fetch commands: 0 success, cost: 0ms, totalSlot: 1, currentSlotIndex: 0
[INFO] 2025-10-13 11:41:34.190 +0800 o.a.d.s.m.c.IdSlotBasedCommandFetcher:[67] - Fetch commands: 0 success, cost: 0ms, totalSlot: 1, currentSlotIndex: 0
[INFO] 2025-10-13 11:41:35.258 +0800 o.a.d.s.m.c.IdSlotBasedCommandFetcher:[67] - Fetch commands: 0 success, cost: 0ms, totalSlot: 1, currentSlotIndex: 0
[INFO] 2025-10-13 11:41:36.335 +0800 o.a.d.s.m.c.IdSlotBasedCommandFetcher:[67] - Fetch commands: 0 success, cost: 1ms, totalSlot: 1, currentSlotIndex: 0
[INFO] 2025-10-13 11:41:37.400 +0800 o.a.d.s.m.c.IdSlotBasedCommandFetcher:[67] - Fetch commands: 0 success, cost: 0ms, totalSlot: 1, currentSlotIndex: 0
[INFO] 2025-10-13 11:41:37.806 +0800 o.a.d.s.m.r.t.TaskGroupCoordinator:[187] - Success amend TaskGroupQueue status cost: 0/ms
[INFO] 2025-10-13 11:41:37.806 +0800 o.a.d.s.m.r.t.TaskGroupCoordinator:[241] - Success deal with force start TaskGroupQueue cost: 0/ms
[INFO] 2025-10-13 11:41:37.806 +0800 o.a.d.s.m.r.t.TaskGroupCoordinator:[129] - TaskGroupCoordinator round time cost: 0/ms
[INFO] 2025-10-13 11:41:38.476 +0800 o.a.d.s.m.c.IdSlotBasedCommandFetcher:[67] - Fetch commands: 0 success, cost: 1ms, totalSlot: 1, currentSlotIndex: 0
[INFO] 2025-10-13 11:41:39.546 +0800 o.a.d.s.m.c.IdSlotBasedCommandFetcher:[67] - Fetch commands: 0 success, cost: 0ms, totalSlot: 1, currentSlotIndex: 0
[INFO] 2025-10-13 11:41:40.613 +0800 o.a.d.s.m.c.IdSlotBasedCommandFetcher:[67] - Fetch commands: 0 success, cost: 0ms, totalSlot: 1, currentSlotIndex: 0
[INFO] 2025-10-13 11:41:41.687 +0800 o.a.d.s.m.c.IdSlotBasedCommandFetcher:[67] - Fetch commands: 0 success, cost: 0ms, totalSlot: 1, currentSlotIndex: 0
[INFO] 2025-10-13 11:41:42.815 +0800 o.a.d.s.m.r.t.TaskGroupCoordinator:[187] - Success amend TaskGroupQueue status cost: 0/ms
[INFO] 2025-10-13 11:41:42.815 +0800 o.a.d.s.m.r.t.TaskGroupCoordinator:[241] - Success deal with force start TaskGroupQueue cost: 0/ms
[INFO] 2025-10-13 11:41:42.815 +0800 o.a.d.s.m.r.t.TaskGroupCoordinator:[129] - TaskGroupCoordinator round time cost: 0/ms
[INFO] 2025-10-13 11:41:42.841 +0800 o.a.d.s.m.c.IdSlotBasedCommandFetcher:[67] - Fetch commands: 0 success, cost: 0ms, totalSlot: 1, currentSlotIndex: 0
[INFO] 2025-10-13 11:41:43.842 +0800 o.a.d.s.m.c.IdSlotBasedCommandFetcher:[67] - Fetch commands: 0 success, cost: 0ms, totalSlot: 1, currentSlotIndex: 0
[INFO] 2025-10-13 11:41:44.843 +0800 o.a.d.s.m.c.IdSlotBasedCommandFetcher:[67] - Fetch commands: 0 success, cost: 0ms, totalSlot: 1, currentSlotIndex: 0
[INFO] 2025-10-13 11:41:45.843 +0800 o.a.d.s.m.c.IdSlotBasedCommandFetcher:[67] - Fetch commands: 0 success, cost: 0ms, totalSlot: 1, currentSlotIndex: 0
[INFO] 2025-10-13 11:41:46.843 +0800 o.a.d.s.m.c.IdSlotBasedCommandFetcher:[67] - Fetch commands: 0 success, cost: 0ms, totalSlot: 1, currentSlotIndex: 0
[INFO] 2025-10-13 11:41:47.820 +0800 o.a.d.s.m.r.t.TaskGroupCoordinator:[187] - Success amend TaskGroupQueue status cost: 0/ms
[INFO] 2025-10-13 11:41:47.820 +0800 o.a.d.s.m.r.t.TaskGroupCoordinator:[241] - Success deal with force start TaskGroupQueue cost: 0/ms
[INFO] 2025-10-13 11:41:47.820 +0800 o.a.d.s.m.r.t.TaskGroupCoordinator:[129] - TaskGroupCoordinator round time cost: 0/ms
[INFO] 2025-10-13 11:41:47.844 +0800 o.a.d.s.m.c.IdSlotBasedCommandFetcher:[67] - Fetch commands: 0 success, cost: 0ms, totalSlot: 1, currentSlotIndex: 0
[INFO] 2025-10-13 11:41:48.858 +0800 o.a.d.s.m.c.IdSlotBasedCommandFetcher:[67] - Fetch commands: 0 success, cost: 0ms, totalSlot: 1, currentSlotIndex: 0
[INFO] 2025-10-13 11:41:49.858 +0800 o.a.d.s.m.c.IdSlotBasedCommandFetcher:[67] - Fetch commands: 0 success, cost: 0ms, totalSlot: 1, currentSlotIndex: 0
[INFO] 2025-10-13 11:41:50.864 +0800 o.a.d.s.m.c.IdSlotBasedCommandFetcher:[67] - Fetch commands: 0 success, cost: 0ms, totalSlot: 1, currentSlotIndex: 0
[INFO] 2025-10-13 11:41:51.865 +0800 o.a.d.s.m.c.IdSlotBasedCommandFetcher:[67] - Fetch commands: 0 success, cost: 0ms, totalSlot: 1, currentSlotIndex: 0
[INFO] 2025-10-13 11:41:52.839 +0800 o.a.d.s.m.r.t.TaskGroupCoordinator:[187] - Success amend TaskGroupQueue status cost: 0/ms
[INFO] 2025-10-13 11:41:52.839 +0800 o.a.d.s.m.r.t.TaskGroupCoordinator:[241] - Success deal with force start TaskGroupQueue cost: 0/ms
[INFO] 2025-10-13 11:41:52.839 +0800 o.a.d.s.m.r.t.TaskGroupCoordinator:[129] - TaskGroupCoordinator round time cost: 0/ms
[INFO] 2025-10-13 11:41:52.867 +0800 o.a.d.s.m.c.IdSlotBasedCommandFetcher:[67] - Fetch commands: 0 success, cost: 0ms, totalSlot: 1, currentSlotIndex: 0
[INFO] 2025-10-13 11:41:53.868 +0800 o.a.d.s.m.c.IdSlotBasedCommandFetcher:[67] - Fetch commands: 0 success, cost: 0ms, totalSlot: 1, currentSlotIndex: 0
[INFO] 2025-10-13 11:41:54.883 +0800 o.a.d.s.m.c.IdSlotBasedCommandFetcher:[67] - Fetch commands: 0 success, cost: 0ms, totalSlot: 1, currentSlotIndex: 0
[INFO] 2025-10-13 11:41:56.047 +0800 o.a.d.s.m.c.IdSlotBasedCommandFetcher:[67] - Fetch commands: 0 success, cost: 0ms, totalSlot: 1, currentSlotIndex: 0
[INFO] 2025-10-13 11:41:57.048 +0800 o.a.d.s.m.c.IdSlotBasedCommandFetcher:[67] - Fetch commands: 0 success, cost: 0ms, totalSlot: 1, currentSlotIndex: 0
[INFO] 2025-10-13 11:41:57.846 +0800 o.a.d.s.m.r.t.TaskGroupCoordinator:[187] - Success amend TaskGroupQueue status cost: 0/ms
[INFO] 2025-10-13 11:41:57.846 +0800 o.a.d.s.m.r.t.TaskGroupCoordinator:[241] - Success deal with force start TaskGroupQueue cost: 0/ms
[INFO] 2025-10-13 11:41:57.846 +0800 o.a.d.s.m.r.t.TaskGroupCoordinator:[129] - TaskGroupCoordinator round time cost: 0/ms
[INFO] 2025-10-13 11:41:58.048 +0800 o.a.d.s.m.c.IdSlotBasedCommandFetcher:[67] - Fetch commands: 0 success, cost: 0ms, totalSlot: 1, currentSlotIndex: 0
[INFO] 2025-10-13 11:41:59.049 +0800 o.a.d.s.m.c.IdSlotBasedCommandFetcher:[67] - Fetch commands: 0 success, cost: 0ms, totalSlot: 1, currentSlotIndex: 0
[INFO] 2025-10-13 11:42:00.050 +0800 o.a.d.s.m.c.IdSlotBasedCommandFetcher:[67] - Fetch commands: 0 success, cost: 0ms, totalSlot: 1, currentSlotIndex: 0
[INFO] 2025-10-13 11:42:01.050 +0800 o.a.d.s.m.c.IdSlotBasedCommandFetcher:[67] - Fetch commands: 0 success, cost: 0ms, totalSlot: 1, currentSlotIndex: 0
[INFO] 2025-10-13 11:42:02.051 +0800 o.a.d.s.m.c.IdSlotBasedCommandFetcher:[67] - Fetch commands: 0 success, cost: 0ms, totalSlot: 1, currentSlotIndex: 0
[INFO] 2025-10-13 11:42:02.852 +0800 o.a.d.s.m.r.t.TaskGroupCoordinator:[187] - Success amend TaskGroupQueue status cost: 0/ms
[INFO] 2025-10-13 11:42:02.853 +0800 o.a.d.s.m.r.t.TaskGroupCoordinator:[241] - Success deal with force start TaskGroupQueue cost: 0/ms
[INFO] 2025-10-13 11:42:02.853 +0800 o.a.d.s.m.r.t.TaskGroupCoordinator:[129] - TaskGroupCoordinator round time cost: 0/ms
[INFO] 2025-10-13 11:42:03.051 +0800 o.a.d.s.m.c.IdSlotBasedCommandFetcher:[67] - Fetch commands: 0 success, cost: 0ms, totalSlot: 1, currentSlotIndex: 0
[INFO] 2025-10-13 11:42:04.052 +0800 o.a.d.s.m.c.IdSlotBasedCommandFetcher:[67] - Fetch commands: 0 success, cost: 0ms, totalSlot: 1, currentSlotIndex: 0
[INFO] 2025-10-13 11:42:05.052 +0800 o.a.d.s.m.c.IdSlotBasedCommandFetcher:[67] - Fetch commands: 0 success, cost: 0ms, totalSlot: 1, currentSlotIndex: 0
[INFO] 2025-10-13 11:42:06.053 +0800 o.a.d.s.m.c.IdSlotBasedCommandFetcher:[67] - Fetch commands: 0 success, cost: 0ms, totalSlot: 1, currentSlotIndex: 0
[INFO] 2025-10-13 11:42:07.053 +0800 o.a.d.s.m.c.IdSlotBasedCommandFetcher:[67] - Fetch commands: 0 success, cost: 0ms, totalSlot: 1, currentSlotIndex: 0
[INFO] 2025-10-13 11:42:07.857 +0800 o.a.d.s.m.r.t.TaskGroupCoordinator:[187] - Success amend TaskGroupQueue status cost: 0/ms
[INFO] 2025-10-13 11:42:07.857 +0800 o.a.d.s.m.r.t.TaskGroupCoordinator:[241] - Success deal with force start TaskGroupQueue cost: 0/ms
[INFO] 2025-10-13 11:42:07.857 +0800 o.a.d.s.m.r.t.TaskGroupCoordinator:[129] - TaskGroupCoordinator round time cost: 0/ms
[INFO] 2025-10-13 11:42:08.053 +0800 o.a.d.s.m.c.IdSlotBasedCommandFetcher:[67] - Fetch commands: 0 success, cost: 0ms, totalSlot: 1, currentSlotIndex: 0
[INFO] 2025-10-13 11:42:09.211 +0800 o.a.d.s.m.c.IdSlotBasedCommandFetcher:[67] - Fetch commands: 0 success, cost: 0ms, totalSlot: 1, currentSlotIndex: 0
[INFO] 2025-10-13 11:42:10.286 +0800 o.a.d.s.m.c.IdSlotBasedCommandFetcher:[67] - Fetch commands: 0 success, cost: 1ms, totalSlot: 1, currentSlotIndex: 0
[INFO] 2025-10-13 11:42:11.362 +0800 o.a.d.s.m.c.IdSlotBasedCommandFetcher:[67] - Fetch commands: 0 success, cost: 0ms, totalSlot: 1, currentSlotIndex: 0
[INFO] 2025-10-13 11:42:12.443 +0800 o.a.d.s.m.c.IdSlotBasedCommandFetcher:[67] - Fetch commands: 0 success, cost: 0ms, totalSlot: 1, currentSlotIndex: 0
[INFO] 2025-10-13 11:42:12.862 +0800 o.a.d.s.m.r.t.TaskGroupCoordinator:[187] - Success amend TaskGroupQueue status cost: 0/ms
[INFO] 2025-10-13 11:42:12.863 +0800 o.a.d.s.m.r.t.TaskGroupCoordinator:[241] - Success deal with force start TaskGroupQueue cost: 0/ms
[INFO] 2025-10-13 11:42:12.863 +0800 o.a.d.s.m.r.t.TaskGroupCoordinator:[129] - TaskGroupCoordinator round time cost: 0/ms
[INFO] 2025-10-13 11:42:13.515 +0800 o.a.d.s.m.c.IdSlotBasedCommandFetcher:[67] - Fetch commands: 0 success, cost: 1ms, totalSlot: 1, currentSlotIndex: 0
[INFO] 2025-10-13 11:42:14.589 +0800 o.a.d.s.m.c.IdSlotBasedCommandFetcher:[67] - Fetch commands: 0 success, cost: 0ms, totalSlot: 1, currentSlotIndex: 0
[INFO] 2025-10-13 11:42:15.669 +0800 o.a.d.s.m.c.IdSlotBasedCommandFetcher:[67] - Fetch commands: 0 success, cost: 0ms, totalSlot: 1, currentSlotIndex: 0
[INFO] 2025-10-13 11:42:16.739 +0800 o.a.d.s.m.c.IdSlotBasedCommandFetcher:[67] - Fetch commands: 0 success, cost: 0ms, totalSlot: 1, currentSlotIndex: 0
[INFO] 2025-10-13 11:42:17.812 +0800 o.a.d.s.m.c.IdSlotBasedCommandFetcher:[67] - Fetch commands: 0 success, cost: 0ms, totalSlot: 1, currentSlotIndex: 0
[INFO] 2025-10-13 11:42:17.866 +0800 o.a.d.s.m.r.t.TaskGroupCoordinator:[187] - Success amend TaskGroupQueue status cost: 0/ms
[INFO] 2025-10-13 11:42:17.866 +0800 o.a.d.s.m.r.t.TaskGroupCoordinator:[241] - Success deal with force start TaskGroupQueue cost: 0/ms
[INFO] 2025-10-13 11:42:17.866 +0800 o.a.d.s.m.r.t.TaskGroupCoordinator:[129] - TaskGroupCoordinator round time cost: 0/ms
[INFO] 2025-10-13 11:42:18.886 +0800 o.a.d.s.m.c.IdSlotBasedCommandFetcher:[67] - Fetch commands: 0 success, cost: 0ms, totalSlot: 1, currentSlotIndex: 0
[INFO] 2025-10-13 11:42:19.954 +0800 o.a.d.s.m.c.IdSlotBasedCommandFetcher:[67] - Fetch commands: 0 success, cost: 0ms, totalSlot: 1, currentSlotIndex: 0
[INFO] 2025-10-13 11:42:21.025 +0800 o.a.d.s.m.c.IdSlotBasedCommandFetcher:[67] - Fetch commands: 0 success, cost: 0ms, totalSlot: 1, currentSlotIndex: 0
[INFO] 2025-10-13 11:42:22.099 +0800 o.a.d.s.m.c.IdSlotBasedCommandFetcher:[67] - Fetch commands: 0 success, cost: 0ms, totalSlot: 1, currentSlotIndex: 0
[INFO] 2025-10-13 11:42:22.872 +0800 o.a.d.s.m.r.t.TaskGroupCoordinator:[187] - Success amend TaskGroupQueue status cost: 0/ms
[INFO] 2025-10-13 11:42:22.872 +0800 o.a.d.s.m.r.t.TaskGroupCoordinator:[241] - Success deal with force start TaskGroupQueue cost: 0/ms
[INFO] 2025-10-13 11:42:22.872 +0800 o.a.d.s.m.r.t.TaskGroupCoordinator:[129] - TaskGroupCoordinator round time cost: 0/ms
[INFO] 2025-10-13 11:42:23.166 +0800 o.a.d.s.m.c.IdSlotBasedCommandFetcher:[67] - Fetch commands: 0 success, cost: 0ms, totalSlot: 1, currentSlotIndex: 0
[INFO] 2025-10-13 11:42:24.447 +0800 o.a.d.s.m.c.IdSlotBasedCommandFetcher:[67] - Fetch commands: 0 success, cost: 1ms, totalSlot: 1, currentSlotIndex: 0
[INFO] 2025-10-13 11:42:24.454 +0800 o.a.d.m.m.BaseServerLoadProtection:[43] - OverLoad: the system cpu usage: 1.0 is over then the maxSystemCpuUsagePercentageThresholds 0.9
[INFO] 2025-10-13 11:42:24.492 +0800 o.a.d.m.m.BaseServerLoadProtection:[43] - OverLoad: the system cpu usage: 1.0 is over then the maxSystemCpuUsagePercentageThresholds 0.9
[INFO] 2025-10-13 11:42:25.448 +0800 o.a.d.m.m.BaseServerLoadProtection:[43] - OverLoad: the system cpu usage: 1.0 is over then the maxSystemCpuUsagePercentageThresholds 0.9
[WARN] 2025-10-13 11:42:25.448 +0800 o.a.d.s.m.r.MasterSchedulerBootstrap:[120] - The current server is overload, cannot consumes commands.
[INFO] 2025-10-13 11:42:26.448 +0800 o.a.d.s.m.c.IdSlotBasedCommandFetcher:[67] - Fetch commands: 0 success, cost: 0ms, totalSlot: 1, currentSlotIndex: 0
[INFO] 2025-10-13 11:42:27.452 +0800 o.a.d.s.m.c.IdSlotBasedCommandFetcher:[67] - Fetch commands: 0 success, cost: 0ms, totalSlot: 1, currentSlotIndex: 0
[INFO] 2025-10-13 11:42:27.891 +0800 o.a.d.s.m.r.t.TaskGroupCoordinator:[187] - Success amend TaskGroupQueue status cost: 0/ms
[INFO] 2025-10-13 11:42:27.891 +0800 o.a.d.s.m.r.t.TaskGroupCoordinator:[241] - Success deal with force start TaskGroupQueue cost: 0/ms
[INFO] 2025-10-13 11:42:27.891 +0800 o.a.d.s.m.r.t.TaskGroupCoordinator:[129] - TaskGroupCoordinator round time cost: 0/ms
[INFO] 2025-10-13 11:42:28.453 +0800 o.a.d.s.m.c.IdSlotBasedCommandFetcher:[67] - Fetch commands: 0 success, cost: 0ms, totalSlot: 1, currentSlotIndex: 0
[INFO] 2025-10-13 11:42:29.454 +0800 o.a.d.s.m.c.IdSlotBasedCommandFetcher:[67] - Fetch commands: 0 success, cost: 0ms, totalSlot: 1, currentSlotIndex: 0
[INFO] 2025-10-13 11:42:30.454 +0800 o.a.d.s.m.c.IdSlotBasedCommandFetcher:[67] - Fetch commands: 0 success, cost: 0ms, totalSlot: 1, currentSlotIndex: 0
[INFO] 2025-10-13 11:42:31.456 +0800 o.a.d.s.m.c.IdSlotBasedCommandFetcher:[67] - Fetch commands: 0 success, cost: 0ms, totalSlot: 1, currentSlotIndex: 0
[INFO] 2025-10-13 11:42:32.457 +0800 o.a.d.s.m.c.IdSlotBasedCommandFetcher:[67] - Fetch commands: 0 success, cost: 0ms, totalSlot: 1, currentSlotIndex: 0
[INFO] 2025-10-13 11:42:32.895 +0800 o.a.d.s.m.r.t.TaskGroupCoordinator:[187] - Success amend TaskGroupQueue status cost: 0/ms
[INFO] 2025-10-13 11:42:32.895 +0800 o.a.d.s.m.r.t.TaskGroupCoordinator:[241] - Success deal with force start TaskGroupQueue cost: 0/ms
[INFO] 2025-10-13 11:42:32.895 +0800 o.a.d.s.m.r.t.TaskGroupCoordinator:[129] - TaskGroupCoordinator round time cost: 0/ms
[INFO] 2025-10-13 11:42:33.457 +0800 o.a.d.s.m.c.IdSlotBasedCommandFetcher:[67] - Fetch commands: 0 success, cost: 0ms, totalSlot: 1, currentSlotIndex: 0
[INFO] 2025-10-13 11:42:34.472 +0800 o.a.d.s.m.c.IdSlotBasedCommandFetcher:[67] - Fetch commands: 0 success, cost: 0ms, totalSlot: 1, currentSlotIndex: 0
[INFO] 2025-10-13 11:42:35.473 +0800 o.a.d.s.m.c.IdSlotBasedCommandFetcher:[67] - Fetch commands: 0 success, cost: 0ms, totalSlot: 1, currentSlotIndex: 0
[INFO] 2025-10-13 11:42:36.646 +0800 o.a.d.s.m.c.IdSlotBasedCommandFetcher:[67] - Fetch commands: 0 success, cost: 0ms, totalSlot: 1, currentSlotIndex: 0
[INFO] 2025-10-13 11:42:37.649 +0800 o.a.d.s.m.c.IdSlotBasedCommandFetcher:[67] - Fetch commands: 0 success, cost: 0ms, totalSlot: 1, currentSlotIndex: 0
[INFO] 2025-10-13 11:42:37.918 +0800 o.a.d.s.m.r.t.TaskGroupCoordinator:[187] - Success amend TaskGroupQueue status cost: 0/ms
[INFO] 2025-10-13 11:42:37.918 +0800 o.a.d.s.m.r.t.TaskGroupCoordinator:[241] - Success deal with force start TaskGroupQueue cost: 0/ms
[INFO] 2025-10-13 11:42:37.918 +0800 o.a.d.s.m.r.t.TaskGroupCoordinator:[129] - TaskGroupCoordinator round time cost: 0/ms
[INFO] 2025-10-13 11:42:38.650 +0800 o.a.d.s.m.c.IdSlotBasedCommandFetcher:[67] - Fetch commands: 0 success, cost: 0ms, totalSlot: 1, currentSlotIndex: 0
[INFO] 2025-10-13 11:42:39.650 +0800 o.a.d.s.m.c.IdSlotBasedCommandFetcher:[67] - Fetch commands: 0 success, cost: 0ms, totalSlot: 1, currentSlotIndex: 0
[INFO] 2025-10-13 11:42:40.658 +0800 o.a.d.s.m.c.IdSlotBasedCommandFetcher:[67] - Fetch commands: 0 success, cost: 0ms, totalSlot: 1, currentSlotIndex: 0
[INFO] 2025-10-13 11:42:41.659 +0800 o.a.d.s.m.c.IdSlotBasedCommandFetcher:[67] - Fetch commands: 0 success, cost: 0ms, totalSlot: 1, currentSlotIndex: 0
[INFO] 2025-10-13 11:42:42.670 +0800 o.a.d.s.m.c.IdSlotBasedCommandFetcher:[67] - Fetch commands: 0 success, cost: 0ms, totalSlot: 1, currentSlotIndex: 0
[INFO] 2025-10-13 11:42:42.927 +0800 o.a.d.s.m.r.t.TaskGroupCoordinator:[187] - Success amend TaskGroupQueue status cost: 0/ms
[INFO] 2025-10-13 11:42:42.928 +0800 o.a.d.s.m.r.t.TaskGroupCoordinator:[241] - Success deal with force start TaskGroupQueue cost: 0/ms
[INFO] 2025-10-13 11:42:42.928 +0800 o.a.d.s.m.r.t.TaskGroupCoordinator:[129] - TaskGroupCoordinator round time cost: 0/ms
[INFO] 2025-10-13 11:42:43.671 +0800 o.a.d.s.m.c.IdSlotBasedCommandFetcher:[67] - Fetch commands: 0 success, cost: 0ms, totalSlot: 1, currentSlotIndex: 0
[INFO] 2025-10-13 11:42:44.671 +0800 o.a.d.s.m.c.IdSlotBasedCommandFetcher:[67] - Fetch commands: 0 success, cost: 0ms, totalSlot: 1, currentSlotIndex: 0
[INFO] 2025-10-13 11:42:45.673 +0800 o.a.d.s.m.c.IdSlotBasedCommandFetcher:[67] - Fetch commands: 0 success, cost: 0ms, totalSlot: 1, currentSlotIndex: 0
[INFO] 2025-10-13 11:42:46.674 +0800 o.a.d.s.m.c.IdSlotBasedCommandFetcher:[67] - Fetch commands: 0 success, cost: 0ms, totalSlot: 1, currentSlotIndex: 0
[INFO] 2025-10-13 11:42:47.687 +0800 o.a.d.s.m.c.IdSlotBasedCommandFetcher:[67] - Fetch commands: 0 success, cost: 0ms, totalSlot: 1, currentSlotIndex: 0
[INFO] 2025-10-13 11:42:47.932 +0800 o.a.d.s.m.r.t.TaskGroupCoordinator:[187] - Success amend TaskGroupQueue status cost: 0/ms
[INFO] 2025-10-13 11:42:47.932 +0800 o.a.d.s.m.r.t.TaskGroupCoordinator:[241] - Success deal with force start TaskGroupQueue cost: 0/ms
[INFO] 2025-10-13 11:42:47.932 +0800 o.a.d.s.m.r.t.TaskGroupCoordinator:[129] - TaskGroupCoordinator round time cost: 0/ms
[INFO] 2025-10-13 11:42:48.688 +0800 o.a.d.s.m.c.IdSlotBasedCommandFetcher:[67] - Fetch commands: 0 success, cost: 0ms, totalSlot: 1, currentSlotIndex: 0
[INFO] 2025-10-13 11:42:49.689 +0800 o.a.d.s.m.c.IdSlotBasedCommandFetcher:[67] - Fetch commands: 0 success, cost: 0ms, totalSlot: 1, currentSlotIndex: 0
[INFO] 2025-10-13 11:42:50.690 +0800 o.a.d.s.m.c.IdSlotBasedCommandFetcher:[67] - Fetch commands: 0 success, cost: 0ms, totalSlot: 1, currentSlotIndex: 0
[INFO] 2025-10-13 11:42:51.690 +0800 o.a.d.s.m.c.IdSlotBasedCommandFetcher:[67] - Fetch commands: 0 success, cost: 0ms, totalSlot: 1, currentSlotIndex: 0
[INFO] 2025-10-13 11:42:52.690 +0800 o.a.d.s.m.c.IdSlotBasedCommandFetcher:[67] - Fetch commands: 0 success, cost: 0ms, totalSlot: 1, currentSlotIndex: 0
[INFO] 2025-10-13 11:42:52.937 +0800 o.a.d.s.m.r.t.TaskGroupCoordinator:[187] - Success amend TaskGroupQueue status cost: 0/ms
[INFO] 2025-10-13 11:42:52.937 +0800 o.a.d.s.m.r.t.TaskGroupCoordinator:[241] - Success deal with force start TaskGroupQueue cost: 0/ms
[INFO] 2025-10-13 11:42:52.937 +0800 o.a.d.s.m.r.t.TaskGroupCoordinator:[129] - TaskGroupCoordinator round time cost: 0/ms
[INFO] 2025-10-13 11:42:53.690 +0800 o.a.d.s.m.c.IdSlotBasedCommandFetcher:[67] - Fetch commands: 0 success, cost: 0ms, totalSlot: 1, currentSlotIndex: 0
[INFO] 2025-10-13 11:42:54.691 +0800 o.a.d.s.m.c.IdSlotBasedCommandFetcher:[67] - Fetch commands: 0 success, cost: 0ms, totalSlot: 1, currentSlotIndex: 0
[INFO] 2025-10-13 11:42:55.691 +0800 o.a.d.s.m.c.IdSlotBasedCommandFetcher:[67] - Fetch commands: 0 success, cost: 0ms, totalSlot: 1, currentSlotIndex: 0
[INFO] 2025-10-13 11:42:56.692 +0800 o.a.d.s.m.c.IdSlotBasedCommandFetcher:[67] - Fetch commands: 0 success, cost: 0ms, totalSlot: 1, currentSlotIndex: 0
[INFO] 2025-10-13 11:42:57.692 +0800 o.a.d.s.m.c.IdSlotBasedCommandFetcher:[67] - Fetch commands: 0 success, cost: 0ms, totalSlot: 1, currentSlotIndex: 0
[INFO] 2025-10-13 11:42:57.943 +0800 o.a.d.s.m.r.t.TaskGroupCoordinator:[187] - Success amend TaskGroupQueue status cost: 0/ms
[INFO] 2025-10-13 11:42:57.944 +0800 o.a.d.s.m.r.t.TaskGroupCoordinator:[241] - Success deal with force start TaskGroupQueue cost: 0/ms
[INFO] 2025-10-13 11:42:57.944 +0800 o.a.d.s.m.r.t.TaskGroupCoordinator:[129] - TaskGroupCoordinator round time cost: 0/ms
[INFO] 2025-10-13 11:42:58.698 +0800 o.a.d.s.m.c.IdSlotBasedCommandFetcher:[67] - Fetch commands: 0 success, cost: 0ms, totalSlot: 1, currentSlotIndex: 0
[INFO] 2025-10-13 11:42:59.698 +0800 o.a.d.s.m.c.IdSlotBasedCommandFetcher:[67] - Fetch commands: 0 success, cost: 0ms, totalSlot: 1, currentSlotIndex: 0
[INFO] 2025-10-13 11:43:00.699 +0800 o.a.d.s.m.c.IdSlotBasedCommandFetcher:[67] - Fetch commands: 0 success, cost: 0ms, totalSlot: 1, currentSlotIndex: 0
[INFO] 2025-10-13 11:43:01.699 +0800 o.a.d.s.m.c.IdSlotBasedCommandFetcher:[67] - Fetch commands: 0 success, cost: 0ms, totalSlot: 1, currentSlotIndex: 0
[INFO] 2025-10-13 11:43:02.713 +0800 o.a.d.s.m.c.IdSlotBasedCommandFetcher:[67] - Fetch commands: 0 success, cost: 0ms, totalSlot: 1, currentSlotIndex: 0
[INFO] 2025-10-13 11:43:02.949 +0800 o.a.d.s.m.r.t.TaskGroupCoordinator:[187] - Success amend TaskGroupQueue status cost: 0/ms
[INFO] 2025-10-13 11:43:02.949 +0800 o.a.d.s.m.r.t.TaskGroupCoordinator:[241] - Success deal with force start TaskGroupQueue cost: 0/ms
[INFO] 2025-10-13 11:43:02.949 +0800 o.a.d.s.m.r.t.TaskGroupCoordinator:[129] - TaskGroupCoordinator round time cost: 0/ms
[INFO] 2025-10-13 11:43:03.915 +0800 o.a.d.s.m.c.IdSlotBasedCommandFetcher:[67] - Fetch commands: 0 success, cost: 0ms, totalSlot: 1, currentSlotIndex: 0
[INFO] 2025-10-13 11:43:04.986 +0800 o.a.d.s.m.c.IdSlotBasedCommandFetcher:[67] - Fetch commands: 0 success, cost: 0ms, totalSlot: 1, currentSlotIndex: 0
[INFO] 2025-10-13 11:43:06.142 +0800 o.a.d.s.m.c.IdSlotBasedCommandFetcher:[67] - Fetch commands: 0 success, cost: 0ms, totalSlot: 1, currentSlotIndex: 0
[INFO] 2025-10-13 11:43:07.144 +0800 o.a.d.s.m.c.IdSlotBasedCommandFetcher:[67] - Fetch commands: 0 success, cost: 0ms, totalSlot: 1, currentSlotIndex: 0
[INFO] 2025-10-13 11:43:07.969 +0800 o.a.d.s.m.r.t.TaskGroupCoordinator:[187] - Success amend TaskGroupQueue status cost: 0/ms
[INFO] 2025-10-13 11:43:07.969 +0800 o.a.d.s.m.r.t.TaskGroupCoordinator:[241] - Success deal with force start TaskGroupQueue cost: 0/ms
[INFO] 2025-10-13 11:43:07.969 +0800 o.a.d.s.m.r.t.TaskGroupCoordinator:[129] - TaskGroupCoordinator round time cost: 0/ms
[INFO] 2025-10-13 11:43:08.144 +0800 o.a.d.s.m.c.IdSlotBasedCommandFetcher:[67] - Fetch commands: 0 success, cost: 0ms, totalSlot: 1, currentSlotIndex: 0
[INFO] 2025-10-13 11:43:09.144 +0800 o.a.d.s.m.c.IdSlotBasedCommandFetcher:[67] - Fetch commands: 0 success, cost: 0ms, totalSlot: 1, currentSlotIndex: 0
[INFO] 2025-10-13 11:43:10.145 +0800 o.a.d.s.m.c.IdSlotBasedCommandFetcher:[67] - Fetch commands: 0 success, cost: 0ms, totalSlot: 1, currentSlotIndex: 0
[INFO] 2025-10-13 11:43:11.145 +0800 o.a.d.s.m.c.IdSlotBasedCommandFetcher:[67] - Fetch commands: 0 success, cost: 0ms, totalSlot: 1, currentSlotIndex: 0
[INFO] 2025-10-13 11:43:12.146 +0800 o.a.d.s.m.c.IdSlotBasedCommandFetcher:[67] - Fetch commands: 0 success, cost: 0ms, totalSlot: 1, currentSlotIndex: 0
[INFO] 2025-10-13 11:43:12.974 +0800 o.a.d.s.m.r.t.TaskGroupCoordinator:[187] - Success amend TaskGroupQueue status cost: 0/ms
[INFO] 2025-10-13 11:43:12.976 +0800 o.a.d.s.m.r.t.TaskGroupCoordinator:[241] - Success deal with force start TaskGroupQueue cost: 0/ms
[INFO] 2025-10-13 11:43:12.976 +0800 o.a.d.s.m.r.t.TaskGroupCoordinator:[129] - TaskGroupCoordinator round time cost: 0/ms
[INFO] 2025-10-13 11:43:13.146 +0800 o.a.d.s.m.c.IdSlotBasedCommandFetcher:[67] - Fetch commands: 0 success, cost: 0ms, totalSlot: 1, currentSlotIndex: 0
[INFO] 2025-10-13 11:43:14.147 +0800 o.a.d.s.m.c.IdSlotBasedCommandFetcher:[67] - Fetch commands: 0 success, cost: 0ms, totalSlot: 1, currentSlotIndex: 0
[INFO] 2025-10-13 11:43:15.148 +0800 o.a.d.s.m.c.IdSlotBasedCommandFetcher:[67] - Fetch commands: 0 success, cost: 0ms, totalSlot: 1, currentSlotIndex: 0
[INFO] 2025-10-13 11:43:16.149 +0800 o.a.d.s.m.c.IdSlotBasedCommandFetcher:[67] - Fetch commands: 0 success, cost: 0ms, totalSlot: 1, currentSlotIndex: 0
[INFO] 2025-10-13 11:43:17.150 +0800 o.a.d.s.m.c.IdSlotBasedCommandFetcher:[67] - Fetch commands: 0 success, cost: 0ms, totalSlot: 1, currentSlotIndex: 0
[INFO] 2025-10-13 11:43:17.983 +0800 o.a.d.s.m.r.t.TaskGroupCoordinator:[187] - Success amend TaskGroupQueue status cost: 0/ms
[INFO] 2025-10-13 11:43:17.984 +0800 o.a.d.s.m.r.t.TaskGroupCoordinator:[241] - Success deal with force start TaskGroupQueue cost: 0/ms
[INFO] 2025-10-13 11:43:17.984 +0800 o.a.d.s.m.r.t.TaskGroupCoordinator:[129] - TaskGroupCoordinator round time cost: 0/ms
[INFO] 2025-10-13 11:43:18.150 +0800 o.a.d.s.m.c.IdSlotBasedCommandFetcher:[67] - Fetch commands: 0 success, cost: 0ms, totalSlot: 1, currentSlotIndex: 0
[INFO] 2025-10-13 11:43:19.155 +0800 o.a.d.s.m.c.IdSlotBasedCommandFetcher:[67] - Fetch commands: 0 success, cost: 0ms, totalSlot: 1, currentSlotIndex: 0
[INFO] 2025-10-13 11:43:20.250 +0800 o.a.d.s.m.c.IdSlotBasedCommandFetcher:[67] - Fetch commands: 0 success, cost: 0ms, totalSlot: 1, currentSlotIndex: 0
[INFO] 2025-10-13 11:43:21.321 +0800 o.a.d.s.m.c.IdSlotBasedCommandFetcher:[67] - Fetch commands: 0 success, cost: 0ms, totalSlot: 1, currentSlotIndex: 0
[INFO] 2025-10-13 11:43:22.404 +0800 o.a.d.s.m.c.IdSlotBasedCommandFetcher:[67] - Fetch commands: 0 success, cost: 1ms, totalSlot: 1, currentSlotIndex: 0
[INFO] 2025-10-13 11:43:23.001 +0800 o.a.d.s.m.r.t.TaskGroupCoordinator:[187] - Success amend TaskGroupQueue status cost: 0/ms
[INFO] 2025-10-13 11:43:23.001 +0800 o.a.d.s.m.r.t.TaskGroupCoordinator:[241] - Success deal with force start TaskGroupQueue cost: 0/ms
[INFO] 2025-10-13 11:43:23.001 +0800 o.a.d.s.m.r.t.TaskGroupCoordinator:[129] - TaskGroupCoordinator round time cost: 0/ms
[INFO] 2025-10-13 11:43:23.475 +0800 o.a.d.s.m.c.IdSlotBasedCommandFetcher:[67] - Fetch commands: 0 success, cost: 0ms, totalSlot: 1, currentSlotIndex: 0
[INFO] 2025-10-13 11:43:24.558 +0800 o.a.d.s.m.c.IdSlotBasedCommandFetcher:[67] - Fetch commands: 0 success, cost: 0ms, totalSlot: 1, currentSlotIndex: 0
[INFO] 2025-10-13 11:43:25.640 +0800 o.a.d.s.m.c.IdSlotBasedCommandFetcher:[67] - Fetch commands: 0 success, cost: 0ms, totalSlot: 1, currentSlotIndex: 0
[INFO] 2025-10-13 11:43:26.710 +0800 o.a.d.s.m.c.IdSlotBasedCommandFetcher:[67] - Fetch commands: 0 success, cost: 0ms, totalSlot: 1, currentSlotIndex: 0
[INFO] 2025-10-13 11:43:27.783 +0800 o.a.d.s.m.c.IdSlotBasedCommandFetcher:[67] - Fetch commands: 0 success, cost: 0ms, totalSlot: 1, currentSlotIndex: 0
[INFO] 2025-10-13 11:43:28.011 +0800 o.a.d.s.m.r.t.TaskGroupCoordinator:[187] - Success amend TaskGroupQueue status cost: 0/ms
[INFO] 2025-10-13 11:43:28.011 +0800 o.a.d.s.m.r.t.TaskGroupCoordinator:[241] - Success deal with force start TaskGroupQueue cost: 0/ms
[INFO] 2025-10-13 11:43:28.011 +0800 o.a.d.s.m.r.t.TaskGroupCoordinator:[129] - TaskGroupCoordinator round time cost: 0/ms
[INFO] 2025-10-13 11:43:28.856 +0800 o.a.d.s.m.c.IdSlotBasedCommandFetcher:[67] - Fetch commands: 0 success, cost: 0ms, totalSlot: 1, currentSlotIndex: 0
[INFO] 2025-10-13 11:43:29.932 +0800 o.a.d.s.m.c.IdSlotBasedCommandFetcher:[67] - Fetch commands: 0 success, cost: 1ms, totalSlot: 1, currentSlotIndex: 0
[INFO] 2025-10-13 11:43:31.130 +0800 o.a.d.s.m.c.IdSlotBasedCommandFetcher:[67] - Fetch commands: 0 success, cost: 0ms, totalSlot: 1, currentSlotIndex: 0
[INFO] 2025-10-13 11:43:32.131 +0800 o.a.d.s.m.c.IdSlotBasedCommandFetcher:[67] - Fetch commands: 0 success, cost: 0ms, totalSlot: 1, currentSlotIndex: 0
[INFO] 2025-10-13 11:43:33.017 +0800 o.a.d.s.m.r.t.TaskGroupCoordinator:[187] - Success amend TaskGroupQueue status cost: 0/ms
[INFO] 2025-10-13 11:43:33.017 +0800 o.a.d.s.m.r.t.TaskGroupCoordinator:[241] - Success deal with force start TaskGroupQueue cost: 0/ms
[INFO] 2025-10-13 11:43:33.017 +0800 o.a.d.s.m.r.t.TaskGroupCoordinator:[129] - TaskGroupCoordinator round time cost: 1/ms
[INFO] 2025-10-13 11:43:33.132 +0800 o.a.d.s.m.c.IdSlotBasedCommandFetcher:[67] - Fetch commands: 0 success, cost: 0ms, totalSlot: 1, currentSlotIndex: 0
[INFO] 2025-10-13 11:43:34.132 +0800 o.a.d.s.m.c.IdSlotBasedCommandFetcher:[67] - Fetch commands: 0 success, cost: 0ms, totalSlot: 1, currentSlotIndex: 0
[INFO] 2025-10-13 11:43:35.133 +0800 o.a.d.s.m.c.IdSlotBasedCommandFetcher:[67] - Fetch commands: 0 success, cost: 0ms, totalSlot: 1, currentSlotIndex: 0
[INFO] 2025-10-13 11:43:36.134 +0800 o.a.d.s.m.c.IdSlotBasedCommandFetcher:[67] - Fetch commands: 0 success, cost: 0ms, totalSlot: 1, currentSlotIndex: 0
[INFO] 2025-10-13 11:43:37.134 +0800 o.a.d.s.m.c.IdSlotBasedCommandFetcher:[67] - Fetch commands: 0 success, cost: 0ms, totalSlot: 1, currentSlotIndex: 0
[INFO] 2025-10-13 11:43:38.023 +0800 o.a.d.s.m.r.t.TaskGroupCoordinator:[187] - Success amend TaskGroupQueue status cost: 0/ms
[INFO] 2025-10-13 11:43:38.023 +0800 o.a.d.s.m.r.t.TaskGroupCoordinator:[241] - Success deal with force start TaskGroupQueue cost: 0/ms
[INFO] 2025-10-13 11:43:38.023 +0800 o.a.d.s.m.r.t.TaskGroupCoordinator:[129] - TaskGroupCoordinator round time cost: 0/ms
[INFO] 2025-10-13 11:43:38.134 +0800 o.a.d.s.m.c.IdSlotBasedCommandFetcher:[67] - Fetch commands: 0 success, cost: 0ms, totalSlot: 1, currentSlotIndex: 0
[INFO] 2025-10-13 11:43:39.134 +0800 o.a.d.s.m.c.IdSlotBasedCommandFetcher:[67] - Fetch commands: 0 success, cost: 0ms, totalSlot: 1, currentSlotIndex: 0
[INFO] 2025-10-13 11:43:40.135 +0800 o.a.d.s.m.c.IdSlotBasedCommandFetcher:[67] - Fetch commands: 0 success, cost: 0ms, totalSlot: 1, currentSlotIndex: 0
[INFO] 2025-10-13 11:43:41.135 +0800 o.a.d.s.m.c.IdSlotBasedCommandFetcher:[67] - Fetch commands: 0 success, cost: 0ms, totalSlot: 1, currentSlotIndex: 0
[INFO] 2025-10-13 11:43:42.136 +0800 o.a.d.s.m.c.IdSlotBasedCommandFetcher:[67] - Fetch commands: 0 success, cost: 0ms, totalSlot: 1, currentSlotIndex: 0
[INFO] 2025-10-13 11:43:43.030 +0800 o.a.d.s.m.r.t.TaskGroupCoordinator:[187] - Success amend TaskGroupQueue status cost: 0/ms
[INFO] 2025-10-13 11:43:43.031 +0800 o.a.d.s.m.r.t.TaskGroupCoordinator:[241] - Success deal with force start TaskGroupQueue cost: 0/ms
[INFO] 2025-10-13 11:43:43.031 +0800 o.a.d.s.m.r.t.TaskGroupCoordinator:[129] - TaskGroupCoordinator round time cost: 0/ms
[INFO] 2025-10-13 11:43:43.136 +0800 o.a.d.s.m.c.IdSlotBasedCommandFetcher:[67] - Fetch commands: 0 success, cost: 0ms, totalSlot: 1, currentSlotIndex: 0
[INFO] 2025-10-13 11:43:44.136 +0800 o.a.d.s.m.c.IdSlotBasedCommandFetcher:[67] - Fetch commands: 0 success, cost: 0ms, totalSlot: 1, currentSlotIndex: 0
[INFO] 2025-10-13 11:43:45.317 +0800 o.a.d.s.m.c.IdSlotBasedCommandFetcher:[67] - Fetch commands: 0 success, cost: 1ms, totalSlot: 1, currentSlotIndex: 0
[INFO] 2025-10-13 11:43:46.318 +0800 o.a.d.s.m.c.IdSlotBasedCommandFetcher:[67] - Fetch commands: 0 success, cost: 0ms, totalSlot: 1, currentSlotIndex: 0
[INFO] 2025-10-13 11:43:47.318 +0800 o.a.d.s.m.c.IdSlotBasedCommandFetcher:[67] - Fetch commands: 0 success, cost: 0ms, totalSlot: 1, currentSlotIndex: 0
[INFO] 2025-10-13 11:43:48.039 +0800 o.a.d.s.m.r.t.TaskGroupCoordinator:[187] - Success amend TaskGroupQueue status cost: 0/ms
[INFO] 2025-10-13 11:43:48.039 +0800 o.a.d.s.m.r.t.TaskGroupCoordinator:[241] - Success deal with force start TaskGroupQueue cost: 0/ms
[INFO] 2025-10-13 11:43:48.039 +0800 o.a.d.s.m.r.t.TaskGroupCoordinator:[129] - TaskGroupCoordinator round time cost: 1/ms
[INFO] 2025-10-13 11:43:48.332 +0800 o.a.d.s.m.c.IdSlotBasedCommandFetcher:[67] - Fetch commands: 0 success, cost: 0ms, totalSlot: 1, currentSlotIndex: 0
[INFO] 2025-10-13 11:43:49.332 +0800 o.a.d.s.m.c.IdSlotBasedCommandFetcher:[67] - Fetch commands: 0 success, cost: 0ms, totalSlot: 1, currentSlotIndex: 0
[INFO] 2025-10-13 11:43:50.333 +0800 o.a.d.s.m.c.IdSlotBasedCommandFetcher:[67] - Fetch commands: 0 success, cost: 0ms, totalSlot: 1, currentSlotIndex: 0
[INFO] 2025-10-13 11:43:51.335 +0800 o.a.d.s.m.c.IdSlotBasedCommandFetcher:[67] - Fetch commands: 0 success, cost: 0ms, totalSlot: 1, currentSlotIndex: 0
[INFO] 2025-10-13 11:43:52.336 +0800 o.a.d.s.m.c.IdSlotBasedCommandFetcher:[67] - Fetch commands: 0 success, cost: 0ms, totalSlot: 1, currentSlotIndex: 0
[INFO] 2025-10-13 11:43:53.046 +0800 o.a.d.s.m.r.t.TaskGroupCoordinator:[187] - Success amend TaskGroupQueue status cost: 0/ms
[INFO] 2025-10-13 11:43:53.046 +0800 o.a.d.s.m.r.t.TaskGroupCoordinator:[241] - Success deal with force start TaskGroupQueue cost: 0/ms
[INFO] 2025-10-13 11:43:53.046 +0800 o.a.d.s.m.r.t.TaskGroupCoordinator:[129] - TaskGroupCoordinator round time cost: 0/ms
[INFO] 2025-10-13 11:43:53.339 +0800 o.a.d.s.m.c.IdSlotBasedCommandFetcher:[67] - Fetch commands: 0 success, cost: 0ms, totalSlot: 1, currentSlotIndex: 0
[INFO] 2025-10-13 11:43:54.339 +0800 o.a.d.s.m.c.IdSlotBasedCommandFetcher:[67] - Fetch commands: 0 success, cost: 0ms, totalSlot: 1, currentSlotIndex: 0
[INFO] 2025-10-13 11:43:55.340 +0800 o.a.d.s.m.c.IdSlotBasedCommandFetcher:[67] - Fetch commands: 0 success, cost: 0ms, totalSlot: 1, currentSlotIndex: 0
[INFO] 2025-10-13 11:43:56.341 +0800 o.a.d.s.m.c.IdSlotBasedCommandFetcher:[67] - Fetch commands: 0 success, cost: 0ms, totalSlot: 1, currentSlotIndex: 0
[INFO] 2025-10-13 11:43:57.354 +0800 o.a.d.s.m.c.IdSlotBasedCommandFetcher:[67] - Fetch commands: 0 success, cost: 0ms, totalSlot: 1, currentSlotIndex: 0
[INFO] 2025-10-13 11:43:58.052 +0800 o.a.d.s.m.r.t.TaskGroupCoordinator:[187] - Success amend TaskGroupQueue status cost: 0/ms
[INFO] 2025-10-13 11:43:58.052 +0800 o.a.d.s.m.r.t.TaskGroupCoordinator:[241] - Success deal with force start TaskGroupQueue cost: 0/ms
[INFO] 2025-10-13 11:43:58.052 +0800 o.a.d.s.m.r.t.TaskGroupCoordinator:[129] - TaskGroupCoordinator round time cost: 0/ms
[INFO] 2025-10-13 11:43:58.354 +0800 o.a.d.s.m.c.IdSlotBasedCommandFetcher:[67] - Fetch commands: 0 success, cost: 0ms, totalSlot: 1, currentSlotIndex: 0
[INFO] 2025-10-13 11:43:59.588 +0800 o.a.d.s.m.c.IdSlotBasedCommandFetcher:[67] - Fetch commands: 0 success, cost: 0ms, totalSlot: 1, currentSlotIndex: 0
[INFO] 2025-10-13 11:44:00.661 +0800 o.a.d.s.m.c.IdSlotBasedCommandFetcher:[67] - Fetch commands: 0 success, cost: 0ms, totalSlot: 1, currentSlotIndex: 0
[INFO] 2025-10-13 11:44:01.739 +0800 o.a.d.s.m.c.IdSlotBasedCommandFetcher:[67] - Fetch commands: 0 success, cost: 0ms, totalSlot: 1, currentSlotIndex: 0
[INFO] 2025-10-13 11:44:02.811 +0800 o.a.d.s.m.c.IdSlotBasedCommandFetcher:[67] - Fetch commands: 0 success, cost: 0ms, totalSlot: 1, currentSlotIndex: 0
[INFO] 2025-10-13 11:44:03.057 +0800 o.a.d.s.m.r.t.TaskGroupCoordinator:[187] - Success amend TaskGroupQueue status cost: 0/ms
[INFO] 2025-10-13 11:44:03.057 +0800 o.a.d.s.m.r.t.TaskGroupCoordinator:[241] - Success deal with force start TaskGroupQueue cost: 0/ms
[INFO] 2025-10-13 11:44:03.057 +0800 o.a.d.s.m.r.t.TaskGroupCoordinator:[129] - TaskGroupCoordinator round time cost: 0/ms
[INFO] 2025-10-13 11:44:03.883 +0800 o.a.d.s.m.c.IdSlotBasedCommandFetcher:[67] - Fetch commands: 0 success, cost: 0ms, totalSlot: 1, currentSlotIndex: 0
[INFO] 2025-10-13 11:44:04.959 +0800 o.a.d.s.m.c.IdSlotBasedCommandFetcher:[67] - Fetch commands: 0 success, cost: 0ms, totalSlot: 1, currentSlotIndex: 0
[INFO] 2025-10-13 11:44:06.036 +0800 o.a.d.s.m.c.IdSlotBasedCommandFetcher:[67] - Fetch commands: 0 success, cost: 0ms, totalSlot: 1, currentSlotIndex: 0
[INFO] 2025-10-13 11:44:07.108 +0800 o.a.d.s.m.c.IdSlotBasedCommandFetcher:[67] - Fetch commands: 0 success, cost: 0ms, totalSlot: 1, currentSlotIndex: 0
[INFO] 2025-10-13 11:44:08.062 +0800 o.a.d.s.m.r.t.TaskGroupCoordinator:[187] - Success amend TaskGroupQueue status cost: 0/ms
[INFO] 2025-10-13 11:44:08.062 +0800 o.a.d.s.m.r.t.TaskGroupCoordinator:[241] - Success deal with force start TaskGroupQueue cost: 0/ms
[INFO] 2025-10-13 11:44:08.062 +0800 o.a.d.s.m.r.t.TaskGroupCoordinator:[129] - TaskGroupCoordinator round time cost: 0/ms
[INFO] 2025-10-13 11:44:08.182 +0800 o.a.d.s.m.c.IdSlotBasedCommandFetcher:[67] - Fetch commands: 0 success, cost: 0ms, totalSlot: 1, currentSlotIndex: 0
[INFO] 2025-10-13 11:44:09.266 +0800 o.a.d.s.m.c.IdSlotBasedCommandFetcher:[67] - Fetch commands: 0 success, cost: 0ms, totalSlot: 1, currentSlotIndex: 0
[INFO] 2025-10-13 11:44:10.339 +0800 o.a.d.s.m.c.IdSlotBasedCommandFetcher:[67] - Fetch commands: 0 success, cost: 0ms, totalSlot: 1, currentSlotIndex: 0
[INFO] 2025-10-13 11:44:11.407 +0800 o.a.d.s.m.c.IdSlotBasedCommandFetcher:[67] - Fetch commands: 0 success, cost: 0ms, totalSlot: 1, currentSlotIndex: 0
[INFO] 2025-10-13 11:44:12.494 +0800 o.a.d.s.m.c.IdSlotBasedCommandFetcher:[67] - Fetch commands: 0 success, cost: 0ms, totalSlot: 1, currentSlotIndex: 0
[INFO] 2025-10-13 11:44:13.079 +0800 o.a.d.s.m.r.t.TaskGroupCoordinator:[187] - Success amend TaskGroupQueue status cost: 0/ms
[INFO] 2025-10-13 11:44:13.079 +0800 o.a.d.s.m.r.t.TaskGroupCoordinator:[241] - Success deal with force start TaskGroupQueue cost: 0/ms
[INFO] 2025-10-13 11:44:13.079 +0800 o.a.d.s.m.r.t.TaskGroupCoordinator:[129] - TaskGroupCoordinator round time cost: 0/ms
[INFO] 2025-10-13 11:44:13.699 +0800 o.a.d.s.m.c.IdSlotBasedCommandFetcher:[67] - Fetch commands: 0 success, cost: 0ms, totalSlot: 1, currentSlotIndex: 0
[INFO] 2025-10-13 11:44:14.706 +0800 o.a.d.s.m.c.IdSlotBasedCommandFetcher:[67] - Fetch commands: 0 success, cost: 0ms, totalSlot: 1, currentSlotIndex: 0
[INFO] 2025-10-13 11:44:15.707 +0800 o.a.d.s.m.c.IdSlotBasedCommandFetcher:[67] - Fetch commands: 0 success, cost: 0ms, totalSlot: 1, currentSlotIndex: 0
[INFO] 2025-10-13 11:44:16.708 +0800 o.a.d.s.m.c.IdSlotBasedCommandFetcher:[67] - Fetch commands: 0 success, cost: 0ms, totalSlot: 1, currentSlotIndex: 0
[INFO] 2025-10-13 11:44:17.709 +0800 o.a.d.s.m.c.IdSlotBasedCommandFetcher:[67] - Fetch commands: 0 success, cost: 0ms, totalSlot: 1, currentSlotIndex: 0
[INFO] 2025-10-13 11:44:18.090 +0800 o.a.d.s.m.r.t.TaskGroupCoordinator:[187] - Success amend TaskGroupQueue status cost: 0/ms
[INFO] 2025-10-13 11:44:18.090 +0800 o.a.d.s.m.r.t.TaskGroupCoordinator:[241] - Success deal with force start TaskGroupQueue cost: 0/ms
[INFO] 2025-10-13 11:44:18.090 +0800 o.a.d.s.m.r.t.TaskGroupCoordinator:[129] - TaskGroupCoordinator round time cost: 0/ms
[INFO] 2025-10-13 11:44:18.709 +0800 o.a.d.s.m.c.IdSlotBasedCommandFetcher:[67] - Fetch commands: 0 success, cost: 0ms, totalSlot: 1, currentSlotIndex: 0
[INFO] 2025-10-13 11:44:19.710 +0800 o.a.d.s.m.c.IdSlotBasedCommandFetcher:[67] - Fetch commands: 0 success, cost: 0ms, totalSlot: 1, currentSlotIndex: 0
[INFO] 2025-10-13 11:44:20.710 +0800 o.a.d.s.m.c.IdSlotBasedCommandFetcher:[67] - Fetch commands: 0 success, cost: 0ms, totalSlot: 1, currentSlotIndex: 0
[INFO] 2025-10-13 11:44:21.710 +0800 o.a.d.s.m.c.IdSlotBasedCommandFetcher:[67] - Fetch commands: 0 success, cost: 0ms, totalSlot: 1, currentSlotIndex: 0
[INFO] 2025-10-13 11:44:22.711 +0800 o.a.d.s.m.c.IdSlotBasedCommandFetcher:[67] - Fetch commands: 0 success, cost: 0ms, totalSlot: 1, currentSlotIndex: 0
[INFO] 2025-10-13 11:44:23.094 +0800 o.a.d.s.m.r.t.TaskGroupCoordinator:[187] - Success amend TaskGroupQueue status cost: 0/ms
[INFO] 2025-10-13 11:44:23.094 +0800 o.a.d.s.m.r.t.TaskGroupCoordinator:[241] - Success deal with force start TaskGroupQueue cost: 0/ms
[INFO] 2025-10-13 11:44:23.095 +0800 o.a.d.s.m.r.t.TaskGroupCoordinator:[129] - TaskGroupCoordinator round time cost: 0/ms
[INFO] 2025-10-13 11:44:23.712 +0800 o.a.d.s.m.c.IdSlotBasedCommandFetcher:[67] - Fetch commands: 0 success, cost: 0ms, totalSlot: 1, currentSlotIndex: 0
[INFO] 2025-10-13 11:44:24.713 +0800 o.a.d.s.m.c.IdSlotBasedCommandFetcher:[67] - Fetch commands: 0 success, cost: 0ms, totalSlot: 1, currentSlotIndex: 0
[INFO] 2025-10-13 11:44:25.713 +0800 o.a.d.s.m.c.IdSlotBasedCommandFetcher:[67] - Fetch commands: 0 success, cost: 0ms, totalSlot: 1, currentSlotIndex: 0
[INFO] 2025-10-13 11:44:26.816 +0800 o.a.d.s.m.c.IdSlotBasedCommandFetcher:[67] - Fetch commands: 0 success, cost: 0ms, totalSlot: 1, currentSlotIndex: 0
[INFO] 2025-10-13 11:44:27.889 +0800 o.a.d.s.m.c.IdSlotBasedCommandFetcher:[67] - Fetch commands: 0 success, cost: 0ms, totalSlot: 1, currentSlotIndex: 0
[INFO] 2025-10-13 11:44:28.098 +0800 o.a.d.s.m.r.t.TaskGroupCoordinator:[187] - Success amend TaskGroupQueue status cost: 0/ms
[INFO] 2025-10-13 11:44:28.098 +0800 o.a.d.s.m.r.t.TaskGroupCoordinator:[241] - Success deal with force start TaskGroupQueue cost: 0/ms
[INFO] 2025-10-13 11:44:28.099 +0800 o.a.d.s.m.r.t.TaskGroupCoordinator:[129] - TaskGroupCoordinator round time cost: 0/ms
[INFO] 2025-10-13 11:44:28.961 +0800 o.a.d.s.m.c.IdSlotBasedCommandFetcher:[67] - Fetch commands: 0 success, cost: 0ms, totalSlot: 1, currentSlotIndex: 0
[INFO] 2025-10-13 11:44:30.038 +0800 o.a.d.s.m.c.IdSlotBasedCommandFetcher:[67] - Fetch commands: 0 success, cost: 1ms, totalSlot: 1, currentSlotIndex: 0
[INFO] 2025-10-13 11:44:31.112 +0800 o.a.d.s.m.c.IdSlotBasedCommandFetcher:[67] - Fetch commands: 0 success, cost: 1ms, totalSlot: 1, currentSlotIndex: 0
[INFO] 2025-10-13 11:44:32.185 +0800 o.a.d.s.m.c.IdSlotBasedCommandFetcher:[67] - Fetch commands: 0 success, cost: 0ms, totalSlot: 1, currentSlotIndex: 0
[INFO] 2025-10-13 11:44:33.103 +0800 o.a.d.s.m.r.t.TaskGroupCoordinator:[187] - Success amend TaskGroupQueue status cost: 0/ms
[INFO] 2025-10-13 11:44:33.103 +0800 o.a.d.s.m.r.t.TaskGroupCoordinator:[241] - Success deal with force start TaskGroupQueue cost: 0/ms
[INFO] 2025-10-13 11:44:33.104 +0800 o.a.d.s.m.r.t.TaskGroupCoordinator:[129] - TaskGroupCoordinator round time cost: 0/ms
[INFO] 2025-10-13 11:44:33.265 +0800 o.a.d.s.m.c.IdSlotBasedCommandFetcher:[67] - Fetch commands: 0 success, cost: 0ms, totalSlot: 1, currentSlotIndex: 0
[INFO] 2025-10-13 11:44:34.338 +0800 o.a.d.s.m.c.IdSlotBasedCommandFetcher:[67] - Fetch commands: 0 success, cost: 0ms, totalSlot: 1, currentSlotIndex: 0
[INFO] 2025-10-13 11:44:35.411 +0800 o.a.d.s.m.c.IdSlotBasedCommandFetcher:[67] - Fetch commands: 0 success, cost: 0ms, totalSlot: 1, currentSlotIndex: 0
[INFO] 2025-10-13 11:44:36.488 +0800 o.a.d.s.m.c.IdSlotBasedCommandFetcher:[67] - Fetch commands: 0 success, cost: 0ms, totalSlot: 1, currentSlotIndex: 0
[INFO] 2025-10-13 11:44:37.563 +0800 o.a.d.s.m.c.IdSlotBasedCommandFetcher:[67] - Fetch commands: 0 success, cost: 0ms, totalSlot: 1, currentSlotIndex: 0
[INFO] 2025-10-13 11:44:38.111 +0800 o.a.d.s.m.r.t.TaskGroupCoordinator:[187] - Success amend TaskGroupQueue status cost: 0/ms
[INFO] 2025-10-13 11:44:38.111 +0800 o.a.d.s.m.r.t.TaskGroupCoordinator:[241] - Success deal with force start TaskGroupQueue cost: 0/ms
[INFO] 2025-10-13 11:44:38.111 +0800 o.a.d.s.m.r.t.TaskGroupCoordinator:[129] - TaskGroupCoordinator round time cost: 0/ms
[INFO] 2025-10-13 11:44:38.641 +0800 o.a.d.s.m.c.IdSlotBasedCommandFetcher:[67] - Fetch commands: 0 success, cost: 1ms, totalSlot: 1, currentSlotIndex: 0
[INFO] 2025-10-13 11:44:39.710 +0800 o.a.d.s.m.c.IdSlotBasedCommandFetcher:[67] - Fetch commands: 0 success, cost: 0ms, totalSlot: 1, currentSlotIndex: 0
[INFO] 2025-10-13 11:44:40.784 +0800 o.a.d.s.m.c.IdSlotBasedCommandFetcher:[67] - Fetch commands: 0 success, cost: 0ms, totalSlot: 1, currentSlotIndex: 0
[INFO] 2025-10-13 11:44:42.068 +0800 o.a.d.s.m.c.IdSlotBasedCommandFetcher:[67] - Fetch commands: 0 success, cost: 1ms, totalSlot: 1, currentSlotIndex: 0
[INFO] 2025-10-13 11:44:43.069 +0800 o.a.d.s.m.c.IdSlotBasedCommandFetcher:[67] - Fetch commands: 0 success, cost: 0ms, totalSlot: 1, currentSlotIndex: 0
[INFO] 2025-10-13 11:44:43.122 +0800 o.a.d.s.m.r.t.TaskGroupCoordinator:[187] - Success amend TaskGroupQueue status cost: 0/ms
[INFO] 2025-10-13 11:44:43.122 +0800 o.a.d.s.m.r.t.TaskGroupCoordinator:[241] - Success deal with force start TaskGroupQueue cost: 0/ms
[INFO] 2025-10-13 11:44:43.122 +0800 o.a.d.s.m.r.t.TaskGroupCoordinator:[129] - TaskGroupCoordinator round time cost: 1/ms
[INFO] 2025-10-13 11:44:44.070 +0800 o.a.d.s.m.c.IdSlotBasedCommandFetcher:[67] - Fetch commands: 0 success, cost: 0ms, totalSlot: 1, currentSlotIndex: 0
[INFO] 2025-10-13 11:44:45.070 +0800 o.a.d.s.m.c.IdSlotBasedCommandFetcher:[67] - Fetch commands: 0 success, cost: 0ms, totalSlot: 1, currentSlotIndex: 0
[INFO] 2025-10-13 11:44:46.070 +0800 o.a.d.s.m.c.IdSlotBasedCommandFetcher:[67] - Fetch commands: 0 success, cost: 0ms, totalSlot: 1, currentSlotIndex: 0
[INFO] 2025-10-13 11:44:47.071 +0800 o.a.d.s.m.c.IdSlotBasedCommandFetcher:[67] - Fetch commands: 0 success, cost: 0ms, totalSlot: 1, currentSlotIndex: 0
[INFO] 2025-10-13 11:44:48.081 +0800 o.a.d.s.m.c.IdSlotBasedCommandFetcher:[67] - Fetch commands: 0 success, cost: 0ms, totalSlot: 1, currentSlotIndex: 0
[INFO] 2025-10-13 11:44:48.129 +0800 o.a.d.s.m.r.t.TaskGroupCoordinator:[187] - Success amend TaskGroupQueue status cost: 0/ms
[INFO] 2025-10-13 11:44:48.129 +0800 o.a.d.s.m.r.t.TaskGroupCoordinator:[241] - Success deal with force start TaskGroupQueue cost: 0/ms
[INFO] 2025-10-13 11:44:48.129 +0800 o.a.d.s.m.r.t.TaskGroupCoordinator:[129] - TaskGroupCoordinator round time cost: 0/ms
[INFO] 2025-10-13 11:44:49.081 +0800 o.a.d.s.m.c.IdSlotBasedCommandFetcher:[67] - Fetch commands: 0 success, cost: 0ms, totalSlot: 1, currentSlotIndex: 0
[INFO] 2025-10-13 11:44:50.096 +0800 o.a.d.s.m.c.IdSlotBasedCommandFetcher:[67] - Fetch commands: 0 success, cost: 0ms, totalSlot: 1, currentSlotIndex: 0
[INFO] 2025-10-13 11:44:51.096 +0800 o.a.d.s.m.c.IdSlotBasedCommandFetcher:[67] - Fetch commands: 0 success, cost: 0ms, totalSlot: 1, currentSlotIndex: 0
[INFO] 2025-10-13 11:44:52.097 +0800 o.a.d.s.m.c.IdSlotBasedCommandFetcher:[67] - Fetch commands: 0 success, cost: 0ms, totalSlot: 1, currentSlotIndex: 0
[INFO] 2025-10-13 11:44:53.097 +0800 o.a.d.s.m.c.IdSlotBasedCommandFetcher:[67] - Fetch commands: 0 success, cost: 0ms, totalSlot: 1, currentSlotIndex: 0
[INFO] 2025-10-13 11:44:53.134 +0800 o.a.d.s.m.r.t.TaskGroupCoordinator:[187] - Success amend TaskGroupQueue status cost: 0/ms
[INFO] 2025-10-13 11:44:53.134 +0800 o.a.d.s.m.r.t.TaskGroupCoordinator:[241] - Success deal with force start TaskGroupQueue cost: 0/ms
[INFO] 2025-10-13 11:44:53.135 +0800 o.a.d.s.m.r.t.TaskGroupCoordinator:[129] - TaskGroupCoordinator round time cost: 0/ms
[INFO] 2025-10-13 11:44:54.098 +0800 o.a.d.s.m.c.IdSlotBasedCommandFetcher:[67] - Fetch commands: 0 success, cost: 0ms, totalSlot: 1, currentSlotIndex: 0
[INFO] 2025-10-13 11:44:55.098 +0800 o.a.d.s.m.c.IdSlotBasedCommandFetcher:[67] - Fetch commands: 0 success, cost: 0ms, totalSlot: 1, currentSlotIndex: 0
[INFO] 2025-10-13 11:44:56.279 +0800 o.a.d.s.m.c.IdSlotBasedCommandFetcher:[67] - Fetch commands: 0 success, cost: 0ms, totalSlot: 1, currentSlotIndex: 0
[INFO] 2025-10-13 11:44:57.281 +0800 o.a.d.s.m.c.IdSlotBasedCommandFetcher:[67] - Fetch commands: 0 success, cost: 0ms, totalSlot: 1, currentSlotIndex: 0
[INFO] 2025-10-13 11:44:58.140 +0800 o.a.d.s.m.r.t.TaskGroupCoordinator:[187] - Success amend TaskGroupQueue status cost: 0/ms
[INFO] 2025-10-13 11:44:58.140 +0800 o.a.d.s.m.r.t.TaskGroupCoordinator:[241] - Success deal with force start TaskGroupQueue cost: 0/ms
[INFO] 2025-10-13 11:44:58.140 +0800 o.a.d.s.m.r.t.TaskGroupCoordinator:[129] - TaskGroupCoordinator round time cost: 0/ms
[INFO] 2025-10-13 11:44:58.281 +0800 o.a.d.s.m.c.IdSlotBasedCommandFetcher:[67] - Fetch commands: 0 success, cost: 0ms, totalSlot: 1, currentSlotIndex: 0
[INFO] 2025-10-13 11:44:59.282 +0800 o.a.d.s.m.c.IdSlotBasedCommandFetcher:[67] - Fetch commands: 0 success, cost: 0ms, totalSlot: 1, currentSlotIndex: 0
[INFO] 2025-10-13 11:45:00.282 +0800 o.a.d.s.m.c.IdSlotBasedCommandFetcher:[67] - Fetch commands: 0 success, cost: 0ms, totalSlot: 1, currentSlotIndex: 0
[INFO] 2025-10-13 11:45:01.283 +0800 o.a.d.s.m.c.IdSlotBasedCommandFetcher:[67] - Fetch commands: 0 success, cost: 0ms, totalSlot: 1, currentSlotIndex: 0
[INFO] 2025-10-13 11:45:02.283 +0800 o.a.d.s.m.c.IdSlotBasedCommandFetcher:[67] - Fetch commands: 0 success, cost: 0ms, totalSlot: 1, currentSlotIndex: 0
[INFO] 2025-10-13 11:45:03.144 +0800 o.a.d.s.m.r.t.TaskGroupCoordinator:[187] - Success amend TaskGroupQueue status cost: 0/ms
[INFO] 2025-10-13 11:45:03.145 +0800 o.a.d.s.m.r.t.TaskGroupCoordinator:[241] - Success deal with force start TaskGroupQueue cost: 0/ms
[INFO] 2025-10-13 11:45:03.145 +0800 o.a.d.s.m.r.t.TaskGroupCoordinator:[129] - TaskGroupCoordinator round time cost: 0/ms
[INFO] 2025-10-13 11:45:03.283 +0800 o.a.d.s.m.c.IdSlotBasedCommandFetcher:[67] - Fetch commands: 0 success, cost: 0ms, totalSlot: 1, currentSlotIndex: 0
[INFO] 2025-10-13 11:45:04.284 +0800 o.a.d.s.m.c.IdSlotBasedCommandFetcher:[67] - Fetch commands: 0 success, cost: 0ms, totalSlot: 1, currentSlotIndex: 0
[INFO] 2025-10-13 11:45:05.284 +0800 o.a.d.s.m.c.IdSlotBasedCommandFetcher:[67] - Fetch commands: 0 success, cost: 0ms, totalSlot: 1, currentSlotIndex: 0
[INFO] 2025-10-13 11:45:06.285 +0800 o.a.d.s.m.c.IdSlotBasedCommandFetcher:[67] - Fetch commands: 0 success, cost: 0ms, totalSlot: 1, currentSlotIndex: 0
[INFO] 2025-10-13 11:45:07.285 +0800 o.a.d.s.m.c.IdSlotBasedCommandFetcher:[67] - Fetch commands: 0 success, cost: 0ms, totalSlot: 1, currentSlotIndex: 0
[INFO] 2025-10-13 11:45:08.149 +0800 o.a.d.s.m.r.t.TaskGroupCoordinator:[187] - Success amend TaskGroupQueue status cost: 0/ms
[INFO] 2025-10-13 11:45:08.149 +0800 o.a.d.s.m.r.t.TaskGroupCoordinator:[241] - Success deal with force start TaskGroupQueue cost: 0/ms
[INFO] 2025-10-13 11:45:08.149 +0800 o.a.d.s.m.r.t.TaskGroupCoordinator:[129] - TaskGroupCoordinator round time cost: 0/ms
[INFO] 2025-10-13 11:45:08.286 +0800 o.a.d.s.m.c.IdSlotBasedCommandFetcher:[67] - Fetch commands: 0 success, cost: 0ms, totalSlot: 1, currentSlotIndex: 0
[INFO] 2025-10-13 11:45:09.286 +0800 o.a.d.s.m.c.IdSlotBasedCommandFetcher:[67] - Fetch commands: 0 success, cost: 0ms, totalSlot: 1, currentSlotIndex: 0
[INFO] 2025-10-13 11:45:10.286 +0800 o.a.d.s.m.c.IdSlotBasedCommandFetcher:[67] - Fetch commands: 0 success, cost: 0ms, totalSlot: 1, currentSlotIndex: 0
[INFO] 2025-10-13 11:45:11.287 +0800 o.a.d.s.m.c.IdSlotBasedCommandFetcher:[67] - Fetch commands: 0 success, cost: 0ms, totalSlot: 1, currentSlotIndex: 0
[INFO] 2025-10-13 11:45:12.288 +0800 o.a.d.s.m.c.IdSlotBasedCommandFetcher:[67] - Fetch commands: 0 success, cost: 0ms, totalSlot: 1, currentSlotIndex: 0
[INFO] 2025-10-13 11:45:13.154 +0800 o.a.d.s.m.r.t.TaskGroupCoordinator:[187] - Success amend TaskGroupQueue status cost: 0/ms
[INFO] 2025-10-13 11:45:13.154 +0800 o.a.d.s.m.r.t.TaskGroupCoordinator:[241] - Success deal with force start TaskGroupQueue cost: 0/ms
[INFO] 2025-10-13 11:45:13.155 +0800 o.a.d.s.m.r.t.TaskGroupCoordinator:[129] - TaskGroupCoordinator round time cost: 0/ms
[INFO] 2025-10-13 11:45:13.289 +0800 o.a.d.s.m.c.IdSlotBasedCommandFetcher:[67] - Fetch commands: 0 success, cost: 0ms, totalSlot: 1, currentSlotIndex: 0
[INFO] 2025-10-13 11:45:14.291 +0800 o.a.d.s.m.c.IdSlotBasedCommandFetcher:[67] - Fetch commands: 0 success, cost: 0ms, totalSlot: 1, currentSlotIndex: 0
[INFO] 2025-10-13 11:45:15.292 +0800 o.a.d.s.m.c.IdSlotBasedCommandFetcher:[67] - Fetch commands: 0 success, cost: 0ms, totalSlot: 1, currentSlotIndex: 0
[INFO] 2025-10-13 11:45:16.292 +0800 o.a.d.s.m.c.IdSlotBasedCommandFetcher:[67] - Fetch commands: 0 success, cost: 0ms, totalSlot: 1, currentSlotIndex: 0
[INFO] 2025-10-13 11:45:17.293 +0800 o.a.d.s.m.c.IdSlotBasedCommandFetcher:[67] - Fetch commands: 0 success, cost: 0ms, totalSlot: 1, currentSlotIndex: 0
[INFO] 2025-10-13 11:45:18.160 +0800 o.a.d.s.m.r.t.TaskGroupCoordinator:[187] - Success amend TaskGroupQueue status cost: 0/ms
[INFO] 2025-10-13 11:45:18.160 +0800 o.a.d.s.m.r.t.TaskGroupCoordinator:[241] - Success deal with force start TaskGroupQueue cost: 0/ms
[INFO] 2025-10-13 11:45:18.160 +0800 o.a.d.s.m.r.t.TaskGroupCoordinator:[129] - TaskGroupCoordinator round time cost: 0/ms
[INFO] 2025-10-13 11:45:18.293 +0800 o.a.d.s.m.c.IdSlotBasedCommandFetcher:[67] - Fetch commands: 0 success, cost: 0ms, totalSlot: 1, currentSlotIndex: 0
[INFO] 2025-10-13 11:45:19.295 +0800 o.a.d.s.m.c.IdSlotBasedCommandFetcher:[67] - Fetch commands: 0 success, cost: 0ms, totalSlot: 1, currentSlotIndex: 0
[INFO] 2025-10-13 11:45:20.296 +0800 o.a.d.s.m.c.IdSlotBasedCommandFetcher:[67] - Fetch commands: 0 success, cost: 0ms, totalSlot: 1, currentSlotIndex: 0
[INFO] 2025-10-13 11:45:21.296 +0800 o.a.d.s.m.c.IdSlotBasedCommandFetcher:[67] - Fetch commands: 0 success, cost: 0ms, totalSlot: 1, currentSlotIndex: 0
[INFO] 2025-10-13 11:45:22.297 +0800 o.a.d.s.m.c.IdSlotBasedCommandFetcher:[67] - Fetch commands: 0 success, cost: 0ms, totalSlot: 1, currentSlotIndex: 0
[INFO] 2025-10-13 11:45:23.168 +0800 o.a.d.s.m.r.t.TaskGroupCoordinator:[187] - Success amend TaskGroupQueue status cost: 0/ms
[INFO] 2025-10-13 11:45:23.168 +0800 o.a.d.s.m.r.t.TaskGroupCoordinator:[241] - Success deal with force start TaskGroupQueue cost: 0/ms
[INFO] 2025-10-13 11:45:23.168 +0800 o.a.d.s.m.r.t.TaskGroupCoordinator:[129] - TaskGroupCoordinator round time cost: 0/ms
[INFO] 2025-10-13 11:45:23.473 +0800 o.a.d.s.m.c.IdSlotBasedCommandFetcher:[67] - Fetch commands: 0 success, cost: 0ms, totalSlot: 1, currentSlotIndex: 0
[INFO] 2025-10-13 11:45:24.481 +0800 o.a.d.s.m.c.IdSlotBasedCommandFetcher:[67] - Fetch commands: 0 success, cost: 0ms, totalSlot: 1, currentSlotIndex: 0
[INFO] 2025-10-13 11:45:25.482 +0800 o.a.d.s.m.c.IdSlotBasedCommandFetcher:[67] - Fetch commands: 0 success, cost: 0ms, totalSlot: 1, currentSlotIndex: 0
[INFO] 2025-10-13 11:45:26.482 +0800 o.a.d.s.m.c.IdSlotBasedCommandFetcher:[67] - Fetch commands: 0 success, cost: 0ms, totalSlot: 1, currentSlotIndex: 0
[INFO] 2025-10-13 11:45:27.484 +0800 o.a.d.s.m.c.IdSlotBasedCommandFetcher:[67] - Fetch commands: 0 success, cost: 0ms, totalSlot: 1, currentSlotIndex: 0
[INFO] 2025-10-13 11:45:28.176 +0800 o.a.d.s.m.r.t.TaskGroupCoordinator:[187] - Success amend TaskGroupQueue status cost: 0/ms
[INFO] 2025-10-13 11:45:28.176 +0800 o.a.d.s.m.r.t.TaskGroupCoordinator:[241] - Success deal with force start TaskGroupQueue cost: 0/ms
[INFO] 2025-10-13 11:45:28.176 +0800 o.a.d.s.m.r.t.TaskGroupCoordinator:[129] - TaskGroupCoordinator round time cost: 0/ms
[INFO] 2025-10-13 11:45:28.485 +0800 o.a.d.s.m.c.IdSlotBasedCommandFetcher:[67] - Fetch commands: 0 success, cost: 0ms, totalSlot: 1, currentSlotIndex: 0
[INFO] 2025-10-13 11:45:29.485 +0800 o.a.d.s.m.c.IdSlotBasedCommandFetcher:[67] - Fetch commands: 0 success, cost: 0ms, totalSlot: 1, currentSlotIndex: 0
[INFO] 2025-10-13 11:45:30.486 +0800 o.a.d.s.m.c.IdSlotBasedCommandFetcher:[67] - Fetch commands: 0 success, cost: 0ms, totalSlot: 1, currentSlotIndex: 0
[INFO] 2025-10-13 11:45:31.487 +0800 o.a.d.s.m.c.IdSlotBasedCommandFetcher:[67] - Fetch commands: 0 success, cost: 0ms, totalSlot: 1, currentSlotIndex: 0
[INFO] 2025-10-13 11:45:32.487 +0800 o.a.d.s.m.c.IdSlotBasedCommandFetcher:[67] - Fetch commands: 0 success, cost: 0ms, totalSlot: 1, currentSlotIndex: 0
[INFO] 2025-10-13 11:45:33.181 +0800 o.a.d.s.m.r.t.TaskGroupCoordinator:[187] - Success amend TaskGroupQueue status cost: 0/ms
[INFO] 2025-10-13 11:45:33.182 +0800 o.a.d.s.m.r.t.TaskGroupCoordinator:[241] - Success deal with force start TaskGroupQueue cost: 0/ms
[INFO] 2025-10-13 11:45:33.182 +0800 o.a.d.s.m.r.t.TaskGroupCoordinator:[129] - TaskGroupCoordinator round time cost: 0/ms
[INFO] 2025-10-13 11:45:33.488 +0800 o.a.d.s.m.c.IdSlotBasedCommandFetcher:[67] - Fetch commands: 0 success, cost: 0ms, totalSlot: 1, currentSlotIndex: 0
[INFO] 2025-10-13 11:45:34.489 +0800 o.a.d.s.m.c.IdSlotBasedCommandFetcher:[67] - Fetch commands: 0 success, cost: 0ms, totalSlot: 1, currentSlotIndex: 0
[INFO] 2025-10-13 11:45:35.489 +0800 o.a.d.s.m.c.IdSlotBasedCommandFetcher:[67] - Fetch commands: 0 success, cost: 0ms, totalSlot: 1, currentSlotIndex: 0
[INFO] 2025-10-13 11:45:36.489 +0800 o.a.d.s.m.c.IdSlotBasedCommandFetcher:[67] - Fetch commands: 0 success, cost: 0ms, totalSlot: 1, currentSlotIndex: 0
[INFO] 2025-10-13 11:45:37.750 +0800 o.a.d.s.m.c.IdSlotBasedCommandFetcher:[67] - Fetch commands: 0 success, cost: 0ms, totalSlot: 1, currentSlotIndex: 0
[INFO] 2025-10-13 11:45:38.187 +0800 o.a.d.s.m.r.t.TaskGroupCoordinator:[187] - Success amend TaskGroupQueue status cost: 0/ms
[INFO] 2025-10-13 11:45:38.187 +0800 o.a.d.s.m.r.t.TaskGroupCoordinator:[241] - Success deal with force start TaskGroupQueue cost: 0/ms
[INFO] 2025-10-13 11:45:38.187 +0800 o.a.d.s.m.r.t.TaskGroupCoordinator:[129] - TaskGroupCoordinator round time cost: 0/ms
[INFO] 2025-10-13 11:45:38.751 +0800 o.a.d.s.m.c.IdSlotBasedCommandFetcher:[67] - Fetch commands: 0 success, cost: 0ms, totalSlot: 1, currentSlotIndex: 0
[INFO] 2025-10-13 11:45:39.761 +0800 o.a.d.s.m.c.IdSlotBasedCommandFetcher:[67] - Fetch commands: 0 success, cost: 0ms, totalSlot: 1, currentSlotIndex: 0
[INFO] 2025-10-13 11:45:40.762 +0800 o.a.d.s.m.c.IdSlotBasedCommandFetcher:[67] - Fetch commands: 0 success, cost: 0ms, totalSlot: 1, currentSlotIndex: 0
[INFO] 2025-10-13 11:45:41.763 +0800 o.a.d.s.m.c.IdSlotBasedCommandFetcher:[67] - Fetch commands: 0 success, cost: 0ms, totalSlot: 1, currentSlotIndex: 0
[INFO] 2025-10-13 11:45:42.770 +0800 o.a.d.s.m.c.IdSlotBasedCommandFetcher:[67] - Fetch commands: 0 success, cost: 0ms, totalSlot: 1, currentSlotIndex: 0
[INFO] 2025-10-13 11:45:43.197 +0800 o.a.d.s.m.r.t.TaskGroupCoordinator:[187] - Success amend TaskGroupQueue status cost: 0/ms
[INFO] 2025-10-13 11:45:43.198 +0800 o.a.d.s.m.r.t.TaskGroupCoordinator:[241] - Success deal with force start TaskGroupQueue cost: 0/ms
[INFO] 2025-10-13 11:45:43.198 +0800 o.a.d.s.m.r.t.TaskGroupCoordinator:[129] - TaskGroupCoordinator round time cost: 0/ms
[INFO] 2025-10-13 11:45:43.771 +0800 o.a.d.s.m.c.IdSlotBasedCommandFetcher:[67] - Fetch commands: 0 success, cost: 0ms, totalSlot: 1, currentSlotIndex: 0
[INFO] 2025-10-13 11:45:44.771 +0800 o.a.d.s.m.c.IdSlotBasedCommandFetcher:[67] - Fetch commands: 0 success, cost: 0ms, totalSlot: 1, currentSlotIndex: 0
[INFO] 2025-10-13 11:45:45.772 +0800 o.a.d.s.m.c.IdSlotBasedCommandFetcher:[67] - Fetch commands: 0 success, cost: 0ms, totalSlot: 1, currentSlotIndex: 0
[INFO] 2025-10-13 11:45:46.773 +0800 o.a.d.s.m.c.IdSlotBasedCommandFetcher:[67] - Fetch commands: 0 success, cost: 0ms, totalSlot: 1, currentSlotIndex: 0
[INFO] 2025-10-13 11:45:47.774 +0800 o.a.d.s.m.c.IdSlotBasedCommandFetcher:[67] - Fetch commands: 0 success, cost: 0ms, totalSlot: 1, currentSlotIndex: 0
[INFO] 2025-10-13 11:45:48.202 +0800 o.a.d.s.m.r.t.TaskGroupCoordinator:[187] - Success amend TaskGroupQueue status cost: 0/ms
[INFO] 2025-10-13 11:45:48.202 +0800 o.a.d.s.m.r.t.TaskGroupCoordinator:[241] - Success deal with force start TaskGroupQueue cost: 0/ms
[INFO] 2025-10-13 11:45:48.202 +0800 o.a.d.s.m.r.t.TaskGroupCoordinator:[129] - TaskGroupCoordinator round time cost: 0/ms
[INFO] 2025-10-13 11:45:48.787 +0800 o.a.d.s.m.c.IdSlotBasedCommandFetcher:[67] - Fetch commands: 0 success, cost: 0ms, totalSlot: 1, currentSlotIndex: 0
[INFO] 2025-10-13 11:45:49.787 +0800 o.a.d.s.m.c.IdSlotBasedCommandFetcher:[67] - Fetch commands: 0 success, cost: 0ms, totalSlot: 1, currentSlotIndex: 0
[INFO] 2025-10-13 11:45:50.788 +0800 o.a.d.s.m.c.IdSlotBasedCommandFetcher:[67] - Fetch commands: 0 success, cost: 0ms, totalSlot: 1, currentSlotIndex: 0
[INFO] 2025-10-13 11:45:52.023 +0800 o.a.d.s.m.c.IdSlotBasedCommandFetcher:[67] - Fetch commands: 0 success, cost: 1ms, totalSlot: 1, currentSlotIndex: 0
[INFO] 2025-10-13 11:45:53.085 +0800 o.a.d.s.m.c.IdSlotBasedCommandFetcher:[67] - Fetch commands: 0 success, cost: 0ms, totalSlot: 1, currentSlotIndex: 0
[INFO] 2025-10-13 11:45:53.212 +0800 o.a.d.s.m.r.t.TaskGroupCoordinator:[187] - Success amend TaskGroupQueue status cost: 0/ms
[INFO] 2025-10-13 11:45:53.212 +0800 o.a.d.s.m.r.t.TaskGroupCoordinator:[241] - Success deal with force start TaskGroupQueue cost: 0/ms
[INFO] 2025-10-13 11:45:53.212 +0800 o.a.d.s.m.r.t.TaskGroupCoordinator:[129] - TaskGroupCoordinator round time cost: 0/ms
[INFO] 2025-10-13 11:45:54.158 +0800 o.a.d.s.m.c.IdSlotBasedCommandFetcher:[67] - Fetch commands: 0 success, cost: 0ms, totalSlot: 1, currentSlotIndex: 0
[INFO] 2025-10-13 11:45:55.232 +0800 o.a.d.s.m.c.IdSlotBasedCommandFetcher:[67] - Fetch commands: 0 success, cost: 0ms, totalSlot: 1, currentSlotIndex: 0
[INFO] 2025-10-13 11:45:56.303 +0800 o.a.d.s.m.c.IdSlotBasedCommandFetcher:[67] - Fetch commands: 0 success, cost: 0ms, totalSlot: 1, currentSlotIndex: 0
[INFO] 2025-10-13 11:45:57.373 +0800 o.a.d.s.m.c.IdSlotBasedCommandFetcher:[67] - Fetch commands: 0 success, cost: 0ms, totalSlot: 1, currentSlotIndex: 0
[INFO] 2025-10-13 11:45:58.217 +0800 o.a.d.s.m.r.t.TaskGroupCoordinator:[187] - Success amend TaskGroupQueue status cost: 0/ms
[INFO] 2025-10-13 11:45:58.217 +0800 o.a.d.s.m.r.t.TaskGroupCoordinator:[241] - Success deal with force start TaskGroupQueue cost: 0/ms
[INFO] 2025-10-13 11:45:58.217 +0800 o.a.d.s.m.r.t.TaskGroupCoordinator:[129] - TaskGroupCoordinator round time cost: 0/ms
[INFO] 2025-10-13 11:45:58.445 +0800 o.a.d.s.m.c.IdSlotBasedCommandFetcher:[67] - Fetch commands: 0 success, cost: 0ms, totalSlot: 1, currentSlotIndex: 0
[INFO] 2025-10-13 11:45:59.517 +0800 o.a.d.s.m.c.IdSlotBasedCommandFetcher:[67] - Fetch commands: 0 success, cost: 0ms, totalSlot: 1, currentSlotIndex: 0
[INFO] 2025-10-13 11:46:00.591 +0800 o.a.d.s.m.c.IdSlotBasedCommandFetcher:[67] - Fetch commands: 0 success, cost: 0ms, totalSlot: 1, currentSlotIndex: 0
[INFO] 2025-10-13 11:46:01.657 +0800 o.a.d.s.m.c.IdSlotBasedCommandFetcher:[67] - Fetch commands: 0 success, cost: 0ms, totalSlot: 1, currentSlotIndex: 0
[INFO] 2025-10-13 11:46:02.729 +0800 o.a.d.s.m.c.IdSlotBasedCommandFetcher:[67] - Fetch commands: 0 success, cost: 1ms, totalSlot: 1, currentSlotIndex: 0
[INFO] 2025-10-13 11:46:03.222 +0800 o.a.d.s.m.r.t.TaskGroupCoordinator:[187] - Success amend TaskGroupQueue status cost: 0/ms
[INFO] 2025-10-13 11:46:03.223 +0800 o.a.d.s.m.r.t.TaskGroupCoordinator:[241] - Success deal with force start TaskGroupQueue cost: 0/ms
[INFO] 2025-10-13 11:46:03.223 +0800 o.a.d.s.m.r.t.TaskGroupCoordinator:[129] - TaskGroupCoordinator round time cost: 0/ms
[INFO] 2025-10-13 11:46:03.805 +0800 o.a.d.s.m.c.IdSlotBasedCommandFetcher:[67] - Fetch commands: 0 success, cost: 0ms, totalSlot: 1, currentSlotIndex: 0
[INFO] 2025-10-13 11:46:04.877 +0800 o.a.d.s.m.c.IdSlotBasedCommandFetcher:[67] - Fetch commands: 0 success, cost: 0ms, totalSlot: 1, currentSlotIndex: 0
[INFO] 2025-10-13 11:46:05.949 +0800 o.a.d.s.m.c.IdSlotBasedCommandFetcher:[67] - Fetch commands: 0 success, cost: 0ms, totalSlot: 1, currentSlotIndex: 0
[INFO] 2025-10-13 11:46:07.217 +0800 o.a.d.s.m.c.IdSlotBasedCommandFetcher:[67] - Fetch commands: 0 success, cost: 0ms, totalSlot: 1, currentSlotIndex: 0
[INFO] 2025-10-13 11:46:08.218 +0800 o.a.d.s.m.c.IdSlotBasedCommandFetcher:[67] - Fetch commands: 0 success, cost: 0ms, totalSlot: 1, currentSlotIndex: 0
[INFO] 2025-10-13 11:46:08.227 +0800 o.a.d.s.m.r.t.TaskGroupCoordinator:[187] - Success amend TaskGroupQueue status cost: 0/ms
[INFO] 2025-10-13 11:46:08.227 +0800 o.a.d.s.m.r.t.TaskGroupCoordinator:[241] - Success deal with force start TaskGroupQueue cost: 0/ms
[INFO] 2025-10-13 11:46:08.227 +0800 o.a.d.s.m.r.t.TaskGroupCoordinator:[129] - TaskGroupCoordinator round time cost: 0/ms
[INFO] 2025-10-13 11:46:09.219 +0800 o.a.d.s.m.c.IdSlotBasedCommandFetcher:[67] - Fetch commands: 0 success, cost: 0ms, totalSlot: 1, currentSlotIndex: 0
[INFO] 2025-10-13 11:46:10.219 +0800 o.a.d.s.m.c.IdSlotBasedCommandFetcher:[67] - Fetch commands: 0 success, cost: 0ms, totalSlot: 1, currentSlotIndex: 0
[INFO] 2025-10-13 11:46:11.220 +0800 o.a.d.s.m.c.IdSlotBasedCommandFetcher:[67] - Fetch commands: 0 success, cost: 0ms, totalSlot: 1, currentSlotIndex: 0
[INFO] 2025-10-13 11:46:12.221 +0800 o.a.d.s.m.c.IdSlotBasedCommandFetcher:[67] - Fetch commands: 0 success, cost: 0ms, totalSlot: 1, currentSlotIndex: 0
[INFO] 2025-10-13 11:46:13.221 +0800 o.a.d.s.m.c.IdSlotBasedCommandFetcher:[67] - Fetch commands: 0 success, cost: 0ms, totalSlot: 1, currentSlotIndex: 0
[INFO] 2025-10-13 11:46:13.233 +0800 o.a.d.s.m.r.t.TaskGroupCoordinator:[187] - Success amend TaskGroupQueue status cost: 0/ms
[INFO] 2025-10-13 11:46:13.233 +0800 o.a.d.s.m.r.t.TaskGroupCoordinator:[241] - Success deal with force start TaskGroupQueue cost: 0/ms
[INFO] 2025-10-13 11:46:13.234 +0800 o.a.d.s.m.r.t.TaskGroupCoordinator:[129] - TaskGroupCoordinator round time cost: 0/ms
[INFO] 2025-10-13 11:46:14.222 +0800 o.a.d.s.m.c.IdSlotBasedCommandFetcher:[67] - Fetch commands: 0 success, cost: 0ms, totalSlot: 1, currentSlotIndex: 0
[INFO] 2025-10-13 11:46:15.223 +0800 o.a.d.s.m.c.IdSlotBasedCommandFetcher:[67] - Fetch commands: 0 success, cost: 0ms, totalSlot: 1, currentSlotIndex: 0
[INFO] 2025-10-13 11:46:16.223 +0800 o.a.d.s.m.c.IdSlotBasedCommandFetcher:[67] - Fetch commands: 0 success, cost: 0ms, totalSlot: 1, currentSlotIndex: 0
[INFO] 2025-10-13 11:46:17.223 +0800 o.a.d.s.m.c.IdSlotBasedCommandFetcher:[67] - Fetch commands: 0 success, cost: 0ms, totalSlot: 1, currentSlotIndex: 0
[INFO] 2025-10-13 11:46:18.224 +0800 o.a.d.s.m.c.IdSlotBasedCommandFetcher:[67] - Fetch commands: 0 success, cost: 0ms, totalSlot: 1, currentSlotIndex: 0
[INFO] 2025-10-13 11:46:18.238 +0800 o.a.d.s.m.r.t.TaskGroupCoordinator:[187] - Success amend TaskGroupQueue status cost: 0/ms
[INFO] 2025-10-13 11:46:18.239 +0800 o.a.d.s.m.r.t.TaskGroupCoordinator:[241] - Success deal with force start TaskGroupQueue cost: 0/ms
[INFO] 2025-10-13 11:46:18.239 +0800 o.a.d.s.m.r.t.TaskGroupCoordinator:[129] - TaskGroupCoordinator round time cost: 0/ms
[INFO] 2025-10-13 11:46:19.224 +0800 o.a.d.s.m.c.IdSlotBasedCommandFetcher:[67] - Fetch commands: 0 success, cost: 0ms, totalSlot: 1, currentSlotIndex: 0
[INFO] 2025-10-13 11:46:20.225 +0800 o.a.d.s.m.c.IdSlotBasedCommandFetcher:[67] - Fetch commands: 0 success, cost: 0ms, totalSlot: 1, currentSlotIndex: 0
[INFO] 2025-10-13 11:46:21.225 +0800 o.a.d.s.m.c.IdSlotBasedCommandFetcher:[67] - Fetch commands: 0 success, cost: 0ms, totalSlot: 1, currentSlotIndex: 0
[INFO] 2025-10-13 11:46:22.485 +0800 o.a.d.s.m.c.IdSlotBasedCommandFetcher:[67] - Fetch commands: 0 success, cost: 0ms, totalSlot: 1, currentSlotIndex: 0
[INFO] 2025-10-13 11:46:23.243 +0800 o.a.d.s.m.r.t.TaskGroupCoordinator:[187] - Success amend TaskGroupQueue status cost: 0/ms
[INFO] 2025-10-13 11:46:23.244 +0800 o.a.d.s.m.r.t.TaskGroupCoordinator:[241] - Success deal with force start TaskGroupQueue cost: 0/ms
[INFO] 2025-10-13 11:46:23.244 +0800 o.a.d.s.m.r.t.TaskGroupCoordinator:[129] - TaskGroupCoordinator round time cost: 0/ms
[INFO] 2025-10-13 11:46:23.485 +0800 o.a.d.s.m.c.IdSlotBasedCommandFetcher:[67] - Fetch commands: 0 success, cost: 0ms, totalSlot: 1, currentSlotIndex: 0
[INFO] 2025-10-13 11:46:24.485 +0800 o.a.d.s.m.c.IdSlotBasedCommandFetcher:[67] - Fetch commands: 0 success, cost: 0ms, totalSlot: 1, currentSlotIndex: 0
[INFO] 2025-10-13 11:46:25.486 +0800 o.a.d.s.m.c.IdSlotBasedCommandFetcher:[67] - Fetch commands: 0 success, cost: 0ms, totalSlot: 1, currentSlotIndex: 0
[INFO] 2025-10-13 11:46:26.486 +0800 o.a.d.s.m.c.IdSlotBasedCommandFetcher:[67] - Fetch commands: 0 success, cost: 0ms, totalSlot: 1, currentSlotIndex: 0
[INFO] 2025-10-13 11:46:27.487 +0800 o.a.d.s.m.c.IdSlotBasedCommandFetcher:[67] - Fetch commands: 0 success, cost: 0ms, totalSlot: 1, currentSlotIndex: 0
[INFO] 2025-10-13 11:46:28.248 +0800 o.a.d.s.m.r.t.TaskGroupCoordinator:[187] - Success amend TaskGroupQueue status cost: 0/ms
[INFO] 2025-10-13 11:46:28.249 +0800 o.a.d.s.m.r.t.TaskGroupCoordinator:[241] - Success deal with force start TaskGroupQueue cost: 0/ms
[INFO] 2025-10-13 11:46:28.249 +0800 o.a.d.s.m.r.t.TaskGroupCoordinator:[129] - TaskGroupCoordinator round time cost: 0/ms
[INFO] 2025-10-13 11:46:28.487 +0800 o.a.d.s.m.c.IdSlotBasedCommandFetcher:[67] - Fetch commands: 0 success, cost: 0ms, totalSlot: 1, currentSlotIndex: 0
[INFO] 2025-10-13 11:46:29.488 +0800 o.a.d.s.m.c.IdSlotBasedCommandFetcher:[67] - Fetch commands: 0 success, cost: 0ms, totalSlot: 1, currentSlotIndex: 0
[INFO] 2025-10-13 11:46:30.488 +0800 o.a.d.s.m.c.IdSlotBasedCommandFetcher:[67] - Fetch commands: 0 success, cost: 0ms, totalSlot: 1, currentSlotIndex: 0
[INFO] 2025-10-13 11:46:31.488 +0800 o.a.d.s.m.c.IdSlotBasedCommandFetcher:[67] - Fetch commands: 0 success, cost: 0ms, totalSlot: 1, currentSlotIndex: 0
[INFO] 2025-10-13 11:46:32.488 +0800 o.a.d.s.m.c.IdSlotBasedCommandFetcher:[67] - Fetch commands: 0 success, cost: 0ms, totalSlot: 1, currentSlotIndex: 0
[INFO] 2025-10-13 11:46:33.254 +0800 o.a.d.s.m.r.t.TaskGroupCoordinator:[187] - Success amend TaskGroupQueue status cost: 0/ms
[INFO] 2025-10-13 11:46:33.254 +0800 o.a.d.s.m.r.t.TaskGroupCoordinator:[241] - Success deal with force start TaskGroupQueue cost: 0/ms
[INFO] 2025-10-13 11:46:33.254 +0800 o.a.d.s.m.r.t.TaskGroupCoordinator:[129] - TaskGroupCoordinator round time cost: 0/ms
[INFO] 2025-10-13 11:46:33.488 +0800 o.a.d.s.m.c.IdSlotBasedCommandFetcher:[67] - Fetch commands: 0 success, cost: 0ms, totalSlot: 1, currentSlotIndex: 0
[INFO] 2025-10-13 11:46:34.488 +0800 o.a.d.s.m.c.IdSlotBasedCommandFetcher:[67] - Fetch commands: 0 success, cost: 0ms, totalSlot: 1, currentSlotIndex: 0
[INFO] 2025-10-13 11:46:35.489 +0800 o.a.d.s.m.c.IdSlotBasedCommandFetcher:[67] - Fetch commands: 0 success, cost: 0ms, totalSlot: 1, currentSlotIndex: 0
[INFO] 2025-10-13 11:46:36.489 +0800 o.a.d.s.m.c.IdSlotBasedCommandFetcher:[67] - Fetch commands: 0 success, cost: 0ms, totalSlot: 1, currentSlotIndex: 0
[INFO] 2025-10-13 11:46:37.751 +0800 o.a.d.s.m.c.IdSlotBasedCommandFetcher:[67] - Fetch commands: 0 success, cost: 0ms, totalSlot: 1, currentSlotIndex: 0
[INFO] 2025-10-13 11:46:38.259 +0800 o.a.d.s.m.r.t.TaskGroupCoordinator:[187] - Success amend TaskGroupQueue status cost: 0/ms
[INFO] 2025-10-13 11:46:38.259 +0800 o.a.d.s.m.r.t.TaskGroupCoordinator:[241] - Success deal with force start TaskGroupQueue cost: 0/ms
[INFO] 2025-10-13 11:46:38.259 +0800 o.a.d.s.m.r.t.TaskGroupCoordinator:[129] - TaskGroupCoordinator round time cost: 0/ms
[INFO] 2025-10-13 11:46:38.752 +0800 o.a.d.s.m.c.IdSlotBasedCommandFetcher:[67] - Fetch commands: 0 success, cost: 0ms, totalSlot: 1, currentSlotIndex: 0
[INFO] 2025-10-13 11:46:39.753 +0800 o.a.d.s.m.c.IdSlotBasedCommandFetcher:[67] - Fetch commands: 0 success, cost: 0ms, totalSlot: 1, currentSlotIndex: 0
[INFO] 2025-10-13 11:46:40.753 +0800 o.a.d.s.m.c.IdSlotBasedCommandFetcher:[67] - Fetch commands: 0 success, cost: 0ms, totalSlot: 1, currentSlotIndex: 0
[INFO] 2025-10-13 11:46:41.754 +0800 o.a.d.s.m.c.IdSlotBasedCommandFetcher:[67] - Fetch commands: 0 success, cost: 0ms, totalSlot: 1, currentSlotIndex: 0
[INFO] 2025-10-13 11:46:42.757 +0800 o.a.d.s.m.c.IdSlotBasedCommandFetcher:[67] - Fetch commands: 0 success, cost: 0ms, totalSlot: 1, currentSlotIndex: 0
[INFO] 2025-10-13 11:46:43.271 +0800 o.a.d.s.m.r.t.TaskGroupCoordinator:[187] - Success amend TaskGroupQueue status cost: 0/ms
[INFO] 2025-10-13 11:46:43.272 +0800 o.a.d.s.m.r.t.TaskGroupCoordinator:[241] - Success deal with force start TaskGroupQueue cost: 0/ms
[INFO] 2025-10-13 11:46:43.272 +0800 o.a.d.s.m.r.t.TaskGroupCoordinator:[129] - TaskGroupCoordinator round time cost: 0/ms
[INFO] 2025-10-13 11:46:43.757 +0800 o.a.d.s.m.c.IdSlotBasedCommandFetcher:[67] - Fetch commands: 0 success, cost: 0ms, totalSlot: 1, currentSlotIndex: 0
[INFO] 2025-10-13 11:46:44.769 +0800 o.a.d.s.m.c.IdSlotBasedCommandFetcher:[67] - Fetch commands: 0 success, cost: 0ms, totalSlot: 1, currentSlotIndex: 0
[INFO] 2025-10-13 11:46:45.769 +0800 o.a.d.s.m.c.IdSlotBasedCommandFetcher:[67] - Fetch commands: 0 success, cost: 0ms, totalSlot: 1, currentSlotIndex: 0
[INFO] 2025-10-13 11:46:46.773 +0800 o.a.d.s.m.c.IdSlotBasedCommandFetcher:[67] - Fetch commands: 0 success, cost: 0ms, totalSlot: 1, currentSlotIndex: 0
[INFO] 2025-10-13 11:46:47.774 +0800 o.a.d.s.m.c.IdSlotBasedCommandFetcher:[67] - Fetch commands: 0 success, cost: 0ms, totalSlot: 1, currentSlotIndex: 0
[INFO] 2025-10-13 11:46:48.278 +0800 o.a.d.s.m.r.t.TaskGroupCoordinator:[187] - Success amend TaskGroupQueue status cost: 0/ms
[INFO] 2025-10-13 11:46:48.279 +0800 o.a.d.s.m.r.t.TaskGroupCoordinator:[241] - Success deal with force start TaskGroupQueue cost: 0/ms
[INFO] 2025-10-13 11:46:48.279 +0800 o.a.d.s.m.r.t.TaskGroupCoordinator:[129] - TaskGroupCoordinator round time cost: 0/ms
[INFO] 2025-10-13 11:46:48.775 +0800 o.a.d.s.m.c.IdSlotBasedCommandFetcher:[67] - Fetch commands: 0 success, cost: 0ms, totalSlot: 1, currentSlotIndex: 0
[INFO] 2025-10-13 11:46:49.776 +0800 o.a.d.s.m.c.IdSlotBasedCommandFetcher:[67] - Fetch commands: 0 success, cost: 0ms, totalSlot: 1, currentSlotIndex: 0
[INFO] 2025-10-13 11:46:50.784 +0800 o.a.d.s.m.c.IdSlotBasedCommandFetcher:[67] - Fetch commands: 0 success, cost: 0ms, totalSlot: 1, currentSlotIndex: 0
[INFO] 2025-10-13 11:46:51.785 +0800 o.a.d.s.m.c.IdSlotBasedCommandFetcher:[67] - Fetch commands: 0 success, cost: 0ms, totalSlot: 1, currentSlotIndex: 0
[INFO] 2025-10-13 11:46:52.786 +0800 o.a.d.s.m.c.IdSlotBasedCommandFetcher:[67] - Fetch commands: 0 success, cost: 0ms, totalSlot: 1, currentSlotIndex: 0
[INFO] 2025-10-13 11:46:53.283 +0800 o.a.d.s.m.r.t.TaskGroupCoordinator:[187] - Success amend TaskGroupQueue status cost: 0/ms
[INFO] 2025-10-13 11:46:53.283 +0800 o.a.d.s.m.r.t.TaskGroupCoordinator:[241] - Success deal with force start TaskGroupQueue cost: 0/ms
[INFO] 2025-10-13 11:46:53.283 +0800 o.a.d.s.m.r.t.TaskGroupCoordinator:[129] - TaskGroupCoordinator round time cost: 0/ms
[INFO] 2025-10-13 11:46:53.798 +0800 o.a.d.s.m.c.IdSlotBasedCommandFetcher:[67] - Fetch commands: 0 success, cost: 0ms, totalSlot: 1, currentSlotIndex: 0
[INFO] 2025-10-13 11:46:54.799 +0800 o.a.d.s.m.c.IdSlotBasedCommandFetcher:[67] - Fetch commands: 0 success, cost: 0ms, totalSlot: 1, currentSlotIndex: 0
[INFO] 2025-10-13 11:46:55.806 +0800 o.a.d.s.m.c.IdSlotBasedCommandFetcher:[67] - Fetch commands: 0 success, cost: 0ms, totalSlot: 1, currentSlotIndex: 0
[INFO] 2025-10-13 11:46:56.806 +0800 o.a.d.s.m.c.IdSlotBasedCommandFetcher:[67] - Fetch commands: 0 success, cost: 0ms, totalSlot: 1, currentSlotIndex: 0
[INFO] 2025-10-13 11:46:57.808 +0800 o.a.d.s.m.c.IdSlotBasedCommandFetcher:[67] - Fetch commands: 0 success, cost: 0ms, totalSlot: 1, currentSlotIndex: 0
[INFO] 2025-10-13 11:46:58.287 +0800 o.a.d.s.m.r.t.TaskGroupCoordinator:[187] - Success amend TaskGroupQueue status cost: 0/ms
[INFO] 2025-10-13 11:46:58.287 +0800 o.a.d.s.m.r.t.TaskGroupCoordinator:[241] - Success deal with force start TaskGroupQueue cost: 0/ms
[INFO] 2025-10-13 11:46:58.287 +0800 o.a.d.s.m.r.t.TaskGroupCoordinator:[129] - TaskGroupCoordinator round time cost: 0/ms
[INFO] 2025-10-13 11:46:58.817 +0800 o.a.d.s.m.c.IdSlotBasedCommandFetcher:[67] - Fetch commands: 0 success, cost: 0ms, totalSlot: 1, currentSlotIndex: 0
[INFO] 2025-10-13 11:46:59.818 +0800 o.a.d.s.m.c.IdSlotBasedCommandFetcher:[67] - Fetch commands: 0 success, cost: 0ms, totalSlot: 1, currentSlotIndex: 0
[INFO] 2025-10-13 11:47:00.821 +0800 o.a.d.s.m.c.IdSlotBasedCommandFetcher:[67] - Fetch commands: 0 success, cost: 0ms, totalSlot: 1, currentSlotIndex: 0
[INFO] 2025-10-13 11:47:01.822 +0800 o.a.d.s.m.c.IdSlotBasedCommandFetcher:[67] - Fetch commands: 0 success, cost: 0ms, totalSlot: 1, currentSlotIndex: 0
[INFO] 2025-10-13 11:47:02.822 +0800 o.a.d.s.m.c.IdSlotBasedCommandFetcher:[67] - Fetch commands: 0 success, cost: 0ms, totalSlot: 1, currentSlotIndex: 0
[INFO] 2025-10-13 11:47:03.292 +0800 o.a.d.s.m.r.t.TaskGroupCoordinator:[187] - Success amend TaskGroupQueue status cost: 0/ms
[INFO] 2025-10-13 11:47:03.292 +0800 o.a.d.s.m.r.t.TaskGroupCoordinator:[241] - Success deal with force start TaskGroupQueue cost: 0/ms
[INFO] 2025-10-13 11:47:03.292 +0800 o.a.d.s.m.r.t.TaskGroupCoordinator:[129] - TaskGroupCoordinator round time cost: 0/ms
[INFO] 2025-10-13 11:47:03.822 +0800 o.a.d.s.m.c.IdSlotBasedCommandFetcher:[67] - Fetch commands: 0 success, cost: 0ms, totalSlot: 1, currentSlotIndex: 0
[INFO] 2025-10-13 11:47:04.822 +0800 o.a.d.s.m.c.IdSlotBasedCommandFetcher:[67] - Fetch commands: 0 success, cost: 0ms, totalSlot: 1, currentSlotIndex: 0
[INFO] 2025-10-13 11:47:05.830 +0800 o.a.d.s.m.c.IdSlotBasedCommandFetcher:[67] - Fetch commands: 0 success, cost: 0ms, totalSlot: 1, currentSlotIndex: 0
[INFO] 2025-10-13 11:47:07.096 +0800 o.a.d.s.m.c.IdSlotBasedCommandFetcher:[67] - Fetch commands: 0 success, cost: 0ms, totalSlot: 1, currentSlotIndex: 0
[INFO] 2025-10-13 11:47:08.096 +0800 o.a.d.s.m.c.IdSlotBasedCommandFetcher:[67] - Fetch commands: 0 success, cost: 0ms, totalSlot: 1, currentSlotIndex: 0
[INFO] 2025-10-13 11:47:08.297 +0800 o.a.d.s.m.r.t.TaskGroupCoordinator:[187] - Success amend TaskGroupQueue status cost: 0/ms
[INFO] 2025-10-13 11:47:08.297 +0800 o.a.d.s.m.r.t.TaskGroupCoordinator:[241] - Success deal with force start TaskGroupQueue cost: 0/ms
[INFO] 2025-10-13 11:47:08.297 +0800 o.a.d.s.m.r.t.TaskGroupCoordinator:[129] - TaskGroupCoordinator round time cost: 0/ms
[INFO] 2025-10-13 11:47:09.096 +0800 o.a.d.s.m.c.IdSlotBasedCommandFetcher:[67] - Fetch commands: 0 success, cost: 0ms, totalSlot: 1, currentSlotIndex: 0
[INFO] 2025-10-13 11:47:10.097 +0800 o.a.d.s.m.c.IdSlotBasedCommandFetcher:[67] - Fetch commands: 0 success, cost: 0ms, totalSlot: 1, currentSlotIndex: 0
[INFO] 2025-10-13 11:47:11.097 +0800 o.a.d.s.m.c.IdSlotBasedCommandFetcher:[67] - Fetch commands: 0 success, cost: 0ms, totalSlot: 1, currentSlotIndex: 0
[INFO] 2025-10-13 11:47:12.098 +0800 o.a.d.s.m.c.IdSlotBasedCommandFetcher:[67] - Fetch commands: 0 success, cost: 0ms, totalSlot: 1, currentSlotIndex: 0
[INFO] 2025-10-13 11:47:13.098 +0800 o.a.d.s.m.c.IdSlotBasedCommandFetcher:[67] - Fetch commands: 0 success, cost: 0ms, totalSlot: 1, currentSlotIndex: 0
[INFO] 2025-10-13 11:47:13.302 +0800 o.a.d.s.m.r.t.TaskGroupCoordinator:[187] - Success amend TaskGroupQueue status cost: 0/ms
[INFO] 2025-10-13 11:47:13.304 +0800 o.a.d.s.m.r.t.TaskGroupCoordinator:[241] - Success deal with force start TaskGroupQueue cost: 0/ms
[INFO] 2025-10-13 11:47:13.304 +0800 o.a.d.s.m.r.t.TaskGroupCoordinator:[129] - TaskGroupCoordinator round time cost: 0/ms
[INFO] 2025-10-13 11:47:14.098 +0800 o.a.d.s.m.c.IdSlotBasedCommandFetcher:[67] - Fetch commands: 0 success, cost: 0ms, totalSlot: 1, currentSlotIndex: 0
[INFO] 2025-10-13 11:47:15.099 +0800 o.a.d.s.m.c.IdSlotBasedCommandFetcher:[67] - Fetch commands: 0 success, cost: 0ms, totalSlot: 1, currentSlotIndex: 0
[INFO] 2025-10-13 11:47:16.099 +0800 o.a.d.s.m.c.IdSlotBasedCommandFetcher:[67] - Fetch commands: 0 success, cost: 0ms, totalSlot: 1, currentSlotIndex: 0
[INFO] 2025-10-13 11:47:17.099 +0800 o.a.d.s.m.c.IdSlotBasedCommandFetcher:[67] - Fetch commands: 0 success, cost: 0ms, totalSlot: 1, currentSlotIndex: 0
[INFO] 2025-10-13 11:47:18.100 +0800 o.a.d.s.m.c.IdSlotBasedCommandFetcher:[67] - Fetch commands: 0 success, cost: 0ms, totalSlot: 1, currentSlotIndex: 0
[INFO] 2025-10-13 11:47:18.308 +0800 o.a.d.s.m.r.t.TaskGroupCoordinator:[187] - Success amend TaskGroupQueue status cost: 0/ms
[INFO] 2025-10-13 11:47:18.308 +0800 o.a.d.s.m.r.t.TaskGroupCoordinator:[241] - Success deal with force start TaskGroupQueue cost: 0/ms
[INFO] 2025-10-13 11:47:18.308 +0800 o.a.d.s.m.r.t.TaskGroupCoordinator:[129] - TaskGroupCoordinator round time cost: 0/ms
[INFO] 2025-10-13 11:47:19.101 +0800 o.a.d.s.m.c.IdSlotBasedCommandFetcher:[67] - Fetch commands: 0 success, cost: 0ms, totalSlot: 1, currentSlotIndex: 0
[INFO] 2025-10-13 11:47:20.103 +0800 o.a.d.s.m.c.IdSlotBasedCommandFetcher:[67] - Fetch commands: 0 success, cost: 0ms, totalSlot: 1, currentSlotIndex: 0
[INFO] 2025-10-13 11:47:21.103 +0800 o.a.d.s.m.c.IdSlotBasedCommandFetcher:[67] - Fetch commands: 0 success, cost: 0ms, totalSlot: 1, currentSlotIndex: 0
[INFO] 2025-10-13 11:47:22.328 +0800 o.a.d.s.m.c.IdSlotBasedCommandFetcher:[67] - Fetch commands: 0 success, cost: 0ms, totalSlot: 1, currentSlotIndex: 0
[INFO] 2025-10-13 11:47:23.312 +0800 o.a.d.s.m.r.t.TaskGroupCoordinator:[187] - Success amend TaskGroupQueue status cost: 0/ms
[INFO] 2025-10-13 11:47:23.313 +0800 o.a.d.s.m.r.t.TaskGroupCoordinator:[241] - Success deal with force start TaskGroupQueue cost: 0/ms
[INFO] 2025-10-13 11:47:23.313 +0800 o.a.d.s.m.r.t.TaskGroupCoordinator:[129] - TaskGroupCoordinator round time cost: 0/ms
[INFO] 2025-10-13 11:47:23.334 +0800 o.a.d.s.m.c.IdSlotBasedCommandFetcher:[67] - Fetch commands: 0 success, cost: 0ms, totalSlot: 1, currentSlotIndex: 0
[INFO] 2025-10-13 11:47:24.335 +0800 o.a.d.s.m.c.IdSlotBasedCommandFetcher:[67] - Fetch commands: 0 success, cost: 0ms, totalSlot: 1, currentSlotIndex: 0
[INFO] 2025-10-13 11:47:25.335 +0800 o.a.d.s.m.c.IdSlotBasedCommandFetcher:[67] - Fetch commands: 0 success, cost: 0ms, totalSlot: 1, currentSlotIndex: 0
[INFO] 2025-10-13 11:47:26.336 +0800 o.a.d.s.m.c.IdSlotBasedCommandFetcher:[67] - Fetch commands: 0 success, cost: 0ms, totalSlot: 1, currentSlotIndex: 0
[INFO] 2025-10-13 11:47:27.337 +0800 o.a.d.s.m.c.IdSlotBasedCommandFetcher:[67] - Fetch commands: 0 success, cost: 0ms, totalSlot: 1, currentSlotIndex: 0
[INFO] 2025-10-13 11:47:28.318 +0800 o.a.d.s.m.r.t.TaskGroupCoordinator:[187] - Success amend TaskGroupQueue status cost: 0/ms
[INFO] 2025-10-13 11:47:28.318 +0800 o.a.d.s.m.r.t.TaskGroupCoordinator:[241] - Success deal with force start TaskGroupQueue cost: 0/ms
[INFO] 2025-10-13 11:47:28.318 +0800 o.a.d.s.m.r.t.TaskGroupCoordinator:[129] - TaskGroupCoordinator round time cost: 0/ms
[INFO] 2025-10-13 11:47:28.337 +0800 o.a.d.s.m.c.IdSlotBasedCommandFetcher:[67] - Fetch commands: 0 success, cost: 0ms, totalSlot: 1, currentSlotIndex: 0
[INFO] 2025-10-13 11:47:29.338 +0800 o.a.d.s.m.c.IdSlotBasedCommandFetcher:[67] - Fetch commands: 0 success, cost: 0ms, totalSlot: 1, currentSlotIndex: 0
[INFO] 2025-10-13 11:47:30.339 +0800 o.a.d.s.m.c.IdSlotBasedCommandFetcher:[67] - Fetch commands: 0 success, cost: 0ms, totalSlot: 1, currentSlotIndex: 0
[INFO] 2025-10-13 11:47:31.340 +0800 o.a.d.s.m.c.IdSlotBasedCommandFetcher:[67] - Fetch commands: 0 success, cost: 0ms, totalSlot: 1, currentSlotIndex: 0
[INFO] 2025-10-13 11:47:32.341 +0800 o.a.d.s.m.c.IdSlotBasedCommandFetcher:[67] - Fetch commands: 0 success, cost: 0ms, totalSlot: 1, currentSlotIndex: 0
[INFO] 2025-10-13 11:47:33.324 +0800 o.a.d.s.m.r.t.TaskGroupCoordinator:[187] - Success amend TaskGroupQueue status cost: 0/ms
[INFO] 2025-10-13 11:47:33.325 +0800 o.a.d.s.m.r.t.TaskGroupCoordinator:[241] - Success deal with force start TaskGroupQueue cost: 0/ms
[INFO] 2025-10-13 11:47:33.325 +0800 o.a.d.s.m.r.t.TaskGroupCoordinator:[129] - TaskGroupCoordinator round time cost: 0/ms
[INFO] 2025-10-13 11:47:33.341 +0800 o.a.d.s.m.c.IdSlotBasedCommandFetcher:[67] - Fetch commands: 0 success, cost: 0ms, totalSlot: 1, currentSlotIndex: 0
[INFO] 2025-10-13 11:47:34.342 +0800 o.a.d.s.m.c.IdSlotBasedCommandFetcher:[67] - Fetch commands: 0 success, cost: 0ms, totalSlot: 1, currentSlotIndex: 0
[INFO] 2025-10-13 11:47:35.343 +0800 o.a.d.s.m.c.IdSlotBasedCommandFetcher:[67] - Fetch commands: 0 success, cost: 0ms, totalSlot: 1, currentSlotIndex: 0
[INFO] 2025-10-13 11:47:36.473 +0800 o.a.d.s.m.c.IdSlotBasedCommandFetcher:[67] - Fetch commands: 0 success, cost: 0ms, totalSlot: 1, currentSlotIndex: 0
[INFO] 2025-10-13 11:47:37.544 +0800 o.a.d.s.m.c.IdSlotBasedCommandFetcher:[67] - Fetch commands: 0 success, cost: 0ms, totalSlot: 1, currentSlotIndex: 0
[INFO] 2025-10-13 11:47:38.335 +0800 o.a.d.s.m.r.t.TaskGroupCoordinator:[187] - Success amend TaskGroupQueue status cost: 0/ms
[INFO] 2025-10-13 11:47:38.335 +0800 o.a.d.s.m.r.t.TaskGroupCoordinator:[241] - Success deal with force start TaskGroupQueue cost: 0/ms
[INFO] 2025-10-13 11:47:38.335 +0800 o.a.d.s.m.r.t.TaskGroupCoordinator:[129] - TaskGroupCoordinator round time cost: 0/ms
[INFO] 2025-10-13 11:47:38.618 +0800 o.a.d.s.m.c.IdSlotBasedCommandFetcher:[67] - Fetch commands: 0 success, cost: 0ms, totalSlot: 1, currentSlotIndex: 0
[INFO] 2025-10-13 11:47:39.687 +0800 o.a.d.s.m.c.IdSlotBasedCommandFetcher:[67] - Fetch commands: 0 success, cost: 0ms, totalSlot: 1, currentSlotIndex: 0
[INFO] 2025-10-13 11:47:40.760 +0800 o.a.d.s.m.c.IdSlotBasedCommandFetcher:[67] - Fetch commands: 0 success, cost: 0ms, totalSlot: 1, currentSlotIndex: 0
[INFO] 2025-10-13 11:47:41.831 +0800 o.a.d.s.m.c.IdSlotBasedCommandFetcher:[67] - Fetch commands: 0 success, cost: 0ms, totalSlot: 1, currentSlotIndex: 0
[INFO] 2025-10-13 11:47:42.902 +0800 o.a.d.s.m.c.IdSlotBasedCommandFetcher:[67] - Fetch commands: 0 success, cost: 0ms, totalSlot: 1, currentSlotIndex: 0
[INFO] 2025-10-13 11:47:43.344 +0800 o.a.d.s.m.r.t.TaskGroupCoordinator:[187] - Success amend TaskGroupQueue status cost: 0/ms
[INFO] 2025-10-13 11:47:43.345 +0800 o.a.d.s.m.r.t.TaskGroupCoordinator:[241] - Success deal with force start TaskGroupQueue cost: 0/ms
[INFO] 2025-10-13 11:47:43.345 +0800 o.a.d.s.m.r.t.TaskGroupCoordinator:[129] - TaskGroupCoordinator round time cost: 0/ms
[INFO] 2025-10-13 11:47:43.972 +0800 o.a.d.s.m.c.IdSlotBasedCommandFetcher:[67] - Fetch commands: 0 success, cost: 1ms, totalSlot: 1, currentSlotIndex: 0
[INFO] 2025-10-13 11:47:45.043 +0800 o.a.d.s.m.c.IdSlotBasedCommandFetcher:[67] - Fetch commands: 0 success, cost: 0ms, totalSlot: 1, currentSlotIndex: 0
[INFO] 2025-10-13 11:47:46.109 +0800 o.a.d.s.m.c.IdSlotBasedCommandFetcher:[67] - Fetch commands: 0 success, cost: 0ms, totalSlot: 1, currentSlotIndex: 0
[INFO] 2025-10-13 11:47:47.182 +0800 o.a.d.s.m.c.IdSlotBasedCommandFetcher:[67] - Fetch commands: 0 success, cost: 0ms, totalSlot: 1, currentSlotIndex: 0
[INFO] 2025-10-13 11:47:48.257 +0800 o.a.d.s.m.c.IdSlotBasedCommandFetcher:[67] - Fetch commands: 0 success, cost: 0ms, totalSlot: 1, currentSlotIndex: 0
[INFO] 2025-10-13 11:47:48.349 +0800 o.a.d.s.m.r.t.TaskGroupCoordinator:[187] - Success amend TaskGroupQueue status cost: 0/ms
[INFO] 2025-10-13 11:47:48.349 +0800 o.a.d.s.m.r.t.TaskGroupCoordinator:[241] - Success deal with force start TaskGroupQueue cost: 0/ms
[INFO] 2025-10-13 11:47:48.350 +0800 o.a.d.s.m.r.t.TaskGroupCoordinator:[129] - TaskGroupCoordinator round time cost: 0/ms
[INFO] 2025-10-13 11:47:49.450 +0800 o.a.d.s.m.c.IdSlotBasedCommandFetcher:[67] - Fetch commands: 0 success, cost: 0ms, totalSlot: 1, currentSlotIndex: 0
[INFO] 2025-10-13 11:47:50.451 +0800 o.a.d.s.m.c.IdSlotBasedCommandFetcher:[67] - Fetch commands: 0 success, cost: 0ms, totalSlot: 1, currentSlotIndex: 0
[INFO] 2025-10-13 11:47:51.466 +0800 o.a.d.s.m.c.IdSlotBasedCommandFetcher:[67] - Fetch commands: 0 success, cost: 0ms, totalSlot: 1, currentSlotIndex: 0
[INFO] 2025-10-13 11:47:52.466 +0800 o.a.d.s.m.c.IdSlotBasedCommandFetcher:[67] - Fetch commands: 0 success, cost: 0ms, totalSlot: 1, currentSlotIndex: 0
[INFO] 2025-10-13 11:47:53.355 +0800 o.a.d.s.m.r.t.TaskGroupCoordinator:[187] - Success amend TaskGroupQueue status cost: 0/ms
[INFO] 2025-10-13 11:47:53.355 +0800 o.a.d.s.m.r.t.TaskGroupCoordinator:[241] - Success deal with force start TaskGroupQueue cost: 0/ms
[INFO] 2025-10-13 11:47:53.355 +0800 o.a.d.s.m.r.t.TaskGroupCoordinator:[129] - TaskGroupCoordinator round time cost: 0/ms
[INFO] 2025-10-13 11:47:53.467 +0800 o.a.d.s.m.c.IdSlotBasedCommandFetcher:[67] - Fetch commands: 0 success, cost: 0ms, totalSlot: 1, currentSlotIndex: 0
[INFO] 2025-10-13 11:47:54.472 +0800 o.a.d.s.m.c.IdSlotBasedCommandFetcher:[67] - Fetch commands: 0 success, cost: 0ms, totalSlot: 1, currentSlotIndex: 0
[INFO] 2025-10-13 11:47:55.474 +0800 o.a.d.s.m.c.IdSlotBasedCommandFetcher:[67] - Fetch commands: 0 success, cost: 0ms, totalSlot: 1, currentSlotIndex: 0
[INFO] 2025-10-13 11:47:56.480 +0800 o.a.d.s.m.c.IdSlotBasedCommandFetcher:[67] - Fetch commands: 0 success, cost: 0ms, totalSlot: 1, currentSlotIndex: 0
[INFO] 2025-10-13 11:47:57.481 +0800 o.a.d.s.m.c.IdSlotBasedCommandFetcher:[67] - Fetch commands: 0 success, cost: 0ms, totalSlot: 1, currentSlotIndex: 0
[INFO] 2025-10-13 11:47:58.361 +0800 o.a.d.s.m.r.t.TaskGroupCoordinator:[187] - Success amend TaskGroupQueue status cost: 0/ms
[INFO] 2025-10-13 11:47:58.361 +0800 o.a.d.s.m.r.t.TaskGroupCoordinator:[241] - Success deal with force start TaskGroupQueue cost: 0/ms
[INFO] 2025-10-13 11:47:58.361 +0800 o.a.d.s.m.r.t.TaskGroupCoordinator:[129] - TaskGroupCoordinator round time cost: 0/ms
[INFO] 2025-10-13 11:47:58.481 +0800 o.a.d.s.m.c.IdSlotBasedCommandFetcher:[67] - Fetch commands: 0 success, cost: 0ms, totalSlot: 1, currentSlotIndex: 0
[INFO] 2025-10-13 11:47:59.482 +0800 o.a.d.s.m.c.IdSlotBasedCommandFetcher:[67] - Fetch commands: 0 success, cost: 0ms, totalSlot: 1, currentSlotIndex: 0
[INFO] 2025-10-13 11:48:00.482 +0800 o.a.d.s.m.c.IdSlotBasedCommandFetcher:[67] - Fetch commands: 0 success, cost: 0ms, totalSlot: 1, currentSlotIndex: 0
[INFO] 2025-10-13 11:48:01.482 +0800 o.a.d.s.m.c.IdSlotBasedCommandFetcher:[67] - Fetch commands: 0 success, cost: 0ms, totalSlot: 1, currentSlotIndex: 0
[INFO] 2025-10-13 11:48:02.713 +0800 o.a.d.s.m.c.IdSlotBasedCommandFetcher:[67] - Fetch commands: 0 success, cost: 0ms, totalSlot: 1, currentSlotIndex: 0
[INFO] 2025-10-13 11:48:03.366 +0800 o.a.d.s.m.r.t.TaskGroupCoordinator:[187] - Success amend TaskGroupQueue status cost: 0/ms
[INFO] 2025-10-13 11:48:03.366 +0800 o.a.d.s.m.r.t.TaskGroupCoordinator:[241] - Success deal with force start TaskGroupQueue cost: 0/ms
[INFO] 2025-10-13 11:48:03.366 +0800 o.a.d.s.m.r.t.TaskGroupCoordinator:[129] - TaskGroupCoordinator round time cost: 0/ms
[INFO] 2025-10-13 11:48:03.714 +0800 o.a.d.s.m.c.IdSlotBasedCommandFetcher:[67] - Fetch commands: 0 success, cost: 0ms, totalSlot: 1, currentSlotIndex: 0
[INFO] 2025-10-13 11:48:04.727 +0800 o.a.d.s.m.c.IdSlotBasedCommandFetcher:[67] - Fetch commands: 0 success, cost: 0ms, totalSlot: 1, currentSlotIndex: 0
[INFO] 2025-10-13 11:48:05.727 +0800 o.a.d.s.m.c.IdSlotBasedCommandFetcher:[67] - Fetch commands: 0 success, cost: 0ms, totalSlot: 1, currentSlotIndex: 0
[INFO] 2025-10-13 11:48:06.728 +0800 o.a.d.s.m.c.IdSlotBasedCommandFetcher:[67] - Fetch commands: 0 success, cost: 0ms, totalSlot: 1, currentSlotIndex: 0
[INFO] 2025-10-13 11:48:07.728 +0800 o.a.d.s.m.c.IdSlotBasedCommandFetcher:[67] - Fetch commands: 0 success, cost: 0ms, totalSlot: 1, currentSlotIndex: 0
[INFO] 2025-10-13 11:48:08.371 +0800 o.a.d.s.m.r.t.TaskGroupCoordinator:[187] - Success amend TaskGroupQueue status cost: 0/ms
[INFO] 2025-10-13 11:48:08.371 +0800 o.a.d.s.m.r.t.TaskGroupCoordinator:[241] - Success deal with force start TaskGroupQueue cost: 0/ms
[INFO] 2025-10-13 11:48:08.371 +0800 o.a.d.s.m.r.t.TaskGroupCoordinator:[129] - TaskGroupCoordinator round time cost: 0/ms
[INFO] 2025-10-13 11:48:08.729 +0800 o.a.d.s.m.c.IdSlotBasedCommandFetcher:[67] - Fetch commands: 0 success, cost: 0ms, totalSlot: 1, currentSlotIndex: 0
[INFO] 2025-10-13 11:48:09.729 +0800 o.a.d.s.m.c.IdSlotBasedCommandFetcher:[67] - Fetch commands: 0 success, cost: 0ms, totalSlot: 1, currentSlotIndex: 0
[INFO] 2025-10-13 11:48:10.730 +0800 o.a.d.s.m.c.IdSlotBasedCommandFetcher:[67] - Fetch commands: 0 success, cost: 0ms, totalSlot: 1, currentSlotIndex: 0
[INFO] 2025-10-13 11:48:11.730 +0800 o.a.d.s.m.c.IdSlotBasedCommandFetcher:[67] - Fetch commands: 0 success, cost: 0ms, totalSlot: 1, currentSlotIndex: 0
[INFO] 2025-10-13 11:48:12.730 +0800 o.a.d.s.m.c.IdSlotBasedCommandFetcher:[67] - Fetch commands: 0 success, cost: 0ms, totalSlot: 1, currentSlotIndex: 0
[INFO] 2025-10-13 11:48:13.376 +0800 o.a.d.s.m.r.t.TaskGroupCoordinator:[187] - Success amend TaskGroupQueue status cost: 0/ms
[INFO] 2025-10-13 11:48:13.376 +0800 o.a.d.s.m.r.t.TaskGroupCoordinator:[241] - Success deal with force start TaskGroupQueue cost: 0/ms
[INFO] 2025-10-13 11:48:13.376 +0800 o.a.d.s.m.r.t.TaskGroupCoordinator:[129] - TaskGroupCoordinator round time cost: 0/ms
[INFO] 2025-10-13 11:48:13.730 +0800 o.a.d.s.m.c.IdSlotBasedCommandFetcher:[67] - Fetch commands: 0 success, cost: 0ms, totalSlot: 1, currentSlotIndex: 0
[INFO] 2025-10-13 11:48:14.732 +0800 o.a.d.s.m.c.IdSlotBasedCommandFetcher:[67] - Fetch commands: 0 success, cost: 0ms, totalSlot: 1, currentSlotIndex: 0
[INFO] 2025-10-13 11:48:15.732 +0800 o.a.d.s.m.c.IdSlotBasedCommandFetcher:[67] - Fetch commands: 0 success, cost: 0ms, totalSlot: 1, currentSlotIndex: 0
[INFO] 2025-10-13 11:48:16.940 +0800 o.a.d.s.m.c.IdSlotBasedCommandFetcher:[67] - Fetch commands: 0 success, cost: 0ms, totalSlot: 1, currentSlotIndex: 0
[INFO] 2025-10-13 11:48:17.942 +0800 o.a.d.s.m.c.IdSlotBasedCommandFetcher:[67] - Fetch commands: 0 success, cost: 0ms, totalSlot: 1, currentSlotIndex: 0
[INFO] 2025-10-13 11:48:18.382 +0800 o.a.d.s.m.r.t.TaskGroupCoordinator:[187] - Success amend TaskGroupQueue status cost: 0/ms
[INFO] 2025-10-13 11:48:18.382 +0800 o.a.d.s.m.r.t.TaskGroupCoordinator:[241] - Success deal with force start TaskGroupQueue cost: 0/ms
[INFO] 2025-10-13 11:48:18.382 +0800 o.a.d.s.m.r.t.TaskGroupCoordinator:[129] - TaskGroupCoordinator round time cost: 0/ms
[INFO] 2025-10-13 11:48:18.942 +0800 o.a.d.s.m.c.IdSlotBasedCommandFetcher:[67] - Fetch commands: 0 success, cost: 0ms, totalSlot: 1, currentSlotIndex: 0
[INFO] 2025-10-13 11:48:19.943 +0800 o.a.d.s.m.c.IdSlotBasedCommandFetcher:[67] - Fetch commands: 0 success, cost: 0ms, totalSlot: 1, currentSlotIndex: 0
[INFO] 2025-10-13 11:48:20.953 +0800 o.a.d.s.m.c.IdSlotBasedCommandFetcher:[67] - Fetch commands: 0 success, cost: 0ms, totalSlot: 1, currentSlotIndex: 0
[INFO] 2025-10-13 11:48:21.953 +0800 o.a.d.s.m.c.IdSlotBasedCommandFetcher:[67] - Fetch commands: 0 success, cost: 0ms, totalSlot: 1, currentSlotIndex: 0
[INFO] 2025-10-13 11:48:22.955 +0800 o.a.d.s.m.c.IdSlotBasedCommandFetcher:[67] - Fetch commands: 0 success, cost: 0ms, totalSlot: 1, currentSlotIndex: 0
[INFO] 2025-10-13 11:48:23.386 +0800 o.a.d.s.m.r.t.TaskGroupCoordinator:[187] - Success amend TaskGroupQueue status cost: 0/ms
[INFO] 2025-10-13 11:48:23.386 +0800 o.a.d.s.m.r.t.TaskGroupCoordinator:[241] - Success deal with force start TaskGroupQueue cost: 0/ms
[INFO] 2025-10-13 11:48:23.386 +0800 o.a.d.s.m.r.t.TaskGroupCoordinator:[129] - TaskGroupCoordinator round time cost: 0/ms
[INFO] 2025-10-13 11:48:23.955 +0800 o.a.d.s.m.c.IdSlotBasedCommandFetcher:[67] - Fetch commands: 0 success, cost: 0ms, totalSlot: 1, currentSlotIndex: 0
[INFO] 2025-10-13 11:48:24.966 +0800 o.a.d.s.m.c.IdSlotBasedCommandFetcher:[67] - Fetch commands: 0 success, cost: 0ms, totalSlot: 1, currentSlotIndex: 0
[INFO] 2025-10-13 11:48:25.967 +0800 o.a.d.s.m.c.IdSlotBasedCommandFetcher:[67] - Fetch commands: 0 success, cost: 0ms, totalSlot: 1, currentSlotIndex: 0
[INFO] 2025-10-13 11:48:26.968 +0800 o.a.d.s.m.c.IdSlotBasedCommandFetcher:[67] - Fetch commands: 0 success, cost: 0ms, totalSlot: 1, currentSlotIndex: 0
[INFO] 2025-10-13 11:48:27.968 +0800 o.a.d.s.m.c.IdSlotBasedCommandFetcher:[67] - Fetch commands: 0 success, cost: 0ms, totalSlot: 1, currentSlotIndex: 0
[INFO] 2025-10-13 11:48:28.392 +0800 o.a.d.s.m.r.t.TaskGroupCoordinator:[187] - Success amend TaskGroupQueue status cost: 0/ms
[INFO] 2025-10-13 11:48:28.392 +0800 o.a.d.s.m.r.t.TaskGroupCoordinator:[241] - Success deal with force start TaskGroupQueue cost: 0/ms
[INFO] 2025-10-13 11:48:28.392 +0800 o.a.d.s.m.r.t.TaskGroupCoordinator:[129] - TaskGroupCoordinator round time cost: 0/ms
[INFO] 2025-10-13 11:48:28.969 +0800 o.a.d.s.m.c.IdSlotBasedCommandFetcher:[67] - Fetch commands: 0 success, cost: 0ms, totalSlot: 1, currentSlotIndex: 0
[INFO] 2025-10-13 11:48:29.969 +0800 o.a.d.s.m.c.IdSlotBasedCommandFetcher:[67] - Fetch commands: 0 success, cost: 0ms, totalSlot: 1, currentSlotIndex: 0
[INFO] 2025-10-13 11:48:31.146 +0800 o.a.d.s.m.c.IdSlotBasedCommandFetcher:[67] - Fetch commands: 0 success, cost: 0ms, totalSlot: 1, currentSlotIndex: 0
[INFO] 2025-10-13 11:48:32.146 +0800 o.a.d.s.m.c.IdSlotBasedCommandFetcher:[67] - Fetch commands: 0 success, cost: 0ms, totalSlot: 1, currentSlotIndex: 0
[INFO] 2025-10-13 11:48:33.147 +0800 o.a.d.s.m.c.IdSlotBasedCommandFetcher:[67] - Fetch commands: 0 success, cost: 0ms, totalSlot: 1, currentSlotIndex: 0
[INFO] 2025-10-13 11:48:33.397 +0800 o.a.d.s.m.r.t.TaskGroupCoordinator:[187] - Success amend TaskGroupQueue status cost: 0/ms
[INFO] 2025-10-13 11:48:33.397 +0800 o.a.d.s.m.r.t.TaskGroupCoordinator:[241] - Success deal with force start TaskGroupQueue cost: 0/ms
[INFO] 2025-10-13 11:48:33.397 +0800 o.a.d.s.m.r.t.TaskGroupCoordinator:[129] - TaskGroupCoordinator round time cost: 0/ms
[INFO] 2025-10-13 11:48:34.148 +0800 o.a.d.s.m.c.IdSlotBasedCommandFetcher:[67] - Fetch commands: 0 success, cost: 0ms, totalSlot: 1, currentSlotIndex: 0
[INFO] 2025-10-13 11:48:35.148 +0800 o.a.d.s.m.c.IdSlotBasedCommandFetcher:[67] - Fetch commands: 0 success, cost: 0ms, totalSlot: 1, currentSlotIndex: 0
[INFO] 2025-10-13 11:48:36.149 +0800 o.a.d.s.m.c.IdSlotBasedCommandFetcher:[67] - Fetch commands: 0 success, cost: 0ms, totalSlot: 1, currentSlotIndex: 0
[INFO] 2025-10-13 11:48:37.149 +0800 o.a.d.s.m.c.IdSlotBasedCommandFetcher:[67] - Fetch commands: 0 success, cost: 0ms, totalSlot: 1, currentSlotIndex: 0
[INFO] 2025-10-13 11:48:38.151 +0800 o.a.d.s.m.c.IdSlotBasedCommandFetcher:[67] - Fetch commands: 0 success, cost: 0ms, totalSlot: 1, currentSlotIndex: 0
[INFO] 2025-10-13 11:48:38.406 +0800 o.a.d.s.m.r.t.TaskGroupCoordinator:[187] - Success amend TaskGroupQueue status cost: 0/ms
[INFO] 2025-10-13 11:48:38.407 +0800 o.a.d.s.m.r.t.TaskGroupCoordinator:[241] - Success deal with force start TaskGroupQueue cost: 0/ms
[INFO] 2025-10-13 11:48:38.407 +0800 o.a.d.s.m.r.t.TaskGroupCoordinator:[129] - TaskGroupCoordinator round time cost: 0/ms
[INFO] 2025-10-13 11:48:39.152 +0800 o.a.d.s.m.c.IdSlotBasedCommandFetcher:[67] - Fetch commands: 0 success, cost: 0ms, totalSlot: 1, currentSlotIndex: 0
[INFO] 2025-10-13 11:48:40.153 +0800 o.a.d.s.m.c.IdSlotBasedCommandFetcher:[67] - Fetch commands: 0 success, cost: 0ms, totalSlot: 1, currentSlotIndex: 0
[INFO] 2025-10-13 11:48:41.158 +0800 o.a.d.s.m.c.IdSlotBasedCommandFetcher:[67] - Fetch commands: 0 success, cost: 0ms, totalSlot: 1, currentSlotIndex: 0
[INFO] 2025-10-13 11:48:42.159 +0800 o.a.d.s.m.c.IdSlotBasedCommandFetcher:[67] - Fetch commands: 0 success, cost: 0ms, totalSlot: 1, currentSlotIndex: 0
[INFO] 2025-10-13 11:48:43.173 +0800 o.a.d.s.m.c.IdSlotBasedCommandFetcher:[67] - Fetch commands: 0 success, cost: 0ms, totalSlot: 1, currentSlotIndex: 0
[INFO] 2025-10-13 11:48:43.415 +0800 o.a.d.s.m.r.t.TaskGroupCoordinator:[187] - Success amend TaskGroupQueue status cost: 0/ms
[INFO] 2025-10-13 11:48:43.415 +0800 o.a.d.s.m.r.t.TaskGroupCoordinator:[241] - Success deal with force start TaskGroupQueue cost: 0/ms
[INFO] 2025-10-13 11:48:43.415 +0800 o.a.d.s.m.r.t.TaskGroupCoordinator:[129] - TaskGroupCoordinator round time cost: 0/ms
[INFO] 2025-10-13 11:48:44.174 +0800 o.a.d.s.m.c.IdSlotBasedCommandFetcher:[67] - Fetch commands: 0 success, cost: 0ms, totalSlot: 1, currentSlotIndex: 0
[INFO] 2025-10-13 11:48:45.174 +0800 o.a.d.s.m.c.IdSlotBasedCommandFetcher:[67] - Fetch commands: 0 success, cost: 0ms, totalSlot: 1, currentSlotIndex: 0
[INFO] 2025-10-13 11:48:46.178 +0800 o.a.d.s.m.c.IdSlotBasedCommandFetcher:[67] - Fetch commands: 0 success, cost: 0ms, totalSlot: 1, currentSlotIndex: 0
[INFO] 2025-10-13 11:48:47.178 +0800 o.a.d.s.m.c.IdSlotBasedCommandFetcher:[67] - Fetch commands: 0 success, cost: 0ms, totalSlot: 1, currentSlotIndex: 0
[INFO] 2025-10-13 11:48:48.179 +0800 o.a.d.s.m.c.IdSlotBasedCommandFetcher:[67] - Fetch commands: 0 success, cost: 0ms, totalSlot: 1, currentSlotIndex: 0
[INFO] 2025-10-13 11:48:48.419 +0800 o.a.d.s.m.r.t.TaskGroupCoordinator:[187] - Success amend TaskGroupQueue status cost: 0/ms
[INFO] 2025-10-13 11:48:48.421 +0800 o.a.d.s.m.r.t.TaskGroupCoordinator:[241] - Success deal with force start TaskGroupQueue cost: 0/ms
[INFO] 2025-10-13 11:48:48.421 +0800 o.a.d.s.m.r.t.TaskGroupCoordinator:[129] - TaskGroupCoordinator round time cost: 0/ms
[INFO] 2025-10-13 11:48:49.179 +0800 o.a.d.s.m.c.IdSlotBasedCommandFetcher:[67] - Fetch commands: 0 success, cost: 0ms, totalSlot: 1, currentSlotIndex: 0
[INFO] 2025-10-13 11:48:50.180 +0800 o.a.d.s.m.c.IdSlotBasedCommandFetcher:[67] - Fetch commands: 0 success, cost: 0ms, totalSlot: 1, currentSlotIndex: 0
[INFO] 2025-10-13 11:48:51.181 +0800 o.a.d.s.m.c.IdSlotBasedCommandFetcher:[67] - Fetch commands: 0 success, cost: 0ms, totalSlot: 1, currentSlotIndex: 0
[INFO] 2025-10-13 11:48:52.182 +0800 o.a.d.s.m.c.IdSlotBasedCommandFetcher:[67] - Fetch commands: 0 success, cost: 0ms, totalSlot: 1, currentSlotIndex: 0
[INFO] 2025-10-13 11:48:53.182 +0800 o.a.d.s.m.c.IdSlotBasedCommandFetcher:[67] - Fetch commands: 0 success, cost: 0ms, totalSlot: 1, currentSlotIndex: 0
[INFO] 2025-10-13 11:48:53.428 +0800 o.a.d.s.m.r.t.TaskGroupCoordinator:[187] - Success amend TaskGroupQueue status cost: 0/ms
[INFO] 2025-10-13 11:48:53.428 +0800 o.a.d.s.m.r.t.TaskGroupCoordinator:[241] - Success deal with force start TaskGroupQueue cost: 0/ms
[INFO] 2025-10-13 11:48:53.428 +0800 o.a.d.s.m.r.t.TaskGroupCoordinator:[129] - TaskGroupCoordinator round time cost: 0/ms
[INFO] 2025-10-13 11:48:54.182 +0800 o.a.d.s.m.c.IdSlotBasedCommandFetcher:[67] - Fetch commands: 0 success, cost: 0ms, totalSlot: 1, currentSlotIndex: 0
[INFO] 2025-10-13 11:48:55.183 +0800 o.a.d.s.m.c.IdSlotBasedCommandFetcher:[67] - Fetch commands: 0 success, cost: 0ms, totalSlot: 1, currentSlotIndex: 0
[INFO] 2025-10-13 11:48:56.183 +0800 o.a.d.s.m.c.IdSlotBasedCommandFetcher:[67] - Fetch commands: 0 success, cost: 0ms, totalSlot: 1, currentSlotIndex: 0
[INFO] 2025-10-13 11:48:57.343 +0800 o.a.d.s.m.c.IdSlotBasedCommandFetcher:[67] - Fetch commands: 0 success, cost: 0ms, totalSlot: 1, currentSlotIndex: 0
[INFO] 2025-10-13 11:48:58.415 +0800 o.a.d.s.m.c.IdSlotBasedCommandFetcher:[67] - Fetch commands: 0 success, cost: 0ms, totalSlot: 1, currentSlotIndex: 0
[INFO] 2025-10-13 11:48:58.434 +0800 o.a.d.s.m.r.t.TaskGroupCoordinator:[187] - Success amend TaskGroupQueue status cost: 0/ms
[INFO] 2025-10-13 11:48:58.434 +0800 o.a.d.s.m.r.t.TaskGroupCoordinator:[241] - Success deal with force start TaskGroupQueue cost: 0/ms
[INFO] 2025-10-13 11:48:58.434 +0800 o.a.d.s.m.r.t.TaskGroupCoordinator:[129] - TaskGroupCoordinator round time cost: 0/ms
[INFO] 2025-10-13 11:48:59.497 +0800 o.a.d.s.m.c.IdSlotBasedCommandFetcher:[67] - Fetch commands: 0 success, cost: 1ms, totalSlot: 1, currentSlotIndex: 0
[INFO] 2025-10-13 11:49:00.568 +0800 o.a.d.s.m.c.IdSlotBasedCommandFetcher:[67] - Fetch commands: 0 success, cost: 1ms, totalSlot: 1, currentSlotIndex: 0
[INFO] 2025-10-13 11:49:01.648 +0800 o.a.d.s.m.c.IdSlotBasedCommandFetcher:[67] - Fetch commands: 0 success, cost: 0ms, totalSlot: 1, currentSlotIndex: 0
[INFO] 2025-10-13 11:49:02.722 +0800 o.a.d.s.m.c.IdSlotBasedCommandFetcher:[67] - Fetch commands: 0 success, cost: 1ms, totalSlot: 1, currentSlotIndex: 0
[INFO] 2025-10-13 11:49:03.440 +0800 o.a.d.s.m.r.t.TaskGroupCoordinator:[187] - Success amend TaskGroupQueue status cost: 0/ms
[INFO] 2025-10-13 11:49:03.440 +0800 o.a.d.s.m.r.t.TaskGroupCoordinator:[241] - Success deal with force start TaskGroupQueue cost: 0/ms
[INFO] 2025-10-13 11:49:03.440 +0800 o.a.d.s.m.r.t.TaskGroupCoordinator:[129] - TaskGroupCoordinator round time cost: 0/ms
[INFO] 2025-10-13 11:49:03.803 +0800 o.a.d.s.m.c.IdSlotBasedCommandFetcher:[67] - Fetch commands: 0 success, cost: 0ms, totalSlot: 1, currentSlotIndex: 0
[INFO] 2025-10-13 11:49:04.892 +0800 o.a.d.s.m.c.IdSlotBasedCommandFetcher:[67] - Fetch commands: 0 success, cost: 0ms, totalSlot: 1, currentSlotIndex: 0
[INFO] 2025-10-13 11:49:05.968 +0800 o.a.d.s.m.c.IdSlotBasedCommandFetcher:[67] - Fetch commands: 0 success, cost: 0ms, totalSlot: 1, currentSlotIndex: 0
[INFO] 2025-10-13 11:49:07.047 +0800 o.a.d.s.m.c.IdSlotBasedCommandFetcher:[67] - Fetch commands: 0 success, cost: 0ms, totalSlot: 1, currentSlotIndex: 0
[INFO] 2025-10-13 11:49:08.125 +0800 o.a.d.s.m.c.IdSlotBasedCommandFetcher:[67] - Fetch commands: 0 success, cost: 1ms, totalSlot: 1, currentSlotIndex: 0
[INFO] 2025-10-13 11:49:08.453 +0800 o.a.d.s.m.r.t.TaskGroupCoordinator:[187] - Success amend TaskGroupQueue status cost: 0/ms
[INFO] 2025-10-13 11:49:08.454 +0800 o.a.d.s.m.r.t.TaskGroupCoordinator:[241] - Success deal with force start TaskGroupQueue cost: 0/ms
[INFO] 2025-10-13 11:49:08.454 +0800 o.a.d.s.m.r.t.TaskGroupCoordinator:[129] - TaskGroupCoordinator round time cost: 0/ms
[INFO] 2025-10-13 11:49:09.255 +0800 o.a.d.s.m.c.IdSlotBasedCommandFetcher:[67] - Fetch commands: 0 success, cost: 0ms, totalSlot: 1, currentSlotIndex: 0
[INFO] 2025-10-13 11:49:10.257 +0800 o.a.d.s.m.c.IdSlotBasedCommandFetcher:[67] - Fetch commands: 0 success, cost: 0ms, totalSlot: 1, currentSlotIndex: 0
[INFO] 2025-10-13 11:49:11.258 +0800 o.a.d.s.m.c.IdSlotBasedCommandFetcher:[67] - Fetch commands: 0 success, cost: 0ms, totalSlot: 1, currentSlotIndex: 0
[INFO] 2025-10-13 11:49:12.259 +0800 o.a.d.s.m.c.IdSlotBasedCommandFetcher:[67] - Fetch commands: 0 success, cost: 0ms, totalSlot: 1, currentSlotIndex: 0
[INFO] 2025-10-13 11:49:13.260 +0800 o.a.d.s.m.c.IdSlotBasedCommandFetcher:[67] - Fetch commands: 0 success, cost: 0ms, totalSlot: 1, currentSlotIndex: 0
[INFO] 2025-10-13 11:49:13.459 +0800 o.a.d.s.m.r.t.TaskGroupCoordinator:[187] - Success amend TaskGroupQueue status cost: 0/ms
[INFO] 2025-10-13 11:49:13.460 +0800 o.a.d.s.m.r.t.TaskGroupCoordinator:[241] - Success deal with force start TaskGroupQueue cost: 0/ms
[INFO] 2025-10-13 11:49:13.460 +0800 o.a.d.s.m.r.t.TaskGroupCoordinator:[129] - TaskGroupCoordinator round time cost: 0/ms
[INFO] 2025-10-13 11:49:14.260 +0800 o.a.d.s.m.c.IdSlotBasedCommandFetcher:[67] - Fetch commands: 0 success, cost: 0ms, totalSlot: 1, currentSlotIndex: 0
[INFO] 2025-10-13 11:49:15.260 +0800 o.a.d.s.m.c.IdSlotBasedCommandFetcher:[67] - Fetch commands: 0 success, cost: 0ms, totalSlot: 1, currentSlotIndex: 0
[INFO] 2025-10-13 11:49:16.260 +0800 o.a.d.s.m.c.IdSlotBasedCommandFetcher:[67] - Fetch commands: 0 success, cost: 0ms, totalSlot: 1, currentSlotIndex: 0
[INFO] 2025-10-13 11:49:17.261 +0800 o.a.d.s.m.c.IdSlotBasedCommandFetcher:[67] - Fetch commands: 0 success, cost: 0ms, totalSlot: 1, currentSlotIndex: 0
[INFO] 2025-10-13 11:49:18.272 +0800 o.a.d.s.m.c.IdSlotBasedCommandFetcher:[67] - Fetch commands: 0 success, cost: 0ms, totalSlot: 1, currentSlotIndex: 0
[INFO] 2025-10-13 11:49:18.465 +0800 o.a.d.s.m.r.t.TaskGroupCoordinator:[187] - Success amend TaskGroupQueue status cost: 0/ms
[INFO] 2025-10-13 11:49:18.465 +0800 o.a.d.s.m.r.t.TaskGroupCoordinator:[241] - Success deal with force start TaskGroupQueue cost: 0/ms
[INFO] 2025-10-13 11:49:18.465 +0800 o.a.d.s.m.r.t.TaskGroupCoordinator:[129] - TaskGroupCoordinator round time cost: 0/ms
[INFO] 2025-10-13 11:49:19.272 +0800 o.a.d.s.m.c.IdSlotBasedCommandFetcher:[67] - Fetch commands: 0 success, cost: 0ms, totalSlot: 1, currentSlotIndex: 0
[INFO] 2025-10-13 11:49:20.285 +0800 o.a.d.s.m.c.IdSlotBasedCommandFetcher:[67] - Fetch commands: 0 success, cost: 0ms, totalSlot: 1, currentSlotIndex: 0
[INFO] 2025-10-13 11:49:21.286 +0800 o.a.d.s.m.c.IdSlotBasedCommandFetcher:[67] - Fetch commands: 0 success, cost: 0ms, totalSlot: 1, currentSlotIndex: 0
[INFO] 2025-10-13 11:49:22.424 +0800 o.a.d.s.m.c.IdSlotBasedCommandFetcher:[67] - Fetch commands: 0 success, cost: 0ms, totalSlot: 1, currentSlotIndex: 0
[INFO] 2025-10-13 11:49:23.468 +0800 o.a.d.s.m.r.t.TaskGroupCoordinator:[187] - Success amend TaskGroupQueue status cost: 0/ms
[INFO] 2025-10-13 11:49:23.470 +0800 o.a.d.s.m.r.t.TaskGroupCoordinator:[241] - Success deal with force start TaskGroupQueue cost: 0/ms
[INFO] 2025-10-13 11:49:23.470 +0800 o.a.d.s.m.r.t.TaskGroupCoordinator:[129] - TaskGroupCoordinator round time cost: 0/ms
[INFO] 2025-10-13 11:49:23.491 +0800 o.a.d.s.m.c.IdSlotBasedCommandFetcher:[67] - Fetch commands: 0 success, cost: 0ms, totalSlot: 1, currentSlotIndex: 0
[INFO] 2025-10-13 11:49:24.685 +0800 o.a.d.s.m.c.IdSlotBasedCommandFetcher:[67] - Fetch commands: 0 success, cost: 0ms, totalSlot: 1, currentSlotIndex: 0
[INFO] 2025-10-13 11:49:25.686 +0800 o.a.d.s.m.c.IdSlotBasedCommandFetcher:[67] - Fetch commands: 0 success, cost: 0ms, totalSlot: 1, currentSlotIndex: 0
[INFO] 2025-10-13 11:49:26.699 +0800 o.a.d.s.m.c.IdSlotBasedCommandFetcher:[67] - Fetch commands: 0 success, cost: 0ms, totalSlot: 1, currentSlotIndex: 0
[INFO] 2025-10-13 11:49:27.699 +0800 o.a.d.s.m.c.IdSlotBasedCommandFetcher:[67] - Fetch commands: 0 success, cost: 0ms, totalSlot: 1, currentSlotIndex: 0
[INFO] 2025-10-13 11:49:28.475 +0800 o.a.d.s.m.r.t.TaskGroupCoordinator:[187] - Success amend TaskGroupQueue status cost: 0/ms
[INFO] 2025-10-13 11:49:28.475 +0800 o.a.d.s.m.r.t.TaskGroupCoordinator:[241] - Success deal with force start TaskGroupQueue cost: 0/ms
[INFO] 2025-10-13 11:49:28.475 +0800 o.a.d.s.m.r.t.TaskGroupCoordinator:[129] - TaskGroupCoordinator round time cost: 0/ms
[INFO] 2025-10-13 11:49:28.700 +0800 o.a.d.s.m.c.IdSlotBasedCommandFetcher:[67] - Fetch commands: 0 success, cost: 0ms, totalSlot: 1, currentSlotIndex: 0
[INFO] 2025-10-13 11:49:29.700 +0800 o.a.d.s.m.c.IdSlotBasedCommandFetcher:[67] - Fetch commands: 0 success, cost: 0ms, totalSlot: 1, currentSlotIndex: 0
[INFO] 2025-10-13 11:49:30.700 +0800 o.a.d.s.m.c.IdSlotBasedCommandFetcher:[67] - Fetch commands: 0 success, cost: 0ms, totalSlot: 1, currentSlotIndex: 0
[INFO] 2025-10-13 11:49:31.701 +0800 o.a.d.s.m.c.IdSlotBasedCommandFetcher:[67] - Fetch commands: 0 success, cost: 0ms, totalSlot: 1, currentSlotIndex: 0
[INFO] 2025-10-13 11:49:32.701 +0800 o.a.d.s.m.c.IdSlotBasedCommandFetcher:[67] - Fetch commands: 0 success, cost: 0ms, totalSlot: 1, currentSlotIndex: 0
[INFO] 2025-10-13 11:49:33.481 +0800 o.a.d.s.m.r.t.TaskGroupCoordinator:[187] - Success amend TaskGroupQueue status cost: 0/ms
[INFO] 2025-10-13 11:49:33.483 +0800 o.a.d.s.m.r.t.TaskGroupCoordinator:[241] - Success deal with force start TaskGroupQueue cost: 0/ms
[INFO] 2025-10-13 11:49:33.483 +0800 o.a.d.s.m.r.t.TaskGroupCoordinator:[129] - TaskGroupCoordinator round time cost: 0/ms
[INFO] 2025-10-13 11:49:33.701 +0800 o.a.d.s.m.c.IdSlotBasedCommandFetcher:[67] - Fetch commands: 0 success, cost: 0ms, totalSlot: 1, currentSlotIndex: 0
[INFO] 2025-10-13 11:49:34.702 +0800 o.a.d.s.m.c.IdSlotBasedCommandFetcher:[67] - Fetch commands: 0 success, cost: 0ms, totalSlot: 1, currentSlotIndex: 0
[INFO] 2025-10-13 11:49:35.703 +0800 o.a.d.s.m.c.IdSlotBasedCommandFetcher:[67] - Fetch commands: 0 success, cost: 0ms, totalSlot: 1, currentSlotIndex: 0
[INFO] 2025-10-13 11:49:36.703 +0800 o.a.d.s.m.c.IdSlotBasedCommandFetcher:[67] - Fetch commands: 0 success, cost: 0ms, totalSlot: 1, currentSlotIndex: 0
[INFO] 2025-10-13 11:49:37.865 +0800 o.a.d.s.m.c.IdSlotBasedCommandFetcher:[67] - Fetch commands: 0 success, cost: 0ms, totalSlot: 1, currentSlotIndex: 0
[INFO] 2025-10-13 11:49:38.489 +0800 o.a.d.s.m.r.t.TaskGroupCoordinator:[187] - Success amend TaskGroupQueue status cost: 0/ms
[INFO] 2025-10-13 11:49:38.489 +0800 o.a.d.s.m.r.t.TaskGroupCoordinator:[241] - Success deal with force start TaskGroupQueue cost: 0/ms
[INFO] 2025-10-13 11:49:38.489 +0800 o.a.d.s.m.r.t.TaskGroupCoordinator:[129] - TaskGroupCoordinator round time cost: 0/ms
[INFO] 2025-10-13 11:49:38.880 +0800 o.a.d.s.m.c.IdSlotBasedCommandFetcher:[67] - Fetch commands: 0 success, cost: 0ms, totalSlot: 1, currentSlotIndex: 0
[INFO] 2025-10-13 11:49:39.886 +0800 o.a.d.s.m.c.IdSlotBasedCommandFetcher:[67] - Fetch commands: 0 success, cost: 0ms, totalSlot: 1, currentSlotIndex: 0
[INFO] 2025-10-13 11:49:40.893 +0800 o.a.d.s.m.c.IdSlotBasedCommandFetcher:[67] - Fetch commands: 0 success, cost: 0ms, totalSlot: 1, currentSlotIndex: 0
[INFO] 2025-10-13 11:49:41.894 +0800 o.a.d.s.m.c.IdSlotBasedCommandFetcher:[67] - Fetch commands: 0 success, cost: 0ms, totalSlot: 1, currentSlotIndex: 0
[INFO] 2025-10-13 11:49:42.894 +0800 o.a.d.s.m.c.IdSlotBasedCommandFetcher:[67] - Fetch commands: 0 success, cost: 0ms, totalSlot: 1, currentSlotIndex: 0
[INFO] 2025-10-13 11:49:43.502 +0800 o.a.d.s.m.r.t.TaskGroupCoordinator:[187] - Success amend TaskGroupQueue status cost: 0/ms
[INFO] 2025-10-13 11:49:43.503 +0800 o.a.d.s.m.r.t.TaskGroupCoordinator:[241] - Success deal with force start TaskGroupQueue cost: 0/ms
[INFO] 2025-10-13 11:49:43.503 +0800 o.a.d.s.m.r.t.TaskGroupCoordinator:[129] - TaskGroupCoordinator round time cost: 0/ms
[INFO] 2025-10-13 11:49:43.896 +0800 o.a.d.s.m.c.IdSlotBasedCommandFetcher:[67] - Fetch commands: 0 success, cost: 0ms, totalSlot: 1, currentSlotIndex: 0
[INFO] 2025-10-13 11:49:44.897 +0800 o.a.d.s.m.c.IdSlotBasedCommandFetcher:[67] - Fetch commands: 0 success, cost: 0ms, totalSlot: 1, currentSlotIndex: 0
[INFO] 2025-10-13 11:49:45.898 +0800 o.a.d.s.m.c.IdSlotBasedCommandFetcher:[67] - Fetch commands: 0 success, cost: 0ms, totalSlot: 1, currentSlotIndex: 0
[INFO] 2025-10-13 11:49:46.898 +0800 o.a.d.s.m.c.IdSlotBasedCommandFetcher:[67] - Fetch commands: 0 success, cost: 0ms, totalSlot: 1, currentSlotIndex: 0
[INFO] 2025-10-13 11:49:47.898 +0800 o.a.d.s.m.c.IdSlotBasedCommandFetcher:[67] - Fetch commands: 0 success, cost: 0ms, totalSlot: 1, currentSlotIndex: 0
[INFO] 2025-10-13 11:49:48.513 +0800 o.a.d.s.m.r.t.TaskGroupCoordinator:[187] - Success amend TaskGroupQueue status cost: 0/ms
[INFO] 2025-10-13 11:49:48.513 +0800 o.a.d.s.m.r.t.TaskGroupCoordinator:[241] - Success deal with force start TaskGroupQueue cost: 0/ms
[INFO] 2025-10-13 11:49:48.515 +0800 o.a.d.s.m.r.t.TaskGroupCoordinator:[129] - TaskGroupCoordinator round time cost: 0/ms
[INFO] 2025-10-13 11:49:48.898 +0800 o.a.d.s.m.c.IdSlotBasedCommandFetcher:[67] - Fetch commands: 0 success, cost: 0ms, totalSlot: 1, currentSlotIndex: 0
[INFO] 2025-10-13 11:49:49.899 +0800 o.a.d.s.m.c.IdSlotBasedCommandFetcher:[67] - Fetch commands: 0 success, cost: 0ms, totalSlot: 1, currentSlotIndex: 0
[INFO] 2025-10-13 11:49:51.030 +0800 o.a.d.s.m.c.IdSlotBasedCommandFetcher:[67] - Fetch commands: 0 success, cost: 0ms, totalSlot: 1, currentSlotIndex: 0
[INFO] 2025-10-13 11:49:52.100 +0800 o.a.d.s.m.c.IdSlotBasedCommandFetcher:[67] - Fetch commands: 0 success, cost: 0ms, totalSlot: 1, currentSlotIndex: 0
[INFO] 2025-10-13 11:49:53.179 +0800 o.a.d.s.m.c.IdSlotBasedCommandFetcher:[67] - Fetch commands: 0 success, cost: 0ms, totalSlot: 1, currentSlotIndex: 0
[INFO] 2025-10-13 11:49:53.525 +0800 o.a.d.s.m.r.t.TaskGroupCoordinator:[187] - Success amend TaskGroupQueue status cost: 0/ms
[INFO] 2025-10-13 11:49:53.525 +0800 o.a.d.s.m.r.t.TaskGroupCoordinator:[241] - Success deal with force start TaskGroupQueue cost: 0/ms
[INFO] 2025-10-13 11:49:53.525 +0800 o.a.d.s.m.r.t.TaskGroupCoordinator:[129] - TaskGroupCoordinator round time cost: 0/ms
[INFO] 2025-10-13 11:49:54.250 +0800 o.a.d.s.m.c.IdSlotBasedCommandFetcher:[67] - Fetch commands: 0 success, cost: 0ms, totalSlot: 1, currentSlotIndex: 0
[INFO] 2025-10-13 11:49:55.320 +0800 o.a.d.s.m.c.IdSlotBasedCommandFetcher:[67] - Fetch commands: 0 success, cost: 0ms, totalSlot: 1, currentSlotIndex: 0
[INFO] 2025-10-13 11:49:56.412 +0800 o.a.d.s.m.c.IdSlotBasedCommandFetcher:[67] - Fetch commands: 0 success, cost: 1ms, totalSlot: 1, currentSlotIndex: 0
[INFO] 2025-10-13 11:49:57.484 +0800 o.a.d.s.m.c.IdSlotBasedCommandFetcher:[67] - Fetch commands: 0 success, cost: 0ms, totalSlot: 1, currentSlotIndex: 0
[INFO] 2025-10-13 11:49:58.531 +0800 o.a.d.s.m.r.t.TaskGroupCoordinator:[187] - Success amend TaskGroupQueue status cost: 0/ms
[INFO] 2025-10-13 11:49:58.532 +0800 o.a.d.s.m.r.t.TaskGroupCoordinator:[241] - Success deal with force start TaskGroupQueue cost: 0/ms
[INFO] 2025-10-13 11:49:58.532 +0800 o.a.d.s.m.r.t.TaskGroupCoordinator:[129] - TaskGroupCoordinator round time cost: 0/ms
[INFO] 2025-10-13 11:49:58.566 +0800 o.a.d.s.m.c.IdSlotBasedCommandFetcher:[67] - Fetch commands: 0 success, cost: 0ms, totalSlot: 1, currentSlotIndex: 0
[INFO] 2025-10-13 11:49:59.707 +0800 o.a.d.s.m.c.IdSlotBasedCommandFetcher:[67] - Fetch commands: 0 success, cost: 0ms, totalSlot: 1, currentSlotIndex: 0
[INFO] 2025-10-13 11:50:00.708 +0800 o.a.d.s.m.c.IdSlotBasedCommandFetcher:[67] - Fetch commands: 0 success, cost: 0ms, totalSlot: 1, currentSlotIndex: 0
[INFO] 2025-10-13 11:50:01.708 +0800 o.a.d.s.m.c.IdSlotBasedCommandFetcher:[67] - Fetch commands: 0 success, cost: 0ms, totalSlot: 1, currentSlotIndex: 0
[INFO] 2025-10-13 11:50:02.722 +0800 o.a.d.s.m.c.IdSlotBasedCommandFetcher:[67] - Fetch commands: 0 success, cost: 0ms, totalSlot: 1, currentSlotIndex: 0
[INFO] 2025-10-13 11:50:03.537 +0800 o.a.d.s.m.r.t.TaskGroupCoordinator:[187] - Success amend TaskGroupQueue status cost: 0/ms
[INFO] 2025-10-13 11:50:03.537 +0800 o.a.d.s.m.r.t.TaskGroupCoordinator:[241] - Success deal with force start TaskGroupQueue cost: 0/ms
[INFO] 2025-10-13 11:50:03.537 +0800 o.a.d.s.m.r.t.TaskGroupCoordinator:[129] - TaskGroupCoordinator round time cost: 0/ms
[INFO] 2025-10-13 11:50:03.723 +0800 o.a.d.s.m.c.IdSlotBasedCommandFetcher:[67] - Fetch commands: 0 success, cost: 0ms, totalSlot: 1, currentSlotIndex: 0
[INFO] 2025-10-13 11:50:04.724 +0800 o.a.d.s.m.c.IdSlotBasedCommandFetcher:[67] - Fetch commands: 0 success, cost: 0ms, totalSlot: 1, currentSlotIndex: 0
[INFO] 2025-10-13 11:50:05.736 +0800 o.a.d.s.m.c.IdSlotBasedCommandFetcher:[67] - Fetch commands: 0 success, cost: 0ms, totalSlot: 1, currentSlotIndex: 0
[INFO] 2025-10-13 11:50:06.736 +0800 o.a.d.s.m.c.IdSlotBasedCommandFetcher:[67] - Fetch commands: 0 success, cost: 0ms, totalSlot: 1, currentSlotIndex: 0
[INFO] 2025-10-13 11:50:07.737 +0800 o.a.d.s.m.c.IdSlotBasedCommandFetcher:[67] - Fetch commands: 0 success, cost: 0ms, totalSlot: 1, currentSlotIndex: 0
[INFO] 2025-10-13 11:50:08.541 +0800 o.a.d.s.m.r.t.TaskGroupCoordinator:[187] - Success amend TaskGroupQueue status cost: 0/ms
[INFO] 2025-10-13 11:50:08.541 +0800 o.a.d.s.m.r.t.TaskGroupCoordinator:[241] - Success deal with force start TaskGroupQueue cost: 0/ms
[INFO] 2025-10-13 11:50:08.542 +0800 o.a.d.s.m.r.t.TaskGroupCoordinator:[129] - TaskGroupCoordinator round time cost: 0/ms
[INFO] 2025-10-13 11:50:08.737 +0800 o.a.d.s.m.c.IdSlotBasedCommandFetcher:[67] - Fetch commands: 0 success, cost: 0ms, totalSlot: 1, currentSlotIndex: 0
[INFO] 2025-10-13 11:50:09.738 +0800 o.a.d.s.m.c.IdSlotBasedCommandFetcher:[67] - Fetch commands: 0 success, cost: 0ms, totalSlot: 1, currentSlotIndex: 0
[INFO] 2025-10-13 11:50:10.738 +0800 o.a.d.s.m.c.IdSlotBasedCommandFetcher:[67] - Fetch commands: 0 success, cost: 0ms, totalSlot: 1, currentSlotIndex: 0
[INFO] 2025-10-13 11:50:11.739 +0800 o.a.d.s.m.c.IdSlotBasedCommandFetcher:[67] - Fetch commands: 0 success, cost: 0ms, totalSlot: 1, currentSlotIndex: 0
[INFO] 2025-10-13 11:50:12.865 +0800 o.a.d.s.m.c.IdSlotBasedCommandFetcher:[67] - Fetch commands: 0 success, cost: 0ms, totalSlot: 1, currentSlotIndex: 0
[INFO] 2025-10-13 11:50:13.546 +0800 o.a.d.s.m.r.t.TaskGroupCoordinator:[187] - Success amend TaskGroupQueue status cost: 0/ms
[INFO] 2025-10-13 11:50:13.546 +0800 o.a.d.s.m.r.t.TaskGroupCoordinator:[241] - Success deal with force start TaskGroupQueue cost: 0/ms
[INFO] 2025-10-13 11:50:13.546 +0800 o.a.d.s.m.r.t.TaskGroupCoordinator:[129] - TaskGroupCoordinator round time cost: 0/ms
[INFO] 2025-10-13 11:50:13.933 +0800 o.a.d.s.m.c.IdSlotBasedCommandFetcher:[67] - Fetch commands: 0 success, cost: 0ms, totalSlot: 1, currentSlotIndex: 0
[INFO] 2025-10-13 11:50:15.014 +0800 o.a.d.s.m.c.IdSlotBasedCommandFetcher:[67] - Fetch commands: 0 success, cost: 0ms, totalSlot: 1, currentSlotIndex: 0
[INFO] 2025-10-13 11:50:16.102 +0800 o.a.d.s.m.c.IdSlotBasedCommandFetcher:[67] - Fetch commands: 0 success, cost: 0ms, totalSlot: 1, currentSlotIndex: 0
[INFO] 2025-10-13 11:50:17.167 +0800 o.a.d.s.m.c.IdSlotBasedCommandFetcher:[67] - Fetch commands: 0 success, cost: 0ms, totalSlot: 1, currentSlotIndex: 0
[INFO] 2025-10-13 11:50:18.389 +0800 o.a.d.s.m.c.IdSlotBasedCommandFetcher:[67] - Fetch commands: 0 success, cost: 0ms, totalSlot: 1, currentSlotIndex: 0
[INFO] 2025-10-13 11:50:18.551 +0800 o.a.d.s.m.r.t.TaskGroupCoordinator:[187] - Success amend TaskGroupQueue status cost: 0/ms
[INFO] 2025-10-13 11:50:18.551 +0800 o.a.d.s.m.r.t.TaskGroupCoordinator:[241] - Success deal with force start TaskGroupQueue cost: 0/ms
[INFO] 2025-10-13 11:50:18.551 +0800 o.a.d.s.m.r.t.TaskGroupCoordinator:[129] - TaskGroupCoordinator round time cost: 0/ms
[INFO] 2025-10-13 11:50:19.389 +0800 o.a.d.s.m.c.IdSlotBasedCommandFetcher:[67] - Fetch commands: 0 success, cost: 0ms, totalSlot: 1, currentSlotIndex: 0
[INFO] 2025-10-13 11:50:20.390 +0800 o.a.d.s.m.c.IdSlotBasedCommandFetcher:[67] - Fetch commands: 0 success, cost: 0ms, totalSlot: 1, currentSlotIndex: 0
[INFO] 2025-10-13 11:50:21.392 +0800 o.a.d.s.m.c.IdSlotBasedCommandFetcher:[67] - Fetch commands: 0 success, cost: 0ms, totalSlot: 1, currentSlotIndex: 0
[INFO] 2025-10-13 11:50:22.392 +0800 o.a.d.s.m.c.IdSlotBasedCommandFetcher:[67] - Fetch commands: 0 success, cost: 0ms, totalSlot: 1, currentSlotIndex: 0
[INFO] 2025-10-13 11:50:23.392 +0800 o.a.d.s.m.c.IdSlotBasedCommandFetcher:[67] - Fetch commands: 0 success, cost: 0ms, totalSlot: 1, currentSlotIndex: 0
[INFO] 2025-10-13 11:50:23.556 +0800 o.a.d.s.m.r.t.TaskGroupCoordinator:[187] - Success amend TaskGroupQueue status cost: 0/ms
[INFO] 2025-10-13 11:50:23.556 +0800 o.a.d.s.m.r.t.TaskGroupCoordinator:[241] - Success deal with force start TaskGroupQueue cost: 0/ms
[INFO] 2025-10-13 11:50:23.556 +0800 o.a.d.s.m.r.t.TaskGroupCoordinator:[129] - TaskGroupCoordinator round time cost: 0/ms
[INFO] 2025-10-13 11:50:24.393 +0800 o.a.d.s.m.c.IdSlotBasedCommandFetcher:[67] - Fetch commands: 0 success, cost: 0ms, totalSlot: 1, currentSlotIndex: 0
[INFO] 2025-10-13 11:50:25.394 +0800 o.a.d.s.m.c.IdSlotBasedCommandFetcher:[67] - Fetch commands: 0 success, cost: 0ms, totalSlot: 1, currentSlotIndex: 0
[INFO] 2025-10-13 11:50:26.394 +0800 o.a.d.s.m.c.IdSlotBasedCommandFetcher:[67] - Fetch commands: 0 success, cost: 0ms, totalSlot: 1, currentSlotIndex: 0
[INFO] 2025-10-13 11:50:27.395 +0800 o.a.d.s.m.c.IdSlotBasedCommandFetcher:[67] - Fetch commands: 0 success, cost: 0ms, totalSlot: 1, currentSlotIndex: 0
[INFO] 2025-10-13 11:50:28.400 +0800 o.a.d.s.m.c.IdSlotBasedCommandFetcher:[67] - Fetch commands: 0 success, cost: 0ms, totalSlot: 1, currentSlotIndex: 0
[INFO] 2025-10-13 11:50:28.560 +0800 o.a.d.s.m.r.t.TaskGroupCoordinator:[187] - Success amend TaskGroupQueue status cost: 0/ms
[INFO] 2025-10-13 11:50:28.560 +0800 o.a.d.s.m.r.t.TaskGroupCoordinator:[241] - Success deal with force start TaskGroupQueue cost: 0/ms
[INFO] 2025-10-13 11:50:28.560 +0800 o.a.d.s.m.r.t.TaskGroupCoordinator:[129] - TaskGroupCoordinator round time cost: 0/ms
[INFO] 2025-10-13 11:50:29.403 +0800 o.a.d.s.m.c.IdSlotBasedCommandFetcher:[67] - Fetch commands: 0 success, cost: 0ms, totalSlot: 1, currentSlotIndex: 0
[INFO] 2025-10-13 11:50:30.404 +0800 o.a.d.s.m.c.IdSlotBasedCommandFetcher:[67] - Fetch commands: 0 success, cost: 0ms, totalSlot: 1, currentSlotIndex: 0
[INFO] 2025-10-13 11:50:31.404 +0800 o.a.d.s.m.c.IdSlotBasedCommandFetcher:[67] - Fetch commands: 0 success, cost: 0ms, totalSlot: 1, currentSlotIndex: 0
[INFO] 2025-10-13 11:50:32.578 +0800 o.a.d.s.m.c.IdSlotBasedCommandFetcher:[67] - Fetch commands: 0 success, cost: 0ms, totalSlot: 1, currentSlotIndex: 0
[INFO] 2025-10-13 11:50:33.576 +0800 o.a.d.s.m.r.t.TaskGroupCoordinator:[187] - Success amend TaskGroupQueue status cost: 0/ms
[INFO] 2025-10-13 11:50:33.576 +0800 o.a.d.s.m.r.t.TaskGroupCoordinator:[241] - Success deal with force start TaskGroupQueue cost: 0/ms
[INFO] 2025-10-13 11:50:33.576 +0800 o.a.d.s.m.r.t.TaskGroupCoordinator:[129] - TaskGroupCoordinator round time cost: 0/ms
[INFO] 2025-10-13 11:50:33.580 +0800 o.a.d.s.m.c.IdSlotBasedCommandFetcher:[67] - Fetch commands: 0 success, cost: 0ms, totalSlot: 1, currentSlotIndex: 0
[INFO] 2025-10-13 11:50:34.583 +0800 o.a.d.s.m.c.IdSlotBasedCommandFetcher:[67] - Fetch commands: 0 success, cost: 0ms, totalSlot: 1, currentSlotIndex: 0
[INFO] 2025-10-13 11:50:35.584 +0800 o.a.d.s.m.c.IdSlotBasedCommandFetcher:[67] - Fetch commands: 0 success, cost: 0ms, totalSlot: 1, currentSlotIndex: 0
[INFO] 2025-10-13 11:50:36.585 +0800 o.a.d.s.m.c.IdSlotBasedCommandFetcher:[67] - Fetch commands: 0 success, cost: 0ms, totalSlot: 1, currentSlotIndex: 0
[INFO] 2025-10-13 11:50:37.592 +0800 o.a.d.s.m.c.IdSlotBasedCommandFetcher:[67] - Fetch commands: 0 success, cost: 0ms, totalSlot: 1, currentSlotIndex: 0
[INFO] 2025-10-13 11:50:38.584 +0800 o.a.d.s.m.r.t.TaskGroupCoordinator:[187] - Success amend TaskGroupQueue status cost: 0/ms
[INFO] 2025-10-13 11:50:38.584 +0800 o.a.d.s.m.r.t.TaskGroupCoordinator:[241] - Success deal with force start TaskGroupQueue cost: 0/ms
[INFO] 2025-10-13 11:50:38.584 +0800 o.a.d.s.m.r.t.TaskGroupCoordinator:[129] - TaskGroupCoordinator round time cost: 0/ms
[INFO] 2025-10-13 11:50:38.592 +0800 o.a.d.s.m.c.IdSlotBasedCommandFetcher:[67] - Fetch commands: 0 success, cost: 0ms, totalSlot: 1, currentSlotIndex: 0
[INFO] 2025-10-13 11:50:39.592 +0800 o.a.d.s.m.c.IdSlotBasedCommandFetcher:[67] - Fetch commands: 0 success, cost: 0ms, totalSlot: 1, currentSlotIndex: 0
[INFO] 2025-10-13 11:50:40.592 +0800 o.a.d.s.m.c.IdSlotBasedCommandFetcher:[67] - Fetch commands: 0 success, cost: 0ms, totalSlot: 1, currentSlotIndex: 0
[INFO] 2025-10-13 11:50:41.593 +0800 o.a.d.s.m.c.IdSlotBasedCommandFetcher:[67] - Fetch commands: 0 success, cost: 0ms, totalSlot: 1, currentSlotIndex: 0
[INFO] 2025-10-13 11:50:42.593 +0800 o.a.d.s.m.c.IdSlotBasedCommandFetcher:[67] - Fetch commands: 0 success, cost: 0ms, totalSlot: 1, currentSlotIndex: 0
[INFO] 2025-10-13 11:50:43.592 +0800 o.a.d.s.m.r.t.TaskGroupCoordinator:[187] - Success amend TaskGroupQueue status cost: 0/ms
[INFO] 2025-10-13 11:50:43.594 +0800 o.a.d.s.m.r.t.TaskGroupCoordinator:[241] - Success deal with force start TaskGroupQueue cost: 0/ms
[INFO] 2025-10-13 11:50:43.594 +0800 o.a.d.s.m.c.IdSlotBasedCommandFetcher:[67] - Fetch commands: 0 success, cost: 0ms, totalSlot: 1, currentSlotIndex: 0
[INFO] 2025-10-13 11:50:43.594 +0800 o.a.d.s.m.r.t.TaskGroupCoordinator:[129] - TaskGroupCoordinator round time cost: 0/ms
[INFO] 2025-10-13 11:50:44.595 +0800 o.a.d.s.m.c.IdSlotBasedCommandFetcher:[67] - Fetch commands: 0 success, cost: 0ms, totalSlot: 1, currentSlotIndex: 0
[INFO] 2025-10-13 11:50:45.597 +0800 o.a.d.s.m.c.IdSlotBasedCommandFetcher:[67] - Fetch commands: 0 success, cost: 0ms, totalSlot: 1, currentSlotIndex: 0
[INFO] 2025-10-13 11:50:46.597 +0800 o.a.d.s.m.c.IdSlotBasedCommandFetcher:[67] - Fetch commands: 0 success, cost: 0ms, totalSlot: 1, currentSlotIndex: 0
[INFO] 2025-10-13 11:50:47.598 +0800 o.a.d.s.m.c.IdSlotBasedCommandFetcher:[67] - Fetch commands: 0 success, cost: 0ms, totalSlot: 1, currentSlotIndex: 0
[INFO] 2025-10-13 11:50:48.598 +0800 o.a.d.s.m.c.IdSlotBasedCommandFetcher:[67] - Fetch commands: 0 success, cost: 0ms, totalSlot: 1, currentSlotIndex: 0
[INFO] 2025-10-13 11:50:48.599 +0800 o.a.d.s.m.r.t.TaskGroupCoordinator:[187] - Success amend TaskGroupQueue status cost: 0/ms
[INFO] 2025-10-13 11:50:48.599 +0800 o.a.d.s.m.r.t.TaskGroupCoordinator:[241] - Success deal with force start TaskGroupQueue cost: 0/ms
[INFO] 2025-10-13 11:50:48.599 +0800 o.a.d.s.m.r.t.TaskGroupCoordinator:[129] - TaskGroupCoordinator round time cost: 0/ms
[INFO] 2025-10-13 11:50:49.599 +0800 o.a.d.s.m.c.IdSlotBasedCommandFetcher:[67] - Fetch commands: 0 success, cost: 0ms, totalSlot: 1, currentSlotIndex: 0
[INFO] 2025-10-13 11:50:50.599 +0800 o.a.d.s.m.c.IdSlotBasedCommandFetcher:[67] - Fetch commands: 0 success, cost: 0ms, totalSlot: 1, currentSlotIndex: 0
[INFO] 2025-10-13 11:50:51.599 +0800 o.a.d.s.m.c.IdSlotBasedCommandFetcher:[67] - Fetch commands: 0 success, cost: 0ms, totalSlot: 1, currentSlotIndex: 0
[INFO] 2025-10-13 11:50:52.599 +0800 o.a.d.s.m.c.IdSlotBasedCommandFetcher:[67] - Fetch commands: 0 success, cost: 0ms, totalSlot: 1, currentSlotIndex: 0
[INFO] 2025-10-13 11:50:53.600 +0800 o.a.d.s.m.c.IdSlotBasedCommandFetcher:[67] - Fetch commands: 0 success, cost: 0ms, totalSlot: 1, currentSlotIndex: 0
[INFO] 2025-10-13 11:50:53.603 +0800 o.a.d.s.m.r.t.TaskGroupCoordinator:[187] - Success amend TaskGroupQueue status cost: 0/ms
[INFO] 2025-10-13 11:50:53.603 +0800 o.a.d.s.m.r.t.TaskGroupCoordinator:[241] - Success deal with force start TaskGroupQueue cost: 0/ms
[INFO] 2025-10-13 11:50:53.604 +0800 o.a.d.s.m.r.t.TaskGroupCoordinator:[129] - TaskGroupCoordinator round time cost: 0/ms
[INFO] 2025-10-13 11:50:54.600 +0800 o.a.d.s.m.c.IdSlotBasedCommandFetcher:[67] - Fetch commands: 0 success, cost: 0ms, totalSlot: 1, currentSlotIndex: 0
[INFO] 2025-10-13 11:50:55.600 +0800 o.a.d.s.m.c.IdSlotBasedCommandFetcher:[67] - Fetch commands: 0 success, cost: 0ms, totalSlot: 1, currentSlotIndex: 0
[INFO] 2025-10-13 11:50:56.601 +0800 o.a.d.s.m.c.IdSlotBasedCommandFetcher:[67] - Fetch commands: 0 success, cost: 0ms, totalSlot: 1, currentSlotIndex: 0
[INFO] 2025-10-13 11:50:57.601 +0800 o.a.d.s.m.c.IdSlotBasedCommandFetcher:[67] - Fetch commands: 0 success, cost: 0ms, totalSlot: 1, currentSlotIndex: 0
[INFO] 2025-10-13 11:50:58.607 +0800 o.a.d.s.m.r.t.TaskGroupCoordinator:[187] - Success amend TaskGroupQueue status cost: 0/ms
[INFO] 2025-10-13 11:50:58.607 +0800 o.a.d.s.m.r.t.TaskGroupCoordinator:[241] - Success deal with force start TaskGroupQueue cost: 0/ms
[INFO] 2025-10-13 11:50:58.608 +0800 o.a.d.s.m.r.t.TaskGroupCoordinator:[129] - TaskGroupCoordinator round time cost: 0/ms
[INFO] 2025-10-13 11:50:58.774 +0800 o.a.d.s.m.c.IdSlotBasedCommandFetcher:[67] - Fetch commands: 0 success, cost: 0ms, totalSlot: 1, currentSlotIndex: 0
[INFO] 2025-10-13 11:50:59.850 +0800 o.a.d.s.m.c.IdSlotBasedCommandFetcher:[67] - Fetch commands: 0 success, cost: 0ms, totalSlot: 1, currentSlotIndex: 0
[INFO] 2025-10-13 11:51:00.934 +0800 o.a.d.s.m.c.IdSlotBasedCommandFetcher:[67] - Fetch commands: 0 success, cost: 0ms, totalSlot: 1, currentSlotIndex: 0
[INFO] 2025-10-13 11:51:02.007 +0800 o.a.d.s.m.c.IdSlotBasedCommandFetcher:[67] - Fetch commands: 0 success, cost: 0ms, totalSlot: 1, currentSlotIndex: 0
[INFO] 2025-10-13 11:51:03.080 +0800 o.a.d.s.m.c.IdSlotBasedCommandFetcher:[67] - Fetch commands: 0 success, cost: 0ms, totalSlot: 1, currentSlotIndex: 0
[INFO] 2025-10-13 11:51:03.611 +0800 o.a.d.s.m.r.t.TaskGroupCoordinator:[187] - Success amend TaskGroupQueue status cost: 0/ms
[INFO] 2025-10-13 11:51:03.612 +0800 o.a.d.s.m.r.t.TaskGroupCoordinator:[241] - Success deal with force start TaskGroupQueue cost: 0/ms
[INFO] 2025-10-13 11:51:03.612 +0800 o.a.d.s.m.r.t.TaskGroupCoordinator:[129] - TaskGroupCoordinator round time cost: 0/ms
[INFO] 2025-10-13 11:51:04.166 +0800 o.a.d.s.m.c.IdSlotBasedCommandFetcher:[67] - Fetch commands: 0 success, cost: 0ms, totalSlot: 1, currentSlotIndex: 0
[INFO] 2025-10-13 11:51:05.179 +0800 o.a.d.s.m.c.IdSlotBasedCommandFetcher:[67] - Fetch commands: 0 success, cost: 0ms, totalSlot: 1, currentSlotIndex: 0
[INFO] 2025-10-13 11:51:06.180 +0800 o.a.d.s.m.c.IdSlotBasedCommandFetcher:[67] - Fetch commands: 0 success, cost: 0ms, totalSlot: 1, currentSlotIndex: 0
[INFO] 2025-10-13 11:51:07.181 +0800 o.a.d.s.m.c.IdSlotBasedCommandFetcher:[67] - Fetch commands: 0 success, cost: 0ms, totalSlot: 1, currentSlotIndex: 0
[INFO] 2025-10-13 11:51:08.181 +0800 o.a.d.s.m.c.IdSlotBasedCommandFetcher:[67] - Fetch commands: 0 success, cost: 0ms, totalSlot: 1, currentSlotIndex: 0
[INFO] 2025-10-13 11:51:08.623 +0800 o.a.d.s.m.r.t.TaskGroupCoordinator:[187] - Success amend TaskGroupQueue status cost: 0/ms
[INFO] 2025-10-13 11:51:08.624 +0800 o.a.d.s.m.r.t.TaskGroupCoordinator:[241] - Success deal with force start TaskGroupQueue cost: 0/ms
[INFO] 2025-10-13 11:51:08.624 +0800 o.a.d.s.m.r.t.TaskGroupCoordinator:[129] - TaskGroupCoordinator round time cost: 0/ms
[INFO] 2025-10-13 11:51:09.181 +0800 o.a.d.s.m.c.IdSlotBasedCommandFetcher:[67] - Fetch commands: 0 success, cost: 0ms, totalSlot: 1, currentSlotIndex: 0
[INFO] 2025-10-13 11:51:10.182 +0800 o.a.d.s.m.c.IdSlotBasedCommandFetcher:[67] - Fetch commands: 0 success, cost: 0ms, totalSlot: 1, currentSlotIndex: 0
[INFO] 2025-10-13 11:51:11.182 +0800 o.a.d.s.m.c.IdSlotBasedCommandFetcher:[67] - Fetch commands: 0 success, cost: 0ms, totalSlot: 1, currentSlotIndex: 0
[INFO] 2025-10-13 11:51:12.182 +0800 o.a.d.s.m.c.IdSlotBasedCommandFetcher:[67] - Fetch commands: 0 success, cost: 0ms, totalSlot: 1, currentSlotIndex: 0
[INFO] 2025-10-13 11:51:13.182 +0800 o.a.d.s.m.c.IdSlotBasedCommandFetcher:[67] - Fetch commands: 0 success, cost: 0ms, totalSlot: 1, currentSlotIndex: 0
[INFO] 2025-10-13 11:51:13.627 +0800 o.a.d.s.m.r.t.TaskGroupCoordinator:[187] - Success amend TaskGroupQueue status cost: 0/ms
[INFO] 2025-10-13 11:51:13.627 +0800 o.a.d.s.m.r.t.TaskGroupCoordinator:[241] - Success deal with force start TaskGroupQueue cost: 0/ms
[INFO] 2025-10-13 11:51:13.627 +0800 o.a.d.s.m.r.t.TaskGroupCoordinator:[129] - TaskGroupCoordinator round time cost: 0/ms
[INFO] 2025-10-13 11:51:14.183 +0800 o.a.d.s.m.c.IdSlotBasedCommandFetcher:[67] - Fetch commands: 0 success, cost: 0ms, totalSlot: 1, currentSlotIndex: 0
[INFO] 2025-10-13 11:51:15.184 +0800 o.a.d.s.m.c.IdSlotBasedCommandFetcher:[67] - Fetch commands: 0 success, cost: 0ms, totalSlot: 1, currentSlotIndex: 0
[INFO] 2025-10-13 11:51:16.260 +0800 o.a.d.s.m.c.IdSlotBasedCommandFetcher:[67] - Fetch commands: 0 success, cost: 0ms, totalSlot: 1, currentSlotIndex: 0
[INFO] 2025-10-13 11:51:17.331 +0800 o.a.d.s.m.c.IdSlotBasedCommandFetcher:[67] - Fetch commands: 0 success, cost: 0ms, totalSlot: 1, currentSlotIndex: 0
[INFO] 2025-10-13 11:51:18.416 +0800 o.a.d.s.m.c.IdSlotBasedCommandFetcher:[67] - Fetch commands: 0 success, cost: 0ms, totalSlot: 1, currentSlotIndex: 0
[INFO] 2025-10-13 11:51:18.633 +0800 o.a.d.s.m.r.t.TaskGroupCoordinator:[187] - Success amend TaskGroupQueue status cost: 0/ms
[INFO] 2025-10-13 11:51:18.633 +0800 o.a.d.s.m.r.t.TaskGroupCoordinator:[241] - Success deal with force start TaskGroupQueue cost: 0/ms
[INFO] 2025-10-13 11:51:18.633 +0800 o.a.d.s.m.r.t.TaskGroupCoordinator:[129] - TaskGroupCoordinator round time cost: 0/ms
[INFO] 2025-10-13 11:51:19.493 +0800 o.a.d.s.m.c.IdSlotBasedCommandFetcher:[67] - Fetch commands: 0 success, cost: 0ms, totalSlot: 1, currentSlotIndex: 0
[INFO] 2025-10-13 11:51:20.565 +0800 o.a.d.s.m.c.IdSlotBasedCommandFetcher:[67] - Fetch commands: 0 success, cost: 0ms, totalSlot: 1, currentSlotIndex: 0
[INFO] 2025-10-13 11:51:21.644 +0800 o.a.d.s.m.c.IdSlotBasedCommandFetcher:[67] - Fetch commands: 0 success, cost: 0ms, totalSlot: 1, currentSlotIndex: 0
[INFO] 2025-10-13 11:51:22.719 +0800 o.a.d.s.m.c.IdSlotBasedCommandFetcher:[67] - Fetch commands: 0 success, cost: 0ms, totalSlot: 1, currentSlotIndex: 0
[INFO] 2025-10-13 11:51:23.637 +0800 o.a.d.s.m.r.t.TaskGroupCoordinator:[187] - Success amend TaskGroupQueue status cost: 0/ms
[INFO] 2025-10-13 11:51:23.639 +0800 o.a.d.s.m.r.t.TaskGroupCoordinator:[241] - Success deal with force start TaskGroupQueue cost: 0/ms
[INFO] 2025-10-13 11:51:23.639 +0800 o.a.d.s.m.r.t.TaskGroupCoordinator:[129] - TaskGroupCoordinator round time cost: 0/ms
[INFO] 2025-10-13 11:51:23.788 +0800 o.a.d.s.m.c.IdSlotBasedCommandFetcher:[67] - Fetch commands: 0 success, cost: 0ms, totalSlot: 1, currentSlotIndex: 0
[INFO] 2025-10-13 11:51:24.904 +0800 o.a.d.s.m.c.IdSlotBasedCommandFetcher:[67] - Fetch commands: 0 success, cost: 0ms, totalSlot: 1, currentSlotIndex: 0
[INFO] 2025-10-13 11:51:25.904 +0800 o.a.d.s.m.c.IdSlotBasedCommandFetcher:[67] - Fetch commands: 0 success, cost: 0ms, totalSlot: 1, currentSlotIndex: 0
[INFO] 2025-10-13 11:51:26.906 +0800 o.a.d.s.m.c.IdSlotBasedCommandFetcher:[67] - Fetch commands: 0 success, cost: 0ms, totalSlot: 1, currentSlotIndex: 0
[INFO] 2025-10-13 11:51:27.906 +0800 o.a.d.s.m.c.IdSlotBasedCommandFetcher:[67] - Fetch commands: 0 success, cost: 0ms, totalSlot: 1, currentSlotIndex: 0
[INFO] 2025-10-13 11:51:28.642 +0800 o.a.d.s.m.r.t.TaskGroupCoordinator:[187] - Success amend TaskGroupQueue status cost: 0/ms
[INFO] 2025-10-13 11:51:28.642 +0800 o.a.d.s.m.r.t.TaskGroupCoordinator:[241] - Success deal with force start TaskGroupQueue cost: 0/ms
[INFO] 2025-10-13 11:51:28.642 +0800 o.a.d.s.m.r.t.TaskGroupCoordinator:[129] - TaskGroupCoordinator round time cost: 0/ms
[INFO] 2025-10-13 11:51:28.907 +0800 o.a.d.s.m.c.IdSlotBasedCommandFetcher:[67] - Fetch commands: 0 success, cost: 0ms, totalSlot: 1, currentSlotIndex: 0
[INFO] 2025-10-13 11:51:29.907 +0800 o.a.d.s.m.c.IdSlotBasedCommandFetcher:[67] - Fetch commands: 0 success, cost: 0ms, totalSlot: 1, currentSlotIndex: 0
[INFO] 2025-10-13 11:51:30.908 +0800 o.a.d.s.m.c.IdSlotBasedCommandFetcher:[67] - Fetch commands: 0 success, cost: 0ms, totalSlot: 1, currentSlotIndex: 0
[INFO] 2025-10-13 11:51:31.908 +0800 o.a.d.s.m.c.IdSlotBasedCommandFetcher:[67] - Fetch commands: 0 success, cost: 0ms, totalSlot: 1, currentSlotIndex: 0
[INFO] 2025-10-13 11:51:32.908 +0800 o.a.d.s.m.c.IdSlotBasedCommandFetcher:[67] - Fetch commands: 0 success, cost: 0ms, totalSlot: 1, currentSlotIndex: 0
[INFO] 2025-10-13 11:51:33.647 +0800 o.a.d.s.m.r.t.TaskGroupCoordinator:[187] - Success amend TaskGroupQueue status cost: 0/ms
[INFO] 2025-10-13 11:51:33.647 +0800 o.a.d.s.m.r.t.TaskGroupCoordinator:[241] - Success deal with force start TaskGroupQueue cost: 0/ms
[INFO] 2025-10-13 11:51:33.647 +0800 o.a.d.s.m.r.t.TaskGroupCoordinator:[129] - TaskGroupCoordinator round time cost: 0/ms
[INFO] 2025-10-13 11:51:33.909 +0800 o.a.d.s.m.c.IdSlotBasedCommandFetcher:[67] - Fetch commands: 0 success, cost: 0ms, totalSlot: 1, currentSlotIndex: 0
[INFO] 2025-10-13 11:51:34.909 +0800 o.a.d.s.m.c.IdSlotBasedCommandFetcher:[67] - Fetch commands: 0 success, cost: 0ms, totalSlot: 1, currentSlotIndex: 0
[INFO] 2025-10-13 11:51:35.909 +0800 o.a.d.s.m.c.IdSlotBasedCommandFetcher:[67] - Fetch commands: 0 success, cost: 0ms, totalSlot: 1, currentSlotIndex: 0
[INFO] 2025-10-13 11:51:36.909 +0800 o.a.d.s.m.c.IdSlotBasedCommandFetcher:[67] - Fetch commands: 0 success, cost: 0ms, totalSlot: 1, currentSlotIndex: 0
[INFO] 2025-10-13 11:51:38.077 +0800 o.a.d.s.m.c.IdSlotBasedCommandFetcher:[67] - Fetch commands: 0 success, cost: 0ms, totalSlot: 1, currentSlotIndex: 0
[INFO] 2025-10-13 11:51:38.651 +0800 o.a.d.s.m.r.t.TaskGroupCoordinator:[187] - Success amend TaskGroupQueue status cost: 0/ms
[INFO] 2025-10-13 11:51:38.651 +0800 o.a.d.s.m.r.t.TaskGroupCoordinator:[241] - Success deal with force start TaskGroupQueue cost: 0/ms
[INFO] 2025-10-13 11:51:38.651 +0800 o.a.d.s.m.r.t.TaskGroupCoordinator:[129] - TaskGroupCoordinator round time cost: 0/ms
[INFO] 2025-10-13 11:51:39.077 +0800 o.a.d.s.m.c.IdSlotBasedCommandFetcher:[67] - Fetch commands: 0 success, cost: 0ms, totalSlot: 1, currentSlotIndex: 0
[INFO] 2025-10-13 11:51:40.089 +0800 o.a.d.s.m.c.IdSlotBasedCommandFetcher:[67] - Fetch commands: 0 success, cost: 1ms, totalSlot: 1, currentSlotIndex: 0
[INFO] 2025-10-13 11:51:41.089 +0800 o.a.d.s.m.c.IdSlotBasedCommandFetcher:[67] - Fetch commands: 0 success, cost: 0ms, totalSlot: 1, currentSlotIndex: 0
[INFO] 2025-10-13 11:51:42.090 +0800 o.a.d.s.m.c.IdSlotBasedCommandFetcher:[67] - Fetch commands: 0 success, cost: 0ms, totalSlot: 1, currentSlotIndex: 0
[INFO] 2025-10-13 11:51:43.096 +0800 o.a.d.s.m.c.IdSlotBasedCommandFetcher:[67] - Fetch commands: 0 success, cost: 0ms, totalSlot: 1, currentSlotIndex: 0
[INFO] 2025-10-13 11:51:43.658 +0800 o.a.d.s.m.r.t.TaskGroupCoordinator:[187] - Success amend TaskGroupQueue status cost: 0/ms
[INFO] 2025-10-13 11:51:43.658 +0800 o.a.d.s.m.r.t.TaskGroupCoordinator:[241] - Success deal with force start TaskGroupQueue cost: 0/ms
[INFO] 2025-10-13 11:51:43.658 +0800 o.a.d.s.m.r.t.TaskGroupCoordinator:[129] - TaskGroupCoordinator round time cost: 0/ms
[INFO] 2025-10-13 11:51:44.096 +0800 o.a.d.s.m.c.IdSlotBasedCommandFetcher:[67] - Fetch commands: 0 success, cost: 0ms, totalSlot: 1, currentSlotIndex: 0
[INFO] 2025-10-13 11:51:45.096 +0800 o.a.d.s.m.c.IdSlotBasedCommandFetcher:[67] - Fetch commands: 0 success, cost: 0ms, totalSlot: 1, currentSlotIndex: 0
[INFO] 2025-10-13 11:51:46.097 +0800 o.a.d.s.m.c.IdSlotBasedCommandFetcher:[67] - Fetch commands: 0 success, cost: 0ms, totalSlot: 1, currentSlotIndex: 0
[INFO] 2025-10-13 11:51:47.097 +0800 o.a.d.s.m.c.IdSlotBasedCommandFetcher:[67] - Fetch commands: 0 success, cost: 0ms, totalSlot: 1, currentSlotIndex: 0
[INFO] 2025-10-13 11:51:48.097 +0800 o.a.d.s.m.c.IdSlotBasedCommandFetcher:[67] - Fetch commands: 0 success, cost: 0ms, totalSlot: 1, currentSlotIndex: 0
[INFO] 2025-10-13 11:51:48.662 +0800 o.a.d.s.m.r.t.TaskGroupCoordinator:[187] - Success amend TaskGroupQueue status cost: 0/ms
[INFO] 2025-10-13 11:51:48.663 +0800 o.a.d.s.m.r.t.TaskGroupCoordinator:[241] - Success deal with force start TaskGroupQueue cost: 0/ms
[INFO] 2025-10-13 11:51:48.663 +0800 o.a.d.s.m.r.t.TaskGroupCoordinator:[129] - TaskGroupCoordinator round time cost: 0/ms
[INFO] 2025-10-13 11:51:49.098 +0800 o.a.d.s.m.c.IdSlotBasedCommandFetcher:[67] - Fetch commands: 0 success, cost: 0ms, totalSlot: 1, currentSlotIndex: 0
[INFO] 2025-10-13 11:51:50.098 +0800 o.a.d.s.m.c.IdSlotBasedCommandFetcher:[67] - Fetch commands: 0 success, cost: 0ms, totalSlot: 1, currentSlotIndex: 0
[INFO] 2025-10-13 11:51:51.271 +0800 o.a.d.s.m.c.IdSlotBasedCommandFetcher:[67] - Fetch commands: 0 success, cost: 0ms, totalSlot: 1, currentSlotIndex: 0
[INFO] 2025-10-13 11:51:52.342 +0800 o.a.d.s.m.c.IdSlotBasedCommandFetcher:[67] - Fetch commands: 0 success, cost: 0ms, totalSlot: 1, currentSlotIndex: 0
[INFO] 2025-10-13 11:51:53.416 +0800 o.a.d.s.m.c.IdSlotBasedCommandFetcher:[67] - Fetch commands: 0 success, cost: 0ms, totalSlot: 1, currentSlotIndex: 0
[INFO] 2025-10-13 11:51:53.670 +0800 o.a.d.s.m.r.t.TaskGroupCoordinator:[187] - Success amend TaskGroupQueue status cost: 0/ms
[INFO] 2025-10-13 11:51:53.670 +0800 o.a.d.s.m.r.t.TaskGroupCoordinator:[241] - Success deal with force start TaskGroupQueue cost: 0/ms
[INFO] 2025-10-13 11:51:53.671 +0800 o.a.d.s.m.r.t.TaskGroupCoordinator:[129] - TaskGroupCoordinator round time cost: 0/ms
[INFO] 2025-10-13 11:51:54.416 +0800 o.a.d.s.m.c.IdSlotBasedCommandFetcher:[67] - Fetch commands: 0 success, cost: 0ms, totalSlot: 1, currentSlotIndex: 0
[INFO] 2025-10-13 11:51:55.416 +0800 o.a.d.s.m.c.IdSlotBasedCommandFetcher:[67] - Fetch commands: 0 success, cost: 0ms, totalSlot: 1, currentSlotIndex: 0
[INFO] 2025-10-13 11:51:56.417 +0800 o.a.d.s.m.c.IdSlotBasedCommandFetcher:[67] - Fetch commands: 0 success, cost: 0ms, totalSlot: 1, currentSlotIndex: 0
[INFO] 2025-10-13 11:51:57.417 +0800 o.a.d.s.m.c.IdSlotBasedCommandFetcher:[67] - Fetch commands: 0 success, cost: 0ms, totalSlot: 1, currentSlotIndex: 0
[INFO] 2025-10-13 11:51:58.419 +0800 o.a.d.s.m.c.IdSlotBasedCommandFetcher:[67] - Fetch commands: 0 success, cost: 0ms, totalSlot: 1, currentSlotIndex: 0
[INFO] 2025-10-13 11:51:58.674 +0800 o.a.d.s.m.r.t.TaskGroupCoordinator:[187] - Success amend TaskGroupQueue status cost: 0/ms
[INFO] 2025-10-13 11:51:58.675 +0800 o.a.d.s.m.r.t.TaskGroupCoordinator:[241] - Success deal with force start TaskGroupQueue cost: 0/ms
[INFO] 2025-10-13 11:51:58.675 +0800 o.a.d.s.m.r.t.TaskGroupCoordinator:[129] - TaskGroupCoordinator round time cost: 0/ms
[INFO] 2025-10-13 11:51:59.420 +0800 o.a.d.s.m.c.IdSlotBasedCommandFetcher:[67] - Fetch commands: 0 success, cost: 0ms, totalSlot: 1, currentSlotIndex: 0
[INFO] 2025-10-13 11:52:00.427 +0800 o.a.d.s.m.c.IdSlotBasedCommandFetcher:[67] - Fetch commands: 0 success, cost: 0ms, totalSlot: 1, currentSlotIndex: 0
[INFO] 2025-10-13 11:52:01.428 +0800 o.a.d.s.m.c.IdSlotBasedCommandFetcher:[67] - Fetch commands: 0 success, cost: 0ms, totalSlot: 1, currentSlotIndex: 0
[INFO] 2025-10-13 11:52:02.438 +0800 o.a.d.s.m.c.IdSlotBasedCommandFetcher:[67] - Fetch commands: 0 success, cost: 0ms, totalSlot: 1, currentSlotIndex: 0
[INFO] 2025-10-13 11:52:03.439 +0800 o.a.d.s.m.c.IdSlotBasedCommandFetcher:[67] - Fetch commands: 0 success, cost: 0ms, totalSlot: 1, currentSlotIndex: 0
[INFO] 2025-10-13 11:52:03.679 +0800 o.a.d.s.m.r.t.TaskGroupCoordinator:[187] - Success amend TaskGroupQueue status cost: 0/ms
[INFO] 2025-10-13 11:52:03.679 +0800 o.a.d.s.m.r.t.TaskGroupCoordinator:[241] - Success deal with force start TaskGroupQueue cost: 0/ms
[INFO] 2025-10-13 11:52:03.679 +0800 o.a.d.s.m.r.t.TaskGroupCoordinator:[129] - TaskGroupCoordinator round time cost: 0/ms
[INFO] 2025-10-13 11:52:04.449 +0800 o.a.d.s.m.c.IdSlotBasedCommandFetcher:[67] - Fetch commands: 0 success, cost: 0ms, totalSlot: 1, currentSlotIndex: 0
[INFO] 2025-10-13 11:52:05.450 +0800 o.a.d.s.m.c.IdSlotBasedCommandFetcher:[67] - Fetch commands: 0 success, cost: 0ms, totalSlot: 1, currentSlotIndex: 0
[INFO] 2025-10-13 11:52:06.450 +0800 o.a.d.s.m.c.IdSlotBasedCommandFetcher:[67] - Fetch commands: 0 success, cost: 0ms, totalSlot: 1, currentSlotIndex: 0
[INFO] 2025-10-13 11:52:07.460 +0800 o.a.d.s.m.c.IdSlotBasedCommandFetcher:[67] - Fetch commands: 0 success, cost: 1ms, totalSlot: 1, currentSlotIndex: 0
[INFO] 2025-10-13 11:52:08.461 +0800 o.a.d.s.m.c.IdSlotBasedCommandFetcher:[67] - Fetch commands: 0 success, cost: 0ms, totalSlot: 1, currentSlotIndex: 0
[INFO] 2025-10-13 11:52:08.685 +0800 o.a.d.s.m.r.t.TaskGroupCoordinator:[187] - Success amend TaskGroupQueue status cost: 0/ms
[INFO] 2025-10-13 11:52:08.686 +0800 o.a.d.s.m.r.t.TaskGroupCoordinator:[241] - Success deal with force start TaskGroupQueue cost: 0/ms
[INFO] 2025-10-13 11:52:08.686 +0800 o.a.d.s.m.r.t.TaskGroupCoordinator:[129] - TaskGroupCoordinator round time cost: 0/ms
[INFO] 2025-10-13 11:52:09.461 +0800 o.a.d.s.m.c.IdSlotBasedCommandFetcher:[67] - Fetch commands: 0 success, cost: 0ms, totalSlot: 1, currentSlotIndex: 0
[INFO] 2025-10-13 11:52:10.461 +0800 o.a.d.s.m.c.IdSlotBasedCommandFetcher:[67] - Fetch commands: 0 success, cost: 0ms, totalSlot: 1, currentSlotIndex: 0
[INFO] 2025-10-13 11:52:11.461 +0800 o.a.d.s.m.c.IdSlotBasedCommandFetcher:[67] - Fetch commands: 0 success, cost: 0ms, totalSlot: 1, currentSlotIndex: 0
[INFO] 2025-10-13 11:52:12.461 +0800 o.a.d.s.m.c.IdSlotBasedCommandFetcher:[67] - Fetch commands: 0 success, cost: 0ms, totalSlot: 1, currentSlotIndex: 0
[INFO] 2025-10-13 11:52:13.462 +0800 o.a.d.s.m.c.IdSlotBasedCommandFetcher:[67] - Fetch commands: 0 success, cost: 0ms, totalSlot: 1, currentSlotIndex: 0
[INFO] 2025-10-13 11:52:13.689 +0800 o.a.d.s.m.r.t.TaskGroupCoordinator:[187] - Success amend TaskGroupQueue status cost: 0/ms
[INFO] 2025-10-13 11:52:13.689 +0800 o.a.d.s.m.r.t.TaskGroupCoordinator:[241] - Success deal with force start TaskGroupQueue cost: 0/ms
[INFO] 2025-10-13 11:52:13.689 +0800 o.a.d.s.m.r.t.TaskGroupCoordinator:[129] - TaskGroupCoordinator round time cost: 0/ms
[INFO] 2025-10-13 11:52:14.463 +0800 o.a.d.s.m.c.IdSlotBasedCommandFetcher:[67] - Fetch commands: 0 success, cost: 0ms, totalSlot: 1, currentSlotIndex: 0
[INFO] 2025-10-13 11:52:15.463 +0800 o.a.d.s.m.c.IdSlotBasedCommandFetcher:[67] - Fetch commands: 0 success, cost: 0ms, totalSlot: 1, currentSlotIndex: 0
[INFO] 2025-10-13 11:52:16.463 +0800 o.a.d.s.m.c.IdSlotBasedCommandFetcher:[67] - Fetch commands: 0 success, cost: 0ms, totalSlot: 1, currentSlotIndex: 0
[INFO] 2025-10-13 11:52:17.464 +0800 o.a.d.s.m.c.IdSlotBasedCommandFetcher:[67] - Fetch commands: 0 success, cost: 0ms, totalSlot: 1, currentSlotIndex: 0
[INFO] 2025-10-13 11:52:18.475 +0800 o.a.d.s.m.c.IdSlotBasedCommandFetcher:[67] - Fetch commands: 0 success, cost: 0ms, totalSlot: 1, currentSlotIndex: 0
[INFO] 2025-10-13 11:52:18.693 +0800 o.a.d.s.m.r.t.TaskGroupCoordinator:[187] - Success amend TaskGroupQueue status cost: 0/ms
[INFO] 2025-10-13 11:52:18.693 +0800 o.a.d.s.m.r.t.TaskGroupCoordinator:[241] - Success deal with force start TaskGroupQueue cost: 0/ms
[INFO] 2025-10-13 11:52:18.693 +0800 o.a.d.s.m.r.t.TaskGroupCoordinator:[129] - TaskGroupCoordinator round time cost: 0/ms
[INFO] 2025-10-13 11:52:19.476 +0800 o.a.d.s.m.c.IdSlotBasedCommandFetcher:[67] - Fetch commands: 0 success, cost: 0ms, totalSlot: 1, currentSlotIndex: 0
[INFO] 2025-10-13 11:52:20.696 +0800 o.a.d.s.m.c.IdSlotBasedCommandFetcher:[67] - Fetch commands: 0 success, cost: 0ms, totalSlot: 1, currentSlotIndex: 0
[INFO] 2025-10-13 11:52:21.697 +0800 o.a.d.s.m.c.IdSlotBasedCommandFetcher:[67] - Fetch commands: 0 success, cost: 0ms, totalSlot: 1, currentSlotIndex: 0
[INFO] 2025-10-13 11:52:22.703 +0800 o.a.d.s.m.c.IdSlotBasedCommandFetcher:[67] - Fetch commands: 0 success, cost: 0ms, totalSlot: 1, currentSlotIndex: 0
[INFO] 2025-10-13 11:52:23.699 +0800 o.a.d.s.m.r.t.TaskGroupCoordinator:[187] - Success amend TaskGroupQueue status cost: 0/ms
[INFO] 2025-10-13 11:52:23.700 +0800 o.a.d.s.m.r.t.TaskGroupCoordinator:[241] - Success deal with force start TaskGroupQueue cost: 0/ms
[INFO] 2025-10-13 11:52:23.700 +0800 o.a.d.s.m.r.t.TaskGroupCoordinator:[129] - TaskGroupCoordinator round time cost: 0/ms
[INFO] 2025-10-13 11:52:23.703 +0800 o.a.d.s.m.c.IdSlotBasedCommandFetcher:[67] - Fetch commands: 0 success, cost: 0ms, totalSlot: 1, currentSlotIndex: 0
[INFO] 2025-10-13 11:52:24.703 +0800 o.a.d.s.m.c.IdSlotBasedCommandFetcher:[67] - Fetch commands: 0 success, cost: 0ms, totalSlot: 1, currentSlotIndex: 0
[INFO] 2025-10-13 11:52:25.716 +0800 o.a.d.s.m.c.IdSlotBasedCommandFetcher:[67] - Fetch commands: 0 success, cost: 0ms, totalSlot: 1, currentSlotIndex: 0
[INFO] 2025-10-13 11:52:26.717 +0800 o.a.d.s.m.c.IdSlotBasedCommandFetcher:[67] - Fetch commands: 0 success, cost: 0ms, totalSlot: 1, currentSlotIndex: 0
[INFO] 2025-10-13 11:52:27.717 +0800 o.a.d.s.m.c.IdSlotBasedCommandFetcher:[67] - Fetch commands: 0 success, cost: 0ms, totalSlot: 1, currentSlotIndex: 0
[INFO] 2025-10-13 11:52:28.704 +0800 o.a.d.s.m.r.t.TaskGroupCoordinator:[187] - Success amend TaskGroupQueue status cost: 0/ms
[INFO] 2025-10-13 11:52:28.704 +0800 o.a.d.s.m.r.t.TaskGroupCoordinator:[241] - Success deal with force start TaskGroupQueue cost: 0/ms
[INFO] 2025-10-13 11:52:28.705 +0800 o.a.d.s.m.r.t.TaskGroupCoordinator:[129] - TaskGroupCoordinator round time cost: 0/ms
[INFO] 2025-10-13 11:52:28.718 +0800 o.a.d.s.m.c.IdSlotBasedCommandFetcher:[67] - Fetch commands: 0 success, cost: 0ms, totalSlot: 1, currentSlotIndex: 0
[INFO] 2025-10-13 11:52:29.718 +0800 o.a.d.s.m.c.IdSlotBasedCommandFetcher:[67] - Fetch commands: 0 success, cost: 0ms, totalSlot: 1, currentSlotIndex: 0
[INFO] 2025-10-13 11:52:30.719 +0800 o.a.d.s.m.c.IdSlotBasedCommandFetcher:[67] - Fetch commands: 0 success, cost: 0ms, totalSlot: 1, currentSlotIndex: 0
[INFO] 2025-10-13 11:52:31.719 +0800 o.a.d.s.m.c.IdSlotBasedCommandFetcher:[67] - Fetch commands: 0 success, cost: 0ms, totalSlot: 1, currentSlotIndex: 0
[INFO] 2025-10-13 11:52:32.720 +0800 o.a.d.s.m.c.IdSlotBasedCommandFetcher:[67] - Fetch commands: 0 success, cost: 0ms, totalSlot: 1, currentSlotIndex: 0
[INFO] 2025-10-13 11:52:33.709 +0800 o.a.d.s.m.r.t.TaskGroupCoordinator:[187] - Success amend TaskGroupQueue status cost: 0/ms
[INFO] 2025-10-13 11:52:33.709 +0800 o.a.d.s.m.r.t.TaskGroupCoordinator:[241] - Success deal with force start TaskGroupQueue cost: 0/ms
[INFO] 2025-10-13 11:52:33.709 +0800 o.a.d.s.m.r.t.TaskGroupCoordinator:[129] - TaskGroupCoordinator round time cost: 0/ms
[INFO] 2025-10-13 11:52:33.721 +0800 o.a.d.s.m.c.IdSlotBasedCommandFetcher:[67] - Fetch commands: 0 success, cost: 0ms, totalSlot: 1, currentSlotIndex: 0
[INFO] 2025-10-13 11:52:34.721 +0800 o.a.d.s.m.c.IdSlotBasedCommandFetcher:[67] - Fetch commands: 0 success, cost: 0ms, totalSlot: 1, currentSlotIndex: 0
[INFO] 2025-10-13 11:52:35.722 +0800 o.a.d.s.m.c.IdSlotBasedCommandFetcher:[67] - Fetch commands: 0 success, cost: 0ms, totalSlot: 1, currentSlotIndex: 0
[INFO] 2025-10-13 11:52:36.722 +0800 o.a.d.s.m.c.IdSlotBasedCommandFetcher:[67] - Fetch commands: 0 success, cost: 0ms, totalSlot: 1, currentSlotIndex: 0
[INFO] 2025-10-13 11:52:37.723 +0800 o.a.d.s.m.c.IdSlotBasedCommandFetcher:[67] - Fetch commands: 0 success, cost: 0ms, totalSlot: 1, currentSlotIndex: 0
[INFO] 2025-10-13 11:52:38.714 +0800 o.a.d.s.m.r.t.TaskGroupCoordinator:[187] - Success amend TaskGroupQueue status cost: 0/ms
[INFO] 2025-10-13 11:52:38.715 +0800 o.a.d.s.m.r.t.TaskGroupCoordinator:[241] - Success deal with force start TaskGroupQueue cost: 0/ms
[INFO] 2025-10-13 11:52:38.715 +0800 o.a.d.s.m.r.t.TaskGroupCoordinator:[129] - TaskGroupCoordinator round time cost: 0/ms
[INFO] 2025-10-13 11:52:38.724 +0800 o.a.d.s.m.c.IdSlotBasedCommandFetcher:[67] - Fetch commands: 0 success, cost: 0ms, totalSlot: 1, currentSlotIndex: 0
[INFO] 2025-10-13 11:52:39.724 +0800 o.a.d.s.m.c.IdSlotBasedCommandFetcher:[67] - Fetch commands: 0 success, cost: 0ms, totalSlot: 1, currentSlotIndex: 0
[INFO] 2025-10-13 11:52:40.725 +0800 o.a.d.s.m.c.IdSlotBasedCommandFetcher:[67] - Fetch commands: 0 success, cost: 0ms, totalSlot: 1, currentSlotIndex: 0
[INFO] 2025-10-13 11:52:41.726 +0800 o.a.d.s.m.c.IdSlotBasedCommandFetcher:[67] - Fetch commands: 0 success, cost: 0ms, totalSlot: 1, currentSlotIndex: 0
[INFO] 2025-10-13 11:52:42.726 +0800 o.a.d.s.m.c.IdSlotBasedCommandFetcher:[67] - Fetch commands: 0 success, cost: 0ms, totalSlot: 1, currentSlotIndex: 0
[INFO] 2025-10-13 11:52:43.721 +0800 o.a.d.s.m.r.t.TaskGroupCoordinator:[187] - Success amend TaskGroupQueue status cost: 0/ms
[INFO] 2025-10-13 11:52:43.722 +0800 o.a.d.s.m.r.t.TaskGroupCoordinator:[241] - Success deal with force start TaskGroupQueue cost: 0/ms
[INFO] 2025-10-13 11:52:43.722 +0800 o.a.d.s.m.r.t.TaskGroupCoordinator:[129] - TaskGroupCoordinator round time cost: 0/ms
[INFO] 2025-10-13 11:52:43.727 +0800 o.a.d.s.m.c.IdSlotBasedCommandFetcher:[67] - Fetch commands: 0 success, cost: 0ms, totalSlot: 1, currentSlotIndex: 0
[INFO] 2025-10-13 11:52:44.728 +0800 o.a.d.s.m.c.IdSlotBasedCommandFetcher:[67] - Fetch commands: 0 success, cost: 0ms, totalSlot: 1, currentSlotIndex: 0
[INFO] 2025-10-13 11:52:45.728 +0800 o.a.d.s.m.c.IdSlotBasedCommandFetcher:[67] - Fetch commands: 0 success, cost: 0ms, totalSlot: 1, currentSlotIndex: 0
[INFO] 2025-10-13 11:52:46.728 +0800 o.a.d.s.m.c.IdSlotBasedCommandFetcher:[67] - Fetch commands: 0 success, cost: 0ms, totalSlot: 1, currentSlotIndex: 0
[INFO] 2025-10-13 11:52:47.940 +0800 o.a.d.s.m.c.IdSlotBasedCommandFetcher:[67] - Fetch commands: 0 success, cost: 1ms, totalSlot: 1, currentSlotIndex: 0
[INFO] 2025-10-13 11:52:48.727 +0800 o.a.d.s.m.r.t.TaskGroupCoordinator:[187] - Success amend TaskGroupQueue status cost: 0/ms
[INFO] 2025-10-13 11:52:48.728 +0800 o.a.d.s.m.r.t.TaskGroupCoordinator:[241] - Success deal with force start TaskGroupQueue cost: 0/ms
[INFO] 2025-10-13 11:52:48.728 +0800 o.a.d.s.m.r.t.TaskGroupCoordinator:[129] - TaskGroupCoordinator round time cost: 0/ms
[INFO] 2025-10-13 11:52:49.015 +0800 o.a.d.s.m.c.IdSlotBasedCommandFetcher:[67] - Fetch commands: 0 success, cost: 0ms, totalSlot: 1, currentSlotIndex: 0
[INFO] 2025-10-13 11:52:50.085 +0800 o.a.d.s.m.c.IdSlotBasedCommandFetcher:[67] - Fetch commands: 0 success, cost: 0ms, totalSlot: 1, currentSlotIndex: 0
[INFO] 2025-10-13 11:52:51.161 +0800 o.a.d.s.m.c.IdSlotBasedCommandFetcher:[67] - Fetch commands: 0 success, cost: 0ms, totalSlot: 1, currentSlotIndex: 0
[INFO] 2025-10-13 11:52:52.240 +0800 o.a.d.s.m.c.IdSlotBasedCommandFetcher:[67] - Fetch commands: 0 success, cost: 0ms, totalSlot: 1, currentSlotIndex: 0
[INFO] 2025-10-13 11:52:53.305 +0800 o.a.d.s.m.c.IdSlotBasedCommandFetcher:[67] - Fetch commands: 0 success, cost: 0ms, totalSlot: 1, currentSlotIndex: 0
[INFO] 2025-10-13 11:52:53.734 +0800 o.a.d.s.m.r.t.TaskGroupCoordinator:[187] - Success amend TaskGroupQueue status cost: 0/ms
[INFO] 2025-10-13 11:52:53.734 +0800 o.a.d.s.m.r.t.TaskGroupCoordinator:[241] - Success deal with force start TaskGroupQueue cost: 0/ms
[INFO] 2025-10-13 11:52:53.734 +0800 o.a.d.s.m.r.t.TaskGroupCoordinator:[129] - TaskGroupCoordinator round time cost: 0/ms
[INFO] 2025-10-13 11:52:54.393 +0800 o.a.d.s.m.c.IdSlotBasedCommandFetcher:[67] - Fetch commands: 0 success, cost: 0ms, totalSlot: 1, currentSlotIndex: 0
[INFO] 2025-10-13 11:52:55.473 +0800 o.a.d.s.m.c.IdSlotBasedCommandFetcher:[67] - Fetch commands: 0 success, cost: 0ms, totalSlot: 1, currentSlotIndex: 0
[INFO] 2025-10-13 11:52:56.549 +0800 o.a.d.s.m.c.IdSlotBasedCommandFetcher:[67] - Fetch commands: 0 success, cost: 0ms, totalSlot: 1, currentSlotIndex: 0
[INFO] 2025-10-13 11:52:57.624 +0800 o.a.d.s.m.c.IdSlotBasedCommandFetcher:[67] - Fetch commands: 0 success, cost: 0ms, totalSlot: 1, currentSlotIndex: 0
[INFO] 2025-10-13 11:52:58.697 +0800 o.a.d.s.m.c.IdSlotBasedCommandFetcher:[67] - Fetch commands: 0 success, cost: 0ms, totalSlot: 1, currentSlotIndex: 0
[INFO] 2025-10-13 11:52:58.748 +0800 o.a.d.s.m.r.t.TaskGroupCoordinator:[187] - Success amend TaskGroupQueue status cost: 0/ms
[INFO] 2025-10-13 11:52:58.748 +0800 o.a.d.s.m.r.t.TaskGroupCoordinator:[241] - Success deal with force start TaskGroupQueue cost: 0/ms
[INFO] 2025-10-13 11:52:58.748 +0800 o.a.d.s.m.r.t.TaskGroupCoordinator:[129] - TaskGroupCoordinator round time cost: 0/ms
[INFO] 2025-10-13 11:52:59.837 +0800 o.a.d.s.m.c.IdSlotBasedCommandFetcher:[67] - Fetch commands: 0 success, cost: 1ms, totalSlot: 1, currentSlotIndex: 0
[INFO] 2025-10-13 11:53:00.837 +0800 o.a.d.s.m.c.IdSlotBasedCommandFetcher:[67] - Fetch commands: 0 success, cost: 0ms, totalSlot: 1, currentSlotIndex: 0
[INFO] 2025-10-13 11:53:01.838 +0800 o.a.d.s.m.c.IdSlotBasedCommandFetcher:[67] - Fetch commands: 0 success, cost: 0ms, totalSlot: 1, currentSlotIndex: 0
[INFO] 2025-10-13 11:53:02.838 +0800 o.a.d.s.m.c.IdSlotBasedCommandFetcher:[67] - Fetch commands: 0 success, cost: 0ms, totalSlot: 1, currentSlotIndex: 0
[INFO] 2025-10-13 11:53:03.752 +0800 o.a.d.s.m.r.t.TaskGroupCoordinator:[187] - Success amend TaskGroupQueue status cost: 0/ms
[INFO] 2025-10-13 11:53:03.752 +0800 o.a.d.s.m.r.t.TaskGroupCoordinator:[241] - Success deal with force start TaskGroupQueue cost: 0/ms
[INFO] 2025-10-13 11:53:03.752 +0800 o.a.d.s.m.r.t.TaskGroupCoordinator:[129] - TaskGroupCoordinator round time cost: 0/ms
[INFO] 2025-10-13 11:53:03.839 +0800 o.a.d.s.m.c.IdSlotBasedCommandFetcher:[67] - Fetch commands: 0 success, cost: 0ms, totalSlot: 1, currentSlotIndex: 0
[INFO] 2025-10-13 11:53:04.840 +0800 o.a.d.s.m.c.IdSlotBasedCommandFetcher:[67] - Fetch commands: 0 success, cost: 0ms, totalSlot: 1, currentSlotIndex: 0
[INFO] 2025-10-13 11:53:05.840 +0800 o.a.d.s.m.c.IdSlotBasedCommandFetcher:[67] - Fetch commands: 0 success, cost: 0ms, totalSlot: 1, currentSlotIndex: 0
[INFO] 2025-10-13 11:53:06.840 +0800 o.a.d.s.m.c.IdSlotBasedCommandFetcher:[67] - Fetch commands: 0 success, cost: 0ms, totalSlot: 1, currentSlotIndex: 0
[INFO] 2025-10-13 11:53:07.841 +0800 o.a.d.s.m.c.IdSlotBasedCommandFetcher:[67] - Fetch commands: 0 success, cost: 0ms, totalSlot: 1, currentSlotIndex: 0
[INFO] 2025-10-13 11:53:08.755 +0800 o.a.d.s.m.r.t.TaskGroupCoordinator:[187] - Success amend TaskGroupQueue status cost: 0/ms
[INFO] 2025-10-13 11:53:08.757 +0800 o.a.d.s.m.r.t.TaskGroupCoordinator:[241] - Success deal with force start TaskGroupQueue cost: 0/ms
[INFO] 2025-10-13 11:53:08.757 +0800 o.a.d.s.m.r.t.TaskGroupCoordinator:[129] - TaskGroupCoordinator round time cost: 0/ms
[INFO] 2025-10-13 11:53:08.841 +0800 o.a.d.s.m.c.IdSlotBasedCommandFetcher:[67] - Fetch commands: 0 success, cost: 0ms, totalSlot: 1, currentSlotIndex: 0
[INFO] 2025-10-13 11:53:09.842 +0800 o.a.d.s.m.c.IdSlotBasedCommandFetcher:[67] - Fetch commands: 0 success, cost: 0ms, totalSlot: 1, currentSlotIndex: 0
[INFO] 2025-10-13 11:53:10.842 +0800 o.a.d.s.m.c.IdSlotBasedCommandFetcher:[67] - Fetch commands: 0 success, cost: 0ms, totalSlot: 1, currentSlotIndex: 0
[INFO] 2025-10-13 11:53:11.930 +0800 o.a.d.s.m.c.IdSlotBasedCommandFetcher:[67] - Fetch commands: 0 success, cost: 0ms, totalSlot: 1, currentSlotIndex: 0
[INFO] 2025-10-13 11:53:13.005 +0800 o.a.d.s.m.c.IdSlotBasedCommandFetcher:[67] - Fetch commands: 0 success, cost: 1ms, totalSlot: 1, currentSlotIndex: 0
[INFO] 2025-10-13 11:53:13.760 +0800 o.a.d.s.m.r.t.TaskGroupCoordinator:[187] - Success amend TaskGroupQueue status cost: 0/ms
[INFO] 2025-10-13 11:53:13.760 +0800 o.a.d.s.m.r.t.TaskGroupCoordinator:[241] - Success deal with force start TaskGroupQueue cost: 0/ms
[INFO] 2025-10-13 11:53:13.760 +0800 o.a.d.s.m.r.t.TaskGroupCoordinator:[129] - TaskGroupCoordinator round time cost: 0/ms
[INFO] 2025-10-13 11:53:14.074 +0800 o.a.d.s.m.c.IdSlotBasedCommandFetcher:[67] - Fetch commands: 0 success, cost: 0ms, totalSlot: 1, currentSlotIndex: 0
[INFO] 2025-10-13 11:53:15.147 +0800 o.a.d.s.m.c.IdSlotBasedCommandFetcher:[67] - Fetch commands: 0 success, cost: 0ms, totalSlot: 1, currentSlotIndex: 0
[INFO] 2025-10-13 11:53:16.342 +0800 o.a.d.s.m.c.IdSlotBasedCommandFetcher:[67] - Fetch commands: 0 success, cost: 0ms, totalSlot: 1, currentSlotIndex: 0
[INFO] 2025-10-13 11:53:17.344 +0800 o.a.d.s.m.c.IdSlotBasedCommandFetcher:[67] - Fetch commands: 0 success, cost: 0ms, totalSlot: 1, currentSlotIndex: 0
[INFO] 2025-10-13 11:53:18.344 +0800 o.a.d.s.m.c.IdSlotBasedCommandFetcher:[67] - Fetch commands: 0 success, cost: 0ms, totalSlot: 1, currentSlotIndex: 0
[INFO] 2025-10-13 11:53:18.764 +0800 o.a.d.s.m.r.t.TaskGroupCoordinator:[187] - Success amend TaskGroupQueue status cost: 0/ms
[INFO] 2025-10-13 11:53:18.765 +0800 o.a.d.s.m.r.t.TaskGroupCoordinator:[241] - Success deal with force start TaskGroupQueue cost: 0/ms
[INFO] 2025-10-13 11:53:18.765 +0800 o.a.d.s.m.r.t.TaskGroupCoordinator:[129] - TaskGroupCoordinator round time cost: 0/ms
[INFO] 2025-10-13 11:53:19.345 +0800 o.a.d.s.m.c.IdSlotBasedCommandFetcher:[67] - Fetch commands: 0 success, cost: 0ms, totalSlot: 1, currentSlotIndex: 0
[INFO] 2025-10-13 11:53:20.346 +0800 o.a.d.s.m.c.IdSlotBasedCommandFetcher:[67] - Fetch commands: 0 success, cost: 0ms, totalSlot: 1, currentSlotIndex: 0
[INFO] 2025-10-13 11:53:21.347 +0800 o.a.d.s.m.c.IdSlotBasedCommandFetcher:[67] - Fetch commands: 0 success, cost: 0ms, totalSlot: 1, currentSlotIndex: 0
[INFO] 2025-10-13 11:53:22.347 +0800 o.a.d.s.m.c.IdSlotBasedCommandFetcher:[67] - Fetch commands: 0 success, cost: 0ms, totalSlot: 1, currentSlotIndex: 0
[INFO] 2025-10-13 11:53:23.348 +0800 o.a.d.s.m.c.IdSlotBasedCommandFetcher:[67] - Fetch commands: 0 success, cost: 0ms, totalSlot: 1, currentSlotIndex: 0
[INFO] 2025-10-13 11:53:23.772 +0800 o.a.d.s.m.r.t.TaskGroupCoordinator:[187] - Success amend TaskGroupQueue status cost: 0/ms
[INFO] 2025-10-13 11:53:23.772 +0800 o.a.d.s.m.r.t.TaskGroupCoordinator:[241] - Success deal with force start TaskGroupQueue cost: 0/ms
[INFO] 2025-10-13 11:53:23.772 +0800 o.a.d.s.m.r.t.TaskGroupCoordinator:[129] - TaskGroupCoordinator round time cost: 0/ms
[INFO] 2025-10-13 11:53:24.349 +0800 o.a.d.s.m.c.IdSlotBasedCommandFetcher:[67] - Fetch commands: 0 success, cost: 0ms, totalSlot: 1, currentSlotIndex: 0
[INFO] 2025-10-13 11:53:25.349 +0800 o.a.d.s.m.c.IdSlotBasedCommandFetcher:[67] - Fetch commands: 0 success, cost: 0ms, totalSlot: 1, currentSlotIndex: 0
[INFO] 2025-10-13 11:53:26.349 +0800 o.a.d.s.m.c.IdSlotBasedCommandFetcher:[67] - Fetch commands: 0 success, cost: 0ms, totalSlot: 1, currentSlotIndex: 0
[INFO] 2025-10-13 11:53:27.350 +0800 o.a.d.s.m.c.IdSlotBasedCommandFetcher:[67] - Fetch commands: 0 success, cost: 0ms, totalSlot: 1, currentSlotIndex: 0
[INFO] 2025-10-13 11:53:28.351 +0800 o.a.d.s.m.c.IdSlotBasedCommandFetcher:[67] - Fetch commands: 0 success, cost: 0ms, totalSlot: 1, currentSlotIndex: 0
[INFO] 2025-10-13 11:53:28.777 +0800 o.a.d.s.m.r.t.TaskGroupCoordinator:[187] - Success amend TaskGroupQueue status cost: 0/ms
[INFO] 2025-10-13 11:53:28.777 +0800 o.a.d.s.m.r.t.TaskGroupCoordinator:[241] - Success deal with force start TaskGroupQueue cost: 0/ms
[INFO] 2025-10-13 11:53:28.777 +0800 o.a.d.s.m.r.t.TaskGroupCoordinator:[129] - TaskGroupCoordinator round time cost: 0/ms
[INFO] 2025-10-13 11:53:29.547 +0800 o.a.d.s.m.c.IdSlotBasedCommandFetcher:[67] - Fetch commands: 0 success, cost: 0ms, totalSlot: 1, currentSlotIndex: 0
[INFO] 2025-10-13 11:53:30.549 +0800 o.a.d.s.m.c.IdSlotBasedCommandFetcher:[67] - Fetch commands: 0 success, cost: 0ms, totalSlot: 1, currentSlotIndex: 0
[INFO] 2025-10-13 11:53:31.549 +0800 o.a.d.s.m.c.IdSlotBasedCommandFetcher:[67] - Fetch commands: 0 success, cost: 0ms, totalSlot: 1, currentSlotIndex: 0
[INFO] 2025-10-13 11:53:32.549 +0800 o.a.d.s.m.c.IdSlotBasedCommandFetcher:[67] - Fetch commands: 0 success, cost: 0ms, totalSlot: 1, currentSlotIndex: 0
[INFO] 2025-10-13 11:53:33.550 +0800 o.a.d.s.m.c.IdSlotBasedCommandFetcher:[67] - Fetch commands: 0 success, cost: 0ms, totalSlot: 1, currentSlotIndex: 0
[INFO] 2025-10-13 11:53:33.781 +0800 o.a.d.s.m.r.t.TaskGroupCoordinator:[187] - Success amend TaskGroupQueue status cost: 0/ms
[INFO] 2025-10-13 11:53:33.781 +0800 o.a.d.s.m.r.t.TaskGroupCoordinator:[241] - Success deal with force start TaskGroupQueue cost: 0/ms
[INFO] 2025-10-13 11:53:33.781 +0800 o.a.d.s.m.r.t.TaskGroupCoordinator:[129] - TaskGroupCoordinator round time cost: 0/ms
[INFO] 2025-10-13 11:53:34.551 +0800 o.a.d.s.m.c.IdSlotBasedCommandFetcher:[67] - Fetch commands: 0 success, cost: 0ms, totalSlot: 1, currentSlotIndex: 0
[INFO] 2025-10-13 11:53:35.551 +0800 o.a.d.s.m.c.IdSlotBasedCommandFetcher:[67] - Fetch commands: 0 success, cost: 0ms, totalSlot: 1, currentSlotIndex: 0
[INFO] 2025-10-13 11:53:36.551 +0800 o.a.d.s.m.c.IdSlotBasedCommandFetcher:[67] - Fetch commands: 0 success, cost: 0ms, totalSlot: 1, currentSlotIndex: 0
[INFO] 2025-10-13 11:53:37.552 +0800 o.a.d.s.m.c.IdSlotBasedCommandFetcher:[67] - Fetch commands: 0 success, cost: 0ms, totalSlot: 1, currentSlotIndex: 0
[INFO] 2025-10-13 11:53:38.552 +0800 o.a.d.s.m.c.IdSlotBasedCommandFetcher:[67] - Fetch commands: 0 success, cost: 0ms, totalSlot: 1, currentSlotIndex: 0
[INFO] 2025-10-13 11:53:38.787 +0800 o.a.d.s.m.r.t.TaskGroupCoordinator:[187] - Success amend TaskGroupQueue status cost: 0/ms
[INFO] 2025-10-13 11:53:38.787 +0800 o.a.d.s.m.r.t.TaskGroupCoordinator:[241] - Success deal with force start TaskGroupQueue cost: 0/ms
[INFO] 2025-10-13 11:53:38.787 +0800 o.a.d.s.m.r.t.TaskGroupCoordinator:[129] - TaskGroupCoordinator round time cost: 0/ms
[INFO] 2025-10-13 11:53:39.553 +0800 o.a.d.s.m.c.IdSlotBasedCommandFetcher:[67] - Fetch commands: 0 success, cost: 0ms, totalSlot: 1, currentSlotIndex: 0
[INFO] 2025-10-13 11:53:40.554 +0800 o.a.d.s.m.c.IdSlotBasedCommandFetcher:[67] - Fetch commands: 0 success, cost: 0ms, totalSlot: 1, currentSlotIndex: 0
[INFO] 2025-10-13 11:53:41.554 +0800 o.a.d.s.m.c.IdSlotBasedCommandFetcher:[67] - Fetch commands: 0 success, cost: 0ms, totalSlot: 1, currentSlotIndex: 0
[INFO] 2025-10-13 11:53:42.555 +0800 o.a.d.s.m.c.IdSlotBasedCommandFetcher:[67] - Fetch commands: 0 success, cost: 0ms, totalSlot: 1, currentSlotIndex: 0
[INFO] 2025-10-13 11:53:43.753 +0800 o.a.d.s.m.c.IdSlotBasedCommandFetcher:[67] - Fetch commands: 0 success, cost: 0ms, totalSlot: 1, currentSlotIndex: 0
[INFO] 2025-10-13 11:53:43.795 +0800 o.a.d.s.m.r.t.TaskGroupCoordinator:[187] - Success amend TaskGroupQueue status cost: 0/ms
[INFO] 2025-10-13 11:53:43.795 +0800 o.a.d.s.m.r.t.TaskGroupCoordinator:[241] - Success deal with force start TaskGroupQueue cost: 0/ms
[INFO] 2025-10-13 11:53:43.795 +0800 o.a.d.s.m.r.t.TaskGroupCoordinator:[129] - TaskGroupCoordinator round time cost: 0/ms
[INFO] 2025-10-13 11:53:44.828 +0800 o.a.d.s.m.c.IdSlotBasedCommandFetcher:[67] - Fetch commands: 0 success, cost: 0ms, totalSlot: 1, currentSlotIndex: 0
[INFO] 2025-10-13 11:53:45.901 +0800 o.a.d.s.m.c.IdSlotBasedCommandFetcher:[67] - Fetch commands: 0 success, cost: 0ms, totalSlot: 1, currentSlotIndex: 0
[INFO] 2025-10-13 11:53:46.972 +0800 o.a.d.s.m.c.IdSlotBasedCommandFetcher:[67] - Fetch commands: 0 success, cost: 0ms, totalSlot: 1, currentSlotIndex: 0
[INFO] 2025-10-13 11:53:48.063 +0800 o.a.d.s.m.c.IdSlotBasedCommandFetcher:[67] - Fetch commands: 0 success, cost: 0ms, totalSlot: 1, currentSlotIndex: 0
[INFO] 2025-10-13 11:53:48.799 +0800 o.a.d.s.m.r.t.TaskGroupCoordinator:[187] - Success amend TaskGroupQueue status cost: 0/ms
[INFO] 2025-10-13 11:53:48.800 +0800 o.a.d.s.m.r.t.TaskGroupCoordinator:[241] - Success deal with force start TaskGroupQueue cost: 0/ms
[INFO] 2025-10-13 11:53:48.800 +0800 o.a.d.s.m.r.t.TaskGroupCoordinator:[129] - TaskGroupCoordinator round time cost: 0/ms
[INFO] 2025-10-13 11:53:49.146 +0800 o.a.d.s.m.c.IdSlotBasedCommandFetcher:[67] - Fetch commands: 0 success, cost: 0ms, totalSlot: 1, currentSlotIndex: 0
[INFO] 2025-10-13 11:53:50.276 +0800 o.a.d.s.m.c.IdSlotBasedCommandFetcher:[67] - Fetch commands: 0 success, cost: 0ms, totalSlot: 1, currentSlotIndex: 0
[INFO] 2025-10-13 11:53:51.276 +0800 o.a.d.s.m.c.IdSlotBasedCommandFetcher:[67] - Fetch commands: 0 success, cost: 0ms, totalSlot: 1, currentSlotIndex: 0
[INFO] 2025-10-13 11:53:52.281 +0800 o.a.d.s.m.c.IdSlotBasedCommandFetcher:[67] - Fetch commands: 0 success, cost: 0ms, totalSlot: 1, currentSlotIndex: 0
[INFO] 2025-10-13 11:53:53.281 +0800 o.a.d.s.m.c.IdSlotBasedCommandFetcher:[67] - Fetch commands: 0 success, cost: 0ms, totalSlot: 1, currentSlotIndex: 0
[INFO] 2025-10-13 11:53:53.805 +0800 o.a.d.s.m.r.t.TaskGroupCoordinator:[187] - Success amend TaskGroupQueue status cost: 0/ms
[INFO] 2025-10-13 11:53:53.806 +0800 o.a.d.s.m.r.t.TaskGroupCoordinator:[241] - Success deal with force start TaskGroupQueue cost: 0/ms
[INFO] 2025-10-13 11:53:53.806 +0800 o.a.d.s.m.r.t.TaskGroupCoordinator:[129] - TaskGroupCoordinator round time cost: 0/ms
[INFO] 2025-10-13 11:53:54.282 +0800 o.a.d.s.m.c.IdSlotBasedCommandFetcher:[67] - Fetch commands: 0 success, cost: 0ms, totalSlot: 1, currentSlotIndex: 0
[INFO] 2025-10-13 11:53:55.283 +0800 o.a.d.s.m.c.IdSlotBasedCommandFetcher:[67] - Fetch commands: 0 success, cost: 0ms, totalSlot: 1, currentSlotIndex: 0
[INFO] 2025-10-13 11:53:56.283 +0800 o.a.d.s.m.c.IdSlotBasedCommandFetcher:[67] - Fetch commands: 0 success, cost: 0ms, totalSlot: 1, currentSlotIndex: 0
[INFO] 2025-10-13 11:53:57.284 +0800 o.a.d.s.m.c.IdSlotBasedCommandFetcher:[67] - Fetch commands: 0 success, cost: 0ms, totalSlot: 1, currentSlotIndex: 0
[INFO] 2025-10-13 11:53:58.284 +0800 o.a.d.s.m.c.IdSlotBasedCommandFetcher:[67] - Fetch commands: 0 success, cost: 0ms, totalSlot: 1, currentSlotIndex: 0
[INFO] 2025-10-13 11:53:58.811 +0800 o.a.d.s.m.r.t.TaskGroupCoordinator:[187] - Success amend TaskGroupQueue status cost: 0/ms
[INFO] 2025-10-13 11:53:58.811 +0800 o.a.d.s.m.r.t.TaskGroupCoordinator:[241] - Success deal with force start TaskGroupQueue cost: 0/ms
[INFO] 2025-10-13 11:53:58.811 +0800 o.a.d.s.m.r.t.TaskGroupCoordinator:[129] - TaskGroupCoordinator round time cost: 0/ms
[INFO] 2025-10-13 11:53:59.284 +0800 o.a.d.s.m.c.IdSlotBasedCommandFetcher:[67] - Fetch commands: 0 success, cost: 0ms, totalSlot: 1, currentSlotIndex: 0
[INFO] 2025-10-13 11:54:00.285 +0800 o.a.d.s.m.c.IdSlotBasedCommandFetcher:[67] - Fetch commands: 0 success, cost: 0ms, totalSlot: 1, currentSlotIndex: 0
[INFO] 2025-10-13 11:54:01.285 +0800 o.a.d.s.m.c.IdSlotBasedCommandFetcher:[67] - Fetch commands: 0 success, cost: 0ms, totalSlot: 1, currentSlotIndex: 0
[INFO] 2025-10-13 11:54:02.285 +0800 o.a.d.s.m.c.IdSlotBasedCommandFetcher:[67] - Fetch commands: 0 success, cost: 0ms, totalSlot: 1, currentSlotIndex: 0
[INFO] 2025-10-13 11:54:03.286 +0800 o.a.d.s.m.c.IdSlotBasedCommandFetcher:[67] - Fetch commands: 0 success, cost: 0ms, totalSlot: 1, currentSlotIndex: 0
[INFO] 2025-10-13 11:54:03.815 +0800 o.a.d.s.m.r.t.TaskGroupCoordinator:[187] - Success amend TaskGroupQueue status cost: 0/ms
[INFO] 2025-10-13 11:54:03.815 +0800 o.a.d.s.m.r.t.TaskGroupCoordinator:[241] - Success deal with force start TaskGroupQueue cost: 0/ms
[INFO] 2025-10-13 11:54:03.815 +0800 o.a.d.s.m.r.t.TaskGroupCoordinator:[129] - TaskGroupCoordinator round time cost: 0/ms
[INFO] 2025-10-13 11:54:04.397 +0800 o.a.d.s.m.c.IdSlotBasedCommandFetcher:[67] - Fetch commands: 0 success, cost: 0ms, totalSlot: 1, currentSlotIndex: 0
[INFO] 2025-10-13 11:54:05.471 +0800 o.a.d.s.m.c.IdSlotBasedCommandFetcher:[67] - Fetch commands: 0 success, cost: 0ms, totalSlot: 1, currentSlotIndex: 0
[INFO] 2025-10-13 11:54:06.550 +0800 o.a.d.s.m.c.IdSlotBasedCommandFetcher:[67] - Fetch commands: 0 success, cost: 0ms, totalSlot: 1, currentSlotIndex: 0
[INFO] 2025-10-13 11:54:07.621 +0800 o.a.d.s.m.c.IdSlotBasedCommandFetcher:[67] - Fetch commands: 0 success, cost: 0ms, totalSlot: 1, currentSlotIndex: 0
[INFO] 2025-10-13 11:54:08.693 +0800 o.a.d.s.m.c.IdSlotBasedCommandFetcher:[67] - Fetch commands: 0 success, cost: 0ms, totalSlot: 1, currentSlotIndex: 0
[INFO] 2025-10-13 11:54:08.821 +0800 o.a.d.s.m.r.t.TaskGroupCoordinator:[187] - Success amend TaskGroupQueue status cost: 0/ms
[INFO] 2025-10-13 11:54:08.821 +0800 o.a.d.s.m.r.t.TaskGroupCoordinator:[241] - Success deal with force start TaskGroupQueue cost: 0/ms
[INFO] 2025-10-13 11:54:08.821 +0800 o.a.d.s.m.r.t.TaskGroupCoordinator:[129] - TaskGroupCoordinator round time cost: 0/ms
[INFO] 2025-10-13 11:54:09.766 +0800 o.a.d.s.m.c.IdSlotBasedCommandFetcher:[67] - Fetch commands: 0 success, cost: 0ms, totalSlot: 1, currentSlotIndex: 0
[INFO] 2025-10-13 11:54:10.982 +0800 o.a.d.s.m.c.IdSlotBasedCommandFetcher:[67] - Fetch commands: 0 success, cost: 0ms, totalSlot: 1, currentSlotIndex: 0
[INFO] 2025-10-13 11:54:11.983 +0800 o.a.d.s.m.c.IdSlotBasedCommandFetcher:[67] - Fetch commands: 0 success, cost: 0ms, totalSlot: 1, currentSlotIndex: 0
[INFO] 2025-10-13 11:54:12.984 +0800 o.a.d.s.m.c.IdSlotBasedCommandFetcher:[67] - Fetch commands: 0 success, cost: 0ms, totalSlot: 1, currentSlotIndex: 0
[INFO] 2025-10-13 11:54:13.841 +0800 o.a.d.s.m.r.t.TaskGroupCoordinator:[187] - Success amend TaskGroupQueue status cost: 0/ms
[INFO] 2025-10-13 11:54:13.841 +0800 o.a.d.s.m.r.t.TaskGroupCoordinator:[241] - Success deal with force start TaskGroupQueue cost: 0/ms
[INFO] 2025-10-13 11:54:13.841 +0800 o.a.d.s.m.r.t.TaskGroupCoordinator:[129] - TaskGroupCoordinator round time cost: 0/ms
[INFO] 2025-10-13 11:54:13.985 +0800 o.a.d.s.m.c.IdSlotBasedCommandFetcher:[67] - Fetch commands: 0 success, cost: 0ms, totalSlot: 1, currentSlotIndex: 0
[INFO] 2025-10-13 11:54:14.999 +0800 o.a.d.s.m.c.IdSlotBasedCommandFetcher:[67] - Fetch commands: 0 success, cost: 0ms, totalSlot: 1, currentSlotIndex: 0
[INFO] 2025-10-13 11:54:15.999 +0800 o.a.d.s.m.c.IdSlotBasedCommandFetcher:[67] - Fetch commands: 0 success, cost: 0ms, totalSlot: 1, currentSlotIndex: 0
[INFO] 2025-10-13 11:54:16.999 +0800 o.a.d.s.m.c.IdSlotBasedCommandFetcher:[67] - Fetch commands: 0 success, cost: 0ms, totalSlot: 1, currentSlotIndex: 0
[INFO] 2025-10-13 11:54:18.007 +0800 o.a.d.s.m.c.IdSlotBasedCommandFetcher:[67] - Fetch commands: 0 success, cost: 0ms, totalSlot: 1, currentSlotIndex: 0
[INFO] 2025-10-13 11:54:18.846 +0800 o.a.d.s.m.r.t.TaskGroupCoordinator:[187] - Success amend TaskGroupQueue status cost: 0/ms
[INFO] 2025-10-13 11:54:18.846 +0800 o.a.d.s.m.r.t.TaskGroupCoordinator:[241] - Success deal with force start TaskGroupQueue cost: 0/ms
[INFO] 2025-10-13 11:54:18.846 +0800 o.a.d.s.m.r.t.TaskGroupCoordinator:[129] - TaskGroupCoordinator round time cost: 0/ms
[INFO] 2025-10-13 11:54:19.007 +0800 o.a.d.m.m.BaseServerLoadProtection:[43] - OverLoad: the system cpu usage: 1.0 is over then the maxSystemCpuUsagePercentageThresholds 0.9
[WARN] 2025-10-13 11:54:19.007 +0800 o.a.d.s.m.r.MasterSchedulerBootstrap:[120] - The current server is overload, cannot consumes commands.
[INFO] 2025-10-13 11:54:19.022 +0800 o.a.d.m.m.BaseServerLoadProtection:[43] - OverLoad: the system cpu usage: 1.0 is over then the maxSystemCpuUsagePercentageThresholds 0.9
[INFO] 2025-10-13 11:54:19.711 +0800 o.a.d.m.m.BaseServerLoadProtection:[43] - OverLoad: the system cpu usage: 1.0 is over then the maxSystemCpuUsagePercentageThresholds 0.9
[INFO] 2025-10-13 11:54:20.015 +0800 o.a.d.s.m.c.IdSlotBasedCommandFetcher:[67] - Fetch commands: 0 success, cost: 0ms, totalSlot: 1, currentSlotIndex: 0
[INFO] 2025-10-13 11:54:21.015 +0800 o.a.d.s.m.c.IdSlotBasedCommandFetcher:[67] - Fetch commands: 0 success, cost: 0ms, totalSlot: 1, currentSlotIndex: 0
[INFO] 2025-10-13 11:54:22.018 +0800 o.a.d.s.m.c.IdSlotBasedCommandFetcher:[67] - Fetch commands: 0 success, cost: 0ms, totalSlot: 1, currentSlotIndex: 0
[INFO] 2025-10-13 11:54:23.019 +0800 o.a.d.s.m.c.IdSlotBasedCommandFetcher:[67] - Fetch commands: 0 success, cost: 0ms, totalSlot: 1, currentSlotIndex: 0
[INFO] 2025-10-13 11:54:23.852 +0800 o.a.d.s.m.r.t.TaskGroupCoordinator:[187] - Success amend TaskGroupQueue status cost: 0/ms
[INFO] 2025-10-13 11:54:23.852 +0800 o.a.d.s.m.r.t.TaskGroupCoordinator:[241] - Success deal with force start TaskGroupQueue cost: 0/ms
[INFO] 2025-10-13 11:54:23.852 +0800 o.a.d.s.m.r.t.TaskGroupCoordinator:[129] - TaskGroupCoordinator round time cost: 0/ms
[INFO] 2025-10-13 11:54:24.252 +0800 o.a.d.s.m.c.IdSlotBasedCommandFetcher:[67] - Fetch commands: 0 success, cost: 0ms, totalSlot: 1, currentSlotIndex: 0
[INFO] 2025-10-13 11:54:25.265 +0800 o.a.d.s.m.c.IdSlotBasedCommandFetcher:[67] - Fetch commands: 0 success, cost: 0ms, totalSlot: 1, currentSlotIndex: 0
[INFO] 2025-10-13 11:54:26.265 +0800 o.a.d.s.m.c.IdSlotBasedCommandFetcher:[67] - Fetch commands: 0 success, cost: 0ms, totalSlot: 1, currentSlotIndex: 0
[INFO] 2025-10-13 11:54:27.281 +0800 o.a.d.s.m.c.IdSlotBasedCommandFetcher:[67] - Fetch commands: 0 success, cost: 0ms, totalSlot: 1, currentSlotIndex: 0
[INFO] 2025-10-13 11:54:28.281 +0800 o.a.d.s.m.c.IdSlotBasedCommandFetcher:[67] - Fetch commands: 0 success, cost: 0ms, totalSlot: 1, currentSlotIndex: 0
[INFO] 2025-10-13 11:54:28.866 +0800 o.a.d.s.m.r.t.TaskGroupCoordinator:[187] - Success amend TaskGroupQueue status cost: 0/ms
[INFO] 2025-10-13 11:54:28.866 +0800 o.a.d.s.m.r.t.TaskGroupCoordinator:[241] - Success deal with force start TaskGroupQueue cost: 0/ms
[INFO] 2025-10-13 11:54:28.866 +0800 o.a.d.s.m.r.t.TaskGroupCoordinator:[129] - TaskGroupCoordinator round time cost: 0/ms
[INFO] 2025-10-13 11:54:29.281 +0800 o.a.d.s.m.c.IdSlotBasedCommandFetcher:[67] - Fetch commands: 0 success, cost: 0ms, totalSlot: 1, currentSlotIndex: 0
[INFO] 2025-10-13 11:54:30.282 +0800 o.a.d.s.m.c.IdSlotBasedCommandFetcher:[67] - Fetch commands: 0 success, cost: 0ms, totalSlot: 1, currentSlotIndex: 0
[INFO] 2025-10-13 11:54:31.283 +0800 o.a.d.s.m.c.IdSlotBasedCommandFetcher:[67] - Fetch commands: 0 success, cost: 0ms, totalSlot: 1, currentSlotIndex: 0
[INFO] 2025-10-13 11:54:32.284 +0800 o.a.d.s.m.c.IdSlotBasedCommandFetcher:[67] - Fetch commands: 0 success, cost: 0ms, totalSlot: 1, currentSlotIndex: 0
[INFO] 2025-10-13 11:54:33.285 +0800 o.a.d.s.m.c.IdSlotBasedCommandFetcher:[67] - Fetch commands: 0 success, cost: 0ms, totalSlot: 1, currentSlotIndex: 0
[INFO] 2025-10-13 11:54:33.870 +0800 o.a.d.s.m.r.t.TaskGroupCoordinator:[187] - Success amend TaskGroupQueue status cost: 0/ms
[INFO] 2025-10-13 11:54:33.871 +0800 o.a.d.s.m.r.t.TaskGroupCoordinator:[241] - Success deal with force start TaskGroupQueue cost: 0/ms
[INFO] 2025-10-13 11:54:33.871 +0800 o.a.d.s.m.r.t.TaskGroupCoordinator:[129] - TaskGroupCoordinator round time cost: 0/ms
[INFO] 2025-10-13 11:54:34.285 +0800 o.a.d.s.m.c.IdSlotBasedCommandFetcher:[67] - Fetch commands: 0 success, cost: 0ms, totalSlot: 1, currentSlotIndex: 0
[INFO] 2025-10-13 11:54:35.285 +0800 o.a.d.s.m.c.IdSlotBasedCommandFetcher:[67] - Fetch commands: 0 success, cost: 0ms, totalSlot: 1, currentSlotIndex: 0
[INFO] 2025-10-13 11:54:36.286 +0800 o.a.d.s.m.c.IdSlotBasedCommandFetcher:[67] - Fetch commands: 0 success, cost: 0ms, totalSlot: 1, currentSlotIndex: 0
[INFO] 2025-10-13 11:54:37.286 +0800 o.a.d.s.m.c.IdSlotBasedCommandFetcher:[67] - Fetch commands: 0 success, cost: 0ms, totalSlot: 1, currentSlotIndex: 0
[INFO] 2025-10-13 11:54:38.522 +0800 o.a.d.s.m.c.IdSlotBasedCommandFetcher:[67] - Fetch commands: 0 success, cost: 0ms, totalSlot: 1, currentSlotIndex: 0
[INFO] 2025-10-13 11:54:38.875 +0800 o.a.d.s.m.r.t.TaskGroupCoordinator:[187] - Success amend TaskGroupQueue status cost: 0/ms
[INFO] 2025-10-13 11:54:38.876 +0800 o.a.d.s.m.r.t.TaskGroupCoordinator:[241] - Success deal with force start TaskGroupQueue cost: 0/ms
[INFO] 2025-10-13 11:54:38.876 +0800 o.a.d.s.m.r.t.TaskGroupCoordinator:[129] - TaskGroupCoordinator round time cost: 0/ms
[INFO] 2025-10-13 11:54:39.592 +0800 o.a.d.s.m.c.IdSlotBasedCommandFetcher:[67] - Fetch commands: 0 success, cost: 0ms, totalSlot: 1, currentSlotIndex: 0
[INFO] 2025-10-13 11:54:40.662 +0800 o.a.d.s.m.c.IdSlotBasedCommandFetcher:[67] - Fetch commands: 0 success, cost: 0ms, totalSlot: 1, currentSlotIndex: 0
[INFO] 2025-10-13 11:54:41.731 +0800 o.a.d.s.m.c.IdSlotBasedCommandFetcher:[67] - Fetch commands: 0 success, cost: 0ms, totalSlot: 1, currentSlotIndex: 0
[INFO] 2025-10-13 11:54:42.801 +0800 o.a.d.s.m.c.IdSlotBasedCommandFetcher:[67] - Fetch commands: 0 success, cost: 1ms, totalSlot: 1, currentSlotIndex: 0
[INFO] 2025-10-13 11:54:43.873 +0800 o.a.d.s.m.c.IdSlotBasedCommandFetcher:[67] - Fetch commands: 0 success, cost: 0ms, totalSlot: 1, currentSlotIndex: 0
[INFO] 2025-10-13 11:54:43.883 +0800 o.a.d.s.m.r.t.TaskGroupCoordinator:[187] - Success amend TaskGroupQueue status cost: 0/ms
[INFO] 2025-10-13 11:54:43.884 +0800 o.a.d.s.m.r.t.TaskGroupCoordinator:[241] - Success deal with force start TaskGroupQueue cost: 0/ms
[INFO] 2025-10-13 11:54:43.884 +0800 o.a.d.s.m.r.t.TaskGroupCoordinator:[129] - TaskGroupCoordinator round time cost: 0/ms
[INFO] 2025-10-13 11:54:45.042 +0800 o.a.d.s.m.c.IdSlotBasedCommandFetcher:[67] - Fetch commands: 0 success, cost: 0ms, totalSlot: 1, currentSlotIndex: 0
[INFO] 2025-10-13 11:54:46.111 +0800 o.a.d.s.m.c.IdSlotBasedCommandFetcher:[67] - Fetch commands: 0 success, cost: 0ms, totalSlot: 1, currentSlotIndex: 0
[INFO] 2025-10-13 11:54:47.194 +0800 o.a.d.s.m.c.IdSlotBasedCommandFetcher:[67] - Fetch commands: 0 success, cost: 0ms, totalSlot: 1, currentSlotIndex: 0
[INFO] 2025-10-13 11:54:48.266 +0800 o.a.d.s.m.c.IdSlotBasedCommandFetcher:[67] - Fetch commands: 0 success, cost: 0ms, totalSlot: 1, currentSlotIndex: 0
[INFO] 2025-10-13 11:54:48.888 +0800 o.a.d.s.m.r.t.TaskGroupCoordinator:[187] - Success amend TaskGroupQueue status cost: 0/ms
[INFO] 2025-10-13 11:54:48.888 +0800 o.a.d.s.m.r.t.TaskGroupCoordinator:[241] - Success deal with force start TaskGroupQueue cost: 0/ms
[INFO] 2025-10-13 11:54:48.888 +0800 o.a.d.s.m.r.t.TaskGroupCoordinator:[129] - TaskGroupCoordinator round time cost: 0/ms
[INFO] 2025-10-13 11:54:49.341 +0800 o.a.d.s.m.c.IdSlotBasedCommandFetcher:[67] - Fetch commands: 0 success, cost: 0ms, totalSlot: 1, currentSlotIndex: 0
[INFO] 2025-10-13 11:54:50.416 +0800 o.a.d.s.m.c.IdSlotBasedCommandFetcher:[67] - Fetch commands: 0 success, cost: 0ms, totalSlot: 1, currentSlotIndex: 0
[INFO] 2025-10-13 11:54:51.488 +0800 o.a.d.s.m.c.IdSlotBasedCommandFetcher:[67] - Fetch commands: 0 success, cost: 0ms, totalSlot: 1, currentSlotIndex: 0
[INFO] 2025-10-13 11:54:52.620 +0800 o.a.d.s.m.c.IdSlotBasedCommandFetcher:[67] - Fetch commands: 0 success, cost: 0ms, totalSlot: 1, currentSlotIndex: 0
[INFO] 2025-10-13 11:54:53.622 +0800 o.a.d.s.m.c.IdSlotBasedCommandFetcher:[67] - Fetch commands: 0 success, cost: 0ms, totalSlot: 1, currentSlotIndex: 0
[INFO] 2025-10-13 11:54:53.897 +0800 o.a.d.s.m.r.t.TaskGroupCoordinator:[187] - Success amend TaskGroupQueue status cost: 0/ms
[INFO] 2025-10-13 11:54:53.898 +0800 o.a.d.s.m.r.t.TaskGroupCoordinator:[241] - Success deal with force start TaskGroupQueue cost: 0/ms
[INFO] 2025-10-13 11:54:53.898 +0800 o.a.d.s.m.r.t.TaskGroupCoordinator:[129] - TaskGroupCoordinator round time cost: 0/ms
[INFO] 2025-10-13 11:54:54.623 +0800 o.a.d.s.m.c.IdSlotBasedCommandFetcher:[67] - Fetch commands: 0 success, cost: 0ms, totalSlot: 1, currentSlotIndex: 0
[INFO] 2025-10-13 11:54:55.624 +0800 o.a.d.s.m.c.IdSlotBasedCommandFetcher:[67] - Fetch commands: 0 success, cost: 0ms, totalSlot: 1, currentSlotIndex: 0
[INFO] 2025-10-13 11:54:56.625 +0800 o.a.d.s.m.c.IdSlotBasedCommandFetcher:[67] - Fetch commands: 0 success, cost: 0ms, totalSlot: 1, currentSlotIndex: 0
[INFO] 2025-10-13 11:54:57.625 +0800 o.a.d.s.m.c.IdSlotBasedCommandFetcher:[67] - Fetch commands: 0 success, cost: 0ms, totalSlot: 1, currentSlotIndex: 0
[INFO] 2025-10-13 11:54:58.625 +0800 o.a.d.s.m.c.IdSlotBasedCommandFetcher:[67] - Fetch commands: 0 success, cost: 0ms, totalSlot: 1, currentSlotIndex: 0
[INFO] 2025-10-13 11:54:58.902 +0800 o.a.d.s.m.r.t.TaskGroupCoordinator:[187] - Success amend TaskGroupQueue status cost: 0/ms
[INFO] 2025-10-13 11:54:58.902 +0800 o.a.d.s.m.r.t.TaskGroupCoordinator:[241] - Success deal with force start TaskGroupQueue cost: 0/ms
[INFO] 2025-10-13 11:54:58.902 +0800 o.a.d.s.m.r.t.TaskGroupCoordinator:[129] - TaskGroupCoordinator round time cost: 0/ms
[INFO] 2025-10-13 11:54:59.631 +0800 o.a.d.s.m.c.IdSlotBasedCommandFetcher:[67] - Fetch commands: 0 success, cost: 0ms, totalSlot: 1, currentSlotIndex: 0
[INFO] 2025-10-13 11:55:00.634 +0800 o.a.d.s.m.c.IdSlotBasedCommandFetcher:[67] - Fetch commands: 0 success, cost: 0ms, totalSlot: 1, currentSlotIndex: 0
[INFO] 2025-10-13 11:55:01.635 +0800 o.a.d.s.m.c.IdSlotBasedCommandFetcher:[67] - Fetch commands: 0 success, cost: 0ms, totalSlot: 1, currentSlotIndex: 0
[INFO] 2025-10-13 11:55:02.638 +0800 o.a.d.s.m.c.IdSlotBasedCommandFetcher:[67] - Fetch commands: 0 success, cost: 0ms, totalSlot: 1, currentSlotIndex: 0
[INFO] 2025-10-13 11:55:03.711 +0800 o.a.d.s.m.c.IdSlotBasedCommandFetcher:[67] - Fetch commands: 0 success, cost: 0ms, totalSlot: 1, currentSlotIndex: 0
[INFO] 2025-10-13 11:55:03.918 +0800 o.a.d.s.m.r.t.TaskGroupCoordinator:[187] - Success amend TaskGroupQueue status cost: 0/ms
[INFO] 2025-10-13 11:55:03.918 +0800 o.a.d.s.m.r.t.TaskGroupCoordinator:[241] - Success deal with force start TaskGroupQueue cost: 0/ms
[INFO] 2025-10-13 11:55:03.918 +0800 o.a.d.s.m.r.t.TaskGroupCoordinator:[129] - TaskGroupCoordinator round time cost: 0/ms
[INFO] 2025-10-13 11:55:04.846 +0800 o.a.d.s.m.c.IdSlotBasedCommandFetcher:[67] - Fetch commands: 0 success, cost: 0ms, totalSlot: 1, currentSlotIndex: 0
[INFO] 2025-10-13 11:55:05.847 +0800 o.a.d.s.m.c.IdSlotBasedCommandFetcher:[67] - Fetch commands: 0 success, cost: 0ms, totalSlot: 1, currentSlotIndex: 0
[INFO] 2025-10-13 11:55:06.847 +0800 o.a.d.s.m.c.IdSlotBasedCommandFetcher:[67] - Fetch commands: 0 success, cost: 0ms, totalSlot: 1, currentSlotIndex: 0
[INFO] 2025-10-13 11:55:07.854 +0800 o.a.d.s.m.c.IdSlotBasedCommandFetcher:[67] - Fetch commands: 0 success, cost: 0ms, totalSlot: 1, currentSlotIndex: 0
[INFO] 2025-10-13 11:55:08.855 +0800 o.a.d.s.m.c.IdSlotBasedCommandFetcher:[67] - Fetch commands: 0 success, cost: 0ms, totalSlot: 1, currentSlotIndex: 0
[INFO] 2025-10-13 11:55:08.923 +0800 o.a.d.s.m.r.t.TaskGroupCoordinator:[187] - Success amend TaskGroupQueue status cost: 0/ms
[INFO] 2025-10-13 11:55:08.924 +0800 o.a.d.s.m.r.t.TaskGroupCoordinator:[241] - Success deal with force start TaskGroupQueue cost: 0/ms
[INFO] 2025-10-13 11:55:08.924 +0800 o.a.d.s.m.r.t.TaskGroupCoordinator:[129] - TaskGroupCoordinator round time cost: 0/ms
[INFO] 2025-10-13 11:55:09.856 +0800 o.a.d.s.m.c.IdSlotBasedCommandFetcher:[67] - Fetch commands: 0 success, cost: 0ms, totalSlot: 1, currentSlotIndex: 0
[INFO] 2025-10-13 11:55:10.857 +0800 o.a.d.s.m.c.IdSlotBasedCommandFetcher:[67] - Fetch commands: 0 success, cost: 0ms, totalSlot: 1, currentSlotIndex: 0
[INFO] 2025-10-13 11:55:11.857 +0800 o.a.d.s.m.c.IdSlotBasedCommandFetcher:[67] - Fetch commands: 0 success, cost: 0ms, totalSlot: 1, currentSlotIndex: 0
[INFO] 2025-10-13 11:55:12.858 +0800 o.a.d.s.m.c.IdSlotBasedCommandFetcher:[67] - Fetch commands: 0 success, cost: 0ms, totalSlot: 1, currentSlotIndex: 0
[INFO] 2025-10-13 11:55:13.858 +0800 o.a.d.s.m.c.IdSlotBasedCommandFetcher:[67] - Fetch commands: 0 success, cost: 0ms, totalSlot: 1, currentSlotIndex: 0
[INFO] 2025-10-13 11:55:13.930 +0800 o.a.d.s.m.r.t.TaskGroupCoordinator:[187] - Success amend TaskGroupQueue status cost: 0/ms
[INFO] 2025-10-13 11:55:13.930 +0800 o.a.d.s.m.r.t.TaskGroupCoordinator:[241] - Success deal with force start TaskGroupQueue cost: 0/ms
[INFO] 2025-10-13 11:55:13.930 +0800 o.a.d.s.m.r.t.TaskGroupCoordinator:[129] - TaskGroupCoordinator round time cost: 0/ms
[INFO] 2025-10-13 11:55:14.859 +0800 o.a.d.s.m.c.IdSlotBasedCommandFetcher:[67] - Fetch commands: 0 success, cost: 0ms, totalSlot: 1, currentSlotIndex: 0
[INFO] 2025-10-13 11:55:15.860 +0800 o.a.d.s.m.c.IdSlotBasedCommandFetcher:[67] - Fetch commands: 0 success, cost: 0ms, totalSlot: 1, currentSlotIndex: 0
[INFO] 2025-10-13 11:55:16.969 +0800 o.a.d.s.m.c.IdSlotBasedCommandFetcher:[67] - Fetch commands: 0 success, cost: 0ms, totalSlot: 1, currentSlotIndex: 0
[INFO] 2025-10-13 11:55:18.052 +0800 o.a.d.s.m.c.IdSlotBasedCommandFetcher:[67] - Fetch commands: 0 success, cost: 0ms, totalSlot: 1, currentSlotIndex: 0
[INFO] 2025-10-13 11:55:18.934 +0800 o.a.d.s.m.r.t.TaskGroupCoordinator:[187] - Success amend TaskGroupQueue status cost: 0/ms
[INFO] 2025-10-13 11:55:18.934 +0800 o.a.d.s.m.r.t.TaskGroupCoordinator:[241] - Success deal with force start TaskGroupQueue cost: 0/ms
[INFO] 2025-10-13 11:55:18.934 +0800 o.a.d.s.m.r.t.TaskGroupCoordinator:[129] - TaskGroupCoordinator round time cost: 0/ms
[INFO] 2025-10-13 11:55:19.122 +0800 o.a.d.s.m.c.IdSlotBasedCommandFetcher:[67] - Fetch commands: 0 success, cost: 0ms, totalSlot: 1, currentSlotIndex: 0
[INFO] 2025-10-13 11:55:20.209 +0800 o.a.d.s.m.c.IdSlotBasedCommandFetcher:[67] - Fetch commands: 0 success, cost: 0ms, totalSlot: 1, currentSlotIndex: 0
[INFO] 2025-10-13 11:55:21.284 +0800 o.a.d.s.m.c.IdSlotBasedCommandFetcher:[67] - Fetch commands: 0 success, cost: 1ms, totalSlot: 1, currentSlotIndex: 0
[INFO] 2025-10-13 11:55:22.352 +0800 o.a.d.s.m.c.IdSlotBasedCommandFetcher:[67] - Fetch commands: 0 success, cost: 0ms, totalSlot: 1, currentSlotIndex: 0
[INFO] 2025-10-13 11:55:23.438 +0800 o.a.d.s.m.c.IdSlotBasedCommandFetcher:[67] - Fetch commands: 0 success, cost: 0ms, totalSlot: 1, currentSlotIndex: 0
[INFO] 2025-10-13 11:55:23.946 +0800 o.a.d.s.m.r.t.TaskGroupCoordinator:[187] - Success amend TaskGroupQueue status cost: 0/ms
[INFO] 2025-10-13 11:55:23.946 +0800 o.a.d.s.m.r.t.TaskGroupCoordinator:[241] - Success deal with force start TaskGroupQueue cost: 0/ms
[INFO] 2025-10-13 11:55:23.946 +0800 o.a.d.s.m.r.t.TaskGroupCoordinator:[129] - TaskGroupCoordinator round time cost: 0/ms
[INFO] 2025-10-13 11:55:24.544 +0800 o.a.d.s.m.c.IdSlotBasedCommandFetcher:[67] - Fetch commands: 0 success, cost: 0ms, totalSlot: 1, currentSlotIndex: 0
[INFO] 2025-10-13 11:55:25.546 +0800 o.a.d.s.m.c.IdSlotBasedCommandFetcher:[67] - Fetch commands: 0 success, cost: 0ms, totalSlot: 1, currentSlotIndex: 0
[INFO] 2025-10-13 11:55:26.546 +0800 o.a.d.s.m.c.IdSlotBasedCommandFetcher:[67] - Fetch commands: 0 success, cost: 0ms, totalSlot: 1, currentSlotIndex: 0
[INFO] 2025-10-13 11:55:27.547 +0800 o.a.d.s.m.c.IdSlotBasedCommandFetcher:[67] - Fetch commands: 0 success, cost: 0ms, totalSlot: 1, currentSlotIndex: 0
[INFO] 2025-10-13 11:55:28.547 +0800 o.a.d.s.m.c.IdSlotBasedCommandFetcher:[67] - Fetch commands: 0 success, cost: 0ms, totalSlot: 1, currentSlotIndex: 0
[INFO] 2025-10-13 11:55:28.961 +0800 o.a.d.s.m.r.t.TaskGroupCoordinator:[187] - Success amend TaskGroupQueue status cost: 0/ms
[INFO] 2025-10-13 11:55:28.961 +0800 o.a.d.s.m.r.t.TaskGroupCoordinator:[241] - Success deal with force start TaskGroupQueue cost: 0/ms
[INFO] 2025-10-13 11:55:28.961 +0800 o.a.d.s.m.r.t.TaskGroupCoordinator:[129] - TaskGroupCoordinator round time cost: 0/ms
[INFO] 2025-10-13 11:55:29.548 +0800 o.a.d.s.m.c.IdSlotBasedCommandFetcher:[67] - Fetch commands: 0 success, cost: 0ms, totalSlot: 1, currentSlotIndex: 0
[INFO] 2025-10-13 11:55:30.548 +0800 o.a.d.s.m.c.IdSlotBasedCommandFetcher:[67] - Fetch commands: 0 success, cost: 0ms, totalSlot: 1, currentSlotIndex: 0
[INFO] 2025-10-13 11:55:31.548 +0800 o.a.d.s.m.c.IdSlotBasedCommandFetcher:[67] - Fetch commands: 0 success, cost: 0ms, totalSlot: 1, currentSlotIndex: 0
[INFO] 2025-10-13 11:55:32.549 +0800 o.a.d.s.m.c.IdSlotBasedCommandFetcher:[67] - Fetch commands: 0 success, cost: 0ms, totalSlot: 1, currentSlotIndex: 0
[INFO] 2025-10-13 11:55:33.550 +0800 o.a.d.s.m.c.IdSlotBasedCommandFetcher:[67] - Fetch commands: 0 success, cost: 0ms, totalSlot: 1, currentSlotIndex: 0
[INFO] 2025-10-13 11:55:33.967 +0800 o.a.d.s.m.r.t.TaskGroupCoordinator:[187] - Success amend TaskGroupQueue status cost: 0/ms
[INFO] 2025-10-13 11:55:33.967 +0800 o.a.d.s.m.r.t.TaskGroupCoordinator:[241] - Success deal with force start TaskGroupQueue cost: 0/ms
[INFO] 2025-10-13 11:55:33.968 +0800 o.a.d.s.m.r.t.TaskGroupCoordinator:[129] - TaskGroupCoordinator round time cost: 0/ms
[INFO] 2025-10-13 11:55:34.551 +0800 o.a.d.s.m.c.IdSlotBasedCommandFetcher:[67] - Fetch commands: 0 success, cost: 0ms, totalSlot: 1, currentSlotIndex: 0
[INFO] 2025-10-13 11:55:35.551 +0800 o.a.d.s.m.c.IdSlotBasedCommandFetcher:[67] - Fetch commands: 0 success, cost: 0ms, totalSlot: 1, currentSlotIndex: 0
[INFO] 2025-10-13 11:55:36.715 +0800 o.a.d.s.m.c.IdSlotBasedCommandFetcher:[67] - Fetch commands: 0 success, cost: 1ms, totalSlot: 1, currentSlotIndex: 0
[INFO] 2025-10-13 11:55:37.788 +0800 o.a.d.s.m.c.IdSlotBasedCommandFetcher:[67] - Fetch commands: 0 success, cost: 0ms, totalSlot: 1, currentSlotIndex: 0
[INFO] 2025-10-13 11:55:38.867 +0800 o.a.d.s.m.c.IdSlotBasedCommandFetcher:[67] - Fetch commands: 0 success, cost: 0ms, totalSlot: 1, currentSlotIndex: 0
[INFO] 2025-10-13 11:55:38.974 +0800 o.a.d.s.m.r.t.TaskGroupCoordinator:[187] - Success amend TaskGroupQueue status cost: 0/ms
[INFO] 2025-10-13 11:55:38.974 +0800 o.a.d.s.m.r.t.TaskGroupCoordinator:[241] - Success deal with force start TaskGroupQueue cost: 0/ms
[INFO] 2025-10-13 11:55:38.974 +0800 o.a.d.s.m.r.t.TaskGroupCoordinator:[129] - TaskGroupCoordinator round time cost: 0/ms
[INFO] 2025-10-13 11:55:39.867 +0800 o.a.d.s.m.c.IdSlotBasedCommandFetcher:[67] - Fetch commands: 0 success, cost: 0ms, totalSlot: 1, currentSlotIndex: 0
[INFO] 2025-10-13 11:55:40.867 +0800 o.a.d.s.m.c.IdSlotBasedCommandFetcher:[67] - Fetch commands: 0 success, cost: 0ms, totalSlot: 1, currentSlotIndex: 0
[INFO] 2025-10-13 11:55:41.868 +0800 o.a.d.s.m.c.IdSlotBasedCommandFetcher:[67] - Fetch commands: 0 success, cost: 0ms, totalSlot: 1, currentSlotIndex: 0
[INFO] 2025-10-13 11:55:42.869 +0800 o.a.d.s.m.c.IdSlotBasedCommandFetcher:[67] - Fetch commands: 0 success, cost: 0ms, totalSlot: 1, currentSlotIndex: 0
[INFO] 2025-10-13 11:55:43.869 +0800 o.a.d.s.m.c.IdSlotBasedCommandFetcher:[67] - Fetch commands: 0 success, cost: 0ms, totalSlot: 1, currentSlotIndex: 0
[INFO] 2025-10-13 11:55:43.982 +0800 o.a.d.s.m.r.t.TaskGroupCoordinator:[187] - Success amend TaskGroupQueue status cost: 0/ms
[INFO] 2025-10-13 11:55:43.983 +0800 o.a.d.s.m.r.t.TaskGroupCoordinator:[241] - Success deal with force start TaskGroupQueue cost: 0/ms
[INFO] 2025-10-13 11:55:43.983 +0800 o.a.d.s.m.r.t.TaskGroupCoordinator:[129] - TaskGroupCoordinator round time cost: 0/ms
[INFO] 2025-10-13 11:55:44.869 +0800 o.a.d.s.m.c.IdSlotBasedCommandFetcher:[67] - Fetch commands: 0 success, cost: 0ms, totalSlot: 1, currentSlotIndex: 0
[INFO] 2025-10-13 11:55:45.870 +0800 o.a.d.s.m.c.IdSlotBasedCommandFetcher:[67] - Fetch commands: 0 success, cost: 0ms, totalSlot: 1, currentSlotIndex: 0
[INFO] 2025-10-13 11:55:46.870 +0800 o.a.d.s.m.c.IdSlotBasedCommandFetcher:[67] - Fetch commands: 0 success, cost: 0ms, totalSlot: 1, currentSlotIndex: 0
[INFO] 2025-10-13 11:55:47.872 +0800 o.a.d.s.m.c.IdSlotBasedCommandFetcher:[67] - Fetch commands: 0 success, cost: 0ms, totalSlot: 1, currentSlotIndex: 0
[INFO] 2025-10-13 11:55:48.872 +0800 o.a.d.s.m.c.IdSlotBasedCommandFetcher:[67] - Fetch commands: 0 success, cost: 0ms, totalSlot: 1, currentSlotIndex: 0
[INFO] 2025-10-13 11:55:48.986 +0800 o.a.d.s.m.r.t.TaskGroupCoordinator:[187] - Success amend TaskGroupQueue status cost: 0/ms
[INFO] 2025-10-13 11:55:48.987 +0800 o.a.d.s.m.r.t.TaskGroupCoordinator:[241] - Success deal with force start TaskGroupQueue cost: 0/ms
[INFO] 2025-10-13 11:55:48.987 +0800 o.a.d.s.m.r.t.TaskGroupCoordinator:[129] - TaskGroupCoordinator round time cost: 0/ms
[INFO] 2025-10-13 11:55:49.873 +0800 o.a.d.s.m.c.IdSlotBasedCommandFetcher:[67] - Fetch commands: 0 success, cost: 0ms, totalSlot: 1, currentSlotIndex: 0
[INFO] 2025-10-13 11:55:51.000 +0800 o.a.d.s.m.c.IdSlotBasedCommandFetcher:[67] - Fetch commands: 0 success, cost: 0ms, totalSlot: 1, currentSlotIndex: 0
[INFO] 2025-10-13 11:55:52.075 +0800 o.a.d.s.m.c.IdSlotBasedCommandFetcher:[67] - Fetch commands: 0 success, cost: 0ms, totalSlot: 1, currentSlotIndex: 0
[INFO] 2025-10-13 11:55:53.156 +0800 o.a.d.s.m.c.IdSlotBasedCommandFetcher:[67] - Fetch commands: 0 success, cost: 0ms, totalSlot: 1, currentSlotIndex: 0
[INFO] 2025-10-13 11:55:53.992 +0800 o.a.d.s.m.r.t.TaskGroupCoordinator:[187] - Success amend TaskGroupQueue status cost: 0/ms
[INFO] 2025-10-13 11:55:53.992 +0800 o.a.d.s.m.r.t.TaskGroupCoordinator:[241] - Success deal with force start TaskGroupQueue cost: 0/ms
[INFO] 2025-10-13 11:55:53.992 +0800 o.a.d.s.m.r.t.TaskGroupCoordinator:[129] - TaskGroupCoordinator round time cost: 0/ms
[INFO] 2025-10-13 11:55:54.157 +0800 o.a.d.s.m.c.IdSlotBasedCommandFetcher:[67] - Fetch commands: 0 success, cost: 0ms, totalSlot: 1, currentSlotIndex: 0
[INFO] 2025-10-13 11:55:55.157 +0800 o.a.d.s.m.c.IdSlotBasedCommandFetcher:[67] - Fetch commands: 0 success, cost: 0ms, totalSlot: 1, currentSlotIndex: 0
[INFO] 2025-10-13 11:55:56.158 +0800 o.a.d.s.m.c.IdSlotBasedCommandFetcher:[67] - Fetch commands: 0 success, cost: 0ms, totalSlot: 1, currentSlotIndex: 0
[INFO] 2025-10-13 11:55:57.158 +0800 o.a.d.s.m.c.IdSlotBasedCommandFetcher:[67] - Fetch commands: 0 success, cost: 0ms, totalSlot: 1, currentSlotIndex: 0
[INFO] 2025-10-13 11:55:58.158 +0800 o.a.d.s.m.c.IdSlotBasedCommandFetcher:[67] - Fetch commands: 0 success, cost: 0ms, totalSlot: 1, currentSlotIndex: 0
[INFO] 2025-10-13 11:55:58.997 +0800 o.a.d.s.m.r.t.TaskGroupCoordinator:[187] - Success amend TaskGroupQueue status cost: 0/ms
[INFO] 2025-10-13 11:55:58.997 +0800 o.a.d.s.m.r.t.TaskGroupCoordinator:[241] - Success deal with force start TaskGroupQueue cost: 0/ms
[INFO] 2025-10-13 11:55:58.997 +0800 o.a.d.s.m.r.t.TaskGroupCoordinator:[129] - TaskGroupCoordinator round time cost: 0/ms
[INFO] 2025-10-13 11:55:59.158 +0800 o.a.d.s.m.c.IdSlotBasedCommandFetcher:[67] - Fetch commands: 0 success, cost: 0ms, totalSlot: 1, currentSlotIndex: 0
[INFO] 2025-10-13 11:56:00.159 +0800 o.a.d.s.m.c.IdSlotBasedCommandFetcher:[67] - Fetch commands: 0 success, cost: 0ms, totalSlot: 1, currentSlotIndex: 0
[INFO] 2025-10-13 11:56:01.160 +0800 o.a.d.s.m.c.IdSlotBasedCommandFetcher:[67] - Fetch commands: 0 success, cost: 0ms, totalSlot: 1, currentSlotIndex: 0
[INFO] 2025-10-13 11:56:02.160 +0800 o.a.d.s.m.c.IdSlotBasedCommandFetcher:[67] - Fetch commands: 0 success, cost: 0ms, totalSlot: 1, currentSlotIndex: 0
[INFO] 2025-10-13 11:56:03.160 +0800 o.a.d.s.m.c.IdSlotBasedCommandFetcher:[67] - Fetch commands: 0 success, cost: 0ms, totalSlot: 1, currentSlotIndex: 0
[INFO] 2025-10-13 11:56:04.001 +0800 o.a.d.s.m.r.t.TaskGroupCoordinator:[187] - Success amend TaskGroupQueue status cost: 0/ms
[INFO] 2025-10-13 11:56:04.001 +0800 o.a.d.s.m.r.t.TaskGroupCoordinator:[241] - Success deal with force start TaskGroupQueue cost: 0/ms
[INFO] 2025-10-13 11:56:04.001 +0800 o.a.d.s.m.r.t.TaskGroupCoordinator:[129] - TaskGroupCoordinator round time cost: 0/ms
[INFO] 2025-10-13 11:56:04.160 +0800 o.a.d.s.m.c.IdSlotBasedCommandFetcher:[67] - Fetch commands: 0 success, cost: 0ms, totalSlot: 1, currentSlotIndex: 0
[INFO] 2025-10-13 11:56:05.262 +0800 o.a.d.s.m.c.IdSlotBasedCommandFetcher:[67] - Fetch commands: 0 success, cost: 0ms, totalSlot: 1, currentSlotIndex: 0
[INFO] 2025-10-13 11:56:06.334 +0800 o.a.d.s.m.c.IdSlotBasedCommandFetcher:[67] - Fetch commands: 0 success, cost: 0ms, totalSlot: 1, currentSlotIndex: 0
[INFO] 2025-10-13 11:56:07.405 +0800 o.a.d.s.m.c.IdSlotBasedCommandFetcher:[67] - Fetch commands: 0 success, cost: 0ms, totalSlot: 1, currentSlotIndex: 0
[INFO] 2025-10-13 11:56:08.484 +0800 o.a.d.s.m.c.IdSlotBasedCommandFetcher:[67] - Fetch commands: 0 success, cost: 1ms, totalSlot: 1, currentSlotIndex: 0
[INFO] 2025-10-13 11:56:09.011 +0800 o.a.d.s.m.r.t.TaskGroupCoordinator:[187] - Success amend TaskGroupQueue status cost: 0/ms
[INFO] 2025-10-13 11:56:09.011 +0800 o.a.d.s.m.r.t.TaskGroupCoordinator:[241] - Success deal with force start TaskGroupQueue cost: 0/ms
[INFO] 2025-10-13 11:56:09.011 +0800 o.a.d.s.m.r.t.TaskGroupCoordinator:[129] - TaskGroupCoordinator round time cost: 0/ms
[INFO] 2025-10-13 11:56:09.558 +0800 o.a.d.s.m.c.IdSlotBasedCommandFetcher:[67] - Fetch commands: 0 success, cost: 1ms, totalSlot: 1, currentSlotIndex: 0
[INFO] 2025-10-13 11:56:10.630 +0800 o.a.d.s.m.c.IdSlotBasedCommandFetcher:[67] - Fetch commands: 0 success, cost: 0ms, totalSlot: 1, currentSlotIndex: 0
[INFO] 2025-10-13 11:56:11.698 +0800 o.a.d.s.m.c.IdSlotBasedCommandFetcher:[67] - Fetch commands: 0 success, cost: 0ms, totalSlot: 1, currentSlotIndex: 0
[INFO] 2025-10-13 11:56:12.779 +0800 o.a.d.s.m.c.IdSlotBasedCommandFetcher:[67] - Fetch commands: 0 success, cost: 1ms, totalSlot: 1, currentSlotIndex: 0
[INFO] 2025-10-13 11:56:13.852 +0800 o.a.d.s.m.c.IdSlotBasedCommandFetcher:[67] - Fetch commands: 0 success, cost: 0ms, totalSlot: 1, currentSlotIndex: 0
[INFO] 2025-10-13 11:56:14.015 +0800 o.a.d.s.m.r.t.TaskGroupCoordinator:[187] - Success amend TaskGroupQueue status cost: 0/ms
[INFO] 2025-10-13 11:56:14.015 +0800 o.a.d.s.m.r.t.TaskGroupCoordinator:[241] - Success deal with force start TaskGroupQueue cost: 0/ms
[INFO] 2025-10-13 11:56:14.015 +0800 o.a.d.s.m.r.t.TaskGroupCoordinator:[129] - TaskGroupCoordinator round time cost: 0/ms
[INFO] 2025-10-13 11:56:14.932 +0800 o.a.d.s.m.c.IdSlotBasedCommandFetcher:[67] - Fetch commands: 0 success, cost: 0ms, totalSlot: 1, currentSlotIndex: 0
[INFO] 2025-10-13 11:56:16.059 +0800 o.a.d.s.m.c.IdSlotBasedCommandFetcher:[67] - Fetch commands: 0 success, cost: 0ms, totalSlot: 1, currentSlotIndex: 0
[INFO] 2025-10-13 11:56:17.059 +0800 o.a.d.s.m.c.IdSlotBasedCommandFetcher:[67] - Fetch commands: 0 success, cost: 0ms, totalSlot: 1, currentSlotIndex: 0
[INFO] 2025-10-13 11:56:18.060 +0800 o.a.d.s.m.c.IdSlotBasedCommandFetcher:[67] - Fetch commands: 0 success, cost: 0ms, totalSlot: 1, currentSlotIndex: 0
[INFO] 2025-10-13 11:56:19.018 +0800 o.a.d.s.m.r.t.TaskGroupCoordinator:[187] - Success amend TaskGroupQueue status cost: 0/ms
[INFO] 2025-10-13 11:56:19.020 +0800 o.a.d.s.m.r.t.TaskGroupCoordinator:[241] - Success deal with force start TaskGroupQueue cost: 0/ms
[INFO] 2025-10-13 11:56:19.020 +0800 o.a.d.s.m.r.t.TaskGroupCoordinator:[129] - TaskGroupCoordinator round time cost: 0/ms
[INFO] 2025-10-13 11:56:19.061 +0800 o.a.d.s.m.c.IdSlotBasedCommandFetcher:[67] - Fetch commands: 0 success, cost: 0ms, totalSlot: 1, currentSlotIndex: 0
[INFO] 2025-10-13 11:56:20.061 +0800 o.a.d.s.m.c.IdSlotBasedCommandFetcher:[67] - Fetch commands: 0 success, cost: 0ms, totalSlot: 1, currentSlotIndex: 0
[INFO] 2025-10-13 11:56:21.062 +0800 o.a.d.s.m.c.IdSlotBasedCommandFetcher:[67] - Fetch commands: 0 success, cost: 0ms, totalSlot: 1, currentSlotIndex: 0
[INFO] 2025-10-13 11:56:22.062 +0800 o.a.d.s.m.c.IdSlotBasedCommandFetcher:[67] - Fetch commands: 0 success, cost: 0ms, totalSlot: 1, currentSlotIndex: 0
[INFO] 2025-10-13 11:56:23.063 +0800 o.a.d.s.m.c.IdSlotBasedCommandFetcher:[67] - Fetch commands: 0 success, cost: 0ms, totalSlot: 1, currentSlotIndex: 0
[INFO] 2025-10-13 11:56:24.024 +0800 o.a.d.s.m.r.t.TaskGroupCoordinator:[187] - Success amend TaskGroupQueue status cost: 0/ms
[INFO] 2025-10-13 11:56:24.025 +0800 o.a.d.s.m.r.t.TaskGroupCoordinator:[241] - Success deal with force start TaskGroupQueue cost: 0/ms
[INFO] 2025-10-13 11:56:24.025 +0800 o.a.d.s.m.r.t.TaskGroupCoordinator:[129] - TaskGroupCoordinator round time cost: 0/ms
[INFO] 2025-10-13 11:56:24.063 +0800 o.a.d.s.m.c.IdSlotBasedCommandFetcher:[67] - Fetch commands: 0 success, cost: 0ms, totalSlot: 1, currentSlotIndex: 0
[INFO] 2025-10-13 11:56:25.064 +0800 o.a.d.s.m.c.IdSlotBasedCommandFetcher:[67] - Fetch commands: 0 success, cost: 0ms, totalSlot: 1, currentSlotIndex: 0
[INFO] 2025-10-13 11:56:26.064 +0800 o.a.d.s.m.c.IdSlotBasedCommandFetcher:[67] - Fetch commands: 0 success, cost: 0ms, totalSlot: 1, currentSlotIndex: 0
[INFO] 2025-10-13 11:56:27.064 +0800 o.a.d.s.m.c.IdSlotBasedCommandFetcher:[67] - Fetch commands: 0 success, cost: 0ms, totalSlot: 1, currentSlotIndex: 0
[INFO] 2025-10-13 11:56:28.065 +0800 o.a.d.s.m.c.IdSlotBasedCommandFetcher:[67] - Fetch commands: 0 success, cost: 0ms, totalSlot: 1, currentSlotIndex: 0
[INFO] 2025-10-13 11:56:29.029 +0800 o.a.d.s.m.r.t.TaskGroupCoordinator:[187] - Success amend TaskGroupQueue status cost: 0/ms
[INFO] 2025-10-13 11:56:29.030 +0800 o.a.d.s.m.r.t.TaskGroupCoordinator:[241] - Success deal with force start TaskGroupQueue cost: 0/ms
[INFO] 2025-10-13 11:56:29.030 +0800 o.a.d.s.m.r.t.TaskGroupCoordinator:[129] - TaskGroupCoordinator round time cost: 0/ms
[INFO] 2025-10-13 11:56:29.225 +0800 o.a.d.s.m.c.IdSlotBasedCommandFetcher:[67] - Fetch commands: 0 success, cost: 0ms, totalSlot: 1, currentSlotIndex: 0
[INFO] 2025-10-13 11:56:30.367 +0800 o.a.d.s.m.c.IdSlotBasedCommandFetcher:[67] - Fetch commands: 0 success, cost: 0ms, totalSlot: 1, currentSlotIndex: 0
[INFO] 2025-10-13 11:56:31.367 +0800 o.a.d.s.m.c.IdSlotBasedCommandFetcher:[67] - Fetch commands: 0 success, cost: 0ms, totalSlot: 1, currentSlotIndex: 0
[INFO] 2025-10-13 11:56:32.375 +0800 o.a.d.s.m.c.IdSlotBasedCommandFetcher:[67] - Fetch commands: 0 success, cost: 0ms, totalSlot: 1, currentSlotIndex: 0
[INFO] 2025-10-13 11:56:33.377 +0800 o.a.d.s.m.c.IdSlotBasedCommandFetcher:[67] - Fetch commands: 0 success, cost: 0ms, totalSlot: 1, currentSlotIndex: 0
[INFO] 2025-10-13 11:56:34.049 +0800 o.a.d.s.m.r.t.TaskGroupCoordinator:[187] - Success amend TaskGroupQueue status cost: 0/ms
[INFO] 2025-10-13 11:56:34.049 +0800 o.a.d.s.m.r.t.TaskGroupCoordinator:[241] - Success deal with force start TaskGroupQueue cost: 0/ms
[INFO] 2025-10-13 11:56:34.049 +0800 o.a.d.s.m.r.t.TaskGroupCoordinator:[129] - TaskGroupCoordinator round time cost: 0/ms
[INFO] 2025-10-13 11:56:34.377 +0800 o.a.d.s.m.c.IdSlotBasedCommandFetcher:[67] - Fetch commands: 0 success, cost: 0ms, totalSlot: 1, currentSlotIndex: 0
[INFO] 2025-10-13 11:56:35.388 +0800 o.a.d.s.m.c.IdSlotBasedCommandFetcher:[67] - Fetch commands: 0 success, cost: 0ms, totalSlot: 1, currentSlotIndex: 0
[INFO] 2025-10-13 11:56:36.389 +0800 o.a.d.s.m.c.IdSlotBasedCommandFetcher:[67] - Fetch commands: 0 success, cost: 0ms, totalSlot: 1, currentSlotIndex: 0
[INFO] 2025-10-13 11:56:37.389 +0800 o.a.d.s.m.c.IdSlotBasedCommandFetcher:[67] - Fetch commands: 0 success, cost: 0ms, totalSlot: 1, currentSlotIndex: 0
[INFO] 2025-10-13 11:56:38.390 +0800 o.a.d.s.m.c.IdSlotBasedCommandFetcher:[67] - Fetch commands: 0 success, cost: 0ms, totalSlot: 1, currentSlotIndex: 0
[INFO] 2025-10-13 11:56:39.058 +0800 o.a.d.s.m.r.t.TaskGroupCoordinator:[187] - Success amend TaskGroupQueue status cost: 0/ms
[INFO] 2025-10-13 11:56:39.059 +0800 o.a.d.s.m.r.t.TaskGroupCoordinator:[241] - Success deal with force start TaskGroupQueue cost: 0/ms
[INFO] 2025-10-13 11:56:39.059 +0800 o.a.d.s.m.r.t.TaskGroupCoordinator:[129] - TaskGroupCoordinator round time cost: 0/ms
[INFO] 2025-10-13 11:56:39.390 +0800 o.a.d.s.m.c.IdSlotBasedCommandFetcher:[67] - Fetch commands: 0 success, cost: 0ms, totalSlot: 1, currentSlotIndex: 0
[INFO] 2025-10-13 11:56:40.391 +0800 o.a.d.s.m.c.IdSlotBasedCommandFetcher:[67] - Fetch commands: 0 success, cost: 0ms, totalSlot: 1, currentSlotIndex: 0
[INFO] 2025-10-13 11:56:41.391 +0800 o.a.d.s.m.c.IdSlotBasedCommandFetcher:[67] - Fetch commands: 0 success, cost: 0ms, totalSlot: 1, currentSlotIndex: 0
[INFO] 2025-10-13 11:56:42.392 +0800 o.a.d.s.m.c.IdSlotBasedCommandFetcher:[67] - Fetch commands: 0 success, cost: 0ms, totalSlot: 1, currentSlotIndex: 0
[INFO] 2025-10-13 11:56:43.572 +0800 o.a.d.s.m.c.IdSlotBasedCommandFetcher:[67] - Fetch commands: 0 success, cost: 0ms, totalSlot: 1, currentSlotIndex: 0
[INFO] 2025-10-13 11:56:44.068 +0800 o.a.d.s.m.r.t.TaskGroupCoordinator:[187] - Success amend TaskGroupQueue status cost: 0/ms
[INFO] 2025-10-13 11:56:44.068 +0800 o.a.d.s.m.r.t.TaskGroupCoordinator:[241] - Success deal with force start TaskGroupQueue cost: 0/ms
[INFO] 2025-10-13 11:56:44.068 +0800 o.a.d.s.m.r.t.TaskGroupCoordinator:[129] - TaskGroupCoordinator round time cost: 0/ms
[INFO] 2025-10-13 11:56:44.573 +0800 o.a.d.s.m.c.IdSlotBasedCommandFetcher:[67] - Fetch commands: 0 success, cost: 0ms, totalSlot: 1, currentSlotIndex: 0
[INFO] 2025-10-13 11:56:45.574 +0800 o.a.d.s.m.c.IdSlotBasedCommandFetcher:[67] - Fetch commands: 0 success, cost: 0ms, totalSlot: 1, currentSlotIndex: 0
[INFO] 2025-10-13 11:56:46.574 +0800 o.a.d.s.m.c.IdSlotBasedCommandFetcher:[67] - Fetch commands: 0 success, cost: 0ms, totalSlot: 1, currentSlotIndex: 0
[INFO] 2025-10-13 11:56:47.575 +0800 o.a.d.s.m.c.IdSlotBasedCommandFetcher:[67] - Fetch commands: 0 success, cost: 0ms, totalSlot: 1, currentSlotIndex: 0
[INFO] 2025-10-13 11:56:48.579 +0800 o.a.d.s.m.c.IdSlotBasedCommandFetcher:[67] - Fetch commands: 0 success, cost: 0ms, totalSlot: 1, currentSlotIndex: 0
[INFO] 2025-10-13 11:56:49.073 +0800 o.a.d.s.m.r.t.TaskGroupCoordinator:[187] - Success amend TaskGroupQueue status cost: 0/ms
[INFO] 2025-10-13 11:56:49.073 +0800 o.a.d.s.m.r.t.TaskGroupCoordinator:[241] - Success deal with force start TaskGroupQueue cost: 0/ms
[INFO] 2025-10-13 11:56:49.073 +0800 o.a.d.s.m.r.t.TaskGroupCoordinator:[129] - TaskGroupCoordinator round time cost: 0/ms
[INFO] 2025-10-13 11:56:49.580 +0800 o.a.d.s.m.c.IdSlotBasedCommandFetcher:[67] - Fetch commands: 0 success, cost: 0ms, totalSlot: 1, currentSlotIndex: 0
[INFO] 2025-10-13 11:56:50.580 +0800 o.a.d.s.m.c.IdSlotBasedCommandFetcher:[67] - Fetch commands: 0 success, cost: 0ms, totalSlot: 1, currentSlotIndex: 0
[INFO] 2025-10-13 11:56:51.583 +0800 o.a.d.s.m.c.IdSlotBasedCommandFetcher:[67] - Fetch commands: 0 success, cost: 0ms, totalSlot: 1, currentSlotIndex: 0
[INFO] 2025-10-13 11:56:52.584 +0800 o.a.d.s.m.c.IdSlotBasedCommandFetcher:[67] - Fetch commands: 0 success, cost: 0ms, totalSlot: 1, currentSlotIndex: 0
[INFO] 2025-10-13 11:56:53.590 +0800 o.a.d.s.m.c.IdSlotBasedCommandFetcher:[67] - Fetch commands: 0 success, cost: 0ms, totalSlot: 1, currentSlotIndex: 0
[INFO] 2025-10-13 11:56:54.078 +0800 o.a.d.s.m.r.t.TaskGroupCoordinator:[187] - Success amend TaskGroupQueue status cost: 0/ms
[INFO] 2025-10-13 11:56:54.078 +0800 o.a.d.s.m.r.t.TaskGroupCoordinator:[241] - Success deal with force start TaskGroupQueue cost: 0/ms
[INFO] 2025-10-13 11:56:54.078 +0800 o.a.d.s.m.r.t.TaskGroupCoordinator:[129] - TaskGroupCoordinator round time cost: 0/ms
[INFO] 2025-10-13 11:56:54.591 +0800 o.a.d.s.m.c.IdSlotBasedCommandFetcher:[67] - Fetch commands: 0 success, cost: 0ms, totalSlot: 1, currentSlotIndex: 0
[INFO] 2025-10-13 11:56:55.591 +0800 o.a.d.s.m.c.IdSlotBasedCommandFetcher:[67] - Fetch commands: 0 success, cost: 0ms, totalSlot: 1, currentSlotIndex: 0
[INFO] 2025-10-13 11:56:56.593 +0800 o.a.d.s.m.c.IdSlotBasedCommandFetcher:[67] - Fetch commands: 0 success, cost: 0ms, totalSlot: 1, currentSlotIndex: 0
[INFO] 2025-10-13 11:56:57.601 +0800 o.a.d.s.m.c.IdSlotBasedCommandFetcher:[67] - Fetch commands: 0 success, cost: 0ms, totalSlot: 1, currentSlotIndex: 0
[INFO] 2025-10-13 11:56:58.605 +0800 o.a.d.s.m.c.IdSlotBasedCommandFetcher:[67] - Fetch commands: 0 success, cost: 0ms, totalSlot: 1, currentSlotIndex: 0
[INFO] 2025-10-13 11:56:59.083 +0800 o.a.d.s.m.r.t.TaskGroupCoordinator:[187] - Success amend TaskGroupQueue status cost: 0/ms
[INFO] 2025-10-13 11:56:59.083 +0800 o.a.d.s.m.r.t.TaskGroupCoordinator:[241] - Success deal with force start TaskGroupQueue cost: 0/ms
[INFO] 2025-10-13 11:56:59.083 +0800 o.a.d.s.m.r.t.TaskGroupCoordinator:[129] - TaskGroupCoordinator round time cost: 0/ms
[INFO] 2025-10-13 11:56:59.605 +0800 o.a.d.s.m.c.IdSlotBasedCommandFetcher:[67] - Fetch commands: 0 success, cost: 0ms, totalSlot: 1, currentSlotIndex: 0
[INFO] 2025-10-13 11:57:00.605 +0800 o.a.d.s.m.c.IdSlotBasedCommandFetcher:[67] - Fetch commands: 0 success, cost: 0ms, totalSlot: 1, currentSlotIndex: 0
[INFO] 2025-10-13 11:57:01.606 +0800 o.a.d.s.m.c.IdSlotBasedCommandFetcher:[67] - Fetch commands: 0 success, cost: 0ms, totalSlot: 1, currentSlotIndex: 0
[INFO] 2025-10-13 11:57:02.607 +0800 o.a.d.s.m.c.IdSlotBasedCommandFetcher:[67] - Fetch commands: 0 success, cost: 0ms, totalSlot: 1, currentSlotIndex: 0
[INFO] 2025-10-13 11:57:03.609 +0800 o.a.d.s.m.c.IdSlotBasedCommandFetcher:[67] - Fetch commands: 0 success, cost: 0ms, totalSlot: 1, currentSlotIndex: 0
[INFO] 2025-10-13 11:57:04.093 +0800 o.a.d.s.m.r.t.TaskGroupCoordinator:[187] - Success amend TaskGroupQueue status cost: 0/ms
[INFO] 2025-10-13 11:57:04.093 +0800 o.a.d.s.m.r.t.TaskGroupCoordinator:[241] - Success deal with force start TaskGroupQueue cost: 0/ms
[INFO] 2025-10-13 11:57:04.093 +0800 o.a.d.s.m.r.t.TaskGroupCoordinator:[129] - TaskGroupCoordinator round time cost: 0/ms
[INFO] 2025-10-13 11:57:04.614 +0800 o.a.d.s.m.c.IdSlotBasedCommandFetcher:[67] - Fetch commands: 0 success, cost: 0ms, totalSlot: 1, currentSlotIndex: 0
[INFO] 2025-10-13 11:57:05.615 +0800 o.a.d.s.m.c.IdSlotBasedCommandFetcher:[67] - Fetch commands: 0 success, cost: 0ms, totalSlot: 1, currentSlotIndex: 0
[INFO] 2025-10-13 11:57:06.622 +0800 o.a.d.s.m.c.IdSlotBasedCommandFetcher:[67] - Fetch commands: 0 success, cost: 0ms, totalSlot: 1, currentSlotIndex: 0
[INFO] 2025-10-13 11:57:07.622 +0800 o.a.d.s.m.c.IdSlotBasedCommandFetcher:[67] - Fetch commands: 0 success, cost: 0ms, totalSlot: 1, currentSlotIndex: 0
[INFO] 2025-10-13 11:57:08.623 +0800 o.a.d.s.m.c.IdSlotBasedCommandFetcher:[67] - Fetch commands: 0 success, cost: 0ms, totalSlot: 1, currentSlotIndex: 0
[INFO] 2025-10-13 11:57:09.099 +0800 o.a.d.s.m.r.t.TaskGroupCoordinator:[187] - Success amend TaskGroupQueue status cost: 0/ms
[INFO] 2025-10-13 11:57:09.100 +0800 o.a.d.s.m.r.t.TaskGroupCoordinator:[241] - Success deal with force start TaskGroupQueue cost: 0/ms
[INFO] 2025-10-13 11:57:09.100 +0800 o.a.d.s.m.r.t.TaskGroupCoordinator:[129] - TaskGroupCoordinator round time cost: 0/ms
[INFO] 2025-10-13 11:57:09.824 +0800 o.a.d.s.m.c.IdSlotBasedCommandFetcher:[67] - Fetch commands: 0 success, cost: 0ms, totalSlot: 1, currentSlotIndex: 0
[INFO] 2025-10-13 11:57:10.896 +0800 o.a.d.s.m.c.IdSlotBasedCommandFetcher:[67] - Fetch commands: 0 success, cost: 0ms, totalSlot: 1, currentSlotIndex: 0
[INFO] 2025-10-13 11:57:11.970 +0800 o.a.d.s.m.c.IdSlotBasedCommandFetcher:[67] - Fetch commands: 0 success, cost: 0ms, totalSlot: 1, currentSlotIndex: 0
[INFO] 2025-10-13 11:57:13.037 +0800 o.a.d.s.m.c.IdSlotBasedCommandFetcher:[67] - Fetch commands: 0 success, cost: 0ms, totalSlot: 1, currentSlotIndex: 0
[INFO] 2025-10-13 11:57:14.103 +0800 o.a.d.s.m.c.IdSlotBasedCommandFetcher:[67] - Fetch commands: 0 success, cost: 0ms, totalSlot: 1, currentSlotIndex: 0
[INFO] 2025-10-13 11:57:14.104 +0800 o.a.d.s.m.r.t.TaskGroupCoordinator:[187] - Success amend TaskGroupQueue status cost: 0/ms
[INFO] 2025-10-13 11:57:14.105 +0800 o.a.d.s.m.r.t.TaskGroupCoordinator:[241] - Success deal with force start TaskGroupQueue cost: 0/ms
[INFO] 2025-10-13 11:57:14.105 +0800 o.a.d.s.m.r.t.TaskGroupCoordinator:[129] - TaskGroupCoordinator round time cost: 0/ms
[INFO] 2025-10-13 11:57:15.171 +0800 o.a.d.s.m.c.IdSlotBasedCommandFetcher:[67] - Fetch commands: 0 success, cost: 1ms, totalSlot: 1, currentSlotIndex: 0
[INFO] 2025-10-13 11:57:16.238 +0800 o.a.d.s.m.c.IdSlotBasedCommandFetcher:[67] - Fetch commands: 0 success, cost: 0ms, totalSlot: 1, currentSlotIndex: 0
[INFO] 2025-10-13 11:57:17.307 +0800 o.a.d.s.m.c.IdSlotBasedCommandFetcher:[67] - Fetch commands: 0 success, cost: 0ms, totalSlot: 1, currentSlotIndex: 0
[INFO] 2025-10-13 11:57:18.375 +0800 o.a.d.s.m.c.IdSlotBasedCommandFetcher:[67] - Fetch commands: 0 success, cost: 0ms, totalSlot: 1, currentSlotIndex: 0
[INFO] 2025-10-13 11:57:19.108 +0800 o.a.d.s.m.r.t.TaskGroupCoordinator:[187] - Success amend TaskGroupQueue status cost: 0/ms
[INFO] 2025-10-13 11:57:19.109 +0800 o.a.d.s.m.r.t.TaskGroupCoordinator:[241] - Success deal with force start TaskGroupQueue cost: 0/ms
[INFO] 2025-10-13 11:57:19.109 +0800 o.a.d.s.m.r.t.TaskGroupCoordinator:[129] - TaskGroupCoordinator round time cost: 0/ms
[INFO] 2025-10-13 11:57:19.446 +0800 o.a.d.s.m.c.IdSlotBasedCommandFetcher:[67] - Fetch commands: 0 success, cost: 1ms, totalSlot: 1, currentSlotIndex: 0
[INFO] 2025-10-13 11:57:20.518 +0800 o.a.d.s.m.c.IdSlotBasedCommandFetcher:[67] - Fetch commands: 0 success, cost: 0ms, totalSlot: 1, currentSlotIndex: 0
[INFO] 2025-10-13 11:57:21.592 +0800 o.a.d.s.m.c.IdSlotBasedCommandFetcher:[67] - Fetch commands: 0 success, cost: 0ms, totalSlot: 1, currentSlotIndex: 0
[INFO] 2025-10-13 11:57:22.693 +0800 o.a.d.s.m.c.IdSlotBasedCommandFetcher:[67] - Fetch commands: 0 success, cost: 0ms, totalSlot: 1, currentSlotIndex: 0
[INFO] 2025-10-13 11:57:23.694 +0800 o.a.d.s.m.c.IdSlotBasedCommandFetcher:[67] - Fetch commands: 0 success, cost: 0ms, totalSlot: 1, currentSlotIndex: 0
[INFO] 2025-10-13 11:57:24.113 +0800 o.a.d.s.m.r.t.TaskGroupCoordinator:[187] - Success amend TaskGroupQueue status cost: 0/ms
[INFO] 2025-10-13 11:57:24.113 +0800 o.a.d.s.m.r.t.TaskGroupCoordinator:[241] - Success deal with force start TaskGroupQueue cost: 0/ms
[INFO] 2025-10-13 11:57:24.113 +0800 o.a.d.s.m.r.t.TaskGroupCoordinator:[129] - TaskGroupCoordinator round time cost: 0/ms
[INFO] 2025-10-13 11:57:24.694 +0800 o.a.d.s.m.c.IdSlotBasedCommandFetcher:[67] - Fetch commands: 0 success, cost: 0ms, totalSlot: 1, currentSlotIndex: 0
[INFO] 2025-10-13 11:57:25.694 +0800 o.a.d.s.m.c.IdSlotBasedCommandFetcher:[67] - Fetch commands: 0 success, cost: 0ms, totalSlot: 1, currentSlotIndex: 0
[INFO] 2025-10-13 11:57:26.694 +0800 o.a.d.s.m.c.IdSlotBasedCommandFetcher:[67] - Fetch commands: 0 success, cost: 0ms, totalSlot: 1, currentSlotIndex: 0
[INFO] 2025-10-13 11:57:27.695 +0800 o.a.d.s.m.c.IdSlotBasedCommandFetcher:[67] - Fetch commands: 0 success, cost: 0ms, totalSlot: 1, currentSlotIndex: 0
[INFO] 2025-10-13 11:57:28.696 +0800 o.a.d.s.m.c.IdSlotBasedCommandFetcher:[67] - Fetch commands: 0 success, cost: 0ms, totalSlot: 1, currentSlotIndex: 0
[INFO] 2025-10-13 11:57:29.118 +0800 o.a.d.s.m.r.t.TaskGroupCoordinator:[187] - Success amend TaskGroupQueue status cost: 0/ms
[INFO] 2025-10-13 11:57:29.119 +0800 o.a.d.s.m.r.t.TaskGroupCoordinator:[241] - Success deal with force start TaskGroupQueue cost: 0/ms
[INFO] 2025-10-13 11:57:29.119 +0800 o.a.d.s.m.r.t.TaskGroupCoordinator:[129] - TaskGroupCoordinator round time cost: 0/ms
[INFO] 2025-10-13 11:57:29.708 +0800 o.a.d.s.m.c.IdSlotBasedCommandFetcher:[67] - Fetch commands: 0 success, cost: 0ms, totalSlot: 1, currentSlotIndex: 0
[INFO] 2025-10-13 11:57:30.708 +0800 o.a.d.s.m.c.IdSlotBasedCommandFetcher:[67] - Fetch commands: 0 success, cost: 0ms, totalSlot: 1, currentSlotIndex: 0
[INFO] 2025-10-13 11:57:31.719 +0800 o.a.d.s.m.c.IdSlotBasedCommandFetcher:[67] - Fetch commands: 0 success, cost: 0ms, totalSlot: 1, currentSlotIndex: 0
[INFO] 2025-10-13 11:57:32.719 +0800 o.a.d.s.m.c.IdSlotBasedCommandFetcher:[67] - Fetch commands: 0 success, cost: 0ms, totalSlot: 1, currentSlotIndex: 0
[INFO] 2025-10-13 11:57:33.723 +0800 o.a.d.s.m.c.IdSlotBasedCommandFetcher:[67] - Fetch commands: 0 success, cost: 0ms, totalSlot: 1, currentSlotIndex: 0
[INFO] 2025-10-13 11:57:34.124 +0800 o.a.d.s.m.r.t.TaskGroupCoordinator:[187] - Success amend TaskGroupQueue status cost: 0/ms
[INFO] 2025-10-13 11:57:34.124 +0800 o.a.d.s.m.r.t.TaskGroupCoordinator:[241] - Success deal with force start TaskGroupQueue cost: 0/ms
[INFO] 2025-10-13 11:57:34.124 +0800 o.a.d.s.m.r.t.TaskGroupCoordinator:[129] - TaskGroupCoordinator round time cost: 0/ms
[INFO] 2025-10-13 11:57:34.724 +0800 o.a.d.s.m.c.IdSlotBasedCommandFetcher:[67] - Fetch commands: 0 success, cost: 0ms, totalSlot: 1, currentSlotIndex: 0
[INFO] 2025-10-13 11:57:35.735 +0800 o.a.d.s.m.c.IdSlotBasedCommandFetcher:[67] - Fetch commands: 0 success, cost: 0ms, totalSlot: 1, currentSlotIndex: 0
[INFO] 2025-10-13 11:57:36.936 +0800 o.a.d.s.m.c.IdSlotBasedCommandFetcher:[67] - Fetch commands: 0 success, cost: 0ms, totalSlot: 1, currentSlotIndex: 0
[INFO] 2025-10-13 11:57:37.937 +0800 o.a.d.s.m.c.IdSlotBasedCommandFetcher:[67] - Fetch commands: 0 success, cost: 0ms, totalSlot: 1, currentSlotIndex: 0
[INFO] 2025-10-13 11:57:38.937 +0800 o.a.d.s.m.c.IdSlotBasedCommandFetcher:[67] - Fetch commands: 0 success, cost: 0ms, totalSlot: 1, currentSlotIndex: 0
[INFO] 2025-10-13 11:57:39.132 +0800 o.a.d.s.m.r.t.TaskGroupCoordinator:[187] - Success amend TaskGroupQueue status cost: 0/ms
[INFO] 2025-10-13 11:57:39.132 +0800 o.a.d.s.m.r.t.TaskGroupCoordinator:[241] - Success deal with force start TaskGroupQueue cost: 0/ms
[INFO] 2025-10-13 11:57:39.132 +0800 o.a.d.s.m.r.t.TaskGroupCoordinator:[129] - TaskGroupCoordinator round time cost: 0/ms
[INFO] 2025-10-13 11:57:39.937 +0800 o.a.d.s.m.c.IdSlotBasedCommandFetcher:[67] - Fetch commands: 0 success, cost: 0ms, totalSlot: 1, currentSlotIndex: 0
[INFO] 2025-10-13 11:57:40.938 +0800 o.a.d.s.m.c.IdSlotBasedCommandFetcher:[67] - Fetch commands: 0 success, cost: 0ms, totalSlot: 1, currentSlotIndex: 0
[INFO] 2025-10-13 11:57:41.939 +0800 o.a.d.s.m.c.IdSlotBasedCommandFetcher:[67] - Fetch commands: 0 success, cost: 0ms, totalSlot: 1, currentSlotIndex: 0
[INFO] 2025-10-13 11:57:42.939 +0800 o.a.d.s.m.c.IdSlotBasedCommandFetcher:[67] - Fetch commands: 0 success, cost: 0ms, totalSlot: 1, currentSlotIndex: 0
[INFO] 2025-10-13 11:57:43.939 +0800 o.a.d.s.m.c.IdSlotBasedCommandFetcher:[67] - Fetch commands: 0 success, cost: 0ms, totalSlot: 1, currentSlotIndex: 0
[INFO] 2025-10-13 11:57:44.140 +0800 o.a.d.s.m.r.t.TaskGroupCoordinator:[187] - Success amend TaskGroupQueue status cost: 0/ms
[INFO] 2025-10-13 11:57:44.141 +0800 o.a.d.s.m.r.t.TaskGroupCoordinator:[241] - Success deal with force start TaskGroupQueue cost: 0/ms
[INFO] 2025-10-13 11:57:44.141 +0800 o.a.d.s.m.r.t.TaskGroupCoordinator:[129] - TaskGroupCoordinator round time cost: 0/ms
[INFO] 2025-10-13 11:57:44.940 +0800 o.a.d.s.m.c.IdSlotBasedCommandFetcher:[67] - Fetch commands: 0 success, cost: 0ms, totalSlot: 1, currentSlotIndex: 0
[INFO] 2025-10-13 11:57:45.941 +0800 o.a.d.s.m.c.IdSlotBasedCommandFetcher:[67] - Fetch commands: 0 success, cost: 0ms, totalSlot: 1, currentSlotIndex: 0
[INFO] 2025-10-13 11:57:46.942 +0800 o.a.d.s.m.c.IdSlotBasedCommandFetcher:[67] - Fetch commands: 0 success, cost: 0ms, totalSlot: 1, currentSlotIndex: 0
[INFO] 2025-10-13 11:57:47.942 +0800 o.a.d.s.m.c.IdSlotBasedCommandFetcher:[67] - Fetch commands: 0 success, cost: 0ms, totalSlot: 1, currentSlotIndex: 0
[INFO] 2025-10-13 11:57:48.943 +0800 o.a.d.s.m.c.IdSlotBasedCommandFetcher:[67] - Fetch commands: 0 success, cost: 0ms, totalSlot: 1, currentSlotIndex: 0
[INFO] 2025-10-13 11:57:49.146 +0800 o.a.d.s.m.r.t.TaskGroupCoordinator:[187] - Success amend TaskGroupQueue status cost: 0/ms
[INFO] 2025-10-13 11:57:49.146 +0800 o.a.d.s.m.r.t.TaskGroupCoordinator:[241] - Success deal with force start TaskGroupQueue cost: 0/ms
[INFO] 2025-10-13 11:57:49.146 +0800 o.a.d.s.m.r.t.TaskGroupCoordinator:[129] - TaskGroupCoordinator round time cost: 0/ms
[INFO] 2025-10-13 11:57:49.943 +0800 o.a.d.s.m.c.IdSlotBasedCommandFetcher:[67] - Fetch commands: 0 success, cost: 0ms, totalSlot: 1, currentSlotIndex: 0
[INFO] 2025-10-13 11:57:51.204 +0800 o.a.d.s.m.c.IdSlotBasedCommandFetcher:[67] - Fetch commands: 0 success, cost: 0ms, totalSlot: 1, currentSlotIndex: 0
[INFO] 2025-10-13 11:57:52.204 +0800 o.a.d.s.m.c.IdSlotBasedCommandFetcher:[67] - Fetch commands: 0 success, cost: 0ms, totalSlot: 1, currentSlotIndex: 0
[INFO] 2025-10-13 11:57:53.204 +0800 o.a.d.s.m.c.IdSlotBasedCommandFetcher:[67] - Fetch commands: 0 success, cost: 0ms, totalSlot: 1, currentSlotIndex: 0
[INFO] 2025-10-13 11:57:54.204 +0800 o.a.d.s.m.c.IdSlotBasedCommandFetcher:[67] - Fetch commands: 0 success, cost: 0ms, totalSlot: 1, currentSlotIndex: 0
[INFO] 2025-10-13 11:57:54.256 +0800 o.a.d.s.m.r.t.TaskGroupCoordinator:[187] - Success amend TaskGroupQueue status cost: 0/ms
[INFO] 2025-10-13 11:57:54.256 +0800 o.a.d.s.m.r.t.TaskGroupCoordinator:[241] - Success deal with force start TaskGroupQueue cost: 0/ms
[INFO] 2025-10-13 11:57:54.256 +0800 o.a.d.s.m.r.t.TaskGroupCoordinator:[129] - TaskGroupCoordinator round time cost: 0/ms
[INFO] 2025-10-13 11:57:55.205 +0800 o.a.d.s.m.c.IdSlotBasedCommandFetcher:[67] - Fetch commands: 0 success, cost: 0ms, totalSlot: 1, currentSlotIndex: 0
[INFO] 2025-10-13 11:57:56.205 +0800 o.a.d.s.m.c.IdSlotBasedCommandFetcher:[67] - Fetch commands: 0 success, cost: 0ms, totalSlot: 1, currentSlotIndex: 0
[INFO] 2025-10-13 11:57:57.206 +0800 o.a.d.s.m.c.IdSlotBasedCommandFetcher:[67] - Fetch commands: 0 success, cost: 0ms, totalSlot: 1, currentSlotIndex: 0
[INFO] 2025-10-13 11:57:58.217 +0800 o.a.d.s.m.c.IdSlotBasedCommandFetcher:[67] - Fetch commands: 0 success, cost: 0ms, totalSlot: 1, currentSlotIndex: 0
[INFO] 2025-10-13 11:57:59.218 +0800 o.a.d.s.m.c.IdSlotBasedCommandFetcher:[67] - Fetch commands: 0 success, cost: 0ms, totalSlot: 1, currentSlotIndex: 0
[INFO] 2025-10-13 11:57:59.260 +0800 o.a.d.s.m.r.t.TaskGroupCoordinator:[187] - Success amend TaskGroupQueue status cost: 0/ms
[INFO] 2025-10-13 11:57:59.260 +0800 o.a.d.s.m.r.t.TaskGroupCoordinator:[241] - Success deal with force start TaskGroupQueue cost: 0/ms
[INFO] 2025-10-13 11:57:59.260 +0800 o.a.d.s.m.r.t.TaskGroupCoordinator:[129] - TaskGroupCoordinator round time cost: 0/ms
[INFO] 2025-10-13 11:58:00.220 +0800 o.a.d.s.m.c.IdSlotBasedCommandFetcher:[67] - Fetch commands: 0 success, cost: 0ms, totalSlot: 1, currentSlotIndex: 0
[INFO] 2025-10-13 11:58:01.221 +0800 o.a.d.s.m.c.IdSlotBasedCommandFetcher:[67] - Fetch commands: 0 success, cost: 0ms, totalSlot: 1, currentSlotIndex: 0
[INFO] 2025-10-13 11:58:02.222 +0800 o.a.d.s.m.c.IdSlotBasedCommandFetcher:[67] - Fetch commands: 0 success, cost: 0ms, totalSlot: 1, currentSlotIndex: 0
[INFO] 2025-10-13 11:58:03.237 +0800 o.a.d.s.m.c.IdSlotBasedCommandFetcher:[67] - Fetch commands: 0 success, cost: 0ms, totalSlot: 1, currentSlotIndex: 0
[INFO] 2025-10-13 11:58:04.237 +0800 o.a.d.s.m.c.IdSlotBasedCommandFetcher:[67] - Fetch commands: 0 success, cost: 0ms, totalSlot: 1, currentSlotIndex: 0
[INFO] 2025-10-13 11:58:04.269 +0800 o.a.d.s.m.r.t.TaskGroupCoordinator:[187] - Success amend TaskGroupQueue status cost: 0/ms
[INFO] 2025-10-13 11:58:04.269 +0800 o.a.d.s.m.r.t.TaskGroupCoordinator:[241] - Success deal with force start TaskGroupQueue cost: 0/ms
[INFO] 2025-10-13 11:58:04.269 +0800 o.a.d.s.m.r.t.TaskGroupCoordinator:[129] - TaskGroupCoordinator round time cost: 0/ms
[INFO] 2025-10-13 11:58:05.416 +0800 o.a.d.s.m.c.IdSlotBasedCommandFetcher:[67] - Fetch commands: 0 success, cost: 0ms, totalSlot: 1, currentSlotIndex: 0
[INFO] 2025-10-13 11:58:06.417 +0800 o.a.d.s.m.c.IdSlotBasedCommandFetcher:[67] - Fetch commands: 0 success, cost: 0ms, totalSlot: 1, currentSlotIndex: 0
[INFO] 2025-10-13 11:58:07.417 +0800 o.a.d.s.m.c.IdSlotBasedCommandFetcher:[67] - Fetch commands: 0 success, cost: 0ms, totalSlot: 1, currentSlotIndex: 0
[INFO] 2025-10-13 11:58:08.417 +0800 o.a.d.s.m.c.IdSlotBasedCommandFetcher:[67] - Fetch commands: 0 success, cost: 0ms, totalSlot: 1, currentSlotIndex: 0
[INFO] 2025-10-13 11:58:09.277 +0800 o.a.d.s.m.r.t.TaskGroupCoordinator:[187] - Success amend TaskGroupQueue status cost: 0/ms
[INFO] 2025-10-13 11:58:09.277 +0800 o.a.d.s.m.r.t.TaskGroupCoordinator:[241] - Success deal with force start TaskGroupQueue cost: 0/ms
[INFO] 2025-10-13 11:58:09.277 +0800 o.a.d.s.m.r.t.TaskGroupCoordinator:[129] - TaskGroupCoordinator round time cost: 0/ms
[INFO] 2025-10-13 11:58:09.418 +0800 o.a.d.s.m.c.IdSlotBasedCommandFetcher:[67] - Fetch commands: 0 success, cost: 0ms, totalSlot: 1, currentSlotIndex: 0
[INFO] 2025-10-13 11:58:10.419 +0800 o.a.d.s.m.c.IdSlotBasedCommandFetcher:[67] - Fetch commands: 0 success, cost: 0ms, totalSlot: 1, currentSlotIndex: 0
[INFO] 2025-10-13 11:58:11.419 +0800 o.a.d.s.m.c.IdSlotBasedCommandFetcher:[67] - Fetch commands: 0 success, cost: 0ms, totalSlot: 1, currentSlotIndex: 0
[INFO] 2025-10-13 11:58:12.419 +0800 o.a.d.s.m.c.IdSlotBasedCommandFetcher:[67] - Fetch commands: 0 success, cost: 0ms, totalSlot: 1, currentSlotIndex: 0
[INFO] 2025-10-13 11:58:13.420 +0800 o.a.d.s.m.c.IdSlotBasedCommandFetcher:[67] - Fetch commands: 0 success, cost: 0ms, totalSlot: 1, currentSlotIndex: 0
[INFO] 2025-10-13 11:58:14.281 +0800 o.a.d.s.m.r.t.TaskGroupCoordinator:[187] - Success amend TaskGroupQueue status cost: 0/ms
[INFO] 2025-10-13 11:58:14.282 +0800 o.a.d.s.m.r.t.TaskGroupCoordinator:[241] - Success deal with force start TaskGroupQueue cost: 0/ms
[INFO] 2025-10-13 11:58:14.282 +0800 o.a.d.s.m.r.t.TaskGroupCoordinator:[129] - TaskGroupCoordinator round time cost: 0/ms
[INFO] 2025-10-13 11:58:14.421 +0800 o.a.d.s.m.c.IdSlotBasedCommandFetcher:[67] - Fetch commands: 0 success, cost: 0ms, totalSlot: 1, currentSlotIndex: 0
[INFO] 2025-10-13 11:58:15.421 +0800 o.a.d.s.m.c.IdSlotBasedCommandFetcher:[67] - Fetch commands: 0 success, cost: 0ms, totalSlot: 1, currentSlotIndex: 0
[INFO] 2025-10-13 11:58:16.422 +0800 o.a.d.s.m.c.IdSlotBasedCommandFetcher:[67] - Fetch commands: 0 success, cost: 0ms, totalSlot: 1, currentSlotIndex: 0
[INFO] 2025-10-13 11:58:17.423 +0800 o.a.d.s.m.c.IdSlotBasedCommandFetcher:[67] - Fetch commands: 0 success, cost: 0ms, totalSlot: 1, currentSlotIndex: 0
[INFO] 2025-10-13 11:58:18.437 +0800 o.a.d.s.m.c.IdSlotBasedCommandFetcher:[67] - Fetch commands: 0 success, cost: 0ms, totalSlot: 1, currentSlotIndex: 0
[INFO] 2025-10-13 11:58:19.285 +0800 o.a.d.s.m.r.t.TaskGroupCoordinator:[187] - Success amend TaskGroupQueue status cost: 0/ms
[INFO] 2025-10-13 11:58:19.286 +0800 o.a.d.s.m.r.t.TaskGroupCoordinator:[241] - Success deal with force start TaskGroupQueue cost: 0/ms
[INFO] 2025-10-13 11:58:19.286 +0800 o.a.d.s.m.r.t.TaskGroupCoordinator:[129] - TaskGroupCoordinator round time cost: 0/ms
[INFO] 2025-10-13 11:58:19.437 +0800 o.a.d.s.m.c.IdSlotBasedCommandFetcher:[67] - Fetch commands: 0 success, cost: 0ms, totalSlot: 1, currentSlotIndex: 0
[INFO] 2025-10-13 11:58:20.441 +0800 o.a.d.s.m.c.IdSlotBasedCommandFetcher:[67] - Fetch commands: 0 success, cost: 0ms, totalSlot: 1, currentSlotIndex: 0
[INFO] 2025-10-13 11:58:21.442 +0800 o.a.d.s.m.c.IdSlotBasedCommandFetcher:[67] - Fetch commands: 0 success, cost: 0ms, totalSlot: 1, currentSlotIndex: 0
[INFO] 2025-10-13 11:58:22.442 +0800 o.a.d.s.m.c.IdSlotBasedCommandFetcher:[67] - Fetch commands: 0 success, cost: 0ms, totalSlot: 1, currentSlotIndex: 0
[INFO] 2025-10-13 11:58:23.442 +0800 o.a.d.s.m.c.IdSlotBasedCommandFetcher:[67] - Fetch commands: 0 success, cost: 0ms, totalSlot: 1, currentSlotIndex: 0
[INFO] 2025-10-13 11:58:24.304 +0800 o.a.d.s.m.r.t.TaskGroupCoordinator:[187] - Success amend TaskGroupQueue status cost: 0/ms
[INFO] 2025-10-13 11:58:24.304 +0800 o.a.d.s.m.r.t.TaskGroupCoordinator:[241] - Success deal with force start TaskGroupQueue cost: 0/ms
[INFO] 2025-10-13 11:58:24.304 +0800 o.a.d.s.m.r.t.TaskGroupCoordinator:[129] - TaskGroupCoordinator round time cost: 0/ms
[INFO] 2025-10-13 11:58:24.454 +0800 o.a.d.s.m.c.IdSlotBasedCommandFetcher:[67] - Fetch commands: 0 success, cost: 0ms, totalSlot: 1, currentSlotIndex: 0
[INFO] 2025-10-13 11:58:25.454 +0800 o.a.d.s.m.c.IdSlotBasedCommandFetcher:[67] - Fetch commands: 0 success, cost: 0ms, totalSlot: 1, currentSlotIndex: 0
[INFO] 2025-10-13 11:58:26.455 +0800 o.a.d.s.m.c.IdSlotBasedCommandFetcher:[67] - Fetch commands: 0 success, cost: 0ms, totalSlot: 1, currentSlotIndex: 0
[INFO] 2025-10-13 11:58:27.455 +0800 o.a.d.s.m.c.IdSlotBasedCommandFetcher:[67] - Fetch commands: 0 success, cost: 0ms, totalSlot: 1, currentSlotIndex: 0
[INFO] 2025-10-13 11:58:28.456 +0800 o.a.d.s.m.c.IdSlotBasedCommandFetcher:[67] - Fetch commands: 0 success, cost: 0ms, totalSlot: 1, currentSlotIndex: 0
[INFO] 2025-10-13 11:58:29.309 +0800 o.a.d.s.m.r.t.TaskGroupCoordinator:[187] - Success amend TaskGroupQueue status cost: 0/ms
[INFO] 2025-10-13 11:58:29.310 +0800 o.a.d.s.m.r.t.TaskGroupCoordinator:[241] - Success deal with force start TaskGroupQueue cost: 0/ms
[INFO] 2025-10-13 11:58:29.310 +0800 o.a.d.s.m.r.t.TaskGroupCoordinator:[129] - TaskGroupCoordinator round time cost: 0/ms
[INFO] 2025-10-13 11:58:29.456 +0800 o.a.d.s.m.c.IdSlotBasedCommandFetcher:[67] - Fetch commands: 0 success, cost: 0ms, totalSlot: 1, currentSlotIndex: 0
[INFO] 2025-10-13 11:58:30.457 +0800 o.a.d.s.m.c.IdSlotBasedCommandFetcher:[67] - Fetch commands: 0 success, cost: 0ms, totalSlot: 1, currentSlotIndex: 0
[INFO] 2025-10-13 11:58:31.458 +0800 o.a.d.s.m.c.IdSlotBasedCommandFetcher:[67] - Fetch commands: 0 success, cost: 0ms, totalSlot: 1, currentSlotIndex: 0
[INFO] 2025-10-13 11:58:32.458 +0800 o.a.d.s.m.c.IdSlotBasedCommandFetcher:[67] - Fetch commands: 0 success, cost: 0ms, totalSlot: 1, currentSlotIndex: 0
[INFO] 2025-10-13 11:58:33.708 +0800 o.a.d.s.m.c.IdSlotBasedCommandFetcher:[67] - Fetch commands: 0 success, cost: 0ms, totalSlot: 1, currentSlotIndex: 0
[INFO] 2025-10-13 11:58:34.314 +0800 o.a.d.s.m.r.t.TaskGroupCoordinator:[187] - Success amend TaskGroupQueue status cost: 0/ms
[INFO] 2025-10-13 11:58:34.314 +0800 o.a.d.s.m.r.t.TaskGroupCoordinator:[241] - Success deal with force start TaskGroupQueue cost: 0/ms
[INFO] 2025-10-13 11:58:34.314 +0800 o.a.d.s.m.r.t.TaskGroupCoordinator:[129] - TaskGroupCoordinator round time cost: 0/ms
[INFO] 2025-10-13 11:58:34.708 +0800 o.a.d.s.m.c.IdSlotBasedCommandFetcher:[67] - Fetch commands: 0 success, cost: 0ms, totalSlot: 1, currentSlotIndex: 0
[INFO] 2025-10-13 11:58:35.708 +0800 o.a.d.s.m.c.IdSlotBasedCommandFetcher:[67] - Fetch commands: 0 success, cost: 0ms, totalSlot: 1, currentSlotIndex: 0
[INFO] 2025-10-13 11:58:36.709 +0800 o.a.d.s.m.c.IdSlotBasedCommandFetcher:[67] - Fetch commands: 0 success, cost: 0ms, totalSlot: 1, currentSlotIndex: 0
[INFO] 2025-10-13 11:58:37.709 +0800 o.a.d.s.m.c.IdSlotBasedCommandFetcher:[67] - Fetch commands: 0 success, cost: 0ms, totalSlot: 1, currentSlotIndex: 0
[INFO] 2025-10-13 11:58:38.710 +0800 o.a.d.s.m.c.IdSlotBasedCommandFetcher:[67] - Fetch commands: 0 success, cost: 0ms, totalSlot: 1, currentSlotIndex: 0
[INFO] 2025-10-13 11:58:39.319 +0800 o.a.d.s.m.r.t.TaskGroupCoordinator:[187] - Success amend TaskGroupQueue status cost: 0/ms
[INFO] 2025-10-13 11:58:39.319 +0800 o.a.d.s.m.r.t.TaskGroupCoordinator:[241] - Success deal with force start TaskGroupQueue cost: 0/ms
[INFO] 2025-10-13 11:58:39.319 +0800 o.a.d.s.m.r.t.TaskGroupCoordinator:[129] - TaskGroupCoordinator round time cost: 0/ms
[INFO] 2025-10-13 11:58:39.710 +0800 o.a.d.s.m.c.IdSlotBasedCommandFetcher:[67] - Fetch commands: 0 success, cost: 0ms, totalSlot: 1, currentSlotIndex: 0
[INFO] 2025-10-13 11:58:40.710 +0800 o.a.d.s.m.c.IdSlotBasedCommandFetcher:[67] - Fetch commands: 0 success, cost: 0ms, totalSlot: 1, currentSlotIndex: 0
[INFO] 2025-10-13 11:58:41.711 +0800 o.a.d.s.m.c.IdSlotBasedCommandFetcher:[67] - Fetch commands: 0 success, cost: 0ms, totalSlot: 1, currentSlotIndex: 0
[INFO] 2025-10-13 11:58:42.713 +0800 o.a.d.s.m.c.IdSlotBasedCommandFetcher:[67] - Fetch commands: 0 success, cost: 0ms, totalSlot: 1, currentSlotIndex: 0
[INFO] 2025-10-13 11:58:43.718 +0800 o.a.d.s.m.c.IdSlotBasedCommandFetcher:[67] - Fetch commands: 0 success, cost: 0ms, totalSlot: 1, currentSlotIndex: 0
[INFO] 2025-10-13 11:58:44.328 +0800 o.a.d.s.m.r.t.TaskGroupCoordinator:[187] - Success amend TaskGroupQueue status cost: 0/ms
[INFO] 2025-10-13 11:58:44.328 +0800 o.a.d.s.m.r.t.TaskGroupCoordinator:[241] - Success deal with force start TaskGroupQueue cost: 0/ms
[INFO] 2025-10-13 11:58:44.328 +0800 o.a.d.s.m.r.t.TaskGroupCoordinator:[129] - TaskGroupCoordinator round time cost: 0/ms
[INFO] 2025-10-13 11:58:44.728 +0800 o.a.d.s.m.c.IdSlotBasedCommandFetcher:[67] - Fetch commands: 0 success, cost: 0ms, totalSlot: 1, currentSlotIndex: 0
[INFO] 2025-10-13 11:58:45.729 +0800 o.a.d.s.m.c.IdSlotBasedCommandFetcher:[67] - Fetch commands: 0 success, cost: 0ms, totalSlot: 1, currentSlotIndex: 0
[INFO] 2025-10-13 11:58:46.731 +0800 o.a.d.s.m.c.IdSlotBasedCommandFetcher:[67] - Fetch commands: 0 success, cost: 0ms, totalSlot: 1, currentSlotIndex: 0
[INFO] 2025-10-13 11:58:47.731 +0800 o.a.d.s.m.c.IdSlotBasedCommandFetcher:[67] - Fetch commands: 0 success, cost: 0ms, totalSlot: 1, currentSlotIndex: 0
[INFO] 2025-10-13 11:58:49.002 +0800 o.a.d.s.m.c.IdSlotBasedCommandFetcher:[67] - Fetch commands: 0 success, cost: 0ms, totalSlot: 1, currentSlotIndex: 0
[INFO] 2025-10-13 11:58:49.332 +0800 o.a.d.s.m.r.t.TaskGroupCoordinator:[187] - Success amend TaskGroupQueue status cost: 0/ms
[INFO] 2025-10-13 11:58:49.332 +0800 o.a.d.s.m.r.t.TaskGroupCoordinator:[241] - Success deal with force start TaskGroupQueue cost: 0/ms
[INFO] 2025-10-13 11:58:49.332 +0800 o.a.d.s.m.r.t.TaskGroupCoordinator:[129] - TaskGroupCoordinator round time cost: 0/ms
[INFO] 2025-10-13 11:58:50.003 +0800 o.a.d.s.m.c.IdSlotBasedCommandFetcher:[67] - Fetch commands: 0 success, cost: 0ms, totalSlot: 1, currentSlotIndex: 0
[INFO] 2025-10-13 11:58:51.003 +0800 o.a.d.s.m.c.IdSlotBasedCommandFetcher:[67] - Fetch commands: 0 success, cost: 0ms, totalSlot: 1, currentSlotIndex: 0
[INFO] 2025-10-13 11:58:52.004 +0800 o.a.d.s.m.c.IdSlotBasedCommandFetcher:[67] - Fetch commands: 0 success, cost: 0ms, totalSlot: 1, currentSlotIndex: 0
[INFO] 2025-10-13 11:58:53.004 +0800 o.a.d.s.m.c.IdSlotBasedCommandFetcher:[67] - Fetch commands: 0 success, cost: 0ms, totalSlot: 1, currentSlotIndex: 0
[INFO] 2025-10-13 11:58:54.005 +0800 o.a.d.s.m.c.IdSlotBasedCommandFetcher:[67] - Fetch commands: 0 success, cost: 0ms, totalSlot: 1, currentSlotIndex: 0
[INFO] 2025-10-13 11:58:54.339 +0800 o.a.d.s.m.r.t.TaskGroupCoordinator:[187] - Success amend TaskGroupQueue status cost: 0/ms
[INFO] 2025-10-13 11:58:54.339 +0800 o.a.d.s.m.r.t.TaskGroupCoordinator:[241] - Success deal with force start TaskGroupQueue cost: 0/ms
[INFO] 2025-10-13 11:58:54.339 +0800 o.a.d.s.m.r.t.TaskGroupCoordinator:[129] - TaskGroupCoordinator round time cost: 0/ms
[INFO] 2025-10-13 11:58:55.006 +0800 o.a.d.s.m.c.IdSlotBasedCommandFetcher:[67] - Fetch commands: 0 success, cost: 0ms, totalSlot: 1, currentSlotIndex: 0
[INFO] 2025-10-13 11:58:56.007 +0800 o.a.d.s.m.c.IdSlotBasedCommandFetcher:[67] - Fetch commands: 0 success, cost: 0ms, totalSlot: 1, currentSlotIndex: 0
[INFO] 2025-10-13 11:58:57.007 +0800 o.a.d.s.m.c.IdSlotBasedCommandFetcher:[67] - Fetch commands: 0 success, cost: 0ms, totalSlot: 1, currentSlotIndex: 0
[INFO] 2025-10-13 11:58:58.020 +0800 o.a.d.s.m.c.IdSlotBasedCommandFetcher:[67] - Fetch commands: 0 success, cost: 0ms, totalSlot: 1, currentSlotIndex: 0
[INFO] 2025-10-13 11:58:59.022 +0800 o.a.d.s.m.c.IdSlotBasedCommandFetcher:[67] - Fetch commands: 0 success, cost: 0ms, totalSlot: 1, currentSlotIndex: 0
[INFO] 2025-10-13 11:58:59.344 +0800 o.a.d.s.m.r.t.TaskGroupCoordinator:[187] - Success amend TaskGroupQueue status cost: 0/ms
[INFO] 2025-10-13 11:58:59.344 +0800 o.a.d.s.m.r.t.TaskGroupCoordinator:[241] - Success deal with force start TaskGroupQueue cost: 0/ms
[INFO] 2025-10-13 11:58:59.344 +0800 o.a.d.s.m.r.t.TaskGroupCoordinator:[129] - TaskGroupCoordinator round time cost: 0/ms
[INFO] 2025-10-13 11:59:00.031 +0800 o.a.d.s.m.c.IdSlotBasedCommandFetcher:[67] - Fetch commands: 0 success, cost: 0ms, totalSlot: 1, currentSlotIndex: 0
[INFO] 2025-10-13 11:59:01.031 +0800 o.a.d.s.m.c.IdSlotBasedCommandFetcher:[67] - Fetch commands: 0 success, cost: 0ms, totalSlot: 1, currentSlotIndex: 0
[INFO] 2025-10-13 11:59:02.046 +0800 o.a.d.s.m.c.IdSlotBasedCommandFetcher:[67] - Fetch commands: 0 success, cost: 0ms, totalSlot: 1, currentSlotIndex: 0
[INFO] 2025-10-13 11:59:03.046 +0800 o.a.d.s.m.c.IdSlotBasedCommandFetcher:[67] - Fetch commands: 0 success, cost: 0ms, totalSlot: 1, currentSlotIndex: 0
[INFO] 2025-10-13 11:59:04.212 +0800 o.a.d.m.m.BaseServerLoadProtection:[43] - OverLoad: the system cpu usage: 1.0 is over then the maxSystemCpuUsagePercentageThresholds 0.9
[WARN] 2025-10-13 11:59:04.212 +0800 o.a.d.s.m.r.MasterSchedulerBootstrap:[120] - The current server is overload, cannot consumes commands.
[INFO] 2025-10-13 11:59:04.359 +0800 o.a.d.s.m.r.t.TaskGroupCoordinator:[187] - Success amend TaskGroupQueue status cost: 0/ms
[INFO] 2025-10-13 11:59:04.359 +0800 o.a.d.s.m.r.t.TaskGroupCoordinator:[241] - Success deal with force start TaskGroupQueue cost: 0/ms
[INFO] 2025-10-13 11:59:04.359 +0800 o.a.d.s.m.r.t.TaskGroupCoordinator:[129] - TaskGroupCoordinator round time cost: 0/ms
[INFO] 2025-10-13 11:59:04.984 +0800 o.a.d.m.m.BaseServerLoadProtection:[43] - OverLoad: the system cpu usage: 1.0 is over then the maxSystemCpuUsagePercentageThresholds 0.9
[INFO] 2025-10-13 11:59:05.032 +0800 o.a.d.m.m.BaseServerLoadProtection:[43] - OverLoad: the system cpu usage: 1.0 is over then the maxSystemCpuUsagePercentageThresholds 0.9
[INFO] 2025-10-13 11:59:05.275 +0800 o.a.d.s.m.c.IdSlotBasedCommandFetcher:[67] - Fetch commands: 0 success, cost: 0ms, totalSlot: 1, currentSlotIndex: 0
[INFO] 2025-10-13 11:59:06.348 +0800 o.a.d.s.m.c.IdSlotBasedCommandFetcher:[67] - Fetch commands: 0 success, cost: 0ms, totalSlot: 1, currentSlotIndex: 0
[INFO] 2025-10-13 11:59:07.420 +0800 o.a.d.s.m.c.IdSlotBasedCommandFetcher:[67] - Fetch commands: 0 success, cost: 0ms, totalSlot: 1, currentSlotIndex: 0
[INFO] 2025-10-13 11:59:08.498 +0800 o.a.d.s.m.c.IdSlotBasedCommandFetcher:[67] - Fetch commands: 0 success, cost: 0ms, totalSlot: 1, currentSlotIndex: 0
[INFO] 2025-10-13 11:59:09.364 +0800 o.a.d.s.m.r.t.TaskGroupCoordinator:[187] - Success amend TaskGroupQueue status cost: 0/ms
[INFO] 2025-10-13 11:59:09.365 +0800 o.a.d.s.m.r.t.TaskGroupCoordinator:[241] - Success deal with force start TaskGroupQueue cost: 0/ms
[INFO] 2025-10-13 11:59:09.365 +0800 o.a.d.s.m.r.t.TaskGroupCoordinator:[129] - TaskGroupCoordinator round time cost: 0/ms
[INFO] 2025-10-13 11:59:09.572 +0800 o.a.d.s.m.c.IdSlotBasedCommandFetcher:[67] - Fetch commands: 0 success, cost: 0ms, totalSlot: 1, currentSlotIndex: 0
[INFO] 2025-10-13 11:59:10.643 +0800 o.a.d.s.m.c.IdSlotBasedCommandFetcher:[67] - Fetch commands: 0 success, cost: 0ms, totalSlot: 1, currentSlotIndex: 0
[INFO] 2025-10-13 11:59:11.720 +0800 o.a.d.s.m.c.IdSlotBasedCommandFetcher:[67] - Fetch commands: 0 success, cost: 0ms, totalSlot: 1, currentSlotIndex: 0
[INFO] 2025-10-13 11:59:12.799 +0800 o.a.d.s.m.c.IdSlotBasedCommandFetcher:[67] - Fetch commands: 0 success, cost: 0ms, totalSlot: 1, currentSlotIndex: 0
[INFO] 2025-10-13 11:59:13.880 +0800 o.a.d.s.m.c.IdSlotBasedCommandFetcher:[67] - Fetch commands: 0 success, cost: 0ms, totalSlot: 1, currentSlotIndex: 0
[INFO] 2025-10-13 11:59:14.369 +0800 o.a.d.s.m.r.t.TaskGroupCoordinator:[187] - Success amend TaskGroupQueue status cost: 0/ms
[INFO] 2025-10-13 11:59:14.369 +0800 o.a.d.s.m.r.t.TaskGroupCoordinator:[241] - Success deal with force start TaskGroupQueue cost: 0/ms
[INFO] 2025-10-13 11:59:14.369 +0800 o.a.d.s.m.r.t.TaskGroupCoordinator:[129] - TaskGroupCoordinator round time cost: 0/ms
[INFO] 2025-10-13 11:59:14.953 +0800 o.a.d.s.m.c.IdSlotBasedCommandFetcher:[67] - Fetch commands: 0 success, cost: 1ms, totalSlot: 1, currentSlotIndex: 0
[INFO] 2025-10-13 11:59:16.038 +0800 o.a.d.s.m.c.IdSlotBasedCommandFetcher:[67] - Fetch commands: 0 success, cost: 0ms, totalSlot: 1, currentSlotIndex: 0
[INFO] 2025-10-13 11:59:17.040 +0800 o.a.d.s.m.c.IdSlotBasedCommandFetcher:[67] - Fetch commands: 0 success, cost: 0ms, totalSlot: 1, currentSlotIndex: 0
[INFO] 2025-10-13 11:59:18.040 +0800 o.a.d.s.m.c.IdSlotBasedCommandFetcher:[67] - Fetch commands: 0 success, cost: 0ms, totalSlot: 1, currentSlotIndex: 0
[INFO] 2025-10-13 11:59:19.041 +0800 o.a.d.s.m.c.IdSlotBasedCommandFetcher:[67] - Fetch commands: 0 success, cost: 0ms, totalSlot: 1, currentSlotIndex: 0
[INFO] 2025-10-13 11:59:19.373 +0800 o.a.d.s.m.r.t.TaskGroupCoordinator:[187] - Success amend TaskGroupQueue status cost: 0/ms
[INFO] 2025-10-13 11:59:19.374 +0800 o.a.d.s.m.r.t.TaskGroupCoordinator:[241] - Success deal with force start TaskGroupQueue cost: 0/ms
[INFO] 2025-10-13 11:59:19.374 +0800 o.a.d.s.m.r.t.TaskGroupCoordinator:[129] - TaskGroupCoordinator round time cost: 0/ms
[INFO] 2025-10-13 11:59:20.041 +0800 o.a.d.s.m.c.IdSlotBasedCommandFetcher:[67] - Fetch commands: 0 success, cost: 0ms, totalSlot: 1, currentSlotIndex: 0
[INFO] 2025-10-13 11:59:21.042 +0800 o.a.d.s.m.c.IdSlotBasedCommandFetcher:[67] - Fetch commands: 0 success, cost: 0ms, totalSlot: 1, currentSlotIndex: 0
[INFO] 2025-10-13 11:59:22.043 +0800 o.a.d.s.m.c.IdSlotBasedCommandFetcher:[67] - Fetch commands: 0 success, cost: 0ms, totalSlot: 1, currentSlotIndex: 0
[INFO] 2025-10-13 11:59:23.044 +0800 o.a.d.s.m.c.IdSlotBasedCommandFetcher:[67] - Fetch commands: 0 success, cost: 0ms, totalSlot: 1, currentSlotIndex: 0
[INFO] 2025-10-13 11:59:24.044 +0800 o.a.d.s.m.c.IdSlotBasedCommandFetcher:[67] - Fetch commands: 0 success, cost: 0ms, totalSlot: 1, currentSlotIndex: 0
[INFO] 2025-10-13 11:59:24.378 +0800 o.a.d.s.m.r.t.TaskGroupCoordinator:[187] - Success amend TaskGroupQueue status cost: 0/ms
[INFO] 2025-10-13 11:59:24.378 +0800 o.a.d.s.m.r.t.TaskGroupCoordinator:[241] - Success deal with force start TaskGroupQueue cost: 0/ms
[INFO] 2025-10-13 11:59:24.378 +0800 o.a.d.s.m.r.t.TaskGroupCoordinator:[129] - TaskGroupCoordinator round time cost: 0/ms
[INFO] 2025-10-13 11:59:25.044 +0800 o.a.d.s.m.c.IdSlotBasedCommandFetcher:[67] - Fetch commands: 0 success, cost: 0ms, totalSlot: 1, currentSlotIndex: 0
[INFO] 2025-10-13 11:59:26.045 +0800 o.a.d.s.m.c.IdSlotBasedCommandFetcher:[67] - Fetch commands: 0 success, cost: 0ms, totalSlot: 1, currentSlotIndex: 0
[INFO] 2025-10-13 11:59:27.045 +0800 o.a.d.s.m.c.IdSlotBasedCommandFetcher:[67] - Fetch commands: 0 success, cost: 0ms, totalSlot: 1, currentSlotIndex: 0
[INFO] 2025-10-13 11:59:28.046 +0800 o.a.d.s.m.c.IdSlotBasedCommandFetcher:[67] - Fetch commands: 0 success, cost: 0ms, totalSlot: 1, currentSlotIndex: 0
[INFO] 2025-10-13 11:59:29.131 +0800 o.a.d.s.m.c.IdSlotBasedCommandFetcher:[67] - Fetch commands: 0 success, cost: 0ms, totalSlot: 1, currentSlotIndex: 0
[INFO] 2025-10-13 11:59:29.382 +0800 o.a.d.s.m.r.t.TaskGroupCoordinator:[187] - Success amend TaskGroupQueue status cost: 0/ms
[INFO] 2025-10-13 11:59:29.382 +0800 o.a.d.s.m.r.t.TaskGroupCoordinator:[241] - Success deal with force start TaskGroupQueue cost: 0/ms
[INFO] 2025-10-13 11:59:29.383 +0800 o.a.d.s.m.r.t.TaskGroupCoordinator:[129] - TaskGroupCoordinator round time cost: 0/ms
[INFO] 2025-10-13 11:59:30.197 +0800 o.a.d.s.m.c.IdSlotBasedCommandFetcher:[67] - Fetch commands: 0 success, cost: 0ms, totalSlot: 1, currentSlotIndex: 0
[INFO] 2025-10-13 11:59:31.279 +0800 o.a.d.s.m.c.IdSlotBasedCommandFetcher:[67] - Fetch commands: 0 success, cost: 0ms, totalSlot: 1, currentSlotIndex: 0
[INFO] 2025-10-13 11:59:32.341 +0800 o.a.d.s.m.c.IdSlotBasedCommandFetcher:[67] - Fetch commands: 0 success, cost: 0ms, totalSlot: 1, currentSlotIndex: 0
[INFO] 2025-10-13 11:59:33.413 +0800 o.a.d.s.m.c.IdSlotBasedCommandFetcher:[67] - Fetch commands: 0 success, cost: 0ms, totalSlot: 1, currentSlotIndex: 0
[INFO] 2025-10-13 11:59:34.388 +0800 o.a.d.s.m.r.t.TaskGroupCoordinator:[187] - Success amend TaskGroupQueue status cost: 0/ms
[INFO] 2025-10-13 11:59:34.388 +0800 o.a.d.s.m.r.t.TaskGroupCoordinator:[241] - Success deal with force start TaskGroupQueue cost: 0/ms
[INFO] 2025-10-13 11:59:34.388 +0800 o.a.d.s.m.r.t.TaskGroupCoordinator:[129] - TaskGroupCoordinator round time cost: 0/ms
[INFO] 2025-10-13 11:59:34.550 +0800 o.a.d.s.m.c.IdSlotBasedCommandFetcher:[67] - Fetch commands: 0 success, cost: 0ms, totalSlot: 1, currentSlotIndex: 0
[INFO] 2025-10-13 11:59:35.554 +0800 o.a.d.s.m.c.IdSlotBasedCommandFetcher:[67] - Fetch commands: 0 success, cost: 0ms, totalSlot: 1, currentSlotIndex: 0
[INFO] 2025-10-13 11:59:36.554 +0800 o.a.d.s.m.c.IdSlotBasedCommandFetcher:[67] - Fetch commands: 0 success, cost: 0ms, totalSlot: 1, currentSlotIndex: 0
[INFO] 2025-10-13 11:59:37.554 +0800 o.a.d.s.m.c.IdSlotBasedCommandFetcher:[67] - Fetch commands: 0 success, cost: 0ms, totalSlot: 1, currentSlotIndex: 0
[INFO] 2025-10-13 11:59:38.554 +0800 o.a.d.s.m.c.IdSlotBasedCommandFetcher:[67] - Fetch commands: 0 success, cost: 0ms, totalSlot: 1, currentSlotIndex: 0
[INFO] 2025-10-13 11:59:39.397 +0800 o.a.d.s.m.r.t.TaskGroupCoordinator:[187] - Success amend TaskGroupQueue status cost: 0/ms
[INFO] 2025-10-13 11:59:39.397 +0800 o.a.d.s.m.r.t.TaskGroupCoordinator:[241] - Success deal with force start TaskGroupQueue cost: 0/ms
[INFO] 2025-10-13 11:59:39.397 +0800 o.a.d.s.m.r.t.TaskGroupCoordinator:[129] - TaskGroupCoordinator round time cost: 0/ms
[INFO] 2025-10-13 11:59:39.565 +0800 o.a.d.s.m.c.IdSlotBasedCommandFetcher:[67] - Fetch commands: 0 success, cost: 0ms, totalSlot: 1, currentSlotIndex: 0
[INFO] 2025-10-13 11:59:40.566 +0800 o.a.d.s.m.c.IdSlotBasedCommandFetcher:[67] - Fetch commands: 0 success, cost: 0ms, totalSlot: 1, currentSlotIndex: 0
[INFO] 2025-10-13 11:59:41.581 +0800 o.a.d.s.m.c.IdSlotBasedCommandFetcher:[67] - Fetch commands: 0 success, cost: 0ms, totalSlot: 1, currentSlotIndex: 0
[INFO] 2025-10-13 11:59:42.581 +0800 o.a.d.s.m.c.IdSlotBasedCommandFetcher:[67] - Fetch commands: 0 success, cost: 0ms, totalSlot: 1, currentSlotIndex: 0
[INFO] 2025-10-13 11:59:43.593 +0800 o.a.d.s.m.c.IdSlotBasedCommandFetcher:[67] - Fetch commands: 0 success, cost: 0ms, totalSlot: 1, currentSlotIndex: 0
[INFO] 2025-10-13 11:59:44.411 +0800 o.a.d.s.m.r.t.TaskGroupCoordinator:[187] - Success amend TaskGroupQueue status cost: 0/ms
[INFO] 2025-10-13 11:59:44.411 +0800 o.a.d.s.m.r.t.TaskGroupCoordinator:[241] - Success deal with force start TaskGroupQueue cost: 0/ms
[INFO] 2025-10-13 11:59:44.411 +0800 o.a.d.s.m.r.t.TaskGroupCoordinator:[129] - TaskGroupCoordinator round time cost: 0/ms
[INFO] 2025-10-13 11:59:44.595 +0800 o.a.d.s.m.c.IdSlotBasedCommandFetcher:[67] - Fetch commands: 0 success, cost: 0ms, totalSlot: 1, currentSlotIndex: 0
[INFO] 2025-10-13 11:59:45.607 +0800 o.a.d.s.m.c.IdSlotBasedCommandFetcher:[67] - Fetch commands: 0 success, cost: 0ms, totalSlot: 1, currentSlotIndex: 0
[INFO] 2025-10-13 11:59:46.607 +0800 o.a.d.s.m.c.IdSlotBasedCommandFetcher:[67] - Fetch commands: 0 success, cost: 0ms, totalSlot: 1, currentSlotIndex: 0
[INFO] 2025-10-13 11:59:47.611 +0800 o.a.d.s.m.c.IdSlotBasedCommandFetcher:[67] - Fetch commands: 0 success, cost: 0ms, totalSlot: 1, currentSlotIndex: 0
[INFO] 2025-10-13 11:59:48.724 +0800 o.a.d.s.m.c.IdSlotBasedCommandFetcher:[67] - Fetch commands: 0 success, cost: 0ms, totalSlot: 1, currentSlotIndex: 0
[INFO] 2025-10-13 11:59:49.429 +0800 o.a.d.s.m.r.t.TaskGroupCoordinator:[187] - Success amend TaskGroupQueue status cost: 0/ms
[INFO] 2025-10-13 11:59:49.429 +0800 o.a.d.s.m.r.t.TaskGroupCoordinator:[241] - Success deal with force start TaskGroupQueue cost: 0/ms
[INFO] 2025-10-13 11:59:49.429 +0800 o.a.d.s.m.r.t.TaskGroupCoordinator:[129] - TaskGroupCoordinator round time cost: 0/ms
[INFO] 2025-10-13 11:59:49.790 +0800 o.a.d.s.m.c.IdSlotBasedCommandFetcher:[67] - Fetch commands: 0 success, cost: 0ms, totalSlot: 1, currentSlotIndex: 0
[INFO] 2025-10-13 11:59:50.862 +0800 o.a.d.s.m.c.IdSlotBasedCommandFetcher:[67] - Fetch commands: 0 success, cost: 0ms, totalSlot: 1, currentSlotIndex: 0
[INFO] 2025-10-13 11:59:51.937 +0800 o.a.d.s.m.c.IdSlotBasedCommandFetcher:[67] - Fetch commands: 0 success, cost: 0ms, totalSlot: 1, currentSlotIndex: 0
[INFO] 2025-10-13 11:59:53.002 +0800 o.a.d.s.m.c.IdSlotBasedCommandFetcher:[67] - Fetch commands: 0 success, cost: 1ms, totalSlot: 1, currentSlotIndex: 0
[INFO] 2025-10-13 11:59:54.071 +0800 o.a.d.s.m.c.IdSlotBasedCommandFetcher:[67] - Fetch commands: 0 success, cost: 0ms, totalSlot: 1, currentSlotIndex: 0
[INFO] 2025-10-13 11:59:54.434 +0800 o.a.d.s.m.r.t.TaskGroupCoordinator:[187] - Success amend TaskGroupQueue status cost: 0/ms
[INFO] 2025-10-13 11:59:54.434 +0800 o.a.d.s.m.r.t.TaskGroupCoordinator:[241] - Success deal with force start TaskGroupQueue cost: 0/ms
[INFO] 2025-10-13 11:59:54.434 +0800 o.a.d.s.m.r.t.TaskGroupCoordinator:[129] - TaskGroupCoordinator round time cost: 0/ms
[INFO] 2025-10-13 11:59:55.143 +0800 o.a.d.s.m.c.IdSlotBasedCommandFetcher:[67] - Fetch commands: 0 success, cost: 0ms, totalSlot: 1, currentSlotIndex: 0
[INFO] 2025-10-13 11:59:56.333 +0800 o.a.d.s.m.c.IdSlotBasedCommandFetcher:[67] - Fetch commands: 0 success, cost: 1ms, totalSlot: 1, currentSlotIndex: 0
[INFO] 2025-10-13 11:59:57.334 +0800 o.a.d.s.m.c.IdSlotBasedCommandFetcher:[67] - Fetch commands: 0 success, cost: 0ms, totalSlot: 1, currentSlotIndex: 0
[INFO] 2025-10-13 11:59:58.342 +0800 o.a.d.s.m.c.IdSlotBasedCommandFetcher:[67] - Fetch commands: 0 success, cost: 0ms, totalSlot: 1, currentSlotIndex: 0
[INFO] 2025-10-13 11:59:59.342 +0800 o.a.d.s.m.c.IdSlotBasedCommandFetcher:[67] - Fetch commands: 0 success, cost: 0ms, totalSlot: 1, currentSlotIndex: 0
[INFO] 2025-10-13 11:59:59.438 +0800 o.a.d.s.m.r.t.TaskGroupCoordinator:[187] - Success amend TaskGroupQueue status cost: 0/ms
[INFO] 2025-10-13 11:59:59.439 +0800 o.a.d.s.m.r.t.TaskGroupCoordinator:[241] - Success deal with force start TaskGroupQueue cost: 0/ms
[INFO] 2025-10-13 11:59:59.439 +0800 o.a.d.s.m.r.t.TaskGroupCoordinator:[129] - TaskGroupCoordinator round time cost: 0/ms
