[INFO] 2025-10-13 12:00:00.356 +0800 o.a.d.s.m.c.IdSlotBasedCommandFetcher:[67] - Fetch commands: 0 success, cost: 0ms, totalSlot: 1, currentSlotIndex: 0
[INFO] 2025-10-13 12:00:01.358 +0800 o.a.d.s.m.c.IdSlotBasedCommandFetcher:[67] - Fetch commands: 0 success, cost: 0ms, totalSlot: 1, currentSlotIndex: 0
[INFO] 2025-10-13 12:00:02.371 +0800 o.a.d.s.m.c.IdSlotBasedCommandFetcher:[67] - Fetch commands: 0 success, cost: 0ms, totalSlot: 1, currentSlotIndex: 0
[INFO] 2025-10-13 12:00:03.372 +0800 o.a.d.s.m.c.IdSlotBasedCommandFetcher:[67] - Fetch commands: 0 success, cost: 0ms, totalSlot: 1, currentSlotIndex: 0
[INFO] 2025-10-13 12:00:04.373 +0800 o.a.d.s.m.c.IdSlotBasedCommandFetcher:[67] - Fetch commands: 0 success, cost: 0ms, totalSlot: 1, currentSlotIndex: 0
[INFO] 2025-10-13 12:00:04.445 +0800 o.a.d.s.m.r.t.TaskGroupCoordinator:[187] - Success amend TaskGroupQueue status cost: 0/ms
[INFO] 2025-10-13 12:00:04.446 +0800 o.a.d.s.m.r.t.TaskGroupCoordinator:[241] - Success deal with force start TaskGroupQueue cost: 0/ms
[INFO] 2025-10-13 12:00:04.446 +0800 o.a.d.s.m.r.t.TaskGroupCoordinator:[129] - TaskGroupCoordinator round time cost: 0/ms
[INFO] 2025-10-13 12:00:05.386 +0800 o.a.d.s.m.c.IdSlotBasedCommandFetcher:[67] - Fetch commands: 0 success, cost: 0ms, totalSlot: 1, currentSlotIndex: 0
[INFO] 2025-10-13 12:00:06.386 +0800 o.a.d.s.m.c.IdSlotBasedCommandFetcher:[67] - Fetch commands: 0 success, cost: 0ms, totalSlot: 1, currentSlotIndex: 0
[INFO] 2025-10-13 12:00:07.397 +0800 o.a.d.s.m.c.IdSlotBasedCommandFetcher:[67] - Fetch commands: 0 success, cost: 0ms, totalSlot: 1, currentSlotIndex: 0
[INFO] 2025-10-13 12:00:08.398 +0800 o.a.d.s.m.c.IdSlotBasedCommandFetcher:[67] - Fetch commands: 0 success, cost: 0ms, totalSlot: 1, currentSlotIndex: 0
[INFO] 2025-10-13 12:00:09.398 +0800 o.a.d.s.m.c.IdSlotBasedCommandFetcher:[67] - Fetch commands: 0 success, cost: 0ms, totalSlot: 1, currentSlotIndex: 0
[INFO] 2025-10-13 12:00:09.461 +0800 o.a.d.s.m.r.t.TaskGroupCoordinator:[187] - Success amend TaskGroupQueue status cost: 0/ms
[INFO] 2025-10-13 12:00:09.461 +0800 o.a.d.s.m.r.t.TaskGroupCoordinator:[241] - Success deal with force start TaskGroupQueue cost: 0/ms
[INFO] 2025-10-13 12:00:09.461 +0800 o.a.d.s.m.r.t.TaskGroupCoordinator:[129] - TaskGroupCoordinator round time cost: 0/ms
[INFO] 2025-10-13 12:00:10.568 +0800 o.a.d.s.m.c.IdSlotBasedCommandFetcher:[67] - Fetch commands: 0 success, cost: 0ms, totalSlot: 1, currentSlotIndex: 0
[INFO] 2025-10-13 12:00:11.569 +0800 o.a.d.s.m.c.IdSlotBasedCommandFetcher:[67] - Fetch commands: 0 success, cost: 0ms, totalSlot: 1, currentSlotIndex: 0
[INFO] 2025-10-13 12:00:12.569 +0800 o.a.d.s.m.c.IdSlotBasedCommandFetcher:[67] - Fetch commands: 0 success, cost: 0ms, totalSlot: 1, currentSlotIndex: 0
[INFO] 2025-10-13 12:00:13.570 +0800 o.a.d.s.m.c.IdSlotBasedCommandFetcher:[67] - Fetch commands: 0 success, cost: 0ms, totalSlot: 1, currentSlotIndex: 0
[INFO] 2025-10-13 12:00:14.466 +0800 o.a.d.s.m.r.t.TaskGroupCoordinator:[187] - Success amend TaskGroupQueue status cost: 0/ms
[INFO] 2025-10-13 12:00:14.467 +0800 o.a.d.s.m.r.t.TaskGroupCoordinator:[241] - Success deal with force start TaskGroupQueue cost: 0/ms
[INFO] 2025-10-13 12:00:14.467 +0800 o.a.d.s.m.r.t.TaskGroupCoordinator:[129] - TaskGroupCoordinator round time cost: 0/ms
[INFO] 2025-10-13 12:00:14.571 +0800 o.a.d.s.m.c.IdSlotBasedCommandFetcher:[67] - Fetch commands: 0 success, cost: 0ms, totalSlot: 1, currentSlotIndex: 0
[INFO] 2025-10-13 12:00:15.571 +0800 o.a.d.s.m.c.IdSlotBasedCommandFetcher:[67] - Fetch commands: 0 success, cost: 0ms, totalSlot: 1, currentSlotIndex: 0
[INFO] 2025-10-13 12:00:16.572 +0800 o.a.d.s.m.c.IdSlotBasedCommandFetcher:[67] - Fetch commands: 0 success, cost: 0ms, totalSlot: 1, currentSlotIndex: 0
[INFO] 2025-10-13 12:00:17.573 +0800 o.a.d.s.m.c.IdSlotBasedCommandFetcher:[67] - Fetch commands: 0 success, cost: 0ms, totalSlot: 1, currentSlotIndex: 0
[INFO] 2025-10-13 12:00:18.581 +0800 o.a.d.s.m.c.IdSlotBasedCommandFetcher:[67] - Fetch commands: 0 success, cost: 0ms, totalSlot: 1, currentSlotIndex: 0
[INFO] 2025-10-13 12:00:19.472 +0800 o.a.d.s.m.r.t.TaskGroupCoordinator:[187] - Success amend TaskGroupQueue status cost: 0/ms
[INFO] 2025-10-13 12:00:19.473 +0800 o.a.d.s.m.r.t.TaskGroupCoordinator:[241] - Success deal with force start TaskGroupQueue cost: 0/ms
[INFO] 2025-10-13 12:00:19.473 +0800 o.a.d.s.m.r.t.TaskGroupCoordinator:[129] - TaskGroupCoordinator round time cost: 0/ms
[INFO] 2025-10-13 12:00:19.581 +0800 o.a.d.s.m.c.IdSlotBasedCommandFetcher:[67] - Fetch commands: 0 success, cost: 0ms, totalSlot: 1, currentSlotIndex: 0
[INFO] 2025-10-13 12:00:20.594 +0800 o.a.d.s.m.c.IdSlotBasedCommandFetcher:[67] - Fetch commands: 0 success, cost: 0ms, totalSlot: 1, currentSlotIndex: 0
[INFO] 2025-10-13 12:00:21.595 +0800 o.a.d.s.m.c.IdSlotBasedCommandFetcher:[67] - Fetch commands: 0 success, cost: 0ms, totalSlot: 1, currentSlotIndex: 0
[INFO] 2025-10-13 12:00:22.595 +0800 o.a.d.s.m.c.IdSlotBasedCommandFetcher:[67] - Fetch commands: 0 success, cost: 0ms, totalSlot: 1, currentSlotIndex: 0
[INFO] 2025-10-13 12:00:23.723 +0800 o.a.d.s.m.c.IdSlotBasedCommandFetcher:[67] - Fetch commands: 0 success, cost: 1ms, totalSlot: 1, currentSlotIndex: 0
[INFO] 2025-10-13 12:00:24.490 +0800 o.a.d.s.m.r.t.TaskGroupCoordinator:[187] - Success amend TaskGroupQueue status cost: 0/ms
[INFO] 2025-10-13 12:00:24.491 +0800 o.a.d.s.m.r.t.TaskGroupCoordinator:[241] - Success deal with force start TaskGroupQueue cost: 0/ms
[INFO] 2025-10-13 12:00:24.491 +0800 o.a.d.s.m.r.t.TaskGroupCoordinator:[129] - TaskGroupCoordinator round time cost: 0/ms
[INFO] 2025-10-13 12:00:24.797 +0800 o.a.d.s.m.c.IdSlotBasedCommandFetcher:[67] - Fetch commands: 0 success, cost: 0ms, totalSlot: 1, currentSlotIndex: 0
[INFO] 2025-10-13 12:00:25.869 +0800 o.a.d.s.m.c.IdSlotBasedCommandFetcher:[67] - Fetch commands: 0 success, cost: 1ms, totalSlot: 1, currentSlotIndex: 0
[INFO] 2025-10-13 12:00:26.954 +0800 o.a.d.s.m.c.IdSlotBasedCommandFetcher:[67] - Fetch commands: 0 success, cost: 0ms, totalSlot: 1, currentSlotIndex: 0
[INFO] 2025-10-13 12:00:28.090 +0800 o.a.d.s.m.c.IdSlotBasedCommandFetcher:[67] - Fetch commands: 0 success, cost: 0ms, totalSlot: 1, currentSlotIndex: 0
[INFO] 2025-10-13 12:00:29.091 +0800 o.a.d.s.m.c.IdSlotBasedCommandFetcher:[67] - Fetch commands: 0 success, cost: 0ms, totalSlot: 1, currentSlotIndex: 0
[INFO] 2025-10-13 12:00:29.496 +0800 o.a.d.s.m.r.t.TaskGroupCoordinator:[187] - Success amend TaskGroupQueue status cost: 0/ms
[INFO] 2025-10-13 12:00:29.496 +0800 o.a.d.s.m.r.t.TaskGroupCoordinator:[241] - Success deal with force start TaskGroupQueue cost: 0/ms
[INFO] 2025-10-13 12:00:29.497 +0800 o.a.d.s.m.r.t.TaskGroupCoordinator:[129] - TaskGroupCoordinator round time cost: 0/ms
[INFO] 2025-10-13 12:00:30.091 +0800 o.a.d.s.m.c.IdSlotBasedCommandFetcher:[67] - Fetch commands: 0 success, cost: 0ms, totalSlot: 1, currentSlotIndex: 0
[INFO] 2025-10-13 12:00:31.092 +0800 o.a.d.s.m.c.IdSlotBasedCommandFetcher:[67] - Fetch commands: 0 success, cost: 0ms, totalSlot: 1, currentSlotIndex: 0
[INFO] 2025-10-13 12:00:32.093 +0800 o.a.d.s.m.c.IdSlotBasedCommandFetcher:[67] - Fetch commands: 0 success, cost: 0ms, totalSlot: 1, currentSlotIndex: 0
[INFO] 2025-10-13 12:00:33.093 +0800 o.a.d.s.m.c.IdSlotBasedCommandFetcher:[67] - Fetch commands: 0 success, cost: 0ms, totalSlot: 1, currentSlotIndex: 0
[INFO] 2025-10-13 12:00:34.093 +0800 o.a.d.s.m.c.IdSlotBasedCommandFetcher:[67] - Fetch commands: 0 success, cost: 0ms, totalSlot: 1, currentSlotIndex: 0
[INFO] 2025-10-13 12:00:34.501 +0800 o.a.d.s.m.r.t.TaskGroupCoordinator:[187] - Success amend TaskGroupQueue status cost: 0/ms
[INFO] 2025-10-13 12:00:34.501 +0800 o.a.d.s.m.r.t.TaskGroupCoordinator:[241] - Success deal with force start TaskGroupQueue cost: 0/ms
[INFO] 2025-10-13 12:00:34.501 +0800 o.a.d.s.m.r.t.TaskGroupCoordinator:[129] - TaskGroupCoordinator round time cost: 0/ms
[INFO] 2025-10-13 12:00:35.094 +0800 o.a.d.s.m.c.IdSlotBasedCommandFetcher:[67] - Fetch commands: 0 success, cost: 0ms, totalSlot: 1, currentSlotIndex: 0
[INFO] 2025-10-13 12:00:36.095 +0800 o.a.d.s.m.c.IdSlotBasedCommandFetcher:[67] - Fetch commands: 0 success, cost: 0ms, totalSlot: 1, currentSlotIndex: 0
[INFO] 2025-10-13 12:00:37.095 +0800 o.a.d.s.m.c.IdSlotBasedCommandFetcher:[67] - Fetch commands: 0 success, cost: 0ms, totalSlot: 1, currentSlotIndex: 0
[INFO] 2025-10-13 12:00:38.109 +0800 o.a.d.s.m.c.IdSlotBasedCommandFetcher:[67] - Fetch commands: 0 success, cost: 0ms, totalSlot: 1, currentSlotIndex: 0
[INFO] 2025-10-13 12:00:39.110 +0800 o.a.d.s.m.c.IdSlotBasedCommandFetcher:[67] - Fetch commands: 0 success, cost: 0ms, totalSlot: 1, currentSlotIndex: 0
[INFO] 2025-10-13 12:00:39.505 +0800 o.a.d.s.m.r.t.TaskGroupCoordinator:[187] - Success amend TaskGroupQueue status cost: 0/ms
[INFO] 2025-10-13 12:00:39.507 +0800 o.a.d.s.m.r.t.TaskGroupCoordinator:[241] - Success deal with force start TaskGroupQueue cost: 0/ms
[INFO] 2025-10-13 12:00:39.507 +0800 o.a.d.s.m.r.t.TaskGroupCoordinator:[129] - TaskGroupCoordinator round time cost: 0/ms
[INFO] 2025-10-13 12:00:40.110 +0800 o.a.d.s.m.c.IdSlotBasedCommandFetcher:[67] - Fetch commands: 0 success, cost: 0ms, totalSlot: 1, currentSlotIndex: 0
[INFO] 2025-10-13 12:00:41.110 +0800 o.a.d.s.m.c.IdSlotBasedCommandFetcher:[67] - Fetch commands: 0 success, cost: 0ms, totalSlot: 1, currentSlotIndex: 0
[INFO] 2025-10-13 12:00:42.258 +0800 o.a.d.s.m.c.IdSlotBasedCommandFetcher:[67] - Fetch commands: 0 success, cost: 0ms, totalSlot: 1, currentSlotIndex: 0
[INFO] 2025-10-13 12:00:43.331 +0800 o.a.d.s.m.c.IdSlotBasedCommandFetcher:[67] - Fetch commands: 0 success, cost: 0ms, totalSlot: 1, currentSlotIndex: 0
[INFO] 2025-10-13 12:00:44.409 +0800 o.a.d.s.m.c.IdSlotBasedCommandFetcher:[67] - Fetch commands: 0 success, cost: 0ms, totalSlot: 1, currentSlotIndex: 0
[INFO] 2025-10-13 12:00:44.517 +0800 o.a.d.s.m.r.t.TaskGroupCoordinator:[187] - Success amend TaskGroupQueue status cost: 0/ms
[INFO] 2025-10-13 12:00:44.517 +0800 o.a.d.s.m.r.t.TaskGroupCoordinator:[241] - Success deal with force start TaskGroupQueue cost: 0/ms
[INFO] 2025-10-13 12:00:44.517 +0800 o.a.d.s.m.r.t.TaskGroupCoordinator:[129] - TaskGroupCoordinator round time cost: 0/ms
[INFO] 2025-10-13 12:00:45.488 +0800 o.a.d.s.m.c.IdSlotBasedCommandFetcher:[67] - Fetch commands: 0 success, cost: 0ms, totalSlot: 1, currentSlotIndex: 0
[INFO] 2025-10-13 12:00:46.561 +0800 o.a.d.s.m.c.IdSlotBasedCommandFetcher:[67] - Fetch commands: 0 success, cost: 0ms, totalSlot: 1, currentSlotIndex: 0
[INFO] 2025-10-13 12:00:47.639 +0800 o.a.d.s.m.c.IdSlotBasedCommandFetcher:[67] - Fetch commands: 0 success, cost: 0ms, totalSlot: 1, currentSlotIndex: 0
[INFO] 2025-10-13 12:00:48.774 +0800 o.a.d.s.m.c.IdSlotBasedCommandFetcher:[67] - Fetch commands: 0 success, cost: 0ms, totalSlot: 1, currentSlotIndex: 0
[INFO] 2025-10-13 12:00:49.527 +0800 o.a.d.s.m.r.t.TaskGroupCoordinator:[187] - Success amend TaskGroupQueue status cost: 0/ms
[INFO] 2025-10-13 12:00:49.528 +0800 o.a.d.s.m.r.t.TaskGroupCoordinator:[241] - Success deal with force start TaskGroupQueue cost: 0/ms
[INFO] 2025-10-13 12:00:49.528 +0800 o.a.d.s.m.r.t.TaskGroupCoordinator:[129] - TaskGroupCoordinator round time cost: 0/ms
[INFO] 2025-10-13 12:00:49.776 +0800 o.a.d.s.m.c.IdSlotBasedCommandFetcher:[67] - Fetch commands: 0 success, cost: 0ms, totalSlot: 1, currentSlotIndex: 0
[INFO] 2025-10-13 12:00:50.780 +0800 o.a.d.s.m.c.IdSlotBasedCommandFetcher:[67] - Fetch commands: 0 success, cost: 0ms, totalSlot: 1, currentSlotIndex: 0
[INFO] 2025-10-13 12:00:51.781 +0800 o.a.d.s.m.c.IdSlotBasedCommandFetcher:[67] - Fetch commands: 0 success, cost: 0ms, totalSlot: 1, currentSlotIndex: 0
[INFO] 2025-10-13 12:00:52.781 +0800 o.a.d.s.m.c.IdSlotBasedCommandFetcher:[67] - Fetch commands: 0 success, cost: 0ms, totalSlot: 1, currentSlotIndex: 0
[INFO] 2025-10-13 12:00:53.791 +0800 o.a.d.s.m.c.IdSlotBasedCommandFetcher:[67] - Fetch commands: 0 success, cost: 0ms, totalSlot: 1, currentSlotIndex: 0
[INFO] 2025-10-13 12:00:54.539 +0800 o.a.d.s.m.r.t.TaskGroupCoordinator:[187] - Success amend TaskGroupQueue status cost: 0/ms
[INFO] 2025-10-13 12:00:54.539 +0800 o.a.d.s.m.r.t.TaskGroupCoordinator:[241] - Success deal with force start TaskGroupQueue cost: 0/ms
[INFO] 2025-10-13 12:00:54.539 +0800 o.a.d.s.m.r.t.TaskGroupCoordinator:[129] - TaskGroupCoordinator round time cost: 0/ms
[INFO] 2025-10-13 12:00:54.791 +0800 o.a.d.s.m.c.IdSlotBasedCommandFetcher:[67] - Fetch commands: 0 success, cost: 0ms, totalSlot: 1, currentSlotIndex: 0
[INFO] 2025-10-13 12:00:55.803 +0800 o.a.d.s.m.c.IdSlotBasedCommandFetcher:[67] - Fetch commands: 0 success, cost: 0ms, totalSlot: 1, currentSlotIndex: 0
[INFO] 2025-10-13 12:00:56.803 +0800 o.a.d.s.m.c.IdSlotBasedCommandFetcher:[67] - Fetch commands: 0 success, cost: 0ms, totalSlot: 1, currentSlotIndex: 0
[INFO] 2025-10-13 12:00:57.811 +0800 o.a.d.s.m.c.IdSlotBasedCommandFetcher:[67] - Fetch commands: 0 success, cost: 0ms, totalSlot: 1, currentSlotIndex: 0
[INFO] 2025-10-13 12:00:58.811 +0800 o.a.d.s.m.c.IdSlotBasedCommandFetcher:[67] - Fetch commands: 0 success, cost: 0ms, totalSlot: 1, currentSlotIndex: 0
[INFO] 2025-10-13 12:00:59.547 +0800 o.a.d.s.m.r.t.TaskGroupCoordinator:[187] - Success amend TaskGroupQueue status cost: 0/ms
[INFO] 2025-10-13 12:00:59.547 +0800 o.a.d.s.m.r.t.TaskGroupCoordinator:[241] - Success deal with force start TaskGroupQueue cost: 0/ms
[INFO] 2025-10-13 12:00:59.548 +0800 o.a.d.s.m.r.t.TaskGroupCoordinator:[129] - TaskGroupCoordinator round time cost: 0/ms
[INFO] 2025-10-13 12:00:59.811 +0800 o.a.d.s.m.c.IdSlotBasedCommandFetcher:[67] - Fetch commands: 0 success, cost: 0ms, totalSlot: 1, currentSlotIndex: 0
[INFO] 2025-10-13 12:01:00.889 +0800 o.a.d.s.m.c.IdSlotBasedCommandFetcher:[67] - Fetch commands: 0 success, cost: 0ms, totalSlot: 1, currentSlotIndex: 0
[INFO] 2025-10-13 12:01:01.964 +0800 o.a.d.s.m.c.IdSlotBasedCommandFetcher:[67] - Fetch commands: 0 success, cost: 0ms, totalSlot: 1, currentSlotIndex: 0
[INFO] 2025-10-13 12:01:03.037 +0800 o.a.d.s.m.c.IdSlotBasedCommandFetcher:[67] - Fetch commands: 0 success, cost: 0ms, totalSlot: 1, currentSlotIndex: 0
[INFO] 2025-10-13 12:01:04.143 +0800 o.a.d.s.m.c.IdSlotBasedCommandFetcher:[67] - Fetch commands: 0 success, cost: 0ms, totalSlot: 1, currentSlotIndex: 0
[INFO] 2025-10-13 12:01:04.553 +0800 o.a.d.s.m.r.t.TaskGroupCoordinator:[187] - Success amend TaskGroupQueue status cost: 0/ms
[INFO] 2025-10-13 12:01:04.554 +0800 o.a.d.s.m.r.t.TaskGroupCoordinator:[241] - Success deal with force start TaskGroupQueue cost: 0/ms
[INFO] 2025-10-13 12:01:04.554 +0800 o.a.d.s.m.r.t.TaskGroupCoordinator:[129] - TaskGroupCoordinator round time cost: 0/ms
[INFO] 2025-10-13 12:01:05.144 +0800 o.a.d.s.m.c.IdSlotBasedCommandFetcher:[67] - Fetch commands: 0 success, cost: 0ms, totalSlot: 1, currentSlotIndex: 0
[INFO] 2025-10-13 12:01:06.144 +0800 o.a.d.s.m.c.IdSlotBasedCommandFetcher:[67] - Fetch commands: 0 success, cost: 0ms, totalSlot: 1, currentSlotIndex: 0
[INFO] 2025-10-13 12:01:07.144 +0800 o.a.d.s.m.c.IdSlotBasedCommandFetcher:[67] - Fetch commands: 0 success, cost: 0ms, totalSlot: 1, currentSlotIndex: 0
[INFO] 2025-10-13 12:01:08.145 +0800 o.a.d.s.m.c.IdSlotBasedCommandFetcher:[67] - Fetch commands: 0 success, cost: 0ms, totalSlot: 1, currentSlotIndex: 0
[INFO] 2025-10-13 12:01:09.156 +0800 o.a.d.s.m.c.IdSlotBasedCommandFetcher:[67] - Fetch commands: 0 success, cost: 0ms, totalSlot: 1, currentSlotIndex: 0
[INFO] 2025-10-13 12:01:09.559 +0800 o.a.d.s.m.r.t.TaskGroupCoordinator:[187] - Success amend TaskGroupQueue status cost: 0/ms
[INFO] 2025-10-13 12:01:09.559 +0800 o.a.d.s.m.r.t.TaskGroupCoordinator:[241] - Success deal with force start TaskGroupQueue cost: 0/ms
[INFO] 2025-10-13 12:01:09.559 +0800 o.a.d.s.m.r.t.TaskGroupCoordinator:[129] - TaskGroupCoordinator round time cost: 0/ms
[INFO] 2025-10-13 12:01:10.157 +0800 o.a.d.s.m.c.IdSlotBasedCommandFetcher:[67] - Fetch commands: 0 success, cost: 0ms, totalSlot: 1, currentSlotIndex: 0
[INFO] 2025-10-13 12:01:11.162 +0800 o.a.d.s.m.c.IdSlotBasedCommandFetcher:[67] - Fetch commands: 0 success, cost: 0ms, totalSlot: 1, currentSlotIndex: 0
[INFO] 2025-10-13 12:01:12.162 +0800 o.a.d.s.m.c.IdSlotBasedCommandFetcher:[67] - Fetch commands: 0 success, cost: 0ms, totalSlot: 1, currentSlotIndex: 0
[INFO] 2025-10-13 12:01:13.166 +0800 o.a.d.s.m.c.IdSlotBasedCommandFetcher:[67] - Fetch commands: 0 success, cost: 0ms, totalSlot: 1, currentSlotIndex: 0
[INFO] 2025-10-13 12:01:14.168 +0800 o.a.d.s.m.c.IdSlotBasedCommandFetcher:[67] - Fetch commands: 0 success, cost: 0ms, totalSlot: 1, currentSlotIndex: 0
[INFO] 2025-10-13 12:01:14.563 +0800 o.a.d.s.m.r.t.TaskGroupCoordinator:[187] - Success amend TaskGroupQueue status cost: 0/ms
[INFO] 2025-10-13 12:01:14.564 +0800 o.a.d.s.m.r.t.TaskGroupCoordinator:[241] - Success deal with force start TaskGroupQueue cost: 0/ms
[INFO] 2025-10-13 12:01:14.564 +0800 o.a.d.s.m.r.t.TaskGroupCoordinator:[129] - TaskGroupCoordinator round time cost: 0/ms
[INFO] 2025-10-13 12:01:15.168 +0800 o.a.d.s.m.c.IdSlotBasedCommandFetcher:[67] - Fetch commands: 0 success, cost: 0ms, totalSlot: 1, currentSlotIndex: 0
[INFO] 2025-10-13 12:01:16.246 +0800 o.a.d.s.m.c.IdSlotBasedCommandFetcher:[67] - Fetch commands: 0 success, cost: 0ms, totalSlot: 1, currentSlotIndex: 0
[INFO] 2025-10-13 12:01:17.327 +0800 o.a.d.s.m.c.IdSlotBasedCommandFetcher:[67] - Fetch commands: 0 success, cost: 0ms, totalSlot: 1, currentSlotIndex: 0
[INFO] 2025-10-13 12:01:18.433 +0800 o.a.d.s.m.c.IdSlotBasedCommandFetcher:[67] - Fetch commands: 0 success, cost: 0ms, totalSlot: 1, currentSlotIndex: 0
[INFO] 2025-10-13 12:01:19.433 +0800 o.a.d.s.m.c.IdSlotBasedCommandFetcher:[67] - Fetch commands: 0 success, cost: 0ms, totalSlot: 1, currentSlotIndex: 0
[INFO] 2025-10-13 12:01:19.570 +0800 o.a.d.s.m.r.t.TaskGroupCoordinator:[187] - Success amend TaskGroupQueue status cost: 0/ms
[INFO] 2025-10-13 12:01:19.570 +0800 o.a.d.s.m.r.t.TaskGroupCoordinator:[241] - Success deal with force start TaskGroupQueue cost: 0/ms
[INFO] 2025-10-13 12:01:19.570 +0800 o.a.d.s.m.r.t.TaskGroupCoordinator:[129] - TaskGroupCoordinator round time cost: 0/ms
[INFO] 2025-10-13 12:01:20.434 +0800 o.a.d.s.m.c.IdSlotBasedCommandFetcher:[67] - Fetch commands: 0 success, cost: 0ms, totalSlot: 1, currentSlotIndex: 0
[INFO] 2025-10-13 12:01:21.435 +0800 o.a.d.s.m.c.IdSlotBasedCommandFetcher:[67] - Fetch commands: 0 success, cost: 0ms, totalSlot: 1, currentSlotIndex: 0
[INFO] 2025-10-13 12:01:22.436 +0800 o.a.d.s.m.c.IdSlotBasedCommandFetcher:[67] - Fetch commands: 0 success, cost: 0ms, totalSlot: 1, currentSlotIndex: 0
[INFO] 2025-10-13 12:01:23.436 +0800 o.a.d.s.m.c.IdSlotBasedCommandFetcher:[67] - Fetch commands: 0 success, cost: 0ms, totalSlot: 1, currentSlotIndex: 0
[INFO] 2025-10-13 12:01:24.437 +0800 o.a.d.s.m.c.IdSlotBasedCommandFetcher:[67] - Fetch commands: 0 success, cost: 0ms, totalSlot: 1, currentSlotIndex: 0
[INFO] 2025-10-13 12:01:24.574 +0800 o.a.d.s.m.r.t.TaskGroupCoordinator:[187] - Success amend TaskGroupQueue status cost: 0/ms
[INFO] 2025-10-13 12:01:24.574 +0800 o.a.d.s.m.r.t.TaskGroupCoordinator:[241] - Success deal with force start TaskGroupQueue cost: 0/ms
[INFO] 2025-10-13 12:01:24.574 +0800 o.a.d.s.m.r.t.TaskGroupCoordinator:[129] - TaskGroupCoordinator round time cost: 0/ms
[INFO] 2025-10-13 12:01:25.437 +0800 o.a.d.s.m.c.IdSlotBasedCommandFetcher:[67] - Fetch commands: 0 success, cost: 0ms, totalSlot: 1, currentSlotIndex: 0
[INFO] 2025-10-13 12:01:26.438 +0800 o.a.d.s.m.c.IdSlotBasedCommandFetcher:[67] - Fetch commands: 0 success, cost: 0ms, totalSlot: 1, currentSlotIndex: 0
[INFO] 2025-10-13 12:01:27.438 +0800 o.a.d.s.m.c.IdSlotBasedCommandFetcher:[67] - Fetch commands: 0 success, cost: 0ms, totalSlot: 1, currentSlotIndex: 0
[INFO] 2025-10-13 12:01:28.438 +0800 o.a.d.s.m.c.IdSlotBasedCommandFetcher:[67] - Fetch commands: 0 success, cost: 0ms, totalSlot: 1, currentSlotIndex: 0
[INFO] 2025-10-13 12:01:29.439 +0800 o.a.d.s.m.c.IdSlotBasedCommandFetcher:[67] - Fetch commands: 0 success, cost: 0ms, totalSlot: 1, currentSlotIndex: 0
[INFO] 2025-10-13 12:01:29.580 +0800 o.a.d.s.m.r.t.TaskGroupCoordinator:[187] - Success amend TaskGroupQueue status cost: 0/ms
[INFO] 2025-10-13 12:01:29.580 +0800 o.a.d.s.m.r.t.TaskGroupCoordinator:[241] - Success deal with force start TaskGroupQueue cost: 0/ms
[INFO] 2025-10-13 12:01:29.580 +0800 o.a.d.s.m.r.t.TaskGroupCoordinator:[129] - TaskGroupCoordinator round time cost: 0/ms
[INFO] 2025-10-13 12:01:30.439 +0800 o.a.d.s.m.c.IdSlotBasedCommandFetcher:[67] - Fetch commands: 0 success, cost: 0ms, totalSlot: 1, currentSlotIndex: 0
[INFO] 2025-10-13 12:01:31.576 +0800 o.a.d.s.m.c.IdSlotBasedCommandFetcher:[67] - Fetch commands: 0 success, cost: 1ms, totalSlot: 1, currentSlotIndex: 0
[INFO] 2025-10-13 12:01:32.647 +0800 o.a.d.s.m.c.IdSlotBasedCommandFetcher:[67] - Fetch commands: 0 success, cost: 0ms, totalSlot: 1, currentSlotIndex: 0
[INFO] 2025-10-13 12:01:33.715 +0800 o.a.d.s.m.c.IdSlotBasedCommandFetcher:[67] - Fetch commands: 0 success, cost: 0ms, totalSlot: 1, currentSlotIndex: 0
[INFO] 2025-10-13 12:01:34.585 +0800 o.a.d.s.m.r.t.TaskGroupCoordinator:[187] - Success amend TaskGroupQueue status cost: 0/ms
[INFO] 2025-10-13 12:01:34.585 +0800 o.a.d.s.m.r.t.TaskGroupCoordinator:[241] - Success deal with force start TaskGroupQueue cost: 0/ms
[INFO] 2025-10-13 12:01:34.585 +0800 o.a.d.s.m.r.t.TaskGroupCoordinator:[129] - TaskGroupCoordinator round time cost: 0/ms
[INFO] 2025-10-13 12:01:34.789 +0800 o.a.d.s.m.c.IdSlotBasedCommandFetcher:[67] - Fetch commands: 0 success, cost: 0ms, totalSlot: 1, currentSlotIndex: 0
[INFO] 2025-10-13 12:01:35.864 +0800 o.a.d.s.m.c.IdSlotBasedCommandFetcher:[67] - Fetch commands: 0 success, cost: 0ms, totalSlot: 1, currentSlotIndex: 0
[INFO] 2025-10-13 12:01:36.941 +0800 o.a.d.s.m.c.IdSlotBasedCommandFetcher:[67] - Fetch commands: 0 success, cost: 1ms, totalSlot: 1, currentSlotIndex: 0
[INFO] 2025-10-13 12:01:38.059 +0800 o.a.d.s.m.c.IdSlotBasedCommandFetcher:[67] - Fetch commands: 0 success, cost: 0ms, totalSlot: 1, currentSlotIndex: 0
[INFO] 2025-10-13 12:01:39.071 +0800 o.a.d.s.m.c.IdSlotBasedCommandFetcher:[67] - Fetch commands: 0 success, cost: 0ms, totalSlot: 1, currentSlotIndex: 0
[INFO] 2025-10-13 12:01:39.591 +0800 o.a.d.s.m.r.t.TaskGroupCoordinator:[187] - Success amend TaskGroupQueue status cost: 0/ms
[INFO] 2025-10-13 12:01:39.591 +0800 o.a.d.s.m.r.t.TaskGroupCoordinator:[241] - Success deal with force start TaskGroupQueue cost: 0/ms
[INFO] 2025-10-13 12:01:39.591 +0800 o.a.d.s.m.r.t.TaskGroupCoordinator:[129] - TaskGroupCoordinator round time cost: 0/ms
[INFO] 2025-10-13 12:01:40.071 +0800 o.a.d.s.m.c.IdSlotBasedCommandFetcher:[67] - Fetch commands: 0 success, cost: 0ms, totalSlot: 1, currentSlotIndex: 0
[INFO] 2025-10-13 12:01:41.072 +0800 o.a.d.s.m.c.IdSlotBasedCommandFetcher:[67] - Fetch commands: 0 success, cost: 0ms, totalSlot: 1, currentSlotIndex: 0
[INFO] 2025-10-13 12:01:42.072 +0800 o.a.d.s.m.c.IdSlotBasedCommandFetcher:[67] - Fetch commands: 0 success, cost: 0ms, totalSlot: 1, currentSlotIndex: 0
[INFO] 2025-10-13 12:01:43.086 +0800 o.a.d.s.m.c.IdSlotBasedCommandFetcher:[67] - Fetch commands: 0 success, cost: 0ms, totalSlot: 1, currentSlotIndex: 0
[INFO] 2025-10-13 12:01:44.087 +0800 o.a.d.s.m.c.IdSlotBasedCommandFetcher:[67] - Fetch commands: 0 success, cost: 0ms, totalSlot: 1, currentSlotIndex: 0
[INFO] 2025-10-13 12:01:44.600 +0800 o.a.d.s.m.r.t.TaskGroupCoordinator:[187] - Success amend TaskGroupQueue status cost: 0/ms
[INFO] 2025-10-13 12:01:44.600 +0800 o.a.d.s.m.r.t.TaskGroupCoordinator:[241] - Success deal with force start TaskGroupQueue cost: 0/ms
[INFO] 2025-10-13 12:01:44.600 +0800 o.a.d.s.m.r.t.TaskGroupCoordinator:[129] - TaskGroupCoordinator round time cost: 0/ms
[INFO] 2025-10-13 12:01:45.101 +0800 o.a.d.s.m.c.IdSlotBasedCommandFetcher:[67] - Fetch commands: 0 success, cost: 0ms, totalSlot: 1, currentSlotIndex: 0
[INFO] 2025-10-13 12:01:46.101 +0800 o.a.d.s.m.c.IdSlotBasedCommandFetcher:[67] - Fetch commands: 0 success, cost: 0ms, totalSlot: 1, currentSlotIndex: 0
[INFO] 2025-10-13 12:01:47.112 +0800 o.a.d.s.m.c.IdSlotBasedCommandFetcher:[67] - Fetch commands: 0 success, cost: 0ms, totalSlot: 1, currentSlotIndex: 0
[INFO] 2025-10-13 12:01:48.112 +0800 o.a.d.s.m.c.IdSlotBasedCommandFetcher:[67] - Fetch commands: 0 success, cost: 0ms, totalSlot: 1, currentSlotIndex: 0
[INFO] 2025-10-13 12:01:49.113 +0800 o.a.d.s.m.c.IdSlotBasedCommandFetcher:[67] - Fetch commands: 0 success, cost: 0ms, totalSlot: 1, currentSlotIndex: 0
[INFO] 2025-10-13 12:01:49.618 +0800 o.a.d.s.m.r.t.TaskGroupCoordinator:[187] - Success amend TaskGroupQueue status cost: 0/ms
[INFO] 2025-10-13 12:01:49.618 +0800 o.a.d.s.m.r.t.TaskGroupCoordinator:[241] - Success deal with force start TaskGroupQueue cost: 0/ms
[INFO] 2025-10-13 12:01:49.618 +0800 o.a.d.s.m.r.t.TaskGroupCoordinator:[129] - TaskGroupCoordinator round time cost: 0/ms
[INFO] 2025-10-13 12:01:50.212 +0800 o.a.d.s.m.c.IdSlotBasedCommandFetcher:[67] - Fetch commands: 0 success, cost: 0ms, totalSlot: 1, currentSlotIndex: 0
[INFO] 2025-10-13 12:01:51.287 +0800 o.a.d.s.m.c.IdSlotBasedCommandFetcher:[67] - Fetch commands: 0 success, cost: 0ms, totalSlot: 1, currentSlotIndex: 0
[INFO] 2025-10-13 12:01:52.360 +0800 o.a.d.s.m.c.IdSlotBasedCommandFetcher:[67] - Fetch commands: 0 success, cost: 0ms, totalSlot: 1, currentSlotIndex: 0
[INFO] 2025-10-13 12:01:53.428 +0800 o.a.d.s.m.c.IdSlotBasedCommandFetcher:[67] - Fetch commands: 0 success, cost: 1ms, totalSlot: 1, currentSlotIndex: 0
[INFO] 2025-10-13 12:01:54.499 +0800 o.a.d.s.m.c.IdSlotBasedCommandFetcher:[67] - Fetch commands: 0 success, cost: 2ms, totalSlot: 1, currentSlotIndex: 0
[INFO] 2025-10-13 12:01:54.624 +0800 o.a.d.s.m.r.t.TaskGroupCoordinator:[187] - Success amend TaskGroupQueue status cost: 0/ms
[INFO] 2025-10-13 12:01:54.624 +0800 o.a.d.s.m.r.t.TaskGroupCoordinator:[241] - Success deal with force start TaskGroupQueue cost: 0/ms
[INFO] 2025-10-13 12:01:54.624 +0800 o.a.d.s.m.r.t.TaskGroupCoordinator:[129] - TaskGroupCoordinator round time cost: 0/ms
[INFO] 2025-10-13 12:01:55.571 +0800 o.a.d.s.m.c.IdSlotBasedCommandFetcher:[67] - Fetch commands: 0 success, cost: 0ms, totalSlot: 1, currentSlotIndex: 0
[INFO] 2025-10-13 12:01:56.643 +0800 o.a.d.s.m.c.IdSlotBasedCommandFetcher:[67] - Fetch commands: 0 success, cost: 0ms, totalSlot: 1, currentSlotIndex: 0
[INFO] 2025-10-13 12:01:57.791 +0800 o.a.d.s.m.c.IdSlotBasedCommandFetcher:[67] - Fetch commands: 0 success, cost: 0ms, totalSlot: 1, currentSlotIndex: 0
[INFO] 2025-10-13 12:01:58.806 +0800 o.a.d.s.m.c.IdSlotBasedCommandFetcher:[67] - Fetch commands: 0 success, cost: 0ms, totalSlot: 1, currentSlotIndex: 0
[INFO] 2025-10-13 12:01:59.628 +0800 o.a.d.s.m.r.t.TaskGroupCoordinator:[187] - Success amend TaskGroupQueue status cost: 0/ms
[INFO] 2025-10-13 12:01:59.628 +0800 o.a.d.s.m.r.t.TaskGroupCoordinator:[241] - Success deal with force start TaskGroupQueue cost: 0/ms
[INFO] 2025-10-13 12:01:59.628 +0800 o.a.d.s.m.r.t.TaskGroupCoordinator:[129] - TaskGroupCoordinator round time cost: 0/ms
[INFO] 2025-10-13 12:01:59.807 +0800 o.a.d.s.m.c.IdSlotBasedCommandFetcher:[67] - Fetch commands: 0 success, cost: 0ms, totalSlot: 1, currentSlotIndex: 0
[INFO] 2025-10-13 12:02:00.811 +0800 o.a.d.s.m.c.IdSlotBasedCommandFetcher:[67] - Fetch commands: 0 success, cost: 0ms, totalSlot: 1, currentSlotIndex: 0
[INFO] 2025-10-13 12:02:01.812 +0800 o.a.d.s.m.c.IdSlotBasedCommandFetcher:[67] - Fetch commands: 0 success, cost: 0ms, totalSlot: 1, currentSlotIndex: 0
[INFO] 2025-10-13 12:02:02.813 +0800 o.a.d.s.m.c.IdSlotBasedCommandFetcher:[67] - Fetch commands: 0 success, cost: 0ms, totalSlot: 1, currentSlotIndex: 0
[INFO] 2025-10-13 12:02:03.813 +0800 o.a.d.s.m.c.IdSlotBasedCommandFetcher:[67] - Fetch commands: 0 success, cost: 0ms, totalSlot: 1, currentSlotIndex: 0
[INFO] 2025-10-13 12:02:04.644 +0800 o.a.d.s.m.r.t.TaskGroupCoordinator:[187] - Success amend TaskGroupQueue status cost: 0/ms
[INFO] 2025-10-13 12:02:04.644 +0800 o.a.d.s.m.r.t.TaskGroupCoordinator:[241] - Success deal with force start TaskGroupQueue cost: 0/ms
[INFO] 2025-10-13 12:02:04.644 +0800 o.a.d.s.m.r.t.TaskGroupCoordinator:[129] - TaskGroupCoordinator round time cost: 0/ms
[INFO] 2025-10-13 12:02:04.814 +0800 o.a.d.s.m.c.IdSlotBasedCommandFetcher:[67] - Fetch commands: 0 success, cost: 0ms, totalSlot: 1, currentSlotIndex: 0
[INFO] 2025-10-13 12:02:05.814 +0800 o.a.d.s.m.c.IdSlotBasedCommandFetcher:[67] - Fetch commands: 0 success, cost: 0ms, totalSlot: 1, currentSlotIndex: 0
[INFO] 2025-10-13 12:02:06.825 +0800 o.a.d.s.m.c.IdSlotBasedCommandFetcher:[67] - Fetch commands: 0 success, cost: 0ms, totalSlot: 1, currentSlotIndex: 0
[INFO] 2025-10-13 12:02:07.825 +0800 o.a.d.s.m.c.IdSlotBasedCommandFetcher:[67] - Fetch commands: 0 success, cost: 0ms, totalSlot: 1, currentSlotIndex: 0
[INFO] 2025-10-13 12:02:08.825 +0800 o.a.d.s.m.c.IdSlotBasedCommandFetcher:[67] - Fetch commands: 0 success, cost: 0ms, totalSlot: 1, currentSlotIndex: 0
[INFO] 2025-10-13 12:02:09.650 +0800 o.a.d.s.m.r.t.TaskGroupCoordinator:[187] - Success amend TaskGroupQueue status cost: 0/ms
[INFO] 2025-10-13 12:02:09.650 +0800 o.a.d.s.m.r.t.TaskGroupCoordinator:[241] - Success deal with force start TaskGroupQueue cost: 0/ms
[INFO] 2025-10-13 12:02:09.650 +0800 o.a.d.s.m.r.t.TaskGroupCoordinator:[129] - TaskGroupCoordinator round time cost: 0/ms
[INFO] 2025-10-13 12:02:09.827 +0800 o.a.d.s.m.c.IdSlotBasedCommandFetcher:[67] - Fetch commands: 0 success, cost: 0ms, totalSlot: 1, currentSlotIndex: 0
[INFO] 2025-10-13 12:02:10.827 +0800 o.a.d.s.m.c.IdSlotBasedCommandFetcher:[67] - Fetch commands: 0 success, cost: 0ms, totalSlot: 1, currentSlotIndex: 0
[INFO] 2025-10-13 12:02:12.052 +0800 o.a.d.s.m.c.IdSlotBasedCommandFetcher:[67] - Fetch commands: 0 success, cost: 0ms, totalSlot: 1, currentSlotIndex: 0
[INFO] 2025-10-13 12:02:13.052 +0800 o.a.d.s.m.c.IdSlotBasedCommandFetcher:[67] - Fetch commands: 0 success, cost: 0ms, totalSlot: 1, currentSlotIndex: 0
[INFO] 2025-10-13 12:02:14.053 +0800 o.a.d.s.m.c.IdSlotBasedCommandFetcher:[67] - Fetch commands: 0 success, cost: 0ms, totalSlot: 1, currentSlotIndex: 0
[INFO] 2025-10-13 12:02:14.655 +0800 o.a.d.s.m.r.t.TaskGroupCoordinator:[187] - Success amend TaskGroupQueue status cost: 0/ms
[INFO] 2025-10-13 12:02:14.655 +0800 o.a.d.s.m.r.t.TaskGroupCoordinator:[241] - Success deal with force start TaskGroupQueue cost: 0/ms
[INFO] 2025-10-13 12:02:14.655 +0800 o.a.d.s.m.r.t.TaskGroupCoordinator:[129] - TaskGroupCoordinator round time cost: 0/ms
[INFO] 2025-10-13 12:02:15.053 +0800 o.a.d.s.m.c.IdSlotBasedCommandFetcher:[67] - Fetch commands: 0 success, cost: 0ms, totalSlot: 1, currentSlotIndex: 0
[INFO] 2025-10-13 12:02:16.053 +0800 o.a.d.s.m.c.IdSlotBasedCommandFetcher:[67] - Fetch commands: 0 success, cost: 0ms, totalSlot: 1, currentSlotIndex: 0
[INFO] 2025-10-13 12:02:17.054 +0800 o.a.d.s.m.c.IdSlotBasedCommandFetcher:[67] - Fetch commands: 0 success, cost: 0ms, totalSlot: 1, currentSlotIndex: 0
[INFO] 2025-10-13 12:02:18.054 +0800 o.a.d.s.m.c.IdSlotBasedCommandFetcher:[67] - Fetch commands: 0 success, cost: 0ms, totalSlot: 1, currentSlotIndex: 0
[INFO] 2025-10-13 12:02:19.054 +0800 o.a.d.s.m.c.IdSlotBasedCommandFetcher:[67] - Fetch commands: 0 success, cost: 0ms, totalSlot: 1, currentSlotIndex: 0
[INFO] 2025-10-13 12:02:19.659 +0800 o.a.d.s.m.r.t.TaskGroupCoordinator:[187] - Success amend TaskGroupQueue status cost: 0/ms
[INFO] 2025-10-13 12:02:19.660 +0800 o.a.d.s.m.r.t.TaskGroupCoordinator:[241] - Success deal with force start TaskGroupQueue cost: 0/ms
[INFO] 2025-10-13 12:02:19.660 +0800 o.a.d.s.m.r.t.TaskGroupCoordinator:[129] - TaskGroupCoordinator round time cost: 0/ms
[INFO] 2025-10-13 12:02:20.055 +0800 o.a.d.s.m.c.IdSlotBasedCommandFetcher:[67] - Fetch commands: 0 success, cost: 0ms, totalSlot: 1, currentSlotIndex: 0
[INFO] 2025-10-13 12:02:21.056 +0800 o.a.d.s.m.c.IdSlotBasedCommandFetcher:[67] - Fetch commands: 0 success, cost: 0ms, totalSlot: 1, currentSlotIndex: 0
[INFO] 2025-10-13 12:02:22.056 +0800 o.a.d.s.m.c.IdSlotBasedCommandFetcher:[67] - Fetch commands: 0 success, cost: 0ms, totalSlot: 1, currentSlotIndex: 0
[INFO] 2025-10-13 12:02:23.056 +0800 o.a.d.s.m.c.IdSlotBasedCommandFetcher:[67] - Fetch commands: 0 success, cost: 0ms, totalSlot: 1, currentSlotIndex: 0
[INFO] 2025-10-13 12:02:24.057 +0800 o.a.d.s.m.c.IdSlotBasedCommandFetcher:[67] - Fetch commands: 0 success, cost: 0ms, totalSlot: 1, currentSlotIndex: 0
[INFO] 2025-10-13 12:02:24.665 +0800 o.a.d.s.m.r.t.TaskGroupCoordinator:[187] - Success amend TaskGroupQueue status cost: 0/ms
[INFO] 2025-10-13 12:02:24.665 +0800 o.a.d.s.m.r.t.TaskGroupCoordinator:[241] - Success deal with force start TaskGroupQueue cost: 0/ms
[INFO] 2025-10-13 12:02:24.665 +0800 o.a.d.s.m.r.t.TaskGroupCoordinator:[129] - TaskGroupCoordinator round time cost: 0/ms
[INFO] 2025-10-13 12:02:25.057 +0800 o.a.d.s.m.c.IdSlotBasedCommandFetcher:[67] - Fetch commands: 0 success, cost: 0ms, totalSlot: 1, currentSlotIndex: 0
[INFO] 2025-10-13 12:02:26.058 +0800 o.a.d.s.m.c.IdSlotBasedCommandFetcher:[67] - Fetch commands: 0 success, cost: 0ms, totalSlot: 1, currentSlotIndex: 0
[INFO] 2025-10-13 12:02:27.262 +0800 o.a.d.s.m.c.IdSlotBasedCommandFetcher:[67] - Fetch commands: 0 success, cost: 0ms, totalSlot: 1, currentSlotIndex: 0
[INFO] 2025-10-13 12:02:28.263 +0800 o.a.d.s.m.c.IdSlotBasedCommandFetcher:[67] - Fetch commands: 0 success, cost: 0ms, totalSlot: 1, currentSlotIndex: 0
[INFO] 2025-10-13 12:02:29.263 +0800 o.a.d.s.m.c.IdSlotBasedCommandFetcher:[67] - Fetch commands: 0 success, cost: 0ms, totalSlot: 1, currentSlotIndex: 0
[INFO] 2025-10-13 12:02:29.670 +0800 o.a.d.s.m.r.t.TaskGroupCoordinator:[187] - Success amend TaskGroupQueue status cost: 0/ms
[INFO] 2025-10-13 12:02:29.670 +0800 o.a.d.s.m.r.t.TaskGroupCoordinator:[241] - Success deal with force start TaskGroupQueue cost: 0/ms
[INFO] 2025-10-13 12:02:29.670 +0800 o.a.d.s.m.r.t.TaskGroupCoordinator:[129] - TaskGroupCoordinator round time cost: 0/ms
[INFO] 2025-10-13 12:02:30.264 +0800 o.a.d.s.m.c.IdSlotBasedCommandFetcher:[67] - Fetch commands: 0 success, cost: 0ms, totalSlot: 1, currentSlotIndex: 0
[INFO] 2025-10-13 12:02:31.264 +0800 o.a.d.s.m.c.IdSlotBasedCommandFetcher:[67] - Fetch commands: 0 success, cost: 0ms, totalSlot: 1, currentSlotIndex: 0
[INFO] 2025-10-13 12:02:32.264 +0800 o.a.d.s.m.c.IdSlotBasedCommandFetcher:[67] - Fetch commands: 0 success, cost: 0ms, totalSlot: 1, currentSlotIndex: 0
[INFO] 2025-10-13 12:02:33.265 +0800 o.a.d.s.m.c.IdSlotBasedCommandFetcher:[67] - Fetch commands: 0 success, cost: 0ms, totalSlot: 1, currentSlotIndex: 0
[INFO] 2025-10-13 12:02:34.265 +0800 o.a.d.s.m.c.IdSlotBasedCommandFetcher:[67] - Fetch commands: 0 success, cost: 0ms, totalSlot: 1, currentSlotIndex: 0
[INFO] 2025-10-13 12:02:34.677 +0800 o.a.d.s.m.r.t.TaskGroupCoordinator:[187] - Success amend TaskGroupQueue status cost: 0/ms
[INFO] 2025-10-13 12:02:34.677 +0800 o.a.d.s.m.r.t.TaskGroupCoordinator:[241] - Success deal with force start TaskGroupQueue cost: 0/ms
[INFO] 2025-10-13 12:02:34.677 +0800 o.a.d.s.m.r.t.TaskGroupCoordinator:[129] - TaskGroupCoordinator round time cost: 0/ms
[INFO] 2025-10-13 12:02:35.266 +0800 o.a.d.s.m.c.IdSlotBasedCommandFetcher:[67] - Fetch commands: 0 success, cost: 0ms, totalSlot: 1, currentSlotIndex: 0
[INFO] 2025-10-13 12:02:36.266 +0800 o.a.d.s.m.c.IdSlotBasedCommandFetcher:[67] - Fetch commands: 0 success, cost: 0ms, totalSlot: 1, currentSlotIndex: 0
[INFO] 2025-10-13 12:02:37.267 +0800 o.a.d.s.m.c.IdSlotBasedCommandFetcher:[67] - Fetch commands: 0 success, cost: 0ms, totalSlot: 1, currentSlotIndex: 0
[INFO] 2025-10-13 12:02:38.267 +0800 o.a.d.s.m.c.IdSlotBasedCommandFetcher:[67] - Fetch commands: 0 success, cost: 0ms, totalSlot: 1, currentSlotIndex: 0
[INFO] 2025-10-13 12:02:39.275 +0800 o.a.d.s.m.c.IdSlotBasedCommandFetcher:[67] - Fetch commands: 0 success, cost: 0ms, totalSlot: 1, currentSlotIndex: 0
[INFO] 2025-10-13 12:02:39.682 +0800 o.a.d.s.m.r.t.TaskGroupCoordinator:[187] - Success amend TaskGroupQueue status cost: 0/ms
[INFO] 2025-10-13 12:02:39.682 +0800 o.a.d.s.m.r.t.TaskGroupCoordinator:[241] - Success deal with force start TaskGroupQueue cost: 0/ms
[INFO] 2025-10-13 12:02:39.682 +0800 o.a.d.s.m.r.t.TaskGroupCoordinator:[129] - TaskGroupCoordinator round time cost: 0/ms
[INFO] 2025-10-13 12:02:40.276 +0800 o.a.d.s.m.c.IdSlotBasedCommandFetcher:[67] - Fetch commands: 0 success, cost: 0ms, totalSlot: 1, currentSlotIndex: 0
[INFO] 2025-10-13 12:02:41.276 +0800 o.a.d.s.m.c.IdSlotBasedCommandFetcher:[67] - Fetch commands: 0 success, cost: 0ms, totalSlot: 1, currentSlotIndex: 0
[INFO] 2025-10-13 12:02:42.276 +0800 o.a.d.s.m.c.IdSlotBasedCommandFetcher:[67] - Fetch commands: 0 success, cost: 0ms, totalSlot: 1, currentSlotIndex: 0
[INFO] 2025-10-13 12:02:43.277 +0800 o.a.d.s.m.c.IdSlotBasedCommandFetcher:[67] - Fetch commands: 0 success, cost: 0ms, totalSlot: 1, currentSlotIndex: 0
[INFO] 2025-10-13 12:02:44.281 +0800 o.a.d.s.m.c.IdSlotBasedCommandFetcher:[67] - Fetch commands: 0 success, cost: 0ms, totalSlot: 1, currentSlotIndex: 0
[INFO] 2025-10-13 12:02:44.690 +0800 o.a.d.s.m.r.t.TaskGroupCoordinator:[187] - Success amend TaskGroupQueue status cost: 0/ms
[INFO] 2025-10-13 12:02:44.690 +0800 o.a.d.s.m.r.t.TaskGroupCoordinator:[241] - Success deal with force start TaskGroupQueue cost: 0/ms
[INFO] 2025-10-13 12:02:44.690 +0800 o.a.d.s.m.r.t.TaskGroupCoordinator:[129] - TaskGroupCoordinator round time cost: 0/ms
[INFO] 2025-10-13 12:02:45.282 +0800 o.a.d.s.m.c.IdSlotBasedCommandFetcher:[67] - Fetch commands: 0 success, cost: 0ms, totalSlot: 1, currentSlotIndex: 0
[INFO] 2025-10-13 12:02:46.287 +0800 o.a.d.s.m.c.IdSlotBasedCommandFetcher:[67] - Fetch commands: 0 success, cost: 0ms, totalSlot: 1, currentSlotIndex: 0
[INFO] 2025-10-13 12:02:47.289 +0800 o.a.d.s.m.c.IdSlotBasedCommandFetcher:[67] - Fetch commands: 0 success, cost: 0ms, totalSlot: 1, currentSlotIndex: 0
[INFO] 2025-10-13 12:02:48.289 +0800 o.a.d.s.m.c.IdSlotBasedCommandFetcher:[67] - Fetch commands: 0 success, cost: 0ms, totalSlot: 1, currentSlotIndex: 0
[INFO] 2025-10-13 12:02:49.289 +0800 o.a.d.s.m.c.IdSlotBasedCommandFetcher:[67] - Fetch commands: 0 success, cost: 0ms, totalSlot: 1, currentSlotIndex: 0
[INFO] 2025-10-13 12:02:49.694 +0800 o.a.d.s.m.r.t.TaskGroupCoordinator:[187] - Success amend TaskGroupQueue status cost: 0/ms
[INFO] 2025-10-13 12:02:49.696 +0800 o.a.d.s.m.r.t.TaskGroupCoordinator:[241] - Success deal with force start TaskGroupQueue cost: 0/ms
[INFO] 2025-10-13 12:02:49.696 +0800 o.a.d.s.m.r.t.TaskGroupCoordinator:[129] - TaskGroupCoordinator round time cost: 0/ms
[INFO] 2025-10-13 12:02:50.289 +0800 o.a.d.s.m.c.IdSlotBasedCommandFetcher:[67] - Fetch commands: 0 success, cost: 0ms, totalSlot: 1, currentSlotIndex: 0
[INFO] 2025-10-13 12:02:51.289 +0800 o.a.d.s.m.c.IdSlotBasedCommandFetcher:[67] - Fetch commands: 0 success, cost: 0ms, totalSlot: 1, currentSlotIndex: 0
[INFO] 2025-10-13 12:02:52.289 +0800 o.a.d.s.m.c.IdSlotBasedCommandFetcher:[67] - Fetch commands: 0 success, cost: 0ms, totalSlot: 1, currentSlotIndex: 0
[INFO] 2025-10-13 12:02:53.289 +0800 o.a.d.s.m.c.IdSlotBasedCommandFetcher:[67] - Fetch commands: 0 success, cost: 0ms, totalSlot: 1, currentSlotIndex: 0
[INFO] 2025-10-13 12:02:54.289 +0800 o.a.d.s.m.c.IdSlotBasedCommandFetcher:[67] - Fetch commands: 0 success, cost: 0ms, totalSlot: 1, currentSlotIndex: 0
[INFO] 2025-10-13 12:02:54.700 +0800 o.a.d.s.m.r.t.TaskGroupCoordinator:[187] - Success amend TaskGroupQueue status cost: 0/ms
[INFO] 2025-10-13 12:02:54.700 +0800 o.a.d.s.m.r.t.TaskGroupCoordinator:[241] - Success deal with force start TaskGroupQueue cost: 0/ms
[INFO] 2025-10-13 12:02:54.700 +0800 o.a.d.s.m.r.t.TaskGroupCoordinator:[129] - TaskGroupCoordinator round time cost: 0/ms
[INFO] 2025-10-13 12:02:55.290 +0800 o.a.d.s.m.c.IdSlotBasedCommandFetcher:[67] - Fetch commands: 0 success, cost: 0ms, totalSlot: 1, currentSlotIndex: 0
[INFO] 2025-10-13 12:02:56.542 +0800 o.a.d.s.m.c.IdSlotBasedCommandFetcher:[67] - Fetch commands: 0 success, cost: 0ms, totalSlot: 1, currentSlotIndex: 0
[INFO] 2025-10-13 12:02:57.615 +0800 o.a.d.s.m.c.IdSlotBasedCommandFetcher:[67] - Fetch commands: 0 success, cost: 0ms, totalSlot: 1, currentSlotIndex: 0
[INFO] 2025-10-13 12:02:58.697 +0800 o.a.d.s.m.c.IdSlotBasedCommandFetcher:[67] - Fetch commands: 0 success, cost: 0ms, totalSlot: 1, currentSlotIndex: 0
[INFO] 2025-10-13 12:02:59.704 +0800 o.a.d.s.m.r.t.TaskGroupCoordinator:[187] - Success amend TaskGroupQueue status cost: 0/ms
[INFO] 2025-10-13 12:02:59.704 +0800 o.a.d.s.m.r.t.TaskGroupCoordinator:[241] - Success deal with force start TaskGroupQueue cost: 0/ms
[INFO] 2025-10-13 12:02:59.704 +0800 o.a.d.s.m.r.t.TaskGroupCoordinator:[129] - TaskGroupCoordinator round time cost: 0/ms
[INFO] 2025-10-13 12:02:59.767 +0800 o.a.d.s.m.c.IdSlotBasedCommandFetcher:[67] - Fetch commands: 0 success, cost: 0ms, totalSlot: 1, currentSlotIndex: 0
[INFO] 2025-10-13 12:03:00.838 +0800 o.a.d.s.m.c.IdSlotBasedCommandFetcher:[67] - Fetch commands: 0 success, cost: 0ms, totalSlot: 1, currentSlotIndex: 0
[INFO] 2025-10-13 12:03:01.907 +0800 o.a.d.s.m.c.IdSlotBasedCommandFetcher:[67] - Fetch commands: 0 success, cost: 0ms, totalSlot: 1, currentSlotIndex: 0
[INFO] 2025-10-13 12:03:02.976 +0800 o.a.d.s.m.c.IdSlotBasedCommandFetcher:[67] - Fetch commands: 0 success, cost: 0ms, totalSlot: 1, currentSlotIndex: 0
[INFO] 2025-10-13 12:03:04.045 +0800 o.a.d.s.m.c.IdSlotBasedCommandFetcher:[67] - Fetch commands: 0 success, cost: 0ms, totalSlot: 1, currentSlotIndex: 0
[INFO] 2025-10-13 12:03:04.709 +0800 o.a.d.s.m.r.t.TaskGroupCoordinator:[187] - Success amend TaskGroupQueue status cost: 0/ms
[INFO] 2025-10-13 12:03:04.709 +0800 o.a.d.s.m.r.t.TaskGroupCoordinator:[241] - Success deal with force start TaskGroupQueue cost: 0/ms
[INFO] 2025-10-13 12:03:04.709 +0800 o.a.d.s.m.r.t.TaskGroupCoordinator:[129] - TaskGroupCoordinator round time cost: 0/ms
[INFO] 2025-10-13 12:03:05.128 +0800 o.a.d.s.m.c.IdSlotBasedCommandFetcher:[67] - Fetch commands: 0 success, cost: 1ms, totalSlot: 1, currentSlotIndex: 0
[INFO] 2025-10-13 12:03:06.198 +0800 o.a.d.s.m.c.IdSlotBasedCommandFetcher:[67] - Fetch commands: 0 success, cost: 0ms, totalSlot: 1, currentSlotIndex: 0
[INFO] 2025-10-13 12:03:07.272 +0800 o.a.d.s.m.c.IdSlotBasedCommandFetcher:[67] - Fetch commands: 0 success, cost: 0ms, totalSlot: 1, currentSlotIndex: 0
[INFO] 2025-10-13 12:03:08.342 +0800 o.a.d.s.m.c.IdSlotBasedCommandFetcher:[67] - Fetch commands: 0 success, cost: 0ms, totalSlot: 1, currentSlotIndex: 0
[INFO] 2025-10-13 12:03:09.418 +0800 o.a.d.s.m.c.IdSlotBasedCommandFetcher:[67] - Fetch commands: 0 success, cost: 0ms, totalSlot: 1, currentSlotIndex: 0
[INFO] 2025-10-13 12:03:09.714 +0800 o.a.d.s.m.r.t.TaskGroupCoordinator:[187] - Success amend TaskGroupQueue status cost: 0/ms
[INFO] 2025-10-13 12:03:09.714 +0800 o.a.d.s.m.r.t.TaskGroupCoordinator:[241] - Success deal with force start TaskGroupQueue cost: 0/ms
[INFO] 2025-10-13 12:03:09.714 +0800 o.a.d.s.m.r.t.TaskGroupCoordinator:[129] - TaskGroupCoordinator round time cost: 0/ms
[INFO] 2025-10-13 12:03:10.494 +0800 o.a.d.s.m.c.IdSlotBasedCommandFetcher:[67] - Fetch commands: 0 success, cost: 0ms, totalSlot: 1, currentSlotIndex: 0
[INFO] 2025-10-13 12:03:11.696 +0800 o.a.d.s.m.c.IdSlotBasedCommandFetcher:[67] - Fetch commands: 0 success, cost: 0ms, totalSlot: 1, currentSlotIndex: 0
[INFO] 2025-10-13 12:03:12.697 +0800 o.a.d.s.m.c.IdSlotBasedCommandFetcher:[67] - Fetch commands: 0 success, cost: 0ms, totalSlot: 1, currentSlotIndex: 0
[INFO] 2025-10-13 12:03:13.697 +0800 o.a.d.s.m.c.IdSlotBasedCommandFetcher:[67] - Fetch commands: 0 success, cost: 0ms, totalSlot: 1, currentSlotIndex: 0
[INFO] 2025-10-13 12:03:14.698 +0800 o.a.d.s.m.c.IdSlotBasedCommandFetcher:[67] - Fetch commands: 0 success, cost: 0ms, totalSlot: 1, currentSlotIndex: 0
[INFO] 2025-10-13 12:03:14.719 +0800 o.a.d.s.m.r.t.TaskGroupCoordinator:[187] - Success amend TaskGroupQueue status cost: 0/ms
[INFO] 2025-10-13 12:03:14.719 +0800 o.a.d.s.m.r.t.TaskGroupCoordinator:[241] - Success deal with force start TaskGroupQueue cost: 0/ms
[INFO] 2025-10-13 12:03:14.719 +0800 o.a.d.s.m.r.t.TaskGroupCoordinator:[129] - TaskGroupCoordinator round time cost: 0/ms
[INFO] 2025-10-13 12:03:15.698 +0800 o.a.d.s.m.c.IdSlotBasedCommandFetcher:[67] - Fetch commands: 0 success, cost: 0ms, totalSlot: 1, currentSlotIndex: 0
[INFO] 2025-10-13 12:03:16.705 +0800 o.a.d.s.m.c.IdSlotBasedCommandFetcher:[67] - Fetch commands: 0 success, cost: 0ms, totalSlot: 1, currentSlotIndex: 0
[INFO] 2025-10-13 12:03:17.706 +0800 o.a.d.s.m.c.IdSlotBasedCommandFetcher:[67] - Fetch commands: 0 success, cost: 0ms, totalSlot: 1, currentSlotIndex: 0
[INFO] 2025-10-13 12:03:18.706 +0800 o.a.d.s.m.c.IdSlotBasedCommandFetcher:[67] - Fetch commands: 0 success, cost: 0ms, totalSlot: 1, currentSlotIndex: 0
[INFO] 2025-10-13 12:03:19.707 +0800 o.a.d.s.m.c.IdSlotBasedCommandFetcher:[67] - Fetch commands: 0 success, cost: 0ms, totalSlot: 1, currentSlotIndex: 0
[INFO] 2025-10-13 12:03:19.724 +0800 o.a.d.s.m.r.t.TaskGroupCoordinator:[187] - Success amend TaskGroupQueue status cost: 0/ms
[INFO] 2025-10-13 12:03:19.724 +0800 o.a.d.s.m.r.t.TaskGroupCoordinator:[241] - Success deal with force start TaskGroupQueue cost: 0/ms
[INFO] 2025-10-13 12:03:19.725 +0800 o.a.d.s.m.r.t.TaskGroupCoordinator:[129] - TaskGroupCoordinator round time cost: 0/ms
[INFO] 2025-10-13 12:03:20.707 +0800 o.a.d.s.m.c.IdSlotBasedCommandFetcher:[67] - Fetch commands: 0 success, cost: 0ms, totalSlot: 1, currentSlotIndex: 0
[INFO] 2025-10-13 12:03:21.707 +0800 o.a.d.s.m.c.IdSlotBasedCommandFetcher:[67] - Fetch commands: 0 success, cost: 0ms, totalSlot: 1, currentSlotIndex: 0
[INFO] 2025-10-13 12:03:22.708 +0800 o.a.d.s.m.c.IdSlotBasedCommandFetcher:[67] - Fetch commands: 0 success, cost: 0ms, totalSlot: 1, currentSlotIndex: 0
[INFO] 2025-10-13 12:03:23.708 +0800 o.a.d.s.m.c.IdSlotBasedCommandFetcher:[67] - Fetch commands: 0 success, cost: 0ms, totalSlot: 1, currentSlotIndex: 0
[INFO] 2025-10-13 12:03:24.709 +0800 o.a.d.s.m.c.IdSlotBasedCommandFetcher:[67] - Fetch commands: 0 success, cost: 0ms, totalSlot: 1, currentSlotIndex: 0
[INFO] 2025-10-13 12:03:24.729 +0800 o.a.d.s.m.r.t.TaskGroupCoordinator:[187] - Success amend TaskGroupQueue status cost: 0/ms
[INFO] 2025-10-13 12:03:24.729 +0800 o.a.d.s.m.r.t.TaskGroupCoordinator:[241] - Success deal with force start TaskGroupQueue cost: 0/ms
[INFO] 2025-10-13 12:03:24.730 +0800 o.a.d.s.m.r.t.TaskGroupCoordinator:[129] - TaskGroupCoordinator round time cost: 0/ms
[INFO] 2025-10-13 12:03:25.868 +0800 o.a.d.s.m.c.IdSlotBasedCommandFetcher:[67] - Fetch commands: 0 success, cost: 0ms, totalSlot: 1, currentSlotIndex: 0
[INFO] 2025-10-13 12:03:26.869 +0800 o.a.d.s.m.c.IdSlotBasedCommandFetcher:[67] - Fetch commands: 0 success, cost: 0ms, totalSlot: 1, currentSlotIndex: 0
[INFO] 2025-10-13 12:03:27.870 +0800 o.a.d.s.m.c.IdSlotBasedCommandFetcher:[67] - Fetch commands: 0 success, cost: 0ms, totalSlot: 1, currentSlotIndex: 0
[INFO] 2025-10-13 12:03:28.873 +0800 o.a.d.s.m.c.IdSlotBasedCommandFetcher:[67] - Fetch commands: 0 success, cost: 0ms, totalSlot: 1, currentSlotIndex: 0
[INFO] 2025-10-13 12:03:29.734 +0800 o.a.d.s.m.r.t.TaskGroupCoordinator:[187] - Success amend TaskGroupQueue status cost: 0/ms
[INFO] 2025-10-13 12:03:29.735 +0800 o.a.d.s.m.r.t.TaskGroupCoordinator:[241] - Success deal with force start TaskGroupQueue cost: 0/ms
[INFO] 2025-10-13 12:03:29.735 +0800 o.a.d.s.m.r.t.TaskGroupCoordinator:[129] - TaskGroupCoordinator round time cost: 0/ms
[INFO] 2025-10-13 12:03:29.880 +0800 o.a.d.s.m.c.IdSlotBasedCommandFetcher:[67] - Fetch commands: 0 success, cost: 0ms, totalSlot: 1, currentSlotIndex: 0
[INFO] 2025-10-13 12:03:30.880 +0800 o.a.d.s.m.c.IdSlotBasedCommandFetcher:[67] - Fetch commands: 0 success, cost: 0ms, totalSlot: 1, currentSlotIndex: 0
[INFO] 2025-10-13 12:03:31.880 +0800 o.a.d.s.m.c.IdSlotBasedCommandFetcher:[67] - Fetch commands: 0 success, cost: 0ms, totalSlot: 1, currentSlotIndex: 0
[INFO] 2025-10-13 12:03:32.881 +0800 o.a.d.s.m.c.IdSlotBasedCommandFetcher:[67] - Fetch commands: 0 success, cost: 0ms, totalSlot: 1, currentSlotIndex: 0
[INFO] 2025-10-13 12:03:33.882 +0800 o.a.d.s.m.c.IdSlotBasedCommandFetcher:[67] - Fetch commands: 0 success, cost: 0ms, totalSlot: 1, currentSlotIndex: 0
[INFO] 2025-10-13 12:03:34.747 +0800 o.a.d.s.m.r.t.TaskGroupCoordinator:[187] - Success amend TaskGroupQueue status cost: 0/ms
[INFO] 2025-10-13 12:03:34.747 +0800 o.a.d.s.m.r.t.TaskGroupCoordinator:[241] - Success deal with force start TaskGroupQueue cost: 0/ms
[INFO] 2025-10-13 12:03:34.747 +0800 o.a.d.s.m.r.t.TaskGroupCoordinator:[129] - TaskGroupCoordinator round time cost: 0/ms
[INFO] 2025-10-13 12:03:34.882 +0800 o.a.d.s.m.c.IdSlotBasedCommandFetcher:[67] - Fetch commands: 0 success, cost: 0ms, totalSlot: 1, currentSlotIndex: 0
[INFO] 2025-10-13 12:03:35.888 +0800 o.a.d.s.m.c.IdSlotBasedCommandFetcher:[67] - Fetch commands: 0 success, cost: 0ms, totalSlot: 1, currentSlotIndex: 0
[INFO] 2025-10-13 12:03:36.889 +0800 o.a.d.s.m.c.IdSlotBasedCommandFetcher:[67] - Fetch commands: 0 success, cost: 0ms, totalSlot: 1, currentSlotIndex: 0
[INFO] 2025-10-13 12:03:37.889 +0800 o.a.d.s.m.c.IdSlotBasedCommandFetcher:[67] - Fetch commands: 0 success, cost: 0ms, totalSlot: 1, currentSlotIndex: 0
[INFO] 2025-10-13 12:03:38.890 +0800 o.a.d.s.m.c.IdSlotBasedCommandFetcher:[67] - Fetch commands: 0 success, cost: 0ms, totalSlot: 1, currentSlotIndex: 0
[INFO] 2025-10-13 12:03:39.751 +0800 o.a.d.s.m.r.t.TaskGroupCoordinator:[187] - Success amend TaskGroupQueue status cost: 0/ms
[INFO] 2025-10-13 12:03:39.753 +0800 o.a.d.s.m.r.t.TaskGroupCoordinator:[241] - Success deal with force start TaskGroupQueue cost: 0/ms
[INFO] 2025-10-13 12:03:39.753 +0800 o.a.d.s.m.r.t.TaskGroupCoordinator:[129] - TaskGroupCoordinator round time cost: 0/ms
[INFO] 2025-10-13 12:03:40.094 +0800 o.a.d.s.m.c.IdSlotBasedCommandFetcher:[67] - Fetch commands: 0 success, cost: 1ms, totalSlot: 1, currentSlotIndex: 0
[INFO] 2025-10-13 12:03:41.094 +0800 o.a.d.s.m.c.IdSlotBasedCommandFetcher:[67] - Fetch commands: 0 success, cost: 0ms, totalSlot: 1, currentSlotIndex: 0
[INFO] 2025-10-13 12:03:42.095 +0800 o.a.d.s.m.c.IdSlotBasedCommandFetcher:[67] - Fetch commands: 0 success, cost: 0ms, totalSlot: 1, currentSlotIndex: 0
[INFO] 2025-10-13 12:03:43.095 +0800 o.a.d.s.m.c.IdSlotBasedCommandFetcher:[67] - Fetch commands: 0 success, cost: 0ms, totalSlot: 1, currentSlotIndex: 0
[INFO] 2025-10-13 12:03:44.096 +0800 o.a.d.s.m.c.IdSlotBasedCommandFetcher:[67] - Fetch commands: 0 success, cost: 0ms, totalSlot: 1, currentSlotIndex: 0
[INFO] 2025-10-13 12:03:44.763 +0800 o.a.d.s.m.r.t.TaskGroupCoordinator:[187] - Success amend TaskGroupQueue status cost: 0/ms
[INFO] 2025-10-13 12:03:44.763 +0800 o.a.d.s.m.r.t.TaskGroupCoordinator:[241] - Success deal with force start TaskGroupQueue cost: 0/ms
[INFO] 2025-10-13 12:03:44.763 +0800 o.a.d.s.m.r.t.TaskGroupCoordinator:[129] - TaskGroupCoordinator round time cost: 0/ms
[INFO] 2025-10-13 12:03:45.096 +0800 o.a.d.s.m.c.IdSlotBasedCommandFetcher:[67] - Fetch commands: 0 success, cost: 0ms, totalSlot: 1, currentSlotIndex: 0
[INFO] 2025-10-13 12:03:46.097 +0800 o.a.d.s.m.c.IdSlotBasedCommandFetcher:[67] - Fetch commands: 0 success, cost: 0ms, totalSlot: 1, currentSlotIndex: 0
[INFO] 2025-10-13 12:03:47.097 +0800 o.a.d.s.m.c.IdSlotBasedCommandFetcher:[67] - Fetch commands: 0 success, cost: 0ms, totalSlot: 1, currentSlotIndex: 0
[INFO] 2025-10-13 12:03:48.098 +0800 o.a.d.s.m.c.IdSlotBasedCommandFetcher:[67] - Fetch commands: 0 success, cost: 0ms, totalSlot: 1, currentSlotIndex: 0
[INFO] 2025-10-13 12:03:49.099 +0800 o.a.d.s.m.c.IdSlotBasedCommandFetcher:[67] - Fetch commands: 0 success, cost: 0ms, totalSlot: 1, currentSlotIndex: 0
[INFO] 2025-10-13 12:03:49.768 +0800 o.a.d.s.m.r.t.TaskGroupCoordinator:[187] - Success amend TaskGroupQueue status cost: 0/ms
[INFO] 2025-10-13 12:03:49.768 +0800 o.a.d.s.m.r.t.TaskGroupCoordinator:[241] - Success deal with force start TaskGroupQueue cost: 0/ms
[INFO] 2025-10-13 12:03:49.768 +0800 o.a.d.s.m.r.t.TaskGroupCoordinator:[129] - TaskGroupCoordinator round time cost: 0/ms
[INFO] 2025-10-13 12:03:50.100 +0800 o.a.d.s.m.c.IdSlotBasedCommandFetcher:[67] - Fetch commands: 0 success, cost: 0ms, totalSlot: 1, currentSlotIndex: 0
[INFO] 2025-10-13 12:03:51.101 +0800 o.a.d.s.m.c.IdSlotBasedCommandFetcher:[67] - Fetch commands: 0 success, cost: 0ms, totalSlot: 1, currentSlotIndex: 0
[INFO] 2025-10-13 12:03:52.102 +0800 o.a.d.s.m.c.IdSlotBasedCommandFetcher:[67] - Fetch commands: 0 success, cost: 0ms, totalSlot: 1, currentSlotIndex: 0
[INFO] 2025-10-13 12:03:53.103 +0800 o.a.d.s.m.c.IdSlotBasedCommandFetcher:[67] - Fetch commands: 0 success, cost: 0ms, totalSlot: 1, currentSlotIndex: 0
[INFO] 2025-10-13 12:03:54.304 +0800 o.a.d.s.m.c.IdSlotBasedCommandFetcher:[67] - Fetch commands: 0 success, cost: 0ms, totalSlot: 1, currentSlotIndex: 0
[INFO] 2025-10-13 12:03:54.772 +0800 o.a.d.s.m.r.t.TaskGroupCoordinator:[187] - Success amend TaskGroupQueue status cost: 0/ms
[INFO] 2025-10-13 12:03:54.772 +0800 o.a.d.s.m.r.t.TaskGroupCoordinator:[241] - Success deal with force start TaskGroupQueue cost: 0/ms
[INFO] 2025-10-13 12:03:54.772 +0800 o.a.d.s.m.r.t.TaskGroupCoordinator:[129] - TaskGroupCoordinator round time cost: 0/ms
[INFO] 2025-10-13 12:03:55.379 +0800 o.a.d.s.m.c.IdSlotBasedCommandFetcher:[67] - Fetch commands: 0 success, cost: 0ms, totalSlot: 1, currentSlotIndex: 0
[INFO] 2025-10-13 12:03:56.446 +0800 o.a.d.s.m.c.IdSlotBasedCommandFetcher:[67] - Fetch commands: 0 success, cost: 0ms, totalSlot: 1, currentSlotIndex: 0
[INFO] 2025-10-13 12:03:57.523 +0800 o.a.d.s.m.c.IdSlotBasedCommandFetcher:[67] - Fetch commands: 0 success, cost: 0ms, totalSlot: 1, currentSlotIndex: 0
[INFO] 2025-10-13 12:03:58.600 +0800 o.a.d.s.m.c.IdSlotBasedCommandFetcher:[67] - Fetch commands: 0 success, cost: 0ms, totalSlot: 1, currentSlotIndex: 0
[INFO] 2025-10-13 12:03:59.667 +0800 o.a.d.s.m.c.IdSlotBasedCommandFetcher:[67] - Fetch commands: 0 success, cost: 0ms, totalSlot: 1, currentSlotIndex: 0
[INFO] 2025-10-13 12:03:59.775 +0800 o.a.d.s.m.r.t.TaskGroupCoordinator:[187] - Success amend TaskGroupQueue status cost: 0/ms
[INFO] 2025-10-13 12:03:59.775 +0800 o.a.d.s.m.r.t.TaskGroupCoordinator:[241] - Success deal with force start TaskGroupQueue cost: 0/ms
[INFO] 2025-10-13 12:03:59.775 +0800 o.a.d.s.m.r.t.TaskGroupCoordinator:[129] - TaskGroupCoordinator round time cost: 0/ms
[INFO] 2025-10-13 12:04:00.739 +0800 o.a.d.s.m.c.IdSlotBasedCommandFetcher:[67] - Fetch commands: 0 success, cost: 0ms, totalSlot: 1, currentSlotIndex: 0
[INFO] 2025-10-13 12:04:01.818 +0800 o.a.d.s.m.c.IdSlotBasedCommandFetcher:[67] - Fetch commands: 0 success, cost: 0ms, totalSlot: 1, currentSlotIndex: 0
[INFO] 2025-10-13 12:04:02.886 +0800 o.a.d.s.m.c.IdSlotBasedCommandFetcher:[67] - Fetch commands: 0 success, cost: 0ms, totalSlot: 1, currentSlotIndex: 0
[INFO] 2025-10-13 12:04:03.958 +0800 o.a.d.s.m.c.IdSlotBasedCommandFetcher:[67] - Fetch commands: 0 success, cost: 0ms, totalSlot: 1, currentSlotIndex: 0
[INFO] 2025-10-13 12:04:04.780 +0800 o.a.d.s.m.r.t.TaskGroupCoordinator:[187] - Success amend TaskGroupQueue status cost: 0/ms
[INFO] 2025-10-13 12:04:04.780 +0800 o.a.d.s.m.r.t.TaskGroupCoordinator:[241] - Success deal with force start TaskGroupQueue cost: 0/ms
[INFO] 2025-10-13 12:04:04.780 +0800 o.a.d.s.m.r.t.TaskGroupCoordinator:[129] - TaskGroupCoordinator round time cost: 0/ms
[INFO] 2025-10-13 12:04:05.035 +0800 o.a.d.s.m.c.IdSlotBasedCommandFetcher:[67] - Fetch commands: 0 success, cost: 0ms, totalSlot: 1, currentSlotIndex: 0
[INFO] 2025-10-13 12:04:06.191 +0800 o.a.d.s.m.c.IdSlotBasedCommandFetcher:[67] - Fetch commands: 0 success, cost: 0ms, totalSlot: 1, currentSlotIndex: 0
[INFO] 2025-10-13 12:04:07.412 +0800 o.a.d.s.m.c.IdSlotBasedCommandFetcher:[67] - Fetch commands: 0 success, cost: 0ms, totalSlot: 1, currentSlotIndex: 0
[INFO] 2025-10-13 12:04:08.412 +0800 o.a.d.s.m.c.IdSlotBasedCommandFetcher:[67] - Fetch commands: 0 success, cost: 0ms, totalSlot: 1, currentSlotIndex: 0
[INFO] 2025-10-13 12:04:09.413 +0800 o.a.d.s.m.c.IdSlotBasedCommandFetcher:[67] - Fetch commands: 0 success, cost: 0ms, totalSlot: 1, currentSlotIndex: 0
[INFO] 2025-10-13 12:04:09.797 +0800 o.a.d.s.m.r.t.TaskGroupCoordinator:[187] - Success amend TaskGroupQueue status cost: 0/ms
[INFO] 2025-10-13 12:04:09.797 +0800 o.a.d.s.m.r.t.TaskGroupCoordinator:[241] - Success deal with force start TaskGroupQueue cost: 0/ms
[INFO] 2025-10-13 12:04:09.797 +0800 o.a.d.s.m.r.t.TaskGroupCoordinator:[129] - TaskGroupCoordinator round time cost: 0/ms
[INFO] 2025-10-13 12:04:10.414 +0800 o.a.d.s.m.c.IdSlotBasedCommandFetcher:[67] - Fetch commands: 0 success, cost: 0ms, totalSlot: 1, currentSlotIndex: 0
[INFO] 2025-10-13 12:04:11.414 +0800 o.a.d.s.m.c.IdSlotBasedCommandFetcher:[67] - Fetch commands: 0 success, cost: 0ms, totalSlot: 1, currentSlotIndex: 0
[INFO] 2025-10-13 12:04:12.414 +0800 o.a.d.s.m.c.IdSlotBasedCommandFetcher:[67] - Fetch commands: 0 success, cost: 0ms, totalSlot: 1, currentSlotIndex: 0
[INFO] 2025-10-13 12:04:13.415 +0800 o.a.d.s.m.c.IdSlotBasedCommandFetcher:[67] - Fetch commands: 0 success, cost: 0ms, totalSlot: 1, currentSlotIndex: 0
[INFO] 2025-10-13 12:04:14.416 +0800 o.a.d.s.m.c.IdSlotBasedCommandFetcher:[67] - Fetch commands: 0 success, cost: 0ms, totalSlot: 1, currentSlotIndex: 0
[INFO] 2025-10-13 12:04:14.802 +0800 o.a.d.s.m.r.t.TaskGroupCoordinator:[187] - Success amend TaskGroupQueue status cost: 0/ms
[INFO] 2025-10-13 12:04:14.802 +0800 o.a.d.s.m.r.t.TaskGroupCoordinator:[241] - Success deal with force start TaskGroupQueue cost: 0/ms
[INFO] 2025-10-13 12:04:14.802 +0800 o.a.d.s.m.r.t.TaskGroupCoordinator:[129] - TaskGroupCoordinator round time cost: 0/ms
[INFO] 2025-10-13 12:04:15.416 +0800 o.a.d.s.m.c.IdSlotBasedCommandFetcher:[67] - Fetch commands: 0 success, cost: 0ms, totalSlot: 1, currentSlotIndex: 0
[INFO] 2025-10-13 12:04:16.418 +0800 o.a.d.s.m.c.IdSlotBasedCommandFetcher:[67] - Fetch commands: 0 success, cost: 0ms, totalSlot: 1, currentSlotIndex: 0
[INFO] 2025-10-13 12:04:17.418 +0800 o.a.d.s.m.c.IdSlotBasedCommandFetcher:[67] - Fetch commands: 0 success, cost: 0ms, totalSlot: 1, currentSlotIndex: 0
[INFO] 2025-10-13 12:04:18.419 +0800 o.a.d.s.m.c.IdSlotBasedCommandFetcher:[67] - Fetch commands: 0 success, cost: 0ms, totalSlot: 1, currentSlotIndex: 0
[INFO] 2025-10-13 12:04:19.419 +0800 o.a.d.s.m.c.IdSlotBasedCommandFetcher:[67] - Fetch commands: 0 success, cost: 0ms, totalSlot: 1, currentSlotIndex: 0
[INFO] 2025-10-13 12:04:19.806 +0800 o.a.d.s.m.r.t.TaskGroupCoordinator:[187] - Success amend TaskGroupQueue status cost: 0/ms
[INFO] 2025-10-13 12:04:19.806 +0800 o.a.d.s.m.r.t.TaskGroupCoordinator:[241] - Success deal with force start TaskGroupQueue cost: 0/ms
[INFO] 2025-10-13 12:04:19.806 +0800 o.a.d.s.m.r.t.TaskGroupCoordinator:[129] - TaskGroupCoordinator round time cost: 0/ms
[INFO] 2025-10-13 12:04:20.419 +0800 o.a.d.s.m.c.IdSlotBasedCommandFetcher:[67] - Fetch commands: 0 success, cost: 0ms, totalSlot: 1, currentSlotIndex: 0
[INFO] 2025-10-13 12:04:21.578 +0800 o.a.d.s.m.c.IdSlotBasedCommandFetcher:[67] - Fetch commands: 0 success, cost: 0ms, totalSlot: 1, currentSlotIndex: 0
[INFO] 2025-10-13 12:04:22.578 +0800 o.a.d.s.m.c.IdSlotBasedCommandFetcher:[67] - Fetch commands: 0 success, cost: 0ms, totalSlot: 1, currentSlotIndex: 0
[INFO] 2025-10-13 12:04:23.579 +0800 o.a.d.s.m.c.IdSlotBasedCommandFetcher:[67] - Fetch commands: 0 success, cost: 0ms, totalSlot: 1, currentSlotIndex: 0
[INFO] 2025-10-13 12:04:24.580 +0800 o.a.d.s.m.c.IdSlotBasedCommandFetcher:[67] - Fetch commands: 0 success, cost: 0ms, totalSlot: 1, currentSlotIndex: 0
[INFO] 2025-10-13 12:04:24.810 +0800 o.a.d.s.m.r.t.TaskGroupCoordinator:[187] - Success amend TaskGroupQueue status cost: 0/ms
[INFO] 2025-10-13 12:04:24.811 +0800 o.a.d.s.m.r.t.TaskGroupCoordinator:[241] - Success deal with force start TaskGroupQueue cost: 0/ms
[INFO] 2025-10-13 12:04:24.811 +0800 o.a.d.s.m.r.t.TaskGroupCoordinator:[129] - TaskGroupCoordinator round time cost: 0/ms
[INFO] 2025-10-13 12:04:25.581 +0800 o.a.d.s.m.c.IdSlotBasedCommandFetcher:[67] - Fetch commands: 0 success, cost: 0ms, totalSlot: 1, currentSlotIndex: 0
[INFO] 2025-10-13 12:04:26.582 +0800 o.a.d.s.m.c.IdSlotBasedCommandFetcher:[67] - Fetch commands: 0 success, cost: 0ms, totalSlot: 1, currentSlotIndex: 0
[INFO] 2025-10-13 12:04:27.582 +0800 o.a.d.s.m.c.IdSlotBasedCommandFetcher:[67] - Fetch commands: 0 success, cost: 0ms, totalSlot: 1, currentSlotIndex: 0
[INFO] 2025-10-13 12:04:28.585 +0800 o.a.d.s.m.c.IdSlotBasedCommandFetcher:[67] - Fetch commands: 0 success, cost: 0ms, totalSlot: 1, currentSlotIndex: 0
[INFO] 2025-10-13 12:04:29.586 +0800 o.a.d.s.m.c.IdSlotBasedCommandFetcher:[67] - Fetch commands: 0 success, cost: 0ms, totalSlot: 1, currentSlotIndex: 0
[INFO] 2025-10-13 12:04:29.816 +0800 o.a.d.s.m.r.t.TaskGroupCoordinator:[187] - Success amend TaskGroupQueue status cost: 0/ms
[INFO] 2025-10-13 12:04:29.816 +0800 o.a.d.s.m.r.t.TaskGroupCoordinator:[241] - Success deal with force start TaskGroupQueue cost: 0/ms
[INFO] 2025-10-13 12:04:29.816 +0800 o.a.d.s.m.r.t.TaskGroupCoordinator:[129] - TaskGroupCoordinator round time cost: 0/ms
[INFO] 2025-10-13 12:04:30.586 +0800 o.a.d.s.m.c.IdSlotBasedCommandFetcher:[67] - Fetch commands: 0 success, cost: 0ms, totalSlot: 1, currentSlotIndex: 0
[INFO] 2025-10-13 12:04:31.601 +0800 o.a.d.s.m.c.IdSlotBasedCommandFetcher:[67] - Fetch commands: 0 success, cost: 0ms, totalSlot: 1, currentSlotIndex: 0
[INFO] 2025-10-13 12:04:32.602 +0800 o.a.d.s.m.c.IdSlotBasedCommandFetcher:[67] - Fetch commands: 0 success, cost: 0ms, totalSlot: 1, currentSlotIndex: 0
[INFO] 2025-10-13 12:04:33.609 +0800 o.a.d.s.m.c.IdSlotBasedCommandFetcher:[67] - Fetch commands: 0 success, cost: 0ms, totalSlot: 1, currentSlotIndex: 0
[INFO] 2025-10-13 12:04:34.616 +0800 o.a.d.s.m.c.IdSlotBasedCommandFetcher:[67] - Fetch commands: 0 success, cost: 0ms, totalSlot: 1, currentSlotIndex: 0
[INFO] 2025-10-13 12:04:34.821 +0800 o.a.d.s.m.r.t.TaskGroupCoordinator:[187] - Success amend TaskGroupQueue status cost: 0/ms
[INFO] 2025-10-13 12:04:34.821 +0800 o.a.d.s.m.r.t.TaskGroupCoordinator:[241] - Success deal with force start TaskGroupQueue cost: 0/ms
[INFO] 2025-10-13 12:04:34.821 +0800 o.a.d.s.m.r.t.TaskGroupCoordinator:[129] - TaskGroupCoordinator round time cost: 0/ms
[INFO] 2025-10-13 12:04:35.738 +0800 o.a.d.s.m.c.IdSlotBasedCommandFetcher:[67] - Fetch commands: 0 success, cost: 0ms, totalSlot: 1, currentSlotIndex: 0
[INFO] 2025-10-13 12:04:36.822 +0800 o.a.d.s.m.c.IdSlotBasedCommandFetcher:[67] - Fetch commands: 0 success, cost: 0ms, totalSlot: 1, currentSlotIndex: 0
[INFO] 2025-10-13 12:04:37.897 +0800 o.a.d.s.m.c.IdSlotBasedCommandFetcher:[67] - Fetch commands: 0 success, cost: 0ms, totalSlot: 1, currentSlotIndex: 0
[INFO] 2025-10-13 12:04:38.969 +0800 o.a.d.s.m.c.IdSlotBasedCommandFetcher:[67] - Fetch commands: 0 success, cost: 0ms, totalSlot: 1, currentSlotIndex: 0
[INFO] 2025-10-13 12:04:39.827 +0800 o.a.d.s.m.r.t.TaskGroupCoordinator:[187] - Success amend TaskGroupQueue status cost: 0/ms
[INFO] 2025-10-13 12:04:39.827 +0800 o.a.d.s.m.r.t.TaskGroupCoordinator:[241] - Success deal with force start TaskGroupQueue cost: 0/ms
[INFO] 2025-10-13 12:04:39.827 +0800 o.a.d.s.m.r.t.TaskGroupCoordinator:[129] - TaskGroupCoordinator round time cost: 0/ms
[INFO] 2025-10-13 12:04:40.041 +0800 o.a.d.s.m.c.IdSlotBasedCommandFetcher:[67] - Fetch commands: 0 success, cost: 0ms, totalSlot: 1, currentSlotIndex: 0
[INFO] 2025-10-13 12:04:41.111 +0800 o.a.d.s.m.c.IdSlotBasedCommandFetcher:[67] - Fetch commands: 0 success, cost: 0ms, totalSlot: 1, currentSlotIndex: 0
[INFO] 2025-10-13 12:04:42.182 +0800 o.a.d.s.m.c.IdSlotBasedCommandFetcher:[67] - Fetch commands: 0 success, cost: 0ms, totalSlot: 1, currentSlotIndex: 0
[INFO] 2025-10-13 12:04:43.254 +0800 o.a.d.s.m.c.IdSlotBasedCommandFetcher:[67] - Fetch commands: 0 success, cost: 0ms, totalSlot: 1, currentSlotIndex: 0
[INFO] 2025-10-13 12:04:44.324 +0800 o.a.d.s.m.c.IdSlotBasedCommandFetcher:[67] - Fetch commands: 0 success, cost: 0ms, totalSlot: 1, currentSlotIndex: 0
[INFO] 2025-10-13 12:04:44.838 +0800 o.a.d.s.m.r.t.TaskGroupCoordinator:[187] - Success amend TaskGroupQueue status cost: 0/ms
[INFO] 2025-10-13 12:04:44.838 +0800 o.a.d.s.m.r.t.TaskGroupCoordinator:[241] - Success deal with force start TaskGroupQueue cost: 0/ms
[INFO] 2025-10-13 12:04:44.838 +0800 o.a.d.s.m.r.t.TaskGroupCoordinator:[129] - TaskGroupCoordinator round time cost: 0/ms
[INFO] 2025-10-13 12:04:45.393 +0800 o.a.d.s.m.c.IdSlotBasedCommandFetcher:[67] - Fetch commands: 0 success, cost: 0ms, totalSlot: 1, currentSlotIndex: 0
[INFO] 2025-10-13 12:04:46.467 +0800 o.a.d.s.m.c.IdSlotBasedCommandFetcher:[67] - Fetch commands: 0 success, cost: 0ms, totalSlot: 1, currentSlotIndex: 0
[INFO] 2025-10-13 12:04:47.544 +0800 o.a.d.s.m.c.IdSlotBasedCommandFetcher:[67] - Fetch commands: 0 success, cost: 0ms, totalSlot: 1, currentSlotIndex: 0
[INFO] 2025-10-13 12:04:48.544 +0800 o.a.d.s.m.c.IdSlotBasedCommandFetcher:[67] - Fetch commands: 0 success, cost: 0ms, totalSlot: 1, currentSlotIndex: 0
[INFO] 2025-10-13 12:04:49.544 +0800 o.a.d.s.m.c.IdSlotBasedCommandFetcher:[67] - Fetch commands: 0 success, cost: 0ms, totalSlot: 1, currentSlotIndex: 0
[INFO] 2025-10-13 12:04:49.842 +0800 o.a.d.s.m.r.t.TaskGroupCoordinator:[187] - Success amend TaskGroupQueue status cost: 0/ms
[INFO] 2025-10-13 12:04:49.842 +0800 o.a.d.s.m.r.t.TaskGroupCoordinator:[241] - Success deal with force start TaskGroupQueue cost: 0/ms
[INFO] 2025-10-13 12:04:49.842 +0800 o.a.d.s.m.r.t.TaskGroupCoordinator:[129] - TaskGroupCoordinator round time cost: 0/ms
[INFO] 2025-10-13 12:04:50.544 +0800 o.a.d.s.m.c.IdSlotBasedCommandFetcher:[67] - Fetch commands: 0 success, cost: 0ms, totalSlot: 1, currentSlotIndex: 0
[INFO] 2025-10-13 12:04:51.544 +0800 o.a.d.s.m.c.IdSlotBasedCommandFetcher:[67] - Fetch commands: 0 success, cost: 0ms, totalSlot: 1, currentSlotIndex: 0
[INFO] 2025-10-13 12:04:52.545 +0800 o.a.d.s.m.c.IdSlotBasedCommandFetcher:[67] - Fetch commands: 0 success, cost: 0ms, totalSlot: 1, currentSlotIndex: 0
[INFO] 2025-10-13 12:04:53.545 +0800 o.a.d.s.m.c.IdSlotBasedCommandFetcher:[67] - Fetch commands: 0 success, cost: 0ms, totalSlot: 1, currentSlotIndex: 0
[INFO] 2025-10-13 12:04:54.545 +0800 o.a.d.s.m.c.IdSlotBasedCommandFetcher:[67] - Fetch commands: 0 success, cost: 0ms, totalSlot: 1, currentSlotIndex: 0
[INFO] 2025-10-13 12:04:54.847 +0800 o.a.d.s.m.r.t.TaskGroupCoordinator:[187] - Success amend TaskGroupQueue status cost: 0/ms
[INFO] 2025-10-13 12:04:54.847 +0800 o.a.d.s.m.r.t.TaskGroupCoordinator:[241] - Success deal with force start TaskGroupQueue cost: 0/ms
[INFO] 2025-10-13 12:04:54.847 +0800 o.a.d.s.m.r.t.TaskGroupCoordinator:[129] - TaskGroupCoordinator round time cost: 0/ms
[INFO] 2025-10-13 12:04:55.546 +0800 o.a.d.s.m.c.IdSlotBasedCommandFetcher:[67] - Fetch commands: 0 success, cost: 0ms, totalSlot: 1, currentSlotIndex: 0
[INFO] 2025-10-13 12:04:56.546 +0800 o.a.d.s.m.c.IdSlotBasedCommandFetcher:[67] - Fetch commands: 0 success, cost: 0ms, totalSlot: 1, currentSlotIndex: 0
[INFO] 2025-10-13 12:04:57.547 +0800 o.a.d.s.m.c.IdSlotBasedCommandFetcher:[67] - Fetch commands: 0 success, cost: 0ms, totalSlot: 1, currentSlotIndex: 0
[INFO] 2025-10-13 12:04:58.547 +0800 o.a.d.s.m.c.IdSlotBasedCommandFetcher:[67] - Fetch commands: 0 success, cost: 0ms, totalSlot: 1, currentSlotIndex: 0
[INFO] 2025-10-13 12:04:59.547 +0800 o.a.d.s.m.c.IdSlotBasedCommandFetcher:[67] - Fetch commands: 0 success, cost: 0ms, totalSlot: 1, currentSlotIndex: 0
[INFO] 2025-10-13 12:04:59.855 +0800 o.a.d.s.m.r.t.TaskGroupCoordinator:[187] - Success amend TaskGroupQueue status cost: 0/ms
[INFO] 2025-10-13 12:04:59.855 +0800 o.a.d.s.m.r.t.TaskGroupCoordinator:[241] - Success deal with force start TaskGroupQueue cost: 0/ms
[INFO] 2025-10-13 12:04:59.855 +0800 o.a.d.s.m.r.t.TaskGroupCoordinator:[129] - TaskGroupCoordinator round time cost: 0/ms
[INFO] 2025-10-13 12:05:00.560 +0800 o.a.d.s.m.c.IdSlotBasedCommandFetcher:[67] - Fetch commands: 0 success, cost: 0ms, totalSlot: 1, currentSlotIndex: 0
[INFO] 2025-10-13 12:05:01.767 +0800 o.a.d.s.m.c.IdSlotBasedCommandFetcher:[67] - Fetch commands: 0 success, cost: 0ms, totalSlot: 1, currentSlotIndex: 0
[INFO] 2025-10-13 12:05:02.768 +0800 o.a.d.s.m.c.IdSlotBasedCommandFetcher:[67] - Fetch commands: 0 success, cost: 0ms, totalSlot: 1, currentSlotIndex: 0
[INFO] 2025-10-13 12:05:03.783 +0800 o.a.d.s.m.c.IdSlotBasedCommandFetcher:[67] - Fetch commands: 0 success, cost: 0ms, totalSlot: 1, currentSlotIndex: 0
[INFO] 2025-10-13 12:05:04.783 +0800 o.a.d.s.m.c.IdSlotBasedCommandFetcher:[67] - Fetch commands: 0 success, cost: 0ms, totalSlot: 1, currentSlotIndex: 0
[INFO] 2025-10-13 12:05:04.875 +0800 o.a.d.s.m.r.t.TaskGroupCoordinator:[187] - Success amend TaskGroupQueue status cost: 0/ms
[INFO] 2025-10-13 12:05:04.875 +0800 o.a.d.s.m.r.t.TaskGroupCoordinator:[241] - Success deal with force start TaskGroupQueue cost: 0/ms
[INFO] 2025-10-13 12:05:04.875 +0800 o.a.d.s.m.r.t.TaskGroupCoordinator:[129] - TaskGroupCoordinator round time cost: 0/ms
[INFO] 2025-10-13 12:05:05.797 +0800 o.a.d.s.m.c.IdSlotBasedCommandFetcher:[67] - Fetch commands: 0 success, cost: 0ms, totalSlot: 1, currentSlotIndex: 0
[INFO] 2025-10-13 12:05:06.798 +0800 o.a.d.s.m.c.IdSlotBasedCommandFetcher:[67] - Fetch commands: 0 success, cost: 0ms, totalSlot: 1, currentSlotIndex: 0
[INFO] 2025-10-13 12:05:07.804 +0800 o.a.d.s.m.c.IdSlotBasedCommandFetcher:[67] - Fetch commands: 0 success, cost: 0ms, totalSlot: 1, currentSlotIndex: 0
[INFO] 2025-10-13 12:05:08.804 +0800 o.a.d.s.m.c.IdSlotBasedCommandFetcher:[67] - Fetch commands: 0 success, cost: 0ms, totalSlot: 1, currentSlotIndex: 0
[INFO] 2025-10-13 12:05:09.804 +0800 o.a.d.s.m.c.IdSlotBasedCommandFetcher:[67] - Fetch commands: 0 success, cost: 0ms, totalSlot: 1, currentSlotIndex: 0
[INFO] 2025-10-13 12:05:09.879 +0800 o.a.d.s.m.r.t.TaskGroupCoordinator:[187] - Success amend TaskGroupQueue status cost: 0/ms
[INFO] 2025-10-13 12:05:09.879 +0800 o.a.d.s.m.r.t.TaskGroupCoordinator:[241] - Success deal with force start TaskGroupQueue cost: 0/ms
[INFO] 2025-10-13 12:05:09.879 +0800 o.a.d.s.m.r.t.TaskGroupCoordinator:[129] - TaskGroupCoordinator round time cost: 0/ms
[INFO] 2025-10-13 12:05:10.805 +0800 o.a.d.s.m.c.IdSlotBasedCommandFetcher:[67] - Fetch commands: 0 success, cost: 0ms, totalSlot: 1, currentSlotIndex: 0
[INFO] 2025-10-13 12:05:11.805 +0800 o.a.d.s.m.c.IdSlotBasedCommandFetcher:[67] - Fetch commands: 0 success, cost: 0ms, totalSlot: 1, currentSlotIndex: 0
[INFO] 2025-10-13 12:05:12.805 +0800 o.a.d.s.m.c.IdSlotBasedCommandFetcher:[67] - Fetch commands: 0 success, cost: 0ms, totalSlot: 1, currentSlotIndex: 0
[INFO] 2025-10-13 12:05:13.806 +0800 o.a.d.s.m.c.IdSlotBasedCommandFetcher:[67] - Fetch commands: 0 success, cost: 0ms, totalSlot: 1, currentSlotIndex: 0
[INFO] 2025-10-13 12:05:14.806 +0800 o.a.d.s.m.c.IdSlotBasedCommandFetcher:[67] - Fetch commands: 0 success, cost: 0ms, totalSlot: 1, currentSlotIndex: 0
[INFO] 2025-10-13 12:05:14.888 +0800 o.a.d.s.m.r.t.TaskGroupCoordinator:[187] - Success amend TaskGroupQueue status cost: 0/ms
[INFO] 2025-10-13 12:05:14.888 +0800 o.a.d.s.m.r.t.TaskGroupCoordinator:[241] - Success deal with force start TaskGroupQueue cost: 0/ms
[INFO] 2025-10-13 12:05:14.888 +0800 o.a.d.s.m.r.t.TaskGroupCoordinator:[129] - TaskGroupCoordinator round time cost: 0/ms
[INFO] 2025-10-13 12:05:15.808 +0800 o.a.d.s.m.c.IdSlotBasedCommandFetcher:[67] - Fetch commands: 0 success, cost: 0ms, totalSlot: 1, currentSlotIndex: 0
[INFO] 2025-10-13 12:05:16.808 +0800 o.a.d.s.m.c.IdSlotBasedCommandFetcher:[67] - Fetch commands: 0 success, cost: 0ms, totalSlot: 1, currentSlotIndex: 0
[INFO] 2025-10-13 12:05:17.809 +0800 o.a.d.s.m.c.IdSlotBasedCommandFetcher:[67] - Fetch commands: 0 success, cost: 0ms, totalSlot: 1, currentSlotIndex: 0
[INFO] 2025-10-13 12:05:18.812 +0800 o.a.d.s.m.c.IdSlotBasedCommandFetcher:[67] - Fetch commands: 0 success, cost: 0ms, totalSlot: 1, currentSlotIndex: 0
[INFO] 2025-10-13 12:05:19.812 +0800 o.a.d.s.m.c.IdSlotBasedCommandFetcher:[67] - Fetch commands: 0 success, cost: 0ms, totalSlot: 1, currentSlotIndex: 0
[INFO] 2025-10-13 12:05:19.893 +0800 o.a.d.s.m.r.t.TaskGroupCoordinator:[187] - Success amend TaskGroupQueue status cost: 0/ms
[INFO] 2025-10-13 12:05:19.893 +0800 o.a.d.s.m.r.t.TaskGroupCoordinator:[241] - Success deal with force start TaskGroupQueue cost: 0/ms
[INFO] 2025-10-13 12:05:19.893 +0800 o.a.d.s.m.r.t.TaskGroupCoordinator:[129] - TaskGroupCoordinator round time cost: 0/ms
[INFO] 2025-10-13 12:05:20.821 +0800 o.a.d.s.m.c.IdSlotBasedCommandFetcher:[67] - Fetch commands: 0 success, cost: 0ms, totalSlot: 1, currentSlotIndex: 0
[INFO] 2025-10-13 12:05:21.821 +0800 o.a.d.s.m.c.IdSlotBasedCommandFetcher:[67] - Fetch commands: 0 success, cost: 0ms, totalSlot: 1, currentSlotIndex: 0
[INFO] 2025-10-13 12:05:22.834 +0800 o.a.d.s.m.c.IdSlotBasedCommandFetcher:[67] - Fetch commands: 0 success, cost: 1ms, totalSlot: 1, currentSlotIndex: 0
[INFO] 2025-10-13 12:05:23.834 +0800 o.a.d.s.m.c.IdSlotBasedCommandFetcher:[67] - Fetch commands: 0 success, cost: 0ms, totalSlot: 1, currentSlotIndex: 0
[INFO] 2025-10-13 12:05:24.835 +0800 o.a.d.s.m.c.IdSlotBasedCommandFetcher:[67] - Fetch commands: 0 success, cost: 0ms, totalSlot: 1, currentSlotIndex: 0
[INFO] 2025-10-13 12:05:24.900 +0800 o.a.d.s.m.r.t.TaskGroupCoordinator:[187] - Success amend TaskGroupQueue status cost: 0/ms
[INFO] 2025-10-13 12:05:24.901 +0800 o.a.d.s.m.r.t.TaskGroupCoordinator:[241] - Success deal with force start TaskGroupQueue cost: 0/ms
[INFO] 2025-10-13 12:05:24.901 +0800 o.a.d.s.m.r.t.TaskGroupCoordinator:[129] - TaskGroupCoordinator round time cost: 0/ms
[INFO] 2025-10-13 12:05:25.848 +0800 o.a.d.s.m.c.IdSlotBasedCommandFetcher:[67] - Fetch commands: 0 success, cost: 0ms, totalSlot: 1, currentSlotIndex: 0
[INFO] 2025-10-13 12:05:26.848 +0800 o.a.d.s.m.c.IdSlotBasedCommandFetcher:[67] - Fetch commands: 0 success, cost: 0ms, totalSlot: 1, currentSlotIndex: 0
[INFO] 2025-10-13 12:05:27.860 +0800 o.a.d.s.m.c.IdSlotBasedCommandFetcher:[67] - Fetch commands: 0 success, cost: 0ms, totalSlot: 1, currentSlotIndex: 0
[INFO] 2025-10-13 12:05:29.025 +0800 o.a.d.s.m.c.IdSlotBasedCommandFetcher:[67] - Fetch commands: 0 success, cost: 0ms, totalSlot: 1, currentSlotIndex: 0
[INFO] 2025-10-13 12:05:29.905 +0800 o.a.d.s.m.r.t.TaskGroupCoordinator:[187] - Success amend TaskGroupQueue status cost: 0/ms
[INFO] 2025-10-13 12:05:29.905 +0800 o.a.d.s.m.r.t.TaskGroupCoordinator:[241] - Success deal with force start TaskGroupQueue cost: 0/ms
[INFO] 2025-10-13 12:05:29.905 +0800 o.a.d.s.m.r.t.TaskGroupCoordinator:[129] - TaskGroupCoordinator round time cost: 0/ms
[INFO] 2025-10-13 12:05:30.026 +0800 o.a.d.s.m.c.IdSlotBasedCommandFetcher:[67] - Fetch commands: 0 success, cost: 0ms, totalSlot: 1, currentSlotIndex: 0
[INFO] 2025-10-13 12:05:31.027 +0800 o.a.d.s.m.c.IdSlotBasedCommandFetcher:[67] - Fetch commands: 0 success, cost: 0ms, totalSlot: 1, currentSlotIndex: 0
[INFO] 2025-10-13 12:05:32.027 +0800 o.a.d.s.m.c.IdSlotBasedCommandFetcher:[67] - Fetch commands: 0 success, cost: 0ms, totalSlot: 1, currentSlotIndex: 0
[INFO] 2025-10-13 12:05:33.028 +0800 o.a.d.s.m.c.IdSlotBasedCommandFetcher:[67] - Fetch commands: 0 success, cost: 0ms, totalSlot: 1, currentSlotIndex: 0
[INFO] 2025-10-13 12:05:34.028 +0800 o.a.d.s.m.c.IdSlotBasedCommandFetcher:[67] - Fetch commands: 0 success, cost: 0ms, totalSlot: 1, currentSlotIndex: 0
[INFO] 2025-10-13 12:05:34.910 +0800 o.a.d.s.m.r.t.TaskGroupCoordinator:[187] - Success amend TaskGroupQueue status cost: 0/ms
[INFO] 2025-10-13 12:05:34.910 +0800 o.a.d.s.m.r.t.TaskGroupCoordinator:[241] - Success deal with force start TaskGroupQueue cost: 0/ms
[INFO] 2025-10-13 12:05:34.910 +0800 o.a.d.s.m.r.t.TaskGroupCoordinator:[129] - TaskGroupCoordinator round time cost: 0/ms
[INFO] 2025-10-13 12:05:35.029 +0800 o.a.d.s.m.c.IdSlotBasedCommandFetcher:[67] - Fetch commands: 0 success, cost: 0ms, totalSlot: 1, currentSlotIndex: 0
[INFO] 2025-10-13 12:05:36.030 +0800 o.a.d.s.m.c.IdSlotBasedCommandFetcher:[67] - Fetch commands: 0 success, cost: 0ms, totalSlot: 1, currentSlotIndex: 0
[INFO] 2025-10-13 12:05:37.030 +0800 o.a.d.s.m.c.IdSlotBasedCommandFetcher:[67] - Fetch commands: 0 success, cost: 0ms, totalSlot: 1, currentSlotIndex: 0
[INFO] 2025-10-13 12:05:38.031 +0800 o.a.d.s.m.c.IdSlotBasedCommandFetcher:[67] - Fetch commands: 0 success, cost: 0ms, totalSlot: 1, currentSlotIndex: 0
[INFO] 2025-10-13 12:05:39.032 +0800 o.a.d.s.m.c.IdSlotBasedCommandFetcher:[67] - Fetch commands: 0 success, cost: 0ms, totalSlot: 1, currentSlotIndex: 0
[INFO] 2025-10-13 12:05:39.915 +0800 o.a.d.s.m.r.t.TaskGroupCoordinator:[187] - Success amend TaskGroupQueue status cost: 0/ms
[INFO] 2025-10-13 12:05:39.915 +0800 o.a.d.s.m.r.t.TaskGroupCoordinator:[241] - Success deal with force start TaskGroupQueue cost: 0/ms
[INFO] 2025-10-13 12:05:39.916 +0800 o.a.d.s.m.r.t.TaskGroupCoordinator:[129] - TaskGroupCoordinator round time cost: 0/ms
[INFO] 2025-10-13 12:05:40.032 +0800 o.a.d.s.m.c.IdSlotBasedCommandFetcher:[67] - Fetch commands: 0 success, cost: 0ms, totalSlot: 1, currentSlotIndex: 0
[INFO] 2025-10-13 12:05:41.032 +0800 o.a.d.s.m.c.IdSlotBasedCommandFetcher:[67] - Fetch commands: 0 success, cost: 0ms, totalSlot: 1, currentSlotIndex: 0
[INFO] 2025-10-13 12:05:42.032 +0800 o.a.d.s.m.c.IdSlotBasedCommandFetcher:[67] - Fetch commands: 0 success, cost: 0ms, totalSlot: 1, currentSlotIndex: 0
[INFO] 2025-10-13 12:05:43.251 +0800 o.a.d.s.m.c.IdSlotBasedCommandFetcher:[67] - Fetch commands: 0 success, cost: 0ms, totalSlot: 1, currentSlotIndex: 0
[INFO] 2025-10-13 12:05:44.313 +0800 o.a.d.s.m.c.IdSlotBasedCommandFetcher:[67] - Fetch commands: 0 success, cost: 0ms, totalSlot: 1, currentSlotIndex: 0
[INFO] 2025-10-13 12:05:44.926 +0800 o.a.d.s.m.r.t.TaskGroupCoordinator:[187] - Success amend TaskGroupQueue status cost: 0/ms
[INFO] 2025-10-13 12:05:44.926 +0800 o.a.d.s.m.r.t.TaskGroupCoordinator:[241] - Success deal with force start TaskGroupQueue cost: 0/ms
[INFO] 2025-10-13 12:05:44.926 +0800 o.a.d.s.m.r.t.TaskGroupCoordinator:[129] - TaskGroupCoordinator round time cost: 0/ms
[INFO] 2025-10-13 12:05:45.386 +0800 o.a.d.s.m.c.IdSlotBasedCommandFetcher:[67] - Fetch commands: 0 success, cost: 0ms, totalSlot: 1, currentSlotIndex: 0
[INFO] 2025-10-13 12:05:46.462 +0800 o.a.d.s.m.c.IdSlotBasedCommandFetcher:[67] - Fetch commands: 0 success, cost: 0ms, totalSlot: 1, currentSlotIndex: 0
[INFO] 2025-10-13 12:05:47.527 +0800 o.a.d.s.m.c.IdSlotBasedCommandFetcher:[67] - Fetch commands: 0 success, cost: 0ms, totalSlot: 1, currentSlotIndex: 0
[INFO] 2025-10-13 12:05:48.602 +0800 o.a.d.s.m.c.IdSlotBasedCommandFetcher:[67] - Fetch commands: 0 success, cost: 0ms, totalSlot: 1, currentSlotIndex: 0
[INFO] 2025-10-13 12:05:49.683 +0800 o.a.d.s.m.c.IdSlotBasedCommandFetcher:[67] - Fetch commands: 0 success, cost: 0ms, totalSlot: 1, currentSlotIndex: 0
[INFO] 2025-10-13 12:05:49.932 +0800 o.a.d.s.m.r.t.TaskGroupCoordinator:[187] - Success amend TaskGroupQueue status cost: 0/ms
[INFO] 2025-10-13 12:05:49.932 +0800 o.a.d.s.m.r.t.TaskGroupCoordinator:[241] - Success deal with force start TaskGroupQueue cost: 0/ms
[INFO] 2025-10-13 12:05:49.932 +0800 o.a.d.s.m.r.t.TaskGroupCoordinator:[129] - TaskGroupCoordinator round time cost: 0/ms
[INFO] 2025-10-13 12:05:50.754 +0800 o.a.d.s.m.c.IdSlotBasedCommandFetcher:[67] - Fetch commands: 0 success, cost: 0ms, totalSlot: 1, currentSlotIndex: 0
[INFO] 2025-10-13 12:05:51.847 +0800 o.a.d.s.m.c.IdSlotBasedCommandFetcher:[67] - Fetch commands: 0 success, cost: 0ms, totalSlot: 1, currentSlotIndex: 0
[INFO] 2025-10-13 12:05:52.928 +0800 o.a.d.s.m.c.IdSlotBasedCommandFetcher:[67] - Fetch commands: 0 success, cost: 0ms, totalSlot: 1, currentSlotIndex: 0
[INFO] 2025-10-13 12:05:53.997 +0800 o.a.d.s.m.c.IdSlotBasedCommandFetcher:[67] - Fetch commands: 0 success, cost: 0ms, totalSlot: 1, currentSlotIndex: 0
[INFO] 2025-10-13 12:05:54.936 +0800 o.a.d.s.m.r.t.TaskGroupCoordinator:[187] - Success amend TaskGroupQueue status cost: 0/ms
[INFO] 2025-10-13 12:05:54.936 +0800 o.a.d.s.m.r.t.TaskGroupCoordinator:[241] - Success deal with force start TaskGroupQueue cost: 0/ms
[INFO] 2025-10-13 12:05:54.936 +0800 o.a.d.s.m.r.t.TaskGroupCoordinator:[129] - TaskGroupCoordinator round time cost: 0/ms
[INFO] 2025-10-13 12:05:55.074 +0800 o.a.d.s.m.c.IdSlotBasedCommandFetcher:[67] - Fetch commands: 0 success, cost: 0ms, totalSlot: 1, currentSlotIndex: 0
[INFO] 2025-10-13 12:05:56.153 +0800 o.a.d.s.m.c.IdSlotBasedCommandFetcher:[67] - Fetch commands: 0 success, cost: 0ms, totalSlot: 1, currentSlotIndex: 0
[INFO] 2025-10-13 12:05:57.413 +0800 o.a.d.s.m.c.IdSlotBasedCommandFetcher:[67] - Fetch commands: 0 success, cost: 0ms, totalSlot: 1, currentSlotIndex: 0
[INFO] 2025-10-13 12:05:57.429 +0800 o.a.d.m.m.BaseServerLoadProtection:[43] - OverLoad: the system cpu usage: 1.0 is over then the maxSystemCpuUsagePercentageThresholds 0.9
[INFO] 2025-10-13 12:05:57.473 +0800 o.a.d.m.m.BaseServerLoadProtection:[43] - OverLoad: the system cpu usage: 1.0 is over then the maxSystemCpuUsagePercentageThresholds 0.9
[INFO] 2025-10-13 12:05:58.414 +0800 o.a.d.m.m.BaseServerLoadProtection:[43] - OverLoad: the system cpu usage: 1.0 is over then the maxSystemCpuUsagePercentageThresholds 0.9
[WARN] 2025-10-13 12:05:58.414 +0800 o.a.d.s.m.r.MasterSchedulerBootstrap:[120] - The current server is overload, cannot consumes commands.
[INFO] 2025-10-13 12:05:58.432 +0800 o.a.d.m.m.BaseServerLoadProtection:[43] - OverLoad: the system cpu usage: 1.0 is over then the maxSystemCpuUsagePercentageThresholds 0.9
[INFO] 2025-10-13 12:05:59.414 +0800 o.a.d.s.m.c.IdSlotBasedCommandFetcher:[67] - Fetch commands: 0 success, cost: 0ms, totalSlot: 1, currentSlotIndex: 0
[INFO] 2025-10-13 12:05:59.942 +0800 o.a.d.s.m.r.t.TaskGroupCoordinator:[187] - Success amend TaskGroupQueue status cost: 0/ms
[INFO] 2025-10-13 12:05:59.942 +0800 o.a.d.s.m.r.t.TaskGroupCoordinator:[241] - Success deal with force start TaskGroupQueue cost: 0/ms
[INFO] 2025-10-13 12:05:59.942 +0800 o.a.d.s.m.r.t.TaskGroupCoordinator:[129] - TaskGroupCoordinator round time cost: 0/ms
[INFO] 2025-10-13 12:06:00.415 +0800 o.a.d.s.m.c.IdSlotBasedCommandFetcher:[67] - Fetch commands: 0 success, cost: 0ms, totalSlot: 1, currentSlotIndex: 0
[INFO] 2025-10-13 12:06:01.415 +0800 o.a.d.s.m.c.IdSlotBasedCommandFetcher:[67] - Fetch commands: 0 success, cost: 0ms, totalSlot: 1, currentSlotIndex: 0
[INFO] 2025-10-13 12:06:02.417 +0800 o.a.d.s.m.c.IdSlotBasedCommandFetcher:[67] - Fetch commands: 0 success, cost: 0ms, totalSlot: 1, currentSlotIndex: 0
[INFO] 2025-10-13 12:06:03.417 +0800 o.a.d.s.m.c.IdSlotBasedCommandFetcher:[67] - Fetch commands: 0 success, cost: 0ms, totalSlot: 1, currentSlotIndex: 0
[INFO] 2025-10-13 12:06:04.418 +0800 o.a.d.s.m.c.IdSlotBasedCommandFetcher:[67] - Fetch commands: 0 success, cost: 0ms, totalSlot: 1, currentSlotIndex: 0
[INFO] 2025-10-13 12:06:04.947 +0800 o.a.d.s.m.r.t.TaskGroupCoordinator:[187] - Success amend TaskGroupQueue status cost: 0/ms
[INFO] 2025-10-13 12:06:04.947 +0800 o.a.d.s.m.r.t.TaskGroupCoordinator:[241] - Success deal with force start TaskGroupQueue cost: 0/ms
[INFO] 2025-10-13 12:06:04.948 +0800 o.a.d.s.m.r.t.TaskGroupCoordinator:[129] - TaskGroupCoordinator round time cost: 0/ms
[INFO] 2025-10-13 12:06:05.419 +0800 o.a.d.s.m.c.IdSlotBasedCommandFetcher:[67] - Fetch commands: 0 success, cost: 0ms, totalSlot: 1, currentSlotIndex: 0
[INFO] 2025-10-13 12:06:06.419 +0800 o.a.d.s.m.c.IdSlotBasedCommandFetcher:[67] - Fetch commands: 0 success, cost: 0ms, totalSlot: 1, currentSlotIndex: 0
[INFO] 2025-10-13 12:06:07.419 +0800 o.a.d.s.m.c.IdSlotBasedCommandFetcher:[67] - Fetch commands: 0 success, cost: 0ms, totalSlot: 1, currentSlotIndex: 0
[INFO] 2025-10-13 12:06:08.421 +0800 o.a.d.s.m.c.IdSlotBasedCommandFetcher:[67] - Fetch commands: 0 success, cost: 0ms, totalSlot: 1, currentSlotIndex: 0
[INFO] 2025-10-13 12:06:09.421 +0800 o.a.d.s.m.c.IdSlotBasedCommandFetcher:[67] - Fetch commands: 0 success, cost: 0ms, totalSlot: 1, currentSlotIndex: 0
[INFO] 2025-10-13 12:06:09.952 +0800 o.a.d.s.m.r.t.TaskGroupCoordinator:[187] - Success amend TaskGroupQueue status cost: 0/ms
[INFO] 2025-10-13 12:06:09.953 +0800 o.a.d.s.m.r.t.TaskGroupCoordinator:[241] - Success deal with force start TaskGroupQueue cost: 0/ms
[INFO] 2025-10-13 12:06:09.953 +0800 o.a.d.s.m.r.t.TaskGroupCoordinator:[129] - TaskGroupCoordinator round time cost: 0/ms
[INFO] 2025-10-13 12:06:10.422 +0800 o.a.d.s.m.c.IdSlotBasedCommandFetcher:[67] - Fetch commands: 0 success, cost: 0ms, totalSlot: 1, currentSlotIndex: 0
[INFO] 2025-10-13 12:06:11.649 +0800 o.a.d.s.m.c.IdSlotBasedCommandFetcher:[67] - Fetch commands: 0 success, cost: 0ms, totalSlot: 1, currentSlotIndex: 0
[INFO] 2025-10-13 12:06:12.650 +0800 o.a.d.s.m.c.IdSlotBasedCommandFetcher:[67] - Fetch commands: 0 success, cost: 0ms, totalSlot: 1, currentSlotIndex: 0
[INFO] 2025-10-13 12:06:13.650 +0800 o.a.d.s.m.c.IdSlotBasedCommandFetcher:[67] - Fetch commands: 0 success, cost: 0ms, totalSlot: 1, currentSlotIndex: 0
[INFO] 2025-10-13 12:06:14.651 +0800 o.a.d.s.m.c.IdSlotBasedCommandFetcher:[67] - Fetch commands: 0 success, cost: 0ms, totalSlot: 1, currentSlotIndex: 0
[INFO] 2025-10-13 12:06:14.959 +0800 o.a.d.s.m.r.t.TaskGroupCoordinator:[187] - Success amend TaskGroupQueue status cost: 0/ms
[INFO] 2025-10-13 12:06:14.959 +0800 o.a.d.s.m.r.t.TaskGroupCoordinator:[241] - Success deal with force start TaskGroupQueue cost: 0/ms
[INFO] 2025-10-13 12:06:14.959 +0800 o.a.d.s.m.r.t.TaskGroupCoordinator:[129] - TaskGroupCoordinator round time cost: 0/ms
[INFO] 2025-10-13 12:06:15.651 +0800 o.a.d.s.m.c.IdSlotBasedCommandFetcher:[67] - Fetch commands: 0 success, cost: 0ms, totalSlot: 1, currentSlotIndex: 0
[INFO] 2025-10-13 12:06:16.651 +0800 o.a.d.s.m.c.IdSlotBasedCommandFetcher:[67] - Fetch commands: 0 success, cost: 0ms, totalSlot: 1, currentSlotIndex: 0
[INFO] 2025-10-13 12:06:17.652 +0800 o.a.d.s.m.c.IdSlotBasedCommandFetcher:[67] - Fetch commands: 0 success, cost: 0ms, totalSlot: 1, currentSlotIndex: 0
[INFO] 2025-10-13 12:06:18.652 +0800 o.a.d.s.m.c.IdSlotBasedCommandFetcher:[67] - Fetch commands: 0 success, cost: 0ms, totalSlot: 1, currentSlotIndex: 0
[INFO] 2025-10-13 12:06:19.652 +0800 o.a.d.s.m.c.IdSlotBasedCommandFetcher:[67] - Fetch commands: 0 success, cost: 0ms, totalSlot: 1, currentSlotIndex: 0
[INFO] 2025-10-13 12:06:19.965 +0800 o.a.d.s.m.r.t.TaskGroupCoordinator:[187] - Success amend TaskGroupQueue status cost: 0/ms
[INFO] 2025-10-13 12:06:19.965 +0800 o.a.d.s.m.r.t.TaskGroupCoordinator:[241] - Success deal with force start TaskGroupQueue cost: 0/ms
[INFO] 2025-10-13 12:06:19.965 +0800 o.a.d.s.m.r.t.TaskGroupCoordinator:[129] - TaskGroupCoordinator round time cost: 0/ms
[INFO] 2025-10-13 12:06:20.652 +0800 o.a.d.s.m.c.IdSlotBasedCommandFetcher:[67] - Fetch commands: 0 success, cost: 0ms, totalSlot: 1, currentSlotIndex: 0
[INFO] 2025-10-13 12:06:21.653 +0800 o.a.d.s.m.c.IdSlotBasedCommandFetcher:[67] - Fetch commands: 0 success, cost: 0ms, totalSlot: 1, currentSlotIndex: 0
[INFO] 2025-10-13 12:06:22.653 +0800 o.a.d.s.m.c.IdSlotBasedCommandFetcher:[67] - Fetch commands: 0 success, cost: 0ms, totalSlot: 1, currentSlotIndex: 0
[INFO] 2025-10-13 12:06:23.654 +0800 o.a.d.s.m.c.IdSlotBasedCommandFetcher:[67] - Fetch commands: 0 success, cost: 0ms, totalSlot: 1, currentSlotIndex: 0
[INFO] 2025-10-13 12:06:24.655 +0800 o.a.d.s.m.c.IdSlotBasedCommandFetcher:[67] - Fetch commands: 0 success, cost: 0ms, totalSlot: 1, currentSlotIndex: 0
[INFO] 2025-10-13 12:06:24.969 +0800 o.a.d.s.m.r.t.TaskGroupCoordinator:[187] - Success amend TaskGroupQueue status cost: 0/ms
[INFO] 2025-10-13 12:06:24.969 +0800 o.a.d.s.m.r.t.TaskGroupCoordinator:[241] - Success deal with force start TaskGroupQueue cost: 0/ms
[INFO] 2025-10-13 12:06:24.970 +0800 o.a.d.s.m.r.t.TaskGroupCoordinator:[129] - TaskGroupCoordinator round time cost: 0/ms
[INFO] 2025-10-13 12:06:25.820 +0800 o.a.d.s.m.c.IdSlotBasedCommandFetcher:[67] - Fetch commands: 0 success, cost: 0ms, totalSlot: 1, currentSlotIndex: 0
[INFO] 2025-10-13 12:06:26.821 +0800 o.a.d.s.m.c.IdSlotBasedCommandFetcher:[67] - Fetch commands: 0 success, cost: 0ms, totalSlot: 1, currentSlotIndex: 0
[INFO] 2025-10-13 12:06:27.822 +0800 o.a.d.s.m.c.IdSlotBasedCommandFetcher:[67] - Fetch commands: 0 success, cost: 0ms, totalSlot: 1, currentSlotIndex: 0
[INFO] 2025-10-13 12:06:28.822 +0800 o.a.d.s.m.c.IdSlotBasedCommandFetcher:[67] - Fetch commands: 0 success, cost: 0ms, totalSlot: 1, currentSlotIndex: 0
[INFO] 2025-10-13 12:06:29.823 +0800 o.a.d.s.m.c.IdSlotBasedCommandFetcher:[67] - Fetch commands: 0 success, cost: 0ms, totalSlot: 1, currentSlotIndex: 0
[INFO] 2025-10-13 12:06:29.974 +0800 o.a.d.s.m.r.t.TaskGroupCoordinator:[187] - Success amend TaskGroupQueue status cost: 0/ms
[INFO] 2025-10-13 12:06:29.974 +0800 o.a.d.s.m.r.t.TaskGroupCoordinator:[241] - Success deal with force start TaskGroupQueue cost: 0/ms
[INFO] 2025-10-13 12:06:29.974 +0800 o.a.d.s.m.r.t.TaskGroupCoordinator:[129] - TaskGroupCoordinator round time cost: 0/ms
[INFO] 2025-10-13 12:06:30.824 +0800 o.a.d.s.m.c.IdSlotBasedCommandFetcher:[67] - Fetch commands: 0 success, cost: 0ms, totalSlot: 1, currentSlotIndex: 0
[INFO] 2025-10-13 12:06:31.824 +0800 o.a.d.s.m.c.IdSlotBasedCommandFetcher:[67] - Fetch commands: 0 success, cost: 0ms, totalSlot: 1, currentSlotIndex: 0
[INFO] 2025-10-13 12:06:32.824 +0800 o.a.d.s.m.c.IdSlotBasedCommandFetcher:[67] - Fetch commands: 0 success, cost: 0ms, totalSlot: 1, currentSlotIndex: 0
[INFO] 2025-10-13 12:06:33.825 +0800 o.a.d.s.m.c.IdSlotBasedCommandFetcher:[67] - Fetch commands: 0 success, cost: 0ms, totalSlot: 1, currentSlotIndex: 0
[INFO] 2025-10-13 12:06:34.825 +0800 o.a.d.s.m.c.IdSlotBasedCommandFetcher:[67] - Fetch commands: 0 success, cost: 0ms, totalSlot: 1, currentSlotIndex: 0
[INFO] 2025-10-13 12:06:34.982 +0800 o.a.d.s.m.r.t.TaskGroupCoordinator:[187] - Success amend TaskGroupQueue status cost: 0/ms
[INFO] 2025-10-13 12:06:34.982 +0800 o.a.d.s.m.r.t.TaskGroupCoordinator:[241] - Success deal with force start TaskGroupQueue cost: 0/ms
[INFO] 2025-10-13 12:06:34.982 +0800 o.a.d.s.m.r.t.TaskGroupCoordinator:[129] - TaskGroupCoordinator round time cost: 0/ms
[INFO] 2025-10-13 12:06:35.826 +0800 o.a.d.s.m.c.IdSlotBasedCommandFetcher:[67] - Fetch commands: 0 success, cost: 0ms, totalSlot: 1, currentSlotIndex: 0
[INFO] 2025-10-13 12:06:36.827 +0800 o.a.d.s.m.c.IdSlotBasedCommandFetcher:[67] - Fetch commands: 0 success, cost: 0ms, totalSlot: 1, currentSlotIndex: 0
[INFO] 2025-10-13 12:06:37.827 +0800 o.a.d.s.m.c.IdSlotBasedCommandFetcher:[67] - Fetch commands: 0 success, cost: 0ms, totalSlot: 1, currentSlotIndex: 0
[INFO] 2025-10-13 12:06:38.963 +0800 o.a.d.s.m.c.IdSlotBasedCommandFetcher:[67] - Fetch commands: 0 success, cost: 0ms, totalSlot: 1, currentSlotIndex: 0
[INFO] 2025-10-13 12:06:39.986 +0800 o.a.d.s.m.r.t.TaskGroupCoordinator:[187] - Success amend TaskGroupQueue status cost: 0/ms
[INFO] 2025-10-13 12:06:39.986 +0800 o.a.d.s.m.r.t.TaskGroupCoordinator:[241] - Success deal with force start TaskGroupQueue cost: 0/ms
[INFO] 2025-10-13 12:06:39.986 +0800 o.a.d.s.m.r.t.TaskGroupCoordinator:[129] - TaskGroupCoordinator round time cost: 0/ms
[INFO] 2025-10-13 12:06:40.035 +0800 o.a.d.s.m.c.IdSlotBasedCommandFetcher:[67] - Fetch commands: 0 success, cost: 0ms, totalSlot: 1, currentSlotIndex: 0
[INFO] 2025-10-13 12:06:41.111 +0800 o.a.d.s.m.c.IdSlotBasedCommandFetcher:[67] - Fetch commands: 0 success, cost: 0ms, totalSlot: 1, currentSlotIndex: 0
[INFO] 2025-10-13 12:06:42.185 +0800 o.a.d.s.m.c.IdSlotBasedCommandFetcher:[67] - Fetch commands: 0 success, cost: 0ms, totalSlot: 1, currentSlotIndex: 0
[INFO] 2025-10-13 12:06:43.258 +0800 o.a.d.s.m.c.IdSlotBasedCommandFetcher:[67] - Fetch commands: 0 success, cost: 1ms, totalSlot: 1, currentSlotIndex: 0
[INFO] 2025-10-13 12:06:44.327 +0800 o.a.d.s.m.c.IdSlotBasedCommandFetcher:[67] - Fetch commands: 0 success, cost: 0ms, totalSlot: 1, currentSlotIndex: 0
[INFO] 2025-10-13 12:06:44.996 +0800 o.a.d.s.m.r.t.TaskGroupCoordinator:[187] - Success amend TaskGroupQueue status cost: 0/ms
[INFO] 2025-10-13 12:06:44.996 +0800 o.a.d.s.m.r.t.TaskGroupCoordinator:[241] - Success deal with force start TaskGroupQueue cost: 0/ms
[INFO] 2025-10-13 12:06:44.996 +0800 o.a.d.s.m.r.t.TaskGroupCoordinator:[129] - TaskGroupCoordinator round time cost: 0/ms
[INFO] 2025-10-13 12:06:45.403 +0800 o.a.d.s.m.c.IdSlotBasedCommandFetcher:[67] - Fetch commands: 0 success, cost: 0ms, totalSlot: 1, currentSlotIndex: 0
[INFO] 2025-10-13 12:06:46.482 +0800 o.a.d.s.m.c.IdSlotBasedCommandFetcher:[67] - Fetch commands: 0 success, cost: 0ms, totalSlot: 1, currentSlotIndex: 0
[INFO] 2025-10-13 12:06:47.547 +0800 o.a.d.s.m.c.IdSlotBasedCommandFetcher:[67] - Fetch commands: 0 success, cost: 0ms, totalSlot: 1, currentSlotIndex: 0
[INFO] 2025-10-13 12:06:48.618 +0800 o.a.d.s.m.c.IdSlotBasedCommandFetcher:[67] - Fetch commands: 0 success, cost: 0ms, totalSlot: 1, currentSlotIndex: 0
[INFO] 2025-10-13 12:06:49.710 +0800 o.a.d.s.m.c.IdSlotBasedCommandFetcher:[67] - Fetch commands: 0 success, cost: 0ms, totalSlot: 1, currentSlotIndex: 0
[INFO] 2025-10-13 12:06:50.003 +0800 o.a.d.s.m.r.t.TaskGroupCoordinator:[187] - Success amend TaskGroupQueue status cost: 0/ms
[INFO] 2025-10-13 12:06:50.003 +0800 o.a.d.s.m.r.t.TaskGroupCoordinator:[241] - Success deal with force start TaskGroupQueue cost: 0/ms
[INFO] 2025-10-13 12:06:50.003 +0800 o.a.d.s.m.r.t.TaskGroupCoordinator:[129] - TaskGroupCoordinator round time cost: 0/ms
[INFO] 2025-10-13 12:06:50.710 +0800 o.a.d.s.m.c.IdSlotBasedCommandFetcher:[67] - Fetch commands: 0 success, cost: 0ms, totalSlot: 1, currentSlotIndex: 0
[INFO] 2025-10-13 12:06:51.711 +0800 o.a.d.s.m.c.IdSlotBasedCommandFetcher:[67] - Fetch commands: 0 success, cost: 0ms, totalSlot: 1, currentSlotIndex: 0
[INFO] 2025-10-13 12:06:52.711 +0800 o.a.d.s.m.c.IdSlotBasedCommandFetcher:[67] - Fetch commands: 0 success, cost: 0ms, totalSlot: 1, currentSlotIndex: 0
[INFO] 2025-10-13 12:06:53.711 +0800 o.a.d.s.m.c.IdSlotBasedCommandFetcher:[67] - Fetch commands: 0 success, cost: 0ms, totalSlot: 1, currentSlotIndex: 0
[INFO] 2025-10-13 12:06:54.712 +0800 o.a.d.s.m.c.IdSlotBasedCommandFetcher:[67] - Fetch commands: 0 success, cost: 0ms, totalSlot: 1, currentSlotIndex: 0
[INFO] 2025-10-13 12:06:55.008 +0800 o.a.d.s.m.r.t.TaskGroupCoordinator:[187] - Success amend TaskGroupQueue status cost: 0/ms
[INFO] 2025-10-13 12:06:55.009 +0800 o.a.d.s.m.r.t.TaskGroupCoordinator:[241] - Success deal with force start TaskGroupQueue cost: 0/ms
[INFO] 2025-10-13 12:06:55.009 +0800 o.a.d.s.m.r.t.TaskGroupCoordinator:[129] - TaskGroupCoordinator round time cost: 0/ms
[INFO] 2025-10-13 12:06:55.712 +0800 o.a.d.s.m.c.IdSlotBasedCommandFetcher:[67] - Fetch commands: 0 success, cost: 0ms, totalSlot: 1, currentSlotIndex: 0
[INFO] 2025-10-13 12:06:56.713 +0800 o.a.d.s.m.c.IdSlotBasedCommandFetcher:[67] - Fetch commands: 0 success, cost: 0ms, totalSlot: 1, currentSlotIndex: 0
[INFO] 2025-10-13 12:06:57.713 +0800 o.a.d.s.m.c.IdSlotBasedCommandFetcher:[67] - Fetch commands: 0 success, cost: 0ms, totalSlot: 1, currentSlotIndex: 0
[INFO] 2025-10-13 12:06:58.713 +0800 o.a.d.s.m.c.IdSlotBasedCommandFetcher:[67] - Fetch commands: 0 success, cost: 0ms, totalSlot: 1, currentSlotIndex: 0
[INFO] 2025-10-13 12:06:59.714 +0800 o.a.d.s.m.c.IdSlotBasedCommandFetcher:[67] - Fetch commands: 0 success, cost: 0ms, totalSlot: 1, currentSlotIndex: 0
[INFO] 2025-10-13 12:07:00.014 +0800 o.a.d.s.m.r.t.TaskGroupCoordinator:[187] - Success amend TaskGroupQueue status cost: 0/ms
[INFO] 2025-10-13 12:07:00.015 +0800 o.a.d.s.m.r.t.TaskGroupCoordinator:[241] - Success deal with force start TaskGroupQueue cost: 0/ms
[INFO] 2025-10-13 12:07:00.015 +0800 o.a.d.s.m.r.t.TaskGroupCoordinator:[129] - TaskGroupCoordinator round time cost: 0/ms
[INFO] 2025-10-13 12:07:00.715 +0800 o.a.d.s.m.c.IdSlotBasedCommandFetcher:[67] - Fetch commands: 0 success, cost: 0ms, totalSlot: 1, currentSlotIndex: 0
[INFO] 2025-10-13 12:07:01.828 +0800 o.a.d.s.m.c.IdSlotBasedCommandFetcher:[67] - Fetch commands: 0 success, cost: 0ms, totalSlot: 1, currentSlotIndex: 0
[INFO] 2025-10-13 12:07:02.902 +0800 o.a.d.s.m.c.IdSlotBasedCommandFetcher:[67] - Fetch commands: 0 success, cost: 0ms, totalSlot: 1, currentSlotIndex: 0
[INFO] 2025-10-13 12:07:03.977 +0800 o.a.d.s.m.c.IdSlotBasedCommandFetcher:[67] - Fetch commands: 0 success, cost: 0ms, totalSlot: 1, currentSlotIndex: 0
[INFO] 2025-10-13 12:07:05.019 +0800 o.a.d.s.m.r.t.TaskGroupCoordinator:[187] - Success amend TaskGroupQueue status cost: 0/ms
[INFO] 2025-10-13 12:07:05.019 +0800 o.a.d.s.m.r.t.TaskGroupCoordinator:[241] - Success deal with force start TaskGroupQueue cost: 0/ms
[INFO] 2025-10-13 12:07:05.019 +0800 o.a.d.s.m.r.t.TaskGroupCoordinator:[129] - TaskGroupCoordinator round time cost: 0/ms
[INFO] 2025-10-13 12:07:05.139 +0800 o.a.d.s.m.c.IdSlotBasedCommandFetcher:[67] - Fetch commands: 0 success, cost: 0ms, totalSlot: 1, currentSlotIndex: 0
[INFO] 2025-10-13 12:07:06.141 +0800 o.a.d.s.m.c.IdSlotBasedCommandFetcher:[67] - Fetch commands: 0 success, cost: 0ms, totalSlot: 1, currentSlotIndex: 0
[INFO] 2025-10-13 12:07:07.142 +0800 o.a.d.s.m.c.IdSlotBasedCommandFetcher:[67] - Fetch commands: 0 success, cost: 0ms, totalSlot: 1, currentSlotIndex: 0
[INFO] 2025-10-13 12:07:08.142 +0800 o.a.d.s.m.c.IdSlotBasedCommandFetcher:[67] - Fetch commands: 0 success, cost: 0ms, totalSlot: 1, currentSlotIndex: 0
[INFO] 2025-10-13 12:07:09.142 +0800 o.a.d.s.m.c.IdSlotBasedCommandFetcher:[67] - Fetch commands: 0 success, cost: 0ms, totalSlot: 1, currentSlotIndex: 0
[INFO] 2025-10-13 12:07:10.024 +0800 o.a.d.s.m.r.t.TaskGroupCoordinator:[187] - Success amend TaskGroupQueue status cost: 0/ms
[INFO] 2025-10-13 12:07:10.025 +0800 o.a.d.s.m.r.t.TaskGroupCoordinator:[241] - Success deal with force start TaskGroupQueue cost: 0/ms
[INFO] 2025-10-13 12:07:10.025 +0800 o.a.d.s.m.r.t.TaskGroupCoordinator:[129] - TaskGroupCoordinator round time cost: 0/ms
[INFO] 2025-10-13 12:07:10.154 +0800 o.a.d.s.m.c.IdSlotBasedCommandFetcher:[67] - Fetch commands: 0 success, cost: 0ms, totalSlot: 1, currentSlotIndex: 0
[INFO] 2025-10-13 12:07:11.155 +0800 o.a.d.s.m.c.IdSlotBasedCommandFetcher:[67] - Fetch commands: 0 success, cost: 0ms, totalSlot: 1, currentSlotIndex: 0
[INFO] 2025-10-13 12:07:12.164 +0800 o.a.d.s.m.c.IdSlotBasedCommandFetcher:[67] - Fetch commands: 0 success, cost: 0ms, totalSlot: 1, currentSlotIndex: 0
[INFO] 2025-10-13 12:07:13.165 +0800 o.a.d.s.m.c.IdSlotBasedCommandFetcher:[67] - Fetch commands: 0 success, cost: 0ms, totalSlot: 1, currentSlotIndex: 0
[INFO] 2025-10-13 12:07:14.174 +0800 o.a.d.s.m.c.IdSlotBasedCommandFetcher:[67] - Fetch commands: 0 success, cost: 0ms, totalSlot: 1, currentSlotIndex: 0
[INFO] 2025-10-13 12:07:14.971 +0800 o.a.d.m.m.BaseServerLoadProtection:[43] - OverLoad: the system cpu usage: 1.0 is over then the maxSystemCpuUsagePercentageThresholds 0.9
[INFO] 2025-10-13 12:07:15.029 +0800 o.a.d.s.m.r.t.TaskGroupCoordinator:[187] - Success amend TaskGroupQueue status cost: 0/ms
[INFO] 2025-10-13 12:07:15.029 +0800 o.a.d.s.m.r.t.TaskGroupCoordinator:[241] - Success deal with force start TaskGroupQueue cost: 0/ms
[INFO] 2025-10-13 12:07:15.029 +0800 o.a.d.s.m.r.t.TaskGroupCoordinator:[129] - TaskGroupCoordinator round time cost: 0/ms
[INFO] 2025-10-13 12:07:15.175 +0800 o.a.d.m.m.BaseServerLoadProtection:[43] - OverLoad: the system cpu usage: 1.0 is over then the maxSystemCpuUsagePercentageThresholds 0.9
[WARN] 2025-10-13 12:07:15.175 +0800 o.a.d.s.m.r.MasterSchedulerBootstrap:[120] - The current server is overload, cannot consumes commands.
[INFO] 2025-10-13 12:07:15.947 +0800 o.a.d.m.m.BaseServerLoadProtection:[43] - OverLoad: the system cpu usage: 1.0 is over then the maxSystemCpuUsagePercentageThresholds 0.9
[INFO] 2025-10-13 12:07:16.175 +0800 o.a.d.s.m.c.IdSlotBasedCommandFetcher:[67] - Fetch commands: 0 success, cost: 0ms, totalSlot: 1, currentSlotIndex: 0
[INFO] 2025-10-13 12:07:17.184 +0800 o.a.d.s.m.c.IdSlotBasedCommandFetcher:[67] - Fetch commands: 0 success, cost: 0ms, totalSlot: 1, currentSlotIndex: 0
[INFO] 2025-10-13 12:07:18.264 +0800 o.a.d.s.m.c.IdSlotBasedCommandFetcher:[67] - Fetch commands: 0 success, cost: 0ms, totalSlot: 1, currentSlotIndex: 0
[INFO] 2025-10-13 12:07:19.332 +0800 o.a.d.s.m.c.IdSlotBasedCommandFetcher:[67] - Fetch commands: 0 success, cost: 0ms, totalSlot: 1, currentSlotIndex: 0
[INFO] 2025-10-13 12:07:20.034 +0800 o.a.d.s.m.r.t.TaskGroupCoordinator:[187] - Success amend TaskGroupQueue status cost: 0/ms
[INFO] 2025-10-13 12:07:20.034 +0800 o.a.d.s.m.r.t.TaskGroupCoordinator:[241] - Success deal with force start TaskGroupQueue cost: 0/ms
[INFO] 2025-10-13 12:07:20.034 +0800 o.a.d.s.m.r.t.TaskGroupCoordinator:[129] - TaskGroupCoordinator round time cost: 0/ms
[INFO] 2025-10-13 12:07:20.405 +0800 o.a.d.s.m.c.IdSlotBasedCommandFetcher:[67] - Fetch commands: 0 success, cost: 0ms, totalSlot: 1, currentSlotIndex: 0
[INFO] 2025-10-13 12:07:21.483 +0800 o.a.d.s.m.c.IdSlotBasedCommandFetcher:[67] - Fetch commands: 0 success, cost: 0ms, totalSlot: 1, currentSlotIndex: 0
[INFO] 2025-10-13 12:07:22.555 +0800 o.a.d.s.m.c.IdSlotBasedCommandFetcher:[67] - Fetch commands: 0 success, cost: 0ms, totalSlot: 1, currentSlotIndex: 0
[INFO] 2025-10-13 12:07:23.621 +0800 o.a.d.s.m.c.IdSlotBasedCommandFetcher:[67] - Fetch commands: 0 success, cost: 0ms, totalSlot: 1, currentSlotIndex: 0
[INFO] 2025-10-13 12:07:24.690 +0800 o.a.d.s.m.c.IdSlotBasedCommandFetcher:[67] - Fetch commands: 0 success, cost: 0ms, totalSlot: 1, currentSlotIndex: 0
[INFO] 2025-10-13 12:07:25.039 +0800 o.a.d.s.m.r.t.TaskGroupCoordinator:[187] - Success amend TaskGroupQueue status cost: 0/ms
[INFO] 2025-10-13 12:07:25.039 +0800 o.a.d.s.m.r.t.TaskGroupCoordinator:[241] - Success deal with force start TaskGroupQueue cost: 0/ms
[INFO] 2025-10-13 12:07:25.039 +0800 o.a.d.s.m.r.t.TaskGroupCoordinator:[129] - TaskGroupCoordinator round time cost: 0/ms
[INFO] 2025-10-13 12:07:25.757 +0800 o.a.d.s.m.c.IdSlotBasedCommandFetcher:[67] - Fetch commands: 0 success, cost: 2ms, totalSlot: 1, currentSlotIndex: 0
[INFO] 2025-10-13 12:07:26.826 +0800 o.a.d.s.m.c.IdSlotBasedCommandFetcher:[67] - Fetch commands: 0 success, cost: 0ms, totalSlot: 1, currentSlotIndex: 0
[INFO] 2025-10-13 12:07:27.892 +0800 o.a.d.s.m.c.IdSlotBasedCommandFetcher:[67] - Fetch commands: 0 success, cost: 0ms, totalSlot: 1, currentSlotIndex: 0
[INFO] 2025-10-13 12:07:28.964 +0800 o.a.d.s.m.c.IdSlotBasedCommandFetcher:[67] - Fetch commands: 0 success, cost: 0ms, totalSlot: 1, currentSlotIndex: 0
[INFO] 2025-10-13 12:07:30.044 +0800 o.a.d.s.m.r.t.TaskGroupCoordinator:[187] - Success amend TaskGroupQueue status cost: 0/ms
[INFO] 2025-10-13 12:07:30.045 +0800 o.a.d.s.m.r.t.TaskGroupCoordinator:[241] - Success deal with force start TaskGroupQueue cost: 0/ms
[INFO] 2025-10-13 12:07:30.045 +0800 o.a.d.s.m.r.t.TaskGroupCoordinator:[129] - TaskGroupCoordinator round time cost: 0/ms
[INFO] 2025-10-13 12:07:30.136 +0800 o.a.d.s.m.c.IdSlotBasedCommandFetcher:[67] - Fetch commands: 0 success, cost: 1ms, totalSlot: 1, currentSlotIndex: 0
[INFO] 2025-10-13 12:07:31.214 +0800 o.a.d.s.m.c.IdSlotBasedCommandFetcher:[67] - Fetch commands: 0 success, cost: 0ms, totalSlot: 1, currentSlotIndex: 0
[INFO] 2025-10-13 12:07:32.454 +0800 o.a.d.m.m.BaseServerLoadProtection:[43] - OverLoad: the system cpu usage: 1.0 is over then the maxSystemCpuUsagePercentageThresholds 0.9
[WARN] 2025-10-13 12:07:32.454 +0800 o.a.d.s.m.r.MasterSchedulerBootstrap:[120] - The current server is overload, cannot consumes commands.
[INFO] 2025-10-13 12:07:33.454 +0800 o.a.d.s.m.c.IdSlotBasedCommandFetcher:[67] - Fetch commands: 0 success, cost: 0ms, totalSlot: 1, currentSlotIndex: 0
[INFO] 2025-10-13 12:07:34.465 +0800 o.a.d.s.m.c.IdSlotBasedCommandFetcher:[67] - Fetch commands: 0 success, cost: 0ms, totalSlot: 1, currentSlotIndex: 0
[INFO] 2025-10-13 12:07:35.048 +0800 o.a.d.s.m.r.t.TaskGroupCoordinator:[187] - Success amend TaskGroupQueue status cost: 0/ms
[INFO] 2025-10-13 12:07:35.049 +0800 o.a.d.s.m.r.t.TaskGroupCoordinator:[241] - Success deal with force start TaskGroupQueue cost: 0/ms
[INFO] 2025-10-13 12:07:35.049 +0800 o.a.d.s.m.r.t.TaskGroupCoordinator:[129] - TaskGroupCoordinator round time cost: 0/ms
[INFO] 2025-10-13 12:07:35.465 +0800 o.a.d.s.m.c.IdSlotBasedCommandFetcher:[67] - Fetch commands: 0 success, cost: 0ms, totalSlot: 1, currentSlotIndex: 0
[INFO] 2025-10-13 12:07:36.465 +0800 o.a.d.s.m.c.IdSlotBasedCommandFetcher:[67] - Fetch commands: 0 success, cost: 0ms, totalSlot: 1, currentSlotIndex: 0
[INFO] 2025-10-13 12:07:37.474 +0800 o.a.d.s.m.c.IdSlotBasedCommandFetcher:[67] - Fetch commands: 0 success, cost: 0ms, totalSlot: 1, currentSlotIndex: 0
[INFO] 2025-10-13 12:07:38.475 +0800 o.a.d.s.m.c.IdSlotBasedCommandFetcher:[67] - Fetch commands: 0 success, cost: 0ms, totalSlot: 1, currentSlotIndex: 0
[INFO] 2025-10-13 12:07:39.475 +0800 o.a.d.s.m.c.IdSlotBasedCommandFetcher:[67] - Fetch commands: 0 success, cost: 0ms, totalSlot: 1, currentSlotIndex: 0
[INFO] 2025-10-13 12:07:40.054 +0800 o.a.d.s.m.r.t.TaskGroupCoordinator:[187] - Success amend TaskGroupQueue status cost: 0/ms
[INFO] 2025-10-13 12:07:40.054 +0800 o.a.d.s.m.r.t.TaskGroupCoordinator:[241] - Success deal with force start TaskGroupQueue cost: 0/ms
[INFO] 2025-10-13 12:07:40.054 +0800 o.a.d.s.m.r.t.TaskGroupCoordinator:[129] - TaskGroupCoordinator round time cost: 0/ms
[INFO] 2025-10-13 12:07:40.476 +0800 o.a.d.s.m.c.IdSlotBasedCommandFetcher:[67] - Fetch commands: 0 success, cost: 0ms, totalSlot: 1, currentSlotIndex: 0
[INFO] 2025-10-13 12:07:41.476 +0800 o.a.d.s.m.c.IdSlotBasedCommandFetcher:[67] - Fetch commands: 0 success, cost: 0ms, totalSlot: 1, currentSlotIndex: 0
[INFO] 2025-10-13 12:07:42.477 +0800 o.a.d.s.m.c.IdSlotBasedCommandFetcher:[67] - Fetch commands: 0 success, cost: 0ms, totalSlot: 1, currentSlotIndex: 0
[INFO] 2025-10-13 12:07:43.478 +0800 o.a.d.s.m.c.IdSlotBasedCommandFetcher:[67] - Fetch commands: 0 success, cost: 0ms, totalSlot: 1, currentSlotIndex: 0
[INFO] 2025-10-13 12:07:44.478 +0800 o.a.d.s.m.c.IdSlotBasedCommandFetcher:[67] - Fetch commands: 0 success, cost: 0ms, totalSlot: 1, currentSlotIndex: 0
[INFO] 2025-10-13 12:07:45.064 +0800 o.a.d.s.m.r.t.TaskGroupCoordinator:[187] - Success amend TaskGroupQueue status cost: 0/ms
[INFO] 2025-10-13 12:07:45.065 +0800 o.a.d.s.m.r.t.TaskGroupCoordinator:[241] - Success deal with force start TaskGroupQueue cost: 0/ms
[INFO] 2025-10-13 12:07:45.065 +0800 o.a.d.s.m.r.t.TaskGroupCoordinator:[129] - TaskGroupCoordinator round time cost: 0/ms
[INFO] 2025-10-13 12:07:45.478 +0800 o.a.d.s.m.c.IdSlotBasedCommandFetcher:[67] - Fetch commands: 0 success, cost: 0ms, totalSlot: 1, currentSlotIndex: 0
[INFO] 2025-10-13 12:07:46.686 +0800 o.a.d.s.m.c.IdSlotBasedCommandFetcher:[67] - Fetch commands: 0 success, cost: 0ms, totalSlot: 1, currentSlotIndex: 0
[INFO] 2025-10-13 12:07:47.763 +0800 o.a.d.s.m.c.IdSlotBasedCommandFetcher:[67] - Fetch commands: 0 success, cost: 0ms, totalSlot: 1, currentSlotIndex: 0
[INFO] 2025-10-13 12:07:48.835 +0800 o.a.d.s.m.c.IdSlotBasedCommandFetcher:[67] - Fetch commands: 0 success, cost: 0ms, totalSlot: 1, currentSlotIndex: 0
[INFO] 2025-10-13 12:07:49.910 +0800 o.a.d.s.m.c.IdSlotBasedCommandFetcher:[67] - Fetch commands: 0 success, cost: 0ms, totalSlot: 1, currentSlotIndex: 0
[INFO] 2025-10-13 12:07:50.069 +0800 o.a.d.s.m.r.t.TaskGroupCoordinator:[187] - Success amend TaskGroupQueue status cost: 0/ms
[INFO] 2025-10-13 12:07:50.069 +0800 o.a.d.s.m.r.t.TaskGroupCoordinator:[241] - Success deal with force start TaskGroupQueue cost: 0/ms
[INFO] 2025-10-13 12:07:50.069 +0800 o.a.d.s.m.r.t.TaskGroupCoordinator:[129] - TaskGroupCoordinator round time cost: 0/ms
[INFO] 2025-10-13 12:07:50.980 +0800 o.a.d.s.m.c.IdSlotBasedCommandFetcher:[67] - Fetch commands: 0 success, cost: 0ms, totalSlot: 1, currentSlotIndex: 0
[INFO] 2025-10-13 12:07:52.056 +0800 o.a.d.s.m.c.IdSlotBasedCommandFetcher:[67] - Fetch commands: 0 success, cost: 0ms, totalSlot: 1, currentSlotIndex: 0
[INFO] 2025-10-13 12:07:53.129 +0800 o.a.d.s.m.c.IdSlotBasedCommandFetcher:[67] - Fetch commands: 0 success, cost: 0ms, totalSlot: 1, currentSlotIndex: 0
[INFO] 2025-10-13 12:07:54.201 +0800 o.a.d.s.m.c.IdSlotBasedCommandFetcher:[67] - Fetch commands: 0 success, cost: 0ms, totalSlot: 1, currentSlotIndex: 0
[INFO] 2025-10-13 12:07:55.074 +0800 o.a.d.s.m.r.t.TaskGroupCoordinator:[187] - Success amend TaskGroupQueue status cost: 0/ms
[INFO] 2025-10-13 12:07:55.074 +0800 o.a.d.s.m.r.t.TaskGroupCoordinator:[241] - Success deal with force start TaskGroupQueue cost: 0/ms
[INFO] 2025-10-13 12:07:55.074 +0800 o.a.d.s.m.r.t.TaskGroupCoordinator:[129] - TaskGroupCoordinator round time cost: 0/ms
[INFO] 2025-10-13 12:07:55.283 +0800 o.a.d.s.m.c.IdSlotBasedCommandFetcher:[67] - Fetch commands: 0 success, cost: 0ms, totalSlot: 1, currentSlotIndex: 0
[INFO] 2025-10-13 12:07:56.284 +0800 o.a.d.s.m.c.IdSlotBasedCommandFetcher:[67] - Fetch commands: 0 success, cost: 0ms, totalSlot: 1, currentSlotIndex: 0
[INFO] 2025-10-13 12:07:57.284 +0800 o.a.d.s.m.c.IdSlotBasedCommandFetcher:[67] - Fetch commands: 0 success, cost: 0ms, totalSlot: 1, currentSlotIndex: 0
[INFO] 2025-10-13 12:07:58.285 +0800 o.a.d.s.m.c.IdSlotBasedCommandFetcher:[67] - Fetch commands: 0 success, cost: 0ms, totalSlot: 1, currentSlotIndex: 0
[INFO] 2025-10-13 12:07:59.285 +0800 o.a.d.s.m.c.IdSlotBasedCommandFetcher:[67] - Fetch commands: 0 success, cost: 0ms, totalSlot: 1, currentSlotIndex: 0
[INFO] 2025-10-13 12:08:00.078 +0800 o.a.d.s.m.r.t.TaskGroupCoordinator:[187] - Success amend TaskGroupQueue status cost: 0/ms
[INFO] 2025-10-13 12:08:00.078 +0800 o.a.d.s.m.r.t.TaskGroupCoordinator:[241] - Success deal with force start TaskGroupQueue cost: 0/ms
[INFO] 2025-10-13 12:08:00.079 +0800 o.a.d.s.m.r.t.TaskGroupCoordinator:[129] - TaskGroupCoordinator round time cost: 0/ms
[INFO] 2025-10-13 12:08:00.288 +0800 o.a.d.s.m.c.IdSlotBasedCommandFetcher:[67] - Fetch commands: 0 success, cost: 0ms, totalSlot: 1, currentSlotIndex: 0
[INFO] 2025-10-13 12:08:01.289 +0800 o.a.d.s.m.c.IdSlotBasedCommandFetcher:[67] - Fetch commands: 0 success, cost: 0ms, totalSlot: 1, currentSlotIndex: 0
[INFO] 2025-10-13 12:08:02.289 +0800 o.a.d.s.m.c.IdSlotBasedCommandFetcher:[67] - Fetch commands: 0 success, cost: 0ms, totalSlot: 1, currentSlotIndex: 0
[INFO] 2025-10-13 12:08:03.289 +0800 o.a.d.s.m.c.IdSlotBasedCommandFetcher:[67] - Fetch commands: 0 success, cost: 0ms, totalSlot: 1, currentSlotIndex: 0
[INFO] 2025-10-13 12:08:04.303 +0800 o.a.d.s.m.c.IdSlotBasedCommandFetcher:[67] - Fetch commands: 0 success, cost: 0ms, totalSlot: 1, currentSlotIndex: 0
[INFO] 2025-10-13 12:08:05.082 +0800 o.a.d.s.m.r.t.TaskGroupCoordinator:[187] - Success amend TaskGroupQueue status cost: 0/ms
[INFO] 2025-10-13 12:08:05.082 +0800 o.a.d.s.m.r.t.TaskGroupCoordinator:[241] - Success deal with force start TaskGroupQueue cost: 0/ms
[INFO] 2025-10-13 12:08:05.082 +0800 o.a.d.s.m.r.t.TaskGroupCoordinator:[129] - TaskGroupCoordinator round time cost: 0/ms
[INFO] 2025-10-13 12:08:05.304 +0800 o.a.d.s.m.c.IdSlotBasedCommandFetcher:[67] - Fetch commands: 0 success, cost: 0ms, totalSlot: 1, currentSlotIndex: 0
[INFO] 2025-10-13 12:08:06.312 +0800 o.a.d.s.m.c.IdSlotBasedCommandFetcher:[67] - Fetch commands: 0 success, cost: 0ms, totalSlot: 1, currentSlotIndex: 0
[INFO] 2025-10-13 12:08:07.424 +0800 o.a.d.s.m.c.IdSlotBasedCommandFetcher:[67] - Fetch commands: 0 success, cost: 0ms, totalSlot: 1, currentSlotIndex: 0
[INFO] 2025-10-13 12:08:08.494 +0800 o.a.d.s.m.c.IdSlotBasedCommandFetcher:[67] - Fetch commands: 0 success, cost: 0ms, totalSlot: 1, currentSlotIndex: 0
[INFO] 2025-10-13 12:08:09.571 +0800 o.a.d.s.m.c.IdSlotBasedCommandFetcher:[67] - Fetch commands: 0 success, cost: 0ms, totalSlot: 1, currentSlotIndex: 0
[INFO] 2025-10-13 12:08:10.101 +0800 o.a.d.s.m.r.t.TaskGroupCoordinator:[187] - Success amend TaskGroupQueue status cost: 0/ms
[INFO] 2025-10-13 12:08:10.101 +0800 o.a.d.s.m.r.t.TaskGroupCoordinator:[241] - Success deal with force start TaskGroupQueue cost: 0/ms
[INFO] 2025-10-13 12:08:10.103 +0800 o.a.d.s.m.r.t.TaskGroupCoordinator:[129] - TaskGroupCoordinator round time cost: 0/ms
[INFO] 2025-10-13 12:08:10.643 +0800 o.a.d.s.m.c.IdSlotBasedCommandFetcher:[67] - Fetch commands: 0 success, cost: 0ms, totalSlot: 1, currentSlotIndex: 0
[INFO] 2025-10-13 12:08:11.716 +0800 o.a.d.s.m.c.IdSlotBasedCommandFetcher:[67] - Fetch commands: 0 success, cost: 1ms, totalSlot: 1, currentSlotIndex: 0
[INFO] 2025-10-13 12:08:12.788 +0800 o.a.d.s.m.c.IdSlotBasedCommandFetcher:[67] - Fetch commands: 0 success, cost: 0ms, totalSlot: 1, currentSlotIndex: 0
[INFO] 2025-10-13 12:08:13.869 +0800 o.a.d.s.m.c.IdSlotBasedCommandFetcher:[67] - Fetch commands: 0 success, cost: 0ms, totalSlot: 1, currentSlotIndex: 0
[INFO] 2025-10-13 12:08:15.069 +0800 o.a.d.s.m.c.IdSlotBasedCommandFetcher:[67] - Fetch commands: 0 success, cost: 1ms, totalSlot: 1, currentSlotIndex: 0
[INFO] 2025-10-13 12:08:15.108 +0800 o.a.d.s.m.r.t.TaskGroupCoordinator:[187] - Success amend TaskGroupQueue status cost: 0/ms
[INFO] 2025-10-13 12:08:15.108 +0800 o.a.d.s.m.r.t.TaskGroupCoordinator:[241] - Success deal with force start TaskGroupQueue cost: 0/ms
[INFO] 2025-10-13 12:08:15.108 +0800 o.a.d.s.m.r.t.TaskGroupCoordinator:[129] - TaskGroupCoordinator round time cost: 0/ms
[INFO] 2025-10-13 12:08:16.070 +0800 o.a.d.s.m.c.IdSlotBasedCommandFetcher:[67] - Fetch commands: 0 success, cost: 0ms, totalSlot: 1, currentSlotIndex: 0
[INFO] 2025-10-13 12:08:17.070 +0800 o.a.d.s.m.c.IdSlotBasedCommandFetcher:[67] - Fetch commands: 0 success, cost: 0ms, totalSlot: 1, currentSlotIndex: 0
[INFO] 2025-10-13 12:08:18.078 +0800 o.a.d.s.m.c.IdSlotBasedCommandFetcher:[67] - Fetch commands: 0 success, cost: 0ms, totalSlot: 1, currentSlotIndex: 0
[INFO] 2025-10-13 12:08:19.079 +0800 o.a.d.s.m.c.IdSlotBasedCommandFetcher:[67] - Fetch commands: 0 success, cost: 0ms, totalSlot: 1, currentSlotIndex: 0
[INFO] 2025-10-13 12:08:20.079 +0800 o.a.d.s.m.c.IdSlotBasedCommandFetcher:[67] - Fetch commands: 0 success, cost: 0ms, totalSlot: 1, currentSlotIndex: 0
[INFO] 2025-10-13 12:08:20.113 +0800 o.a.d.s.m.r.t.TaskGroupCoordinator:[187] - Success amend TaskGroupQueue status cost: 0/ms
[INFO] 2025-10-13 12:08:20.113 +0800 o.a.d.s.m.r.t.TaskGroupCoordinator:[241] - Success deal with force start TaskGroupQueue cost: 0/ms
[INFO] 2025-10-13 12:08:20.113 +0800 o.a.d.s.m.r.t.TaskGroupCoordinator:[129] - TaskGroupCoordinator round time cost: 0/ms
[INFO] 2025-10-13 12:08:21.080 +0800 o.a.d.s.m.c.IdSlotBasedCommandFetcher:[67] - Fetch commands: 0 success, cost: 0ms, totalSlot: 1, currentSlotIndex: 0
[INFO] 2025-10-13 12:08:22.088 +0800 o.a.d.s.m.c.IdSlotBasedCommandFetcher:[67] - Fetch commands: 0 success, cost: 0ms, totalSlot: 1, currentSlotIndex: 0
[INFO] 2025-10-13 12:08:23.099 +0800 o.a.d.s.m.c.IdSlotBasedCommandFetcher:[67] - Fetch commands: 0 success, cost: 0ms, totalSlot: 1, currentSlotIndex: 0
[INFO] 2025-10-13 12:08:24.099 +0800 o.a.d.s.m.c.IdSlotBasedCommandFetcher:[67] - Fetch commands: 0 success, cost: 0ms, totalSlot: 1, currentSlotIndex: 0
[INFO] 2025-10-13 12:08:25.100 +0800 o.a.d.s.m.c.IdSlotBasedCommandFetcher:[67] - Fetch commands: 0 success, cost: 0ms, totalSlot: 1, currentSlotIndex: 0
[INFO] 2025-10-13 12:08:25.117 +0800 o.a.d.s.m.r.t.TaskGroupCoordinator:[187] - Success amend TaskGroupQueue status cost: 0/ms
[INFO] 2025-10-13 12:08:25.118 +0800 o.a.d.s.m.r.t.TaskGroupCoordinator:[241] - Success deal with force start TaskGroupQueue cost: 0/ms
[INFO] 2025-10-13 12:08:25.118 +0800 o.a.d.s.m.r.t.TaskGroupCoordinator:[129] - TaskGroupCoordinator round time cost: 0/ms
[INFO] 2025-10-13 12:08:26.102 +0800 o.a.d.s.m.c.IdSlotBasedCommandFetcher:[67] - Fetch commands: 0 success, cost: 0ms, totalSlot: 1, currentSlotIndex: 0
[INFO] 2025-10-13 12:08:27.102 +0800 o.a.d.s.m.c.IdSlotBasedCommandFetcher:[67] - Fetch commands: 0 success, cost: 0ms, totalSlot: 1, currentSlotIndex: 0
[INFO] 2025-10-13 12:08:28.300 +0800 o.a.d.s.m.c.IdSlotBasedCommandFetcher:[67] - Fetch commands: 0 success, cost: 0ms, totalSlot: 1, currentSlotIndex: 0
[INFO] 2025-10-13 12:08:29.301 +0800 o.a.d.s.m.c.IdSlotBasedCommandFetcher:[67] - Fetch commands: 0 success, cost: 0ms, totalSlot: 1, currentSlotIndex: 0
[INFO] 2025-10-13 12:08:30.137 +0800 o.a.d.s.m.r.t.TaskGroupCoordinator:[187] - Success amend TaskGroupQueue status cost: 0/ms
[INFO] 2025-10-13 12:08:30.137 +0800 o.a.d.s.m.r.t.TaskGroupCoordinator:[241] - Success deal with force start TaskGroupQueue cost: 0/ms
[INFO] 2025-10-13 12:08:30.137 +0800 o.a.d.s.m.r.t.TaskGroupCoordinator:[129] - TaskGroupCoordinator round time cost: 0/ms
[INFO] 2025-10-13 12:08:30.301 +0800 o.a.d.s.m.c.IdSlotBasedCommandFetcher:[67] - Fetch commands: 0 success, cost: 0ms, totalSlot: 1, currentSlotIndex: 0
[INFO] 2025-10-13 12:08:31.302 +0800 o.a.d.s.m.c.IdSlotBasedCommandFetcher:[67] - Fetch commands: 0 success, cost: 0ms, totalSlot: 1, currentSlotIndex: 0
[INFO] 2025-10-13 12:08:32.302 +0800 o.a.d.s.m.c.IdSlotBasedCommandFetcher:[67] - Fetch commands: 0 success, cost: 0ms, totalSlot: 1, currentSlotIndex: 0
[INFO] 2025-10-13 12:08:33.302 +0800 o.a.d.s.m.c.IdSlotBasedCommandFetcher:[67] - Fetch commands: 0 success, cost: 0ms, totalSlot: 1, currentSlotIndex: 0
[INFO] 2025-10-13 12:08:34.303 +0800 o.a.d.s.m.c.IdSlotBasedCommandFetcher:[67] - Fetch commands: 0 success, cost: 0ms, totalSlot: 1, currentSlotIndex: 0
[INFO] 2025-10-13 12:08:35.142 +0800 o.a.d.s.m.r.t.TaskGroupCoordinator:[187] - Success amend TaskGroupQueue status cost: 0/ms
[INFO] 2025-10-13 12:08:35.142 +0800 o.a.d.s.m.r.t.TaskGroupCoordinator:[241] - Success deal with force start TaskGroupQueue cost: 0/ms
[INFO] 2025-10-13 12:08:35.142 +0800 o.a.d.s.m.r.t.TaskGroupCoordinator:[129] - TaskGroupCoordinator round time cost: 0/ms
[INFO] 2025-10-13 12:08:35.303 +0800 o.a.d.s.m.c.IdSlotBasedCommandFetcher:[67] - Fetch commands: 0 success, cost: 0ms, totalSlot: 1, currentSlotIndex: 0
[INFO] 2025-10-13 12:08:36.304 +0800 o.a.d.s.m.c.IdSlotBasedCommandFetcher:[67] - Fetch commands: 0 success, cost: 0ms, totalSlot: 1, currentSlotIndex: 0
[INFO] 2025-10-13 12:08:37.304 +0800 o.a.d.s.m.c.IdSlotBasedCommandFetcher:[67] - Fetch commands: 0 success, cost: 0ms, totalSlot: 1, currentSlotIndex: 0
[INFO] 2025-10-13 12:08:38.318 +0800 o.a.d.s.m.c.IdSlotBasedCommandFetcher:[67] - Fetch commands: 0 success, cost: 0ms, totalSlot: 1, currentSlotIndex: 0
[INFO] 2025-10-13 12:08:39.318 +0800 o.a.d.s.m.c.IdSlotBasedCommandFetcher:[67] - Fetch commands: 0 success, cost: 0ms, totalSlot: 1, currentSlotIndex: 0
[INFO] 2025-10-13 12:08:40.147 +0800 o.a.d.s.m.r.t.TaskGroupCoordinator:[187] - Success amend TaskGroupQueue status cost: 0/ms
[INFO] 2025-10-13 12:08:40.147 +0800 o.a.d.s.m.r.t.TaskGroupCoordinator:[241] - Success deal with force start TaskGroupQueue cost: 0/ms
[INFO] 2025-10-13 12:08:40.147 +0800 o.a.d.s.m.r.t.TaskGroupCoordinator:[129] - TaskGroupCoordinator round time cost: 0/ms
[INFO] 2025-10-13 12:08:40.333 +0800 o.a.d.s.m.c.IdSlotBasedCommandFetcher:[67] - Fetch commands: 0 success, cost: 0ms, totalSlot: 1, currentSlotIndex: 0
[INFO] 2025-10-13 12:08:41.333 +0800 o.a.d.s.m.c.IdSlotBasedCommandFetcher:[67] - Fetch commands: 0 success, cost: 0ms, totalSlot: 1, currentSlotIndex: 0
[INFO] 2025-10-13 12:08:42.513 +0800 o.a.d.s.m.c.IdSlotBasedCommandFetcher:[67] - Fetch commands: 0 success, cost: 0ms, totalSlot: 1, currentSlotIndex: 0
[INFO] 2025-10-13 12:08:43.594 +0800 o.a.d.s.m.c.IdSlotBasedCommandFetcher:[67] - Fetch commands: 0 success, cost: 0ms, totalSlot: 1, currentSlotIndex: 0
[INFO] 2025-10-13 12:08:44.716 +0800 o.a.d.s.m.c.IdSlotBasedCommandFetcher:[67] - Fetch commands: 0 success, cost: 0ms, totalSlot: 1, currentSlotIndex: 0
[INFO] 2025-10-13 12:08:45.156 +0800 o.a.d.s.m.r.t.TaskGroupCoordinator:[187] - Success amend TaskGroupQueue status cost: 0/ms
[INFO] 2025-10-13 12:08:45.156 +0800 o.a.d.s.m.r.t.TaskGroupCoordinator:[241] - Success deal with force start TaskGroupQueue cost: 0/ms
[INFO] 2025-10-13 12:08:45.156 +0800 o.a.d.s.m.r.t.TaskGroupCoordinator:[129] - TaskGroupCoordinator round time cost: 0/ms
[INFO] 2025-10-13 12:08:45.719 +0800 o.a.d.s.m.c.IdSlotBasedCommandFetcher:[67] - Fetch commands: 0 success, cost: 0ms, totalSlot: 1, currentSlotIndex: 0
[INFO] 2025-10-13 12:08:46.720 +0800 o.a.d.s.m.c.IdSlotBasedCommandFetcher:[67] - Fetch commands: 0 success, cost: 0ms, totalSlot: 1, currentSlotIndex: 0
[INFO] 2025-10-13 12:08:47.720 +0800 o.a.d.s.m.c.IdSlotBasedCommandFetcher:[67] - Fetch commands: 0 success, cost: 0ms, totalSlot: 1, currentSlotIndex: 0
[INFO] 2025-10-13 12:08:48.720 +0800 o.a.d.s.m.c.IdSlotBasedCommandFetcher:[67] - Fetch commands: 0 success, cost: 0ms, totalSlot: 1, currentSlotIndex: 0
[INFO] 2025-10-13 12:08:49.720 +0800 o.a.d.s.m.c.IdSlotBasedCommandFetcher:[67] - Fetch commands: 0 success, cost: 0ms, totalSlot: 1, currentSlotIndex: 0
[INFO] 2025-10-13 12:08:50.161 +0800 o.a.d.s.m.r.t.TaskGroupCoordinator:[187] - Success amend TaskGroupQueue status cost: 0/ms
[INFO] 2025-10-13 12:08:50.162 +0800 o.a.d.s.m.r.t.TaskGroupCoordinator:[241] - Success deal with force start TaskGroupQueue cost: 0/ms
[INFO] 2025-10-13 12:08:50.162 +0800 o.a.d.s.m.r.t.TaskGroupCoordinator:[129] - TaskGroupCoordinator round time cost: 0/ms
[INFO] 2025-10-13 12:08:50.721 +0800 o.a.d.s.m.c.IdSlotBasedCommandFetcher:[67] - Fetch commands: 0 success, cost: 0ms, totalSlot: 1, currentSlotIndex: 0
[INFO] 2025-10-13 12:08:51.722 +0800 o.a.d.s.m.c.IdSlotBasedCommandFetcher:[67] - Fetch commands: 0 success, cost: 0ms, totalSlot: 1, currentSlotIndex: 0
[INFO] 2025-10-13 12:08:52.722 +0800 o.a.d.s.m.c.IdSlotBasedCommandFetcher:[67] - Fetch commands: 0 success, cost: 0ms, totalSlot: 1, currentSlotIndex: 0
[INFO] 2025-10-13 12:08:53.723 +0800 o.a.d.s.m.c.IdSlotBasedCommandFetcher:[67] - Fetch commands: 0 success, cost: 0ms, totalSlot: 1, currentSlotIndex: 0
[INFO] 2025-10-13 12:08:54.723 +0800 o.a.d.s.m.c.IdSlotBasedCommandFetcher:[67] - Fetch commands: 0 success, cost: 0ms, totalSlot: 1, currentSlotIndex: 0
[INFO] 2025-10-13 12:08:55.165 +0800 o.a.d.s.m.r.t.TaskGroupCoordinator:[187] - Success amend TaskGroupQueue status cost: 0/ms
[INFO] 2025-10-13 12:08:55.165 +0800 o.a.d.s.m.r.t.TaskGroupCoordinator:[241] - Success deal with force start TaskGroupQueue cost: 0/ms
[INFO] 2025-10-13 12:08:55.165 +0800 o.a.d.s.m.r.t.TaskGroupCoordinator:[129] - TaskGroupCoordinator round time cost: 0/ms
[INFO] 2025-10-13 12:08:55.723 +0800 o.a.d.s.m.c.IdSlotBasedCommandFetcher:[67] - Fetch commands: 0 success, cost: 0ms, totalSlot: 1, currentSlotIndex: 0
[INFO] 2025-10-13 12:08:56.724 +0800 o.a.d.s.m.c.IdSlotBasedCommandFetcher:[67] - Fetch commands: 0 success, cost: 0ms, totalSlot: 1, currentSlotIndex: 0
[INFO] 2025-10-13 12:08:57.865 +0800 o.a.d.s.m.c.IdSlotBasedCommandFetcher:[67] - Fetch commands: 0 success, cost: 0ms, totalSlot: 1, currentSlotIndex: 0
[INFO] 2025-10-13 12:08:58.948 +0800 o.a.d.s.m.c.IdSlotBasedCommandFetcher:[67] - Fetch commands: 0 success, cost: 0ms, totalSlot: 1, currentSlotIndex: 0
[INFO] 2025-10-13 12:09:00.023 +0800 o.a.d.s.m.c.IdSlotBasedCommandFetcher:[67] - Fetch commands: 0 success, cost: 0ms, totalSlot: 1, currentSlotIndex: 0
[INFO] 2025-10-13 12:09:00.171 +0800 o.a.d.s.m.r.t.TaskGroupCoordinator:[187] - Success amend TaskGroupQueue status cost: 0/ms
[INFO] 2025-10-13 12:09:00.171 +0800 o.a.d.s.m.r.t.TaskGroupCoordinator:[241] - Success deal with force start TaskGroupQueue cost: 0/ms
[INFO] 2025-10-13 12:09:00.171 +0800 o.a.d.s.m.r.t.TaskGroupCoordinator:[129] - TaskGroupCoordinator round time cost: 0/ms
[INFO] 2025-10-13 12:09:01.109 +0800 o.a.d.s.m.c.IdSlotBasedCommandFetcher:[67] - Fetch commands: 0 success, cost: 0ms, totalSlot: 1, currentSlotIndex: 0
[INFO] 2025-10-13 12:09:02.182 +0800 o.a.d.s.m.c.IdSlotBasedCommandFetcher:[67] - Fetch commands: 0 success, cost: 0ms, totalSlot: 1, currentSlotIndex: 0
[INFO] 2025-10-13 12:09:03.255 +0800 o.a.d.s.m.c.IdSlotBasedCommandFetcher:[67] - Fetch commands: 0 success, cost: 0ms, totalSlot: 1, currentSlotIndex: 0
[INFO] 2025-10-13 12:09:04.332 +0800 o.a.d.s.m.c.IdSlotBasedCommandFetcher:[67] - Fetch commands: 0 success, cost: 1ms, totalSlot: 1, currentSlotIndex: 0
[INFO] 2025-10-13 12:09:05.192 +0800 o.a.d.s.m.r.t.TaskGroupCoordinator:[187] - Success amend TaskGroupQueue status cost: 0/ms
[INFO] 2025-10-13 12:09:05.192 +0800 o.a.d.s.m.r.t.TaskGroupCoordinator:[241] - Success deal with force start TaskGroupQueue cost: 0/ms
[INFO] 2025-10-13 12:09:05.192 +0800 o.a.d.s.m.r.t.TaskGroupCoordinator:[129] - TaskGroupCoordinator round time cost: 0/ms
[INFO] 2025-10-13 12:09:05.403 +0800 o.a.d.s.m.c.IdSlotBasedCommandFetcher:[67] - Fetch commands: 0 success, cost: 0ms, totalSlot: 1, currentSlotIndex: 0
[INFO] 2025-10-13 12:09:06.482 +0800 o.a.d.s.m.c.IdSlotBasedCommandFetcher:[67] - Fetch commands: 0 success, cost: 0ms, totalSlot: 1, currentSlotIndex: 0
[INFO] 2025-10-13 12:09:07.560 +0800 o.a.d.s.m.c.IdSlotBasedCommandFetcher:[67] - Fetch commands: 0 success, cost: 0ms, totalSlot: 1, currentSlotIndex: 0
[INFO] 2025-10-13 12:09:08.635 +0800 o.a.d.s.m.c.IdSlotBasedCommandFetcher:[67] - Fetch commands: 0 success, cost: 1ms, totalSlot: 1, currentSlotIndex: 0
[INFO] 2025-10-13 12:09:09.780 +0800 o.a.d.s.m.c.IdSlotBasedCommandFetcher:[67] - Fetch commands: 0 success, cost: 0ms, totalSlot: 1, currentSlotIndex: 0
[INFO] 2025-10-13 12:09:10.209 +0800 o.a.d.s.m.r.t.TaskGroupCoordinator:[187] - Success amend TaskGroupQueue status cost: 0/ms
[INFO] 2025-10-13 12:09:10.210 +0800 o.a.d.s.m.r.t.TaskGroupCoordinator:[241] - Success deal with force start TaskGroupQueue cost: 0/ms
[INFO] 2025-10-13 12:09:10.210 +0800 o.a.d.s.m.r.t.TaskGroupCoordinator:[129] - TaskGroupCoordinator round time cost: 0/ms
[INFO] 2025-10-13 12:09:10.782 +0800 o.a.d.s.m.c.IdSlotBasedCommandFetcher:[67] - Fetch commands: 0 success, cost: 0ms, totalSlot: 1, currentSlotIndex: 0
[INFO] 2025-10-13 12:09:11.782 +0800 o.a.d.s.m.c.IdSlotBasedCommandFetcher:[67] - Fetch commands: 0 success, cost: 0ms, totalSlot: 1, currentSlotIndex: 0
[INFO] 2025-10-13 12:09:12.783 +0800 o.a.d.s.m.c.IdSlotBasedCommandFetcher:[67] - Fetch commands: 0 success, cost: 0ms, totalSlot: 1, currentSlotIndex: 0
[INFO] 2025-10-13 12:09:13.784 +0800 o.a.d.s.m.c.IdSlotBasedCommandFetcher:[67] - Fetch commands: 0 success, cost: 0ms, totalSlot: 1, currentSlotIndex: 0
[INFO] 2025-10-13 12:09:14.784 +0800 o.a.d.s.m.c.IdSlotBasedCommandFetcher:[67] - Fetch commands: 0 success, cost: 0ms, totalSlot: 1, currentSlotIndex: 0
[INFO] 2025-10-13 12:09:15.215 +0800 o.a.d.s.m.r.t.TaskGroupCoordinator:[187] - Success amend TaskGroupQueue status cost: 0/ms
[INFO] 2025-10-13 12:09:15.215 +0800 o.a.d.s.m.r.t.TaskGroupCoordinator:[241] - Success deal with force start TaskGroupQueue cost: 0/ms
[INFO] 2025-10-13 12:09:15.215 +0800 o.a.d.s.m.r.t.TaskGroupCoordinator:[129] - TaskGroupCoordinator round time cost: 0/ms
[INFO] 2025-10-13 12:09:15.784 +0800 o.a.d.s.m.c.IdSlotBasedCommandFetcher:[67] - Fetch commands: 0 success, cost: 0ms, totalSlot: 1, currentSlotIndex: 0
[INFO] 2025-10-13 12:09:16.785 +0800 o.a.d.s.m.c.IdSlotBasedCommandFetcher:[67] - Fetch commands: 0 success, cost: 0ms, totalSlot: 1, currentSlotIndex: 0
[INFO] 2025-10-13 12:09:17.785 +0800 o.a.d.s.m.c.IdSlotBasedCommandFetcher:[67] - Fetch commands: 0 success, cost: 0ms, totalSlot: 1, currentSlotIndex: 0
[INFO] 2025-10-13 12:09:18.799 +0800 o.a.d.s.m.c.IdSlotBasedCommandFetcher:[67] - Fetch commands: 0 success, cost: 0ms, totalSlot: 1, currentSlotIndex: 0
[INFO] 2025-10-13 12:09:19.799 +0800 o.a.d.s.m.c.IdSlotBasedCommandFetcher:[67] - Fetch commands: 0 success, cost: 0ms, totalSlot: 1, currentSlotIndex: 0
[INFO] 2025-10-13 12:09:20.221 +0800 o.a.d.s.m.r.t.TaskGroupCoordinator:[187] - Success amend TaskGroupQueue status cost: 0/ms
[INFO] 2025-10-13 12:09:20.221 +0800 o.a.d.s.m.r.t.TaskGroupCoordinator:[241] - Success deal with force start TaskGroupQueue cost: 0/ms
[INFO] 2025-10-13 12:09:20.221 +0800 o.a.d.s.m.r.t.TaskGroupCoordinator:[129] - TaskGroupCoordinator round time cost: 0/ms
[INFO] 2025-10-13 12:09:20.804 +0800 o.a.d.s.m.c.IdSlotBasedCommandFetcher:[67] - Fetch commands: 0 success, cost: 0ms, totalSlot: 1, currentSlotIndex: 0
[INFO] 2025-10-13 12:09:21.886 +0800 o.a.d.s.m.c.IdSlotBasedCommandFetcher:[67] - Fetch commands: 0 success, cost: 0ms, totalSlot: 1, currentSlotIndex: 0
[INFO] 2025-10-13 12:09:22.970 +0800 o.a.d.s.m.c.IdSlotBasedCommandFetcher:[67] - Fetch commands: 0 success, cost: 0ms, totalSlot: 1, currentSlotIndex: 0
[INFO] 2025-10-13 12:09:24.050 +0800 o.a.d.s.m.c.IdSlotBasedCommandFetcher:[67] - Fetch commands: 0 success, cost: 1ms, totalSlot: 1, currentSlotIndex: 0
[INFO] 2025-10-13 12:09:25.186 +0800 o.a.d.s.m.c.IdSlotBasedCommandFetcher:[67] - Fetch commands: 0 success, cost: 1ms, totalSlot: 1, currentSlotIndex: 0
[INFO] 2025-10-13 12:09:25.225 +0800 o.a.d.s.m.r.t.TaskGroupCoordinator:[187] - Success amend TaskGroupQueue status cost: 0/ms
[INFO] 2025-10-13 12:09:25.225 +0800 o.a.d.s.m.r.t.TaskGroupCoordinator:[241] - Success deal with force start TaskGroupQueue cost: 0/ms
[INFO] 2025-10-13 12:09:25.226 +0800 o.a.d.s.m.r.t.TaskGroupCoordinator:[129] - TaskGroupCoordinator round time cost: 0/ms
[INFO] 2025-10-13 12:09:26.186 +0800 o.a.d.s.m.c.IdSlotBasedCommandFetcher:[67] - Fetch commands: 0 success, cost: 0ms, totalSlot: 1, currentSlotIndex: 0
[INFO] 2025-10-13 12:09:27.187 +0800 o.a.d.s.m.c.IdSlotBasedCommandFetcher:[67] - Fetch commands: 0 success, cost: 0ms, totalSlot: 1, currentSlotIndex: 0
[INFO] 2025-10-13 12:09:28.187 +0800 o.a.d.s.m.c.IdSlotBasedCommandFetcher:[67] - Fetch commands: 0 success, cost: 0ms, totalSlot: 1, currentSlotIndex: 0
[INFO] 2025-10-13 12:09:29.187 +0800 o.a.d.s.m.c.IdSlotBasedCommandFetcher:[67] - Fetch commands: 0 success, cost: 0ms, totalSlot: 1, currentSlotIndex: 0
[INFO] 2025-10-13 12:09:30.187 +0800 o.a.d.s.m.c.IdSlotBasedCommandFetcher:[67] - Fetch commands: 0 success, cost: 0ms, totalSlot: 1, currentSlotIndex: 0
[INFO] 2025-10-13 12:09:30.229 +0800 o.a.d.s.m.r.t.TaskGroupCoordinator:[187] - Success amend TaskGroupQueue status cost: 0/ms
[INFO] 2025-10-13 12:09:30.230 +0800 o.a.d.s.m.r.t.TaskGroupCoordinator:[241] - Success deal with force start TaskGroupQueue cost: 0/ms
[INFO] 2025-10-13 12:09:30.230 +0800 o.a.d.s.m.r.t.TaskGroupCoordinator:[129] - TaskGroupCoordinator round time cost: 0/ms
[INFO] 2025-10-13 12:09:31.188 +0800 o.a.d.s.m.c.IdSlotBasedCommandFetcher:[67] - Fetch commands: 0 success, cost: 0ms, totalSlot: 1, currentSlotIndex: 0
[INFO] 2025-10-13 12:09:32.188 +0800 o.a.d.s.m.c.IdSlotBasedCommandFetcher:[67] - Fetch commands: 0 success, cost: 0ms, totalSlot: 1, currentSlotIndex: 0
[INFO] 2025-10-13 12:09:33.189 +0800 o.a.d.s.m.c.IdSlotBasedCommandFetcher:[67] - Fetch commands: 0 success, cost: 0ms, totalSlot: 1, currentSlotIndex: 0
[INFO] 2025-10-13 12:09:34.190 +0800 o.a.d.s.m.c.IdSlotBasedCommandFetcher:[67] - Fetch commands: 0 success, cost: 0ms, totalSlot: 1, currentSlotIndex: 0
[INFO] 2025-10-13 12:09:35.190 +0800 o.a.d.s.m.c.IdSlotBasedCommandFetcher:[67] - Fetch commands: 0 success, cost: 0ms, totalSlot: 1, currentSlotIndex: 0
[INFO] 2025-10-13 12:09:35.237 +0800 o.a.d.s.m.r.t.TaskGroupCoordinator:[187] - Success amend TaskGroupQueue status cost: 0/ms
[INFO] 2025-10-13 12:09:35.237 +0800 o.a.d.s.m.r.t.TaskGroupCoordinator:[241] - Success deal with force start TaskGroupQueue cost: 0/ms
[INFO] 2025-10-13 12:09:35.238 +0800 o.a.d.s.m.r.t.TaskGroupCoordinator:[129] - TaskGroupCoordinator round time cost: 1/ms
[INFO] 2025-10-13 12:09:36.190 +0800 o.a.d.s.m.c.IdSlotBasedCommandFetcher:[67] - Fetch commands: 0 success, cost: 0ms, totalSlot: 1, currentSlotIndex: 0
[INFO] 2025-10-13 12:09:37.271 +0800 o.a.d.s.m.c.IdSlotBasedCommandFetcher:[67] - Fetch commands: 0 success, cost: 0ms, totalSlot: 1, currentSlotIndex: 0
[INFO] 2025-10-13 12:09:38.343 +0800 o.a.d.s.m.c.IdSlotBasedCommandFetcher:[67] - Fetch commands: 0 success, cost: 0ms, totalSlot: 1, currentSlotIndex: 0
[INFO] 2025-10-13 12:09:39.412 +0800 o.a.d.s.m.c.IdSlotBasedCommandFetcher:[67] - Fetch commands: 0 success, cost: 0ms, totalSlot: 1, currentSlotIndex: 0
[INFO] 2025-10-13 12:09:40.244 +0800 o.a.d.s.m.r.t.TaskGroupCoordinator:[187] - Success amend TaskGroupQueue status cost: 0/ms
[INFO] 2025-10-13 12:09:40.244 +0800 o.a.d.s.m.r.t.TaskGroupCoordinator:[241] - Success deal with force start TaskGroupQueue cost: 0/ms
[INFO] 2025-10-13 12:09:40.244 +0800 o.a.d.s.m.r.t.TaskGroupCoordinator:[129] - TaskGroupCoordinator round time cost: 0/ms
[INFO] 2025-10-13 12:09:40.488 +0800 o.a.d.s.m.c.IdSlotBasedCommandFetcher:[67] - Fetch commands: 0 success, cost: 0ms, totalSlot: 1, currentSlotIndex: 0
[INFO] 2025-10-13 12:09:41.557 +0800 o.a.d.s.m.c.IdSlotBasedCommandFetcher:[67] - Fetch commands: 0 success, cost: 0ms, totalSlot: 1, currentSlotIndex: 0
[INFO] 2025-10-13 12:09:42.633 +0800 o.a.d.s.m.c.IdSlotBasedCommandFetcher:[67] - Fetch commands: 0 success, cost: 0ms, totalSlot: 1, currentSlotIndex: 0
[INFO] 2025-10-13 12:09:43.704 +0800 o.a.d.s.m.c.IdSlotBasedCommandFetcher:[67] - Fetch commands: 0 success, cost: 0ms, totalSlot: 1, currentSlotIndex: 0
[INFO] 2025-10-13 12:09:44.772 +0800 o.a.d.s.m.c.IdSlotBasedCommandFetcher:[67] - Fetch commands: 0 success, cost: 0ms, totalSlot: 1, currentSlotIndex: 0
[INFO] 2025-10-13 12:09:45.252 +0800 o.a.d.s.m.r.t.TaskGroupCoordinator:[187] - Success amend TaskGroupQueue status cost: 0/ms
[INFO] 2025-10-13 12:09:45.252 +0800 o.a.d.s.m.r.t.TaskGroupCoordinator:[241] - Success deal with force start TaskGroupQueue cost: 0/ms
[INFO] 2025-10-13 12:09:45.252 +0800 o.a.d.s.m.r.t.TaskGroupCoordinator:[129] - TaskGroupCoordinator round time cost: 0/ms
[INFO] 2025-10-13 12:09:45.843 +0800 o.a.d.s.m.c.IdSlotBasedCommandFetcher:[67] - Fetch commands: 0 success, cost: 0ms, totalSlot: 1, currentSlotIndex: 0
[INFO] 2025-10-13 12:09:46.914 +0800 o.a.d.s.m.c.IdSlotBasedCommandFetcher:[67] - Fetch commands: 0 success, cost: 1ms, totalSlot: 1, currentSlotIndex: 0
[INFO] 2025-10-13 12:09:47.984 +0800 o.a.d.s.m.c.IdSlotBasedCommandFetcher:[67] - Fetch commands: 0 success, cost: 0ms, totalSlot: 1, currentSlotIndex: 0
[INFO] 2025-10-13 12:09:49.154 +0800 o.a.d.s.m.c.IdSlotBasedCommandFetcher:[67] - Fetch commands: 0 success, cost: 0ms, totalSlot: 1, currentSlotIndex: 0
[INFO] 2025-10-13 12:09:50.154 +0800 o.a.d.s.m.c.IdSlotBasedCommandFetcher:[67] - Fetch commands: 0 success, cost: 0ms, totalSlot: 1, currentSlotIndex: 0
[INFO] 2025-10-13 12:09:50.256 +0800 o.a.d.s.m.r.t.TaskGroupCoordinator:[187] - Success amend TaskGroupQueue status cost: 0/ms
[INFO] 2025-10-13 12:09:50.256 +0800 o.a.d.s.m.r.t.TaskGroupCoordinator:[241] - Success deal with force start TaskGroupQueue cost: 0/ms
[INFO] 2025-10-13 12:09:50.256 +0800 o.a.d.s.m.r.t.TaskGroupCoordinator:[129] - TaskGroupCoordinator round time cost: 0/ms
[INFO] 2025-10-13 12:09:51.155 +0800 o.a.d.s.m.c.IdSlotBasedCommandFetcher:[67] - Fetch commands: 0 success, cost: 0ms, totalSlot: 1, currentSlotIndex: 0
[INFO] 2025-10-13 12:09:52.156 +0800 o.a.d.s.m.c.IdSlotBasedCommandFetcher:[67] - Fetch commands: 0 success, cost: 0ms, totalSlot: 1, currentSlotIndex: 0
[INFO] 2025-10-13 12:09:53.156 +0800 o.a.d.s.m.c.IdSlotBasedCommandFetcher:[67] - Fetch commands: 0 success, cost: 0ms, totalSlot: 1, currentSlotIndex: 0
[INFO] 2025-10-13 12:09:54.157 +0800 o.a.d.s.m.c.IdSlotBasedCommandFetcher:[67] - Fetch commands: 0 success, cost: 0ms, totalSlot: 1, currentSlotIndex: 0
[INFO] 2025-10-13 12:09:55.158 +0800 o.a.d.s.m.c.IdSlotBasedCommandFetcher:[67] - Fetch commands: 0 success, cost: 0ms, totalSlot: 1, currentSlotIndex: 0
[INFO] 2025-10-13 12:09:55.261 +0800 o.a.d.s.m.r.t.TaskGroupCoordinator:[187] - Success amend TaskGroupQueue status cost: 0/ms
[INFO] 2025-10-13 12:09:55.261 +0800 o.a.d.s.m.r.t.TaskGroupCoordinator:[241] - Success deal with force start TaskGroupQueue cost: 0/ms
[INFO] 2025-10-13 12:09:55.261 +0800 o.a.d.s.m.r.t.TaskGroupCoordinator:[129] - TaskGroupCoordinator round time cost: 0/ms
[INFO] 2025-10-13 12:09:56.159 +0800 o.a.d.s.m.c.IdSlotBasedCommandFetcher:[67] - Fetch commands: 0 success, cost: 0ms, totalSlot: 1, currentSlotIndex: 0
[INFO] 2025-10-13 12:09:57.159 +0800 o.a.d.s.m.c.IdSlotBasedCommandFetcher:[67] - Fetch commands: 0 success, cost: 0ms, totalSlot: 1, currentSlotIndex: 0
[INFO] 2025-10-13 12:09:58.166 +0800 o.a.d.s.m.c.IdSlotBasedCommandFetcher:[67] - Fetch commands: 0 success, cost: 1ms, totalSlot: 1, currentSlotIndex: 0
[INFO] 2025-10-13 12:09:59.166 +0800 o.a.d.s.m.c.IdSlotBasedCommandFetcher:[67] - Fetch commands: 0 success, cost: 0ms, totalSlot: 1, currentSlotIndex: 0
[INFO] 2025-10-13 12:10:00.180 +0800 o.a.d.s.m.c.IdSlotBasedCommandFetcher:[67] - Fetch commands: 0 success, cost: 0ms, totalSlot: 1, currentSlotIndex: 0
[INFO] 2025-10-13 12:10:00.264 +0800 o.a.d.s.m.r.t.TaskGroupCoordinator:[187] - Success amend TaskGroupQueue status cost: 0/ms
[INFO] 2025-10-13 12:10:00.264 +0800 o.a.d.s.m.r.t.TaskGroupCoordinator:[241] - Success deal with force start TaskGroupQueue cost: 0/ms
[INFO] 2025-10-13 12:10:00.264 +0800 o.a.d.s.m.r.t.TaskGroupCoordinator:[129] - TaskGroupCoordinator round time cost: 0/ms
[INFO] 2025-10-13 12:10:01.180 +0800 o.a.d.s.m.c.IdSlotBasedCommandFetcher:[67] - Fetch commands: 0 success, cost: 0ms, totalSlot: 1, currentSlotIndex: 0
[INFO] 2025-10-13 12:10:02.188 +0800 o.a.d.s.m.c.IdSlotBasedCommandFetcher:[67] - Fetch commands: 0 success, cost: 0ms, totalSlot: 1, currentSlotIndex: 0
[INFO] 2025-10-13 12:10:03.188 +0800 o.a.d.s.m.c.IdSlotBasedCommandFetcher:[67] - Fetch commands: 0 success, cost: 0ms, totalSlot: 1, currentSlotIndex: 0
[INFO] 2025-10-13 12:10:04.437 +0800 o.a.d.s.m.c.IdSlotBasedCommandFetcher:[67] - Fetch commands: 0 success, cost: 1ms, totalSlot: 1, currentSlotIndex: 0
[INFO] 2025-10-13 12:10:05.269 +0800 o.a.d.s.m.r.t.TaskGroupCoordinator:[187] - Success amend TaskGroupQueue status cost: 0/ms
[INFO] 2025-10-13 12:10:05.269 +0800 o.a.d.s.m.r.t.TaskGroupCoordinator:[241] - Success deal with force start TaskGroupQueue cost: 0/ms
[INFO] 2025-10-13 12:10:05.269 +0800 o.a.d.s.m.r.t.TaskGroupCoordinator:[129] - TaskGroupCoordinator round time cost: 0/ms
[INFO] 2025-10-13 12:10:05.437 +0800 o.a.d.s.m.c.IdSlotBasedCommandFetcher:[67] - Fetch commands: 0 success, cost: 0ms, totalSlot: 1, currentSlotIndex: 0
[INFO] 2025-10-13 12:10:06.439 +0800 o.a.d.s.m.c.IdSlotBasedCommandFetcher:[67] - Fetch commands: 0 success, cost: 0ms, totalSlot: 1, currentSlotIndex: 0
[INFO] 2025-10-13 12:10:07.439 +0800 o.a.d.s.m.c.IdSlotBasedCommandFetcher:[67] - Fetch commands: 0 success, cost: 0ms, totalSlot: 1, currentSlotIndex: 0
[INFO] 2025-10-13 12:10:08.440 +0800 o.a.d.s.m.c.IdSlotBasedCommandFetcher:[67] - Fetch commands: 0 success, cost: 0ms, totalSlot: 1, currentSlotIndex: 0
[INFO] 2025-10-13 12:10:09.440 +0800 o.a.d.s.m.c.IdSlotBasedCommandFetcher:[67] - Fetch commands: 0 success, cost: 0ms, totalSlot: 1, currentSlotIndex: 0
[INFO] 2025-10-13 12:10:10.280 +0800 o.a.d.s.m.r.t.TaskGroupCoordinator:[187] - Success amend TaskGroupQueue status cost: 0/ms
[INFO] 2025-10-13 12:10:10.280 +0800 o.a.d.s.m.r.t.TaskGroupCoordinator:[241] - Success deal with force start TaskGroupQueue cost: 0/ms
[INFO] 2025-10-13 12:10:10.281 +0800 o.a.d.s.m.r.t.TaskGroupCoordinator:[129] - TaskGroupCoordinator round time cost: 0/ms
[INFO] 2025-10-13 12:10:10.441 +0800 o.a.d.s.m.c.IdSlotBasedCommandFetcher:[67] - Fetch commands: 0 success, cost: 0ms, totalSlot: 1, currentSlotIndex: 0
[INFO] 2025-10-13 12:10:11.441 +0800 o.a.d.s.m.c.IdSlotBasedCommandFetcher:[67] - Fetch commands: 0 success, cost: 0ms, totalSlot: 1, currentSlotIndex: 0
[INFO] 2025-10-13 12:10:12.441 +0800 o.a.d.s.m.c.IdSlotBasedCommandFetcher:[67] - Fetch commands: 0 success, cost: 0ms, totalSlot: 1, currentSlotIndex: 0
[INFO] 2025-10-13 12:10:13.442 +0800 o.a.d.s.m.c.IdSlotBasedCommandFetcher:[67] - Fetch commands: 0 success, cost: 0ms, totalSlot: 1, currentSlotIndex: 0
[INFO] 2025-10-13 12:10:14.442 +0800 o.a.d.s.m.c.IdSlotBasedCommandFetcher:[67] - Fetch commands: 0 success, cost: 0ms, totalSlot: 1, currentSlotIndex: 0
[INFO] 2025-10-13 12:10:15.286 +0800 o.a.d.s.m.r.t.TaskGroupCoordinator:[187] - Success amend TaskGroupQueue status cost: 0/ms
[INFO] 2025-10-13 12:10:15.287 +0800 o.a.d.s.m.r.t.TaskGroupCoordinator:[241] - Success deal with force start TaskGroupQueue cost: 0/ms
[INFO] 2025-10-13 12:10:15.287 +0800 o.a.d.s.m.r.t.TaskGroupCoordinator:[129] - TaskGroupCoordinator round time cost: 0/ms
[INFO] 2025-10-13 12:10:15.443 +0800 o.a.d.s.m.c.IdSlotBasedCommandFetcher:[67] - Fetch commands: 0 success, cost: 0ms, totalSlot: 1, currentSlotIndex: 0
[INFO] 2025-10-13 12:10:16.443 +0800 o.a.d.s.m.c.IdSlotBasedCommandFetcher:[67] - Fetch commands: 0 success, cost: 0ms, totalSlot: 1, currentSlotIndex: 0
[INFO] 2025-10-13 12:10:17.595 +0800 o.a.d.s.m.c.IdSlotBasedCommandFetcher:[67] - Fetch commands: 0 success, cost: 0ms, totalSlot: 1, currentSlotIndex: 0
[INFO] 2025-10-13 12:10:18.601 +0800 o.a.d.s.m.c.IdSlotBasedCommandFetcher:[67] - Fetch commands: 0 success, cost: 0ms, totalSlot: 1, currentSlotIndex: 0
[INFO] 2025-10-13 12:10:19.601 +0800 o.a.d.s.m.c.IdSlotBasedCommandFetcher:[67] - Fetch commands: 0 success, cost: 0ms, totalSlot: 1, currentSlotIndex: 0
[INFO] 2025-10-13 12:10:20.292 +0800 o.a.d.s.m.r.t.TaskGroupCoordinator:[187] - Success amend TaskGroupQueue status cost: 0/ms
[INFO] 2025-10-13 12:10:20.293 +0800 o.a.d.s.m.r.t.TaskGroupCoordinator:[241] - Success deal with force start TaskGroupQueue cost: 0/ms
[INFO] 2025-10-13 12:10:20.293 +0800 o.a.d.s.m.r.t.TaskGroupCoordinator:[129] - TaskGroupCoordinator round time cost: 0/ms
[INFO] 2025-10-13 12:10:20.616 +0800 o.a.d.s.m.c.IdSlotBasedCommandFetcher:[67] - Fetch commands: 0 success, cost: 0ms, totalSlot: 1, currentSlotIndex: 0
[INFO] 2025-10-13 12:10:21.616 +0800 o.a.d.s.m.c.IdSlotBasedCommandFetcher:[67] - Fetch commands: 0 success, cost: 0ms, totalSlot: 1, currentSlotIndex: 0
[INFO] 2025-10-13 12:10:22.624 +0800 o.a.d.s.m.c.IdSlotBasedCommandFetcher:[67] - Fetch commands: 0 success, cost: 0ms, totalSlot: 1, currentSlotIndex: 0
[INFO] 2025-10-13 12:10:23.625 +0800 o.a.d.s.m.c.IdSlotBasedCommandFetcher:[67] - Fetch commands: 0 success, cost: 0ms, totalSlot: 1, currentSlotIndex: 0
[INFO] 2025-10-13 12:10:24.639 +0800 o.a.d.s.m.c.IdSlotBasedCommandFetcher:[67] - Fetch commands: 0 success, cost: 0ms, totalSlot: 1, currentSlotIndex: 0
[INFO] 2025-10-13 12:10:25.299 +0800 o.a.d.s.m.r.t.TaskGroupCoordinator:[187] - Success amend TaskGroupQueue status cost: 0/ms
[INFO] 2025-10-13 12:10:25.299 +0800 o.a.d.s.m.r.t.TaskGroupCoordinator:[241] - Success deal with force start TaskGroupQueue cost: 0/ms
[INFO] 2025-10-13 12:10:25.299 +0800 o.a.d.s.m.r.t.TaskGroupCoordinator:[129] - TaskGroupCoordinator round time cost: 0/ms
[INFO] 2025-10-13 12:10:25.639 +0800 o.a.d.s.m.c.IdSlotBasedCommandFetcher:[67] - Fetch commands: 0 success, cost: 0ms, totalSlot: 1, currentSlotIndex: 0
[INFO] 2025-10-13 12:10:26.650 +0800 o.a.d.s.m.c.IdSlotBasedCommandFetcher:[67] - Fetch commands: 0 success, cost: 0ms, totalSlot: 1, currentSlotIndex: 0
[INFO] 2025-10-13 12:10:27.651 +0800 o.a.d.s.m.c.IdSlotBasedCommandFetcher:[67] - Fetch commands: 0 success, cost: 0ms, totalSlot: 1, currentSlotIndex: 0
[INFO] 2025-10-13 12:10:28.651 +0800 o.a.d.s.m.c.IdSlotBasedCommandFetcher:[67] - Fetch commands: 0 success, cost: 0ms, totalSlot: 1, currentSlotIndex: 0
[INFO] 2025-10-13 12:10:29.651 +0800 o.a.d.s.m.c.IdSlotBasedCommandFetcher:[67] - Fetch commands: 0 success, cost: 0ms, totalSlot: 1, currentSlotIndex: 0
[INFO] 2025-10-13 12:10:30.317 +0800 o.a.d.s.m.r.t.TaskGroupCoordinator:[187] - Success amend TaskGroupQueue status cost: 0/ms
[INFO] 2025-10-13 12:10:30.317 +0800 o.a.d.s.m.r.t.TaskGroupCoordinator:[241] - Success deal with force start TaskGroupQueue cost: 0/ms
[INFO] 2025-10-13 12:10:30.317 +0800 o.a.d.s.m.r.t.TaskGroupCoordinator:[129] - TaskGroupCoordinator round time cost: 0/ms
[INFO] 2025-10-13 12:10:30.764 +0800 o.a.d.s.m.c.IdSlotBasedCommandFetcher:[67] - Fetch commands: 0 success, cost: 0ms, totalSlot: 1, currentSlotIndex: 0
[INFO] 2025-10-13 12:10:31.834 +0800 o.a.d.s.m.c.IdSlotBasedCommandFetcher:[67] - Fetch commands: 0 success, cost: 0ms, totalSlot: 1, currentSlotIndex: 0
[INFO] 2025-10-13 12:10:32.909 +0800 o.a.d.s.m.c.IdSlotBasedCommandFetcher:[67] - Fetch commands: 0 success, cost: 0ms, totalSlot: 1, currentSlotIndex: 0
[INFO] 2025-10-13 12:10:33.986 +0800 o.a.d.s.m.c.IdSlotBasedCommandFetcher:[67] - Fetch commands: 0 success, cost: 0ms, totalSlot: 1, currentSlotIndex: 0
[INFO] 2025-10-13 12:10:35.054 +0800 o.a.d.s.m.c.IdSlotBasedCommandFetcher:[67] - Fetch commands: 0 success, cost: 0ms, totalSlot: 1, currentSlotIndex: 0
[INFO] 2025-10-13 12:10:35.323 +0800 o.a.d.s.m.r.t.TaskGroupCoordinator:[187] - Success amend TaskGroupQueue status cost: 0/ms
[INFO] 2025-10-13 12:10:35.323 +0800 o.a.d.s.m.r.t.TaskGroupCoordinator:[241] - Success deal with force start TaskGroupQueue cost: 0/ms
[INFO] 2025-10-13 12:10:35.323 +0800 o.a.d.s.m.r.t.TaskGroupCoordinator:[129] - TaskGroupCoordinator round time cost: 0/ms
[INFO] 2025-10-13 12:10:36.123 +0800 o.a.d.s.m.c.IdSlotBasedCommandFetcher:[67] - Fetch commands: 0 success, cost: 0ms, totalSlot: 1, currentSlotIndex: 0
[INFO] 2025-10-13 12:10:37.194 +0800 o.a.d.s.m.c.IdSlotBasedCommandFetcher:[67] - Fetch commands: 0 success, cost: 0ms, totalSlot: 1, currentSlotIndex: 0
[INFO] 2025-10-13 12:10:38.255 +0800 o.a.d.s.m.c.IdSlotBasedCommandFetcher:[67] - Fetch commands: 0 success, cost: 1ms, totalSlot: 1, currentSlotIndex: 0
[INFO] 2025-10-13 12:10:39.330 +0800 o.a.d.s.m.c.IdSlotBasedCommandFetcher:[67] - Fetch commands: 0 success, cost: 0ms, totalSlot: 1, currentSlotIndex: 0
[INFO] 2025-10-13 12:10:40.328 +0800 o.a.d.s.m.r.t.TaskGroupCoordinator:[187] - Success amend TaskGroupQueue status cost: 0/ms
[INFO] 2025-10-13 12:10:40.328 +0800 o.a.d.s.m.r.t.TaskGroupCoordinator:[241] - Success deal with force start TaskGroupQueue cost: 0/ms
[INFO] 2025-10-13 12:10:40.328 +0800 o.a.d.s.m.r.t.TaskGroupCoordinator:[129] - TaskGroupCoordinator round time cost: 0/ms
[INFO] 2025-10-13 12:10:40.395 +0800 o.a.d.s.m.c.IdSlotBasedCommandFetcher:[67] - Fetch commands: 0 success, cost: 0ms, totalSlot: 1, currentSlotIndex: 0
[INFO] 2025-10-13 12:10:41.515 +0800 o.a.d.s.m.c.IdSlotBasedCommandFetcher:[67] - Fetch commands: 0 success, cost: 0ms, totalSlot: 1, currentSlotIndex: 0
[INFO] 2025-10-13 12:10:42.515 +0800 o.a.d.s.m.c.IdSlotBasedCommandFetcher:[67] - Fetch commands: 0 success, cost: 0ms, totalSlot: 1, currentSlotIndex: 0
[INFO] 2025-10-13 12:10:43.516 +0800 o.a.d.s.m.c.IdSlotBasedCommandFetcher:[67] - Fetch commands: 0 success, cost: 0ms, totalSlot: 1, currentSlotIndex: 0
[INFO] 2025-10-13 12:10:44.516 +0800 o.a.d.s.m.c.IdSlotBasedCommandFetcher:[67] - Fetch commands: 0 success, cost: 0ms, totalSlot: 1, currentSlotIndex: 0
[INFO] 2025-10-13 12:10:45.338 +0800 o.a.d.s.m.r.t.TaskGroupCoordinator:[187] - Success amend TaskGroupQueue status cost: 0/ms
[INFO] 2025-10-13 12:10:45.338 +0800 o.a.d.s.m.r.t.TaskGroupCoordinator:[241] - Success deal with force start TaskGroupQueue cost: 0/ms
[INFO] 2025-10-13 12:10:45.338 +0800 o.a.d.s.m.r.t.TaskGroupCoordinator:[129] - TaskGroupCoordinator round time cost: 0/ms
[INFO] 2025-10-13 12:10:45.516 +0800 o.a.d.s.m.c.IdSlotBasedCommandFetcher:[67] - Fetch commands: 0 success, cost: 0ms, totalSlot: 1, currentSlotIndex: 0
[INFO] 2025-10-13 12:10:46.516 +0800 o.a.d.s.m.c.IdSlotBasedCommandFetcher:[67] - Fetch commands: 0 success, cost: 0ms, totalSlot: 1, currentSlotIndex: 0
[INFO] 2025-10-13 12:10:47.517 +0800 o.a.d.s.m.c.IdSlotBasedCommandFetcher:[67] - Fetch commands: 0 success, cost: 0ms, totalSlot: 1, currentSlotIndex: 0
[INFO] 2025-10-13 12:10:48.517 +0800 o.a.d.s.m.c.IdSlotBasedCommandFetcher:[67] - Fetch commands: 0 success, cost: 0ms, totalSlot: 1, currentSlotIndex: 0
[INFO] 2025-10-13 12:10:49.518 +0800 o.a.d.s.m.c.IdSlotBasedCommandFetcher:[67] - Fetch commands: 0 success, cost: 0ms, totalSlot: 1, currentSlotIndex: 0
[INFO] 2025-10-13 12:10:50.344 +0800 o.a.d.s.m.r.t.TaskGroupCoordinator:[187] - Success amend TaskGroupQueue status cost: 0/ms
[INFO] 2025-10-13 12:10:50.344 +0800 o.a.d.s.m.r.t.TaskGroupCoordinator:[241] - Success deal with force start TaskGroupQueue cost: 0/ms
[INFO] 2025-10-13 12:10:50.345 +0800 o.a.d.s.m.r.t.TaskGroupCoordinator:[129] - TaskGroupCoordinator round time cost: 0/ms
[INFO] 2025-10-13 12:10:50.527 +0800 o.a.d.s.m.c.IdSlotBasedCommandFetcher:[67] - Fetch commands: 0 success, cost: 0ms, totalSlot: 1, currentSlotIndex: 0
[INFO] 2025-10-13 12:10:51.527 +0800 o.a.d.s.m.c.IdSlotBasedCommandFetcher:[67] - Fetch commands: 0 success, cost: 0ms, totalSlot: 1, currentSlotIndex: 0
[INFO] 2025-10-13 12:10:52.528 +0800 o.a.d.s.m.c.IdSlotBasedCommandFetcher:[67] - Fetch commands: 0 success, cost: 0ms, totalSlot: 1, currentSlotIndex: 0
[INFO] 2025-10-13 12:10:53.538 +0800 o.a.d.s.m.c.IdSlotBasedCommandFetcher:[67] - Fetch commands: 0 success, cost: 0ms, totalSlot: 1, currentSlotIndex: 0
[INFO] 2025-10-13 12:10:54.658 +0800 o.a.d.s.m.c.IdSlotBasedCommandFetcher:[67] - Fetch commands: 0 success, cost: 0ms, totalSlot: 1, currentSlotIndex: 0
[INFO] 2025-10-13 12:10:55.348 +0800 o.a.d.s.m.r.t.TaskGroupCoordinator:[187] - Success amend TaskGroupQueue status cost: 0/ms
[INFO] 2025-10-13 12:10:55.348 +0800 o.a.d.s.m.r.t.TaskGroupCoordinator:[241] - Success deal with force start TaskGroupQueue cost: 0/ms
[INFO] 2025-10-13 12:10:55.349 +0800 o.a.d.s.m.r.t.TaskGroupCoordinator:[129] - TaskGroupCoordinator round time cost: 0/ms
[INFO] 2025-10-13 12:10:55.727 +0800 o.a.d.s.m.c.IdSlotBasedCommandFetcher:[67] - Fetch commands: 0 success, cost: 0ms, totalSlot: 1, currentSlotIndex: 0
[INFO] 2025-10-13 12:10:56.859 +0800 o.a.d.s.m.c.IdSlotBasedCommandFetcher:[67] - Fetch commands: 0 success, cost: 0ms, totalSlot: 1, currentSlotIndex: 0
[INFO] 2025-10-13 12:10:57.873 +0800 o.a.d.s.m.c.IdSlotBasedCommandFetcher:[67] - Fetch commands: 0 success, cost: 0ms, totalSlot: 1, currentSlotIndex: 0
[INFO] 2025-10-13 12:10:58.873 +0800 o.a.d.s.m.c.IdSlotBasedCommandFetcher:[67] - Fetch commands: 0 success, cost: 0ms, totalSlot: 1, currentSlotIndex: 0
[INFO] 2025-10-13 12:10:59.873 +0800 o.a.d.s.m.c.IdSlotBasedCommandFetcher:[67] - Fetch commands: 0 success, cost: 0ms, totalSlot: 1, currentSlotIndex: 0
[INFO] 2025-10-13 12:11:00.354 +0800 o.a.d.s.m.r.t.TaskGroupCoordinator:[187] - Success amend TaskGroupQueue status cost: 0/ms
[INFO] 2025-10-13 12:11:00.354 +0800 o.a.d.s.m.r.t.TaskGroupCoordinator:[241] - Success deal with force start TaskGroupQueue cost: 0/ms
[INFO] 2025-10-13 12:11:00.354 +0800 o.a.d.s.m.r.t.TaskGroupCoordinator:[129] - TaskGroupCoordinator round time cost: 0/ms
[INFO] 2025-10-13 12:11:00.873 +0800 o.a.d.s.m.c.IdSlotBasedCommandFetcher:[67] - Fetch commands: 0 success, cost: 0ms, totalSlot: 1, currentSlotIndex: 0
[INFO] 2025-10-13 12:11:01.874 +0800 o.a.d.s.m.c.IdSlotBasedCommandFetcher:[67] - Fetch commands: 0 success, cost: 0ms, totalSlot: 1, currentSlotIndex: 0
[INFO] 2025-10-13 12:11:02.874 +0800 o.a.d.s.m.c.IdSlotBasedCommandFetcher:[67] - Fetch commands: 0 success, cost: 0ms, totalSlot: 1, currentSlotIndex: 0
[INFO] 2025-10-13 12:11:03.875 +0800 o.a.d.s.m.c.IdSlotBasedCommandFetcher:[67] - Fetch commands: 0 success, cost: 0ms, totalSlot: 1, currentSlotIndex: 0
[INFO] 2025-10-13 12:11:04.875 +0800 o.a.d.s.m.c.IdSlotBasedCommandFetcher:[67] - Fetch commands: 0 success, cost: 0ms, totalSlot: 1, currentSlotIndex: 0
[INFO] 2025-10-13 12:11:05.359 +0800 o.a.d.s.m.r.t.TaskGroupCoordinator:[187] - Success amend TaskGroupQueue status cost: 0/ms
[INFO] 2025-10-13 12:11:05.359 +0800 o.a.d.s.m.r.t.TaskGroupCoordinator:[241] - Success deal with force start TaskGroupQueue cost: 0/ms
[INFO] 2025-10-13 12:11:05.359 +0800 o.a.d.s.m.r.t.TaskGroupCoordinator:[129] - TaskGroupCoordinator round time cost: 0/ms
[INFO] 2025-10-13 12:11:05.876 +0800 o.a.d.s.m.c.IdSlotBasedCommandFetcher:[67] - Fetch commands: 0 success, cost: 0ms, totalSlot: 1, currentSlotIndex: 0
[INFO] 2025-10-13 12:11:06.876 +0800 o.a.d.s.m.c.IdSlotBasedCommandFetcher:[67] - Fetch commands: 0 success, cost: 0ms, totalSlot: 1, currentSlotIndex: 0
[INFO] 2025-10-13 12:11:07.877 +0800 o.a.d.s.m.c.IdSlotBasedCommandFetcher:[67] - Fetch commands: 0 success, cost: 0ms, totalSlot: 1, currentSlotIndex: 0
[INFO] 2025-10-13 12:11:08.877 +0800 o.a.d.s.m.c.IdSlotBasedCommandFetcher:[67] - Fetch commands: 0 success, cost: 0ms, totalSlot: 1, currentSlotIndex: 0
[INFO] 2025-10-13 12:11:09.877 +0800 o.a.d.s.m.c.IdSlotBasedCommandFetcher:[67] - Fetch commands: 0 success, cost: 0ms, totalSlot: 1, currentSlotIndex: 0
[INFO] 2025-10-13 12:11:10.363 +0800 o.a.d.s.m.r.t.TaskGroupCoordinator:[187] - Success amend TaskGroupQueue status cost: 0/ms
[INFO] 2025-10-13 12:11:10.363 +0800 o.a.d.s.m.r.t.TaskGroupCoordinator:[241] - Success deal with force start TaskGroupQueue cost: 0/ms
[INFO] 2025-10-13 12:11:10.363 +0800 o.a.d.s.m.r.t.TaskGroupCoordinator:[129] - TaskGroupCoordinator round time cost: 0/ms
[INFO] 2025-10-13 12:11:11.094 +0800 o.a.d.s.m.c.IdSlotBasedCommandFetcher:[67] - Fetch commands: 0 success, cost: 0ms, totalSlot: 1, currentSlotIndex: 0
[INFO] 2025-10-13 12:11:12.094 +0800 o.a.d.s.m.c.IdSlotBasedCommandFetcher:[67] - Fetch commands: 0 success, cost: 0ms, totalSlot: 1, currentSlotIndex: 0
[INFO] 2025-10-13 12:11:13.094 +0800 o.a.d.s.m.c.IdSlotBasedCommandFetcher:[67] - Fetch commands: 0 success, cost: 0ms, totalSlot: 1, currentSlotIndex: 0
[INFO] 2025-10-13 12:11:14.094 +0800 o.a.d.s.m.c.IdSlotBasedCommandFetcher:[67] - Fetch commands: 0 success, cost: 0ms, totalSlot: 1, currentSlotIndex: 0
[INFO] 2025-10-13 12:11:15.095 +0800 o.a.d.s.m.c.IdSlotBasedCommandFetcher:[67] - Fetch commands: 0 success, cost: 0ms, totalSlot: 1, currentSlotIndex: 0
[INFO] 2025-10-13 12:11:15.372 +0800 o.a.d.s.m.r.t.TaskGroupCoordinator:[187] - Success amend TaskGroupQueue status cost: 0/ms
[INFO] 2025-10-13 12:11:15.373 +0800 o.a.d.s.m.r.t.TaskGroupCoordinator:[241] - Success deal with force start TaskGroupQueue cost: 0/ms
[INFO] 2025-10-13 12:11:15.373 +0800 o.a.d.s.m.r.t.TaskGroupCoordinator:[129] - TaskGroupCoordinator round time cost: 0/ms
[INFO] 2025-10-13 12:11:16.095 +0800 o.a.d.s.m.c.IdSlotBasedCommandFetcher:[67] - Fetch commands: 0 success, cost: 0ms, totalSlot: 1, currentSlotIndex: 0
[INFO] 2025-10-13 12:11:17.096 +0800 o.a.d.s.m.c.IdSlotBasedCommandFetcher:[67] - Fetch commands: 0 success, cost: 0ms, totalSlot: 1, currentSlotIndex: 0
[INFO] 2025-10-13 12:11:18.096 +0800 o.a.d.s.m.c.IdSlotBasedCommandFetcher:[67] - Fetch commands: 0 success, cost: 0ms, totalSlot: 1, currentSlotIndex: 0
[INFO] 2025-10-13 12:11:19.105 +0800 o.a.d.s.m.c.IdSlotBasedCommandFetcher:[67] - Fetch commands: 0 success, cost: 0ms, totalSlot: 1, currentSlotIndex: 0
[INFO] 2025-10-13 12:11:20.105 +0800 o.a.d.s.m.c.IdSlotBasedCommandFetcher:[67] - Fetch commands: 0 success, cost: 0ms, totalSlot: 1, currentSlotIndex: 0
[INFO] 2025-10-13 12:11:20.376 +0800 o.a.d.s.m.r.t.TaskGroupCoordinator:[187] - Success amend TaskGroupQueue status cost: 0/ms
[INFO] 2025-10-13 12:11:20.376 +0800 o.a.d.s.m.r.t.TaskGroupCoordinator:[241] - Success deal with force start TaskGroupQueue cost: 0/ms
[INFO] 2025-10-13 12:11:20.376 +0800 o.a.d.s.m.r.t.TaskGroupCoordinator:[129] - TaskGroupCoordinator round time cost: 0/ms
[INFO] 2025-10-13 12:11:21.108 +0800 o.a.d.s.m.c.IdSlotBasedCommandFetcher:[67] - Fetch commands: 0 success, cost: 0ms, totalSlot: 1, currentSlotIndex: 0
[INFO] 2025-10-13 12:11:22.109 +0800 o.a.d.s.m.c.IdSlotBasedCommandFetcher:[67] - Fetch commands: 0 success, cost: 0ms, totalSlot: 1, currentSlotIndex: 0
[INFO] 2025-10-13 12:11:23.110 +0800 o.a.d.s.m.c.IdSlotBasedCommandFetcher:[67] - Fetch commands: 0 success, cost: 0ms, totalSlot: 1, currentSlotIndex: 0
[INFO] 2025-10-13 12:11:24.251 +0800 o.a.d.s.m.c.IdSlotBasedCommandFetcher:[67] - Fetch commands: 0 success, cost: 0ms, totalSlot: 1, currentSlotIndex: 0
[INFO] 2025-10-13 12:11:25.324 +0800 o.a.d.s.m.c.IdSlotBasedCommandFetcher:[67] - Fetch commands: 0 success, cost: 0ms, totalSlot: 1, currentSlotIndex: 0
[INFO] 2025-10-13 12:11:25.394 +0800 o.a.d.s.m.r.t.TaskGroupCoordinator:[187] - Success amend TaskGroupQueue status cost: 0/ms
[INFO] 2025-10-13 12:11:25.394 +0800 o.a.d.s.m.r.t.TaskGroupCoordinator:[241] - Success deal with force start TaskGroupQueue cost: 0/ms
[INFO] 2025-10-13 12:11:25.394 +0800 o.a.d.s.m.r.t.TaskGroupCoordinator:[129] - TaskGroupCoordinator round time cost: 0/ms
[INFO] 2025-10-13 12:11:26.411 +0800 o.a.d.s.m.c.IdSlotBasedCommandFetcher:[67] - Fetch commands: 0 success, cost: 0ms, totalSlot: 1, currentSlotIndex: 0
[INFO] 2025-10-13 12:11:27.488 +0800 o.a.d.s.m.c.IdSlotBasedCommandFetcher:[67] - Fetch commands: 0 success, cost: 0ms, totalSlot: 1, currentSlotIndex: 0
[INFO] 2025-10-13 12:11:28.562 +0800 o.a.d.s.m.c.IdSlotBasedCommandFetcher:[67] - Fetch commands: 0 success, cost: 0ms, totalSlot: 1, currentSlotIndex: 0
[INFO] 2025-10-13 12:11:29.635 +0800 o.a.d.s.m.c.IdSlotBasedCommandFetcher:[67] - Fetch commands: 0 success, cost: 0ms, totalSlot: 1, currentSlotIndex: 0
[INFO] 2025-10-13 12:11:30.398 +0800 o.a.d.s.m.r.t.TaskGroupCoordinator:[187] - Success amend TaskGroupQueue status cost: 0/ms
[INFO] 2025-10-13 12:11:30.398 +0800 o.a.d.s.m.r.t.TaskGroupCoordinator:[241] - Success deal with force start TaskGroupQueue cost: 0/ms
[INFO] 2025-10-13 12:11:30.400 +0800 o.a.d.s.m.r.t.TaskGroupCoordinator:[129] - TaskGroupCoordinator round time cost: 0/ms
[INFO] 2025-10-13 12:11:30.709 +0800 o.a.d.s.m.c.IdSlotBasedCommandFetcher:[67] - Fetch commands: 0 success, cost: 0ms, totalSlot: 1, currentSlotIndex: 0
[INFO] 2025-10-13 12:11:31.788 +0800 o.a.d.s.m.c.IdSlotBasedCommandFetcher:[67] - Fetch commands: 0 success, cost: 0ms, totalSlot: 1, currentSlotIndex: 0
[INFO] 2025-10-13 12:11:32.789 +0800 o.a.d.s.m.c.IdSlotBasedCommandFetcher:[67] - Fetch commands: 0 success, cost: 0ms, totalSlot: 1, currentSlotIndex: 0
[INFO] 2025-10-13 12:11:33.790 +0800 o.a.d.s.m.c.IdSlotBasedCommandFetcher:[67] - Fetch commands: 0 success, cost: 0ms, totalSlot: 1, currentSlotIndex: 0
[INFO] 2025-10-13 12:11:34.791 +0800 o.a.d.s.m.c.IdSlotBasedCommandFetcher:[67] - Fetch commands: 0 success, cost: 0ms, totalSlot: 1, currentSlotIndex: 0
[INFO] 2025-10-13 12:11:35.403 +0800 o.a.d.s.m.r.t.TaskGroupCoordinator:[187] - Success amend TaskGroupQueue status cost: 0/ms
[INFO] 2025-10-13 12:11:35.404 +0800 o.a.d.s.m.r.t.TaskGroupCoordinator:[241] - Success deal with force start TaskGroupQueue cost: 0/ms
[INFO] 2025-10-13 12:11:35.404 +0800 o.a.d.s.m.r.t.TaskGroupCoordinator:[129] - TaskGroupCoordinator round time cost: 0/ms
[INFO] 2025-10-13 12:11:35.791 +0800 o.a.d.s.m.c.IdSlotBasedCommandFetcher:[67] - Fetch commands: 0 success, cost: 0ms, totalSlot: 1, currentSlotIndex: 0
[INFO] 2025-10-13 12:11:36.792 +0800 o.a.d.s.m.c.IdSlotBasedCommandFetcher:[67] - Fetch commands: 0 success, cost: 0ms, totalSlot: 1, currentSlotIndex: 0
[INFO] 2025-10-13 12:11:37.792 +0800 o.a.d.s.m.c.IdSlotBasedCommandFetcher:[67] - Fetch commands: 0 success, cost: 0ms, totalSlot: 1, currentSlotIndex: 0
[INFO] 2025-10-13 12:11:38.792 +0800 o.a.d.s.m.c.IdSlotBasedCommandFetcher:[67] - Fetch commands: 0 success, cost: 0ms, totalSlot: 1, currentSlotIndex: 0
[INFO] 2025-10-13 12:11:39.792 +0800 o.a.d.s.m.c.IdSlotBasedCommandFetcher:[67] - Fetch commands: 0 success, cost: 0ms, totalSlot: 1, currentSlotIndex: 0
[INFO] 2025-10-13 12:11:40.408 +0800 o.a.d.s.m.r.t.TaskGroupCoordinator:[187] - Success amend TaskGroupQueue status cost: 0/ms
[INFO] 2025-10-13 12:11:40.408 +0800 o.a.d.s.m.r.t.TaskGroupCoordinator:[241] - Success deal with force start TaskGroupQueue cost: 0/ms
[INFO] 2025-10-13 12:11:40.408 +0800 o.a.d.s.m.r.t.TaskGroupCoordinator:[129] - TaskGroupCoordinator round time cost: 0/ms
[INFO] 2025-10-13 12:11:40.793 +0800 o.a.d.s.m.c.IdSlotBasedCommandFetcher:[67] - Fetch commands: 0 success, cost: 0ms, totalSlot: 1, currentSlotIndex: 0
[INFO] 2025-10-13 12:11:41.793 +0800 o.a.d.s.m.c.IdSlotBasedCommandFetcher:[67] - Fetch commands: 0 success, cost: 0ms, totalSlot: 1, currentSlotIndex: 0
[INFO] 2025-10-13 12:11:42.794 +0800 o.a.d.s.m.c.IdSlotBasedCommandFetcher:[67] - Fetch commands: 0 success, cost: 0ms, totalSlot: 1, currentSlotIndex: 0
[INFO] 2025-10-13 12:11:43.911 +0800 o.a.d.s.m.c.IdSlotBasedCommandFetcher:[67] - Fetch commands: 0 success, cost: 0ms, totalSlot: 1, currentSlotIndex: 0
[INFO] 2025-10-13 12:11:44.982 +0800 o.a.d.s.m.c.IdSlotBasedCommandFetcher:[67] - Fetch commands: 0 success, cost: 0ms, totalSlot: 1, currentSlotIndex: 0
[INFO] 2025-10-13 12:11:45.419 +0800 o.a.d.s.m.r.t.TaskGroupCoordinator:[187] - Success amend TaskGroupQueue status cost: 0/ms
[INFO] 2025-10-13 12:11:45.420 +0800 o.a.d.s.m.r.t.TaskGroupCoordinator:[241] - Success deal with force start TaskGroupQueue cost: 0/ms
[INFO] 2025-10-13 12:11:45.420 +0800 o.a.d.s.m.r.t.TaskGroupCoordinator:[129] - TaskGroupCoordinator round time cost: 0/ms
[INFO] 2025-10-13 12:11:46.053 +0800 o.a.d.s.m.c.IdSlotBasedCommandFetcher:[67] - Fetch commands: 0 success, cost: 0ms, totalSlot: 1, currentSlotIndex: 0
[INFO] 2025-10-13 12:11:47.136 +0800 o.a.d.s.m.c.IdSlotBasedCommandFetcher:[67] - Fetch commands: 0 success, cost: 0ms, totalSlot: 1, currentSlotIndex: 0
[INFO] 2025-10-13 12:11:48.223 +0800 o.a.d.s.m.c.IdSlotBasedCommandFetcher:[67] - Fetch commands: 0 success, cost: 0ms, totalSlot: 1, currentSlotIndex: 0
[INFO] 2025-10-13 12:11:49.326 +0800 o.a.d.s.m.c.IdSlotBasedCommandFetcher:[67] - Fetch commands: 0 success, cost: 0ms, totalSlot: 1, currentSlotIndex: 0
[INFO] 2025-10-13 12:11:50.332 +0800 o.a.d.s.m.c.IdSlotBasedCommandFetcher:[67] - Fetch commands: 0 success, cost: 0ms, totalSlot: 1, currentSlotIndex: 0
[INFO] 2025-10-13 12:11:50.424 +0800 o.a.d.s.m.r.t.TaskGroupCoordinator:[187] - Success amend TaskGroupQueue status cost: 0/ms
[INFO] 2025-10-13 12:11:50.424 +0800 o.a.d.s.m.r.t.TaskGroupCoordinator:[241] - Success deal with force start TaskGroupQueue cost: 0/ms
[INFO] 2025-10-13 12:11:50.425 +0800 o.a.d.s.m.r.t.TaskGroupCoordinator:[129] - TaskGroupCoordinator round time cost: 0/ms
[INFO] 2025-10-13 12:11:51.332 +0800 o.a.d.s.m.c.IdSlotBasedCommandFetcher:[67] - Fetch commands: 0 success, cost: 0ms, totalSlot: 1, currentSlotIndex: 0
[INFO] 2025-10-13 12:11:52.332 +0800 o.a.d.s.m.c.IdSlotBasedCommandFetcher:[67] - Fetch commands: 0 success, cost: 0ms, totalSlot: 1, currentSlotIndex: 0
[INFO] 2025-10-13 12:11:53.337 +0800 o.a.d.s.m.c.IdSlotBasedCommandFetcher:[67] - Fetch commands: 0 success, cost: 0ms, totalSlot: 1, currentSlotIndex: 0
[INFO] 2025-10-13 12:11:54.338 +0800 o.a.d.s.m.c.IdSlotBasedCommandFetcher:[67] - Fetch commands: 0 success, cost: 0ms, totalSlot: 1, currentSlotIndex: 0
[INFO] 2025-10-13 12:11:55.338 +0800 o.a.d.s.m.c.IdSlotBasedCommandFetcher:[67] - Fetch commands: 0 success, cost: 0ms, totalSlot: 1, currentSlotIndex: 0
[INFO] 2025-10-13 12:11:55.429 +0800 o.a.d.s.m.r.t.TaskGroupCoordinator:[187] - Success amend TaskGroupQueue status cost: 0/ms
[INFO] 2025-10-13 12:11:55.429 +0800 o.a.d.s.m.r.t.TaskGroupCoordinator:[241] - Success deal with force start TaskGroupQueue cost: 0/ms
[INFO] 2025-10-13 12:11:55.429 +0800 o.a.d.s.m.r.t.TaskGroupCoordinator:[129] - TaskGroupCoordinator round time cost: 0/ms
[INFO] 2025-10-13 12:11:56.339 +0800 o.a.d.s.m.c.IdSlotBasedCommandFetcher:[67] - Fetch commands: 0 success, cost: 0ms, totalSlot: 1, currentSlotIndex: 0
[INFO] 2025-10-13 12:11:57.342 +0800 o.a.d.s.m.c.IdSlotBasedCommandFetcher:[67] - Fetch commands: 0 success, cost: 0ms, totalSlot: 1, currentSlotIndex: 0
[INFO] 2025-10-13 12:11:58.354 +0800 o.a.d.s.m.c.IdSlotBasedCommandFetcher:[67] - Fetch commands: 0 success, cost: 0ms, totalSlot: 1, currentSlotIndex: 0
[INFO] 2025-10-13 12:11:59.355 +0800 o.a.d.s.m.c.IdSlotBasedCommandFetcher:[67] - Fetch commands: 0 success, cost: 0ms, totalSlot: 1, currentSlotIndex: 0
[INFO] 2025-10-13 12:12:00.355 +0800 o.a.d.s.m.c.IdSlotBasedCommandFetcher:[67] - Fetch commands: 0 success, cost: 0ms, totalSlot: 1, currentSlotIndex: 0
[INFO] 2025-10-13 12:12:00.433 +0800 o.a.d.s.m.r.t.TaskGroupCoordinator:[187] - Success amend TaskGroupQueue status cost: 0/ms
[INFO] 2025-10-13 12:12:00.433 +0800 o.a.d.s.m.r.t.TaskGroupCoordinator:[241] - Success deal with force start TaskGroupQueue cost: 0/ms
[INFO] 2025-10-13 12:12:00.433 +0800 o.a.d.s.m.r.t.TaskGroupCoordinator:[129] - TaskGroupCoordinator round time cost: 0/ms
[INFO] 2025-10-13 12:12:01.368 +0800 o.a.d.s.m.c.IdSlotBasedCommandFetcher:[67] - Fetch commands: 0 success, cost: 0ms, totalSlot: 1, currentSlotIndex: 0
[INFO] 2025-10-13 12:12:02.368 +0800 o.a.d.s.m.c.IdSlotBasedCommandFetcher:[67] - Fetch commands: 0 success, cost: 0ms, totalSlot: 1, currentSlotIndex: 0
[INFO] 2025-10-13 12:12:03.572 +0800 o.a.d.s.m.c.IdSlotBasedCommandFetcher:[67] - Fetch commands: 0 success, cost: 0ms, totalSlot: 1, currentSlotIndex: 0
[INFO] 2025-10-13 12:12:04.573 +0800 o.a.d.s.m.c.IdSlotBasedCommandFetcher:[67] - Fetch commands: 0 success, cost: 0ms, totalSlot: 1, currentSlotIndex: 0
[INFO] 2025-10-13 12:12:05.445 +0800 o.a.d.s.m.r.t.TaskGroupCoordinator:[187] - Success amend TaskGroupQueue status cost: 0/ms
[INFO] 2025-10-13 12:12:05.445 +0800 o.a.d.s.m.r.t.TaskGroupCoordinator:[241] - Success deal with force start TaskGroupQueue cost: 0/ms
[INFO] 2025-10-13 12:12:05.445 +0800 o.a.d.s.m.r.t.TaskGroupCoordinator:[129] - TaskGroupCoordinator round time cost: 0/ms
[INFO] 2025-10-13 12:12:05.573 +0800 o.a.d.s.m.c.IdSlotBasedCommandFetcher:[67] - Fetch commands: 0 success, cost: 0ms, totalSlot: 1, currentSlotIndex: 0
[INFO] 2025-10-13 12:12:06.574 +0800 o.a.d.s.m.c.IdSlotBasedCommandFetcher:[67] - Fetch commands: 0 success, cost: 0ms, totalSlot: 1, currentSlotIndex: 0
[INFO] 2025-10-13 12:12:07.576 +0800 o.a.d.s.m.c.IdSlotBasedCommandFetcher:[67] - Fetch commands: 0 success, cost: 0ms, totalSlot: 1, currentSlotIndex: 0
[INFO] 2025-10-13 12:12:08.578 +0800 o.a.d.s.m.c.IdSlotBasedCommandFetcher:[67] - Fetch commands: 0 success, cost: 0ms, totalSlot: 1, currentSlotIndex: 0
[INFO] 2025-10-13 12:12:09.579 +0800 o.a.d.s.m.c.IdSlotBasedCommandFetcher:[67] - Fetch commands: 0 success, cost: 0ms, totalSlot: 1, currentSlotIndex: 0
[INFO] 2025-10-13 12:12:10.449 +0800 o.a.d.s.m.r.t.TaskGroupCoordinator:[187] - Success amend TaskGroupQueue status cost: 0/ms
[INFO] 2025-10-13 12:12:10.449 +0800 o.a.d.s.m.r.t.TaskGroupCoordinator:[241] - Success deal with force start TaskGroupQueue cost: 0/ms
[INFO] 2025-10-13 12:12:10.449 +0800 o.a.d.s.m.r.t.TaskGroupCoordinator:[129] - TaskGroupCoordinator round time cost: 0/ms
[INFO] 2025-10-13 12:12:10.585 +0800 o.a.d.s.m.c.IdSlotBasedCommandFetcher:[67] - Fetch commands: 0 success, cost: 0ms, totalSlot: 1, currentSlotIndex: 0
[INFO] 2025-10-13 12:12:11.586 +0800 o.a.d.s.m.c.IdSlotBasedCommandFetcher:[67] - Fetch commands: 0 success, cost: 0ms, totalSlot: 1, currentSlotIndex: 0
[INFO] 2025-10-13 12:12:12.586 +0800 o.a.d.s.m.c.IdSlotBasedCommandFetcher:[67] - Fetch commands: 0 success, cost: 0ms, totalSlot: 1, currentSlotIndex: 0
[INFO] 2025-10-13 12:12:13.588 +0800 o.a.d.s.m.c.IdSlotBasedCommandFetcher:[67] - Fetch commands: 0 success, cost: 0ms, totalSlot: 1, currentSlotIndex: 0
[INFO] 2025-10-13 12:12:14.601 +0800 o.a.d.s.m.c.IdSlotBasedCommandFetcher:[67] - Fetch commands: 0 success, cost: 0ms, totalSlot: 1, currentSlotIndex: 0
[INFO] 2025-10-13 12:12:15.455 +0800 o.a.d.s.m.r.t.TaskGroupCoordinator:[187] - Success amend TaskGroupQueue status cost: 0/ms
[INFO] 2025-10-13 12:12:15.455 +0800 o.a.d.s.m.r.t.TaskGroupCoordinator:[241] - Success deal with force start TaskGroupQueue cost: 0/ms
[INFO] 2025-10-13 12:12:15.455 +0800 o.a.d.s.m.r.t.TaskGroupCoordinator:[129] - TaskGroupCoordinator round time cost: 0/ms
[INFO] 2025-10-13 12:12:15.602 +0800 o.a.d.s.m.c.IdSlotBasedCommandFetcher:[67] - Fetch commands: 0 success, cost: 0ms, totalSlot: 1, currentSlotIndex: 0
[INFO] 2025-10-13 12:12:16.603 +0800 o.a.d.s.m.c.IdSlotBasedCommandFetcher:[67] - Fetch commands: 0 success, cost: 0ms, totalSlot: 1, currentSlotIndex: 0
[INFO] 2025-10-13 12:12:17.804 +0800 o.a.d.s.m.c.IdSlotBasedCommandFetcher:[67] - Fetch commands: 0 success, cost: 0ms, totalSlot: 1, currentSlotIndex: 0
[INFO] 2025-10-13 12:12:18.883 +0800 o.a.d.s.m.c.IdSlotBasedCommandFetcher:[67] - Fetch commands: 0 success, cost: 0ms, totalSlot: 1, currentSlotIndex: 0
[INFO] 2025-10-13 12:12:19.957 +0800 o.a.d.s.m.c.IdSlotBasedCommandFetcher:[67] - Fetch commands: 0 success, cost: 0ms, totalSlot: 1, currentSlotIndex: 0
[INFO] 2025-10-13 12:12:20.460 +0800 o.a.d.s.m.r.t.TaskGroupCoordinator:[187] - Success amend TaskGroupQueue status cost: 0/ms
[INFO] 2025-10-13 12:12:20.461 +0800 o.a.d.s.m.r.t.TaskGroupCoordinator:[241] - Success deal with force start TaskGroupQueue cost: 0/ms
[INFO] 2025-10-13 12:12:20.461 +0800 o.a.d.s.m.r.t.TaskGroupCoordinator:[129] - TaskGroupCoordinator round time cost: 0/ms
[INFO] 2025-10-13 12:12:21.029 +0800 o.a.d.s.m.c.IdSlotBasedCommandFetcher:[67] - Fetch commands: 0 success, cost: 0ms, totalSlot: 1, currentSlotIndex: 0
[INFO] 2025-10-13 12:12:22.106 +0800 o.a.d.s.m.c.IdSlotBasedCommandFetcher:[67] - Fetch commands: 0 success, cost: 0ms, totalSlot: 1, currentSlotIndex: 0
[INFO] 2025-10-13 12:12:23.180 +0800 o.a.d.s.m.c.IdSlotBasedCommandFetcher:[67] - Fetch commands: 0 success, cost: 0ms, totalSlot: 1, currentSlotIndex: 0
[INFO] 2025-10-13 12:12:24.285 +0800 o.a.d.s.m.c.IdSlotBasedCommandFetcher:[67] - Fetch commands: 0 success, cost: 0ms, totalSlot: 1, currentSlotIndex: 0
[INFO] 2025-10-13 12:12:25.286 +0800 o.a.d.s.m.c.IdSlotBasedCommandFetcher:[67] - Fetch commands: 0 success, cost: 0ms, totalSlot: 1, currentSlotIndex: 0
[INFO] 2025-10-13 12:12:25.466 +0800 o.a.d.s.m.r.t.TaskGroupCoordinator:[187] - Success amend TaskGroupQueue status cost: 0/ms
[INFO] 2025-10-13 12:12:25.466 +0800 o.a.d.s.m.r.t.TaskGroupCoordinator:[241] - Success deal with force start TaskGroupQueue cost: 0/ms
[INFO] 2025-10-13 12:12:25.466 +0800 o.a.d.s.m.r.t.TaskGroupCoordinator:[129] - TaskGroupCoordinator round time cost: 0/ms
[INFO] 2025-10-13 12:12:26.287 +0800 o.a.d.s.m.c.IdSlotBasedCommandFetcher:[67] - Fetch commands: 0 success, cost: 0ms, totalSlot: 1, currentSlotIndex: 0
[INFO] 2025-10-13 12:12:27.288 +0800 o.a.d.s.m.c.IdSlotBasedCommandFetcher:[67] - Fetch commands: 0 success, cost: 0ms, totalSlot: 1, currentSlotIndex: 0
[INFO] 2025-10-13 12:12:28.301 +0800 o.a.d.s.m.c.IdSlotBasedCommandFetcher:[67] - Fetch commands: 0 success, cost: 0ms, totalSlot: 1, currentSlotIndex: 0
[INFO] 2025-10-13 12:12:29.302 +0800 o.a.d.s.m.c.IdSlotBasedCommandFetcher:[67] - Fetch commands: 0 success, cost: 0ms, totalSlot: 1, currentSlotIndex: 0
[INFO] 2025-10-13 12:12:30.302 +0800 o.a.d.s.m.c.IdSlotBasedCommandFetcher:[67] - Fetch commands: 0 success, cost: 0ms, totalSlot: 1, currentSlotIndex: 0
[INFO] 2025-10-13 12:12:30.471 +0800 o.a.d.s.m.r.t.TaskGroupCoordinator:[187] - Success amend TaskGroupQueue status cost: 0/ms
[INFO] 2025-10-13 12:12:30.471 +0800 o.a.d.s.m.r.t.TaskGroupCoordinator:[241] - Success deal with force start TaskGroupQueue cost: 0/ms
[INFO] 2025-10-13 12:12:30.471 +0800 o.a.d.s.m.r.t.TaskGroupCoordinator:[129] - TaskGroupCoordinator round time cost: 0/ms
[INFO] 2025-10-13 12:12:31.303 +0800 o.a.d.s.m.c.IdSlotBasedCommandFetcher:[67] - Fetch commands: 0 success, cost: 0ms, totalSlot: 1, currentSlotIndex: 0
[INFO] 2025-10-13 12:12:32.310 +0800 o.a.d.s.m.c.IdSlotBasedCommandFetcher:[67] - Fetch commands: 0 success, cost: 0ms, totalSlot: 1, currentSlotIndex: 0
[INFO] 2025-10-13 12:12:33.310 +0800 o.a.d.s.m.c.IdSlotBasedCommandFetcher:[67] - Fetch commands: 0 success, cost: 0ms, totalSlot: 1, currentSlotIndex: 0
[INFO] 2025-10-13 12:12:34.312 +0800 o.a.d.s.m.c.IdSlotBasedCommandFetcher:[67] - Fetch commands: 0 success, cost: 0ms, totalSlot: 1, currentSlotIndex: 0
[INFO] 2025-10-13 12:12:35.312 +0800 o.a.d.s.m.c.IdSlotBasedCommandFetcher:[67] - Fetch commands: 0 success, cost: 0ms, totalSlot: 1, currentSlotIndex: 0
[INFO] 2025-10-13 12:12:35.476 +0800 o.a.d.s.m.r.t.TaskGroupCoordinator:[187] - Success amend TaskGroupQueue status cost: 0/ms
[INFO] 2025-10-13 12:12:35.476 +0800 o.a.d.s.m.r.t.TaskGroupCoordinator:[241] - Success deal with force start TaskGroupQueue cost: 0/ms
[INFO] 2025-10-13 12:12:35.476 +0800 o.a.d.s.m.r.t.TaskGroupCoordinator:[129] - TaskGroupCoordinator round time cost: 0/ms
[INFO] 2025-10-13 12:12:36.324 +0800 o.a.d.s.m.c.IdSlotBasedCommandFetcher:[67] - Fetch commands: 0 success, cost: 0ms, totalSlot: 1, currentSlotIndex: 0
[INFO] 2025-10-13 12:12:37.503 +0800 o.a.d.s.m.c.IdSlotBasedCommandFetcher:[67] - Fetch commands: 0 success, cost: 0ms, totalSlot: 1, currentSlotIndex: 0
[INFO] 2025-10-13 12:12:38.585 +0800 o.a.d.s.m.c.IdSlotBasedCommandFetcher:[67] - Fetch commands: 0 success, cost: 0ms, totalSlot: 1, currentSlotIndex: 0
[INFO] 2025-10-13 12:12:39.654 +0800 o.a.d.s.m.c.IdSlotBasedCommandFetcher:[67] - Fetch commands: 0 success, cost: 0ms, totalSlot: 1, currentSlotIndex: 0
[INFO] 2025-10-13 12:12:40.488 +0800 o.a.d.s.m.r.t.TaskGroupCoordinator:[187] - Success amend TaskGroupQueue status cost: 0/ms
[INFO] 2025-10-13 12:12:40.489 +0800 o.a.d.s.m.r.t.TaskGroupCoordinator:[241] - Success deal with force start TaskGroupQueue cost: 0/ms
[INFO] 2025-10-13 12:12:40.489 +0800 o.a.d.s.m.r.t.TaskGroupCoordinator:[129] - TaskGroupCoordinator round time cost: 0/ms
[INFO] 2025-10-13 12:12:40.727 +0800 o.a.d.s.m.c.IdSlotBasedCommandFetcher:[67] - Fetch commands: 0 success, cost: 0ms, totalSlot: 1, currentSlotIndex: 0
[INFO] 2025-10-13 12:12:41.808 +0800 o.a.d.s.m.c.IdSlotBasedCommandFetcher:[67] - Fetch commands: 0 success, cost: 0ms, totalSlot: 1, currentSlotIndex: 0
[INFO] 2025-10-13 12:12:42.927 +0800 o.a.d.s.m.c.IdSlotBasedCommandFetcher:[67] - Fetch commands: 0 success, cost: 0ms, totalSlot: 1, currentSlotIndex: 0
[INFO] 2025-10-13 12:12:43.927 +0800 o.a.d.s.m.c.IdSlotBasedCommandFetcher:[67] - Fetch commands: 0 success, cost: 0ms, totalSlot: 1, currentSlotIndex: 0
[INFO] 2025-10-13 12:12:44.935 +0800 o.a.d.s.m.c.IdSlotBasedCommandFetcher:[67] - Fetch commands: 0 success, cost: 0ms, totalSlot: 1, currentSlotIndex: 0
[INFO] 2025-10-13 12:12:45.500 +0800 o.a.d.s.m.r.t.TaskGroupCoordinator:[187] - Success amend TaskGroupQueue status cost: 0/ms
[INFO] 2025-10-13 12:12:45.501 +0800 o.a.d.s.m.r.t.TaskGroupCoordinator:[241] - Success deal with force start TaskGroupQueue cost: 0/ms
[INFO] 2025-10-13 12:12:45.501 +0800 o.a.d.s.m.r.t.TaskGroupCoordinator:[129] - TaskGroupCoordinator round time cost: 0/ms
[INFO] 2025-10-13 12:12:45.935 +0800 o.a.d.s.m.c.IdSlotBasedCommandFetcher:[67] - Fetch commands: 0 success, cost: 0ms, totalSlot: 1, currentSlotIndex: 0
[INFO] 2025-10-13 12:12:46.936 +0800 o.a.d.s.m.c.IdSlotBasedCommandFetcher:[67] - Fetch commands: 0 success, cost: 0ms, totalSlot: 1, currentSlotIndex: 0
[INFO] 2025-10-13 12:12:47.945 +0800 o.a.d.s.m.c.IdSlotBasedCommandFetcher:[67] - Fetch commands: 0 success, cost: 0ms, totalSlot: 1, currentSlotIndex: 0
[INFO] 2025-10-13 12:12:48.946 +0800 o.a.d.s.m.c.IdSlotBasedCommandFetcher:[67] - Fetch commands: 0 success, cost: 0ms, totalSlot: 1, currentSlotIndex: 0
[INFO] 2025-10-13 12:12:49.953 +0800 o.a.d.s.m.c.IdSlotBasedCommandFetcher:[67] - Fetch commands: 0 success, cost: 0ms, totalSlot: 1, currentSlotIndex: 0
[INFO] 2025-10-13 12:12:50.506 +0800 o.a.d.s.m.r.t.TaskGroupCoordinator:[187] - Success amend TaskGroupQueue status cost: 0/ms
[INFO] 2025-10-13 12:12:50.506 +0800 o.a.d.s.m.r.t.TaskGroupCoordinator:[241] - Success deal with force start TaskGroupQueue cost: 0/ms
[INFO] 2025-10-13 12:12:50.506 +0800 o.a.d.s.m.r.t.TaskGroupCoordinator:[129] - TaskGroupCoordinator round time cost: 0/ms
[INFO] 2025-10-13 12:12:50.954 +0800 o.a.d.s.m.c.IdSlotBasedCommandFetcher:[67] - Fetch commands: 0 success, cost: 0ms, totalSlot: 1, currentSlotIndex: 0
[INFO] 2025-10-13 12:12:51.954 +0800 o.a.d.s.m.c.IdSlotBasedCommandFetcher:[67] - Fetch commands: 0 success, cost: 0ms, totalSlot: 1, currentSlotIndex: 0
[INFO] 2025-10-13 12:12:52.959 +0800 o.a.d.s.m.c.IdSlotBasedCommandFetcher:[67] - Fetch commands: 0 success, cost: 0ms, totalSlot: 1, currentSlotIndex: 0
[INFO] 2025-10-13 12:12:53.960 +0800 o.a.d.s.m.c.IdSlotBasedCommandFetcher:[67] - Fetch commands: 0 success, cost: 0ms, totalSlot: 1, currentSlotIndex: 0
[INFO] 2025-10-13 12:12:54.963 +0800 o.a.d.s.m.c.IdSlotBasedCommandFetcher:[67] - Fetch commands: 0 success, cost: 0ms, totalSlot: 1, currentSlotIndex: 0
[INFO] 2025-10-13 12:12:55.510 +0800 o.a.d.s.m.r.t.TaskGroupCoordinator:[187] - Success amend TaskGroupQueue status cost: 0/ms
[INFO] 2025-10-13 12:12:55.510 +0800 o.a.d.s.m.r.t.TaskGroupCoordinator:[241] - Success deal with force start TaskGroupQueue cost: 0/ms
[INFO] 2025-10-13 12:12:55.511 +0800 o.a.d.s.m.r.t.TaskGroupCoordinator:[129] - TaskGroupCoordinator round time cost: 0/ms
[INFO] 2025-10-13 12:12:55.964 +0800 o.a.d.s.m.c.IdSlotBasedCommandFetcher:[67] - Fetch commands: 0 success, cost: 0ms, totalSlot: 1, currentSlotIndex: 0
[INFO] 2025-10-13 12:12:57.182 +0800 o.a.d.s.m.c.IdSlotBasedCommandFetcher:[67] - Fetch commands: 0 success, cost: 0ms, totalSlot: 1, currentSlotIndex: 0
[INFO] 2025-10-13 12:12:58.182 +0800 o.a.d.s.m.c.IdSlotBasedCommandFetcher:[67] - Fetch commands: 0 success, cost: 0ms, totalSlot: 1, currentSlotIndex: 0
[INFO] 2025-10-13 12:12:59.183 +0800 o.a.d.s.m.c.IdSlotBasedCommandFetcher:[67] - Fetch commands: 0 success, cost: 0ms, totalSlot: 1, currentSlotIndex: 0
[INFO] 2025-10-13 12:13:00.184 +0800 o.a.d.s.m.c.IdSlotBasedCommandFetcher:[67] - Fetch commands: 0 success, cost: 0ms, totalSlot: 1, currentSlotIndex: 0
[INFO] 2025-10-13 12:13:00.518 +0800 o.a.d.s.m.r.t.TaskGroupCoordinator:[187] - Success amend TaskGroupQueue status cost: 0/ms
[INFO] 2025-10-13 12:13:00.518 +0800 o.a.d.s.m.r.t.TaskGroupCoordinator:[241] - Success deal with force start TaskGroupQueue cost: 0/ms
[INFO] 2025-10-13 12:13:00.518 +0800 o.a.d.s.m.r.t.TaskGroupCoordinator:[129] - TaskGroupCoordinator round time cost: 0/ms
[INFO] 2025-10-13 12:13:01.184 +0800 o.a.d.s.m.c.IdSlotBasedCommandFetcher:[67] - Fetch commands: 0 success, cost: 0ms, totalSlot: 1, currentSlotIndex: 0
[INFO] 2025-10-13 12:13:02.185 +0800 o.a.d.s.m.c.IdSlotBasedCommandFetcher:[67] - Fetch commands: 0 success, cost: 0ms, totalSlot: 1, currentSlotIndex: 0
[INFO] 2025-10-13 12:13:03.185 +0800 o.a.d.s.m.c.IdSlotBasedCommandFetcher:[67] - Fetch commands: 0 success, cost: 0ms, totalSlot: 1, currentSlotIndex: 0
[INFO] 2025-10-13 12:13:04.186 +0800 o.a.d.s.m.c.IdSlotBasedCommandFetcher:[67] - Fetch commands: 0 success, cost: 0ms, totalSlot: 1, currentSlotIndex: 0
[INFO] 2025-10-13 12:13:05.186 +0800 o.a.d.s.m.c.IdSlotBasedCommandFetcher:[67] - Fetch commands: 0 success, cost: 0ms, totalSlot: 1, currentSlotIndex: 0
[INFO] 2025-10-13 12:13:05.522 +0800 o.a.d.s.m.r.t.TaskGroupCoordinator:[187] - Success amend TaskGroupQueue status cost: 0/ms
[INFO] 2025-10-13 12:13:05.522 +0800 o.a.d.s.m.r.t.TaskGroupCoordinator:[241] - Success deal with force start TaskGroupQueue cost: 0/ms
[INFO] 2025-10-13 12:13:05.523 +0800 o.a.d.s.m.r.t.TaskGroupCoordinator:[129] - TaskGroupCoordinator round time cost: 0/ms
[INFO] 2025-10-13 12:13:06.186 +0800 o.a.d.s.m.c.IdSlotBasedCommandFetcher:[67] - Fetch commands: 0 success, cost: 0ms, totalSlot: 1, currentSlotIndex: 0
[INFO] 2025-10-13 12:13:07.186 +0800 o.a.d.s.m.c.IdSlotBasedCommandFetcher:[67] - Fetch commands: 0 success, cost: 0ms, totalSlot: 1, currentSlotIndex: 0
[INFO] 2025-10-13 12:13:08.187 +0800 o.a.d.s.m.c.IdSlotBasedCommandFetcher:[67] - Fetch commands: 0 success, cost: 0ms, totalSlot: 1, currentSlotIndex: 0
[INFO] 2025-10-13 12:13:09.187 +0800 o.a.d.s.m.c.IdSlotBasedCommandFetcher:[67] - Fetch commands: 0 success, cost: 0ms, totalSlot: 1, currentSlotIndex: 0
[INFO] 2025-10-13 12:13:10.188 +0800 o.a.d.s.m.c.IdSlotBasedCommandFetcher:[67] - Fetch commands: 0 success, cost: 0ms, totalSlot: 1, currentSlotIndex: 0
[INFO] 2025-10-13 12:13:10.528 +0800 o.a.d.s.m.r.t.TaskGroupCoordinator:[187] - Success amend TaskGroupQueue status cost: 0/ms
[INFO] 2025-10-13 12:13:10.528 +0800 o.a.d.s.m.r.t.TaskGroupCoordinator:[241] - Success deal with force start TaskGroupQueue cost: 0/ms
[INFO] 2025-10-13 12:13:10.528 +0800 o.a.d.s.m.r.t.TaskGroupCoordinator:[129] - TaskGroupCoordinator round time cost: 0/ms
[INFO] 2025-10-13 12:13:11.377 +0800 o.a.d.s.m.c.IdSlotBasedCommandFetcher:[67] - Fetch commands: 0 success, cost: 0ms, totalSlot: 1, currentSlotIndex: 0
[INFO] 2025-10-13 12:13:12.453 +0800 o.a.d.s.m.c.IdSlotBasedCommandFetcher:[67] - Fetch commands: 0 success, cost: 0ms, totalSlot: 1, currentSlotIndex: 0
[INFO] 2025-10-13 12:13:13.527 +0800 o.a.d.s.m.c.IdSlotBasedCommandFetcher:[67] - Fetch commands: 0 success, cost: 0ms, totalSlot: 1, currentSlotIndex: 0
[INFO] 2025-10-13 12:13:14.598 +0800 o.a.d.s.m.c.IdSlotBasedCommandFetcher:[67] - Fetch commands: 0 success, cost: 0ms, totalSlot: 1, currentSlotIndex: 0
[INFO] 2025-10-13 12:13:15.533 +0800 o.a.d.s.m.r.t.TaskGroupCoordinator:[187] - Success amend TaskGroupQueue status cost: 0/ms
[INFO] 2025-10-13 12:13:15.534 +0800 o.a.d.s.m.r.t.TaskGroupCoordinator:[241] - Success deal with force start TaskGroupQueue cost: 0/ms
[INFO] 2025-10-13 12:13:15.534 +0800 o.a.d.s.m.r.t.TaskGroupCoordinator:[129] - TaskGroupCoordinator round time cost: 0/ms
[INFO] 2025-10-13 12:13:15.675 +0800 o.a.d.s.m.c.IdSlotBasedCommandFetcher:[67] - Fetch commands: 0 success, cost: 0ms, totalSlot: 1, currentSlotIndex: 0
[INFO] 2025-10-13 12:13:16.736 +0800 o.a.d.s.m.c.IdSlotBasedCommandFetcher:[67] - Fetch commands: 0 success, cost: 0ms, totalSlot: 1, currentSlotIndex: 0
[INFO] 2025-10-13 12:13:17.816 +0800 o.a.d.s.m.c.IdSlotBasedCommandFetcher:[67] - Fetch commands: 0 success, cost: 0ms, totalSlot: 1, currentSlotIndex: 0
[INFO] 2025-10-13 12:13:18.820 +0800 o.a.d.s.m.c.IdSlotBasedCommandFetcher:[67] - Fetch commands: 0 success, cost: 0ms, totalSlot: 1, currentSlotIndex: 0
[INFO] 2025-10-13 12:13:19.820 +0800 o.a.d.s.m.c.IdSlotBasedCommandFetcher:[67] - Fetch commands: 0 success, cost: 0ms, totalSlot: 1, currentSlotIndex: 0
[INFO] 2025-10-13 12:13:20.539 +0800 o.a.d.s.m.r.t.TaskGroupCoordinator:[187] - Success amend TaskGroupQueue status cost: 0/ms
[INFO] 2025-10-13 12:13:20.539 +0800 o.a.d.s.m.r.t.TaskGroupCoordinator:[241] - Success deal with force start TaskGroupQueue cost: 0/ms
[INFO] 2025-10-13 12:13:20.539 +0800 o.a.d.s.m.r.t.TaskGroupCoordinator:[129] - TaskGroupCoordinator round time cost: 0/ms
[INFO] 2025-10-13 12:13:20.835 +0800 o.a.d.s.m.c.IdSlotBasedCommandFetcher:[67] - Fetch commands: 0 success, cost: 0ms, totalSlot: 1, currentSlotIndex: 0
[INFO] 2025-10-13 12:13:21.836 +0800 o.a.d.s.m.c.IdSlotBasedCommandFetcher:[67] - Fetch commands: 0 success, cost: 0ms, totalSlot: 1, currentSlotIndex: 0
[INFO] 2025-10-13 12:13:22.846 +0800 o.a.d.s.m.c.IdSlotBasedCommandFetcher:[67] - Fetch commands: 0 success, cost: 0ms, totalSlot: 1, currentSlotIndex: 0
[INFO] 2025-10-13 12:13:23.847 +0800 o.a.d.s.m.c.IdSlotBasedCommandFetcher:[67] - Fetch commands: 0 success, cost: 0ms, totalSlot: 1, currentSlotIndex: 0
[INFO] 2025-10-13 12:13:24.847 +0800 o.a.d.s.m.c.IdSlotBasedCommandFetcher:[67] - Fetch commands: 0 success, cost: 0ms, totalSlot: 1, currentSlotIndex: 0
[INFO] 2025-10-13 12:13:25.544 +0800 o.a.d.s.m.r.t.TaskGroupCoordinator:[187] - Success amend TaskGroupQueue status cost: 0/ms
[INFO] 2025-10-13 12:13:25.544 +0800 o.a.d.s.m.r.t.TaskGroupCoordinator:[241] - Success deal with force start TaskGroupQueue cost: 0/ms
[INFO] 2025-10-13 12:13:25.544 +0800 o.a.d.s.m.r.t.TaskGroupCoordinator:[129] - TaskGroupCoordinator round time cost: 0/ms
[INFO] 2025-10-13 12:13:25.861 +0800 o.a.d.s.m.c.IdSlotBasedCommandFetcher:[67] - Fetch commands: 0 success, cost: 0ms, totalSlot: 1, currentSlotIndex: 0
[INFO] 2025-10-13 12:13:26.861 +0800 o.a.d.s.m.c.IdSlotBasedCommandFetcher:[67] - Fetch commands: 0 success, cost: 0ms, totalSlot: 1, currentSlotIndex: 0
[INFO] 2025-10-13 12:13:27.863 +0800 o.a.d.s.m.c.IdSlotBasedCommandFetcher:[67] - Fetch commands: 0 success, cost: 0ms, totalSlot: 1, currentSlotIndex: 0
[INFO] 2025-10-13 12:13:28.863 +0800 o.a.d.s.m.c.IdSlotBasedCommandFetcher:[67] - Fetch commands: 0 success, cost: 0ms, totalSlot: 1, currentSlotIndex: 0
[INFO] 2025-10-13 12:13:29.864 +0800 o.a.d.s.m.c.IdSlotBasedCommandFetcher:[67] - Fetch commands: 0 success, cost: 0ms, totalSlot: 1, currentSlotIndex: 0
[INFO] 2025-10-13 12:13:30.549 +0800 o.a.d.s.m.r.t.TaskGroupCoordinator:[187] - Success amend TaskGroupQueue status cost: 0/ms
[INFO] 2025-10-13 12:13:30.549 +0800 o.a.d.s.m.r.t.TaskGroupCoordinator:[241] - Success deal with force start TaskGroupQueue cost: 0/ms
[INFO] 2025-10-13 12:13:30.549 +0800 o.a.d.s.m.r.t.TaskGroupCoordinator:[129] - TaskGroupCoordinator round time cost: 0/ms
[INFO] 2025-10-13 12:13:30.999 +0800 o.a.d.s.m.c.IdSlotBasedCommandFetcher:[67] - Fetch commands: 0 success, cost: 0ms, totalSlot: 1, currentSlotIndex: 0
[INFO] 2025-10-13 12:13:32.082 +0800 o.a.d.s.m.c.IdSlotBasedCommandFetcher:[67] - Fetch commands: 0 success, cost: 0ms, totalSlot: 1, currentSlotIndex: 0
[INFO] 2025-10-13 12:13:33.154 +0800 o.a.d.s.m.c.IdSlotBasedCommandFetcher:[67] - Fetch commands: 0 success, cost: 0ms, totalSlot: 1, currentSlotIndex: 0
[INFO] 2025-10-13 12:13:34.223 +0800 o.a.d.s.m.c.IdSlotBasedCommandFetcher:[67] - Fetch commands: 0 success, cost: 0ms, totalSlot: 1, currentSlotIndex: 0
[INFO] 2025-10-13 12:13:35.292 +0800 o.a.d.s.m.c.IdSlotBasedCommandFetcher:[67] - Fetch commands: 0 success, cost: 0ms, totalSlot: 1, currentSlotIndex: 0
[INFO] 2025-10-13 12:13:35.556 +0800 o.a.d.s.m.r.t.TaskGroupCoordinator:[187] - Success amend TaskGroupQueue status cost: 0/ms
[INFO] 2025-10-13 12:13:35.557 +0800 o.a.d.s.m.r.t.TaskGroupCoordinator:[241] - Success deal with force start TaskGroupQueue cost: 0/ms
[INFO] 2025-10-13 12:13:35.557 +0800 o.a.d.s.m.r.t.TaskGroupCoordinator:[129] - TaskGroupCoordinator round time cost: 0/ms
[INFO] 2025-10-13 12:13:36.364 +0800 o.a.d.s.m.c.IdSlotBasedCommandFetcher:[67] - Fetch commands: 0 success, cost: 0ms, totalSlot: 1, currentSlotIndex: 0
[INFO] 2025-10-13 12:13:37.436 +0800 o.a.d.s.m.c.IdSlotBasedCommandFetcher:[67] - Fetch commands: 0 success, cost: 1ms, totalSlot: 1, currentSlotIndex: 0
[INFO] 2025-10-13 12:13:38.537 +0800 o.a.d.s.m.c.IdSlotBasedCommandFetcher:[67] - Fetch commands: 0 success, cost: 0ms, totalSlot: 1, currentSlotIndex: 0
[INFO] 2025-10-13 12:13:39.537 +0800 o.a.d.s.m.c.IdSlotBasedCommandFetcher:[67] - Fetch commands: 0 success, cost: 0ms, totalSlot: 1, currentSlotIndex: 0
[INFO] 2025-10-13 12:13:40.541 +0800 o.a.d.s.m.c.IdSlotBasedCommandFetcher:[67] - Fetch commands: 0 success, cost: 0ms, totalSlot: 1, currentSlotIndex: 0
[INFO] 2025-10-13 12:13:40.560 +0800 o.a.d.s.m.r.t.TaskGroupCoordinator:[187] - Success amend TaskGroupQueue status cost: 0/ms
[INFO] 2025-10-13 12:13:40.561 +0800 o.a.d.s.m.r.t.TaskGroupCoordinator:[241] - Success deal with force start TaskGroupQueue cost: 0/ms
[INFO] 2025-10-13 12:13:40.561 +0800 o.a.d.s.m.r.t.TaskGroupCoordinator:[129] - TaskGroupCoordinator round time cost: 0/ms
[INFO] 2025-10-13 12:13:41.541 +0800 o.a.d.s.m.c.IdSlotBasedCommandFetcher:[67] - Fetch commands: 0 success, cost: 0ms, totalSlot: 1, currentSlotIndex: 0
[INFO] 2025-10-13 12:13:42.541 +0800 o.a.d.s.m.c.IdSlotBasedCommandFetcher:[67] - Fetch commands: 0 success, cost: 0ms, totalSlot: 1, currentSlotIndex: 0
[INFO] 2025-10-13 12:13:43.542 +0800 o.a.d.s.m.c.IdSlotBasedCommandFetcher:[67] - Fetch commands: 0 success, cost: 0ms, totalSlot: 1, currentSlotIndex: 0
[INFO] 2025-10-13 12:13:44.543 +0800 o.a.d.s.m.c.IdSlotBasedCommandFetcher:[67] - Fetch commands: 0 success, cost: 0ms, totalSlot: 1, currentSlotIndex: 0
[INFO] 2025-10-13 12:13:45.545 +0800 o.a.d.s.m.c.IdSlotBasedCommandFetcher:[67] - Fetch commands: 0 success, cost: 0ms, totalSlot: 1, currentSlotIndex: 0
[INFO] 2025-10-13 12:13:45.575 +0800 o.a.d.s.m.r.t.TaskGroupCoordinator:[187] - Success amend TaskGroupQueue status cost: 0/ms
[INFO] 2025-10-13 12:13:45.575 +0800 o.a.d.s.m.r.t.TaskGroupCoordinator:[241] - Success deal with force start TaskGroupQueue cost: 0/ms
[INFO] 2025-10-13 12:13:45.575 +0800 o.a.d.s.m.r.t.TaskGroupCoordinator:[129] - TaskGroupCoordinator round time cost: 0/ms
[INFO] 2025-10-13 12:13:46.548 +0800 o.a.d.s.m.c.IdSlotBasedCommandFetcher:[67] - Fetch commands: 0 success, cost: 0ms, totalSlot: 1, currentSlotIndex: 0
[INFO] 2025-10-13 12:13:47.548 +0800 o.a.d.s.m.c.IdSlotBasedCommandFetcher:[67] - Fetch commands: 0 success, cost: 0ms, totalSlot: 1, currentSlotIndex: 0
[INFO] 2025-10-13 12:13:48.564 +0800 o.a.d.s.m.c.IdSlotBasedCommandFetcher:[67] - Fetch commands: 0 success, cost: 0ms, totalSlot: 1, currentSlotIndex: 0
[INFO] 2025-10-13 12:13:49.564 +0800 o.a.d.s.m.c.IdSlotBasedCommandFetcher:[67] - Fetch commands: 0 success, cost: 0ms, totalSlot: 1, currentSlotIndex: 0
[INFO] 2025-10-13 12:13:50.565 +0800 o.a.d.s.m.c.IdSlotBasedCommandFetcher:[67] - Fetch commands: 0 success, cost: 0ms, totalSlot: 1, currentSlotIndex: 0
[INFO] 2025-10-13 12:13:50.595 +0800 o.a.d.s.m.r.t.TaskGroupCoordinator:[187] - Success amend TaskGroupQueue status cost: 0/ms
[INFO] 2025-10-13 12:13:50.595 +0800 o.a.d.s.m.r.t.TaskGroupCoordinator:[241] - Success deal with force start TaskGroupQueue cost: 0/ms
[INFO] 2025-10-13 12:13:50.595 +0800 o.a.d.s.m.r.t.TaskGroupCoordinator:[129] - TaskGroupCoordinator round time cost: 0/ms
[INFO] 2025-10-13 12:13:51.567 +0800 o.a.d.s.m.c.IdSlotBasedCommandFetcher:[67] - Fetch commands: 0 success, cost: 0ms, totalSlot: 1, currentSlotIndex: 0
[INFO] 2025-10-13 12:13:52.782 +0800 o.a.d.s.m.c.IdSlotBasedCommandFetcher:[67] - Fetch commands: 0 success, cost: 0ms, totalSlot: 1, currentSlotIndex: 0
[INFO] 2025-10-13 12:13:53.787 +0800 o.a.d.s.m.c.IdSlotBasedCommandFetcher:[67] - Fetch commands: 0 success, cost: 0ms, totalSlot: 1, currentSlotIndex: 0
[INFO] 2025-10-13 12:13:54.788 +0800 o.a.d.s.m.c.IdSlotBasedCommandFetcher:[67] - Fetch commands: 0 success, cost: 0ms, totalSlot: 1, currentSlotIndex: 0
[INFO] 2025-10-13 12:13:55.605 +0800 o.a.d.s.m.r.t.TaskGroupCoordinator:[187] - Success amend TaskGroupQueue status cost: 0/ms
[INFO] 2025-10-13 12:13:55.606 +0800 o.a.d.s.m.r.t.TaskGroupCoordinator:[241] - Success deal with force start TaskGroupQueue cost: 0/ms
[INFO] 2025-10-13 12:13:55.606 +0800 o.a.d.s.m.r.t.TaskGroupCoordinator:[129] - TaskGroupCoordinator round time cost: 0/ms
[INFO] 2025-10-13 12:13:55.801 +0800 o.a.d.s.m.c.IdSlotBasedCommandFetcher:[67] - Fetch commands: 0 success, cost: 0ms, totalSlot: 1, currentSlotIndex: 0
[INFO] 2025-10-13 12:13:56.802 +0800 o.a.d.s.m.c.IdSlotBasedCommandFetcher:[67] - Fetch commands: 0 success, cost: 0ms, totalSlot: 1, currentSlotIndex: 0
[INFO] 2025-10-13 12:13:57.813 +0800 o.a.d.s.m.c.IdSlotBasedCommandFetcher:[67] - Fetch commands: 0 success, cost: 0ms, totalSlot: 1, currentSlotIndex: 0
[INFO] 2025-10-13 12:13:58.813 +0800 o.a.d.s.m.c.IdSlotBasedCommandFetcher:[67] - Fetch commands: 0 success, cost: 0ms, totalSlot: 1, currentSlotIndex: 0
[INFO] 2025-10-13 12:13:59.814 +0800 o.a.d.s.m.c.IdSlotBasedCommandFetcher:[67] - Fetch commands: 0 success, cost: 0ms, totalSlot: 1, currentSlotIndex: 0
[INFO] 2025-10-13 12:14:00.610 +0800 o.a.d.s.m.r.t.TaskGroupCoordinator:[187] - Success amend TaskGroupQueue status cost: 0/ms
[INFO] 2025-10-13 12:14:00.610 +0800 o.a.d.s.m.r.t.TaskGroupCoordinator:[241] - Success deal with force start TaskGroupQueue cost: 0/ms
[INFO] 2025-10-13 12:14:00.610 +0800 o.a.d.s.m.r.t.TaskGroupCoordinator:[129] - TaskGroupCoordinator round time cost: 0/ms
[INFO] 2025-10-13 12:14:00.814 +0800 o.a.d.s.m.c.IdSlotBasedCommandFetcher:[67] - Fetch commands: 0 success, cost: 0ms, totalSlot: 1, currentSlotIndex: 0
[INFO] 2025-10-13 12:14:01.815 +0800 o.a.d.s.m.c.IdSlotBasedCommandFetcher:[67] - Fetch commands: 0 success, cost: 0ms, totalSlot: 1, currentSlotIndex: 0
[INFO] 2025-10-13 12:14:02.817 +0800 o.a.d.s.m.c.IdSlotBasedCommandFetcher:[67] - Fetch commands: 0 success, cost: 0ms, totalSlot: 1, currentSlotIndex: 0
[INFO] 2025-10-13 12:14:03.817 +0800 o.a.d.s.m.c.IdSlotBasedCommandFetcher:[67] - Fetch commands: 0 success, cost: 0ms, totalSlot: 1, currentSlotIndex: 0
[INFO] 2025-10-13 12:14:04.818 +0800 o.a.d.s.m.c.IdSlotBasedCommandFetcher:[67] - Fetch commands: 0 success, cost: 0ms, totalSlot: 1, currentSlotIndex: 0
[INFO] 2025-10-13 12:14:05.618 +0800 o.a.d.s.m.r.t.TaskGroupCoordinator:[187] - Success amend TaskGroupQueue status cost: 0/ms
[INFO] 2025-10-13 12:14:05.618 +0800 o.a.d.s.m.r.t.TaskGroupCoordinator:[241] - Success deal with force start TaskGroupQueue cost: 0/ms
[INFO] 2025-10-13 12:14:05.618 +0800 o.a.d.s.m.r.t.TaskGroupCoordinator:[129] - TaskGroupCoordinator round time cost: 0/ms
[INFO] 2025-10-13 12:14:05.818 +0800 o.a.d.s.m.c.IdSlotBasedCommandFetcher:[67] - Fetch commands: 0 success, cost: 0ms, totalSlot: 1, currentSlotIndex: 0
[INFO] 2025-10-13 12:14:07.004 +0800 o.a.d.s.m.c.IdSlotBasedCommandFetcher:[67] - Fetch commands: 0 success, cost: 0ms, totalSlot: 1, currentSlotIndex: 0
[INFO] 2025-10-13 12:14:08.080 +0800 o.a.d.s.m.c.IdSlotBasedCommandFetcher:[67] - Fetch commands: 0 success, cost: 0ms, totalSlot: 1, currentSlotIndex: 0
[INFO] 2025-10-13 12:14:09.165 +0800 o.a.d.s.m.c.IdSlotBasedCommandFetcher:[67] - Fetch commands: 0 success, cost: 0ms, totalSlot: 1, currentSlotIndex: 0
[INFO] 2025-10-13 12:14:10.235 +0800 o.a.d.s.m.c.IdSlotBasedCommandFetcher:[67] - Fetch commands: 0 success, cost: 1ms, totalSlot: 1, currentSlotIndex: 0
[INFO] 2025-10-13 12:14:10.623 +0800 o.a.d.s.m.r.t.TaskGroupCoordinator:[187] - Success amend TaskGroupQueue status cost: 0/ms
[INFO] 2025-10-13 12:14:10.623 +0800 o.a.d.s.m.r.t.TaskGroupCoordinator:[241] - Success deal with force start TaskGroupQueue cost: 0/ms
[INFO] 2025-10-13 12:14:10.623 +0800 o.a.d.s.m.r.t.TaskGroupCoordinator:[129] - TaskGroupCoordinator round time cost: 0/ms
[INFO] 2025-10-13 12:14:11.344 +0800 o.a.d.s.m.c.IdSlotBasedCommandFetcher:[67] - Fetch commands: 0 success, cost: 0ms, totalSlot: 1, currentSlotIndex: 0
[INFO] 2025-10-13 12:14:12.345 +0800 o.a.d.s.m.c.IdSlotBasedCommandFetcher:[67] - Fetch commands: 0 success, cost: 0ms, totalSlot: 1, currentSlotIndex: 0
[INFO] 2025-10-13 12:14:13.346 +0800 o.a.d.s.m.c.IdSlotBasedCommandFetcher:[67] - Fetch commands: 0 success, cost: 0ms, totalSlot: 1, currentSlotIndex: 0
[INFO] 2025-10-13 12:14:14.346 +0800 o.a.d.s.m.c.IdSlotBasedCommandFetcher:[67] - Fetch commands: 0 success, cost: 0ms, totalSlot: 1, currentSlotIndex: 0
[INFO] 2025-10-13 12:14:15.347 +0800 o.a.d.s.m.c.IdSlotBasedCommandFetcher:[67] - Fetch commands: 0 success, cost: 1ms, totalSlot: 1, currentSlotIndex: 0
[INFO] 2025-10-13 12:14:15.627 +0800 o.a.d.s.m.r.t.TaskGroupCoordinator:[187] - Success amend TaskGroupQueue status cost: 0/ms
[INFO] 2025-10-13 12:14:15.627 +0800 o.a.d.s.m.r.t.TaskGroupCoordinator:[241] - Success deal with force start TaskGroupQueue cost: 0/ms
[INFO] 2025-10-13 12:14:15.627 +0800 o.a.d.s.m.r.t.TaskGroupCoordinator:[129] - TaskGroupCoordinator round time cost: 0/ms
[INFO] 2025-10-13 12:14:16.347 +0800 o.a.d.s.m.c.IdSlotBasedCommandFetcher:[67] - Fetch commands: 0 success, cost: 0ms, totalSlot: 1, currentSlotIndex: 0
[INFO] 2025-10-13 12:14:17.348 +0800 o.a.d.s.m.c.IdSlotBasedCommandFetcher:[67] - Fetch commands: 0 success, cost: 0ms, totalSlot: 1, currentSlotIndex: 0
[INFO] 2025-10-13 12:14:18.348 +0800 o.a.d.s.m.c.IdSlotBasedCommandFetcher:[67] - Fetch commands: 0 success, cost: 0ms, totalSlot: 1, currentSlotIndex: 0
[INFO] 2025-10-13 12:14:19.349 +0800 o.a.d.s.m.c.IdSlotBasedCommandFetcher:[67] - Fetch commands: 0 success, cost: 0ms, totalSlot: 1, currentSlotIndex: 0
[INFO] 2025-10-13 12:14:20.349 +0800 o.a.d.s.m.c.IdSlotBasedCommandFetcher:[67] - Fetch commands: 0 success, cost: 0ms, totalSlot: 1, currentSlotIndex: 0
[INFO] 2025-10-13 12:14:20.630 +0800 o.a.d.s.m.r.t.TaskGroupCoordinator:[187] - Success amend TaskGroupQueue status cost: 0/ms
[INFO] 2025-10-13 12:14:20.630 +0800 o.a.d.s.m.r.t.TaskGroupCoordinator:[241] - Success deal with force start TaskGroupQueue cost: 0/ms
[INFO] 2025-10-13 12:14:20.631 +0800 o.a.d.s.m.r.t.TaskGroupCoordinator:[129] - TaskGroupCoordinator round time cost: 0/ms
[INFO] 2025-10-13 12:14:21.196 +0800 o.a.d.m.m.BaseServerLoadProtection:[43] - OverLoad: the system cpu usage: 1.0 is over then the maxSystemCpuUsagePercentageThresholds 0.9
[INFO] 2025-10-13 12:14:21.362 +0800 o.a.d.m.m.BaseServerLoadProtection:[43] - OverLoad: the system cpu usage: 1.0 is over then the maxSystemCpuUsagePercentageThresholds 0.9
[WARN] 2025-10-13 12:14:21.362 +0800 o.a.d.s.m.r.MasterSchedulerBootstrap:[120] - The current server is overload, cannot consumes commands.
[INFO] 2025-10-13 12:14:22.163 +0800 o.a.d.m.m.BaseServerLoadProtection:[43] - OverLoad: the system cpu usage: 1.0 is over then the maxSystemCpuUsagePercentageThresholds 0.9
[INFO] 2025-10-13 12:14:22.364 +0800 o.a.d.s.m.c.IdSlotBasedCommandFetcher:[67] - Fetch commands: 0 success, cost: 0ms, totalSlot: 1, currentSlotIndex: 0
[WARN] 2025-10-13 12:14:22.864 +0800 o.a.d.s.m.d.h.LowerWeightHostManager:[139] - Worker 10.1.35.13:1234 in workerGroup default is Busy, heartbeat is WorkerHeartBeat(workerHostWeight=100, threadPoolUsage=0)
[INFO] 2025-10-13 12:14:23.377 +0800 o.a.d.s.m.c.IdSlotBasedCommandFetcher:[67] - Fetch commands: 0 success, cost: 0ms, totalSlot: 1, currentSlotIndex: 0
[INFO] 2025-10-13 12:14:24.504 +0800 o.a.d.s.m.c.IdSlotBasedCommandFetcher:[67] - Fetch commands: 0 success, cost: 0ms, totalSlot: 1, currentSlotIndex: 0
[INFO] 2025-10-13 12:14:25.583 +0800 o.a.d.s.m.c.IdSlotBasedCommandFetcher:[67] - Fetch commands: 0 success, cost: 0ms, totalSlot: 1, currentSlotIndex: 0
[INFO] 2025-10-13 12:14:25.638 +0800 o.a.d.s.m.r.t.TaskGroupCoordinator:[187] - Success amend TaskGroupQueue status cost: 0/ms
[INFO] 2025-10-13 12:14:25.638 +0800 o.a.d.s.m.r.t.TaskGroupCoordinator:[241] - Success deal with force start TaskGroupQueue cost: 0/ms
[INFO] 2025-10-13 12:14:25.638 +0800 o.a.d.s.m.r.t.TaskGroupCoordinator:[129] - TaskGroupCoordinator round time cost: 0/ms
[INFO] 2025-10-13 12:14:26.668 +0800 o.a.d.s.m.c.IdSlotBasedCommandFetcher:[67] - Fetch commands: 0 success, cost: 1ms, totalSlot: 1, currentSlotIndex: 0
[INFO] 2025-10-13 12:14:27.741 +0800 o.a.d.s.m.c.IdSlotBasedCommandFetcher:[67] - Fetch commands: 0 success, cost: 0ms, totalSlot: 1, currentSlotIndex: 0
[INFO] 2025-10-13 12:14:28.817 +0800 o.a.d.s.m.c.IdSlotBasedCommandFetcher:[67] - Fetch commands: 0 success, cost: 1ms, totalSlot: 1, currentSlotIndex: 0
[INFO] 2025-10-13 12:14:29.886 +0800 o.a.d.s.m.c.IdSlotBasedCommandFetcher:[67] - Fetch commands: 0 success, cost: 0ms, totalSlot: 1, currentSlotIndex: 0
[INFO] 2025-10-13 12:14:30.648 +0800 o.a.d.s.m.r.t.TaskGroupCoordinator:[187] - Success amend TaskGroupQueue status cost: 0/ms
[INFO] 2025-10-13 12:14:30.648 +0800 o.a.d.s.m.r.t.TaskGroupCoordinator:[241] - Success deal with force start TaskGroupQueue cost: 0/ms
[INFO] 2025-10-13 12:14:30.648 +0800 o.a.d.s.m.r.t.TaskGroupCoordinator:[129] - TaskGroupCoordinator round time cost: 0/ms
[INFO] 2025-10-13 12:14:30.971 +0800 o.a.d.s.m.c.IdSlotBasedCommandFetcher:[67] - Fetch commands: 0 success, cost: 0ms, totalSlot: 1, currentSlotIndex: 0
[INFO] 2025-10-13 12:14:32.044 +0800 o.a.d.s.m.c.IdSlotBasedCommandFetcher:[67] - Fetch commands: 0 success, cost: 0ms, totalSlot: 1, currentSlotIndex: 0
[INFO] 2025-10-13 12:14:33.118 +0800 o.a.d.s.m.c.IdSlotBasedCommandFetcher:[67] - Fetch commands: 0 success, cost: 1ms, totalSlot: 1, currentSlotIndex: 0
[INFO] 2025-10-13 12:14:34.187 +0800 o.a.d.s.m.c.IdSlotBasedCommandFetcher:[67] - Fetch commands: 0 success, cost: 0ms, totalSlot: 1, currentSlotIndex: 0
[INFO] 2025-10-13 12:14:35.391 +0800 o.a.d.s.m.c.IdSlotBasedCommandFetcher:[67] - Fetch commands: 0 success, cost: 0ms, totalSlot: 1, currentSlotIndex: 0
[INFO] 2025-10-13 12:14:35.652 +0800 o.a.d.s.m.r.t.TaskGroupCoordinator:[187] - Success amend TaskGroupQueue status cost: 0/ms
[INFO] 2025-10-13 12:14:35.652 +0800 o.a.d.s.m.r.t.TaskGroupCoordinator:[241] - Success deal with force start TaskGroupQueue cost: 0/ms
[INFO] 2025-10-13 12:14:35.652 +0800 o.a.d.s.m.r.t.TaskGroupCoordinator:[129] - TaskGroupCoordinator round time cost: 0/ms
[INFO] 2025-10-13 12:14:36.391 +0800 o.a.d.s.m.c.IdSlotBasedCommandFetcher:[67] - Fetch commands: 0 success, cost: 0ms, totalSlot: 1, currentSlotIndex: 0
[INFO] 2025-10-13 12:14:37.392 +0800 o.a.d.s.m.c.IdSlotBasedCommandFetcher:[67] - Fetch commands: 0 success, cost: 0ms, totalSlot: 1, currentSlotIndex: 0
[INFO] 2025-10-13 12:14:38.405 +0800 o.a.d.s.m.c.IdSlotBasedCommandFetcher:[67] - Fetch commands: 0 success, cost: 0ms, totalSlot: 1, currentSlotIndex: 0
[INFO] 2025-10-13 12:14:39.406 +0800 o.a.d.s.m.c.IdSlotBasedCommandFetcher:[67] - Fetch commands: 0 success, cost: 0ms, totalSlot: 1, currentSlotIndex: 0
[INFO] 2025-10-13 12:14:40.406 +0800 o.a.d.s.m.c.IdSlotBasedCommandFetcher:[67] - Fetch commands: 0 success, cost: 0ms, totalSlot: 1, currentSlotIndex: 0
[INFO] 2025-10-13 12:14:40.658 +0800 o.a.d.s.m.r.t.TaskGroupCoordinator:[187] - Success amend TaskGroupQueue status cost: 0/ms
[INFO] 2025-10-13 12:14:40.658 +0800 o.a.d.s.m.r.t.TaskGroupCoordinator:[241] - Success deal with force start TaskGroupQueue cost: 0/ms
[INFO] 2025-10-13 12:14:40.658 +0800 o.a.d.s.m.r.t.TaskGroupCoordinator:[129] - TaskGroupCoordinator round time cost: 0/ms
[INFO] 2025-10-13 12:14:41.407 +0800 o.a.d.s.m.c.IdSlotBasedCommandFetcher:[67] - Fetch commands: 0 success, cost: 0ms, totalSlot: 1, currentSlotIndex: 0
[INFO] 2025-10-13 12:14:42.410 +0800 o.a.d.s.m.c.IdSlotBasedCommandFetcher:[67] - Fetch commands: 0 success, cost: 0ms, totalSlot: 1, currentSlotIndex: 0
[INFO] 2025-10-13 12:14:43.410 +0800 o.a.d.s.m.c.IdSlotBasedCommandFetcher:[67] - Fetch commands: 0 success, cost: 0ms, totalSlot: 1, currentSlotIndex: 0
[INFO] 2025-10-13 12:14:44.413 +0800 o.a.d.s.m.c.IdSlotBasedCommandFetcher:[67] - Fetch commands: 0 success, cost: 0ms, totalSlot: 1, currentSlotIndex: 0
[INFO] 2025-10-13 12:14:45.414 +0800 o.a.d.s.m.c.IdSlotBasedCommandFetcher:[67] - Fetch commands: 0 success, cost: 0ms, totalSlot: 1, currentSlotIndex: 0
[INFO] 2025-10-13 12:14:45.669 +0800 o.a.d.s.m.r.t.TaskGroupCoordinator:[187] - Success amend TaskGroupQueue status cost: 0/ms
[INFO] 2025-10-13 12:14:45.669 +0800 o.a.d.s.m.r.t.TaskGroupCoordinator:[241] - Success deal with force start TaskGroupQueue cost: 0/ms
[INFO] 2025-10-13 12:14:45.669 +0800 o.a.d.s.m.r.t.TaskGroupCoordinator:[129] - TaskGroupCoordinator round time cost: 0/ms
[INFO] 2025-10-13 12:14:46.415 +0800 o.a.d.s.m.c.IdSlotBasedCommandFetcher:[67] - Fetch commands: 0 success, cost: 0ms, totalSlot: 1, currentSlotIndex: 0
[INFO] 2025-10-13 12:14:47.596 +0800 o.a.d.s.m.c.IdSlotBasedCommandFetcher:[67] - Fetch commands: 0 success, cost: 0ms, totalSlot: 1, currentSlotIndex: 0
[INFO] 2025-10-13 12:14:48.670 +0800 o.a.d.s.m.c.IdSlotBasedCommandFetcher:[67] - Fetch commands: 0 success, cost: 0ms, totalSlot: 1, currentSlotIndex: 0
[INFO] 2025-10-13 12:14:49.736 +0800 o.a.d.s.m.c.IdSlotBasedCommandFetcher:[67] - Fetch commands: 0 success, cost: 0ms, totalSlot: 1, currentSlotIndex: 0
[INFO] 2025-10-13 12:14:50.675 +0800 o.a.d.s.m.r.t.TaskGroupCoordinator:[187] - Success amend TaskGroupQueue status cost: 0/ms
[INFO] 2025-10-13 12:14:50.675 +0800 o.a.d.s.m.r.t.TaskGroupCoordinator:[241] - Success deal with force start TaskGroupQueue cost: 0/ms
[INFO] 2025-10-13 12:14:50.675 +0800 o.a.d.s.m.r.t.TaskGroupCoordinator:[129] - TaskGroupCoordinator round time cost: 0/ms
[INFO] 2025-10-13 12:14:50.808 +0800 o.a.d.s.m.c.IdSlotBasedCommandFetcher:[67] - Fetch commands: 0 success, cost: 0ms, totalSlot: 1, currentSlotIndex: 0
[INFO] 2025-10-13 12:14:51.924 +0800 o.a.d.s.m.c.IdSlotBasedCommandFetcher:[67] - Fetch commands: 0 success, cost: 0ms, totalSlot: 1, currentSlotIndex: 0
[INFO] 2025-10-13 12:14:52.926 +0800 o.a.d.s.m.c.IdSlotBasedCommandFetcher:[67] - Fetch commands: 0 success, cost: 0ms, totalSlot: 1, currentSlotIndex: 0
[INFO] 2025-10-13 12:14:53.926 +0800 o.a.d.s.m.c.IdSlotBasedCommandFetcher:[67] - Fetch commands: 0 success, cost: 0ms, totalSlot: 1, currentSlotIndex: 0
[INFO] 2025-10-13 12:14:54.927 +0800 o.a.d.s.m.c.IdSlotBasedCommandFetcher:[67] - Fetch commands: 0 success, cost: 0ms, totalSlot: 1, currentSlotIndex: 0
[INFO] 2025-10-13 12:14:55.680 +0800 o.a.d.s.m.r.t.TaskGroupCoordinator:[187] - Success amend TaskGroupQueue status cost: 0/ms
[INFO] 2025-10-13 12:14:55.680 +0800 o.a.d.s.m.r.t.TaskGroupCoordinator:[241] - Success deal with force start TaskGroupQueue cost: 0/ms
[INFO] 2025-10-13 12:14:55.680 +0800 o.a.d.s.m.r.t.TaskGroupCoordinator:[129] - TaskGroupCoordinator round time cost: 0/ms
[INFO] 2025-10-13 12:14:55.927 +0800 o.a.d.s.m.c.IdSlotBasedCommandFetcher:[67] - Fetch commands: 0 success, cost: 0ms, totalSlot: 1, currentSlotIndex: 0
[INFO] 2025-10-13 12:14:56.928 +0800 o.a.d.s.m.c.IdSlotBasedCommandFetcher:[67] - Fetch commands: 0 success, cost: 0ms, totalSlot: 1, currentSlotIndex: 0
[INFO] 2025-10-13 12:14:57.928 +0800 o.a.d.s.m.c.IdSlotBasedCommandFetcher:[67] - Fetch commands: 0 success, cost: 0ms, totalSlot: 1, currentSlotIndex: 0
[INFO] 2025-10-13 12:14:58.929 +0800 o.a.d.s.m.c.IdSlotBasedCommandFetcher:[67] - Fetch commands: 0 success, cost: 0ms, totalSlot: 1, currentSlotIndex: 0
[INFO] 2025-10-13 12:14:59.941 +0800 o.a.d.s.m.c.IdSlotBasedCommandFetcher:[67] - Fetch commands: 0 success, cost: 0ms, totalSlot: 1, currentSlotIndex: 0
[INFO] 2025-10-13 12:15:00.685 +0800 o.a.d.s.m.r.t.TaskGroupCoordinator:[187] - Success amend TaskGroupQueue status cost: 0/ms
[INFO] 2025-10-13 12:15:00.686 +0800 o.a.d.s.m.r.t.TaskGroupCoordinator:[241] - Success deal with force start TaskGroupQueue cost: 0/ms
[INFO] 2025-10-13 12:15:00.686 +0800 o.a.d.s.m.r.t.TaskGroupCoordinator:[129] - TaskGroupCoordinator round time cost: 0/ms
[INFO] 2025-10-13 12:15:00.942 +0800 o.a.d.s.m.c.IdSlotBasedCommandFetcher:[67] - Fetch commands: 0 success, cost: 0ms, totalSlot: 1, currentSlotIndex: 0
[INFO] 2025-10-13 12:15:01.942 +0800 o.a.d.s.m.c.IdSlotBasedCommandFetcher:[67] - Fetch commands: 0 success, cost: 0ms, totalSlot: 1, currentSlotIndex: 0
[INFO] 2025-10-13 12:15:02.956 +0800 o.a.d.s.m.c.IdSlotBasedCommandFetcher:[67] - Fetch commands: 0 success, cost: 0ms, totalSlot: 1, currentSlotIndex: 0
[INFO] 2025-10-13 12:15:04.055 +0800 o.a.d.s.m.c.IdSlotBasedCommandFetcher:[67] - Fetch commands: 0 success, cost: 0ms, totalSlot: 1, currentSlotIndex: 0
[INFO] 2025-10-13 12:15:05.127 +0800 o.a.d.s.m.c.IdSlotBasedCommandFetcher:[67] - Fetch commands: 0 success, cost: 1ms, totalSlot: 1, currentSlotIndex: 0
[INFO] 2025-10-13 12:15:05.691 +0800 o.a.d.s.m.r.t.TaskGroupCoordinator:[187] - Success amend TaskGroupQueue status cost: 0/ms
[INFO] 2025-10-13 12:15:05.691 +0800 o.a.d.s.m.r.t.TaskGroupCoordinator:[241] - Success deal with force start TaskGroupQueue cost: 0/ms
[INFO] 2025-10-13 12:15:05.691 +0800 o.a.d.s.m.r.t.TaskGroupCoordinator:[129] - TaskGroupCoordinator round time cost: 0/ms
[INFO] 2025-10-13 12:15:06.204 +0800 o.a.d.s.m.c.IdSlotBasedCommandFetcher:[67] - Fetch commands: 0 success, cost: 0ms, totalSlot: 1, currentSlotIndex: 0
[INFO] 2025-10-13 12:15:07.280 +0800 o.a.d.s.m.c.IdSlotBasedCommandFetcher:[67] - Fetch commands: 0 success, cost: 0ms, totalSlot: 1, currentSlotIndex: 0
[INFO] 2025-10-13 12:15:08.357 +0800 o.a.d.s.m.c.IdSlotBasedCommandFetcher:[67] - Fetch commands: 0 success, cost: 0ms, totalSlot: 1, currentSlotIndex: 0
[INFO] 2025-10-13 12:15:09.435 +0800 o.a.d.s.m.c.IdSlotBasedCommandFetcher:[67] - Fetch commands: 0 success, cost: 1ms, totalSlot: 1, currentSlotIndex: 0
[INFO] 2025-10-13 12:15:10.506 +0800 o.a.d.s.m.c.IdSlotBasedCommandFetcher:[67] - Fetch commands: 0 success, cost: 1ms, totalSlot: 1, currentSlotIndex: 0
[INFO] 2025-10-13 12:15:10.696 +0800 o.a.d.s.m.r.t.TaskGroupCoordinator:[187] - Success amend TaskGroupQueue status cost: 0/ms
[INFO] 2025-10-13 12:15:10.696 +0800 o.a.d.s.m.r.t.TaskGroupCoordinator:[241] - Success deal with force start TaskGroupQueue cost: 0/ms
[INFO] 2025-10-13 12:15:10.696 +0800 o.a.d.s.m.r.t.TaskGroupCoordinator:[129] - TaskGroupCoordinator round time cost: 0/ms
[INFO] 2025-10-13 12:15:11.589 +0800 o.a.d.s.m.c.IdSlotBasedCommandFetcher:[67] - Fetch commands: 0 success, cost: 0ms, totalSlot: 1, currentSlotIndex: 0
[INFO] 2025-10-13 12:15:12.708 +0800 o.a.d.s.m.c.IdSlotBasedCommandFetcher:[67] - Fetch commands: 0 success, cost: 0ms, totalSlot: 1, currentSlotIndex: 0
[INFO] 2025-10-13 12:15:13.722 +0800 o.a.d.s.m.c.IdSlotBasedCommandFetcher:[67] - Fetch commands: 0 success, cost: 0ms, totalSlot: 1, currentSlotIndex: 0
[INFO] 2025-10-13 12:15:14.730 +0800 o.a.d.s.m.c.IdSlotBasedCommandFetcher:[67] - Fetch commands: 0 success, cost: 0ms, totalSlot: 1, currentSlotIndex: 0
[INFO] 2025-10-13 12:15:15.709 +0800 o.a.d.s.m.r.t.TaskGroupCoordinator:[187] - Success amend TaskGroupQueue status cost: 0/ms
[INFO] 2025-10-13 12:15:15.710 +0800 o.a.d.s.m.r.t.TaskGroupCoordinator:[241] - Success deal with force start TaskGroupQueue cost: 0/ms
[INFO] 2025-10-13 12:15:15.710 +0800 o.a.d.s.m.r.t.TaskGroupCoordinator:[129] - TaskGroupCoordinator round time cost: 0/ms
[INFO] 2025-10-13 12:15:15.731 +0800 o.a.d.s.m.c.IdSlotBasedCommandFetcher:[67] - Fetch commands: 0 success, cost: 0ms, totalSlot: 1, currentSlotIndex: 0
[INFO] 2025-10-13 12:15:16.739 +0800 o.a.d.s.m.c.IdSlotBasedCommandFetcher:[67] - Fetch commands: 0 success, cost: 0ms, totalSlot: 1, currentSlotIndex: 0
[INFO] 2025-10-13 12:15:17.739 +0800 o.a.d.s.m.c.IdSlotBasedCommandFetcher:[67] - Fetch commands: 0 success, cost: 0ms, totalSlot: 1, currentSlotIndex: 0
[INFO] 2025-10-13 12:15:18.739 +0800 o.a.d.s.m.c.IdSlotBasedCommandFetcher:[67] - Fetch commands: 0 success, cost: 0ms, totalSlot: 1, currentSlotIndex: 0
[INFO] 2025-10-13 12:15:19.739 +0800 o.a.d.s.m.c.IdSlotBasedCommandFetcher:[67] - Fetch commands: 0 success, cost: 0ms, totalSlot: 1, currentSlotIndex: 0
[INFO] 2025-10-13 12:15:20.725 +0800 o.a.d.s.m.r.t.TaskGroupCoordinator:[187] - Success amend TaskGroupQueue status cost: 0/ms
[INFO] 2025-10-13 12:15:20.726 +0800 o.a.d.s.m.r.t.TaskGroupCoordinator:[241] - Success deal with force start TaskGroupQueue cost: 0/ms
[INFO] 2025-10-13 12:15:20.726 +0800 o.a.d.s.m.r.t.TaskGroupCoordinator:[129] - TaskGroupCoordinator round time cost: 0/ms
[INFO] 2025-10-13 12:15:20.740 +0800 o.a.d.s.m.c.IdSlotBasedCommandFetcher:[67] - Fetch commands: 0 success, cost: 0ms, totalSlot: 1, currentSlotIndex: 0
[INFO] 2025-10-13 12:15:21.740 +0800 o.a.d.s.m.c.IdSlotBasedCommandFetcher:[67] - Fetch commands: 0 success, cost: 0ms, totalSlot: 1, currentSlotIndex: 0
[INFO] 2025-10-13 12:15:22.741 +0800 o.a.d.s.m.c.IdSlotBasedCommandFetcher:[67] - Fetch commands: 0 success, cost: 0ms, totalSlot: 1, currentSlotIndex: 0
[INFO] 2025-10-13 12:15:23.741 +0800 o.a.d.s.m.c.IdSlotBasedCommandFetcher:[67] - Fetch commands: 0 success, cost: 0ms, totalSlot: 1, currentSlotIndex: 0
[INFO] 2025-10-13 12:15:24.742 +0800 o.a.d.s.m.c.IdSlotBasedCommandFetcher:[67] - Fetch commands: 0 success, cost: 0ms, totalSlot: 1, currentSlotIndex: 0
[INFO] 2025-10-13 12:15:25.730 +0800 o.a.d.s.m.r.t.TaskGroupCoordinator:[187] - Success amend TaskGroupQueue status cost: 0/ms
[INFO] 2025-10-13 12:15:25.731 +0800 o.a.d.s.m.r.t.TaskGroupCoordinator:[241] - Success deal with force start TaskGroupQueue cost: 0/ms
[INFO] 2025-10-13 12:15:25.731 +0800 o.a.d.s.m.r.t.TaskGroupCoordinator:[129] - TaskGroupCoordinator round time cost: 0/ms
[INFO] 2025-10-13 12:15:25.873 +0800 o.a.d.s.m.c.IdSlotBasedCommandFetcher:[67] - Fetch commands: 0 success, cost: 0ms, totalSlot: 1, currentSlotIndex: 0
[INFO] 2025-10-13 12:15:27.020 +0800 o.a.d.s.m.c.IdSlotBasedCommandFetcher:[67] - Fetch commands: 0 success, cost: 0ms, totalSlot: 1, currentSlotIndex: 0
[INFO] 2025-10-13 12:15:28.021 +0800 o.a.d.s.m.c.IdSlotBasedCommandFetcher:[67] - Fetch commands: 0 success, cost: 0ms, totalSlot: 1, currentSlotIndex: 0
[INFO] 2025-10-13 12:15:29.023 +0800 o.a.d.s.m.c.IdSlotBasedCommandFetcher:[67] - Fetch commands: 0 success, cost: 0ms, totalSlot: 1, currentSlotIndex: 0
[INFO] 2025-10-13 12:15:30.023 +0800 o.a.d.s.m.c.IdSlotBasedCommandFetcher:[67] - Fetch commands: 0 success, cost: 0ms, totalSlot: 1, currentSlotIndex: 0
[INFO] 2025-10-13 12:15:30.736 +0800 o.a.d.s.m.r.t.TaskGroupCoordinator:[187] - Success amend TaskGroupQueue status cost: 0/ms
[INFO] 2025-10-13 12:15:30.736 +0800 o.a.d.s.m.r.t.TaskGroupCoordinator:[241] - Success deal with force start TaskGroupQueue cost: 0/ms
[INFO] 2025-10-13 12:15:30.736 +0800 o.a.d.s.m.r.t.TaskGroupCoordinator:[129] - TaskGroupCoordinator round time cost: 0/ms
[INFO] 2025-10-13 12:15:31.024 +0800 o.a.d.s.m.c.IdSlotBasedCommandFetcher:[67] - Fetch commands: 0 success, cost: 0ms, totalSlot: 1, currentSlotIndex: 0
[INFO] 2025-10-13 12:15:32.024 +0800 o.a.d.s.m.c.IdSlotBasedCommandFetcher:[67] - Fetch commands: 0 success, cost: 0ms, totalSlot: 1, currentSlotIndex: 0
[INFO] 2025-10-13 12:15:33.024 +0800 o.a.d.s.m.c.IdSlotBasedCommandFetcher:[67] - Fetch commands: 0 success, cost: 0ms, totalSlot: 1, currentSlotIndex: 0
[INFO] 2025-10-13 12:15:34.026 +0800 o.a.d.s.m.c.IdSlotBasedCommandFetcher:[67] - Fetch commands: 0 success, cost: 0ms, totalSlot: 1, currentSlotIndex: 0
[INFO] 2025-10-13 12:15:35.027 +0800 o.a.d.s.m.c.IdSlotBasedCommandFetcher:[67] - Fetch commands: 0 success, cost: 0ms, totalSlot: 1, currentSlotIndex: 0
[INFO] 2025-10-13 12:15:35.741 +0800 o.a.d.s.m.r.t.TaskGroupCoordinator:[187] - Success amend TaskGroupQueue status cost: 0/ms
[INFO] 2025-10-13 12:15:35.742 +0800 o.a.d.s.m.r.t.TaskGroupCoordinator:[241] - Success deal with force start TaskGroupQueue cost: 0/ms
[INFO] 2025-10-13 12:15:35.742 +0800 o.a.d.s.m.r.t.TaskGroupCoordinator:[129] - TaskGroupCoordinator round time cost: 0/ms
[INFO] 2025-10-13 12:15:36.027 +0800 o.a.d.s.m.c.IdSlotBasedCommandFetcher:[67] - Fetch commands: 0 success, cost: 0ms, totalSlot: 1, currentSlotIndex: 0
[INFO] 2025-10-13 12:15:37.027 +0800 o.a.d.s.m.c.IdSlotBasedCommandFetcher:[67] - Fetch commands: 0 success, cost: 0ms, totalSlot: 1, currentSlotIndex: 0
[INFO] 2025-10-13 12:15:38.028 +0800 o.a.d.s.m.c.IdSlotBasedCommandFetcher:[67] - Fetch commands: 0 success, cost: 0ms, totalSlot: 1, currentSlotIndex: 0
[INFO] 2025-10-13 12:15:39.029 +0800 o.a.d.s.m.c.IdSlotBasedCommandFetcher:[67] - Fetch commands: 0 success, cost: 0ms, totalSlot: 1, currentSlotIndex: 0
[INFO] 2025-10-13 12:15:40.150 +0800 o.a.d.s.m.c.IdSlotBasedCommandFetcher:[67] - Fetch commands: 0 success, cost: 0ms, totalSlot: 1, currentSlotIndex: 0
[INFO] 2025-10-13 12:15:40.746 +0800 o.a.d.s.m.r.t.TaskGroupCoordinator:[187] - Success amend TaskGroupQueue status cost: 0/ms
[INFO] 2025-10-13 12:15:40.746 +0800 o.a.d.s.m.r.t.TaskGroupCoordinator:[241] - Success deal with force start TaskGroupQueue cost: 0/ms
[INFO] 2025-10-13 12:15:40.746 +0800 o.a.d.s.m.r.t.TaskGroupCoordinator:[129] - TaskGroupCoordinator round time cost: 0/ms
[INFO] 2025-10-13 12:15:41.226 +0800 o.a.d.s.m.c.IdSlotBasedCommandFetcher:[67] - Fetch commands: 0 success, cost: 0ms, totalSlot: 1, currentSlotIndex: 0
[INFO] 2025-10-13 12:15:42.305 +0800 o.a.d.s.m.c.IdSlotBasedCommandFetcher:[67] - Fetch commands: 0 success, cost: 0ms, totalSlot: 1, currentSlotIndex: 0
[INFO] 2025-10-13 12:15:43.446 +0800 o.a.d.s.m.c.IdSlotBasedCommandFetcher:[67] - Fetch commands: 0 success, cost: 0ms, totalSlot: 1, currentSlotIndex: 0
[INFO] 2025-10-13 12:15:44.446 +0800 o.a.d.s.m.c.IdSlotBasedCommandFetcher:[67] - Fetch commands: 0 success, cost: 0ms, totalSlot: 1, currentSlotIndex: 0
[INFO] 2025-10-13 12:15:45.446 +0800 o.a.d.s.m.c.IdSlotBasedCommandFetcher:[67] - Fetch commands: 0 success, cost: 0ms, totalSlot: 1, currentSlotIndex: 0
[INFO] 2025-10-13 12:15:45.756 +0800 o.a.d.s.m.r.t.TaskGroupCoordinator:[187] - Success amend TaskGroupQueue status cost: 0/ms
[INFO] 2025-10-13 12:15:45.756 +0800 o.a.d.s.m.r.t.TaskGroupCoordinator:[241] - Success deal with force start TaskGroupQueue cost: 0/ms
[INFO] 2025-10-13 12:15:45.756 +0800 o.a.d.s.m.r.t.TaskGroupCoordinator:[129] - TaskGroupCoordinator round time cost: 0/ms
[INFO] 2025-10-13 12:15:46.446 +0800 o.a.d.s.m.c.IdSlotBasedCommandFetcher:[67] - Fetch commands: 0 success, cost: 0ms, totalSlot: 1, currentSlotIndex: 0
[INFO] 2025-10-13 12:15:47.447 +0800 o.a.d.s.m.c.IdSlotBasedCommandFetcher:[67] - Fetch commands: 0 success, cost: 0ms, totalSlot: 1, currentSlotIndex: 0
[INFO] 2025-10-13 12:15:48.451 +0800 o.a.d.s.m.c.IdSlotBasedCommandFetcher:[67] - Fetch commands: 0 success, cost: 0ms, totalSlot: 1, currentSlotIndex: 0
[INFO] 2025-10-13 12:15:49.451 +0800 o.a.d.s.m.c.IdSlotBasedCommandFetcher:[67] - Fetch commands: 0 success, cost: 0ms, totalSlot: 1, currentSlotIndex: 0
[INFO] 2025-10-13 12:15:50.451 +0800 o.a.d.s.m.c.IdSlotBasedCommandFetcher:[67] - Fetch commands: 0 success, cost: 0ms, totalSlot: 1, currentSlotIndex: 0
[INFO] 2025-10-13 12:15:50.761 +0800 o.a.d.s.m.r.t.TaskGroupCoordinator:[187] - Success amend TaskGroupQueue status cost: 0/ms
[INFO] 2025-10-13 12:15:50.761 +0800 o.a.d.s.m.r.t.TaskGroupCoordinator:[241] - Success deal with force start TaskGroupQueue cost: 0/ms
[INFO] 2025-10-13 12:15:50.761 +0800 o.a.d.s.m.r.t.TaskGroupCoordinator:[129] - TaskGroupCoordinator round time cost: 0/ms
[INFO] 2025-10-13 12:15:51.452 +0800 o.a.d.s.m.c.IdSlotBasedCommandFetcher:[67] - Fetch commands: 0 success, cost: 0ms, totalSlot: 1, currentSlotIndex: 0
[INFO] 2025-10-13 12:15:52.453 +0800 o.a.d.s.m.c.IdSlotBasedCommandFetcher:[67] - Fetch commands: 0 success, cost: 0ms, totalSlot: 1, currentSlotIndex: 0
[INFO] 2025-10-13 12:15:53.296 +0800 o.a.d.m.m.BaseServerLoadProtection:[43] - OverLoad: the system cpu usage: 1.0 is over then the maxSystemCpuUsagePercentageThresholds 0.9
[INFO] 2025-10-13 12:15:53.464 +0800 o.a.d.m.m.BaseServerLoadProtection:[43] - OverLoad: the system cpu usage: 1.0 is over then the maxSystemCpuUsagePercentageThresholds 0.9
[WARN] 2025-10-13 12:15:53.464 +0800 o.a.d.s.m.r.MasterSchedulerBootstrap:[120] - The current server is overload, cannot consumes commands.
[INFO] 2025-10-13 12:15:53.996 +0800 o.a.d.m.m.BaseServerLoadProtection:[43] - OverLoad: the system cpu usage: 1.0 is over then the maxSystemCpuUsagePercentageThresholds 0.9
[INFO] 2025-10-13 12:15:54.465 +0800 o.a.d.s.m.c.IdSlotBasedCommandFetcher:[67] - Fetch commands: 0 success, cost: 0ms, totalSlot: 1, currentSlotIndex: 0
[INFO] 2025-10-13 12:15:55.471 +0800 o.a.d.s.m.c.IdSlotBasedCommandFetcher:[67] - Fetch commands: 0 success, cost: 0ms, totalSlot: 1, currentSlotIndex: 0
[INFO] 2025-10-13 12:15:55.767 +0800 o.a.d.s.m.r.t.TaskGroupCoordinator:[187] - Success amend TaskGroupQueue status cost: 0/ms
[INFO] 2025-10-13 12:15:55.768 +0800 o.a.d.s.m.r.t.TaskGroupCoordinator:[241] - Success deal with force start TaskGroupQueue cost: 0/ms
[INFO] 2025-10-13 12:15:55.768 +0800 o.a.d.s.m.r.t.TaskGroupCoordinator:[129] - TaskGroupCoordinator round time cost: 0/ms
[INFO] 2025-10-13 12:15:56.607 +0800 o.a.d.s.m.c.IdSlotBasedCommandFetcher:[67] - Fetch commands: 0 success, cost: 0ms, totalSlot: 1, currentSlotIndex: 0
[INFO] 2025-10-13 12:15:57.688 +0800 o.a.d.s.m.c.IdSlotBasedCommandFetcher:[67] - Fetch commands: 0 success, cost: 0ms, totalSlot: 1, currentSlotIndex: 0
[INFO] 2025-10-13 12:15:58.768 +0800 o.a.d.s.m.c.IdSlotBasedCommandFetcher:[67] - Fetch commands: 0 success, cost: 0ms, totalSlot: 1, currentSlotIndex: 0
[INFO] 2025-10-13 12:15:59.840 +0800 o.a.d.s.m.c.IdSlotBasedCommandFetcher:[67] - Fetch commands: 0 success, cost: 0ms, totalSlot: 1, currentSlotIndex: 0
[INFO] 2025-10-13 12:16:00.772 +0800 o.a.d.s.m.r.t.TaskGroupCoordinator:[187] - Success amend TaskGroupQueue status cost: 0/ms
[INFO] 2025-10-13 12:16:00.772 +0800 o.a.d.s.m.r.t.TaskGroupCoordinator:[241] - Success deal with force start TaskGroupQueue cost: 0/ms
[INFO] 2025-10-13 12:16:00.772 +0800 o.a.d.s.m.r.t.TaskGroupCoordinator:[129] - TaskGroupCoordinator round time cost: 0/ms
[INFO] 2025-10-13 12:16:00.913 +0800 o.a.d.s.m.c.IdSlotBasedCommandFetcher:[67] - Fetch commands: 0 success, cost: 0ms, totalSlot: 1, currentSlotIndex: 0
[INFO] 2025-10-13 12:16:01.986 +0800 o.a.d.s.m.c.IdSlotBasedCommandFetcher:[67] - Fetch commands: 0 success, cost: 0ms, totalSlot: 1, currentSlotIndex: 0
[INFO] 2025-10-13 12:16:03.115 +0800 o.a.d.s.m.c.IdSlotBasedCommandFetcher:[67] - Fetch commands: 0 success, cost: 0ms, totalSlot: 1, currentSlotIndex: 0
[INFO] 2025-10-13 12:16:04.115 +0800 o.a.d.s.m.c.IdSlotBasedCommandFetcher:[67] - Fetch commands: 0 success, cost: 0ms, totalSlot: 1, currentSlotIndex: 0
[INFO] 2025-10-13 12:16:05.115 +0800 o.a.d.s.m.c.IdSlotBasedCommandFetcher:[67] - Fetch commands: 0 success, cost: 0ms, totalSlot: 1, currentSlotIndex: 0
[INFO] 2025-10-13 12:16:05.776 +0800 o.a.d.s.m.r.t.TaskGroupCoordinator:[187] - Success amend TaskGroupQueue status cost: 0/ms
[INFO] 2025-10-13 12:16:05.776 +0800 o.a.d.s.m.r.t.TaskGroupCoordinator:[241] - Success deal with force start TaskGroupQueue cost: 0/ms
[INFO] 2025-10-13 12:16:05.776 +0800 o.a.d.s.m.r.t.TaskGroupCoordinator:[129] - TaskGroupCoordinator round time cost: 0/ms
[INFO] 2025-10-13 12:16:06.115 +0800 o.a.d.s.m.c.IdSlotBasedCommandFetcher:[67] - Fetch commands: 0 success, cost: 0ms, totalSlot: 1, currentSlotIndex: 0
[INFO] 2025-10-13 12:16:07.116 +0800 o.a.d.s.m.c.IdSlotBasedCommandFetcher:[67] - Fetch commands: 0 success, cost: 0ms, totalSlot: 1, currentSlotIndex: 0
[INFO] 2025-10-13 12:16:08.127 +0800 o.a.d.s.m.c.IdSlotBasedCommandFetcher:[67] - Fetch commands: 0 success, cost: 0ms, totalSlot: 1, currentSlotIndex: 0
[INFO] 2025-10-13 12:16:09.127 +0800 o.a.d.s.m.c.IdSlotBasedCommandFetcher:[67] - Fetch commands: 0 success, cost: 0ms, totalSlot: 1, currentSlotIndex: 0
[INFO] 2025-10-13 12:16:10.138 +0800 o.a.d.s.m.c.IdSlotBasedCommandFetcher:[67] - Fetch commands: 0 success, cost: 0ms, totalSlot: 1, currentSlotIndex: 0
[INFO] 2025-10-13 12:16:10.782 +0800 o.a.d.s.m.r.t.TaskGroupCoordinator:[187] - Success amend TaskGroupQueue status cost: 0/ms
[INFO] 2025-10-13 12:16:10.782 +0800 o.a.d.s.m.r.t.TaskGroupCoordinator:[241] - Success deal with force start TaskGroupQueue cost: 0/ms
[INFO] 2025-10-13 12:16:10.782 +0800 o.a.d.s.m.r.t.TaskGroupCoordinator:[129] - TaskGroupCoordinator round time cost: 0/ms
[INFO] 2025-10-13 12:16:11.139 +0800 o.a.d.s.m.c.IdSlotBasedCommandFetcher:[67] - Fetch commands: 0 success, cost: 0ms, totalSlot: 1, currentSlotIndex: 0
[INFO] 2025-10-13 12:16:12.139 +0800 o.a.d.s.m.c.IdSlotBasedCommandFetcher:[67] - Fetch commands: 0 success, cost: 0ms, totalSlot: 1, currentSlotIndex: 0
[INFO] 2025-10-13 12:16:13.139 +0800 o.a.d.s.m.c.IdSlotBasedCommandFetcher:[67] - Fetch commands: 0 success, cost: 0ms, totalSlot: 1, currentSlotIndex: 0
[INFO] 2025-10-13 12:16:14.148 +0800 o.a.d.s.m.c.IdSlotBasedCommandFetcher:[67] - Fetch commands: 0 success, cost: 0ms, totalSlot: 1, currentSlotIndex: 0
[INFO] 2025-10-13 12:16:15.268 +0800 o.a.d.s.m.c.IdSlotBasedCommandFetcher:[67] - Fetch commands: 0 success, cost: 0ms, totalSlot: 1, currentSlotIndex: 0
[INFO] 2025-10-13 12:16:15.786 +0800 o.a.d.s.m.r.t.TaskGroupCoordinator:[187] - Success amend TaskGroupQueue status cost: 0/ms
[INFO] 2025-10-13 12:16:15.786 +0800 o.a.d.s.m.r.t.TaskGroupCoordinator:[241] - Success deal with force start TaskGroupQueue cost: 0/ms
[INFO] 2025-10-13 12:16:15.786 +0800 o.a.d.s.m.r.t.TaskGroupCoordinator:[129] - TaskGroupCoordinator round time cost: 0/ms
[INFO] 2025-10-13 12:16:16.340 +0800 o.a.d.s.m.c.IdSlotBasedCommandFetcher:[67] - Fetch commands: 0 success, cost: 1ms, totalSlot: 1, currentSlotIndex: 0
[INFO] 2025-10-13 12:16:17.414 +0800 o.a.d.s.m.c.IdSlotBasedCommandFetcher:[67] - Fetch commands: 0 success, cost: 0ms, totalSlot: 1, currentSlotIndex: 0
[INFO] 2025-10-13 12:16:18.486 +0800 o.a.d.s.m.c.IdSlotBasedCommandFetcher:[67] - Fetch commands: 0 success, cost: 0ms, totalSlot: 1, currentSlotIndex: 0
[INFO] 2025-10-13 12:16:19.633 +0800 o.a.d.s.m.c.IdSlotBasedCommandFetcher:[67] - Fetch commands: 0 success, cost: 0ms, totalSlot: 1, currentSlotIndex: 0
[INFO] 2025-10-13 12:16:20.634 +0800 o.a.d.s.m.c.IdSlotBasedCommandFetcher:[67] - Fetch commands: 0 success, cost: 0ms, totalSlot: 1, currentSlotIndex: 0
[INFO] 2025-10-13 12:16:20.790 +0800 o.a.d.s.m.r.t.TaskGroupCoordinator:[187] - Success amend TaskGroupQueue status cost: 0/ms
[INFO] 2025-10-13 12:16:20.790 +0800 o.a.d.s.m.r.t.TaskGroupCoordinator:[241] - Success deal with force start TaskGroupQueue cost: 0/ms
[INFO] 2025-10-13 12:16:20.792 +0800 o.a.d.s.m.r.t.TaskGroupCoordinator:[129] - TaskGroupCoordinator round time cost: 0/ms
[INFO] 2025-10-13 12:16:21.635 +0800 o.a.d.s.m.c.IdSlotBasedCommandFetcher:[67] - Fetch commands: 0 success, cost: 0ms, totalSlot: 1, currentSlotIndex: 0
[INFO] 2025-10-13 12:16:22.635 +0800 o.a.d.s.m.c.IdSlotBasedCommandFetcher:[67] - Fetch commands: 0 success, cost: 0ms, totalSlot: 1, currentSlotIndex: 0
[INFO] 2025-10-13 12:16:23.636 +0800 o.a.d.s.m.c.IdSlotBasedCommandFetcher:[67] - Fetch commands: 0 success, cost: 0ms, totalSlot: 1, currentSlotIndex: 0
[INFO] 2025-10-13 12:16:24.636 +0800 o.a.d.s.m.c.IdSlotBasedCommandFetcher:[67] - Fetch commands: 0 success, cost: 0ms, totalSlot: 1, currentSlotIndex: 0
[INFO] 2025-10-13 12:16:25.637 +0800 o.a.d.s.m.c.IdSlotBasedCommandFetcher:[67] - Fetch commands: 0 success, cost: 0ms, totalSlot: 1, currentSlotIndex: 0
[INFO] 2025-10-13 12:16:25.796 +0800 o.a.d.s.m.r.t.TaskGroupCoordinator:[187] - Success amend TaskGroupQueue status cost: 0/ms
[INFO] 2025-10-13 12:16:25.796 +0800 o.a.d.s.m.r.t.TaskGroupCoordinator:[241] - Success deal with force start TaskGroupQueue cost: 0/ms
[INFO] 2025-10-13 12:16:25.796 +0800 o.a.d.s.m.r.t.TaskGroupCoordinator:[129] - TaskGroupCoordinator round time cost: 0/ms
[INFO] 2025-10-13 12:16:26.637 +0800 o.a.d.s.m.c.IdSlotBasedCommandFetcher:[67] - Fetch commands: 0 success, cost: 0ms, totalSlot: 1, currentSlotIndex: 0
[INFO] 2025-10-13 12:16:27.637 +0800 o.a.d.s.m.c.IdSlotBasedCommandFetcher:[67] - Fetch commands: 0 success, cost: 0ms, totalSlot: 1, currentSlotIndex: 0
[INFO] 2025-10-13 12:16:28.649 +0800 o.a.d.s.m.c.IdSlotBasedCommandFetcher:[67] - Fetch commands: 0 success, cost: 0ms, totalSlot: 1, currentSlotIndex: 0
[INFO] 2025-10-13 12:16:29.660 +0800 o.a.d.s.m.c.IdSlotBasedCommandFetcher:[67] - Fetch commands: 0 success, cost: 0ms, totalSlot: 1, currentSlotIndex: 0
[INFO] 2025-10-13 12:16:30.661 +0800 o.a.d.s.m.c.IdSlotBasedCommandFetcher:[67] - Fetch commands: 0 success, cost: 0ms, totalSlot: 1, currentSlotIndex: 0
[INFO] 2025-10-13 12:16:30.800 +0800 o.a.d.s.m.r.t.TaskGroupCoordinator:[187] - Success amend TaskGroupQueue status cost: 0/ms
[INFO] 2025-10-13 12:16:30.801 +0800 o.a.d.s.m.r.t.TaskGroupCoordinator:[241] - Success deal with force start TaskGroupQueue cost: 0/ms
[INFO] 2025-10-13 12:16:30.801 +0800 o.a.d.s.m.r.t.TaskGroupCoordinator:[129] - TaskGroupCoordinator round time cost: 0/ms
[INFO] 2025-10-13 12:16:31.662 +0800 o.a.d.s.m.c.IdSlotBasedCommandFetcher:[67] - Fetch commands: 0 success, cost: 0ms, totalSlot: 1, currentSlotIndex: 0
[INFO] 2025-10-13 12:16:32.662 +0800 o.a.d.s.m.c.IdSlotBasedCommandFetcher:[67] - Fetch commands: 0 success, cost: 0ms, totalSlot: 1, currentSlotIndex: 0
[INFO] 2025-10-13 12:16:33.818 +0800 o.a.d.s.m.c.IdSlotBasedCommandFetcher:[67] - Fetch commands: 0 success, cost: 0ms, totalSlot: 1, currentSlotIndex: 0
[INFO] 2025-10-13 12:16:34.911 +0800 o.a.d.s.m.c.IdSlotBasedCommandFetcher:[67] - Fetch commands: 0 success, cost: 0ms, totalSlot: 1, currentSlotIndex: 0
[INFO] 2025-10-13 12:16:35.814 +0800 o.a.d.s.m.r.t.TaskGroupCoordinator:[187] - Success amend TaskGroupQueue status cost: 0/ms
[INFO] 2025-10-13 12:16:35.815 +0800 o.a.d.s.m.r.t.TaskGroupCoordinator:[241] - Success deal with force start TaskGroupQueue cost: 0/ms
[INFO] 2025-10-13 12:16:35.815 +0800 o.a.d.s.m.r.t.TaskGroupCoordinator:[129] - TaskGroupCoordinator round time cost: 0/ms
[INFO] 2025-10-13 12:16:35.996 +0800 o.a.d.s.m.c.IdSlotBasedCommandFetcher:[67] - Fetch commands: 0 success, cost: 1ms, totalSlot: 1, currentSlotIndex: 0
[INFO] 2025-10-13 12:16:37.066 +0800 o.a.d.s.m.c.IdSlotBasedCommandFetcher:[67] - Fetch commands: 0 success, cost: 0ms, totalSlot: 1, currentSlotIndex: 0
[INFO] 2025-10-13 12:16:38.148 +0800 o.a.d.s.m.c.IdSlotBasedCommandFetcher:[67] - Fetch commands: 0 success, cost: 0ms, totalSlot: 1, currentSlotIndex: 0
[INFO] 2025-10-13 12:16:39.218 +0800 o.a.d.s.m.c.IdSlotBasedCommandFetcher:[67] - Fetch commands: 0 success, cost: 0ms, totalSlot: 1, currentSlotIndex: 0
[INFO] 2025-10-13 12:16:40.292 +0800 o.a.d.s.m.c.IdSlotBasedCommandFetcher:[67] - Fetch commands: 0 success, cost: 0ms, totalSlot: 1, currentSlotIndex: 0
[INFO] 2025-10-13 12:16:40.822 +0800 o.a.d.s.m.r.t.TaskGroupCoordinator:[187] - Success amend TaskGroupQueue status cost: 0/ms
[INFO] 2025-10-13 12:16:40.822 +0800 o.a.d.s.m.r.t.TaskGroupCoordinator:[241] - Success deal with force start TaskGroupQueue cost: 0/ms
[INFO] 2025-10-13 12:16:40.823 +0800 o.a.d.s.m.r.t.TaskGroupCoordinator:[129] - TaskGroupCoordinator round time cost: 1/ms
[INFO] 2025-10-13 12:16:41.372 +0800 o.a.d.s.m.c.IdSlotBasedCommandFetcher:[67] - Fetch commands: 0 success, cost: 1ms, totalSlot: 1, currentSlotIndex: 0
[INFO] 2025-10-13 12:16:42.523 +0800 o.a.d.s.m.c.IdSlotBasedCommandFetcher:[67] - Fetch commands: 0 success, cost: 0ms, totalSlot: 1, currentSlotIndex: 0
[INFO] 2025-10-13 12:16:43.524 +0800 o.a.d.s.m.c.IdSlotBasedCommandFetcher:[67] - Fetch commands: 0 success, cost: 0ms, totalSlot: 1, currentSlotIndex: 0
[INFO] 2025-10-13 12:16:44.525 +0800 o.a.d.s.m.c.IdSlotBasedCommandFetcher:[67] - Fetch commands: 0 success, cost: 0ms, totalSlot: 1, currentSlotIndex: 0
[INFO] 2025-10-13 12:16:45.525 +0800 o.a.d.s.m.c.IdSlotBasedCommandFetcher:[67] - Fetch commands: 0 success, cost: 0ms, totalSlot: 1, currentSlotIndex: 0
[INFO] 2025-10-13 12:16:45.833 +0800 o.a.d.s.m.r.t.TaskGroupCoordinator:[187] - Success amend TaskGroupQueue status cost: 0/ms
[INFO] 2025-10-13 12:16:45.833 +0800 o.a.d.s.m.r.t.TaskGroupCoordinator:[241] - Success deal with force start TaskGroupQueue cost: 0/ms
[INFO] 2025-10-13 12:16:45.833 +0800 o.a.d.s.m.r.t.TaskGroupCoordinator:[129] - TaskGroupCoordinator round time cost: 1/ms
[INFO] 2025-10-13 12:16:46.525 +0800 o.a.d.s.m.c.IdSlotBasedCommandFetcher:[67] - Fetch commands: 0 success, cost: 0ms, totalSlot: 1, currentSlotIndex: 0
[INFO] 2025-10-13 12:16:47.526 +0800 o.a.d.s.m.c.IdSlotBasedCommandFetcher:[67] - Fetch commands: 0 success, cost: 0ms, totalSlot: 1, currentSlotIndex: 0
[INFO] 2025-10-13 12:16:48.526 +0800 o.a.d.s.m.c.IdSlotBasedCommandFetcher:[67] - Fetch commands: 0 success, cost: 0ms, totalSlot: 1, currentSlotIndex: 0
[INFO] 2025-10-13 12:16:49.527 +0800 o.a.d.s.m.c.IdSlotBasedCommandFetcher:[67] - Fetch commands: 0 success, cost: 0ms, totalSlot: 1, currentSlotIndex: 0
[INFO] 2025-10-13 12:16:50.528 +0800 o.a.d.s.m.c.IdSlotBasedCommandFetcher:[67] - Fetch commands: 0 success, cost: 0ms, totalSlot: 1, currentSlotIndex: 0
[INFO] 2025-10-13 12:16:50.838 +0800 o.a.d.s.m.r.t.TaskGroupCoordinator:[187] - Success amend TaskGroupQueue status cost: 0/ms
[INFO] 2025-10-13 12:16:50.838 +0800 o.a.d.s.m.r.t.TaskGroupCoordinator:[241] - Success deal with force start TaskGroupQueue cost: 0/ms
[INFO] 2025-10-13 12:16:50.838 +0800 o.a.d.s.m.r.t.TaskGroupCoordinator:[129] - TaskGroupCoordinator round time cost: 0/ms
[INFO] 2025-10-13 12:16:51.529 +0800 o.a.d.s.m.c.IdSlotBasedCommandFetcher:[67] - Fetch commands: 0 success, cost: 0ms, totalSlot: 1, currentSlotIndex: 0
[INFO] 2025-10-13 12:16:52.529 +0800 o.a.d.s.m.c.IdSlotBasedCommandFetcher:[67] - Fetch commands: 0 success, cost: 0ms, totalSlot: 1, currentSlotIndex: 0
[INFO] 2025-10-13 12:16:53.530 +0800 o.a.d.s.m.c.IdSlotBasedCommandFetcher:[67] - Fetch commands: 0 success, cost: 0ms, totalSlot: 1, currentSlotIndex: 0
[INFO] 2025-10-13 12:16:54.530 +0800 o.a.d.s.m.c.IdSlotBasedCommandFetcher:[67] - Fetch commands: 0 success, cost: 0ms, totalSlot: 1, currentSlotIndex: 0
[INFO] 2025-10-13 12:16:55.531 +0800 o.a.d.s.m.c.IdSlotBasedCommandFetcher:[67] - Fetch commands: 0 success, cost: 0ms, totalSlot: 1, currentSlotIndex: 0
[INFO] 2025-10-13 12:16:55.844 +0800 o.a.d.s.m.r.t.TaskGroupCoordinator:[187] - Success amend TaskGroupQueue status cost: 0/ms
[INFO] 2025-10-13 12:16:55.844 +0800 o.a.d.s.m.r.t.TaskGroupCoordinator:[241] - Success deal with force start TaskGroupQueue cost: 0/ms
[INFO] 2025-10-13 12:16:55.844 +0800 o.a.d.s.m.r.t.TaskGroupCoordinator:[129] - TaskGroupCoordinator round time cost: 0/ms
[INFO] 2025-10-13 12:16:56.608 +0800 o.a.d.s.m.c.IdSlotBasedCommandFetcher:[67] - Fetch commands: 0 success, cost: 1ms, totalSlot: 1, currentSlotIndex: 0
[INFO] 2025-10-13 12:16:57.694 +0800 o.a.d.s.m.c.IdSlotBasedCommandFetcher:[67] - Fetch commands: 0 success, cost: 0ms, totalSlot: 1, currentSlotIndex: 0
[INFO] 2025-10-13 12:16:58.762 +0800 o.a.d.s.m.c.IdSlotBasedCommandFetcher:[67] - Fetch commands: 0 success, cost: 0ms, totalSlot: 1, currentSlotIndex: 0
[INFO] 2025-10-13 12:16:59.832 +0800 o.a.d.s.m.c.IdSlotBasedCommandFetcher:[67] - Fetch commands: 0 success, cost: 1ms, totalSlot: 1, currentSlotIndex: 0
[INFO] 2025-10-13 12:17:00.832 +0800 o.a.d.s.m.c.IdSlotBasedCommandFetcher:[67] - Fetch commands: 0 success, cost: 0ms, totalSlot: 1, currentSlotIndex: 0
[INFO] 2025-10-13 12:17:00.849 +0800 o.a.d.s.m.r.t.TaskGroupCoordinator:[187] - Success amend TaskGroupQueue status cost: 0/ms
[INFO] 2025-10-13 12:17:00.849 +0800 o.a.d.s.m.r.t.TaskGroupCoordinator:[241] - Success deal with force start TaskGroupQueue cost: 0/ms
[INFO] 2025-10-13 12:17:00.849 +0800 o.a.d.s.m.r.t.TaskGroupCoordinator:[129] - TaskGroupCoordinator round time cost: 0/ms
[INFO] 2025-10-13 12:17:01.846 +0800 o.a.d.s.m.c.IdSlotBasedCommandFetcher:[67] - Fetch commands: 0 success, cost: 0ms, totalSlot: 1, currentSlotIndex: 0
[INFO] 2025-10-13 12:17:02.847 +0800 o.a.d.s.m.c.IdSlotBasedCommandFetcher:[67] - Fetch commands: 0 success, cost: 0ms, totalSlot: 1, currentSlotIndex: 0
[INFO] 2025-10-13 12:17:03.850 +0800 o.a.d.s.m.c.IdSlotBasedCommandFetcher:[67] - Fetch commands: 0 success, cost: 0ms, totalSlot: 1, currentSlotIndex: 0
[INFO] 2025-10-13 12:17:04.850 +0800 o.a.d.s.m.c.IdSlotBasedCommandFetcher:[67] - Fetch commands: 0 success, cost: 0ms, totalSlot: 1, currentSlotIndex: 0
[INFO] 2025-10-13 12:17:05.851 +0800 o.a.d.s.m.c.IdSlotBasedCommandFetcher:[67] - Fetch commands: 0 success, cost: 0ms, totalSlot: 1, currentSlotIndex: 0
[INFO] 2025-10-13 12:17:05.853 +0800 o.a.d.s.m.r.t.TaskGroupCoordinator:[187] - Success amend TaskGroupQueue status cost: 0/ms
[INFO] 2025-10-13 12:17:05.853 +0800 o.a.d.s.m.r.t.TaskGroupCoordinator:[241] - Success deal with force start TaskGroupQueue cost: 0/ms
[INFO] 2025-10-13 12:17:05.853 +0800 o.a.d.s.m.r.t.TaskGroupCoordinator:[129] - TaskGroupCoordinator round time cost: 0/ms
[INFO] 2025-10-13 12:17:06.852 +0800 o.a.d.s.m.c.IdSlotBasedCommandFetcher:[67] - Fetch commands: 0 success, cost: 0ms, totalSlot: 1, currentSlotIndex: 0
[INFO] 2025-10-13 12:17:07.853 +0800 o.a.d.s.m.c.IdSlotBasedCommandFetcher:[67] - Fetch commands: 0 success, cost: 0ms, totalSlot: 1, currentSlotIndex: 0
[INFO] 2025-10-13 12:17:08.854 +0800 o.a.d.s.m.c.IdSlotBasedCommandFetcher:[67] - Fetch commands: 0 success, cost: 0ms, totalSlot: 1, currentSlotIndex: 0
[INFO] 2025-10-13 12:17:09.855 +0800 o.a.d.s.m.c.IdSlotBasedCommandFetcher:[67] - Fetch commands: 0 success, cost: 0ms, totalSlot: 1, currentSlotIndex: 0
[INFO] 2025-10-13 12:17:10.855 +0800 o.a.d.s.m.c.IdSlotBasedCommandFetcher:[67] - Fetch commands: 0 success, cost: 0ms, totalSlot: 1, currentSlotIndex: 0
[INFO] 2025-10-13 12:17:10.859 +0800 o.a.d.s.m.r.t.TaskGroupCoordinator:[187] - Success amend TaskGroupQueue status cost: 0/ms
[INFO] 2025-10-13 12:17:10.859 +0800 o.a.d.s.m.r.t.TaskGroupCoordinator:[241] - Success deal with force start TaskGroupQueue cost: 0/ms
[INFO] 2025-10-13 12:17:10.859 +0800 o.a.d.s.m.r.t.TaskGroupCoordinator:[129] - TaskGroupCoordinator round time cost: 0/ms
[INFO] 2025-10-13 12:17:11.940 +0800 o.a.d.s.m.c.IdSlotBasedCommandFetcher:[67] - Fetch commands: 0 success, cost: 0ms, totalSlot: 1, currentSlotIndex: 0
[INFO] 2025-10-13 12:17:13.010 +0800 o.a.d.s.m.c.IdSlotBasedCommandFetcher:[67] - Fetch commands: 0 success, cost: 0ms, totalSlot: 1, currentSlotIndex: 0
[INFO] 2025-10-13 12:17:14.010 +0800 o.a.d.s.m.c.IdSlotBasedCommandFetcher:[67] - Fetch commands: 0 success, cost: 0ms, totalSlot: 1, currentSlotIndex: 0
[INFO] 2025-10-13 12:17:15.011 +0800 o.a.d.s.m.c.IdSlotBasedCommandFetcher:[67] - Fetch commands: 0 success, cost: 0ms, totalSlot: 1, currentSlotIndex: 0
[INFO] 2025-10-13 12:17:15.865 +0800 o.a.d.s.m.r.t.TaskGroupCoordinator:[187] - Success amend TaskGroupQueue status cost: 0/ms
[INFO] 2025-10-13 12:17:15.865 +0800 o.a.d.s.m.r.t.TaskGroupCoordinator:[241] - Success deal with force start TaskGroupQueue cost: 0/ms
[INFO] 2025-10-13 12:17:15.865 +0800 o.a.d.s.m.r.t.TaskGroupCoordinator:[129] - TaskGroupCoordinator round time cost: 0/ms
[INFO] 2025-10-13 12:17:16.012 +0800 o.a.d.s.m.c.IdSlotBasedCommandFetcher:[67] - Fetch commands: 0 success, cost: 0ms, totalSlot: 1, currentSlotIndex: 0
[INFO] 2025-10-13 12:17:17.013 +0800 o.a.d.s.m.c.IdSlotBasedCommandFetcher:[67] - Fetch commands: 0 success, cost: 0ms, totalSlot: 1, currentSlotIndex: 0
[INFO] 2025-10-13 12:17:18.013 +0800 o.a.d.s.m.c.IdSlotBasedCommandFetcher:[67] - Fetch commands: 0 success, cost: 0ms, totalSlot: 1, currentSlotIndex: 0
[INFO] 2025-10-13 12:17:19.014 +0800 o.a.d.s.m.c.IdSlotBasedCommandFetcher:[67] - Fetch commands: 0 success, cost: 0ms, totalSlot: 1, currentSlotIndex: 0
[INFO] 2025-10-13 12:17:20.014 +0800 o.a.d.s.m.c.IdSlotBasedCommandFetcher:[67] - Fetch commands: 0 success, cost: 0ms, totalSlot: 1, currentSlotIndex: 0
[INFO] 2025-10-13 12:17:20.870 +0800 o.a.d.s.m.r.t.TaskGroupCoordinator:[187] - Success amend TaskGroupQueue status cost: 0/ms
[INFO] 2025-10-13 12:17:20.870 +0800 o.a.d.s.m.r.t.TaskGroupCoordinator:[241] - Success deal with force start TaskGroupQueue cost: 0/ms
[INFO] 2025-10-13 12:17:20.870 +0800 o.a.d.s.m.r.t.TaskGroupCoordinator:[129] - TaskGroupCoordinator round time cost: 0/ms
[INFO] 2025-10-13 12:17:21.014 +0800 o.a.d.s.m.c.IdSlotBasedCommandFetcher:[67] - Fetch commands: 0 success, cost: 0ms, totalSlot: 1, currentSlotIndex: 0
[INFO] 2025-10-13 12:17:22.014 +0800 o.a.d.s.m.c.IdSlotBasedCommandFetcher:[67] - Fetch commands: 0 success, cost: 0ms, totalSlot: 1, currentSlotIndex: 0
[INFO] 2025-10-13 12:17:23.016 +0800 o.a.d.s.m.c.IdSlotBasedCommandFetcher:[67] - Fetch commands: 0 success, cost: 0ms, totalSlot: 1, currentSlotIndex: 0
[INFO] 2025-10-13 12:17:24.016 +0800 o.a.d.s.m.c.IdSlotBasedCommandFetcher:[67] - Fetch commands: 0 success, cost: 0ms, totalSlot: 1, currentSlotIndex: 0
[INFO] 2025-10-13 12:17:25.016 +0800 o.a.d.s.m.c.IdSlotBasedCommandFetcher:[67] - Fetch commands: 0 success, cost: 0ms, totalSlot: 1, currentSlotIndex: 0
[INFO] 2025-10-13 12:17:25.874 +0800 o.a.d.s.m.r.t.TaskGroupCoordinator:[187] - Success amend TaskGroupQueue status cost: 0/ms
[INFO] 2025-10-13 12:17:25.875 +0800 o.a.d.s.m.r.t.TaskGroupCoordinator:[241] - Success deal with force start TaskGroupQueue cost: 0/ms
[INFO] 2025-10-13 12:17:25.875 +0800 o.a.d.s.m.r.t.TaskGroupCoordinator:[129] - TaskGroupCoordinator round time cost: 0/ms
[INFO] 2025-10-13 12:17:26.017 +0800 o.a.d.s.m.c.IdSlotBasedCommandFetcher:[67] - Fetch commands: 0 success, cost: 0ms, totalSlot: 1, currentSlotIndex: 0
[INFO] 2025-10-13 12:17:27.018 +0800 o.a.d.s.m.c.IdSlotBasedCommandFetcher:[67] - Fetch commands: 0 success, cost: 1ms, totalSlot: 1, currentSlotIndex: 0
[INFO] 2025-10-13 12:17:28.019 +0800 o.a.d.s.m.c.IdSlotBasedCommandFetcher:[67] - Fetch commands: 0 success, cost: 0ms, totalSlot: 1, currentSlotIndex: 0
[INFO] 2025-10-13 12:17:29.019 +0800 o.a.d.s.m.c.IdSlotBasedCommandFetcher:[67] - Fetch commands: 0 success, cost: 0ms, totalSlot: 1, currentSlotIndex: 0
[INFO] 2025-10-13 12:17:30.020 +0800 o.a.d.s.m.c.IdSlotBasedCommandFetcher:[67] - Fetch commands: 0 success, cost: 0ms, totalSlot: 1, currentSlotIndex: 0
[INFO] 2025-10-13 12:17:30.878 +0800 o.a.d.s.m.r.t.TaskGroupCoordinator:[187] - Success amend TaskGroupQueue status cost: 0/ms
[INFO] 2025-10-13 12:17:30.878 +0800 o.a.d.s.m.r.t.TaskGroupCoordinator:[241] - Success deal with force start TaskGroupQueue cost: 0/ms
[INFO] 2025-10-13 12:17:30.878 +0800 o.a.d.s.m.r.t.TaskGroupCoordinator:[129] - TaskGroupCoordinator round time cost: 0/ms
[INFO] 2025-10-13 12:17:31.020 +0800 o.a.d.s.m.c.IdSlotBasedCommandFetcher:[67] - Fetch commands: 0 success, cost: 0ms, totalSlot: 1, currentSlotIndex: 0
[INFO] 2025-10-13 12:17:32.021 +0800 o.a.d.s.m.c.IdSlotBasedCommandFetcher:[67] - Fetch commands: 0 success, cost: 0ms, totalSlot: 1, currentSlotIndex: 0
[INFO] 2025-10-13 12:17:33.021 +0800 o.a.d.s.m.c.IdSlotBasedCommandFetcher:[67] - Fetch commands: 0 success, cost: 0ms, totalSlot: 1, currentSlotIndex: 0
[INFO] 2025-10-13 12:17:34.021 +0800 o.a.d.s.m.c.IdSlotBasedCommandFetcher:[67] - Fetch commands: 0 success, cost: 0ms, totalSlot: 1, currentSlotIndex: 0
[INFO] 2025-10-13 12:17:35.021 +0800 o.a.d.s.m.c.IdSlotBasedCommandFetcher:[67] - Fetch commands: 0 success, cost: 0ms, totalSlot: 1, currentSlotIndex: 0
[INFO] 2025-10-13 12:17:35.883 +0800 o.a.d.s.m.r.t.TaskGroupCoordinator:[187] - Success amend TaskGroupQueue status cost: 0/ms
[INFO] 2025-10-13 12:17:35.883 +0800 o.a.d.s.m.r.t.TaskGroupCoordinator:[241] - Success deal with force start TaskGroupQueue cost: 0/ms
[INFO] 2025-10-13 12:17:35.883 +0800 o.a.d.s.m.r.t.TaskGroupCoordinator:[129] - TaskGroupCoordinator round time cost: 0/ms
[INFO] 2025-10-13 12:17:36.022 +0800 o.a.d.s.m.c.IdSlotBasedCommandFetcher:[67] - Fetch commands: 0 success, cost: 0ms, totalSlot: 1, currentSlotIndex: 0
[INFO] 2025-10-13 12:17:37.022 +0800 o.a.d.s.m.c.IdSlotBasedCommandFetcher:[67] - Fetch commands: 0 success, cost: 0ms, totalSlot: 1, currentSlotIndex: 0
[INFO] 2025-10-13 12:17:38.033 +0800 o.a.d.s.m.c.IdSlotBasedCommandFetcher:[67] - Fetch commands: 0 success, cost: 0ms, totalSlot: 1, currentSlotIndex: 0
[INFO] 2025-10-13 12:17:39.188 +0800 o.a.d.s.m.c.IdSlotBasedCommandFetcher:[67] - Fetch commands: 0 success, cost: 0ms, totalSlot: 1, currentSlotIndex: 0
[INFO] 2025-10-13 12:17:40.265 +0800 o.a.d.s.m.c.IdSlotBasedCommandFetcher:[67] - Fetch commands: 0 success, cost: 0ms, totalSlot: 1, currentSlotIndex: 0
[INFO] 2025-10-13 12:17:40.888 +0800 o.a.d.s.m.r.t.TaskGroupCoordinator:[187] - Success amend TaskGroupQueue status cost: 0/ms
[INFO] 2025-10-13 12:17:40.888 +0800 o.a.d.s.m.r.t.TaskGroupCoordinator:[241] - Success deal with force start TaskGroupQueue cost: 0/ms
[INFO] 2025-10-13 12:17:40.888 +0800 o.a.d.s.m.r.t.TaskGroupCoordinator:[129] - TaskGroupCoordinator round time cost: 0/ms
[INFO] 2025-10-13 12:17:41.337 +0800 o.a.d.s.m.c.IdSlotBasedCommandFetcher:[67] - Fetch commands: 0 success, cost: 0ms, totalSlot: 1, currentSlotIndex: 0
[INFO] 2025-10-13 12:17:42.411 +0800 o.a.d.s.m.c.IdSlotBasedCommandFetcher:[67] - Fetch commands: 0 success, cost: 1ms, totalSlot: 1, currentSlotIndex: 0
[INFO] 2025-10-13 12:17:43.497 +0800 o.a.d.s.m.c.IdSlotBasedCommandFetcher:[67] - Fetch commands: 0 success, cost: 0ms, totalSlot: 1, currentSlotIndex: 0
[INFO] 2025-10-13 12:17:44.570 +0800 o.a.d.s.m.c.IdSlotBasedCommandFetcher:[67] - Fetch commands: 0 success, cost: 0ms, totalSlot: 1, currentSlotIndex: 0
[INFO] 2025-10-13 12:17:45.650 +0800 o.a.d.s.m.c.IdSlotBasedCommandFetcher:[67] - Fetch commands: 0 success, cost: 0ms, totalSlot: 1, currentSlotIndex: 0
[INFO] 2025-10-13 12:17:45.900 +0800 o.a.d.s.m.r.t.TaskGroupCoordinator:[187] - Success amend TaskGroupQueue status cost: 0/ms
[INFO] 2025-10-13 12:17:45.900 +0800 o.a.d.s.m.r.t.TaskGroupCoordinator:[241] - Success deal with force start TaskGroupQueue cost: 0/ms
[INFO] 2025-10-13 12:17:45.900 +0800 o.a.d.s.m.r.t.TaskGroupCoordinator:[129] - TaskGroupCoordinator round time cost: 0/ms
[INFO] 2025-10-13 12:17:46.721 +0800 o.a.d.s.m.c.IdSlotBasedCommandFetcher:[67] - Fetch commands: 0 success, cost: 0ms, totalSlot: 1, currentSlotIndex: 0
[INFO] 2025-10-13 12:17:47.798 +0800 o.a.d.s.m.c.IdSlotBasedCommandFetcher:[67] - Fetch commands: 0 success, cost: 0ms, totalSlot: 1, currentSlotIndex: 0
[INFO] 2025-10-13 12:17:48.914 +0800 o.a.d.s.m.c.IdSlotBasedCommandFetcher:[67] - Fetch commands: 0 success, cost: 0ms, totalSlot: 1, currentSlotIndex: 0
[INFO] 2025-10-13 12:17:49.915 +0800 o.a.d.s.m.c.IdSlotBasedCommandFetcher:[67] - Fetch commands: 0 success, cost: 0ms, totalSlot: 1, currentSlotIndex: 0
[INFO] 2025-10-13 12:17:50.916 +0800 o.a.d.s.m.c.IdSlotBasedCommandFetcher:[67] - Fetch commands: 0 success, cost: 0ms, totalSlot: 1, currentSlotIndex: 0
[INFO] 2025-10-13 12:17:50.920 +0800 o.a.d.s.m.r.t.TaskGroupCoordinator:[187] - Success amend TaskGroupQueue status cost: 0/ms
[INFO] 2025-10-13 12:17:50.921 +0800 o.a.d.s.m.r.t.TaskGroupCoordinator:[241] - Success deal with force start TaskGroupQueue cost: 0/ms
[INFO] 2025-10-13 12:17:50.921 +0800 o.a.d.s.m.r.t.TaskGroupCoordinator:[129] - TaskGroupCoordinator round time cost: 0/ms
[INFO] 2025-10-13 12:17:51.917 +0800 o.a.d.s.m.c.IdSlotBasedCommandFetcher:[67] - Fetch commands: 0 success, cost: 0ms, totalSlot: 1, currentSlotIndex: 0
[INFO] 2025-10-13 12:17:52.917 +0800 o.a.d.s.m.c.IdSlotBasedCommandFetcher:[67] - Fetch commands: 0 success, cost: 0ms, totalSlot: 1, currentSlotIndex: 0
[INFO] 2025-10-13 12:17:53.917 +0800 o.a.d.s.m.c.IdSlotBasedCommandFetcher:[67] - Fetch commands: 0 success, cost: 0ms, totalSlot: 1, currentSlotIndex: 0
[INFO] 2025-10-13 12:17:54.918 +0800 o.a.d.s.m.c.IdSlotBasedCommandFetcher:[67] - Fetch commands: 0 success, cost: 0ms, totalSlot: 1, currentSlotIndex: 0
[INFO] 2025-10-13 12:17:55.918 +0800 o.a.d.s.m.c.IdSlotBasedCommandFetcher:[67] - Fetch commands: 0 success, cost: 0ms, totalSlot: 1, currentSlotIndex: 0
[INFO] 2025-10-13 12:17:55.926 +0800 o.a.d.s.m.r.t.TaskGroupCoordinator:[187] - Success amend TaskGroupQueue status cost: 0/ms
[INFO] 2025-10-13 12:17:55.926 +0800 o.a.d.s.m.r.t.TaskGroupCoordinator:[241] - Success deal with force start TaskGroupQueue cost: 0/ms
[INFO] 2025-10-13 12:17:55.926 +0800 o.a.d.s.m.r.t.TaskGroupCoordinator:[129] - TaskGroupCoordinator round time cost: 0/ms
[INFO] 2025-10-13 12:17:56.918 +0800 o.a.d.s.m.c.IdSlotBasedCommandFetcher:[67] - Fetch commands: 0 success, cost: 0ms, totalSlot: 1, currentSlotIndex: 0
[INFO] 2025-10-13 12:17:57.927 +0800 o.a.d.s.m.c.IdSlotBasedCommandFetcher:[67] - Fetch commands: 0 success, cost: 0ms, totalSlot: 1, currentSlotIndex: 0
[INFO] 2025-10-13 12:17:58.927 +0800 o.a.d.s.m.c.IdSlotBasedCommandFetcher:[67] - Fetch commands: 0 success, cost: 0ms, totalSlot: 1, currentSlotIndex: 0
[INFO] 2025-10-13 12:17:59.932 +0800 o.a.d.s.m.c.IdSlotBasedCommandFetcher:[67] - Fetch commands: 0 success, cost: 0ms, totalSlot: 1, currentSlotIndex: 0
[INFO] 2025-10-13 12:18:00.930 +0800 o.a.d.s.m.r.t.TaskGroupCoordinator:[187] - Success amend TaskGroupQueue status cost: 0/ms
[INFO] 2025-10-13 12:18:00.930 +0800 o.a.d.s.m.r.t.TaskGroupCoordinator:[241] - Success deal with force start TaskGroupQueue cost: 0/ms
[INFO] 2025-10-13 12:18:00.930 +0800 o.a.d.s.m.r.t.TaskGroupCoordinator:[129] - TaskGroupCoordinator round time cost: 0/ms
[INFO] 2025-10-13 12:18:01.048 +0800 o.a.d.s.m.c.IdSlotBasedCommandFetcher:[67] - Fetch commands: 0 success, cost: 0ms, totalSlot: 1, currentSlotIndex: 0
[INFO] 2025-10-13 12:18:02.123 +0800 o.a.d.s.m.c.IdSlotBasedCommandFetcher:[67] - Fetch commands: 0 success, cost: 1ms, totalSlot: 1, currentSlotIndex: 0
[INFO] 2025-10-13 12:18:03.215 +0800 o.a.d.s.m.c.IdSlotBasedCommandFetcher:[67] - Fetch commands: 0 success, cost: 0ms, totalSlot: 1, currentSlotIndex: 0
[INFO] 2025-10-13 12:18:04.216 +0800 o.a.d.s.m.c.IdSlotBasedCommandFetcher:[67] - Fetch commands: 0 success, cost: 0ms, totalSlot: 1, currentSlotIndex: 0
[INFO] 2025-10-13 12:18:05.216 +0800 o.a.d.s.m.c.IdSlotBasedCommandFetcher:[67] - Fetch commands: 0 success, cost: 0ms, totalSlot: 1, currentSlotIndex: 0
[INFO] 2025-10-13 12:18:05.936 +0800 o.a.d.s.m.r.t.TaskGroupCoordinator:[187] - Success amend TaskGroupQueue status cost: 0/ms
[INFO] 2025-10-13 12:18:05.937 +0800 o.a.d.s.m.r.t.TaskGroupCoordinator:[241] - Success deal with force start TaskGroupQueue cost: 0/ms
[INFO] 2025-10-13 12:18:05.937 +0800 o.a.d.s.m.r.t.TaskGroupCoordinator:[129] - TaskGroupCoordinator round time cost: 1/ms
[INFO] 2025-10-13 12:18:06.219 +0800 o.a.d.s.m.c.IdSlotBasedCommandFetcher:[67] - Fetch commands: 0 success, cost: 0ms, totalSlot: 1, currentSlotIndex: 0
[INFO] 2025-10-13 12:18:07.221 +0800 o.a.d.s.m.c.IdSlotBasedCommandFetcher:[67] - Fetch commands: 0 success, cost: 0ms, totalSlot: 1, currentSlotIndex: 0
[INFO] 2025-10-13 12:18:08.221 +0800 o.a.d.s.m.c.IdSlotBasedCommandFetcher:[67] - Fetch commands: 0 success, cost: 0ms, totalSlot: 1, currentSlotIndex: 0
[INFO] 2025-10-13 12:18:09.222 +0800 o.a.d.s.m.c.IdSlotBasedCommandFetcher:[67] - Fetch commands: 0 success, cost: 0ms, totalSlot: 1, currentSlotIndex: 0
[INFO] 2025-10-13 12:18:10.223 +0800 o.a.d.s.m.c.IdSlotBasedCommandFetcher:[67] - Fetch commands: 0 success, cost: 0ms, totalSlot: 1, currentSlotIndex: 0
[INFO] 2025-10-13 12:18:10.943 +0800 o.a.d.s.m.r.t.TaskGroupCoordinator:[187] - Success amend TaskGroupQueue status cost: 0/ms
[INFO] 2025-10-13 12:18:10.943 +0800 o.a.d.s.m.r.t.TaskGroupCoordinator:[241] - Success deal with force start TaskGroupQueue cost: 0/ms
[INFO] 2025-10-13 12:18:10.943 +0800 o.a.d.s.m.r.t.TaskGroupCoordinator:[129] - TaskGroupCoordinator round time cost: 0/ms
[INFO] 2025-10-13 12:18:11.223 +0800 o.a.d.s.m.c.IdSlotBasedCommandFetcher:[67] - Fetch commands: 0 success, cost: 0ms, totalSlot: 1, currentSlotIndex: 0
[INFO] 2025-10-13 12:18:12.223 +0800 o.a.d.s.m.c.IdSlotBasedCommandFetcher:[67] - Fetch commands: 0 success, cost: 0ms, totalSlot: 1, currentSlotIndex: 0
[INFO] 2025-10-13 12:18:13.224 +0800 o.a.d.s.m.c.IdSlotBasedCommandFetcher:[67] - Fetch commands: 0 success, cost: 0ms, totalSlot: 1, currentSlotIndex: 0
[INFO] 2025-10-13 12:18:14.224 +0800 o.a.d.s.m.c.IdSlotBasedCommandFetcher:[67] - Fetch commands: 0 success, cost: 0ms, totalSlot: 1, currentSlotIndex: 0
[INFO] 2025-10-13 12:18:15.360 +0800 o.a.d.s.m.c.IdSlotBasedCommandFetcher:[67] - Fetch commands: 0 success, cost: 0ms, totalSlot: 1, currentSlotIndex: 0
[INFO] 2025-10-13 12:18:15.948 +0800 o.a.d.s.m.r.t.TaskGroupCoordinator:[187] - Success amend TaskGroupQueue status cost: 0/ms
[INFO] 2025-10-13 12:18:15.949 +0800 o.a.d.s.m.r.t.TaskGroupCoordinator:[241] - Success deal with force start TaskGroupQueue cost: 0/ms
[INFO] 2025-10-13 12:18:15.949 +0800 o.a.d.s.m.r.t.TaskGroupCoordinator:[129] - TaskGroupCoordinator round time cost: 0/ms
[INFO] 2025-10-13 12:18:16.470 +0800 o.a.d.s.m.c.IdSlotBasedCommandFetcher:[67] - Fetch commands: 0 success, cost: 0ms, totalSlot: 1, currentSlotIndex: 0
[INFO] 2025-10-13 12:18:17.472 +0800 o.a.d.s.m.c.IdSlotBasedCommandFetcher:[67] - Fetch commands: 0 success, cost: 0ms, totalSlot: 1, currentSlotIndex: 0
[INFO] 2025-10-13 12:18:18.472 +0800 o.a.d.s.m.c.IdSlotBasedCommandFetcher:[67] - Fetch commands: 0 success, cost: 0ms, totalSlot: 1, currentSlotIndex: 0
[INFO] 2025-10-13 12:18:19.473 +0800 o.a.d.s.m.c.IdSlotBasedCommandFetcher:[67] - Fetch commands: 0 success, cost: 0ms, totalSlot: 1, currentSlotIndex: 0
[INFO] 2025-10-13 12:18:20.473 +0800 o.a.d.s.m.c.IdSlotBasedCommandFetcher:[67] - Fetch commands: 0 success, cost: 0ms, totalSlot: 1, currentSlotIndex: 0
[INFO] 2025-10-13 12:18:20.953 +0800 o.a.d.s.m.r.t.TaskGroupCoordinator:[187] - Success amend TaskGroupQueue status cost: 0/ms
[INFO] 2025-10-13 12:18:20.953 +0800 o.a.d.s.m.r.t.TaskGroupCoordinator:[241] - Success deal with force start TaskGroupQueue cost: 0/ms
[INFO] 2025-10-13 12:18:20.954 +0800 o.a.d.s.m.r.t.TaskGroupCoordinator:[129] - TaskGroupCoordinator round time cost: 0/ms
[INFO] 2025-10-13 12:18:21.473 +0800 o.a.d.s.m.c.IdSlotBasedCommandFetcher:[67] - Fetch commands: 0 success, cost: 0ms, totalSlot: 1, currentSlotIndex: 0
[INFO] 2025-10-13 12:18:22.474 +0800 o.a.d.s.m.c.IdSlotBasedCommandFetcher:[67] - Fetch commands: 0 success, cost: 0ms, totalSlot: 1, currentSlotIndex: 0
[INFO] 2025-10-13 12:18:23.474 +0800 o.a.d.s.m.c.IdSlotBasedCommandFetcher:[67] - Fetch commands: 0 success, cost: 0ms, totalSlot: 1, currentSlotIndex: 0
[INFO] 2025-10-13 12:18:24.475 +0800 o.a.d.s.m.c.IdSlotBasedCommandFetcher:[67] - Fetch commands: 0 success, cost: 0ms, totalSlot: 1, currentSlotIndex: 0
[INFO] 2025-10-13 12:18:25.475 +0800 o.a.d.s.m.c.IdSlotBasedCommandFetcher:[67] - Fetch commands: 0 success, cost: 0ms, totalSlot: 1, currentSlotIndex: 0
[INFO] 2025-10-13 12:18:25.959 +0800 o.a.d.s.m.r.t.TaskGroupCoordinator:[187] - Success amend TaskGroupQueue status cost: 0/ms
[INFO] 2025-10-13 12:18:25.959 +0800 o.a.d.s.m.r.t.TaskGroupCoordinator:[241] - Success deal with force start TaskGroupQueue cost: 0/ms
[INFO] 2025-10-13 12:18:25.959 +0800 o.a.d.s.m.r.t.TaskGroupCoordinator:[129] - TaskGroupCoordinator round time cost: 0/ms
[INFO] 2025-10-13 12:18:26.476 +0800 o.a.d.s.m.c.IdSlotBasedCommandFetcher:[67] - Fetch commands: 0 success, cost: 0ms, totalSlot: 1, currentSlotIndex: 0
[INFO] 2025-10-13 12:18:27.476 +0800 o.a.d.s.m.c.IdSlotBasedCommandFetcher:[67] - Fetch commands: 0 success, cost: 0ms, totalSlot: 1, currentSlotIndex: 0
[INFO] 2025-10-13 12:18:28.583 +0800 o.a.d.s.m.c.IdSlotBasedCommandFetcher:[67] - Fetch commands: 0 success, cost: 0ms, totalSlot: 1, currentSlotIndex: 0
[INFO] 2025-10-13 12:18:29.655 +0800 o.a.d.s.m.c.IdSlotBasedCommandFetcher:[67] - Fetch commands: 0 success, cost: 0ms, totalSlot: 1, currentSlotIndex: 0
[INFO] 2025-10-13 12:18:30.728 +0800 o.a.d.s.m.c.IdSlotBasedCommandFetcher:[67] - Fetch commands: 0 success, cost: 0ms, totalSlot: 1, currentSlotIndex: 0
[INFO] 2025-10-13 12:18:30.968 +0800 o.a.d.s.m.r.t.TaskGroupCoordinator:[187] - Success amend TaskGroupQueue status cost: 0/ms
[INFO] 2025-10-13 12:18:30.968 +0800 o.a.d.s.m.r.t.TaskGroupCoordinator:[241] - Success deal with force start TaskGroupQueue cost: 0/ms
[INFO] 2025-10-13 12:18:30.968 +0800 o.a.d.s.m.r.t.TaskGroupCoordinator:[129] - TaskGroupCoordinator round time cost: 0/ms
[INFO] 2025-10-13 12:18:31.799 +0800 o.a.d.s.m.c.IdSlotBasedCommandFetcher:[67] - Fetch commands: 0 success, cost: 0ms, totalSlot: 1, currentSlotIndex: 0
[INFO] 2025-10-13 12:18:32.872 +0800 o.a.d.s.m.c.IdSlotBasedCommandFetcher:[67] - Fetch commands: 0 success, cost: 0ms, totalSlot: 1, currentSlotIndex: 0
[INFO] 2025-10-13 12:18:33.942 +0800 o.a.d.s.m.c.IdSlotBasedCommandFetcher:[67] - Fetch commands: 0 success, cost: 0ms, totalSlot: 1, currentSlotIndex: 0
[INFO] 2025-10-13 12:18:35.011 +0800 o.a.d.s.m.c.IdSlotBasedCommandFetcher:[67] - Fetch commands: 0 success, cost: 0ms, totalSlot: 1, currentSlotIndex: 0
[INFO] 2025-10-13 12:18:35.975 +0800 o.a.d.s.m.r.t.TaskGroupCoordinator:[187] - Success amend TaskGroupQueue status cost: 0/ms
[INFO] 2025-10-13 12:18:35.976 +0800 o.a.d.s.m.r.t.TaskGroupCoordinator:[241] - Success deal with force start TaskGroupQueue cost: 0/ms
[INFO] 2025-10-13 12:18:35.976 +0800 o.a.d.s.m.r.t.TaskGroupCoordinator:[129] - TaskGroupCoordinator round time cost: 0/ms
[INFO] 2025-10-13 12:18:36.090 +0800 o.a.d.s.m.c.IdSlotBasedCommandFetcher:[67] - Fetch commands: 0 success, cost: 0ms, totalSlot: 1, currentSlotIndex: 0
[INFO] 2025-10-13 12:18:37.173 +0800 o.a.d.s.m.c.IdSlotBasedCommandFetcher:[67] - Fetch commands: 0 success, cost: 0ms, totalSlot: 1, currentSlotIndex: 0
[INFO] 2025-10-13 12:18:38.185 +0800 o.a.d.s.m.c.IdSlotBasedCommandFetcher:[67] - Fetch commands: 0 success, cost: 0ms, totalSlot: 1, currentSlotIndex: 0
[INFO] 2025-10-13 12:18:39.186 +0800 o.a.d.s.m.c.IdSlotBasedCommandFetcher:[67] - Fetch commands: 0 success, cost: 0ms, totalSlot: 1, currentSlotIndex: 0
[INFO] 2025-10-13 12:18:40.186 +0800 o.a.d.s.m.c.IdSlotBasedCommandFetcher:[67] - Fetch commands: 0 success, cost: 0ms, totalSlot: 1, currentSlotIndex: 0
[INFO] 2025-10-13 12:18:40.980 +0800 o.a.d.s.m.r.t.TaskGroupCoordinator:[187] - Success amend TaskGroupQueue status cost: 0/ms
[INFO] 2025-10-13 12:18:40.980 +0800 o.a.d.s.m.r.t.TaskGroupCoordinator:[241] - Success deal with force start TaskGroupQueue cost: 0/ms
[INFO] 2025-10-13 12:18:40.980 +0800 o.a.d.s.m.r.t.TaskGroupCoordinator:[129] - TaskGroupCoordinator round time cost: 0/ms
[INFO] 2025-10-13 12:18:41.195 +0800 o.a.d.s.m.c.IdSlotBasedCommandFetcher:[67] - Fetch commands: 0 success, cost: 0ms, totalSlot: 1, currentSlotIndex: 0
[INFO] 2025-10-13 12:18:42.196 +0800 o.a.d.s.m.c.IdSlotBasedCommandFetcher:[67] - Fetch commands: 0 success, cost: 0ms, totalSlot: 1, currentSlotIndex: 0
[INFO] 2025-10-13 12:18:43.201 +0800 o.a.d.s.m.c.IdSlotBasedCommandFetcher:[67] - Fetch commands: 0 success, cost: 0ms, totalSlot: 1, currentSlotIndex: 0
[INFO] 2025-10-13 12:18:44.201 +0800 o.a.d.s.m.c.IdSlotBasedCommandFetcher:[67] - Fetch commands: 0 success, cost: 0ms, totalSlot: 1, currentSlotIndex: 0
[INFO] 2025-10-13 12:18:45.213 +0800 o.a.d.s.m.c.IdSlotBasedCommandFetcher:[67] - Fetch commands: 0 success, cost: 0ms, totalSlot: 1, currentSlotIndex: 0
[INFO] 2025-10-13 12:18:45.994 +0800 o.a.d.s.m.r.t.TaskGroupCoordinator:[187] - Success amend TaskGroupQueue status cost: 0/ms
[INFO] 2025-10-13 12:18:45.994 +0800 o.a.d.s.m.r.t.TaskGroupCoordinator:[241] - Success deal with force start TaskGroupQueue cost: 0/ms
[INFO] 2025-10-13 12:18:45.994 +0800 o.a.d.s.m.r.t.TaskGroupCoordinator:[129] - TaskGroupCoordinator round time cost: 0/ms
[INFO] 2025-10-13 12:18:46.213 +0800 o.a.d.s.m.c.IdSlotBasedCommandFetcher:[67] - Fetch commands: 0 success, cost: 0ms, totalSlot: 1, currentSlotIndex: 0
[INFO] 2025-10-13 12:18:47.217 +0800 o.a.d.s.m.c.IdSlotBasedCommandFetcher:[67] - Fetch commands: 0 success, cost: 0ms, totalSlot: 1, currentSlotIndex: 0
[INFO] 2025-10-13 12:18:48.217 +0800 o.a.d.s.m.c.IdSlotBasedCommandFetcher:[67] - Fetch commands: 0 success, cost: 0ms, totalSlot: 1, currentSlotIndex: 0
[INFO] 2025-10-13 12:18:49.219 +0800 o.a.d.s.m.c.IdSlotBasedCommandFetcher:[67] - Fetch commands: 0 success, cost: 0ms, totalSlot: 1, currentSlotIndex: 0
[INFO] 2025-10-13 12:18:50.369 +0800 o.a.d.s.m.c.IdSlotBasedCommandFetcher:[67] - Fetch commands: 0 success, cost: 0ms, totalSlot: 1, currentSlotIndex: 0
[INFO] 2025-10-13 12:18:51.007 +0800 o.a.d.s.m.r.t.TaskGroupCoordinator:[187] - Success amend TaskGroupQueue status cost: 0/ms
[INFO] 2025-10-13 12:18:51.007 +0800 o.a.d.s.m.r.t.TaskGroupCoordinator:[241] - Success deal with force start TaskGroupQueue cost: 0/ms
[INFO] 2025-10-13 12:18:51.007 +0800 o.a.d.s.m.r.t.TaskGroupCoordinator:[129] - TaskGroupCoordinator round time cost: 0/ms
[INFO] 2025-10-13 12:18:51.442 +0800 o.a.d.s.m.c.IdSlotBasedCommandFetcher:[67] - Fetch commands: 0 success, cost: 0ms, totalSlot: 1, currentSlotIndex: 0
[INFO] 2025-10-13 12:18:52.512 +0800 o.a.d.s.m.c.IdSlotBasedCommandFetcher:[67] - Fetch commands: 0 success, cost: 0ms, totalSlot: 1, currentSlotIndex: 0
[INFO] 2025-10-13 12:18:53.584 +0800 o.a.d.s.m.c.IdSlotBasedCommandFetcher:[67] - Fetch commands: 0 success, cost: 0ms, totalSlot: 1, currentSlotIndex: 0
[INFO] 2025-10-13 12:18:54.709 +0800 o.a.d.s.m.c.IdSlotBasedCommandFetcher:[67] - Fetch commands: 0 success, cost: 0ms, totalSlot: 1, currentSlotIndex: 0
[INFO] 2025-10-13 12:18:55.710 +0800 o.a.d.s.m.c.IdSlotBasedCommandFetcher:[67] - Fetch commands: 0 success, cost: 0ms, totalSlot: 1, currentSlotIndex: 0
[INFO] 2025-10-13 12:18:56.012 +0800 o.a.d.s.m.r.t.TaskGroupCoordinator:[187] - Success amend TaskGroupQueue status cost: 0/ms
[INFO] 2025-10-13 12:18:56.012 +0800 o.a.d.s.m.r.t.TaskGroupCoordinator:[241] - Success deal with force start TaskGroupQueue cost: 0/ms
[INFO] 2025-10-13 12:18:56.012 +0800 o.a.d.s.m.r.t.TaskGroupCoordinator:[129] - TaskGroupCoordinator round time cost: 0/ms
[INFO] 2025-10-13 12:18:56.710 +0800 o.a.d.s.m.c.IdSlotBasedCommandFetcher:[67] - Fetch commands: 0 success, cost: 0ms, totalSlot: 1, currentSlotIndex: 0
[INFO] 2025-10-13 12:18:57.710 +0800 o.a.d.s.m.c.IdSlotBasedCommandFetcher:[67] - Fetch commands: 0 success, cost: 0ms, totalSlot: 1, currentSlotIndex: 0
[INFO] 2025-10-13 12:18:58.713 +0800 o.a.d.s.m.c.IdSlotBasedCommandFetcher:[67] - Fetch commands: 0 success, cost: 0ms, totalSlot: 1, currentSlotIndex: 0
[INFO] 2025-10-13 12:18:59.713 +0800 o.a.d.s.m.c.IdSlotBasedCommandFetcher:[67] - Fetch commands: 0 success, cost: 0ms, totalSlot: 1, currentSlotIndex: 0
[INFO] 2025-10-13 12:19:00.724 +0800 o.a.d.s.m.c.IdSlotBasedCommandFetcher:[67] - Fetch commands: 0 success, cost: 0ms, totalSlot: 1, currentSlotIndex: 0
[INFO] 2025-10-13 12:19:01.021 +0800 o.a.d.s.m.r.t.TaskGroupCoordinator:[187] - Success amend TaskGroupQueue status cost: 0/ms
[INFO] 2025-10-13 12:19:01.022 +0800 o.a.d.s.m.r.t.TaskGroupCoordinator:[241] - Success deal with force start TaskGroupQueue cost: 0/ms
[INFO] 2025-10-13 12:19:01.022 +0800 o.a.d.s.m.r.t.TaskGroupCoordinator:[129] - TaskGroupCoordinator round time cost: 0/ms
[INFO] 2025-10-13 12:19:01.724 +0800 o.a.d.s.m.c.IdSlotBasedCommandFetcher:[67] - Fetch commands: 0 success, cost: 0ms, totalSlot: 1, currentSlotIndex: 0
[INFO] 2025-10-13 12:19:02.725 +0800 o.a.d.s.m.c.IdSlotBasedCommandFetcher:[67] - Fetch commands: 0 success, cost: 0ms, totalSlot: 1, currentSlotIndex: 0
[INFO] 2025-10-13 12:19:03.725 +0800 o.a.d.s.m.c.IdSlotBasedCommandFetcher:[67] - Fetch commands: 0 success, cost: 0ms, totalSlot: 1, currentSlotIndex: 0
[INFO] 2025-10-13 12:19:04.726 +0800 o.a.d.s.m.c.IdSlotBasedCommandFetcher:[67] - Fetch commands: 0 success, cost: 0ms, totalSlot: 1, currentSlotIndex: 0
[INFO] 2025-10-13 12:19:05.726 +0800 o.a.d.s.m.c.IdSlotBasedCommandFetcher:[67] - Fetch commands: 0 success, cost: 0ms, totalSlot: 1, currentSlotIndex: 0
[INFO] 2025-10-13 12:19:06.027 +0800 o.a.d.s.m.r.t.TaskGroupCoordinator:[187] - Success amend TaskGroupQueue status cost: 0/ms
[INFO] 2025-10-13 12:19:06.027 +0800 o.a.d.s.m.r.t.TaskGroupCoordinator:[241] - Success deal with force start TaskGroupQueue cost: 0/ms
[INFO] 2025-10-13 12:19:06.027 +0800 o.a.d.s.m.r.t.TaskGroupCoordinator:[129] - TaskGroupCoordinator round time cost: 0/ms
[INFO] 2025-10-13 12:19:06.727 +0800 o.a.d.s.m.c.IdSlotBasedCommandFetcher:[67] - Fetch commands: 0 success, cost: 0ms, totalSlot: 1, currentSlotIndex: 0
[INFO] 2025-10-13 12:19:07.901 +0800 o.a.d.s.m.c.IdSlotBasedCommandFetcher:[67] - Fetch commands: 0 success, cost: 0ms, totalSlot: 1, currentSlotIndex: 0
[INFO] 2025-10-13 12:19:08.901 +0800 o.a.d.s.m.c.IdSlotBasedCommandFetcher:[67] - Fetch commands: 0 success, cost: 0ms, totalSlot: 1, currentSlotIndex: 0
[INFO] 2025-10-13 12:19:09.902 +0800 o.a.d.s.m.c.IdSlotBasedCommandFetcher:[67] - Fetch commands: 0 success, cost: 0ms, totalSlot: 1, currentSlotIndex: 0
[INFO] 2025-10-13 12:19:10.902 +0800 o.a.d.s.m.c.IdSlotBasedCommandFetcher:[67] - Fetch commands: 0 success, cost: 0ms, totalSlot: 1, currentSlotIndex: 0
[INFO] 2025-10-13 12:19:11.031 +0800 o.a.d.s.m.r.t.TaskGroupCoordinator:[187] - Success amend TaskGroupQueue status cost: 0/ms
[INFO] 2025-10-13 12:19:11.032 +0800 o.a.d.s.m.r.t.TaskGroupCoordinator:[241] - Success deal with force start TaskGroupQueue cost: 0/ms
[INFO] 2025-10-13 12:19:11.032 +0800 o.a.d.s.m.r.t.TaskGroupCoordinator:[129] - TaskGroupCoordinator round time cost: 0/ms
[INFO] 2025-10-13 12:19:11.902 +0800 o.a.d.s.m.c.IdSlotBasedCommandFetcher:[67] - Fetch commands: 0 success, cost: 0ms, totalSlot: 1, currentSlotIndex: 0
[INFO] 2025-10-13 12:19:12.903 +0800 o.a.d.s.m.c.IdSlotBasedCommandFetcher:[67] - Fetch commands: 0 success, cost: 0ms, totalSlot: 1, currentSlotIndex: 0
[INFO] 2025-10-13 12:19:13.903 +0800 o.a.d.s.m.c.IdSlotBasedCommandFetcher:[67] - Fetch commands: 0 success, cost: 0ms, totalSlot: 1, currentSlotIndex: 0
[INFO] 2025-10-13 12:19:14.903 +0800 o.a.d.s.m.c.IdSlotBasedCommandFetcher:[67] - Fetch commands: 0 success, cost: 0ms, totalSlot: 1, currentSlotIndex: 0
[INFO] 2025-10-13 12:19:15.903 +0800 o.a.d.s.m.c.IdSlotBasedCommandFetcher:[67] - Fetch commands: 0 success, cost: 0ms, totalSlot: 1, currentSlotIndex: 0
[INFO] 2025-10-13 12:19:16.035 +0800 o.a.d.s.m.r.t.TaskGroupCoordinator:[187] - Success amend TaskGroupQueue status cost: 0/ms
[INFO] 2025-10-13 12:19:16.036 +0800 o.a.d.s.m.r.t.TaskGroupCoordinator:[241] - Success deal with force start TaskGroupQueue cost: 0/ms
[INFO] 2025-10-13 12:19:16.036 +0800 o.a.d.s.m.r.t.TaskGroupCoordinator:[129] - TaskGroupCoordinator round time cost: 0/ms
[INFO] 2025-10-13 12:19:16.904 +0800 o.a.d.s.m.c.IdSlotBasedCommandFetcher:[67] - Fetch commands: 0 success, cost: 0ms, totalSlot: 1, currentSlotIndex: 0
[INFO] 2025-10-13 12:19:17.905 +0800 o.a.d.s.m.c.IdSlotBasedCommandFetcher:[67] - Fetch commands: 0 success, cost: 0ms, totalSlot: 1, currentSlotIndex: 0
[INFO] 2025-10-13 12:19:18.905 +0800 o.a.d.s.m.c.IdSlotBasedCommandFetcher:[67] - Fetch commands: 0 success, cost: 0ms, totalSlot: 1, currentSlotIndex: 0
[INFO] 2025-10-13 12:19:19.906 +0800 o.a.d.s.m.c.IdSlotBasedCommandFetcher:[67] - Fetch commands: 0 success, cost: 0ms, totalSlot: 1, currentSlotIndex: 0
[INFO] 2025-10-13 12:19:21.041 +0800 o.a.d.s.m.r.t.TaskGroupCoordinator:[187] - Success amend TaskGroupQueue status cost: 0/ms
[INFO] 2025-10-13 12:19:21.041 +0800 o.a.d.s.m.r.t.TaskGroupCoordinator:[241] - Success deal with force start TaskGroupQueue cost: 0/ms
[INFO] 2025-10-13 12:19:21.041 +0800 o.a.d.s.m.r.t.TaskGroupCoordinator:[129] - TaskGroupCoordinator round time cost: 0/ms
[INFO] 2025-10-13 12:19:21.102 +0800 o.a.d.s.m.c.IdSlotBasedCommandFetcher:[67] - Fetch commands: 0 success, cost: 0ms, totalSlot: 1, currentSlotIndex: 0
[INFO] 2025-10-13 12:19:22.103 +0800 o.a.d.s.m.c.IdSlotBasedCommandFetcher:[67] - Fetch commands: 0 success, cost: 0ms, totalSlot: 1, currentSlotIndex: 0
[INFO] 2025-10-13 12:19:23.103 +0800 o.a.d.s.m.c.IdSlotBasedCommandFetcher:[67] - Fetch commands: 0 success, cost: 0ms, totalSlot: 1, currentSlotIndex: 0
[INFO] 2025-10-13 12:19:24.103 +0800 o.a.d.s.m.c.IdSlotBasedCommandFetcher:[67] - Fetch commands: 0 success, cost: 0ms, totalSlot: 1, currentSlotIndex: 0
[INFO] 2025-10-13 12:19:25.104 +0800 o.a.d.s.m.c.IdSlotBasedCommandFetcher:[67] - Fetch commands: 0 success, cost: 0ms, totalSlot: 1, currentSlotIndex: 0
[INFO] 2025-10-13 12:19:26.048 +0800 o.a.d.s.m.r.t.TaskGroupCoordinator:[187] - Success amend TaskGroupQueue status cost: 0/ms
[INFO] 2025-10-13 12:19:26.048 +0800 o.a.d.s.m.r.t.TaskGroupCoordinator:[241] - Success deal with force start TaskGroupQueue cost: 0/ms
[INFO] 2025-10-13 12:19:26.048 +0800 o.a.d.s.m.r.t.TaskGroupCoordinator:[129] - TaskGroupCoordinator round time cost: 0/ms
[INFO] 2025-10-13 12:19:26.104 +0800 o.a.d.s.m.c.IdSlotBasedCommandFetcher:[67] - Fetch commands: 0 success, cost: 0ms, totalSlot: 1, currentSlotIndex: 0
[INFO] 2025-10-13 12:19:27.105 +0800 o.a.d.s.m.c.IdSlotBasedCommandFetcher:[67] - Fetch commands: 0 success, cost: 0ms, totalSlot: 1, currentSlotIndex: 0
[INFO] 2025-10-13 12:19:28.105 +0800 o.a.d.s.m.c.IdSlotBasedCommandFetcher:[67] - Fetch commands: 0 success, cost: 0ms, totalSlot: 1, currentSlotIndex: 0
[INFO] 2025-10-13 12:19:29.105 +0800 o.a.d.s.m.c.IdSlotBasedCommandFetcher:[67] - Fetch commands: 0 success, cost: 0ms, totalSlot: 1, currentSlotIndex: 0
[INFO] 2025-10-13 12:19:30.105 +0800 o.a.d.s.m.c.IdSlotBasedCommandFetcher:[67] - Fetch commands: 0 success, cost: 0ms, totalSlot: 1, currentSlotIndex: 0
[INFO] 2025-10-13 12:19:31.054 +0800 o.a.d.s.m.r.t.TaskGroupCoordinator:[187] - Success amend TaskGroupQueue status cost: 0/ms
[INFO] 2025-10-13 12:19:31.054 +0800 o.a.d.s.m.r.t.TaskGroupCoordinator:[241] - Success deal with force start TaskGroupQueue cost: 0/ms
[INFO] 2025-10-13 12:19:31.054 +0800 o.a.d.s.m.r.t.TaskGroupCoordinator:[129] - TaskGroupCoordinator round time cost: 0/ms
[INFO] 2025-10-13 12:19:31.105 +0800 o.a.d.s.m.c.IdSlotBasedCommandFetcher:[67] - Fetch commands: 0 success, cost: 0ms, totalSlot: 1, currentSlotIndex: 0
[INFO] 2025-10-13 12:19:32.106 +0800 o.a.d.s.m.c.IdSlotBasedCommandFetcher:[67] - Fetch commands: 0 success, cost: 0ms, totalSlot: 1, currentSlotIndex: 0
[INFO] 2025-10-13 12:19:33.106 +0800 o.a.d.s.m.c.IdSlotBasedCommandFetcher:[67] - Fetch commands: 0 success, cost: 0ms, totalSlot: 1, currentSlotIndex: 0
[INFO] 2025-10-13 12:19:34.240 +0800 o.a.d.s.m.c.IdSlotBasedCommandFetcher:[67] - Fetch commands: 0 success, cost: 0ms, totalSlot: 1, currentSlotIndex: 0
[INFO] 2025-10-13 12:19:35.310 +0800 o.a.d.s.m.c.IdSlotBasedCommandFetcher:[67] - Fetch commands: 0 success, cost: 0ms, totalSlot: 1, currentSlotIndex: 0
[INFO] 2025-10-13 12:19:36.060 +0800 o.a.d.s.m.r.t.TaskGroupCoordinator:[187] - Success amend TaskGroupQueue status cost: 0/ms
[INFO] 2025-10-13 12:19:36.060 +0800 o.a.d.s.m.r.t.TaskGroupCoordinator:[241] - Success deal with force start TaskGroupQueue cost: 0/ms
[INFO] 2025-10-13 12:19:36.060 +0800 o.a.d.s.m.r.t.TaskGroupCoordinator:[129] - TaskGroupCoordinator round time cost: 0/ms
[INFO] 2025-10-13 12:19:36.387 +0800 o.a.d.s.m.c.IdSlotBasedCommandFetcher:[67] - Fetch commands: 0 success, cost: 1ms, totalSlot: 1, currentSlotIndex: 0
[INFO] 2025-10-13 12:19:37.464 +0800 o.a.d.s.m.c.IdSlotBasedCommandFetcher:[67] - Fetch commands: 0 success, cost: 0ms, totalSlot: 1, currentSlotIndex: 0
[INFO] 2025-10-13 12:19:38.535 +0800 o.a.d.s.m.c.IdSlotBasedCommandFetcher:[67] - Fetch commands: 0 success, cost: 0ms, totalSlot: 1, currentSlotIndex: 0
[INFO] 2025-10-13 12:19:39.611 +0800 o.a.d.s.m.c.IdSlotBasedCommandFetcher:[67] - Fetch commands: 0 success, cost: 0ms, totalSlot: 1, currentSlotIndex: 0
[INFO] 2025-10-13 12:19:40.683 +0800 o.a.d.s.m.c.IdSlotBasedCommandFetcher:[67] - Fetch commands: 0 success, cost: 0ms, totalSlot: 1, currentSlotIndex: 0
[INFO] 2025-10-13 12:19:41.065 +0800 o.a.d.s.m.r.t.TaskGroupCoordinator:[187] - Success amend TaskGroupQueue status cost: 0/ms
[INFO] 2025-10-13 12:19:41.065 +0800 o.a.d.s.m.r.t.TaskGroupCoordinator:[241] - Success deal with force start TaskGroupQueue cost: 0/ms
[INFO] 2025-10-13 12:19:41.065 +0800 o.a.d.s.m.r.t.TaskGroupCoordinator:[129] - TaskGroupCoordinator round time cost: 0/ms
[INFO] 2025-10-13 12:19:41.750 +0800 o.a.d.s.m.c.IdSlotBasedCommandFetcher:[67] - Fetch commands: 0 success, cost: 1ms, totalSlot: 1, currentSlotIndex: 0
[INFO] 2025-10-13 12:19:42.750 +0800 o.a.d.s.m.c.IdSlotBasedCommandFetcher:[67] - Fetch commands: 0 success, cost: 0ms, totalSlot: 1, currentSlotIndex: 0
[INFO] 2025-10-13 12:19:43.751 +0800 o.a.d.s.m.c.IdSlotBasedCommandFetcher:[67] - Fetch commands: 0 success, cost: 0ms, totalSlot: 1, currentSlotIndex: 0
[INFO] 2025-10-13 12:19:44.751 +0800 o.a.d.s.m.c.IdSlotBasedCommandFetcher:[67] - Fetch commands: 0 success, cost: 0ms, totalSlot: 1, currentSlotIndex: 0
[INFO] 2025-10-13 12:19:45.752 +0800 o.a.d.s.m.c.IdSlotBasedCommandFetcher:[67] - Fetch commands: 0 success, cost: 0ms, totalSlot: 1, currentSlotIndex: 0
[INFO] 2025-10-13 12:19:46.078 +0800 o.a.d.s.m.r.t.TaskGroupCoordinator:[187] - Success amend TaskGroupQueue status cost: 0/ms
[INFO] 2025-10-13 12:19:46.078 +0800 o.a.d.s.m.r.t.TaskGroupCoordinator:[241] - Success deal with force start TaskGroupQueue cost: 0/ms
[INFO] 2025-10-13 12:19:46.078 +0800 o.a.d.s.m.r.t.TaskGroupCoordinator:[129] - TaskGroupCoordinator round time cost: 0/ms
[INFO] 2025-10-13 12:19:46.752 +0800 o.a.d.s.m.c.IdSlotBasedCommandFetcher:[67] - Fetch commands: 0 success, cost: 0ms, totalSlot: 1, currentSlotIndex: 0
[INFO] 2025-10-13 12:19:47.753 +0800 o.a.d.s.m.c.IdSlotBasedCommandFetcher:[67] - Fetch commands: 0 success, cost: 0ms, totalSlot: 1, currentSlotIndex: 0
[INFO] 2025-10-13 12:19:48.753 +0800 o.a.d.s.m.c.IdSlotBasedCommandFetcher:[67] - Fetch commands: 0 success, cost: 0ms, totalSlot: 1, currentSlotIndex: 0
[INFO] 2025-10-13 12:19:49.753 +0800 o.a.d.s.m.c.IdSlotBasedCommandFetcher:[67] - Fetch commands: 0 success, cost: 0ms, totalSlot: 1, currentSlotIndex: 0
[INFO] 2025-10-13 12:19:50.753 +0800 o.a.d.s.m.c.IdSlotBasedCommandFetcher:[67] - Fetch commands: 0 success, cost: 0ms, totalSlot: 1, currentSlotIndex: 0
[INFO] 2025-10-13 12:19:51.082 +0800 o.a.d.s.m.r.t.TaskGroupCoordinator:[187] - Success amend TaskGroupQueue status cost: 0/ms
[INFO] 2025-10-13 12:19:51.082 +0800 o.a.d.s.m.r.t.TaskGroupCoordinator:[241] - Success deal with force start TaskGroupQueue cost: 0/ms
[INFO] 2025-10-13 12:19:51.082 +0800 o.a.d.s.m.r.t.TaskGroupCoordinator:[129] - TaskGroupCoordinator round time cost: 0/ms
[INFO] 2025-10-13 12:19:51.754 +0800 o.a.d.s.m.c.IdSlotBasedCommandFetcher:[67] - Fetch commands: 0 success, cost: 0ms, totalSlot: 1, currentSlotIndex: 0
[INFO] 2025-10-13 12:19:52.754 +0800 o.a.d.s.m.c.IdSlotBasedCommandFetcher:[67] - Fetch commands: 0 success, cost: 0ms, totalSlot: 1, currentSlotIndex: 0
[INFO] 2025-10-13 12:19:53.755 +0800 o.a.d.s.m.c.IdSlotBasedCommandFetcher:[67] - Fetch commands: 0 success, cost: 0ms, totalSlot: 1, currentSlotIndex: 0
[INFO] 2025-10-13 12:19:54.884 +0800 o.a.d.s.m.c.IdSlotBasedCommandFetcher:[67] - Fetch commands: 0 success, cost: 0ms, totalSlot: 1, currentSlotIndex: 0
[INFO] 2025-10-13 12:19:55.955 +0800 o.a.d.s.m.c.IdSlotBasedCommandFetcher:[67] - Fetch commands: 0 success, cost: 0ms, totalSlot: 1, currentSlotIndex: 0
[INFO] 2025-10-13 12:19:56.088 +0800 o.a.d.s.m.r.t.TaskGroupCoordinator:[187] - Success amend TaskGroupQueue status cost: 0/ms
[INFO] 2025-10-13 12:19:56.088 +0800 o.a.d.s.m.r.t.TaskGroupCoordinator:[241] - Success deal with force start TaskGroupQueue cost: 0/ms
[INFO] 2025-10-13 12:19:56.088 +0800 o.a.d.s.m.r.t.TaskGroupCoordinator:[129] - TaskGroupCoordinator round time cost: 0/ms
[INFO] 2025-10-13 12:19:57.025 +0800 o.a.d.s.m.c.IdSlotBasedCommandFetcher:[67] - Fetch commands: 0 success, cost: 0ms, totalSlot: 1, currentSlotIndex: 0
[INFO] 2025-10-13 12:19:58.097 +0800 o.a.d.s.m.c.IdSlotBasedCommandFetcher:[67] - Fetch commands: 0 success, cost: 0ms, totalSlot: 1, currentSlotIndex: 0
[INFO] 2025-10-13 12:19:59.175 +0800 o.a.d.s.m.c.IdSlotBasedCommandFetcher:[67] - Fetch commands: 0 success, cost: 1ms, totalSlot: 1, currentSlotIndex: 0
[INFO] 2025-10-13 12:20:00.274 +0800 o.a.d.s.m.c.IdSlotBasedCommandFetcher:[67] - Fetch commands: 0 success, cost: 0ms, totalSlot: 1, currentSlotIndex: 0
[INFO] 2025-10-13 12:20:01.094 +0800 o.a.d.s.m.r.t.TaskGroupCoordinator:[187] - Success amend TaskGroupQueue status cost: 0/ms
[INFO] 2025-10-13 12:20:01.094 +0800 o.a.d.s.m.r.t.TaskGroupCoordinator:[241] - Success deal with force start TaskGroupQueue cost: 0/ms
[INFO] 2025-10-13 12:20:01.094 +0800 o.a.d.s.m.r.t.TaskGroupCoordinator:[129] - TaskGroupCoordinator round time cost: 0/ms
[INFO] 2025-10-13 12:20:01.275 +0800 o.a.d.s.m.c.IdSlotBasedCommandFetcher:[67] - Fetch commands: 0 success, cost: 0ms, totalSlot: 1, currentSlotIndex: 0
[INFO] 2025-10-13 12:20:02.275 +0800 o.a.d.s.m.c.IdSlotBasedCommandFetcher:[67] - Fetch commands: 0 success, cost: 0ms, totalSlot: 1, currentSlotIndex: 0
[INFO] 2025-10-13 12:20:03.275 +0800 o.a.d.s.m.c.IdSlotBasedCommandFetcher:[67] - Fetch commands: 0 success, cost: 0ms, totalSlot: 1, currentSlotIndex: 0
[INFO] 2025-10-13 12:20:04.275 +0800 o.a.d.s.m.c.IdSlotBasedCommandFetcher:[67] - Fetch commands: 0 success, cost: 0ms, totalSlot: 1, currentSlotIndex: 0
[INFO] 2025-10-13 12:20:05.275 +0800 o.a.d.s.m.c.IdSlotBasedCommandFetcher:[67] - Fetch commands: 0 success, cost: 0ms, totalSlot: 1, currentSlotIndex: 0
[INFO] 2025-10-13 12:20:06.098 +0800 o.a.d.s.m.r.t.TaskGroupCoordinator:[187] - Success amend TaskGroupQueue status cost: 0/ms
[INFO] 2025-10-13 12:20:06.098 +0800 o.a.d.s.m.r.t.TaskGroupCoordinator:[241] - Success deal with force start TaskGroupQueue cost: 0/ms
[INFO] 2025-10-13 12:20:06.099 +0800 o.a.d.s.m.r.t.TaskGroupCoordinator:[129] - TaskGroupCoordinator round time cost: 0/ms
[INFO] 2025-10-13 12:20:06.276 +0800 o.a.d.s.m.c.IdSlotBasedCommandFetcher:[67] - Fetch commands: 0 success, cost: 0ms, totalSlot: 1, currentSlotIndex: 0
[INFO] 2025-10-13 12:20:07.276 +0800 o.a.d.s.m.c.IdSlotBasedCommandFetcher:[67] - Fetch commands: 0 success, cost: 0ms, totalSlot: 1, currentSlotIndex: 0
[INFO] 2025-10-13 12:20:08.276 +0800 o.a.d.s.m.c.IdSlotBasedCommandFetcher:[67] - Fetch commands: 0 success, cost: 0ms, totalSlot: 1, currentSlotIndex: 0
[INFO] 2025-10-13 12:20:09.277 +0800 o.a.d.s.m.c.IdSlotBasedCommandFetcher:[67] - Fetch commands: 0 success, cost: 0ms, totalSlot: 1, currentSlotIndex: 0
[INFO] 2025-10-13 12:20:10.277 +0800 o.a.d.s.m.c.IdSlotBasedCommandFetcher:[67] - Fetch commands: 0 success, cost: 0ms, totalSlot: 1, currentSlotIndex: 0
[INFO] 2025-10-13 12:20:11.102 +0800 o.a.d.s.m.r.t.TaskGroupCoordinator:[187] - Success amend TaskGroupQueue status cost: 0/ms
[INFO] 2025-10-13 12:20:11.103 +0800 o.a.d.s.m.r.t.TaskGroupCoordinator:[241] - Success deal with force start TaskGroupQueue cost: 0/ms
[INFO] 2025-10-13 12:20:11.103 +0800 o.a.d.s.m.r.t.TaskGroupCoordinator:[129] - TaskGroupCoordinator round time cost: 0/ms
[INFO] 2025-10-13 12:20:11.278 +0800 o.a.d.s.m.c.IdSlotBasedCommandFetcher:[67] - Fetch commands: 0 success, cost: 0ms, totalSlot: 1, currentSlotIndex: 0
[INFO] 2025-10-13 12:20:12.279 +0800 o.a.d.s.m.c.IdSlotBasedCommandFetcher:[67] - Fetch commands: 0 success, cost: 0ms, totalSlot: 1, currentSlotIndex: 0
[INFO] 2025-10-13 12:20:13.353 +0800 o.a.d.s.m.c.IdSlotBasedCommandFetcher:[67] - Fetch commands: 0 success, cost: 0ms, totalSlot: 1, currentSlotIndex: 0
[INFO] 2025-10-13 12:20:14.424 +0800 o.a.d.s.m.c.IdSlotBasedCommandFetcher:[67] - Fetch commands: 0 success, cost: 0ms, totalSlot: 1, currentSlotIndex: 0
[INFO] 2025-10-13 12:20:15.502 +0800 o.a.d.s.m.c.IdSlotBasedCommandFetcher:[67] - Fetch commands: 0 success, cost: 0ms, totalSlot: 1, currentSlotIndex: 0
[INFO] 2025-10-13 12:20:16.110 +0800 o.a.d.s.m.r.t.TaskGroupCoordinator:[187] - Success amend TaskGroupQueue status cost: 0/ms
[INFO] 2025-10-13 12:20:16.110 +0800 o.a.d.s.m.r.t.TaskGroupCoordinator:[241] - Success deal with force start TaskGroupQueue cost: 0/ms
[INFO] 2025-10-13 12:20:16.110 +0800 o.a.d.s.m.r.t.TaskGroupCoordinator:[129] - TaskGroupCoordinator round time cost: 0/ms
[INFO] 2025-10-13 12:20:16.577 +0800 o.a.d.s.m.c.IdSlotBasedCommandFetcher:[67] - Fetch commands: 0 success, cost: 0ms, totalSlot: 1, currentSlotIndex: 0
[INFO] 2025-10-13 12:20:17.651 +0800 o.a.d.s.m.c.IdSlotBasedCommandFetcher:[67] - Fetch commands: 0 success, cost: 0ms, totalSlot: 1, currentSlotIndex: 0
[INFO] 2025-10-13 12:20:18.723 +0800 o.a.d.s.m.c.IdSlotBasedCommandFetcher:[67] - Fetch commands: 0 success, cost: 0ms, totalSlot: 1, currentSlotIndex: 0
[INFO] 2025-10-13 12:20:19.807 +0800 o.a.d.s.m.c.IdSlotBasedCommandFetcher:[67] - Fetch commands: 0 success, cost: 0ms, totalSlot: 1, currentSlotIndex: 0
[INFO] 2025-10-13 12:20:20.874 +0800 o.a.d.s.m.c.IdSlotBasedCommandFetcher:[67] - Fetch commands: 0 success, cost: 1ms, totalSlot: 1, currentSlotIndex: 0
[INFO] 2025-10-13 12:20:21.114 +0800 o.a.d.s.m.r.t.TaskGroupCoordinator:[187] - Success amend TaskGroupQueue status cost: 0/ms
[INFO] 2025-10-13 12:20:21.114 +0800 o.a.d.s.m.r.t.TaskGroupCoordinator:[241] - Success deal with force start TaskGroupQueue cost: 0/ms
[INFO] 2025-10-13 12:20:21.115 +0800 o.a.d.s.m.r.t.TaskGroupCoordinator:[129] - TaskGroupCoordinator round time cost: 0/ms
[INFO] 2025-10-13 12:20:21.942 +0800 o.a.d.s.m.c.IdSlotBasedCommandFetcher:[67] - Fetch commands: 0 success, cost: 0ms, totalSlot: 1, currentSlotIndex: 0
[INFO] 2025-10-13 12:20:23.058 +0800 o.a.d.s.m.c.IdSlotBasedCommandFetcher:[67] - Fetch commands: 0 success, cost: 0ms, totalSlot: 1, currentSlotIndex: 0
[INFO] 2025-10-13 12:20:24.058 +0800 o.a.d.s.m.c.IdSlotBasedCommandFetcher:[67] - Fetch commands: 0 success, cost: 0ms, totalSlot: 1, currentSlotIndex: 0
[INFO] 2025-10-13 12:20:25.059 +0800 o.a.d.s.m.c.IdSlotBasedCommandFetcher:[67] - Fetch commands: 0 success, cost: 0ms, totalSlot: 1, currentSlotIndex: 0
[INFO] 2025-10-13 12:20:26.059 +0800 o.a.d.s.m.c.IdSlotBasedCommandFetcher:[67] - Fetch commands: 0 success, cost: 0ms, totalSlot: 1, currentSlotIndex: 0
[INFO] 2025-10-13 12:20:26.122 +0800 o.a.d.s.m.r.t.TaskGroupCoordinator:[187] - Success amend TaskGroupQueue status cost: 0/ms
[INFO] 2025-10-13 12:20:26.122 +0800 o.a.d.s.m.r.t.TaskGroupCoordinator:[241] - Success deal with force start TaskGroupQueue cost: 0/ms
[INFO] 2025-10-13 12:20:26.122 +0800 o.a.d.s.m.r.t.TaskGroupCoordinator:[129] - TaskGroupCoordinator round time cost: 0/ms
[INFO] 2025-10-13 12:20:27.060 +0800 o.a.d.s.m.c.IdSlotBasedCommandFetcher:[67] - Fetch commands: 0 success, cost: 0ms, totalSlot: 1, currentSlotIndex: 0
[INFO] 2025-10-13 12:20:28.060 +0800 o.a.d.s.m.c.IdSlotBasedCommandFetcher:[67] - Fetch commands: 0 success, cost: 0ms, totalSlot: 1, currentSlotIndex: 0
[INFO] 2025-10-13 12:20:29.060 +0800 o.a.d.s.m.c.IdSlotBasedCommandFetcher:[67] - Fetch commands: 0 success, cost: 0ms, totalSlot: 1, currentSlotIndex: 0
[INFO] 2025-10-13 12:20:30.060 +0800 o.a.d.s.m.c.IdSlotBasedCommandFetcher:[67] - Fetch commands: 0 success, cost: 0ms, totalSlot: 1, currentSlotIndex: 0
[INFO] 2025-10-13 12:20:31.061 +0800 o.a.d.s.m.c.IdSlotBasedCommandFetcher:[67] - Fetch commands: 0 success, cost: 0ms, totalSlot: 1, currentSlotIndex: 0
[INFO] 2025-10-13 12:20:31.127 +0800 o.a.d.s.m.r.t.TaskGroupCoordinator:[187] - Success amend TaskGroupQueue status cost: 0/ms
[INFO] 2025-10-13 12:20:31.128 +0800 o.a.d.s.m.r.t.TaskGroupCoordinator:[241] - Success deal with force start TaskGroupQueue cost: 0/ms
[INFO] 2025-10-13 12:20:31.128 +0800 o.a.d.s.m.r.t.TaskGroupCoordinator:[129] - TaskGroupCoordinator round time cost: 0/ms
[INFO] 2025-10-13 12:20:32.062 +0800 o.a.d.s.m.c.IdSlotBasedCommandFetcher:[67] - Fetch commands: 0 success, cost: 0ms, totalSlot: 1, currentSlotIndex: 0
[INFO] 2025-10-13 12:20:33.062 +0800 o.a.d.s.m.c.IdSlotBasedCommandFetcher:[67] - Fetch commands: 0 success, cost: 0ms, totalSlot: 1, currentSlotIndex: 0
[INFO] 2025-10-13 12:20:34.062 +0800 o.a.d.s.m.c.IdSlotBasedCommandFetcher:[67] - Fetch commands: 0 success, cost: 0ms, totalSlot: 1, currentSlotIndex: 0
[INFO] 2025-10-13 12:20:35.166 +0800 o.a.d.s.m.c.IdSlotBasedCommandFetcher:[67] - Fetch commands: 0 success, cost: 0ms, totalSlot: 1, currentSlotIndex: 0
[INFO] 2025-10-13 12:20:36.132 +0800 o.a.d.s.m.r.t.TaskGroupCoordinator:[187] - Success amend TaskGroupQueue status cost: 0/ms
[INFO] 2025-10-13 12:20:36.132 +0800 o.a.d.s.m.r.t.TaskGroupCoordinator:[241] - Success deal with force start TaskGroupQueue cost: 0/ms
[INFO] 2025-10-13 12:20:36.133 +0800 o.a.d.s.m.r.t.TaskGroupCoordinator:[129] - TaskGroupCoordinator round time cost: 0/ms
[INFO] 2025-10-13 12:20:36.251 +0800 o.a.d.s.m.c.IdSlotBasedCommandFetcher:[67] - Fetch commands: 0 success, cost: 0ms, totalSlot: 1, currentSlotIndex: 0
[INFO] 2025-10-13 12:20:37.326 +0800 o.a.d.s.m.c.IdSlotBasedCommandFetcher:[67] - Fetch commands: 0 success, cost: 0ms, totalSlot: 1, currentSlotIndex: 0
[INFO] 2025-10-13 12:20:38.403 +0800 o.a.d.s.m.c.IdSlotBasedCommandFetcher:[67] - Fetch commands: 0 success, cost: 0ms, totalSlot: 1, currentSlotIndex: 0
[INFO] 2025-10-13 12:20:39.545 +0800 o.a.d.s.m.c.IdSlotBasedCommandFetcher:[67] - Fetch commands: 0 success, cost: 1ms, totalSlot: 1, currentSlotIndex: 0
[INFO] 2025-10-13 12:20:40.546 +0800 o.a.d.s.m.c.IdSlotBasedCommandFetcher:[67] - Fetch commands: 0 success, cost: 0ms, totalSlot: 1, currentSlotIndex: 0
[INFO] 2025-10-13 12:20:41.136 +0800 o.a.d.s.m.r.t.TaskGroupCoordinator:[187] - Success amend TaskGroupQueue status cost: 0/ms
[INFO] 2025-10-13 12:20:41.136 +0800 o.a.d.s.m.r.t.TaskGroupCoordinator:[241] - Success deal with force start TaskGroupQueue cost: 0/ms
[INFO] 2025-10-13 12:20:41.136 +0800 o.a.d.s.m.r.t.TaskGroupCoordinator:[129] - TaskGroupCoordinator round time cost: 0/ms
[INFO] 2025-10-13 12:20:41.547 +0800 o.a.d.s.m.c.IdSlotBasedCommandFetcher:[67] - Fetch commands: 0 success, cost: 0ms, totalSlot: 1, currentSlotIndex: 0
[INFO] 2025-10-13 12:20:42.547 +0800 o.a.d.s.m.c.IdSlotBasedCommandFetcher:[67] - Fetch commands: 0 success, cost: 0ms, totalSlot: 1, currentSlotIndex: 0
[INFO] 2025-10-13 12:20:43.547 +0800 o.a.d.s.m.c.IdSlotBasedCommandFetcher:[67] - Fetch commands: 0 success, cost: 0ms, totalSlot: 1, currentSlotIndex: 0
[INFO] 2025-10-13 12:20:44.547 +0800 o.a.d.s.m.c.IdSlotBasedCommandFetcher:[67] - Fetch commands: 0 success, cost: 0ms, totalSlot: 1, currentSlotIndex: 0
[INFO] 2025-10-13 12:20:45.548 +0800 o.a.d.s.m.c.IdSlotBasedCommandFetcher:[67] - Fetch commands: 0 success, cost: 0ms, totalSlot: 1, currentSlotIndex: 0
[INFO] 2025-10-13 12:20:46.146 +0800 o.a.d.s.m.r.t.TaskGroupCoordinator:[187] - Success amend TaskGroupQueue status cost: 0/ms
[INFO] 2025-10-13 12:20:46.146 +0800 o.a.d.s.m.r.t.TaskGroupCoordinator:[241] - Success deal with force start TaskGroupQueue cost: 0/ms
[INFO] 2025-10-13 12:20:46.146 +0800 o.a.d.s.m.r.t.TaskGroupCoordinator:[129] - TaskGroupCoordinator round time cost: 0/ms
[INFO] 2025-10-13 12:20:46.548 +0800 o.a.d.s.m.c.IdSlotBasedCommandFetcher:[67] - Fetch commands: 0 success, cost: 0ms, totalSlot: 1, currentSlotIndex: 0
[INFO] 2025-10-13 12:20:47.549 +0800 o.a.d.s.m.c.IdSlotBasedCommandFetcher:[67] - Fetch commands: 0 success, cost: 0ms, totalSlot: 1, currentSlotIndex: 0
[INFO] 2025-10-13 12:20:48.550 +0800 o.a.d.s.m.c.IdSlotBasedCommandFetcher:[67] - Fetch commands: 0 success, cost: 0ms, totalSlot: 1, currentSlotIndex: 0
[INFO] 2025-10-13 12:20:49.550 +0800 o.a.d.s.m.c.IdSlotBasedCommandFetcher:[67] - Fetch commands: 0 success, cost: 0ms, totalSlot: 1, currentSlotIndex: 0
[INFO] 2025-10-13 12:20:50.551 +0800 o.a.d.s.m.c.IdSlotBasedCommandFetcher:[67] - Fetch commands: 0 success, cost: 0ms, totalSlot: 1, currentSlotIndex: 0
[INFO] 2025-10-13 12:20:51.150 +0800 o.a.d.s.m.r.t.TaskGroupCoordinator:[187] - Success amend TaskGroupQueue status cost: 0/ms
[INFO] 2025-10-13 12:20:51.150 +0800 o.a.d.s.m.r.t.TaskGroupCoordinator:[241] - Success deal with force start TaskGroupQueue cost: 0/ms
[INFO] 2025-10-13 12:20:51.150 +0800 o.a.d.s.m.r.t.TaskGroupCoordinator:[129] - TaskGroupCoordinator round time cost: 0/ms
[INFO] 2025-10-13 12:20:51.551 +0800 o.a.d.s.m.c.IdSlotBasedCommandFetcher:[67] - Fetch commands: 0 success, cost: 0ms, totalSlot: 1, currentSlotIndex: 0
[INFO] 2025-10-13 12:20:52.552 +0800 o.a.d.s.m.c.IdSlotBasedCommandFetcher:[67] - Fetch commands: 0 success, cost: 0ms, totalSlot: 1, currentSlotIndex: 0
[INFO] 2025-10-13 12:20:53.759 +0800 o.a.d.s.m.c.IdSlotBasedCommandFetcher:[67] - Fetch commands: 0 success, cost: 0ms, totalSlot: 1, currentSlotIndex: 0
[INFO] 2025-10-13 12:20:54.759 +0800 o.a.d.s.m.c.IdSlotBasedCommandFetcher:[67] - Fetch commands: 0 success, cost: 0ms, totalSlot: 1, currentSlotIndex: 0
[INFO] 2025-10-13 12:20:55.759 +0800 o.a.d.s.m.c.IdSlotBasedCommandFetcher:[67] - Fetch commands: 0 success, cost: 0ms, totalSlot: 1, currentSlotIndex: 0
[INFO] 2025-10-13 12:20:56.158 +0800 o.a.d.s.m.r.t.TaskGroupCoordinator:[187] - Success amend TaskGroupQueue status cost: 0/ms
[INFO] 2025-10-13 12:20:56.159 +0800 o.a.d.s.m.r.t.TaskGroupCoordinator:[241] - Success deal with force start TaskGroupQueue cost: 0/ms
[INFO] 2025-10-13 12:20:56.159 +0800 o.a.d.s.m.r.t.TaskGroupCoordinator:[129] - TaskGroupCoordinator round time cost: 0/ms
[INFO] 2025-10-13 12:20:56.759 +0800 o.a.d.s.m.c.IdSlotBasedCommandFetcher:[67] - Fetch commands: 0 success, cost: 0ms, totalSlot: 1, currentSlotIndex: 0
[INFO] 2025-10-13 12:20:57.760 +0800 o.a.d.s.m.c.IdSlotBasedCommandFetcher:[67] - Fetch commands: 0 success, cost: 0ms, totalSlot: 1, currentSlotIndex: 0
[INFO] 2025-10-13 12:20:58.760 +0800 o.a.d.s.m.c.IdSlotBasedCommandFetcher:[67] - Fetch commands: 0 success, cost: 0ms, totalSlot: 1, currentSlotIndex: 0
[INFO] 2025-10-13 12:20:59.760 +0800 o.a.d.s.m.c.IdSlotBasedCommandFetcher:[67] - Fetch commands: 0 success, cost: 0ms, totalSlot: 1, currentSlotIndex: 0
[INFO] 2025-10-13 12:21:00.761 +0800 o.a.d.s.m.c.IdSlotBasedCommandFetcher:[67] - Fetch commands: 0 success, cost: 0ms, totalSlot: 1, currentSlotIndex: 0
[INFO] 2025-10-13 12:21:01.167 +0800 o.a.d.s.m.r.t.TaskGroupCoordinator:[187] - Success amend TaskGroupQueue status cost: 0/ms
[INFO] 2025-10-13 12:21:01.167 +0800 o.a.d.s.m.r.t.TaskGroupCoordinator:[241] - Success deal with force start TaskGroupQueue cost: 0/ms
[INFO] 2025-10-13 12:21:01.167 +0800 o.a.d.s.m.r.t.TaskGroupCoordinator:[129] - TaskGroupCoordinator round time cost: 0/ms
[INFO] 2025-10-13 12:21:01.761 +0800 o.a.d.s.m.c.IdSlotBasedCommandFetcher:[67] - Fetch commands: 0 success, cost: 0ms, totalSlot: 1, currentSlotIndex: 0
[INFO] 2025-10-13 12:21:02.762 +0800 o.a.d.s.m.c.IdSlotBasedCommandFetcher:[67] - Fetch commands: 0 success, cost: 0ms, totalSlot: 1, currentSlotIndex: 0
[INFO] 2025-10-13 12:21:03.763 +0800 o.a.d.s.m.c.IdSlotBasedCommandFetcher:[67] - Fetch commands: 0 success, cost: 0ms, totalSlot: 1, currentSlotIndex: 0
[INFO] 2025-10-13 12:21:04.764 +0800 o.a.d.s.m.c.IdSlotBasedCommandFetcher:[67] - Fetch commands: 0 success, cost: 0ms, totalSlot: 1, currentSlotIndex: 0
[INFO] 2025-10-13 12:21:05.764 +0800 o.a.d.s.m.c.IdSlotBasedCommandFetcher:[67] - Fetch commands: 0 success, cost: 0ms, totalSlot: 1, currentSlotIndex: 0
[INFO] 2025-10-13 12:21:06.172 +0800 o.a.d.s.m.r.t.TaskGroupCoordinator:[187] - Success amend TaskGroupQueue status cost: 0/ms
[INFO] 2025-10-13 12:21:06.173 +0800 o.a.d.s.m.r.t.TaskGroupCoordinator:[241] - Success deal with force start TaskGroupQueue cost: 0/ms
[INFO] 2025-10-13 12:21:06.173 +0800 o.a.d.s.m.r.t.TaskGroupCoordinator:[129] - TaskGroupCoordinator round time cost: 0/ms
[INFO] 2025-10-13 12:21:06.764 +0800 o.a.d.s.m.c.IdSlotBasedCommandFetcher:[67] - Fetch commands: 0 success, cost: 0ms, totalSlot: 1, currentSlotIndex: 0
[INFO] 2025-10-13 12:21:07.939 +0800 o.a.d.s.m.c.IdSlotBasedCommandFetcher:[67] - Fetch commands: 0 success, cost: 0ms, totalSlot: 1, currentSlotIndex: 0
[INFO] 2025-10-13 12:21:09.016 +0800 o.a.d.s.m.c.IdSlotBasedCommandFetcher:[67] - Fetch commands: 0 success, cost: 0ms, totalSlot: 1, currentSlotIndex: 0
[INFO] 2025-10-13 12:21:10.092 +0800 o.a.d.s.m.c.IdSlotBasedCommandFetcher:[67] - Fetch commands: 0 success, cost: 0ms, totalSlot: 1, currentSlotIndex: 0
[INFO] 2025-10-13 12:21:11.162 +0800 o.a.d.s.m.c.IdSlotBasedCommandFetcher:[67] - Fetch commands: 0 success, cost: 0ms, totalSlot: 1, currentSlotIndex: 0
[INFO] 2025-10-13 12:21:11.177 +0800 o.a.d.s.m.r.t.TaskGroupCoordinator:[187] - Success amend TaskGroupQueue status cost: 0/ms
[INFO] 2025-10-13 12:21:11.178 +0800 o.a.d.s.m.r.t.TaskGroupCoordinator:[241] - Success deal with force start TaskGroupQueue cost: 0/ms
[INFO] 2025-10-13 12:21:11.178 +0800 o.a.d.s.m.r.t.TaskGroupCoordinator:[129] - TaskGroupCoordinator round time cost: 0/ms
[INFO] 2025-10-13 12:21:12.240 +0800 o.a.d.s.m.c.IdSlotBasedCommandFetcher:[67] - Fetch commands: 0 success, cost: 0ms, totalSlot: 1, currentSlotIndex: 0
[INFO] 2025-10-13 12:21:13.361 +0800 o.a.d.s.m.c.IdSlotBasedCommandFetcher:[67] - Fetch commands: 0 success, cost: 0ms, totalSlot: 1, currentSlotIndex: 0
[INFO] 2025-10-13 12:21:14.361 +0800 o.a.d.s.m.c.IdSlotBasedCommandFetcher:[67] - Fetch commands: 0 success, cost: 0ms, totalSlot: 1, currentSlotIndex: 0
[INFO] 2025-10-13 12:21:15.364 +0800 o.a.d.s.m.c.IdSlotBasedCommandFetcher:[67] - Fetch commands: 0 success, cost: 0ms, totalSlot: 1, currentSlotIndex: 0
[INFO] 2025-10-13 12:21:16.190 +0800 o.a.d.s.m.r.t.TaskGroupCoordinator:[187] - Success amend TaskGroupQueue status cost: 0/ms
[INFO] 2025-10-13 12:21:16.190 +0800 o.a.d.s.m.r.t.TaskGroupCoordinator:[241] - Success deal with force start TaskGroupQueue cost: 0/ms
[INFO] 2025-10-13 12:21:16.190 +0800 o.a.d.s.m.r.t.TaskGroupCoordinator:[129] - TaskGroupCoordinator round time cost: 0/ms
[INFO] 2025-10-13 12:21:16.366 +0800 o.a.d.s.m.c.IdSlotBasedCommandFetcher:[67] - Fetch commands: 0 success, cost: 0ms, totalSlot: 1, currentSlotIndex: 0
[INFO] 2025-10-13 12:21:17.377 +0800 o.a.d.s.m.c.IdSlotBasedCommandFetcher:[67] - Fetch commands: 0 success, cost: 0ms, totalSlot: 1, currentSlotIndex: 0
[INFO] 2025-10-13 12:21:18.379 +0800 o.a.d.s.m.c.IdSlotBasedCommandFetcher:[67] - Fetch commands: 0 success, cost: 0ms, totalSlot: 1, currentSlotIndex: 0
[INFO] 2025-10-13 12:21:19.379 +0800 o.a.d.s.m.c.IdSlotBasedCommandFetcher:[67] - Fetch commands: 0 success, cost: 0ms, totalSlot: 1, currentSlotIndex: 0
[INFO] 2025-10-13 12:21:20.380 +0800 o.a.d.s.m.c.IdSlotBasedCommandFetcher:[67] - Fetch commands: 0 success, cost: 0ms, totalSlot: 1, currentSlotIndex: 0
[INFO] 2025-10-13 12:21:21.202 +0800 o.a.d.s.m.r.t.TaskGroupCoordinator:[187] - Success amend TaskGroupQueue status cost: 0/ms
[INFO] 2025-10-13 12:21:21.202 +0800 o.a.d.s.m.r.t.TaskGroupCoordinator:[241] - Success deal with force start TaskGroupQueue cost: 0/ms
[INFO] 2025-10-13 12:21:21.202 +0800 o.a.d.s.m.r.t.TaskGroupCoordinator:[129] - TaskGroupCoordinator round time cost: 0/ms
[INFO] 2025-10-13 12:21:21.380 +0800 o.a.d.s.m.c.IdSlotBasedCommandFetcher:[67] - Fetch commands: 0 success, cost: 0ms, totalSlot: 1, currentSlotIndex: 0
[INFO] 2025-10-13 12:21:22.381 +0800 o.a.d.s.m.c.IdSlotBasedCommandFetcher:[67] - Fetch commands: 0 success, cost: 0ms, totalSlot: 1, currentSlotIndex: 0
[INFO] 2025-10-13 12:21:23.381 +0800 o.a.d.s.m.c.IdSlotBasedCommandFetcher:[67] - Fetch commands: 0 success, cost: 0ms, totalSlot: 1, currentSlotIndex: 0
[INFO] 2025-10-13 12:21:24.382 +0800 o.a.d.s.m.c.IdSlotBasedCommandFetcher:[67] - Fetch commands: 0 success, cost: 0ms, totalSlot: 1, currentSlotIndex: 0
[INFO] 2025-10-13 12:21:25.454 +0800 o.a.d.s.m.c.IdSlotBasedCommandFetcher:[67] - Fetch commands: 0 success, cost: 0ms, totalSlot: 1, currentSlotIndex: 0
[INFO] 2025-10-13 12:21:26.211 +0800 o.a.d.s.m.r.t.TaskGroupCoordinator:[187] - Success amend TaskGroupQueue status cost: 0/ms
[INFO] 2025-10-13 12:21:26.212 +0800 o.a.d.s.m.r.t.TaskGroupCoordinator:[241] - Success deal with force start TaskGroupQueue cost: 0/ms
[INFO] 2025-10-13 12:21:26.212 +0800 o.a.d.s.m.r.t.TaskGroupCoordinator:[129] - TaskGroupCoordinator round time cost: 0/ms
[INFO] 2025-10-13 12:21:26.526 +0800 o.a.d.s.m.c.IdSlotBasedCommandFetcher:[67] - Fetch commands: 0 success, cost: 0ms, totalSlot: 1, currentSlotIndex: 0
[INFO] 2025-10-13 12:21:27.595 +0800 o.a.d.s.m.c.IdSlotBasedCommandFetcher:[67] - Fetch commands: 0 success, cost: 0ms, totalSlot: 1, currentSlotIndex: 0
[INFO] 2025-10-13 12:21:28.678 +0800 o.a.d.s.m.c.IdSlotBasedCommandFetcher:[67] - Fetch commands: 0 success, cost: 0ms, totalSlot: 1, currentSlotIndex: 0
[INFO] 2025-10-13 12:21:29.747 +0800 o.a.d.s.m.c.IdSlotBasedCommandFetcher:[67] - Fetch commands: 0 success, cost: 0ms, totalSlot: 1, currentSlotIndex: 0
[INFO] 2025-10-13 12:21:30.834 +0800 o.a.d.s.m.c.IdSlotBasedCommandFetcher:[67] - Fetch commands: 0 success, cost: 0ms, totalSlot: 1, currentSlotIndex: 0
[INFO] 2025-10-13 12:21:31.220 +0800 o.a.d.s.m.r.t.TaskGroupCoordinator:[187] - Success amend TaskGroupQueue status cost: 0/ms
[INFO] 2025-10-13 12:21:31.222 +0800 o.a.d.s.m.r.t.TaskGroupCoordinator:[241] - Success deal with force start TaskGroupQueue cost: 0/ms
[INFO] 2025-10-13 12:21:31.222 +0800 o.a.d.s.m.r.t.TaskGroupCoordinator:[129] - TaskGroupCoordinator round time cost: 0/ms
[INFO] 2025-10-13 12:21:31.902 +0800 o.a.d.s.m.c.IdSlotBasedCommandFetcher:[67] - Fetch commands: 0 success, cost: 0ms, totalSlot: 1, currentSlotIndex: 0
[INFO] 2025-10-13 12:21:33.049 +0800 o.a.d.s.m.c.IdSlotBasedCommandFetcher:[67] - Fetch commands: 0 success, cost: 0ms, totalSlot: 1, currentSlotIndex: 0
[INFO] 2025-10-13 12:21:34.050 +0800 o.a.d.s.m.c.IdSlotBasedCommandFetcher:[67] - Fetch commands: 0 success, cost: 0ms, totalSlot: 1, currentSlotIndex: 0
[INFO] 2025-10-13 12:21:35.050 +0800 o.a.d.s.m.c.IdSlotBasedCommandFetcher:[67] - Fetch commands: 0 success, cost: 0ms, totalSlot: 1, currentSlotIndex: 0
[INFO] 2025-10-13 12:21:36.064 +0800 o.a.d.s.m.c.IdSlotBasedCommandFetcher:[67] - Fetch commands: 0 success, cost: 0ms, totalSlot: 1, currentSlotIndex: 0
[INFO] 2025-10-13 12:21:36.226 +0800 o.a.d.s.m.r.t.TaskGroupCoordinator:[187] - Success amend TaskGroupQueue status cost: 0/ms
[INFO] 2025-10-13 12:21:36.226 +0800 o.a.d.s.m.r.t.TaskGroupCoordinator:[241] - Success deal with force start TaskGroupQueue cost: 0/ms
[INFO] 2025-10-13 12:21:36.226 +0800 o.a.d.s.m.r.t.TaskGroupCoordinator:[129] - TaskGroupCoordinator round time cost: 0/ms
[INFO] 2025-10-13 12:21:37.065 +0800 o.a.d.s.m.c.IdSlotBasedCommandFetcher:[67] - Fetch commands: 0 success, cost: 0ms, totalSlot: 1, currentSlotIndex: 0
[INFO] 2025-10-13 12:21:38.065 +0800 o.a.d.s.m.c.IdSlotBasedCommandFetcher:[67] - Fetch commands: 0 success, cost: 0ms, totalSlot: 1, currentSlotIndex: 0
[INFO] 2025-10-13 12:21:39.065 +0800 o.a.d.s.m.c.IdSlotBasedCommandFetcher:[67] - Fetch commands: 0 success, cost: 0ms, totalSlot: 1, currentSlotIndex: 0
[INFO] 2025-10-13 12:21:40.065 +0800 o.a.d.s.m.c.IdSlotBasedCommandFetcher:[67] - Fetch commands: 0 success, cost: 0ms, totalSlot: 1, currentSlotIndex: 0
[INFO] 2025-10-13 12:21:41.066 +0800 o.a.d.s.m.c.IdSlotBasedCommandFetcher:[67] - Fetch commands: 0 success, cost: 0ms, totalSlot: 1, currentSlotIndex: 0
[INFO] 2025-10-13 12:21:41.235 +0800 o.a.d.s.m.r.t.TaskGroupCoordinator:[187] - Success amend TaskGroupQueue status cost: 0/ms
[INFO] 2025-10-13 12:21:41.235 +0800 o.a.d.s.m.r.t.TaskGroupCoordinator:[241] - Success deal with force start TaskGroupQueue cost: 0/ms
[INFO] 2025-10-13 12:21:41.235 +0800 o.a.d.s.m.r.t.TaskGroupCoordinator:[129] - TaskGroupCoordinator round time cost: 0/ms
[INFO] 2025-10-13 12:21:42.066 +0800 o.a.d.s.m.c.IdSlotBasedCommandFetcher:[67] - Fetch commands: 0 success, cost: 0ms, totalSlot: 1, currentSlotIndex: 0
[INFO] 2025-10-13 12:21:43.067 +0800 o.a.d.s.m.c.IdSlotBasedCommandFetcher:[67] - Fetch commands: 0 success, cost: 0ms, totalSlot: 1, currentSlotIndex: 0
[INFO] 2025-10-13 12:21:44.068 +0800 o.a.d.s.m.c.IdSlotBasedCommandFetcher:[67] - Fetch commands: 0 success, cost: 0ms, totalSlot: 1, currentSlotIndex: 0
[INFO] 2025-10-13 12:21:45.068 +0800 o.a.d.s.m.c.IdSlotBasedCommandFetcher:[67] - Fetch commands: 0 success, cost: 0ms, totalSlot: 1, currentSlotIndex: 0
[INFO] 2025-10-13 12:21:46.205 +0800 o.a.d.s.m.c.IdSlotBasedCommandFetcher:[67] - Fetch commands: 0 success, cost: 0ms, totalSlot: 1, currentSlotIndex: 0
[INFO] 2025-10-13 12:21:46.241 +0800 o.a.d.s.m.r.t.TaskGroupCoordinator:[187] - Success amend TaskGroupQueue status cost: 0/ms
[INFO] 2025-10-13 12:21:46.241 +0800 o.a.d.s.m.r.t.TaskGroupCoordinator:[241] - Success deal with force start TaskGroupQueue cost: 0/ms
[INFO] 2025-10-13 12:21:46.241 +0800 o.a.d.s.m.r.t.TaskGroupCoordinator:[129] - TaskGroupCoordinator round time cost: 0/ms
[INFO] 2025-10-13 12:21:47.275 +0800 o.a.d.s.m.c.IdSlotBasedCommandFetcher:[67] - Fetch commands: 0 success, cost: 0ms, totalSlot: 1, currentSlotIndex: 0
[INFO] 2025-10-13 12:21:48.347 +0800 o.a.d.s.m.c.IdSlotBasedCommandFetcher:[67] - Fetch commands: 0 success, cost: 0ms, totalSlot: 1, currentSlotIndex: 0
[INFO] 2025-10-13 12:21:49.420 +0800 o.a.d.s.m.c.IdSlotBasedCommandFetcher:[67] - Fetch commands: 0 success, cost: 0ms, totalSlot: 1, currentSlotIndex: 0
[INFO] 2025-10-13 12:21:50.497 +0800 o.a.d.s.m.c.IdSlotBasedCommandFetcher:[67] - Fetch commands: 0 success, cost: 1ms, totalSlot: 1, currentSlotIndex: 0
[INFO] 2025-10-13 12:21:51.245 +0800 o.a.d.s.m.r.t.TaskGroupCoordinator:[187] - Success amend TaskGroupQueue status cost: 0/ms
[INFO] 2025-10-13 12:21:51.247 +0800 o.a.d.s.m.r.t.TaskGroupCoordinator:[241] - Success deal with force start TaskGroupQueue cost: 0/ms
[INFO] 2025-10-13 12:21:51.247 +0800 o.a.d.s.m.r.t.TaskGroupCoordinator:[129] - TaskGroupCoordinator round time cost: 0/ms
[INFO] 2025-10-13 12:21:51.627 +0800 o.a.d.s.m.c.IdSlotBasedCommandFetcher:[67] - Fetch commands: 0 success, cost: 0ms, totalSlot: 1, currentSlotIndex: 0
[INFO] 2025-10-13 12:21:52.627 +0800 o.a.d.s.m.c.IdSlotBasedCommandFetcher:[67] - Fetch commands: 0 success, cost: 0ms, totalSlot: 1, currentSlotIndex: 0
[INFO] 2025-10-13 12:21:53.630 +0800 o.a.d.s.m.c.IdSlotBasedCommandFetcher:[67] - Fetch commands: 0 success, cost: 0ms, totalSlot: 1, currentSlotIndex: 0
[INFO] 2025-10-13 12:21:54.630 +0800 o.a.d.s.m.c.IdSlotBasedCommandFetcher:[67] - Fetch commands: 0 success, cost: 0ms, totalSlot: 1, currentSlotIndex: 0
[INFO] 2025-10-13 12:21:55.644 +0800 o.a.d.s.m.c.IdSlotBasedCommandFetcher:[67] - Fetch commands: 0 success, cost: 0ms, totalSlot: 1, currentSlotIndex: 0
[INFO] 2025-10-13 12:21:56.257 +0800 o.a.d.s.m.r.t.TaskGroupCoordinator:[187] - Success amend TaskGroupQueue status cost: 0/ms
[INFO] 2025-10-13 12:21:56.257 +0800 o.a.d.s.m.r.t.TaskGroupCoordinator:[241] - Success deal with force start TaskGroupQueue cost: 0/ms
[INFO] 2025-10-13 12:21:56.257 +0800 o.a.d.s.m.r.t.TaskGroupCoordinator:[129] - TaskGroupCoordinator round time cost: 0/ms
[INFO] 2025-10-13 12:21:56.646 +0800 o.a.d.s.m.c.IdSlotBasedCommandFetcher:[67] - Fetch commands: 0 success, cost: 0ms, totalSlot: 1, currentSlotIndex: 0
[INFO] 2025-10-13 12:21:57.656 +0800 o.a.d.s.m.c.IdSlotBasedCommandFetcher:[67] - Fetch commands: 0 success, cost: 0ms, totalSlot: 1, currentSlotIndex: 0
[INFO] 2025-10-13 12:21:58.657 +0800 o.a.d.s.m.c.IdSlotBasedCommandFetcher:[67] - Fetch commands: 0 success, cost: 0ms, totalSlot: 1, currentSlotIndex: 0
[INFO] 2025-10-13 12:21:59.658 +0800 o.a.d.s.m.c.IdSlotBasedCommandFetcher:[67] - Fetch commands: 0 success, cost: 0ms, totalSlot: 1, currentSlotIndex: 0
[INFO] 2025-10-13 12:22:00.658 +0800 o.a.d.s.m.c.IdSlotBasedCommandFetcher:[67] - Fetch commands: 0 success, cost: 0ms, totalSlot: 1, currentSlotIndex: 0
[INFO] 2025-10-13 12:22:01.274 +0800 o.a.d.s.m.r.t.TaskGroupCoordinator:[187] - Success amend TaskGroupQueue status cost: 0/ms
[INFO] 2025-10-13 12:22:01.275 +0800 o.a.d.s.m.r.t.TaskGroupCoordinator:[241] - Success deal with force start TaskGroupQueue cost: 0/ms
[INFO] 2025-10-13 12:22:01.275 +0800 o.a.d.s.m.r.t.TaskGroupCoordinator:[129] - TaskGroupCoordinator round time cost: 0/ms
[INFO] 2025-10-13 12:22:01.658 +0800 o.a.d.s.m.c.IdSlotBasedCommandFetcher:[67] - Fetch commands: 0 success, cost: 0ms, totalSlot: 1, currentSlotIndex: 0
[INFO] 2025-10-13 12:22:02.659 +0800 o.a.d.s.m.c.IdSlotBasedCommandFetcher:[67] - Fetch commands: 0 success, cost: 0ms, totalSlot: 1, currentSlotIndex: 0
[INFO] 2025-10-13 12:22:03.659 +0800 o.a.d.s.m.c.IdSlotBasedCommandFetcher:[67] - Fetch commands: 0 success, cost: 0ms, totalSlot: 1, currentSlotIndex: 0
[INFO] 2025-10-13 12:22:04.659 +0800 o.a.d.s.m.c.IdSlotBasedCommandFetcher:[67] - Fetch commands: 0 success, cost: 0ms, totalSlot: 1, currentSlotIndex: 0
[INFO] 2025-10-13 12:22:05.660 +0800 o.a.d.s.m.c.IdSlotBasedCommandFetcher:[67] - Fetch commands: 0 success, cost: 0ms, totalSlot: 1, currentSlotIndex: 0
[INFO] 2025-10-13 12:22:06.281 +0800 o.a.d.s.m.r.t.TaskGroupCoordinator:[187] - Success amend TaskGroupQueue status cost: 0/ms
[INFO] 2025-10-13 12:22:06.281 +0800 o.a.d.s.m.r.t.TaskGroupCoordinator:[241] - Success deal with force start TaskGroupQueue cost: 0/ms
[INFO] 2025-10-13 12:22:06.281 +0800 o.a.d.s.m.r.t.TaskGroupCoordinator:[129] - TaskGroupCoordinator round time cost: 0/ms
[INFO] 2025-10-13 12:22:06.803 +0800 o.a.d.s.m.c.IdSlotBasedCommandFetcher:[67] - Fetch commands: 0 success, cost: 0ms, totalSlot: 1, currentSlotIndex: 0
[INFO] 2025-10-13 12:22:07.891 +0800 o.a.d.s.m.c.IdSlotBasedCommandFetcher:[67] - Fetch commands: 0 success, cost: 0ms, totalSlot: 1, currentSlotIndex: 0
[INFO] 2025-10-13 12:22:08.959 +0800 o.a.d.s.m.c.IdSlotBasedCommandFetcher:[67] - Fetch commands: 0 success, cost: 0ms, totalSlot: 1, currentSlotIndex: 0
[INFO] 2025-10-13 12:22:10.034 +0800 o.a.d.s.m.c.IdSlotBasedCommandFetcher:[67] - Fetch commands: 0 success, cost: 0ms, totalSlot: 1, currentSlotIndex: 0
[INFO] 2025-10-13 12:22:11.102 +0800 o.a.d.s.m.c.IdSlotBasedCommandFetcher:[67] - Fetch commands: 0 success, cost: 1ms, totalSlot: 1, currentSlotIndex: 0
[INFO] 2025-10-13 12:22:11.285 +0800 o.a.d.s.m.r.t.TaskGroupCoordinator:[187] - Success amend TaskGroupQueue status cost: 0/ms
[INFO] 2025-10-13 12:22:11.285 +0800 o.a.d.s.m.r.t.TaskGroupCoordinator:[241] - Success deal with force start TaskGroupQueue cost: 0/ms
[INFO] 2025-10-13 12:22:11.286 +0800 o.a.d.s.m.r.t.TaskGroupCoordinator:[129] - TaskGroupCoordinator round time cost: 0/ms
[INFO] 2025-10-13 12:22:12.178 +0800 o.a.d.s.m.c.IdSlotBasedCommandFetcher:[67] - Fetch commands: 0 success, cost: 0ms, totalSlot: 1, currentSlotIndex: 0
[INFO] 2025-10-13 12:22:13.251 +0800 o.a.d.s.m.c.IdSlotBasedCommandFetcher:[67] - Fetch commands: 0 success, cost: 1ms, totalSlot: 1, currentSlotIndex: 0
[INFO] 2025-10-13 12:22:14.251 +0800 o.a.d.s.m.c.IdSlotBasedCommandFetcher:[67] - Fetch commands: 0 success, cost: 0ms, totalSlot: 1, currentSlotIndex: 0
[INFO] 2025-10-13 12:22:15.252 +0800 o.a.d.s.m.c.IdSlotBasedCommandFetcher:[67] - Fetch commands: 0 success, cost: 0ms, totalSlot: 1, currentSlotIndex: 0
[INFO] 2025-10-13 12:22:16.253 +0800 o.a.d.s.m.c.IdSlotBasedCommandFetcher:[67] - Fetch commands: 0 success, cost: 0ms, totalSlot: 1, currentSlotIndex: 0
[INFO] 2025-10-13 12:22:16.291 +0800 o.a.d.s.m.r.t.TaskGroupCoordinator:[187] - Success amend TaskGroupQueue status cost: 0/ms
[INFO] 2025-10-13 12:22:16.292 +0800 o.a.d.s.m.r.t.TaskGroupCoordinator:[241] - Success deal with force start TaskGroupQueue cost: 0/ms
[INFO] 2025-10-13 12:22:16.292 +0800 o.a.d.s.m.r.t.TaskGroupCoordinator:[129] - TaskGroupCoordinator round time cost: 0/ms
[INFO] 2025-10-13 12:22:17.253 +0800 o.a.d.s.m.c.IdSlotBasedCommandFetcher:[67] - Fetch commands: 0 success, cost: 0ms, totalSlot: 1, currentSlotIndex: 0
[INFO] 2025-10-13 12:22:18.254 +0800 o.a.d.s.m.c.IdSlotBasedCommandFetcher:[67] - Fetch commands: 0 success, cost: 0ms, totalSlot: 1, currentSlotIndex: 0
[INFO] 2025-10-13 12:22:19.254 +0800 o.a.d.s.m.c.IdSlotBasedCommandFetcher:[67] - Fetch commands: 0 success, cost: 0ms, totalSlot: 1, currentSlotIndex: 0
[INFO] 2025-10-13 12:22:20.262 +0800 o.a.d.s.m.c.IdSlotBasedCommandFetcher:[67] - Fetch commands: 0 success, cost: 0ms, totalSlot: 1, currentSlotIndex: 0
[INFO] 2025-10-13 12:22:21.263 +0800 o.a.d.s.m.c.IdSlotBasedCommandFetcher:[67] - Fetch commands: 0 success, cost: 0ms, totalSlot: 1, currentSlotIndex: 0
[INFO] 2025-10-13 12:22:21.300 +0800 o.a.d.s.m.r.t.TaskGroupCoordinator:[187] - Success amend TaskGroupQueue status cost: 0/ms
[INFO] 2025-10-13 12:22:21.300 +0800 o.a.d.s.m.r.t.TaskGroupCoordinator:[241] - Success deal with force start TaskGroupQueue cost: 0/ms
[INFO] 2025-10-13 12:22:21.300 +0800 o.a.d.s.m.r.t.TaskGroupCoordinator:[129] - TaskGroupCoordinator round time cost: 0/ms
[INFO] 2025-10-13 12:22:22.263 +0800 o.a.d.s.m.c.IdSlotBasedCommandFetcher:[67] - Fetch commands: 0 success, cost: 0ms, totalSlot: 1, currentSlotIndex: 0
[INFO] 2025-10-13 12:22:23.264 +0800 o.a.d.s.m.c.IdSlotBasedCommandFetcher:[67] - Fetch commands: 0 success, cost: 0ms, totalSlot: 1, currentSlotIndex: 0
[INFO] 2025-10-13 12:22:24.264 +0800 o.a.d.s.m.c.IdSlotBasedCommandFetcher:[67] - Fetch commands: 0 success, cost: 0ms, totalSlot: 1, currentSlotIndex: 0
[INFO] 2025-10-13 12:22:25.265 +0800 o.a.d.s.m.c.IdSlotBasedCommandFetcher:[67] - Fetch commands: 0 success, cost: 0ms, totalSlot: 1, currentSlotIndex: 0
[INFO] 2025-10-13 12:22:26.266 +0800 o.a.d.s.m.c.IdSlotBasedCommandFetcher:[67] - Fetch commands: 0 success, cost: 0ms, totalSlot: 1, currentSlotIndex: 0
[INFO] 2025-10-13 12:22:26.304 +0800 o.a.d.s.m.r.t.TaskGroupCoordinator:[187] - Success amend TaskGroupQueue status cost: 0/ms
[INFO] 2025-10-13 12:22:26.304 +0800 o.a.d.s.m.r.t.TaskGroupCoordinator:[241] - Success deal with force start TaskGroupQueue cost: 0/ms
[INFO] 2025-10-13 12:22:26.304 +0800 o.a.d.s.m.r.t.TaskGroupCoordinator:[129] - TaskGroupCoordinator round time cost: 0/ms
[INFO] 2025-10-13 12:22:27.498 +0800 o.a.d.s.m.c.IdSlotBasedCommandFetcher:[67] - Fetch commands: 0 success, cost: 0ms, totalSlot: 1, currentSlotIndex: 0
[INFO] 2025-10-13 12:22:28.499 +0800 o.a.d.s.m.c.IdSlotBasedCommandFetcher:[67] - Fetch commands: 0 success, cost: 0ms, totalSlot: 1, currentSlotIndex: 0
[INFO] 2025-10-13 12:22:29.499 +0800 o.a.d.s.m.c.IdSlotBasedCommandFetcher:[67] - Fetch commands: 0 success, cost: 0ms, totalSlot: 1, currentSlotIndex: 0
[INFO] 2025-10-13 12:22:30.500 +0800 o.a.d.s.m.c.IdSlotBasedCommandFetcher:[67] - Fetch commands: 0 success, cost: 0ms, totalSlot: 1, currentSlotIndex: 0
[INFO] 2025-10-13 12:22:31.311 +0800 o.a.d.s.m.r.t.TaskGroupCoordinator:[187] - Success amend TaskGroupQueue status cost: 0/ms
[INFO] 2025-10-13 12:22:31.311 +0800 o.a.d.s.m.r.t.TaskGroupCoordinator:[241] - Success deal with force start TaskGroupQueue cost: 0/ms
[INFO] 2025-10-13 12:22:31.311 +0800 o.a.d.s.m.r.t.TaskGroupCoordinator:[129] - TaskGroupCoordinator round time cost: 0/ms
[INFO] 2025-10-13 12:22:31.500 +0800 o.a.d.s.m.c.IdSlotBasedCommandFetcher:[67] - Fetch commands: 0 success, cost: 0ms, totalSlot: 1, currentSlotIndex: 0
[INFO] 2025-10-13 12:22:32.501 +0800 o.a.d.s.m.c.IdSlotBasedCommandFetcher:[67] - Fetch commands: 0 success, cost: 0ms, totalSlot: 1, currentSlotIndex: 0
[INFO] 2025-10-13 12:22:33.502 +0800 o.a.d.s.m.c.IdSlotBasedCommandFetcher:[67] - Fetch commands: 0 success, cost: 0ms, totalSlot: 1, currentSlotIndex: 0
[INFO] 2025-10-13 12:22:34.503 +0800 o.a.d.s.m.c.IdSlotBasedCommandFetcher:[67] - Fetch commands: 0 success, cost: 0ms, totalSlot: 1, currentSlotIndex: 0
[INFO] 2025-10-13 12:22:35.503 +0800 o.a.d.s.m.c.IdSlotBasedCommandFetcher:[67] - Fetch commands: 0 success, cost: 0ms, totalSlot: 1, currentSlotIndex: 0
[INFO] 2025-10-13 12:22:36.315 +0800 o.a.d.s.m.r.t.TaskGroupCoordinator:[187] - Success amend TaskGroupQueue status cost: 0/ms
[INFO] 2025-10-13 12:22:36.315 +0800 o.a.d.s.m.r.t.TaskGroupCoordinator:[241] - Success deal with force start TaskGroupQueue cost: 0/ms
[INFO] 2025-10-13 12:22:36.315 +0800 o.a.d.s.m.r.t.TaskGroupCoordinator:[129] - TaskGroupCoordinator round time cost: 0/ms
[INFO] 2025-10-13 12:22:36.505 +0800 o.a.d.s.m.c.IdSlotBasedCommandFetcher:[67] - Fetch commands: 0 success, cost: 0ms, totalSlot: 1, currentSlotIndex: 0
[INFO] 2025-10-13 12:22:37.505 +0800 o.a.d.s.m.c.IdSlotBasedCommandFetcher:[67] - Fetch commands: 0 success, cost: 0ms, totalSlot: 1, currentSlotIndex: 0
[INFO] 2025-10-13 12:22:38.508 +0800 o.a.d.s.m.c.IdSlotBasedCommandFetcher:[67] - Fetch commands: 0 success, cost: 0ms, totalSlot: 1, currentSlotIndex: 0
[INFO] 2025-10-13 12:22:39.510 +0800 o.a.d.s.m.c.IdSlotBasedCommandFetcher:[67] - Fetch commands: 0 success, cost: 0ms, totalSlot: 1, currentSlotIndex: 0
[INFO] 2025-10-13 12:22:40.524 +0800 o.a.d.s.m.c.IdSlotBasedCommandFetcher:[67] - Fetch commands: 0 success, cost: 0ms, totalSlot: 1, currentSlotIndex: 0
[INFO] 2025-10-13 12:22:41.320 +0800 o.a.d.s.m.r.t.TaskGroupCoordinator:[187] - Success amend TaskGroupQueue status cost: 0/ms
[INFO] 2025-10-13 12:22:41.320 +0800 o.a.d.s.m.r.t.TaskGroupCoordinator:[241] - Success deal with force start TaskGroupQueue cost: 0/ms
[INFO] 2025-10-13 12:22:41.320 +0800 o.a.d.s.m.r.t.TaskGroupCoordinator:[129] - TaskGroupCoordinator round time cost: 0/ms
[INFO] 2025-10-13 12:22:41.725 +0800 o.a.d.s.m.c.IdSlotBasedCommandFetcher:[67] - Fetch commands: 0 success, cost: 1ms, totalSlot: 1, currentSlotIndex: 0
[INFO] 2025-10-13 12:22:42.797 +0800 o.a.d.s.m.c.IdSlotBasedCommandFetcher:[67] - Fetch commands: 0 success, cost: 0ms, totalSlot: 1, currentSlotIndex: 0
[INFO] 2025-10-13 12:22:43.882 +0800 o.a.d.s.m.c.IdSlotBasedCommandFetcher:[67] - Fetch commands: 0 success, cost: 0ms, totalSlot: 1, currentSlotIndex: 0
[INFO] 2025-10-13 12:22:44.955 +0800 o.a.d.s.m.c.IdSlotBasedCommandFetcher:[67] - Fetch commands: 0 success, cost: 0ms, totalSlot: 1, currentSlotIndex: 0
[INFO] 2025-10-13 12:22:46.086 +0800 o.a.d.s.m.c.IdSlotBasedCommandFetcher:[67] - Fetch commands: 0 success, cost: 0ms, totalSlot: 1, currentSlotIndex: 0
[INFO] 2025-10-13 12:22:46.332 +0800 o.a.d.s.m.r.t.TaskGroupCoordinator:[187] - Success amend TaskGroupQueue status cost: 0/ms
[INFO] 2025-10-13 12:22:46.332 +0800 o.a.d.s.m.r.t.TaskGroupCoordinator:[241] - Success deal with force start TaskGroupQueue cost: 0/ms
[INFO] 2025-10-13 12:22:46.332 +0800 o.a.d.s.m.r.t.TaskGroupCoordinator:[129] - TaskGroupCoordinator round time cost: 0/ms
[INFO] 2025-10-13 12:22:47.086 +0800 o.a.d.s.m.c.IdSlotBasedCommandFetcher:[67] - Fetch commands: 0 success, cost: 0ms, totalSlot: 1, currentSlotIndex: 0
[INFO] 2025-10-13 12:22:48.087 +0800 o.a.d.s.m.c.IdSlotBasedCommandFetcher:[67] - Fetch commands: 0 success, cost: 0ms, totalSlot: 1, currentSlotIndex: 0
[INFO] 2025-10-13 12:22:49.095 +0800 o.a.d.s.m.c.IdSlotBasedCommandFetcher:[67] - Fetch commands: 0 success, cost: 0ms, totalSlot: 1, currentSlotIndex: 0
[INFO] 2025-10-13 12:22:50.096 +0800 o.a.d.s.m.c.IdSlotBasedCommandFetcher:[67] - Fetch commands: 0 success, cost: 0ms, totalSlot: 1, currentSlotIndex: 0
[INFO] 2025-10-13 12:22:51.096 +0800 o.a.d.s.m.c.IdSlotBasedCommandFetcher:[67] - Fetch commands: 0 success, cost: 0ms, totalSlot: 1, currentSlotIndex: 0
[INFO] 2025-10-13 12:22:51.336 +0800 o.a.d.s.m.r.t.TaskGroupCoordinator:[187] - Success amend TaskGroupQueue status cost: 0/ms
[INFO] 2025-10-13 12:22:51.336 +0800 o.a.d.s.m.r.t.TaskGroupCoordinator:[241] - Success deal with force start TaskGroupQueue cost: 0/ms
[INFO] 2025-10-13 12:22:51.336 +0800 o.a.d.s.m.r.t.TaskGroupCoordinator:[129] - TaskGroupCoordinator round time cost: 0/ms
[INFO] 2025-10-13 12:22:52.097 +0800 o.a.d.s.m.c.IdSlotBasedCommandFetcher:[67] - Fetch commands: 0 success, cost: 0ms, totalSlot: 1, currentSlotIndex: 0
[INFO] 2025-10-13 12:22:53.097 +0800 o.a.d.s.m.c.IdSlotBasedCommandFetcher:[67] - Fetch commands: 0 success, cost: 0ms, totalSlot: 1, currentSlotIndex: 0
[INFO] 2025-10-13 12:22:54.098 +0800 o.a.d.s.m.c.IdSlotBasedCommandFetcher:[67] - Fetch commands: 0 success, cost: 0ms, totalSlot: 1, currentSlotIndex: 0
[INFO] 2025-10-13 12:22:55.098 +0800 o.a.d.s.m.c.IdSlotBasedCommandFetcher:[67] - Fetch commands: 0 success, cost: 0ms, totalSlot: 1, currentSlotIndex: 0
[INFO] 2025-10-13 12:22:56.099 +0800 o.a.d.s.m.c.IdSlotBasedCommandFetcher:[67] - Fetch commands: 0 success, cost: 0ms, totalSlot: 1, currentSlotIndex: 0
[INFO] 2025-10-13 12:22:56.345 +0800 o.a.d.s.m.r.t.TaskGroupCoordinator:[187] - Success amend TaskGroupQueue status cost: 0/ms
[INFO] 2025-10-13 12:22:56.347 +0800 o.a.d.s.m.r.t.TaskGroupCoordinator:[241] - Success deal with force start TaskGroupQueue cost: 0/ms
[INFO] 2025-10-13 12:22:56.347 +0800 o.a.d.s.m.r.t.TaskGroupCoordinator:[129] - TaskGroupCoordinator round time cost: 0/ms
[INFO] 2025-10-13 12:22:57.105 +0800 o.a.d.s.m.c.IdSlotBasedCommandFetcher:[67] - Fetch commands: 0 success, cost: 0ms, totalSlot: 1, currentSlotIndex: 0
[INFO] 2025-10-13 12:22:58.106 +0800 o.a.d.s.m.c.IdSlotBasedCommandFetcher:[67] - Fetch commands: 0 success, cost: 0ms, totalSlot: 1, currentSlotIndex: 0
[INFO] 2025-10-13 12:22:59.119 +0800 o.a.d.s.m.c.IdSlotBasedCommandFetcher:[67] - Fetch commands: 0 success, cost: 0ms, totalSlot: 1, currentSlotIndex: 0
[INFO] 2025-10-13 12:23:00.235 +0800 o.a.d.s.m.c.IdSlotBasedCommandFetcher:[67] - Fetch commands: 0 success, cost: 0ms, totalSlot: 1, currentSlotIndex: 0
[INFO] 2025-10-13 12:23:01.321 +0800 o.a.d.s.m.c.IdSlotBasedCommandFetcher:[67] - Fetch commands: 0 success, cost: 0ms, totalSlot: 1, currentSlotIndex: 0
[INFO] 2025-10-13 12:23:01.363 +0800 o.a.d.s.m.r.t.TaskGroupCoordinator:[187] - Success amend TaskGroupQueue status cost: 0/ms
[INFO] 2025-10-13 12:23:01.363 +0800 o.a.d.s.m.r.t.TaskGroupCoordinator:[241] - Success deal with force start TaskGroupQueue cost: 0/ms
[INFO] 2025-10-13 12:23:01.363 +0800 o.a.d.s.m.r.t.TaskGroupCoordinator:[129] - TaskGroupCoordinator round time cost: 0/ms
[INFO] 2025-10-13 12:23:02.393 +0800 o.a.d.s.m.c.IdSlotBasedCommandFetcher:[67] - Fetch commands: 0 success, cost: 0ms, totalSlot: 1, currentSlotIndex: 0
[INFO] 2025-10-13 12:23:03.466 +0800 o.a.d.s.m.c.IdSlotBasedCommandFetcher:[67] - Fetch commands: 0 success, cost: 0ms, totalSlot: 1, currentSlotIndex: 0
[INFO] 2025-10-13 12:23:04.538 +0800 o.a.d.s.m.c.IdSlotBasedCommandFetcher:[67] - Fetch commands: 0 success, cost: 0ms, totalSlot: 1, currentSlotIndex: 0
[INFO] 2025-10-13 12:23:05.630 +0800 o.a.d.s.m.c.IdSlotBasedCommandFetcher:[67] - Fetch commands: 0 success, cost: 0ms, totalSlot: 1, currentSlotIndex: 0
[INFO] 2025-10-13 12:23:06.384 +0800 o.a.d.s.m.r.t.TaskGroupCoordinator:[187] - Success amend TaskGroupQueue status cost: 0/ms
[INFO] 2025-10-13 12:23:06.384 +0800 o.a.d.s.m.r.t.TaskGroupCoordinator:[241] - Success deal with force start TaskGroupQueue cost: 0/ms
[INFO] 2025-10-13 12:23:06.384 +0800 o.a.d.s.m.r.t.TaskGroupCoordinator:[129] - TaskGroupCoordinator round time cost: 0/ms
[INFO] 2025-10-13 12:23:06.700 +0800 o.a.d.s.m.c.IdSlotBasedCommandFetcher:[67] - Fetch commands: 0 success, cost: 0ms, totalSlot: 1, currentSlotIndex: 0
[INFO] 2025-10-13 12:23:07.769 +0800 o.a.d.s.m.c.IdSlotBasedCommandFetcher:[67] - Fetch commands: 0 success, cost: 0ms, totalSlot: 1, currentSlotIndex: 0
[INFO] 2025-10-13 12:23:08.967 +0800 o.a.d.s.m.c.IdSlotBasedCommandFetcher:[67] - Fetch commands: 0 success, cost: 0ms, totalSlot: 1, currentSlotIndex: 0
[INFO] 2025-10-13 12:23:09.968 +0800 o.a.d.s.m.c.IdSlotBasedCommandFetcher:[67] - Fetch commands: 0 success, cost: 0ms, totalSlot: 1, currentSlotIndex: 0
[INFO] 2025-10-13 12:23:10.968 +0800 o.a.d.s.m.c.IdSlotBasedCommandFetcher:[67] - Fetch commands: 0 success, cost: 0ms, totalSlot: 1, currentSlotIndex: 0
[INFO] 2025-10-13 12:23:11.397 +0800 o.a.d.s.m.r.t.TaskGroupCoordinator:[187] - Success amend TaskGroupQueue status cost: 0/ms
[INFO] 2025-10-13 12:23:11.397 +0800 o.a.d.s.m.r.t.TaskGroupCoordinator:[241] - Success deal with force start TaskGroupQueue cost: 0/ms
[INFO] 2025-10-13 12:23:11.398 +0800 o.a.d.s.m.r.t.TaskGroupCoordinator:[129] - TaskGroupCoordinator round time cost: 0/ms
[INFO] 2025-10-13 12:23:11.968 +0800 o.a.d.s.m.c.IdSlotBasedCommandFetcher:[67] - Fetch commands: 0 success, cost: 0ms, totalSlot: 1, currentSlotIndex: 0
[INFO] 2025-10-13 12:23:12.968 +0800 o.a.d.s.m.c.IdSlotBasedCommandFetcher:[67] - Fetch commands: 0 success, cost: 0ms, totalSlot: 1, currentSlotIndex: 0
[INFO] 2025-10-13 12:23:13.969 +0800 o.a.d.s.m.c.IdSlotBasedCommandFetcher:[67] - Fetch commands: 0 success, cost: 0ms, totalSlot: 1, currentSlotIndex: 0
[INFO] 2025-10-13 12:23:14.969 +0800 o.a.d.s.m.c.IdSlotBasedCommandFetcher:[67] - Fetch commands: 0 success, cost: 0ms, totalSlot: 1, currentSlotIndex: 0
[INFO] 2025-10-13 12:23:15.969 +0800 o.a.d.s.m.c.IdSlotBasedCommandFetcher:[67] - Fetch commands: 0 success, cost: 0ms, totalSlot: 1, currentSlotIndex: 0
[INFO] 2025-10-13 12:23:16.401 +0800 o.a.d.s.m.r.t.TaskGroupCoordinator:[187] - Success amend TaskGroupQueue status cost: 0/ms
[INFO] 2025-10-13 12:23:16.401 +0800 o.a.d.s.m.r.t.TaskGroupCoordinator:[241] - Success deal with force start TaskGroupQueue cost: 0/ms
[INFO] 2025-10-13 12:23:16.401 +0800 o.a.d.s.m.r.t.TaskGroupCoordinator:[129] - TaskGroupCoordinator round time cost: 0/ms
[INFO] 2025-10-13 12:23:16.970 +0800 o.a.d.s.m.c.IdSlotBasedCommandFetcher:[67] - Fetch commands: 0 success, cost: 0ms, totalSlot: 1, currentSlotIndex: 0
[INFO] 2025-10-13 12:23:17.979 +0800 o.a.d.s.m.c.IdSlotBasedCommandFetcher:[67] - Fetch commands: 0 success, cost: 0ms, totalSlot: 1, currentSlotIndex: 0
[INFO] 2025-10-13 12:23:18.979 +0800 o.a.d.s.m.c.IdSlotBasedCommandFetcher:[67] - Fetch commands: 0 success, cost: 0ms, totalSlot: 1, currentSlotIndex: 0
[INFO] 2025-10-13 12:23:19.980 +0800 o.a.d.s.m.c.IdSlotBasedCommandFetcher:[67] - Fetch commands: 0 success, cost: 0ms, totalSlot: 1, currentSlotIndex: 0
[INFO] 2025-10-13 12:23:20.993 +0800 o.a.d.s.m.c.IdSlotBasedCommandFetcher:[67] - Fetch commands: 0 success, cost: 0ms, totalSlot: 1, currentSlotIndex: 0
[INFO] 2025-10-13 12:23:21.407 +0800 o.a.d.s.m.r.t.TaskGroupCoordinator:[187] - Success amend TaskGroupQueue status cost: 0/ms
[INFO] 2025-10-13 12:23:21.407 +0800 o.a.d.s.m.r.t.TaskGroupCoordinator:[241] - Success deal with force start TaskGroupQueue cost: 0/ms
[INFO] 2025-10-13 12:23:21.407 +0800 o.a.d.s.m.r.t.TaskGroupCoordinator:[129] - TaskGroupCoordinator round time cost: 0/ms
[INFO] 2025-10-13 12:23:21.993 +0800 o.a.d.s.m.c.IdSlotBasedCommandFetcher:[67] - Fetch commands: 0 success, cost: 0ms, totalSlot: 1, currentSlotIndex: 0
[INFO] 2025-10-13 12:23:23.166 +0800 o.a.d.s.m.c.IdSlotBasedCommandFetcher:[67] - Fetch commands: 0 success, cost: 0ms, totalSlot: 1, currentSlotIndex: 0
[INFO] 2025-10-13 12:23:24.167 +0800 o.a.d.s.m.c.IdSlotBasedCommandFetcher:[67] - Fetch commands: 0 success, cost: 0ms, totalSlot: 1, currentSlotIndex: 0
[INFO] 2025-10-13 12:23:25.167 +0800 o.a.d.s.m.c.IdSlotBasedCommandFetcher:[67] - Fetch commands: 0 success, cost: 0ms, totalSlot: 1, currentSlotIndex: 0
[INFO] 2025-10-13 12:23:26.167 +0800 o.a.d.s.m.c.IdSlotBasedCommandFetcher:[67] - Fetch commands: 0 success, cost: 0ms, totalSlot: 1, currentSlotIndex: 0
[INFO] 2025-10-13 12:23:26.410 +0800 o.a.d.s.m.r.t.TaskGroupCoordinator:[187] - Success amend TaskGroupQueue status cost: 0/ms
[INFO] 2025-10-13 12:23:26.412 +0800 o.a.d.s.m.r.t.TaskGroupCoordinator:[241] - Success deal with force start TaskGroupQueue cost: 0/ms
[INFO] 2025-10-13 12:23:26.412 +0800 o.a.d.s.m.r.t.TaskGroupCoordinator:[129] - TaskGroupCoordinator round time cost: 0/ms
[INFO] 2025-10-13 12:23:27.178 +0800 o.a.d.s.m.c.IdSlotBasedCommandFetcher:[67] - Fetch commands: 0 success, cost: 0ms, totalSlot: 1, currentSlotIndex: 0
[INFO] 2025-10-13 12:23:28.178 +0800 o.a.d.s.m.c.IdSlotBasedCommandFetcher:[67] - Fetch commands: 0 success, cost: 0ms, totalSlot: 1, currentSlotIndex: 0
[INFO] 2025-10-13 12:23:29.179 +0800 o.a.d.s.m.c.IdSlotBasedCommandFetcher:[67] - Fetch commands: 0 success, cost: 0ms, totalSlot: 1, currentSlotIndex: 0
[INFO] 2025-10-13 12:23:30.179 +0800 o.a.d.s.m.c.IdSlotBasedCommandFetcher:[67] - Fetch commands: 0 success, cost: 0ms, totalSlot: 1, currentSlotIndex: 0
[INFO] 2025-10-13 12:23:31.180 +0800 o.a.d.s.m.c.IdSlotBasedCommandFetcher:[67] - Fetch commands: 0 success, cost: 0ms, totalSlot: 1, currentSlotIndex: 0
[INFO] 2025-10-13 12:23:31.417 +0800 o.a.d.s.m.r.t.TaskGroupCoordinator:[187] - Success amend TaskGroupQueue status cost: 0/ms
[INFO] 2025-10-13 12:23:31.417 +0800 o.a.d.s.m.r.t.TaskGroupCoordinator:[241] - Success deal with force start TaskGroupQueue cost: 0/ms
[INFO] 2025-10-13 12:23:31.417 +0800 o.a.d.s.m.r.t.TaskGroupCoordinator:[129] - TaskGroupCoordinator round time cost: 0/ms
[INFO] 2025-10-13 12:23:32.180 +0800 o.a.d.s.m.c.IdSlotBasedCommandFetcher:[67] - Fetch commands: 0 success, cost: 0ms, totalSlot: 1, currentSlotIndex: 0
[INFO] 2025-10-13 12:23:33.180 +0800 o.a.d.s.m.c.IdSlotBasedCommandFetcher:[67] - Fetch commands: 0 success, cost: 0ms, totalSlot: 1, currentSlotIndex: 0
[INFO] 2025-10-13 12:23:34.181 +0800 o.a.d.s.m.c.IdSlotBasedCommandFetcher:[67] - Fetch commands: 0 success, cost: 0ms, totalSlot: 1, currentSlotIndex: 0
[INFO] 2025-10-13 12:23:35.181 +0800 o.a.d.s.m.c.IdSlotBasedCommandFetcher:[67] - Fetch commands: 0 success, cost: 0ms, totalSlot: 1, currentSlotIndex: 0
[INFO] 2025-10-13 12:23:36.324 +0800 o.a.d.s.m.c.IdSlotBasedCommandFetcher:[67] - Fetch commands: 0 success, cost: 0ms, totalSlot: 1, currentSlotIndex: 0
[INFO] 2025-10-13 12:23:36.424 +0800 o.a.d.s.m.r.t.TaskGroupCoordinator:[187] - Success amend TaskGroupQueue status cost: 0/ms
[INFO] 2025-10-13 12:23:36.424 +0800 o.a.d.s.m.r.t.TaskGroupCoordinator:[241] - Success deal with force start TaskGroupQueue cost: 0/ms
[INFO] 2025-10-13 12:23:36.424 +0800 o.a.d.s.m.r.t.TaskGroupCoordinator:[129] - TaskGroupCoordinator round time cost: 0/ms
[INFO] 2025-10-13 12:23:37.393 +0800 o.a.d.s.m.c.IdSlotBasedCommandFetcher:[67] - Fetch commands: 0 success, cost: 0ms, totalSlot: 1, currentSlotIndex: 0
[INFO] 2025-10-13 12:23:38.487 +0800 o.a.d.s.m.c.IdSlotBasedCommandFetcher:[67] - Fetch commands: 0 success, cost: 0ms, totalSlot: 1, currentSlotIndex: 0
[INFO] 2025-10-13 12:23:39.487 +0800 o.a.d.s.m.c.IdSlotBasedCommandFetcher:[67] - Fetch commands: 0 success, cost: 0ms, totalSlot: 1, currentSlotIndex: 0
[INFO] 2025-10-13 12:23:40.488 +0800 o.a.d.s.m.c.IdSlotBasedCommandFetcher:[67] - Fetch commands: 0 success, cost: 0ms, totalSlot: 1, currentSlotIndex: 0
[INFO] 2025-10-13 12:23:41.431 +0800 o.a.d.s.m.r.t.TaskGroupCoordinator:[187] - Success amend TaskGroupQueue status cost: 0/ms
[INFO] 2025-10-13 12:23:41.432 +0800 o.a.d.s.m.r.t.TaskGroupCoordinator:[241] - Success deal with force start TaskGroupQueue cost: 0/ms
[INFO] 2025-10-13 12:23:41.432 +0800 o.a.d.s.m.r.t.TaskGroupCoordinator:[129] - TaskGroupCoordinator round time cost: 0/ms
[INFO] 2025-10-13 12:23:41.489 +0800 o.a.d.s.m.c.IdSlotBasedCommandFetcher:[67] - Fetch commands: 0 success, cost: 0ms, totalSlot: 1, currentSlotIndex: 0
[INFO] 2025-10-13 12:23:42.498 +0800 o.a.d.s.m.c.IdSlotBasedCommandFetcher:[67] - Fetch commands: 0 success, cost: 0ms, totalSlot: 1, currentSlotIndex: 0
[INFO] 2025-10-13 12:23:43.499 +0800 o.a.d.s.m.c.IdSlotBasedCommandFetcher:[67] - Fetch commands: 0 success, cost: 0ms, totalSlot: 1, currentSlotIndex: 0
[INFO] 2025-10-13 12:23:44.508 +0800 o.a.d.s.m.c.IdSlotBasedCommandFetcher:[67] - Fetch commands: 0 success, cost: 0ms, totalSlot: 1, currentSlotIndex: 0
[INFO] 2025-10-13 12:23:45.508 +0800 o.a.d.s.m.c.IdSlotBasedCommandFetcher:[67] - Fetch commands: 0 success, cost: 0ms, totalSlot: 1, currentSlotIndex: 0
[INFO] 2025-10-13 12:23:46.453 +0800 o.a.d.s.m.r.t.TaskGroupCoordinator:[187] - Success amend TaskGroupQueue status cost: 0/ms
[INFO] 2025-10-13 12:23:46.454 +0800 o.a.d.s.m.r.t.TaskGroupCoordinator:[241] - Success deal with force start TaskGroupQueue cost: 0/ms
[INFO] 2025-10-13 12:23:46.454 +0800 o.a.d.s.m.r.t.TaskGroupCoordinator:[129] - TaskGroupCoordinator round time cost: 0/ms
[INFO] 2025-10-13 12:23:46.509 +0800 o.a.d.s.m.c.IdSlotBasedCommandFetcher:[67] - Fetch commands: 0 success, cost: 0ms, totalSlot: 1, currentSlotIndex: 0
[INFO] 2025-10-13 12:23:47.510 +0800 o.a.d.s.m.c.IdSlotBasedCommandFetcher:[67] - Fetch commands: 0 success, cost: 0ms, totalSlot: 1, currentSlotIndex: 0
[INFO] 2025-10-13 12:23:48.510 +0800 o.a.d.s.m.c.IdSlotBasedCommandFetcher:[67] - Fetch commands: 0 success, cost: 0ms, totalSlot: 1, currentSlotIndex: 0
[INFO] 2025-10-13 12:23:49.511 +0800 o.a.d.s.m.c.IdSlotBasedCommandFetcher:[67] - Fetch commands: 0 success, cost: 0ms, totalSlot: 1, currentSlotIndex: 0
[INFO] 2025-10-13 12:23:50.511 +0800 o.a.d.s.m.c.IdSlotBasedCommandFetcher:[67] - Fetch commands: 0 success, cost: 0ms, totalSlot: 1, currentSlotIndex: 0
[INFO] 2025-10-13 12:23:51.458 +0800 o.a.d.s.m.r.t.TaskGroupCoordinator:[187] - Success amend TaskGroupQueue status cost: 0/ms
[INFO] 2025-10-13 12:23:51.458 +0800 o.a.d.s.m.r.t.TaskGroupCoordinator:[241] - Success deal with force start TaskGroupQueue cost: 0/ms
[INFO] 2025-10-13 12:23:51.458 +0800 o.a.d.s.m.r.t.TaskGroupCoordinator:[129] - TaskGroupCoordinator round time cost: 0/ms
[INFO] 2025-10-13 12:23:51.511 +0800 o.a.d.s.m.c.IdSlotBasedCommandFetcher:[67] - Fetch commands: 0 success, cost: 0ms, totalSlot: 1, currentSlotIndex: 0
[INFO] 2025-10-13 12:23:52.512 +0800 o.a.d.s.m.c.IdSlotBasedCommandFetcher:[67] - Fetch commands: 0 success, cost: 0ms, totalSlot: 1, currentSlotIndex: 0
[INFO] 2025-10-13 12:23:53.512 +0800 o.a.d.s.m.c.IdSlotBasedCommandFetcher:[67] - Fetch commands: 0 success, cost: 0ms, totalSlot: 1, currentSlotIndex: 0
[INFO] 2025-10-13 12:23:54.514 +0800 o.a.d.s.m.c.IdSlotBasedCommandFetcher:[67] - Fetch commands: 0 success, cost: 0ms, totalSlot: 1, currentSlotIndex: 0
[INFO] 2025-10-13 12:23:55.515 +0800 o.a.d.s.m.c.IdSlotBasedCommandFetcher:[67] - Fetch commands: 0 success, cost: 0ms, totalSlot: 1, currentSlotIndex: 0
[INFO] 2025-10-13 12:23:56.464 +0800 o.a.d.s.m.r.t.TaskGroupCoordinator:[187] - Success amend TaskGroupQueue status cost: 0/ms
[INFO] 2025-10-13 12:23:56.464 +0800 o.a.d.s.m.r.t.TaskGroupCoordinator:[241] - Success deal with force start TaskGroupQueue cost: 0/ms
[INFO] 2025-10-13 12:23:56.464 +0800 o.a.d.s.m.r.t.TaskGroupCoordinator:[129] - TaskGroupCoordinator round time cost: 0/ms
[INFO] 2025-10-13 12:23:56.517 +0800 o.a.d.s.m.c.IdSlotBasedCommandFetcher:[67] - Fetch commands: 0 success, cost: 0ms, totalSlot: 1, currentSlotIndex: 0
[INFO] 2025-10-13 12:23:57.517 +0800 o.a.d.s.m.c.IdSlotBasedCommandFetcher:[67] - Fetch commands: 0 success, cost: 0ms, totalSlot: 1, currentSlotIndex: 0
[INFO] 2025-10-13 12:23:58.525 +0800 o.a.d.s.m.c.IdSlotBasedCommandFetcher:[67] - Fetch commands: 0 success, cost: 0ms, totalSlot: 1, currentSlotIndex: 0
[INFO] 2025-10-13 12:23:59.526 +0800 o.a.d.s.m.c.IdSlotBasedCommandFetcher:[67] - Fetch commands: 0 success, cost: 0ms, totalSlot: 1, currentSlotIndex: 0
[INFO] 2025-10-13 12:24:00.535 +0800 o.a.d.s.m.c.IdSlotBasedCommandFetcher:[67] - Fetch commands: 0 success, cost: 0ms, totalSlot: 1, currentSlotIndex: 0
[INFO] 2025-10-13 12:24:01.470 +0800 o.a.d.s.m.r.t.TaskGroupCoordinator:[187] - Success amend TaskGroupQueue status cost: 0/ms
[INFO] 2025-10-13 12:24:01.470 +0800 o.a.d.s.m.r.t.TaskGroupCoordinator:[241] - Success deal with force start TaskGroupQueue cost: 0/ms
[INFO] 2025-10-13 12:24:01.470 +0800 o.a.d.s.m.r.t.TaskGroupCoordinator:[129] - TaskGroupCoordinator round time cost: 0/ms
[INFO] 2025-10-13 12:24:01.540 +0800 o.a.d.s.m.c.IdSlotBasedCommandFetcher:[67] - Fetch commands: 0 success, cost: 0ms, totalSlot: 1, currentSlotIndex: 0
[INFO] 2025-10-13 12:24:02.540 +0800 o.a.d.s.m.c.IdSlotBasedCommandFetcher:[67] - Fetch commands: 0 success, cost: 0ms, totalSlot: 1, currentSlotIndex: 0
[INFO] 2025-10-13 12:24:03.543 +0800 o.a.d.s.m.c.IdSlotBasedCommandFetcher:[67] - Fetch commands: 0 success, cost: 0ms, totalSlot: 1, currentSlotIndex: 0
[INFO] 2025-10-13 12:24:04.544 +0800 o.a.d.s.m.c.IdSlotBasedCommandFetcher:[67] - Fetch commands: 0 success, cost: 0ms, totalSlot: 1, currentSlotIndex: 0
[INFO] 2025-10-13 12:24:05.785 +0800 o.a.d.s.m.c.IdSlotBasedCommandFetcher:[67] - Fetch commands: 0 success, cost: 0ms, totalSlot: 1, currentSlotIndex: 0
[INFO] 2025-10-13 12:24:06.475 +0800 o.a.d.s.m.r.t.TaskGroupCoordinator:[187] - Success amend TaskGroupQueue status cost: 0/ms
[INFO] 2025-10-13 12:24:06.475 +0800 o.a.d.s.m.r.t.TaskGroupCoordinator:[241] - Success deal with force start TaskGroupQueue cost: 0/ms
[INFO] 2025-10-13 12:24:06.475 +0800 o.a.d.s.m.r.t.TaskGroupCoordinator:[129] - TaskGroupCoordinator round time cost: 0/ms
[INFO] 2025-10-13 12:24:06.863 +0800 o.a.d.s.m.c.IdSlotBasedCommandFetcher:[67] - Fetch commands: 0 success, cost: 0ms, totalSlot: 1, currentSlotIndex: 0
[INFO] 2025-10-13 12:24:07.940 +0800 o.a.d.s.m.c.IdSlotBasedCommandFetcher:[67] - Fetch commands: 0 success, cost: 0ms, totalSlot: 1, currentSlotIndex: 0
[INFO] 2025-10-13 12:24:09.012 +0800 o.a.d.s.m.c.IdSlotBasedCommandFetcher:[67] - Fetch commands: 0 success, cost: 0ms, totalSlot: 1, currentSlotIndex: 0
[INFO] 2025-10-13 12:24:10.085 +0800 o.a.d.s.m.c.IdSlotBasedCommandFetcher:[67] - Fetch commands: 0 success, cost: 0ms, totalSlot: 1, currentSlotIndex: 0
[INFO] 2025-10-13 12:24:11.157 +0800 o.a.d.s.m.c.IdSlotBasedCommandFetcher:[67] - Fetch commands: 0 success, cost: 0ms, totalSlot: 1, currentSlotIndex: 0
[INFO] 2025-10-13 12:24:11.479 +0800 o.a.d.s.m.r.t.TaskGroupCoordinator:[187] - Success amend TaskGroupQueue status cost: 0/ms
[INFO] 2025-10-13 12:24:11.481 +0800 o.a.d.s.m.r.t.TaskGroupCoordinator:[241] - Success deal with force start TaskGroupQueue cost: 0/ms
[INFO] 2025-10-13 12:24:11.481 +0800 o.a.d.s.m.r.t.TaskGroupCoordinator:[129] - TaskGroupCoordinator round time cost: 0/ms
[INFO] 2025-10-13 12:24:12.243 +0800 o.a.d.s.m.c.IdSlotBasedCommandFetcher:[67] - Fetch commands: 0 success, cost: 0ms, totalSlot: 1, currentSlotIndex: 0
[INFO] 2025-10-13 12:24:13.316 +0800 o.a.d.s.m.c.IdSlotBasedCommandFetcher:[67] - Fetch commands: 0 success, cost: 0ms, totalSlot: 1, currentSlotIndex: 0
[INFO] 2025-10-13 12:24:14.386 +0800 o.a.d.s.m.c.IdSlotBasedCommandFetcher:[67] - Fetch commands: 0 success, cost: 0ms, totalSlot: 1, currentSlotIndex: 0
[INFO] 2025-10-13 12:24:15.461 +0800 o.a.d.s.m.c.IdSlotBasedCommandFetcher:[67] - Fetch commands: 0 success, cost: 0ms, totalSlot: 1, currentSlotIndex: 0
[INFO] 2025-10-13 12:24:16.485 +0800 o.a.d.s.m.r.t.TaskGroupCoordinator:[187] - Success amend TaskGroupQueue status cost: 0/ms
[INFO] 2025-10-13 12:24:16.485 +0800 o.a.d.s.m.r.t.TaskGroupCoordinator:[241] - Success deal with force start TaskGroupQueue cost: 0/ms
[INFO] 2025-10-13 12:24:16.485 +0800 o.a.d.s.m.r.t.TaskGroupCoordinator:[129] - TaskGroupCoordinator round time cost: 0/ms
[INFO] 2025-10-13 12:24:16.539 +0800 o.a.d.s.m.c.IdSlotBasedCommandFetcher:[67] - Fetch commands: 0 success, cost: 0ms, totalSlot: 1, currentSlotIndex: 0
[INFO] 2025-10-13 12:24:17.646 +0800 o.a.d.s.m.c.IdSlotBasedCommandFetcher:[67] - Fetch commands: 0 success, cost: 0ms, totalSlot: 1, currentSlotIndex: 0
[INFO] 2025-10-13 12:24:18.647 +0800 o.a.d.s.m.c.IdSlotBasedCommandFetcher:[67] - Fetch commands: 0 success, cost: 0ms, totalSlot: 1, currentSlotIndex: 0
[INFO] 2025-10-13 12:24:19.647 +0800 o.a.d.s.m.c.IdSlotBasedCommandFetcher:[67] - Fetch commands: 0 success, cost: 0ms, totalSlot: 1, currentSlotIndex: 0
[INFO] 2025-10-13 12:24:20.647 +0800 o.a.d.s.m.c.IdSlotBasedCommandFetcher:[67] - Fetch commands: 0 success, cost: 0ms, totalSlot: 1, currentSlotIndex: 0
[INFO] 2025-10-13 12:24:21.490 +0800 o.a.d.s.m.r.t.TaskGroupCoordinator:[187] - Success amend TaskGroupQueue status cost: 0/ms
[INFO] 2025-10-13 12:24:21.490 +0800 o.a.d.s.m.r.t.TaskGroupCoordinator:[241] - Success deal with force start TaskGroupQueue cost: 0/ms
[INFO] 2025-10-13 12:24:21.490 +0800 o.a.d.s.m.r.t.TaskGroupCoordinator:[129] - TaskGroupCoordinator round time cost: 0/ms
[INFO] 2025-10-13 12:24:21.648 +0800 o.a.d.s.m.c.IdSlotBasedCommandFetcher:[67] - Fetch commands: 0 success, cost: 0ms, totalSlot: 1, currentSlotIndex: 0
[INFO] 2025-10-13 12:24:22.648 +0800 o.a.d.s.m.c.IdSlotBasedCommandFetcher:[67] - Fetch commands: 0 success, cost: 0ms, totalSlot: 1, currentSlotIndex: 0
[INFO] 2025-10-13 12:24:23.649 +0800 o.a.d.s.m.c.IdSlotBasedCommandFetcher:[67] - Fetch commands: 0 success, cost: 0ms, totalSlot: 1, currentSlotIndex: 0
[INFO] 2025-10-13 12:24:24.649 +0800 o.a.d.s.m.c.IdSlotBasedCommandFetcher:[67] - Fetch commands: 0 success, cost: 0ms, totalSlot: 1, currentSlotIndex: 0
[INFO] 2025-10-13 12:24:25.649 +0800 o.a.d.s.m.c.IdSlotBasedCommandFetcher:[67] - Fetch commands: 0 success, cost: 0ms, totalSlot: 1, currentSlotIndex: 0
[INFO] 2025-10-13 12:24:26.496 +0800 o.a.d.s.m.r.t.TaskGroupCoordinator:[187] - Success amend TaskGroupQueue status cost: 0/ms
[INFO] 2025-10-13 12:24:26.496 +0800 o.a.d.s.m.r.t.TaskGroupCoordinator:[241] - Success deal with force start TaskGroupQueue cost: 0/ms
[INFO] 2025-10-13 12:24:26.496 +0800 o.a.d.s.m.r.t.TaskGroupCoordinator:[129] - TaskGroupCoordinator round time cost: 0/ms
[INFO] 2025-10-13 12:24:26.649 +0800 o.a.d.s.m.c.IdSlotBasedCommandFetcher:[67] - Fetch commands: 0 success, cost: 0ms, totalSlot: 1, currentSlotIndex: 0
[INFO] 2025-10-13 12:24:27.649 +0800 o.a.d.s.m.c.IdSlotBasedCommandFetcher:[67] - Fetch commands: 0 success, cost: 0ms, totalSlot: 1, currentSlotIndex: 0
[INFO] 2025-10-13 12:24:28.655 +0800 o.a.d.s.m.c.IdSlotBasedCommandFetcher:[67] - Fetch commands: 0 success, cost: 0ms, totalSlot: 1, currentSlotIndex: 0
[INFO] 2025-10-13 12:24:29.658 +0800 o.a.d.s.m.c.IdSlotBasedCommandFetcher:[67] - Fetch commands: 0 success, cost: 0ms, totalSlot: 1, currentSlotIndex: 0
[INFO] 2025-10-13 12:24:30.804 +0800 o.a.d.s.m.c.IdSlotBasedCommandFetcher:[67] - Fetch commands: 0 success, cost: 0ms, totalSlot: 1, currentSlotIndex: 0
[INFO] 2025-10-13 12:24:31.500 +0800 o.a.d.s.m.r.t.TaskGroupCoordinator:[187] - Success amend TaskGroupQueue status cost: 0/ms
[INFO] 2025-10-13 12:24:31.501 +0800 o.a.d.s.m.r.t.TaskGroupCoordinator:[241] - Success deal with force start TaskGroupQueue cost: 0/ms
[INFO] 2025-10-13 12:24:31.501 +0800 o.a.d.s.m.r.t.TaskGroupCoordinator:[129] - TaskGroupCoordinator round time cost: 0/ms
[INFO] 2025-10-13 12:24:31.876 +0800 o.a.d.s.m.c.IdSlotBasedCommandFetcher:[67] - Fetch commands: 0 success, cost: 0ms, totalSlot: 1, currentSlotIndex: 0
[INFO] 2025-10-13 12:24:32.945 +0800 o.a.d.s.m.c.IdSlotBasedCommandFetcher:[67] - Fetch commands: 0 success, cost: 0ms, totalSlot: 1, currentSlotIndex: 0
[INFO] 2025-10-13 12:24:34.104 +0800 o.a.d.s.m.c.IdSlotBasedCommandFetcher:[67] - Fetch commands: 0 success, cost: 0ms, totalSlot: 1, currentSlotIndex: 0
[INFO] 2025-10-13 12:24:35.105 +0800 o.a.d.s.m.c.IdSlotBasedCommandFetcher:[67] - Fetch commands: 0 success, cost: 0ms, totalSlot: 1, currentSlotIndex: 0
[INFO] 2025-10-13 12:24:36.106 +0800 o.a.d.s.m.c.IdSlotBasedCommandFetcher:[67] - Fetch commands: 0 success, cost: 0ms, totalSlot: 1, currentSlotIndex: 0
[INFO] 2025-10-13 12:24:36.515 +0800 o.a.d.s.m.r.t.TaskGroupCoordinator:[187] - Success amend TaskGroupQueue status cost: 0/ms
[INFO] 2025-10-13 12:24:36.516 +0800 o.a.d.s.m.r.t.TaskGroupCoordinator:[241] - Success deal with force start TaskGroupQueue cost: 0/ms
[INFO] 2025-10-13 12:24:36.516 +0800 o.a.d.s.m.r.t.TaskGroupCoordinator:[129] - TaskGroupCoordinator round time cost: 0/ms
[INFO] 2025-10-13 12:24:37.116 +0800 o.a.d.s.m.c.IdSlotBasedCommandFetcher:[67] - Fetch commands: 0 success, cost: 0ms, totalSlot: 1, currentSlotIndex: 0
[INFO] 2025-10-13 12:24:38.122 +0800 o.a.d.s.m.c.IdSlotBasedCommandFetcher:[67] - Fetch commands: 0 success, cost: 0ms, totalSlot: 1, currentSlotIndex: 0
[INFO] 2025-10-13 12:24:39.123 +0800 o.a.d.s.m.c.IdSlotBasedCommandFetcher:[67] - Fetch commands: 0 success, cost: 0ms, totalSlot: 1, currentSlotIndex: 0
[INFO] 2025-10-13 12:24:40.138 +0800 o.a.d.s.m.c.IdSlotBasedCommandFetcher:[67] - Fetch commands: 0 success, cost: 0ms, totalSlot: 1, currentSlotIndex: 0
[INFO] 2025-10-13 12:24:41.138 +0800 o.a.d.s.m.c.IdSlotBasedCommandFetcher:[67] - Fetch commands: 0 success, cost: 0ms, totalSlot: 1, currentSlotIndex: 0
[INFO] 2025-10-13 12:24:41.532 +0800 o.a.d.s.m.r.t.TaskGroupCoordinator:[187] - Success amend TaskGroupQueue status cost: 0/ms
[INFO] 2025-10-13 12:24:41.532 +0800 o.a.d.s.m.r.t.TaskGroupCoordinator:[241] - Success deal with force start TaskGroupQueue cost: 0/ms
[INFO] 2025-10-13 12:24:41.532 +0800 o.a.d.s.m.r.t.TaskGroupCoordinator:[129] - TaskGroupCoordinator round time cost: 0/ms
[INFO] 2025-10-13 12:24:42.147 +0800 o.a.d.s.m.c.IdSlotBasedCommandFetcher:[67] - Fetch commands: 0 success, cost: 0ms, totalSlot: 1, currentSlotIndex: 0
[INFO] 2025-10-13 12:24:43.148 +0800 o.a.d.s.m.c.IdSlotBasedCommandFetcher:[67] - Fetch commands: 0 success, cost: 0ms, totalSlot: 1, currentSlotIndex: 0
[INFO] 2025-10-13 12:24:44.163 +0800 o.a.d.s.m.c.IdSlotBasedCommandFetcher:[67] - Fetch commands: 0 success, cost: 0ms, totalSlot: 1, currentSlotIndex: 0
[INFO] 2025-10-13 12:24:45.163 +0800 o.a.d.s.m.c.IdSlotBasedCommandFetcher:[67] - Fetch commands: 0 success, cost: 0ms, totalSlot: 1, currentSlotIndex: 0
[INFO] 2025-10-13 12:24:46.164 +0800 o.a.d.s.m.c.IdSlotBasedCommandFetcher:[67] - Fetch commands: 0 success, cost: 0ms, totalSlot: 1, currentSlotIndex: 0
[INFO] 2025-10-13 12:24:46.547 +0800 o.a.d.s.m.r.t.TaskGroupCoordinator:[187] - Success amend TaskGroupQueue status cost: 0/ms
[INFO] 2025-10-13 12:24:46.547 +0800 o.a.d.s.m.r.t.TaskGroupCoordinator:[241] - Success deal with force start TaskGroupQueue cost: 0/ms
[INFO] 2025-10-13 12:24:46.547 +0800 o.a.d.s.m.r.t.TaskGroupCoordinator:[129] - TaskGroupCoordinator round time cost: 0/ms
[INFO] 2025-10-13 12:24:47.254 +0800 o.a.d.s.m.c.IdSlotBasedCommandFetcher:[67] - Fetch commands: 0 success, cost: 0ms, totalSlot: 1, currentSlotIndex: 0
[INFO] 2025-10-13 12:24:48.330 +0800 o.a.d.s.m.c.IdSlotBasedCommandFetcher:[67] - Fetch commands: 0 success, cost: 0ms, totalSlot: 1, currentSlotIndex: 0
[INFO] 2025-10-13 12:24:49.401 +0800 o.a.d.s.m.c.IdSlotBasedCommandFetcher:[67] - Fetch commands: 0 success, cost: 1ms, totalSlot: 1, currentSlotIndex: 0
[INFO] 2025-10-13 12:24:50.478 +0800 o.a.d.s.m.c.IdSlotBasedCommandFetcher:[67] - Fetch commands: 0 success, cost: 0ms, totalSlot: 1, currentSlotIndex: 0
[INFO] 2025-10-13 12:24:51.549 +0800 o.a.d.s.m.c.IdSlotBasedCommandFetcher:[67] - Fetch commands: 0 success, cost: 0ms, totalSlot: 1, currentSlotIndex: 0
[INFO] 2025-10-13 12:24:51.552 +0800 o.a.d.s.m.r.t.TaskGroupCoordinator:[187] - Success amend TaskGroupQueue status cost: 0/ms
[INFO] 2025-10-13 12:24:51.552 +0800 o.a.d.s.m.r.t.TaskGroupCoordinator:[241] - Success deal with force start TaskGroupQueue cost: 0/ms
[INFO] 2025-10-13 12:24:51.552 +0800 o.a.d.s.m.r.t.TaskGroupCoordinator:[129] - TaskGroupCoordinator round time cost: 0/ms
[INFO] 2025-10-13 12:24:52.621 +0800 o.a.d.s.m.c.IdSlotBasedCommandFetcher:[67] - Fetch commands: 0 success, cost: 1ms, totalSlot: 1, currentSlotIndex: 0
[INFO] 2025-10-13 12:24:53.691 +0800 o.a.d.s.m.c.IdSlotBasedCommandFetcher:[67] - Fetch commands: 0 success, cost: 0ms, totalSlot: 1, currentSlotIndex: 0
[INFO] 2025-10-13 12:24:54.776 +0800 o.a.d.s.m.c.IdSlotBasedCommandFetcher:[67] - Fetch commands: 0 success, cost: 0ms, totalSlot: 1, currentSlotIndex: 0
[INFO] 2025-10-13 12:24:55.840 +0800 o.a.d.s.m.c.IdSlotBasedCommandFetcher:[67] - Fetch commands: 0 success, cost: 0ms, totalSlot: 1, currentSlotIndex: 0
[INFO] 2025-10-13 12:24:56.557 +0800 o.a.d.s.m.r.t.TaskGroupCoordinator:[187] - Success amend TaskGroupQueue status cost: 0/ms
[INFO] 2025-10-13 12:24:56.557 +0800 o.a.d.s.m.r.t.TaskGroupCoordinator:[241] - Success deal with force start TaskGroupQueue cost: 0/ms
[INFO] 2025-10-13 12:24:56.557 +0800 o.a.d.s.m.r.t.TaskGroupCoordinator:[129] - TaskGroupCoordinator round time cost: 0/ms
[INFO] 2025-10-13 12:24:56.917 +0800 o.a.d.s.m.c.IdSlotBasedCommandFetcher:[67] - Fetch commands: 0 success, cost: 0ms, totalSlot: 1, currentSlotIndex: 0
[INFO] 2025-10-13 12:24:58.100 +0800 o.a.d.s.m.c.IdSlotBasedCommandFetcher:[67] - Fetch commands: 0 success, cost: 0ms, totalSlot: 1, currentSlotIndex: 0
[INFO] 2025-10-13 12:24:59.169 +0800 o.a.d.s.m.c.IdSlotBasedCommandFetcher:[67] - Fetch commands: 0 success, cost: 0ms, totalSlot: 1, currentSlotIndex: 0
[INFO] 2025-10-13 12:25:00.315 +0800 o.a.d.s.m.c.IdSlotBasedCommandFetcher:[67] - Fetch commands: 0 success, cost: 0ms, totalSlot: 1, currentSlotIndex: 0
[INFO] 2025-10-13 12:25:01.316 +0800 o.a.d.s.m.c.IdSlotBasedCommandFetcher:[67] - Fetch commands: 0 success, cost: 0ms, totalSlot: 1, currentSlotIndex: 0
[INFO] 2025-10-13 12:25:01.564 +0800 o.a.d.s.m.r.t.TaskGroupCoordinator:[187] - Success amend TaskGroupQueue status cost: 0/ms
[INFO] 2025-10-13 12:25:01.564 +0800 o.a.d.s.m.r.t.TaskGroupCoordinator:[241] - Success deal with force start TaskGroupQueue cost: 0/ms
[INFO] 2025-10-13 12:25:01.564 +0800 o.a.d.s.m.r.t.TaskGroupCoordinator:[129] - TaskGroupCoordinator round time cost: 0/ms
[INFO] 2025-10-13 12:25:02.317 +0800 o.a.d.s.m.c.IdSlotBasedCommandFetcher:[67] - Fetch commands: 0 success, cost: 0ms, totalSlot: 1, currentSlotIndex: 0
[INFO] 2025-10-13 12:25:03.317 +0800 o.a.d.s.m.c.IdSlotBasedCommandFetcher:[67] - Fetch commands: 0 success, cost: 0ms, totalSlot: 1, currentSlotIndex: 0
[INFO] 2025-10-13 12:25:04.332 +0800 o.a.d.s.m.c.IdSlotBasedCommandFetcher:[67] - Fetch commands: 0 success, cost: 0ms, totalSlot: 1, currentSlotIndex: 0
[INFO] 2025-10-13 12:25:05.332 +0800 o.a.d.s.m.c.IdSlotBasedCommandFetcher:[67] - Fetch commands: 0 success, cost: 0ms, totalSlot: 1, currentSlotIndex: 0
[INFO] 2025-10-13 12:25:06.347 +0800 o.a.d.s.m.c.IdSlotBasedCommandFetcher:[67] - Fetch commands: 0 success, cost: 0ms, totalSlot: 1, currentSlotIndex: 0
[INFO] 2025-10-13 12:25:06.582 +0800 o.a.d.s.m.r.t.TaskGroupCoordinator:[187] - Success amend TaskGroupQueue status cost: 0/ms
[INFO] 2025-10-13 12:25:06.583 +0800 o.a.d.s.m.r.t.TaskGroupCoordinator:[241] - Success deal with force start TaskGroupQueue cost: 0/ms
[INFO] 2025-10-13 12:25:06.583 +0800 o.a.d.s.m.r.t.TaskGroupCoordinator:[129] - TaskGroupCoordinator round time cost: 0/ms
[INFO] 2025-10-13 12:25:07.353 +0800 o.a.d.s.m.c.IdSlotBasedCommandFetcher:[67] - Fetch commands: 0 success, cost: 0ms, totalSlot: 1, currentSlotIndex: 0
[INFO] 2025-10-13 12:25:08.354 +0800 o.a.d.s.m.c.IdSlotBasedCommandFetcher:[67] - Fetch commands: 0 success, cost: 0ms, totalSlot: 1, currentSlotIndex: 0
[INFO] 2025-10-13 12:25:09.354 +0800 o.a.d.s.m.c.IdSlotBasedCommandFetcher:[67] - Fetch commands: 0 success, cost: 0ms, totalSlot: 1, currentSlotIndex: 0
[INFO] 2025-10-13 12:25:10.354 +0800 o.a.d.s.m.c.IdSlotBasedCommandFetcher:[67] - Fetch commands: 0 success, cost: 0ms, totalSlot: 1, currentSlotIndex: 0
[INFO] 2025-10-13 12:25:11.355 +0800 o.a.d.s.m.c.IdSlotBasedCommandFetcher:[67] - Fetch commands: 0 success, cost: 0ms, totalSlot: 1, currentSlotIndex: 0
[INFO] 2025-10-13 12:25:11.601 +0800 o.a.d.s.m.r.t.TaskGroupCoordinator:[187] - Success amend TaskGroupQueue status cost: 0/ms
[INFO] 2025-10-13 12:25:11.601 +0800 o.a.d.s.m.r.t.TaskGroupCoordinator:[241] - Success deal with force start TaskGroupQueue cost: 0/ms
[INFO] 2025-10-13 12:25:11.601 +0800 o.a.d.s.m.r.t.TaskGroupCoordinator:[129] - TaskGroupCoordinator round time cost: 0/ms
[INFO] 2025-10-13 12:25:12.355 +0800 o.a.d.s.m.c.IdSlotBasedCommandFetcher:[67] - Fetch commands: 0 success, cost: 0ms, totalSlot: 1, currentSlotIndex: 0
[INFO] 2025-10-13 12:25:13.531 +0800 o.a.d.s.m.c.IdSlotBasedCommandFetcher:[67] - Fetch commands: 0 success, cost: 1ms, totalSlot: 1, currentSlotIndex: 0
[INFO] 2025-10-13 12:25:14.532 +0800 o.a.d.s.m.c.IdSlotBasedCommandFetcher:[67] - Fetch commands: 0 success, cost: 0ms, totalSlot: 1, currentSlotIndex: 0
[INFO] 2025-10-13 12:25:15.533 +0800 o.a.d.s.m.c.IdSlotBasedCommandFetcher:[67] - Fetch commands: 0 success, cost: 0ms, totalSlot: 1, currentSlotIndex: 0
[INFO] 2025-10-13 12:25:16.534 +0800 o.a.d.s.m.c.IdSlotBasedCommandFetcher:[67] - Fetch commands: 0 success, cost: 0ms, totalSlot: 1, currentSlotIndex: 0
[INFO] 2025-10-13 12:25:16.604 +0800 o.a.d.s.m.r.t.TaskGroupCoordinator:[187] - Success amend TaskGroupQueue status cost: 0/ms
[INFO] 2025-10-13 12:25:16.606 +0800 o.a.d.s.m.r.t.TaskGroupCoordinator:[241] - Success deal with force start TaskGroupQueue cost: 0/ms
[INFO] 2025-10-13 12:25:16.606 +0800 o.a.d.s.m.r.t.TaskGroupCoordinator:[129] - TaskGroupCoordinator round time cost: 0/ms
[INFO] 2025-10-13 12:25:17.536 +0800 o.a.d.s.m.c.IdSlotBasedCommandFetcher:[67] - Fetch commands: 0 success, cost: 0ms, totalSlot: 1, currentSlotIndex: 0
[INFO] 2025-10-13 12:25:18.542 +0800 o.a.d.s.m.c.IdSlotBasedCommandFetcher:[67] - Fetch commands: 0 success, cost: 0ms, totalSlot: 1, currentSlotIndex: 0
[INFO] 2025-10-13 12:25:19.543 +0800 o.a.d.s.m.c.IdSlotBasedCommandFetcher:[67] - Fetch commands: 0 success, cost: 0ms, totalSlot: 1, currentSlotIndex: 0
[INFO] 2025-10-13 12:25:20.555 +0800 o.a.d.s.m.c.IdSlotBasedCommandFetcher:[67] - Fetch commands: 0 success, cost: 0ms, totalSlot: 1, currentSlotIndex: 0
[INFO] 2025-10-13 12:25:21.555 +0800 o.a.d.s.m.c.IdSlotBasedCommandFetcher:[67] - Fetch commands: 0 success, cost: 0ms, totalSlot: 1, currentSlotIndex: 0
[INFO] 2025-10-13 12:25:21.609 +0800 o.a.d.s.m.r.t.TaskGroupCoordinator:[187] - Success amend TaskGroupQueue status cost: 0/ms
[INFO] 2025-10-13 12:25:21.610 +0800 o.a.d.s.m.r.t.TaskGroupCoordinator:[241] - Success deal with force start TaskGroupQueue cost: 0/ms
[INFO] 2025-10-13 12:25:21.610 +0800 o.a.d.s.m.r.t.TaskGroupCoordinator:[129] - TaskGroupCoordinator round time cost: 0/ms
[INFO] 2025-10-13 12:25:22.565 +0800 o.a.d.s.m.c.IdSlotBasedCommandFetcher:[67] - Fetch commands: 0 success, cost: 0ms, totalSlot: 1, currentSlotIndex: 0
[INFO] 2025-10-13 12:25:23.565 +0800 o.a.d.s.m.c.IdSlotBasedCommandFetcher:[67] - Fetch commands: 0 success, cost: 0ms, totalSlot: 1, currentSlotIndex: 0
[INFO] 2025-10-13 12:25:24.577 +0800 o.a.d.s.m.c.IdSlotBasedCommandFetcher:[67] - Fetch commands: 0 success, cost: 0ms, totalSlot: 1, currentSlotIndex: 0
[INFO] 2025-10-13 12:25:25.577 +0800 o.a.d.s.m.c.IdSlotBasedCommandFetcher:[67] - Fetch commands: 0 success, cost: 0ms, totalSlot: 1, currentSlotIndex: 0
[INFO] 2025-10-13 12:25:26.577 +0800 o.a.d.s.m.c.IdSlotBasedCommandFetcher:[67] - Fetch commands: 0 success, cost: 0ms, totalSlot: 1, currentSlotIndex: 0
[INFO] 2025-10-13 12:25:26.617 +0800 o.a.d.s.m.r.t.TaskGroupCoordinator:[187] - Success amend TaskGroupQueue status cost: 0/ms
[INFO] 2025-10-13 12:25:26.617 +0800 o.a.d.s.m.r.t.TaskGroupCoordinator:[241] - Success deal with force start TaskGroupQueue cost: 0/ms
[INFO] 2025-10-13 12:25:26.617 +0800 o.a.d.s.m.r.t.TaskGroupCoordinator:[129] - TaskGroupCoordinator round time cost: 0/ms
[INFO] 2025-10-13 12:25:27.768 +0800 o.a.d.s.m.c.IdSlotBasedCommandFetcher:[67] - Fetch commands: 0 success, cost: 1ms, totalSlot: 1, currentSlotIndex: 0
[INFO] 2025-10-13 12:25:28.839 +0800 o.a.d.s.m.c.IdSlotBasedCommandFetcher:[67] - Fetch commands: 0 success, cost: 0ms, totalSlot: 1, currentSlotIndex: 0
[INFO] 2025-10-13 12:25:29.905 +0800 o.a.d.s.m.c.IdSlotBasedCommandFetcher:[67] - Fetch commands: 0 success, cost: 0ms, totalSlot: 1, currentSlotIndex: 0
[INFO] 2025-10-13 12:25:30.974 +0800 o.a.d.s.m.c.IdSlotBasedCommandFetcher:[67] - Fetch commands: 0 success, cost: 0ms, totalSlot: 1, currentSlotIndex: 0
[INFO] 2025-10-13 12:25:31.624 +0800 o.a.d.s.m.r.t.TaskGroupCoordinator:[187] - Success amend TaskGroupQueue status cost: 0/ms
[INFO] 2025-10-13 12:25:31.624 +0800 o.a.d.s.m.r.t.TaskGroupCoordinator:[241] - Success deal with force start TaskGroupQueue cost: 0/ms
[INFO] 2025-10-13 12:25:31.625 +0800 o.a.d.s.m.r.t.TaskGroupCoordinator:[129] - TaskGroupCoordinator round time cost: 0/ms
[INFO] 2025-10-13 12:25:32.048 +0800 o.a.d.s.m.c.IdSlotBasedCommandFetcher:[67] - Fetch commands: 0 success, cost: 0ms, totalSlot: 1, currentSlotIndex: 0
[INFO] 2025-10-13 12:25:33.124 +0800 o.a.d.s.m.c.IdSlotBasedCommandFetcher:[67] - Fetch commands: 0 success, cost: 0ms, totalSlot: 1, currentSlotIndex: 0
[INFO] 2025-10-13 12:25:34.196 +0800 o.a.d.s.m.c.IdSlotBasedCommandFetcher:[67] - Fetch commands: 0 success, cost: 0ms, totalSlot: 1, currentSlotIndex: 0
[INFO] 2025-10-13 12:25:35.273 +0800 o.a.d.s.m.c.IdSlotBasedCommandFetcher:[67] - Fetch commands: 0 success, cost: 0ms, totalSlot: 1, currentSlotIndex: 0
[INFO] 2025-10-13 12:25:36.426 +0800 o.a.d.s.m.c.IdSlotBasedCommandFetcher:[67] - Fetch commands: 0 success, cost: 0ms, totalSlot: 1, currentSlotIndex: 0
[INFO] 2025-10-13 12:25:36.629 +0800 o.a.d.s.m.r.t.TaskGroupCoordinator:[187] - Success amend TaskGroupQueue status cost: 0/ms
[INFO] 2025-10-13 12:25:36.629 +0800 o.a.d.s.m.r.t.TaskGroupCoordinator:[241] - Success deal with force start TaskGroupQueue cost: 0/ms
[INFO] 2025-10-13 12:25:36.629 +0800 o.a.d.s.m.r.t.TaskGroupCoordinator:[129] - TaskGroupCoordinator round time cost: 0/ms
[INFO] 2025-10-13 12:25:37.427 +0800 o.a.d.s.m.c.IdSlotBasedCommandFetcher:[67] - Fetch commands: 0 success, cost: 0ms, totalSlot: 1, currentSlotIndex: 0
[INFO] 2025-10-13 12:25:38.428 +0800 o.a.d.s.m.c.IdSlotBasedCommandFetcher:[67] - Fetch commands: 0 success, cost: 0ms, totalSlot: 1, currentSlotIndex: 0
[INFO] 2025-10-13 12:25:39.428 +0800 o.a.d.s.m.c.IdSlotBasedCommandFetcher:[67] - Fetch commands: 0 success, cost: 0ms, totalSlot: 1, currentSlotIndex: 0
[INFO] 2025-10-13 12:25:40.428 +0800 o.a.d.s.m.c.IdSlotBasedCommandFetcher:[67] - Fetch commands: 0 success, cost: 0ms, totalSlot: 1, currentSlotIndex: 0
[INFO] 2025-10-13 12:25:41.429 +0800 o.a.d.s.m.c.IdSlotBasedCommandFetcher:[67] - Fetch commands: 0 success, cost: 0ms, totalSlot: 1, currentSlotIndex: 0
[INFO] 2025-10-13 12:25:41.634 +0800 o.a.d.s.m.r.t.TaskGroupCoordinator:[187] - Success amend TaskGroupQueue status cost: 0/ms
[INFO] 2025-10-13 12:25:41.634 +0800 o.a.d.s.m.r.t.TaskGroupCoordinator:[241] - Success deal with force start TaskGroupQueue cost: 0/ms
[INFO] 2025-10-13 12:25:41.634 +0800 o.a.d.s.m.r.t.TaskGroupCoordinator:[129] - TaskGroupCoordinator round time cost: 0/ms
[INFO] 2025-10-13 12:25:42.429 +0800 o.a.d.s.m.c.IdSlotBasedCommandFetcher:[67] - Fetch commands: 0 success, cost: 0ms, totalSlot: 1, currentSlotIndex: 0
[INFO] 2025-10-13 12:25:43.429 +0800 o.a.d.s.m.c.IdSlotBasedCommandFetcher:[67] - Fetch commands: 0 success, cost: 0ms, totalSlot: 1, currentSlotIndex: 0
[INFO] 2025-10-13 12:25:44.430 +0800 o.a.d.s.m.c.IdSlotBasedCommandFetcher:[67] - Fetch commands: 0 success, cost: 0ms, totalSlot: 1, currentSlotIndex: 0
[INFO] 2025-10-13 12:25:45.431 +0800 o.a.d.s.m.c.IdSlotBasedCommandFetcher:[67] - Fetch commands: 0 success, cost: 0ms, totalSlot: 1, currentSlotIndex: 0
[INFO] 2025-10-13 12:25:46.431 +0800 o.a.d.s.m.c.IdSlotBasedCommandFetcher:[67] - Fetch commands: 0 success, cost: 0ms, totalSlot: 1, currentSlotIndex: 0
[INFO] 2025-10-13 12:25:46.647 +0800 o.a.d.s.m.r.t.TaskGroupCoordinator:[187] - Success amend TaskGroupQueue status cost: 0/ms
[INFO] 2025-10-13 12:25:46.648 +0800 o.a.d.s.m.r.t.TaskGroupCoordinator:[241] - Success deal with force start TaskGroupQueue cost: 0/ms
[INFO] 2025-10-13 12:25:46.648 +0800 o.a.d.s.m.r.t.TaskGroupCoordinator:[129] - TaskGroupCoordinator round time cost: 0/ms
[INFO] 2025-10-13 12:25:47.431 +0800 o.a.d.s.m.c.IdSlotBasedCommandFetcher:[67] - Fetch commands: 0 success, cost: 0ms, totalSlot: 1, currentSlotIndex: 0
[INFO] 2025-10-13 12:25:48.441 +0800 o.a.d.s.m.c.IdSlotBasedCommandFetcher:[67] - Fetch commands: 0 success, cost: 0ms, totalSlot: 1, currentSlotIndex: 0
[INFO] 2025-10-13 12:25:49.442 +0800 o.a.d.s.m.c.IdSlotBasedCommandFetcher:[67] - Fetch commands: 0 success, cost: 0ms, totalSlot: 1, currentSlotIndex: 0
[INFO] 2025-10-13 12:25:50.589 +0800 o.a.d.s.m.c.IdSlotBasedCommandFetcher:[67] - Fetch commands: 0 success, cost: 0ms, totalSlot: 1, currentSlotIndex: 0
[INFO] 2025-10-13 12:25:51.651 +0800 o.a.d.s.m.r.t.TaskGroupCoordinator:[187] - Success amend TaskGroupQueue status cost: 0/ms
[INFO] 2025-10-13 12:25:51.652 +0800 o.a.d.s.m.r.t.TaskGroupCoordinator:[241] - Success deal with force start TaskGroupQueue cost: 0/ms
[INFO] 2025-10-13 12:25:51.652 +0800 o.a.d.s.m.r.t.TaskGroupCoordinator:[129] - TaskGroupCoordinator round time cost: 0/ms
[INFO] 2025-10-13 12:25:51.669 +0800 o.a.d.s.m.c.IdSlotBasedCommandFetcher:[67] - Fetch commands: 0 success, cost: 0ms, totalSlot: 1, currentSlotIndex: 0
[INFO] 2025-10-13 12:25:52.743 +0800 o.a.d.s.m.c.IdSlotBasedCommandFetcher:[67] - Fetch commands: 0 success, cost: 1ms, totalSlot: 1, currentSlotIndex: 0
[INFO] 2025-10-13 12:25:53.906 +0800 o.a.d.s.m.c.IdSlotBasedCommandFetcher:[67] - Fetch commands: 0 success, cost: 0ms, totalSlot: 1, currentSlotIndex: 0
[INFO] 2025-10-13 12:25:54.907 +0800 o.a.d.s.m.c.IdSlotBasedCommandFetcher:[67] - Fetch commands: 0 success, cost: 0ms, totalSlot: 1, currentSlotIndex: 0
[INFO] 2025-10-13 12:25:55.909 +0800 o.a.d.s.m.c.IdSlotBasedCommandFetcher:[67] - Fetch commands: 0 success, cost: 0ms, totalSlot: 1, currentSlotIndex: 0
[INFO] 2025-10-13 12:25:56.656 +0800 o.a.d.s.m.r.t.TaskGroupCoordinator:[187] - Success amend TaskGroupQueue status cost: 0/ms
[INFO] 2025-10-13 12:25:56.657 +0800 o.a.d.s.m.r.t.TaskGroupCoordinator:[241] - Success deal with force start TaskGroupQueue cost: 0/ms
[INFO] 2025-10-13 12:25:56.657 +0800 o.a.d.s.m.r.t.TaskGroupCoordinator:[129] - TaskGroupCoordinator round time cost: 0/ms
[INFO] 2025-10-13 12:25:56.910 +0800 o.a.d.s.m.c.IdSlotBasedCommandFetcher:[67] - Fetch commands: 0 success, cost: 0ms, totalSlot: 1, currentSlotIndex: 0
[INFO] 2025-10-13 12:25:57.910 +0800 o.a.d.s.m.c.IdSlotBasedCommandFetcher:[67] - Fetch commands: 0 success, cost: 0ms, totalSlot: 1, currentSlotIndex: 0
[INFO] 2025-10-13 12:25:58.911 +0800 o.a.d.s.m.c.IdSlotBasedCommandFetcher:[67] - Fetch commands: 0 success, cost: 0ms, totalSlot: 1, currentSlotIndex: 0
[INFO] 2025-10-13 12:25:59.912 +0800 o.a.d.s.m.c.IdSlotBasedCommandFetcher:[67] - Fetch commands: 0 success, cost: 0ms, totalSlot: 1, currentSlotIndex: 0
[INFO] 2025-10-13 12:26:00.912 +0800 o.a.d.s.m.c.IdSlotBasedCommandFetcher:[67] - Fetch commands: 0 success, cost: 0ms, totalSlot: 1, currentSlotIndex: 0
[INFO] 2025-10-13 12:26:01.666 +0800 o.a.d.s.m.r.t.TaskGroupCoordinator:[187] - Success amend TaskGroupQueue status cost: 0/ms
[INFO] 2025-10-13 12:26:01.666 +0800 o.a.d.s.m.r.t.TaskGroupCoordinator:[241] - Success deal with force start TaskGroupQueue cost: 0/ms
[INFO] 2025-10-13 12:26:01.666 +0800 o.a.d.s.m.r.t.TaskGroupCoordinator:[129] - TaskGroupCoordinator round time cost: 0/ms
[INFO] 2025-10-13 12:26:01.914 +0800 o.a.d.s.m.c.IdSlotBasedCommandFetcher:[67] - Fetch commands: 0 success, cost: 0ms, totalSlot: 1, currentSlotIndex: 0
[INFO] 2025-10-13 12:26:02.915 +0800 o.a.d.s.m.c.IdSlotBasedCommandFetcher:[67] - Fetch commands: 0 success, cost: 0ms, totalSlot: 1, currentSlotIndex: 0
[INFO] 2025-10-13 12:26:03.916 +0800 o.a.d.s.m.c.IdSlotBasedCommandFetcher:[67] - Fetch commands: 0 success, cost: 0ms, totalSlot: 1, currentSlotIndex: 0
[INFO] 2025-10-13 12:26:04.916 +0800 o.a.d.s.m.c.IdSlotBasedCommandFetcher:[67] - Fetch commands: 0 success, cost: 0ms, totalSlot: 1, currentSlotIndex: 0
[INFO] 2025-10-13 12:26:05.916 +0800 o.a.d.s.m.c.IdSlotBasedCommandFetcher:[67] - Fetch commands: 0 success, cost: 0ms, totalSlot: 1, currentSlotIndex: 0
[INFO] 2025-10-13 12:26:06.671 +0800 o.a.d.s.m.r.t.TaskGroupCoordinator:[187] - Success amend TaskGroupQueue status cost: 0/ms
[INFO] 2025-10-13 12:26:06.671 +0800 o.a.d.s.m.r.t.TaskGroupCoordinator:[241] - Success deal with force start TaskGroupQueue cost: 0/ms
[INFO] 2025-10-13 12:26:06.671 +0800 o.a.d.s.m.r.t.TaskGroupCoordinator:[129] - TaskGroupCoordinator round time cost: 0/ms
[INFO] 2025-10-13 12:26:07.029 +0800 o.a.d.s.m.c.IdSlotBasedCommandFetcher:[67] - Fetch commands: 0 success, cost: 0ms, totalSlot: 1, currentSlotIndex: 0
[INFO] 2025-10-13 12:26:08.107 +0800 o.a.d.s.m.c.IdSlotBasedCommandFetcher:[67] - Fetch commands: 0 success, cost: 0ms, totalSlot: 1, currentSlotIndex: 0
[INFO] 2025-10-13 12:26:09.185 +0800 o.a.d.s.m.c.IdSlotBasedCommandFetcher:[67] - Fetch commands: 0 success, cost: 0ms, totalSlot: 1, currentSlotIndex: 0
[INFO] 2025-10-13 12:26:10.269 +0800 o.a.d.s.m.c.IdSlotBasedCommandFetcher:[67] - Fetch commands: 0 success, cost: 0ms, totalSlot: 1, currentSlotIndex: 0
[INFO] 2025-10-13 12:26:11.342 +0800 o.a.d.s.m.c.IdSlotBasedCommandFetcher:[67] - Fetch commands: 0 success, cost: 0ms, totalSlot: 1, currentSlotIndex: 0
[INFO] 2025-10-13 12:26:11.676 +0800 o.a.d.s.m.r.t.TaskGroupCoordinator:[187] - Success amend TaskGroupQueue status cost: 0/ms
[INFO] 2025-10-13 12:26:11.676 +0800 o.a.d.s.m.r.t.TaskGroupCoordinator:[241] - Success deal with force start TaskGroupQueue cost: 0/ms
[INFO] 2025-10-13 12:26:11.676 +0800 o.a.d.s.m.r.t.TaskGroupCoordinator:[129] - TaskGroupCoordinator round time cost: 0/ms
[INFO] 2025-10-13 12:26:12.426 +0800 o.a.d.s.m.c.IdSlotBasedCommandFetcher:[67] - Fetch commands: 0 success, cost: 0ms, totalSlot: 1, currentSlotIndex: 0
[INFO] 2025-10-13 12:26:13.499 +0800 o.a.d.s.m.c.IdSlotBasedCommandFetcher:[67] - Fetch commands: 0 success, cost: 0ms, totalSlot: 1, currentSlotIndex: 0
[INFO] 2025-10-13 12:26:14.568 +0800 o.a.d.s.m.c.IdSlotBasedCommandFetcher:[67] - Fetch commands: 0 success, cost: 0ms, totalSlot: 1, currentSlotIndex: 0
[INFO] 2025-10-13 12:26:15.643 +0800 o.a.d.s.m.c.IdSlotBasedCommandFetcher:[67] - Fetch commands: 0 success, cost: 0ms, totalSlot: 1, currentSlotIndex: 0
[INFO] 2025-10-13 12:26:16.681 +0800 o.a.d.s.m.r.t.TaskGroupCoordinator:[187] - Success amend TaskGroupQueue status cost: 0/ms
[INFO] 2025-10-13 12:26:16.682 +0800 o.a.d.s.m.r.t.TaskGroupCoordinator:[241] - Success deal with force start TaskGroupQueue cost: 0/ms
[INFO] 2025-10-13 12:26:16.682 +0800 o.a.d.s.m.r.t.TaskGroupCoordinator:[129] - TaskGroupCoordinator round time cost: 0/ms
[INFO] 2025-10-13 12:26:16.715 +0800 o.a.d.s.m.c.IdSlotBasedCommandFetcher:[67] - Fetch commands: 0 success, cost: 0ms, totalSlot: 1, currentSlotIndex: 0
[INFO] 2025-10-13 12:26:17.818 +0800 o.a.d.s.m.c.IdSlotBasedCommandFetcher:[67] - Fetch commands: 0 success, cost: 0ms, totalSlot: 1, currentSlotIndex: 0
[INFO] 2025-10-13 12:26:18.818 +0800 o.a.d.s.m.c.IdSlotBasedCommandFetcher:[67] - Fetch commands: 0 success, cost: 0ms, totalSlot: 1, currentSlotIndex: 0
[INFO] 2025-10-13 12:26:19.833 +0800 o.a.d.s.m.c.IdSlotBasedCommandFetcher:[67] - Fetch commands: 0 success, cost: 0ms, totalSlot: 1, currentSlotIndex: 0
[INFO] 2025-10-13 12:26:20.834 +0800 o.a.d.s.m.c.IdSlotBasedCommandFetcher:[67] - Fetch commands: 0 success, cost: 0ms, totalSlot: 1, currentSlotIndex: 0
[INFO] 2025-10-13 12:26:21.685 +0800 o.a.d.s.m.r.t.TaskGroupCoordinator:[187] - Success amend TaskGroupQueue status cost: 0/ms
[INFO] 2025-10-13 12:26:21.686 +0800 o.a.d.s.m.r.t.TaskGroupCoordinator:[241] - Success deal with force start TaskGroupQueue cost: 0/ms
[INFO] 2025-10-13 12:26:21.686 +0800 o.a.d.s.m.r.t.TaskGroupCoordinator:[129] - TaskGroupCoordinator round time cost: 0/ms
[INFO] 2025-10-13 12:26:21.846 +0800 o.a.d.s.m.c.IdSlotBasedCommandFetcher:[67] - Fetch commands: 0 success, cost: 0ms, totalSlot: 1, currentSlotIndex: 0
[INFO] 2025-10-13 12:26:22.847 +0800 o.a.d.s.m.c.IdSlotBasedCommandFetcher:[67] - Fetch commands: 0 success, cost: 0ms, totalSlot: 1, currentSlotIndex: 0
[INFO] 2025-10-13 12:26:23.847 +0800 o.a.d.s.m.c.IdSlotBasedCommandFetcher:[67] - Fetch commands: 0 success, cost: 0ms, totalSlot: 1, currentSlotIndex: 0
[INFO] 2025-10-13 12:26:24.847 +0800 o.a.d.s.m.c.IdSlotBasedCommandFetcher:[67] - Fetch commands: 0 success, cost: 0ms, totalSlot: 1, currentSlotIndex: 0
[INFO] 2025-10-13 12:26:25.858 +0800 o.a.d.s.m.c.IdSlotBasedCommandFetcher:[67] - Fetch commands: 0 success, cost: 0ms, totalSlot: 1, currentSlotIndex: 0
[INFO] 2025-10-13 12:26:26.697 +0800 o.a.d.s.m.r.t.TaskGroupCoordinator:[187] - Success amend TaskGroupQueue status cost: 0/ms
[INFO] 2025-10-13 12:26:26.697 +0800 o.a.d.s.m.r.t.TaskGroupCoordinator:[241] - Success deal with force start TaskGroupQueue cost: 0/ms
[INFO] 2025-10-13 12:26:26.697 +0800 o.a.d.s.m.r.t.TaskGroupCoordinator:[129] - TaskGroupCoordinator round time cost: 0/ms
[INFO] 2025-10-13 12:26:26.859 +0800 o.a.d.s.m.c.IdSlotBasedCommandFetcher:[67] - Fetch commands: 0 success, cost: 0ms, totalSlot: 1, currentSlotIndex: 0
[INFO] 2025-10-13 12:26:27.869 +0800 o.a.d.s.m.c.IdSlotBasedCommandFetcher:[67] - Fetch commands: 0 success, cost: 0ms, totalSlot: 1, currentSlotIndex: 0
[INFO] 2025-10-13 12:26:28.869 +0800 o.a.d.s.m.c.IdSlotBasedCommandFetcher:[67] - Fetch commands: 0 success, cost: 0ms, totalSlot: 1, currentSlotIndex: 0
[INFO] 2025-10-13 12:26:29.870 +0800 o.a.d.s.m.c.IdSlotBasedCommandFetcher:[67] - Fetch commands: 0 success, cost: 0ms, totalSlot: 1, currentSlotIndex: 0
[INFO] 2025-10-13 12:26:30.870 +0800 o.a.d.s.m.c.IdSlotBasedCommandFetcher:[67] - Fetch commands: 0 success, cost: 0ms, totalSlot: 1, currentSlotIndex: 0
[INFO] 2025-10-13 12:26:31.720 +0800 o.a.d.s.m.r.t.TaskGroupCoordinator:[187] - Success amend TaskGroupQueue status cost: 0/ms
[INFO] 2025-10-13 12:26:31.721 +0800 o.a.d.s.m.r.t.TaskGroupCoordinator:[241] - Success deal with force start TaskGroupQueue cost: 0/ms
[INFO] 2025-10-13 12:26:31.721 +0800 o.a.d.s.m.r.t.TaskGroupCoordinator:[129] - TaskGroupCoordinator round time cost: 0/ms
[INFO] 2025-10-13 12:26:32.009 +0800 o.a.d.s.m.c.IdSlotBasedCommandFetcher:[67] - Fetch commands: 0 success, cost: 1ms, totalSlot: 1, currentSlotIndex: 0
[INFO] 2025-10-13 12:26:33.142 +0800 o.a.d.s.m.c.IdSlotBasedCommandFetcher:[67] - Fetch commands: 0 success, cost: 0ms, totalSlot: 1, currentSlotIndex: 0
[INFO] 2025-10-13 12:26:34.143 +0800 o.a.d.s.m.c.IdSlotBasedCommandFetcher:[67] - Fetch commands: 0 success, cost: 0ms, totalSlot: 1, currentSlotIndex: 0
[INFO] 2025-10-13 12:26:35.143 +0800 o.a.d.s.m.c.IdSlotBasedCommandFetcher:[67] - Fetch commands: 0 success, cost: 0ms, totalSlot: 1, currentSlotIndex: 0
[INFO] 2025-10-13 12:26:36.144 +0800 o.a.d.s.m.c.IdSlotBasedCommandFetcher:[67] - Fetch commands: 0 success, cost: 0ms, totalSlot: 1, currentSlotIndex: 0
[INFO] 2025-10-13 12:26:36.724 +0800 o.a.d.s.m.r.t.TaskGroupCoordinator:[187] - Success amend TaskGroupQueue status cost: 0/ms
[INFO] 2025-10-13 12:26:36.724 +0800 o.a.d.s.m.r.t.TaskGroupCoordinator:[241] - Success deal with force start TaskGroupQueue cost: 0/ms
[INFO] 2025-10-13 12:26:36.724 +0800 o.a.d.s.m.r.t.TaskGroupCoordinator:[129] - TaskGroupCoordinator round time cost: 0/ms
[INFO] 2025-10-13 12:26:37.144 +0800 o.a.d.s.m.c.IdSlotBasedCommandFetcher:[67] - Fetch commands: 0 success, cost: 0ms, totalSlot: 1, currentSlotIndex: 0
[INFO] 2025-10-13 12:26:38.144 +0800 o.a.d.s.m.c.IdSlotBasedCommandFetcher:[67] - Fetch commands: 0 success, cost: 0ms, totalSlot: 1, currentSlotIndex: 0
[INFO] 2025-10-13 12:26:39.144 +0800 o.a.d.s.m.c.IdSlotBasedCommandFetcher:[67] - Fetch commands: 0 success, cost: 0ms, totalSlot: 1, currentSlotIndex: 0
[INFO] 2025-10-13 12:26:40.159 +0800 o.a.d.s.m.c.IdSlotBasedCommandFetcher:[67] - Fetch commands: 0 success, cost: 0ms, totalSlot: 1, currentSlotIndex: 0
[INFO] 2025-10-13 12:26:41.159 +0800 o.a.d.s.m.c.IdSlotBasedCommandFetcher:[67] - Fetch commands: 0 success, cost: 0ms, totalSlot: 1, currentSlotIndex: 0
[INFO] 2025-10-13 12:26:41.729 +0800 o.a.d.s.m.r.t.TaskGroupCoordinator:[187] - Success amend TaskGroupQueue status cost: 0/ms
[INFO] 2025-10-13 12:26:41.729 +0800 o.a.d.s.m.r.t.TaskGroupCoordinator:[241] - Success deal with force start TaskGroupQueue cost: 0/ms
[INFO] 2025-10-13 12:26:41.730 +0800 o.a.d.s.m.r.t.TaskGroupCoordinator:[129] - TaskGroupCoordinator round time cost: 0/ms
[INFO] 2025-10-13 12:26:42.159 +0800 o.a.d.s.m.c.IdSlotBasedCommandFetcher:[67] - Fetch commands: 0 success, cost: 0ms, totalSlot: 1, currentSlotIndex: 0
[INFO] 2025-10-13 12:26:43.172 +0800 o.a.d.s.m.c.IdSlotBasedCommandFetcher:[67] - Fetch commands: 0 success, cost: 0ms, totalSlot: 1, currentSlotIndex: 0
[INFO] 2025-10-13 12:26:44.172 +0800 o.a.d.s.m.c.IdSlotBasedCommandFetcher:[67] - Fetch commands: 0 success, cost: 0ms, totalSlot: 1, currentSlotIndex: 0
[INFO] 2025-10-13 12:26:45.178 +0800 o.a.d.s.m.c.IdSlotBasedCommandFetcher:[67] - Fetch commands: 0 success, cost: 0ms, totalSlot: 1, currentSlotIndex: 0
[INFO] 2025-10-13 12:26:46.186 +0800 o.a.d.s.m.c.IdSlotBasedCommandFetcher:[67] - Fetch commands: 0 success, cost: 0ms, totalSlot: 1, currentSlotIndex: 0
[INFO] 2025-10-13 12:26:46.743 +0800 o.a.d.s.m.r.t.TaskGroupCoordinator:[187] - Success amend TaskGroupQueue status cost: 0/ms
[INFO] 2025-10-13 12:26:46.743 +0800 o.a.d.s.m.r.t.TaskGroupCoordinator:[241] - Success deal with force start TaskGroupQueue cost: 0/ms
[INFO] 2025-10-13 12:26:46.743 +0800 o.a.d.s.m.r.t.TaskGroupCoordinator:[129] - TaskGroupCoordinator round time cost: 0/ms
[INFO] 2025-10-13 12:26:47.417 +0800 o.a.d.s.m.c.IdSlotBasedCommandFetcher:[67] - Fetch commands: 0 success, cost: 0ms, totalSlot: 1, currentSlotIndex: 0
[INFO] 2025-10-13 12:26:48.417 +0800 o.a.d.s.m.c.IdSlotBasedCommandFetcher:[67] - Fetch commands: 0 success, cost: 0ms, totalSlot: 1, currentSlotIndex: 0
[INFO] 2025-10-13 12:26:49.417 +0800 o.a.d.s.m.c.IdSlotBasedCommandFetcher:[67] - Fetch commands: 0 success, cost: 0ms, totalSlot: 1, currentSlotIndex: 0
[INFO] 2025-10-13 12:26:50.419 +0800 o.a.d.s.m.c.IdSlotBasedCommandFetcher:[67] - Fetch commands: 0 success, cost: 0ms, totalSlot: 1, currentSlotIndex: 0
[INFO] 2025-10-13 12:26:51.419 +0800 o.a.d.s.m.c.IdSlotBasedCommandFetcher:[67] - Fetch commands: 0 success, cost: 0ms, totalSlot: 1, currentSlotIndex: 0
[INFO] 2025-10-13 12:26:51.746 +0800 o.a.d.s.m.r.t.TaskGroupCoordinator:[187] - Success amend TaskGroupQueue status cost: 0/ms
[INFO] 2025-10-13 12:26:51.748 +0800 o.a.d.s.m.r.t.TaskGroupCoordinator:[241] - Success deal with force start TaskGroupQueue cost: 0/ms
[INFO] 2025-10-13 12:26:51.748 +0800 o.a.d.s.m.r.t.TaskGroupCoordinator:[129] - TaskGroupCoordinator round time cost: 0/ms
[INFO] 2025-10-13 12:26:52.420 +0800 o.a.d.s.m.c.IdSlotBasedCommandFetcher:[67] - Fetch commands: 0 success, cost: 0ms, totalSlot: 1, currentSlotIndex: 0
[INFO] 2025-10-13 12:26:53.421 +0800 o.a.d.s.m.c.IdSlotBasedCommandFetcher:[67] - Fetch commands: 0 success, cost: 0ms, totalSlot: 1, currentSlotIndex: 0
[INFO] 2025-10-13 12:26:54.421 +0800 o.a.d.s.m.c.IdSlotBasedCommandFetcher:[67] - Fetch commands: 0 success, cost: 0ms, totalSlot: 1, currentSlotIndex: 0
[INFO] 2025-10-13 12:26:55.422 +0800 o.a.d.s.m.c.IdSlotBasedCommandFetcher:[67] - Fetch commands: 0 success, cost: 0ms, totalSlot: 1, currentSlotIndex: 0
[INFO] 2025-10-13 12:26:56.422 +0800 o.a.d.s.m.c.IdSlotBasedCommandFetcher:[67] - Fetch commands: 0 success, cost: 0ms, totalSlot: 1, currentSlotIndex: 0
[INFO] 2025-10-13 12:26:56.756 +0800 o.a.d.s.m.r.t.TaskGroupCoordinator:[187] - Success amend TaskGroupQueue status cost: 0/ms
[INFO] 2025-10-13 12:26:56.757 +0800 o.a.d.s.m.r.t.TaskGroupCoordinator:[241] - Success deal with force start TaskGroupQueue cost: 0/ms
[INFO] 2025-10-13 12:26:56.757 +0800 o.a.d.s.m.r.t.TaskGroupCoordinator:[129] - TaskGroupCoordinator round time cost: 0/ms
[INFO] 2025-10-13 12:26:57.423 +0800 o.a.d.s.m.c.IdSlotBasedCommandFetcher:[67] - Fetch commands: 0 success, cost: 0ms, totalSlot: 1, currentSlotIndex: 0
[INFO] 2025-10-13 12:26:58.423 +0800 o.a.d.s.m.c.IdSlotBasedCommandFetcher:[67] - Fetch commands: 0 success, cost: 0ms, totalSlot: 1, currentSlotIndex: 0
[INFO] 2025-10-13 12:26:59.424 +0800 o.a.d.s.m.c.IdSlotBasedCommandFetcher:[67] - Fetch commands: 0 success, cost: 0ms, totalSlot: 1, currentSlotIndex: 0
[INFO] 2025-10-13 12:27:00.433 +0800 o.a.d.s.m.c.IdSlotBasedCommandFetcher:[67] - Fetch commands: 0 success, cost: 0ms, totalSlot: 1, currentSlotIndex: 0
[INFO] 2025-10-13 12:27:01.654 +0800 o.a.d.s.m.c.IdSlotBasedCommandFetcher:[67] - Fetch commands: 0 success, cost: 0ms, totalSlot: 1, currentSlotIndex: 0
[INFO] 2025-10-13 12:27:01.766 +0800 o.a.d.s.m.r.t.TaskGroupCoordinator:[187] - Success amend TaskGroupQueue status cost: 0/ms
[INFO] 2025-10-13 12:27:01.766 +0800 o.a.d.s.m.r.t.TaskGroupCoordinator:[241] - Success deal with force start TaskGroupQueue cost: 0/ms
[INFO] 2025-10-13 12:27:01.766 +0800 o.a.d.s.m.r.t.TaskGroupCoordinator:[129] - TaskGroupCoordinator round time cost: 0/ms
[INFO] 2025-10-13 12:27:02.730 +0800 o.a.d.s.m.c.IdSlotBasedCommandFetcher:[67] - Fetch commands: 0 success, cost: 0ms, totalSlot: 1, currentSlotIndex: 0
[INFO] 2025-10-13 12:27:03.805 +0800 o.a.d.s.m.c.IdSlotBasedCommandFetcher:[67] - Fetch commands: 0 success, cost: 0ms, totalSlot: 1, currentSlotIndex: 0
[INFO] 2025-10-13 12:27:04.877 +0800 o.a.d.s.m.c.IdSlotBasedCommandFetcher:[67] - Fetch commands: 0 success, cost: 0ms, totalSlot: 1, currentSlotIndex: 0
[INFO] 2025-10-13 12:27:05.960 +0800 o.a.d.s.m.c.IdSlotBasedCommandFetcher:[67] - Fetch commands: 0 success, cost: 0ms, totalSlot: 1, currentSlotIndex: 0
[INFO] 2025-10-13 12:27:06.777 +0800 o.a.d.s.m.r.t.TaskGroupCoordinator:[187] - Success amend TaskGroupQueue status cost: 0/ms
[INFO] 2025-10-13 12:27:06.777 +0800 o.a.d.s.m.r.t.TaskGroupCoordinator:[241] - Success deal with force start TaskGroupQueue cost: 0/ms
[INFO] 2025-10-13 12:27:06.777 +0800 o.a.d.s.m.r.t.TaskGroupCoordinator:[129] - TaskGroupCoordinator round time cost: 0/ms
[INFO] 2025-10-13 12:27:07.032 +0800 o.a.d.s.m.c.IdSlotBasedCommandFetcher:[67] - Fetch commands: 0 success, cost: 0ms, totalSlot: 1, currentSlotIndex: 0
[INFO] 2025-10-13 12:27:08.117 +0800 o.a.d.s.m.c.IdSlotBasedCommandFetcher:[67] - Fetch commands: 0 success, cost: 0ms, totalSlot: 1, currentSlotIndex: 0
[INFO] 2025-10-13 12:27:09.187 +0800 o.a.d.s.m.c.IdSlotBasedCommandFetcher:[67] - Fetch commands: 0 success, cost: 0ms, totalSlot: 1, currentSlotIndex: 0
[INFO] 2025-10-13 12:27:10.301 +0800 o.a.d.s.m.c.IdSlotBasedCommandFetcher:[67] - Fetch commands: 0 success, cost: 0ms, totalSlot: 1, currentSlotIndex: 0
[INFO] 2025-10-13 12:27:11.301 +0800 o.a.d.s.m.c.IdSlotBasedCommandFetcher:[67] - Fetch commands: 0 success, cost: 0ms, totalSlot: 1, currentSlotIndex: 0
[INFO] 2025-10-13 12:27:11.781 +0800 o.a.d.s.m.r.t.TaskGroupCoordinator:[187] - Success amend TaskGroupQueue status cost: 0/ms
[INFO] 2025-10-13 12:27:11.782 +0800 o.a.d.s.m.r.t.TaskGroupCoordinator:[241] - Success deal with force start TaskGroupQueue cost: 0/ms
[INFO] 2025-10-13 12:27:11.782 +0800 o.a.d.s.m.r.t.TaskGroupCoordinator:[129] - TaskGroupCoordinator round time cost: 0/ms
[INFO] 2025-10-13 12:27:12.302 +0800 o.a.d.s.m.c.IdSlotBasedCommandFetcher:[67] - Fetch commands: 0 success, cost: 0ms, totalSlot: 1, currentSlotIndex: 0
[INFO] 2025-10-13 12:27:13.302 +0800 o.a.d.s.m.c.IdSlotBasedCommandFetcher:[67] - Fetch commands: 0 success, cost: 0ms, totalSlot: 1, currentSlotIndex: 0
[INFO] 2025-10-13 12:27:14.303 +0800 o.a.d.s.m.c.IdSlotBasedCommandFetcher:[67] - Fetch commands: 0 success, cost: 0ms, totalSlot: 1, currentSlotIndex: 0
[INFO] 2025-10-13 12:27:15.303 +0800 o.a.d.s.m.c.IdSlotBasedCommandFetcher:[67] - Fetch commands: 0 success, cost: 0ms, totalSlot: 1, currentSlotIndex: 0
[INFO] 2025-10-13 12:27:16.304 +0800 o.a.d.s.m.c.IdSlotBasedCommandFetcher:[67] - Fetch commands: 0 success, cost: 0ms, totalSlot: 1, currentSlotIndex: 0
[INFO] 2025-10-13 12:27:16.787 +0800 o.a.d.s.m.r.t.TaskGroupCoordinator:[187] - Success amend TaskGroupQueue status cost: 0/ms
[INFO] 2025-10-13 12:27:16.787 +0800 o.a.d.s.m.r.t.TaskGroupCoordinator:[241] - Success deal with force start TaskGroupQueue cost: 0/ms
[INFO] 2025-10-13 12:27:16.787 +0800 o.a.d.s.m.r.t.TaskGroupCoordinator:[129] - TaskGroupCoordinator round time cost: 0/ms
[INFO] 2025-10-13 12:27:17.305 +0800 o.a.d.s.m.c.IdSlotBasedCommandFetcher:[67] - Fetch commands: 0 success, cost: 0ms, totalSlot: 1, currentSlotIndex: 0
[INFO] 2025-10-13 12:27:18.305 +0800 o.a.d.s.m.c.IdSlotBasedCommandFetcher:[67] - Fetch commands: 0 success, cost: 0ms, totalSlot: 1, currentSlotIndex: 0
[INFO] 2025-10-13 12:27:19.305 +0800 o.a.d.s.m.c.IdSlotBasedCommandFetcher:[67] - Fetch commands: 0 success, cost: 0ms, totalSlot: 1, currentSlotIndex: 0
[INFO] 2025-10-13 12:27:20.305 +0800 o.a.d.s.m.c.IdSlotBasedCommandFetcher:[67] - Fetch commands: 0 success, cost: 0ms, totalSlot: 1, currentSlotIndex: 0
[INFO] 2025-10-13 12:27:21.306 +0800 o.a.d.s.m.c.IdSlotBasedCommandFetcher:[67] - Fetch commands: 0 success, cost: 0ms, totalSlot: 1, currentSlotIndex: 0
[INFO] 2025-10-13 12:27:21.791 +0800 o.a.d.s.m.r.t.TaskGroupCoordinator:[187] - Success amend TaskGroupQueue status cost: 0/ms
[INFO] 2025-10-13 12:27:21.791 +0800 o.a.d.s.m.r.t.TaskGroupCoordinator:[241] - Success deal with force start TaskGroupQueue cost: 0/ms
[INFO] 2025-10-13 12:27:21.791 +0800 o.a.d.s.m.r.t.TaskGroupCoordinator:[129] - TaskGroupCoordinator round time cost: 0/ms
[INFO] 2025-10-13 12:27:22.306 +0800 o.a.d.s.m.c.IdSlotBasedCommandFetcher:[67] - Fetch commands: 0 success, cost: 0ms, totalSlot: 1, currentSlotIndex: 0
[INFO] 2025-10-13 12:27:23.447 +0800 o.a.d.s.m.c.IdSlotBasedCommandFetcher:[67] - Fetch commands: 0 success, cost: 0ms, totalSlot: 1, currentSlotIndex: 0
[INFO] 2025-10-13 12:27:24.521 +0800 o.a.d.s.m.c.IdSlotBasedCommandFetcher:[67] - Fetch commands: 0 success, cost: 1ms, totalSlot: 1, currentSlotIndex: 0
[INFO] 2025-10-13 12:27:25.592 +0800 o.a.d.s.m.c.IdSlotBasedCommandFetcher:[67] - Fetch commands: 0 success, cost: 0ms, totalSlot: 1, currentSlotIndex: 0
[INFO] 2025-10-13 12:27:26.663 +0800 o.a.d.s.m.c.IdSlotBasedCommandFetcher:[67] - Fetch commands: 0 success, cost: 0ms, totalSlot: 1, currentSlotIndex: 0
[INFO] 2025-10-13 12:27:26.797 +0800 o.a.d.s.m.r.t.TaskGroupCoordinator:[187] - Success amend TaskGroupQueue status cost: 0/ms
[INFO] 2025-10-13 12:27:26.797 +0800 o.a.d.s.m.r.t.TaskGroupCoordinator:[241] - Success deal with force start TaskGroupQueue cost: 0/ms
[INFO] 2025-10-13 12:27:26.798 +0800 o.a.d.s.m.r.t.TaskGroupCoordinator:[129] - TaskGroupCoordinator round time cost: 0/ms
[INFO] 2025-10-13 12:27:27.738 +0800 o.a.d.s.m.c.IdSlotBasedCommandFetcher:[67] - Fetch commands: 0 success, cost: 0ms, totalSlot: 1, currentSlotIndex: 0
[INFO] 2025-10-13 12:27:28.812 +0800 o.a.d.s.m.c.IdSlotBasedCommandFetcher:[67] - Fetch commands: 0 success, cost: 0ms, totalSlot: 1, currentSlotIndex: 0
[INFO] 2025-10-13 12:27:29.981 +0800 o.a.d.s.m.c.IdSlotBasedCommandFetcher:[67] - Fetch commands: 0 success, cost: 0ms, totalSlot: 1, currentSlotIndex: 0
[INFO] 2025-10-13 12:27:30.982 +0800 o.a.d.s.m.c.IdSlotBasedCommandFetcher:[67] - Fetch commands: 0 success, cost: 0ms, totalSlot: 1, currentSlotIndex: 0
[INFO] 2025-10-13 12:27:31.802 +0800 o.a.d.s.m.r.t.TaskGroupCoordinator:[187] - Success amend TaskGroupQueue status cost: 0/ms
[INFO] 2025-10-13 12:27:31.802 +0800 o.a.d.s.m.r.t.TaskGroupCoordinator:[241] - Success deal with force start TaskGroupQueue cost: 0/ms
[INFO] 2025-10-13 12:27:31.802 +0800 o.a.d.s.m.r.t.TaskGroupCoordinator:[129] - TaskGroupCoordinator round time cost: 0/ms
[INFO] 2025-10-13 12:27:31.995 +0800 o.a.d.s.m.c.IdSlotBasedCommandFetcher:[67] - Fetch commands: 0 success, cost: 0ms, totalSlot: 1, currentSlotIndex: 0
[INFO] 2025-10-13 12:27:32.995 +0800 o.a.d.s.m.c.IdSlotBasedCommandFetcher:[67] - Fetch commands: 0 success, cost: 0ms, totalSlot: 1, currentSlotIndex: 0
[INFO] 2025-10-13 12:27:33.997 +0800 o.a.d.s.m.c.IdSlotBasedCommandFetcher:[67] - Fetch commands: 0 success, cost: 0ms, totalSlot: 1, currentSlotIndex: 0
[INFO] 2025-10-13 12:27:34.998 +0800 o.a.d.s.m.c.IdSlotBasedCommandFetcher:[67] - Fetch commands: 0 success, cost: 0ms, totalSlot: 1, currentSlotIndex: 0
[INFO] 2025-10-13 12:27:35.999 +0800 o.a.d.s.m.c.IdSlotBasedCommandFetcher:[67] - Fetch commands: 0 success, cost: 0ms, totalSlot: 1, currentSlotIndex: 0
[INFO] 2025-10-13 12:27:36.808 +0800 o.a.d.s.m.r.t.TaskGroupCoordinator:[187] - Success amend TaskGroupQueue status cost: 0/ms
[INFO] 2025-10-13 12:27:36.809 +0800 o.a.d.s.m.r.t.TaskGroupCoordinator:[241] - Success deal with force start TaskGroupQueue cost: 0/ms
[INFO] 2025-10-13 12:27:36.809 +0800 o.a.d.s.m.r.t.TaskGroupCoordinator:[129] - TaskGroupCoordinator round time cost: 0/ms
[INFO] 2025-10-13 12:27:37.009 +0800 o.a.d.s.m.c.IdSlotBasedCommandFetcher:[67] - Fetch commands: 0 success, cost: 0ms, totalSlot: 1, currentSlotIndex: 0
[INFO] 2025-10-13 12:27:38.009 +0800 o.a.d.s.m.c.IdSlotBasedCommandFetcher:[67] - Fetch commands: 0 success, cost: 0ms, totalSlot: 1, currentSlotIndex: 0
[INFO] 2025-10-13 12:27:39.010 +0800 o.a.d.s.m.c.IdSlotBasedCommandFetcher:[67] - Fetch commands: 0 success, cost: 0ms, totalSlot: 1, currentSlotIndex: 0
[INFO] 2025-10-13 12:27:40.011 +0800 o.a.d.s.m.c.IdSlotBasedCommandFetcher:[67] - Fetch commands: 0 success, cost: 0ms, totalSlot: 1, currentSlotIndex: 0
[INFO] 2025-10-13 12:27:41.011 +0800 o.a.d.s.m.c.IdSlotBasedCommandFetcher:[67] - Fetch commands: 0 success, cost: 0ms, totalSlot: 1, currentSlotIndex: 0
[INFO] 2025-10-13 12:27:41.821 +0800 o.a.d.s.m.r.t.TaskGroupCoordinator:[187] - Success amend TaskGroupQueue status cost: 0/ms
[INFO] 2025-10-13 12:27:41.821 +0800 o.a.d.s.m.r.t.TaskGroupCoordinator:[241] - Success deal with force start TaskGroupQueue cost: 0/ms
[INFO] 2025-10-13 12:27:41.821 +0800 o.a.d.s.m.r.t.TaskGroupCoordinator:[129] - TaskGroupCoordinator round time cost: 0/ms
[INFO] 2025-10-13 12:27:42.012 +0800 o.a.d.s.m.c.IdSlotBasedCommandFetcher:[67] - Fetch commands: 0 success, cost: 0ms, totalSlot: 1, currentSlotIndex: 0
[INFO] 2025-10-13 12:27:43.124 +0800 o.a.d.s.m.c.IdSlotBasedCommandFetcher:[67] - Fetch commands: 0 success, cost: 0ms, totalSlot: 1, currentSlotIndex: 0
[INFO] 2025-10-13 12:27:44.195 +0800 o.a.d.s.m.c.IdSlotBasedCommandFetcher:[67] - Fetch commands: 0 success, cost: 0ms, totalSlot: 1, currentSlotIndex: 0
[INFO] 2025-10-13 12:27:45.265 +0800 o.a.d.s.m.c.IdSlotBasedCommandFetcher:[67] - Fetch commands: 0 success, cost: 0ms, totalSlot: 1, currentSlotIndex: 0
[INFO] 2025-10-13 12:27:46.333 +0800 o.a.d.s.m.c.IdSlotBasedCommandFetcher:[67] - Fetch commands: 0 success, cost: 0ms, totalSlot: 1, currentSlotIndex: 0
[INFO] 2025-10-13 12:27:46.831 +0800 o.a.d.s.m.r.t.TaskGroupCoordinator:[187] - Success amend TaskGroupQueue status cost: 0/ms
[INFO] 2025-10-13 12:27:46.831 +0800 o.a.d.s.m.r.t.TaskGroupCoordinator:[241] - Success deal with force start TaskGroupQueue cost: 0/ms
[INFO] 2025-10-13 12:27:46.831 +0800 o.a.d.s.m.r.t.TaskGroupCoordinator:[129] - TaskGroupCoordinator round time cost: 0/ms
[INFO] 2025-10-13 12:27:47.404 +0800 o.a.d.s.m.c.IdSlotBasedCommandFetcher:[67] - Fetch commands: 0 success, cost: 0ms, totalSlot: 1, currentSlotIndex: 0
[INFO] 2025-10-13 12:27:48.487 +0800 o.a.d.s.m.c.IdSlotBasedCommandFetcher:[67] - Fetch commands: 0 success, cost: 0ms, totalSlot: 1, currentSlotIndex: 0
[INFO] 2025-10-13 12:27:49.560 +0800 o.a.d.s.m.c.IdSlotBasedCommandFetcher:[67] - Fetch commands: 0 success, cost: 0ms, totalSlot: 1, currentSlotIndex: 0
[INFO] 2025-10-13 12:27:50.700 +0800 o.a.d.s.m.c.IdSlotBasedCommandFetcher:[67] - Fetch commands: 0 success, cost: 0ms, totalSlot: 1, currentSlotIndex: 0
[INFO] 2025-10-13 12:27:51.702 +0800 o.a.d.s.m.c.IdSlotBasedCommandFetcher:[67] - Fetch commands: 0 success, cost: 0ms, totalSlot: 1, currentSlotIndex: 0
[INFO] 2025-10-13 12:27:51.836 +0800 o.a.d.s.m.r.t.TaskGroupCoordinator:[187] - Success amend TaskGroupQueue status cost: 0/ms
[INFO] 2025-10-13 12:27:51.836 +0800 o.a.d.s.m.r.t.TaskGroupCoordinator:[241] - Success deal with force start TaskGroupQueue cost: 0/ms
[INFO] 2025-10-13 12:27:51.836 +0800 o.a.d.s.m.r.t.TaskGroupCoordinator:[129] - TaskGroupCoordinator round time cost: 0/ms
[INFO] 2025-10-13 12:27:52.702 +0800 o.a.d.s.m.c.IdSlotBasedCommandFetcher:[67] - Fetch commands: 0 success, cost: 0ms, totalSlot: 1, currentSlotIndex: 0
[INFO] 2025-10-13 12:27:53.716 +0800 o.a.d.s.m.c.IdSlotBasedCommandFetcher:[67] - Fetch commands: 0 success, cost: 0ms, totalSlot: 1, currentSlotIndex: 0
[INFO] 2025-10-13 12:27:54.716 +0800 o.a.d.s.m.c.IdSlotBasedCommandFetcher:[67] - Fetch commands: 0 success, cost: 0ms, totalSlot: 1, currentSlotIndex: 0
[INFO] 2025-10-13 12:27:55.717 +0800 o.a.d.s.m.c.IdSlotBasedCommandFetcher:[67] - Fetch commands: 0 success, cost: 0ms, totalSlot: 1, currentSlotIndex: 0
[INFO] 2025-10-13 12:27:56.717 +0800 o.a.d.s.m.c.IdSlotBasedCommandFetcher:[67] - Fetch commands: 0 success, cost: 0ms, totalSlot: 1, currentSlotIndex: 0
[INFO] 2025-10-13 12:27:56.841 +0800 o.a.d.s.m.r.t.TaskGroupCoordinator:[187] - Success amend TaskGroupQueue status cost: 0/ms
[INFO] 2025-10-13 12:27:56.842 +0800 o.a.d.s.m.r.t.TaskGroupCoordinator:[241] - Success deal with force start TaskGroupQueue cost: 0/ms
[INFO] 2025-10-13 12:27:56.842 +0800 o.a.d.s.m.r.t.TaskGroupCoordinator:[129] - TaskGroupCoordinator round time cost: 0/ms
[INFO] 2025-10-13 12:27:57.719 +0800 o.a.d.s.m.c.IdSlotBasedCommandFetcher:[67] - Fetch commands: 0 success, cost: 0ms, totalSlot: 1, currentSlotIndex: 0
[INFO] 2025-10-13 12:27:58.720 +0800 o.a.d.s.m.c.IdSlotBasedCommandFetcher:[67] - Fetch commands: 0 success, cost: 0ms, totalSlot: 1, currentSlotIndex: 0
[INFO] 2025-10-13 12:27:59.720 +0800 o.a.d.s.m.c.IdSlotBasedCommandFetcher:[67] - Fetch commands: 0 success, cost: 0ms, totalSlot: 1, currentSlotIndex: 0
[INFO] 2025-10-13 12:28:00.721 +0800 o.a.d.s.m.c.IdSlotBasedCommandFetcher:[67] - Fetch commands: 0 success, cost: 0ms, totalSlot: 1, currentSlotIndex: 0
[INFO] 2025-10-13 12:28:01.721 +0800 o.a.d.s.m.c.IdSlotBasedCommandFetcher:[67] - Fetch commands: 0 success, cost: 0ms, totalSlot: 1, currentSlotIndex: 0
[INFO] 2025-10-13 12:28:01.859 +0800 o.a.d.s.m.r.t.TaskGroupCoordinator:[187] - Success amend TaskGroupQueue status cost: 0/ms
[INFO] 2025-10-13 12:28:01.859 +0800 o.a.d.s.m.r.t.TaskGroupCoordinator:[241] - Success deal with force start TaskGroupQueue cost: 0/ms
[INFO] 2025-10-13 12:28:01.859 +0800 o.a.d.s.m.r.t.TaskGroupCoordinator:[129] - TaskGroupCoordinator round time cost: 0/ms
[INFO] 2025-10-13 12:28:02.791 +0800 o.a.d.s.m.c.IdSlotBasedCommandFetcher:[67] - Fetch commands: 0 success, cost: 0ms, totalSlot: 1, currentSlotIndex: 0
[INFO] 2025-10-13 12:28:03.863 +0800 o.a.d.s.m.c.IdSlotBasedCommandFetcher:[67] - Fetch commands: 0 success, cost: 0ms, totalSlot: 1, currentSlotIndex: 0
[INFO] 2025-10-13 12:28:04.938 +0800 o.a.d.s.m.c.IdSlotBasedCommandFetcher:[67] - Fetch commands: 0 success, cost: 0ms, totalSlot: 1, currentSlotIndex: 0
[INFO] 2025-10-13 12:28:06.005 +0800 o.a.d.s.m.c.IdSlotBasedCommandFetcher:[67] - Fetch commands: 0 success, cost: 0ms, totalSlot: 1, currentSlotIndex: 0
[INFO] 2025-10-13 12:28:06.864 +0800 o.a.d.s.m.r.t.TaskGroupCoordinator:[187] - Success amend TaskGroupQueue status cost: 0/ms
[INFO] 2025-10-13 12:28:06.864 +0800 o.a.d.s.m.r.t.TaskGroupCoordinator:[241] - Success deal with force start TaskGroupQueue cost: 0/ms
[INFO] 2025-10-13 12:28:06.864 +0800 o.a.d.s.m.r.t.TaskGroupCoordinator:[129] - TaskGroupCoordinator round time cost: 0/ms
[INFO] 2025-10-13 12:28:07.079 +0800 o.a.d.s.m.c.IdSlotBasedCommandFetcher:[67] - Fetch commands: 0 success, cost: 1ms, totalSlot: 1, currentSlotIndex: 0
[INFO] 2025-10-13 12:28:08.161 +0800 o.a.d.s.m.c.IdSlotBasedCommandFetcher:[67] - Fetch commands: 0 success, cost: 0ms, totalSlot: 1, currentSlotIndex: 0
[INFO] 2025-10-13 12:28:09.337 +0800 o.a.d.s.m.c.IdSlotBasedCommandFetcher:[67] - Fetch commands: 0 success, cost: 0ms, totalSlot: 1, currentSlotIndex: 0
[INFO] 2025-10-13 12:28:10.339 +0800 o.a.d.s.m.c.IdSlotBasedCommandFetcher:[67] - Fetch commands: 0 success, cost: 0ms, totalSlot: 1, currentSlotIndex: 0
[INFO] 2025-10-13 12:28:11.340 +0800 o.a.d.s.m.c.IdSlotBasedCommandFetcher:[67] - Fetch commands: 0 success, cost: 0ms, totalSlot: 1, currentSlotIndex: 0
[INFO] 2025-10-13 12:28:11.870 +0800 o.a.d.s.m.r.t.TaskGroupCoordinator:[187] - Success amend TaskGroupQueue status cost: 0/ms
[INFO] 2025-10-13 12:28:11.870 +0800 o.a.d.s.m.r.t.TaskGroupCoordinator:[241] - Success deal with force start TaskGroupQueue cost: 0/ms
[INFO] 2025-10-13 12:28:11.870 +0800 o.a.d.s.m.r.t.TaskGroupCoordinator:[129] - TaskGroupCoordinator round time cost: 0/ms
[INFO] 2025-10-13 12:28:12.351 +0800 o.a.d.s.m.c.IdSlotBasedCommandFetcher:[67] - Fetch commands: 0 success, cost: 0ms, totalSlot: 1, currentSlotIndex: 0
[INFO] 2025-10-13 12:28:13.365 +0800 o.a.d.s.m.c.IdSlotBasedCommandFetcher:[67] - Fetch commands: 0 success, cost: 0ms, totalSlot: 1, currentSlotIndex: 0
[INFO] 2025-10-13 12:28:14.366 +0800 o.a.d.s.m.c.IdSlotBasedCommandFetcher:[67] - Fetch commands: 0 success, cost: 0ms, totalSlot: 1, currentSlotIndex: 0
[INFO] 2025-10-13 12:28:15.379 +0800 o.a.d.s.m.c.IdSlotBasedCommandFetcher:[67] - Fetch commands: 0 success, cost: 0ms, totalSlot: 1, currentSlotIndex: 0
[INFO] 2025-10-13 12:28:16.380 +0800 o.a.d.s.m.c.IdSlotBasedCommandFetcher:[67] - Fetch commands: 0 success, cost: 0ms, totalSlot: 1, currentSlotIndex: 0
[INFO] 2025-10-13 12:28:16.877 +0800 o.a.d.s.m.r.t.TaskGroupCoordinator:[187] - Success amend TaskGroupQueue status cost: 0/ms
[INFO] 2025-10-13 12:28:16.879 +0800 o.a.d.s.m.r.t.TaskGroupCoordinator:[241] - Success deal with force start TaskGroupQueue cost: 0/ms
[INFO] 2025-10-13 12:28:16.879 +0800 o.a.d.s.m.r.t.TaskGroupCoordinator:[129] - TaskGroupCoordinator round time cost: 0/ms
[INFO] 2025-10-13 12:28:17.387 +0800 o.a.d.s.m.c.IdSlotBasedCommandFetcher:[67] - Fetch commands: 0 success, cost: 0ms, totalSlot: 1, currentSlotIndex: 0
[INFO] 2025-10-13 12:28:18.387 +0800 o.a.d.s.m.c.IdSlotBasedCommandFetcher:[67] - Fetch commands: 0 success, cost: 0ms, totalSlot: 1, currentSlotIndex: 0
[INFO] 2025-10-13 12:28:19.388 +0800 o.a.d.s.m.c.IdSlotBasedCommandFetcher:[67] - Fetch commands: 0 success, cost: 0ms, totalSlot: 1, currentSlotIndex: 0
[INFO] 2025-10-13 12:28:20.389 +0800 o.a.d.s.m.c.IdSlotBasedCommandFetcher:[67] - Fetch commands: 0 success, cost: 0ms, totalSlot: 1, currentSlotIndex: 0
[INFO] 2025-10-13 12:28:21.389 +0800 o.a.d.s.m.c.IdSlotBasedCommandFetcher:[67] - Fetch commands: 0 success, cost: 0ms, totalSlot: 1, currentSlotIndex: 0
[INFO] 2025-10-13 12:28:21.883 +0800 o.a.d.s.m.r.t.TaskGroupCoordinator:[187] - Success amend TaskGroupQueue status cost: 0/ms
[INFO] 2025-10-13 12:28:21.883 +0800 o.a.d.s.m.r.t.TaskGroupCoordinator:[241] - Success deal with force start TaskGroupQueue cost: 0/ms
[INFO] 2025-10-13 12:28:21.883 +0800 o.a.d.s.m.r.t.TaskGroupCoordinator:[129] - TaskGroupCoordinator round time cost: 0/ms
[INFO] 2025-10-13 12:28:22.390 +0800 o.a.d.s.m.c.IdSlotBasedCommandFetcher:[67] - Fetch commands: 0 success, cost: 0ms, totalSlot: 1, currentSlotIndex: 0
[INFO] 2025-10-13 12:28:23.593 +0800 o.a.d.s.m.c.IdSlotBasedCommandFetcher:[67] - Fetch commands: 0 success, cost: 0ms, totalSlot: 1, currentSlotIndex: 0
[INFO] 2025-10-13 12:28:24.594 +0800 o.a.d.s.m.c.IdSlotBasedCommandFetcher:[67] - Fetch commands: 0 success, cost: 0ms, totalSlot: 1, currentSlotIndex: 0
[INFO] 2025-10-13 12:28:25.594 +0800 o.a.d.s.m.c.IdSlotBasedCommandFetcher:[67] - Fetch commands: 0 success, cost: 0ms, totalSlot: 1, currentSlotIndex: 0
[INFO] 2025-10-13 12:28:26.594 +0800 o.a.d.s.m.c.IdSlotBasedCommandFetcher:[67] - Fetch commands: 0 success, cost: 0ms, totalSlot: 1, currentSlotIndex: 0
[INFO] 2025-10-13 12:28:26.893 +0800 o.a.d.s.m.r.t.TaskGroupCoordinator:[187] - Success amend TaskGroupQueue status cost: 0/ms
[INFO] 2025-10-13 12:28:26.894 +0800 o.a.d.s.m.r.t.TaskGroupCoordinator:[241] - Success deal with force start TaskGroupQueue cost: 0/ms
[INFO] 2025-10-13 12:28:26.894 +0800 o.a.d.s.m.r.t.TaskGroupCoordinator:[129] - TaskGroupCoordinator round time cost: 0/ms
[INFO] 2025-10-13 12:28:27.595 +0800 o.a.d.s.m.c.IdSlotBasedCommandFetcher:[67] - Fetch commands: 0 success, cost: 0ms, totalSlot: 1, currentSlotIndex: 0
[INFO] 2025-10-13 12:28:28.596 +0800 o.a.d.s.m.c.IdSlotBasedCommandFetcher:[67] - Fetch commands: 0 success, cost: 0ms, totalSlot: 1, currentSlotIndex: 0
[INFO] 2025-10-13 12:28:29.597 +0800 o.a.d.s.m.c.IdSlotBasedCommandFetcher:[67] - Fetch commands: 0 success, cost: 0ms, totalSlot: 1, currentSlotIndex: 0
[INFO] 2025-10-13 12:28:30.597 +0800 o.a.d.s.m.c.IdSlotBasedCommandFetcher:[67] - Fetch commands: 0 success, cost: 0ms, totalSlot: 1, currentSlotIndex: 0
[INFO] 2025-10-13 12:28:31.609 +0800 o.a.d.s.m.c.IdSlotBasedCommandFetcher:[67] - Fetch commands: 0 success, cost: 0ms, totalSlot: 1, currentSlotIndex: 0
[INFO] 2025-10-13 12:28:31.906 +0800 o.a.d.s.m.r.t.TaskGroupCoordinator:[187] - Success amend TaskGroupQueue status cost: 0/ms
[INFO] 2025-10-13 12:28:31.906 +0800 o.a.d.s.m.r.t.TaskGroupCoordinator:[241] - Success deal with force start TaskGroupQueue cost: 0/ms
[INFO] 2025-10-13 12:28:31.906 +0800 o.a.d.s.m.r.t.TaskGroupCoordinator:[129] - TaskGroupCoordinator round time cost: 0/ms
[INFO] 2025-10-13 12:28:32.610 +0800 o.a.d.s.m.c.IdSlotBasedCommandFetcher:[67] - Fetch commands: 0 success, cost: 0ms, totalSlot: 1, currentSlotIndex: 0
[INFO] 2025-10-13 12:28:33.624 +0800 o.a.d.s.m.c.IdSlotBasedCommandFetcher:[67] - Fetch commands: 0 success, cost: 0ms, totalSlot: 1, currentSlotIndex: 0
[INFO] 2025-10-13 12:28:34.625 +0800 o.a.d.s.m.c.IdSlotBasedCommandFetcher:[67] - Fetch commands: 0 success, cost: 0ms, totalSlot: 1, currentSlotIndex: 0
[INFO] 2025-10-13 12:28:35.637 +0800 o.a.d.s.m.c.IdSlotBasedCommandFetcher:[67] - Fetch commands: 0 success, cost: 0ms, totalSlot: 1, currentSlotIndex: 0
[INFO] 2025-10-13 12:28:36.638 +0800 o.a.d.s.m.c.IdSlotBasedCommandFetcher:[67] - Fetch commands: 0 success, cost: 0ms, totalSlot: 1, currentSlotIndex: 0
[INFO] 2025-10-13 12:28:36.926 +0800 o.a.d.s.m.r.t.TaskGroupCoordinator:[187] - Success amend TaskGroupQueue status cost: 0/ms
[INFO] 2025-10-13 12:28:36.926 +0800 o.a.d.s.m.r.t.TaskGroupCoordinator:[241] - Success deal with force start TaskGroupQueue cost: 0/ms
[INFO] 2025-10-13 12:28:36.926 +0800 o.a.d.s.m.r.t.TaskGroupCoordinator:[129] - TaskGroupCoordinator round time cost: 0/ms
[INFO] 2025-10-13 12:28:37.825 +0800 o.a.d.s.m.c.IdSlotBasedCommandFetcher:[67] - Fetch commands: 0 success, cost: 0ms, totalSlot: 1, currentSlotIndex: 0
[INFO] 2025-10-13 12:28:38.901 +0800 o.a.d.s.m.c.IdSlotBasedCommandFetcher:[67] - Fetch commands: 0 success, cost: 0ms, totalSlot: 1, currentSlotIndex: 0
[INFO] 2025-10-13 12:28:39.986 +0800 o.a.d.s.m.c.IdSlotBasedCommandFetcher:[67] - Fetch commands: 0 success, cost: 0ms, totalSlot: 1, currentSlotIndex: 0
[INFO] 2025-10-13 12:28:41.068 +0800 o.a.d.s.m.c.IdSlotBasedCommandFetcher:[67] - Fetch commands: 0 success, cost: 0ms, totalSlot: 1, currentSlotIndex: 0
[INFO] 2025-10-13 12:28:41.931 +0800 o.a.d.s.m.r.t.TaskGroupCoordinator:[187] - Success amend TaskGroupQueue status cost: 0/ms
[INFO] 2025-10-13 12:28:41.932 +0800 o.a.d.s.m.r.t.TaskGroupCoordinator:[241] - Success deal with force start TaskGroupQueue cost: 0/ms
[INFO] 2025-10-13 12:28:41.932 +0800 o.a.d.s.m.r.t.TaskGroupCoordinator:[129] - TaskGroupCoordinator round time cost: 0/ms
[INFO] 2025-10-13 12:28:42.069 +0800 o.a.d.s.m.c.IdSlotBasedCommandFetcher:[67] - Fetch commands: 0 success, cost: 0ms, totalSlot: 1, currentSlotIndex: 0
[INFO] 2025-10-13 12:28:43.070 +0800 o.a.d.s.m.c.IdSlotBasedCommandFetcher:[67] - Fetch commands: 0 success, cost: 0ms, totalSlot: 1, currentSlotIndex: 0
[INFO] 2025-10-13 12:28:44.071 +0800 o.a.d.s.m.c.IdSlotBasedCommandFetcher:[67] - Fetch commands: 0 success, cost: 0ms, totalSlot: 1, currentSlotIndex: 0
[INFO] 2025-10-13 12:28:45.072 +0800 o.a.d.s.m.c.IdSlotBasedCommandFetcher:[67] - Fetch commands: 0 success, cost: 0ms, totalSlot: 1, currentSlotIndex: 0
[INFO] 2025-10-13 12:28:46.072 +0800 o.a.d.s.m.c.IdSlotBasedCommandFetcher:[67] - Fetch commands: 0 success, cost: 0ms, totalSlot: 1, currentSlotIndex: 0
[INFO] 2025-10-13 12:28:46.941 +0800 o.a.d.s.m.r.t.TaskGroupCoordinator:[187] - Success amend TaskGroupQueue status cost: 0/ms
[INFO] 2025-10-13 12:28:46.942 +0800 o.a.d.s.m.r.t.TaskGroupCoordinator:[241] - Success deal with force start TaskGroupQueue cost: 0/ms
[INFO] 2025-10-13 12:28:46.942 +0800 o.a.d.s.m.r.t.TaskGroupCoordinator:[129] - TaskGroupCoordinator round time cost: 0/ms
[INFO] 2025-10-13 12:28:47.072 +0800 o.a.d.s.m.c.IdSlotBasedCommandFetcher:[67] - Fetch commands: 0 success, cost: 0ms, totalSlot: 1, currentSlotIndex: 0
[INFO] 2025-10-13 12:28:48.073 +0800 o.a.d.s.m.c.IdSlotBasedCommandFetcher:[67] - Fetch commands: 0 success, cost: 0ms, totalSlot: 1, currentSlotIndex: 0
[INFO] 2025-10-13 12:28:49.073 +0800 o.a.d.s.m.c.IdSlotBasedCommandFetcher:[67] - Fetch commands: 0 success, cost: 0ms, totalSlot: 1, currentSlotIndex: 0
[INFO] 2025-10-13 12:28:50.073 +0800 o.a.d.s.m.c.IdSlotBasedCommandFetcher:[67] - Fetch commands: 0 success, cost: 0ms, totalSlot: 1, currentSlotIndex: 0
[INFO] 2025-10-13 12:28:51.074 +0800 o.a.d.s.m.c.IdSlotBasedCommandFetcher:[67] - Fetch commands: 0 success, cost: 0ms, totalSlot: 1, currentSlotIndex: 0
[INFO] 2025-10-13 12:28:51.946 +0800 o.a.d.s.m.r.t.TaskGroupCoordinator:[187] - Success amend TaskGroupQueue status cost: 0/ms
[INFO] 2025-10-13 12:28:51.946 +0800 o.a.d.s.m.r.t.TaskGroupCoordinator:[241] - Success deal with force start TaskGroupQueue cost: 0/ms
[INFO] 2025-10-13 12:28:51.946 +0800 o.a.d.s.m.r.t.TaskGroupCoordinator:[129] - TaskGroupCoordinator round time cost: 0/ms
[INFO] 2025-10-13 12:28:52.074 +0800 o.a.d.s.m.c.IdSlotBasedCommandFetcher:[67] - Fetch commands: 0 success, cost: 0ms, totalSlot: 1, currentSlotIndex: 0
[INFO] 2025-10-13 12:28:53.147 +0800 o.a.d.s.m.c.IdSlotBasedCommandFetcher:[67] - Fetch commands: 0 success, cost: 0ms, totalSlot: 1, currentSlotIndex: 0
[INFO] 2025-10-13 12:28:54.217 +0800 o.a.d.s.m.c.IdSlotBasedCommandFetcher:[67] - Fetch commands: 0 success, cost: 0ms, totalSlot: 1, currentSlotIndex: 0
[INFO] 2025-10-13 12:28:55.292 +0800 o.a.d.s.m.c.IdSlotBasedCommandFetcher:[67] - Fetch commands: 0 success, cost: 0ms, totalSlot: 1, currentSlotIndex: 0
[INFO] 2025-10-13 12:28:56.366 +0800 o.a.d.s.m.c.IdSlotBasedCommandFetcher:[67] - Fetch commands: 0 success, cost: 0ms, totalSlot: 1, currentSlotIndex: 0
[INFO] 2025-10-13 12:28:56.956 +0800 o.a.d.s.m.r.t.TaskGroupCoordinator:[187] - Success amend TaskGroupQueue status cost: 0/ms
[INFO] 2025-10-13 12:28:56.957 +0800 o.a.d.s.m.r.t.TaskGroupCoordinator:[241] - Success deal with force start TaskGroupQueue cost: 0/ms
[INFO] 2025-10-13 12:28:56.957 +0800 o.a.d.s.m.r.t.TaskGroupCoordinator:[129] - TaskGroupCoordinator round time cost: 0/ms
[INFO] 2025-10-13 12:28:57.448 +0800 o.a.d.s.m.c.IdSlotBasedCommandFetcher:[67] - Fetch commands: 0 success, cost: 0ms, totalSlot: 1, currentSlotIndex: 0
[INFO] 2025-10-13 12:28:58.520 +0800 o.a.d.s.m.c.IdSlotBasedCommandFetcher:[67] - Fetch commands: 0 success, cost: 0ms, totalSlot: 1, currentSlotIndex: 0
[INFO] 2025-10-13 12:28:59.592 +0800 o.a.d.s.m.c.IdSlotBasedCommandFetcher:[67] - Fetch commands: 0 success, cost: 0ms, totalSlot: 1, currentSlotIndex: 0
[INFO] 2025-10-13 12:29:00.671 +0800 o.a.d.s.m.c.IdSlotBasedCommandFetcher:[67] - Fetch commands: 0 success, cost: 0ms, totalSlot: 1, currentSlotIndex: 0
[INFO] 2025-10-13 12:29:01.762 +0800 o.a.d.s.m.c.IdSlotBasedCommandFetcher:[67] - Fetch commands: 0 success, cost: 0ms, totalSlot: 1, currentSlotIndex: 0
[INFO] 2025-10-13 12:29:01.964 +0800 o.a.d.s.m.r.t.TaskGroupCoordinator:[187] - Success amend TaskGroupQueue status cost: 0/ms
[INFO] 2025-10-13 12:29:01.964 +0800 o.a.d.s.m.r.t.TaskGroupCoordinator:[241] - Success deal with force start TaskGroupQueue cost: 0/ms
[INFO] 2025-10-13 12:29:01.964 +0800 o.a.d.s.m.r.t.TaskGroupCoordinator:[129] - TaskGroupCoordinator round time cost: 0/ms
[INFO] 2025-10-13 12:29:02.835 +0800 o.a.d.s.m.c.IdSlotBasedCommandFetcher:[67] - Fetch commands: 0 success, cost: 0ms, totalSlot: 1, currentSlotIndex: 0
[INFO] 2025-10-13 12:29:03.836 +0800 o.a.d.s.m.c.IdSlotBasedCommandFetcher:[67] - Fetch commands: 0 success, cost: 0ms, totalSlot: 1, currentSlotIndex: 0
[INFO] 2025-10-13 12:29:04.836 +0800 o.a.d.s.m.c.IdSlotBasedCommandFetcher:[67] - Fetch commands: 0 success, cost: 0ms, totalSlot: 1, currentSlotIndex: 0
[INFO] 2025-10-13 12:29:05.837 +0800 o.a.d.s.m.c.IdSlotBasedCommandFetcher:[67] - Fetch commands: 0 success, cost: 0ms, totalSlot: 1, currentSlotIndex: 0
[INFO] 2025-10-13 12:29:06.837 +0800 o.a.d.s.m.c.IdSlotBasedCommandFetcher:[67] - Fetch commands: 0 success, cost: 0ms, totalSlot: 1, currentSlotIndex: 0
[INFO] 2025-10-13 12:29:06.984 +0800 o.a.d.s.m.r.t.TaskGroupCoordinator:[187] - Success amend TaskGroupQueue status cost: 0/ms
[INFO] 2025-10-13 12:29:06.984 +0800 o.a.d.s.m.r.t.TaskGroupCoordinator:[241] - Success deal with force start TaskGroupQueue cost: 0/ms
[INFO] 2025-10-13 12:29:06.984 +0800 o.a.d.s.m.r.t.TaskGroupCoordinator:[129] - TaskGroupCoordinator round time cost: 0/ms
[INFO] 2025-10-13 12:29:07.849 +0800 o.a.d.s.m.c.IdSlotBasedCommandFetcher:[67] - Fetch commands: 0 success, cost: 0ms, totalSlot: 1, currentSlotIndex: 0
[INFO] 2025-10-13 12:29:08.850 +0800 o.a.d.s.m.c.IdSlotBasedCommandFetcher:[67] - Fetch commands: 0 success, cost: 0ms, totalSlot: 1, currentSlotIndex: 0
[INFO] 2025-10-13 12:29:09.850 +0800 o.a.d.s.m.c.IdSlotBasedCommandFetcher:[67] - Fetch commands: 0 success, cost: 0ms, totalSlot: 1, currentSlotIndex: 0
[INFO] 2025-10-13 12:29:10.851 +0800 o.a.d.s.m.c.IdSlotBasedCommandFetcher:[67] - Fetch commands: 0 success, cost: 0ms, totalSlot: 1, currentSlotIndex: 0
[INFO] 2025-10-13 12:29:11.851 +0800 o.a.d.s.m.c.IdSlotBasedCommandFetcher:[67] - Fetch commands: 0 success, cost: 0ms, totalSlot: 1, currentSlotIndex: 0
[INFO] 2025-10-13 12:29:11.994 +0800 o.a.d.s.m.r.t.TaskGroupCoordinator:[187] - Success amend TaskGroupQueue status cost: 0/ms
[INFO] 2025-10-13 12:29:11.995 +0800 o.a.d.s.m.r.t.TaskGroupCoordinator:[241] - Success deal with force start TaskGroupQueue cost: 0/ms
[INFO] 2025-10-13 12:29:11.995 +0800 o.a.d.s.m.r.t.TaskGroupCoordinator:[129] - TaskGroupCoordinator round time cost: 0/ms
[INFO] 2025-10-13 12:29:12.852 +0800 o.a.d.s.m.c.IdSlotBasedCommandFetcher:[67] - Fetch commands: 0 success, cost: 0ms, totalSlot: 1, currentSlotIndex: 0
[INFO] 2025-10-13 12:29:13.852 +0800 o.a.d.s.m.c.IdSlotBasedCommandFetcher:[67] - Fetch commands: 0 success, cost: 0ms, totalSlot: 1, currentSlotIndex: 0
[INFO] 2025-10-13 12:29:14.954 +0800 o.a.d.s.m.c.IdSlotBasedCommandFetcher:[67] - Fetch commands: 0 success, cost: 0ms, totalSlot: 1, currentSlotIndex: 0
[INFO] 2025-10-13 12:29:16.023 +0800 o.a.d.s.m.c.IdSlotBasedCommandFetcher:[67] - Fetch commands: 0 success, cost: 0ms, totalSlot: 1, currentSlotIndex: 0
[INFO] 2025-10-13 12:29:17.000 +0800 o.a.d.s.m.r.t.TaskGroupCoordinator:[187] - Success amend TaskGroupQueue status cost: 0/ms
[INFO] 2025-10-13 12:29:17.000 +0800 o.a.d.s.m.r.t.TaskGroupCoordinator:[241] - Success deal with force start TaskGroupQueue cost: 0/ms
[INFO] 2025-10-13 12:29:17.000 +0800 o.a.d.s.m.r.t.TaskGroupCoordinator:[129] - TaskGroupCoordinator round time cost: 0/ms
[INFO] 2025-10-13 12:29:17.134 +0800 o.a.d.s.m.c.IdSlotBasedCommandFetcher:[67] - Fetch commands: 0 success, cost: 0ms, totalSlot: 1, currentSlotIndex: 0
[INFO] 2025-10-13 12:29:18.141 +0800 o.a.d.s.m.c.IdSlotBasedCommandFetcher:[67] - Fetch commands: 0 success, cost: 0ms, totalSlot: 1, currentSlotIndex: 0
[INFO] 2025-10-13 12:29:19.141 +0800 o.a.d.s.m.c.IdSlotBasedCommandFetcher:[67] - Fetch commands: 0 success, cost: 0ms, totalSlot: 1, currentSlotIndex: 0
[INFO] 2025-10-13 12:29:20.143 +0800 o.a.d.s.m.c.IdSlotBasedCommandFetcher:[67] - Fetch commands: 0 success, cost: 0ms, totalSlot: 1, currentSlotIndex: 0
[INFO] 2025-10-13 12:29:21.153 +0800 o.a.d.s.m.c.IdSlotBasedCommandFetcher:[67] - Fetch commands: 0 success, cost: 0ms, totalSlot: 1, currentSlotIndex: 0
[INFO] 2025-10-13 12:29:22.009 +0800 o.a.d.s.m.r.t.TaskGroupCoordinator:[187] - Success amend TaskGroupQueue status cost: 0/ms
[INFO] 2025-10-13 12:29:22.010 +0800 o.a.d.s.m.r.t.TaskGroupCoordinator:[241] - Success deal with force start TaskGroupQueue cost: 0/ms
[INFO] 2025-10-13 12:29:22.010 +0800 o.a.d.s.m.r.t.TaskGroupCoordinator:[129] - TaskGroupCoordinator round time cost: 0/ms
[INFO] 2025-10-13 12:29:22.154 +0800 o.a.d.s.m.c.IdSlotBasedCommandFetcher:[67] - Fetch commands: 0 success, cost: 0ms, totalSlot: 1, currentSlotIndex: 0
[INFO] 2025-10-13 12:29:23.156 +0800 o.a.d.s.m.c.IdSlotBasedCommandFetcher:[67] - Fetch commands: 0 success, cost: 0ms, totalSlot: 1, currentSlotIndex: 0
[INFO] 2025-10-13 12:29:24.157 +0800 o.a.d.s.m.c.IdSlotBasedCommandFetcher:[67] - Fetch commands: 0 success, cost: 0ms, totalSlot: 1, currentSlotIndex: 0
[INFO] 2025-10-13 12:29:25.158 +0800 o.a.d.s.m.c.IdSlotBasedCommandFetcher:[67] - Fetch commands: 0 success, cost: 0ms, totalSlot: 1, currentSlotIndex: 0
[INFO] 2025-10-13 12:29:26.162 +0800 o.a.d.s.m.c.IdSlotBasedCommandFetcher:[67] - Fetch commands: 0 success, cost: 0ms, totalSlot: 1, currentSlotIndex: 0
[INFO] 2025-10-13 12:29:27.020 +0800 o.a.d.s.m.r.t.TaskGroupCoordinator:[187] - Success amend TaskGroupQueue status cost: 0/ms
[INFO] 2025-10-13 12:29:27.020 +0800 o.a.d.s.m.r.t.TaskGroupCoordinator:[241] - Success deal with force start TaskGroupQueue cost: 0/ms
[INFO] 2025-10-13 12:29:27.020 +0800 o.a.d.s.m.r.t.TaskGroupCoordinator:[129] - TaskGroupCoordinator round time cost: 0/ms
[INFO] 2025-10-13 12:29:27.162 +0800 o.a.d.s.m.c.IdSlotBasedCommandFetcher:[67] - Fetch commands: 0 success, cost: 0ms, totalSlot: 1, currentSlotIndex: 0
[INFO] 2025-10-13 12:29:28.163 +0800 o.a.d.s.m.c.IdSlotBasedCommandFetcher:[67] - Fetch commands: 0 success, cost: 0ms, totalSlot: 1, currentSlotIndex: 0
[INFO] 2025-10-13 12:29:29.163 +0800 o.a.d.s.m.c.IdSlotBasedCommandFetcher:[67] - Fetch commands: 0 success, cost: 0ms, totalSlot: 1, currentSlotIndex: 0
[INFO] 2025-10-13 12:29:30.346 +0800 o.a.d.s.m.c.IdSlotBasedCommandFetcher:[67] - Fetch commands: 0 success, cost: 0ms, totalSlot: 1, currentSlotIndex: 0
[INFO] 2025-10-13 12:29:31.346 +0800 o.a.d.s.m.c.IdSlotBasedCommandFetcher:[67] - Fetch commands: 0 success, cost: 0ms, totalSlot: 1, currentSlotIndex: 0
[INFO] 2025-10-13 12:29:32.025 +0800 o.a.d.s.m.r.t.TaskGroupCoordinator:[187] - Success amend TaskGroupQueue status cost: 0/ms
[INFO] 2025-10-13 12:29:32.025 +0800 o.a.d.s.m.r.t.TaskGroupCoordinator:[241] - Success deal with force start TaskGroupQueue cost: 0/ms
[INFO] 2025-10-13 12:29:32.025 +0800 o.a.d.s.m.r.t.TaskGroupCoordinator:[129] - TaskGroupCoordinator round time cost: 0/ms
[INFO] 2025-10-13 12:29:32.346 +0800 o.a.d.s.m.c.IdSlotBasedCommandFetcher:[67] - Fetch commands: 0 success, cost: 0ms, totalSlot: 1, currentSlotIndex: 0
[INFO] 2025-10-13 12:29:33.347 +0800 o.a.d.s.m.c.IdSlotBasedCommandFetcher:[67] - Fetch commands: 0 success, cost: 0ms, totalSlot: 1, currentSlotIndex: 0
[INFO] 2025-10-13 12:29:34.348 +0800 o.a.d.s.m.c.IdSlotBasedCommandFetcher:[67] - Fetch commands: 0 success, cost: 0ms, totalSlot: 1, currentSlotIndex: 0
[INFO] 2025-10-13 12:29:35.348 +0800 o.a.d.s.m.c.IdSlotBasedCommandFetcher:[67] - Fetch commands: 0 success, cost: 0ms, totalSlot: 1, currentSlotIndex: 0
[INFO] 2025-10-13 12:29:36.348 +0800 o.a.d.s.m.c.IdSlotBasedCommandFetcher:[67] - Fetch commands: 0 success, cost: 0ms, totalSlot: 1, currentSlotIndex: 0
[INFO] 2025-10-13 12:29:37.029 +0800 o.a.d.s.m.r.t.TaskGroupCoordinator:[187] - Success amend TaskGroupQueue status cost: 0/ms
[INFO] 2025-10-13 12:29:37.029 +0800 o.a.d.s.m.r.t.TaskGroupCoordinator:[241] - Success deal with force start TaskGroupQueue cost: 0/ms
[INFO] 2025-10-13 12:29:37.029 +0800 o.a.d.s.m.r.t.TaskGroupCoordinator:[129] - TaskGroupCoordinator round time cost: 0/ms
[INFO] 2025-10-13 12:29:37.348 +0800 o.a.d.s.m.c.IdSlotBasedCommandFetcher:[67] - Fetch commands: 0 success, cost: 0ms, totalSlot: 1, currentSlotIndex: 0
[INFO] 2025-10-13 12:29:38.362 +0800 o.a.d.s.m.c.IdSlotBasedCommandFetcher:[67] - Fetch commands: 0 success, cost: 0ms, totalSlot: 1, currentSlotIndex: 0
[INFO] 2025-10-13 12:29:39.363 +0800 o.a.d.s.m.c.IdSlotBasedCommandFetcher:[67] - Fetch commands: 0 success, cost: 0ms, totalSlot: 1, currentSlotIndex: 0
[INFO] 2025-10-13 12:29:40.370 +0800 o.a.d.s.m.c.IdSlotBasedCommandFetcher:[67] - Fetch commands: 0 success, cost: 0ms, totalSlot: 1, currentSlotIndex: 0
[INFO] 2025-10-13 12:29:41.370 +0800 o.a.d.s.m.c.IdSlotBasedCommandFetcher:[67] - Fetch commands: 0 success, cost: 0ms, totalSlot: 1, currentSlotIndex: 0
[INFO] 2025-10-13 12:29:42.041 +0800 o.a.d.s.m.r.t.TaskGroupCoordinator:[187] - Success amend TaskGroupQueue status cost: 0/ms
[INFO] 2025-10-13 12:29:42.041 +0800 o.a.d.s.m.r.t.TaskGroupCoordinator:[241] - Success deal with force start TaskGroupQueue cost: 0/ms
[INFO] 2025-10-13 12:29:42.041 +0800 o.a.d.s.m.r.t.TaskGroupCoordinator:[129] - TaskGroupCoordinator round time cost: 0/ms
[INFO] 2025-10-13 12:29:42.371 +0800 o.a.d.s.m.c.IdSlotBasedCommandFetcher:[67] - Fetch commands: 0 success, cost: 0ms, totalSlot: 1, currentSlotIndex: 0
[INFO] 2025-10-13 12:29:43.483 +0800 o.a.d.s.m.c.IdSlotBasedCommandFetcher:[67] - Fetch commands: 0 success, cost: 0ms, totalSlot: 1, currentSlotIndex: 0
[INFO] 2025-10-13 12:29:44.555 +0800 o.a.d.s.m.c.IdSlotBasedCommandFetcher:[67] - Fetch commands: 0 success, cost: 0ms, totalSlot: 1, currentSlotIndex: 0
[INFO] 2025-10-13 12:29:45.637 +0800 o.a.d.s.m.c.IdSlotBasedCommandFetcher:[67] - Fetch commands: 0 success, cost: 0ms, totalSlot: 1, currentSlotIndex: 0
[INFO] 2025-10-13 12:29:46.719 +0800 o.a.d.s.m.c.IdSlotBasedCommandFetcher:[67] - Fetch commands: 0 success, cost: 0ms, totalSlot: 1, currentSlotIndex: 0
[INFO] 2025-10-13 12:29:47.049 +0800 o.a.d.s.m.r.t.TaskGroupCoordinator:[187] - Success amend TaskGroupQueue status cost: 0/ms
[INFO] 2025-10-13 12:29:47.049 +0800 o.a.d.s.m.r.t.TaskGroupCoordinator:[241] - Success deal with force start TaskGroupQueue cost: 0/ms
[INFO] 2025-10-13 12:29:47.049 +0800 o.a.d.s.m.r.t.TaskGroupCoordinator:[129] - TaskGroupCoordinator round time cost: 0/ms
[INFO] 2025-10-13 12:29:47.787 +0800 o.a.d.s.m.c.IdSlotBasedCommandFetcher:[67] - Fetch commands: 0 success, cost: 0ms, totalSlot: 1, currentSlotIndex: 0
[INFO] 2025-10-13 12:29:48.863 +0800 o.a.d.s.m.c.IdSlotBasedCommandFetcher:[67] - Fetch commands: 0 success, cost: 0ms, totalSlot: 1, currentSlotIndex: 0
[INFO] 2025-10-13 12:29:49.949 +0800 o.a.d.s.m.c.IdSlotBasedCommandFetcher:[67] - Fetch commands: 0 success, cost: 0ms, totalSlot: 1, currentSlotIndex: 0
[INFO] 2025-10-13 12:29:51.021 +0800 o.a.d.s.m.c.IdSlotBasedCommandFetcher:[67] - Fetch commands: 0 success, cost: 0ms, totalSlot: 1, currentSlotIndex: 0
[INFO] 2025-10-13 12:29:52.054 +0800 o.a.d.s.m.r.t.TaskGroupCoordinator:[187] - Success amend TaskGroupQueue status cost: 0/ms
[INFO] 2025-10-13 12:29:52.054 +0800 o.a.d.s.m.r.t.TaskGroupCoordinator:[241] - Success deal with force start TaskGroupQueue cost: 0/ms
[INFO] 2025-10-13 12:29:52.054 +0800 o.a.d.s.m.r.t.TaskGroupCoordinator:[129] - TaskGroupCoordinator round time cost: 0/ms
[INFO] 2025-10-13 12:29:52.101 +0800 o.a.d.s.m.c.IdSlotBasedCommandFetcher:[67] - Fetch commands: 0 success, cost: 0ms, totalSlot: 1, currentSlotIndex: 0
[INFO] 2025-10-13 12:29:53.181 +0800 o.a.d.s.m.c.IdSlotBasedCommandFetcher:[67] - Fetch commands: 0 success, cost: 0ms, totalSlot: 1, currentSlotIndex: 0
[INFO] 2025-10-13 12:29:54.318 +0800 o.a.d.s.m.c.IdSlotBasedCommandFetcher:[67] - Fetch commands: 0 success, cost: 0ms, totalSlot: 1, currentSlotIndex: 0
[INFO] 2025-10-13 12:29:55.319 +0800 o.a.d.s.m.c.IdSlotBasedCommandFetcher:[67] - Fetch commands: 0 success, cost: 0ms, totalSlot: 1, currentSlotIndex: 0
[INFO] 2025-10-13 12:29:56.319 +0800 o.a.d.s.m.c.IdSlotBasedCommandFetcher:[67] - Fetch commands: 0 success, cost: 0ms, totalSlot: 1, currentSlotIndex: 0
[INFO] 2025-10-13 12:29:57.059 +0800 o.a.d.s.m.r.t.TaskGroupCoordinator:[187] - Success amend TaskGroupQueue status cost: 0/ms
[INFO] 2025-10-13 12:29:57.061 +0800 o.a.d.s.m.r.t.TaskGroupCoordinator:[241] - Success deal with force start TaskGroupQueue cost: 0/ms
[INFO] 2025-10-13 12:29:57.061 +0800 o.a.d.s.m.r.t.TaskGroupCoordinator:[129] - TaskGroupCoordinator round time cost: 0/ms
[INFO] 2025-10-13 12:29:57.320 +0800 o.a.d.s.m.c.IdSlotBasedCommandFetcher:[67] - Fetch commands: 0 success, cost: 0ms, totalSlot: 1, currentSlotIndex: 0
[INFO] 2025-10-13 12:29:58.324 +0800 o.a.d.s.m.c.IdSlotBasedCommandFetcher:[67] - Fetch commands: 0 success, cost: 0ms, totalSlot: 1, currentSlotIndex: 0
[INFO] 2025-10-13 12:29:59.324 +0800 o.a.d.s.m.c.IdSlotBasedCommandFetcher:[67] - Fetch commands: 0 success, cost: 0ms, totalSlot: 1, currentSlotIndex: 0
[INFO] 2025-10-13 12:30:00.326 +0800 o.a.d.s.m.c.IdSlotBasedCommandFetcher:[67] - Fetch commands: 0 success, cost: 0ms, totalSlot: 1, currentSlotIndex: 0
[INFO] 2025-10-13 12:30:01.339 +0800 o.a.d.s.m.c.IdSlotBasedCommandFetcher:[67] - Fetch commands: 0 success, cost: 0ms, totalSlot: 1, currentSlotIndex: 0
[INFO] 2025-10-13 12:30:02.080 +0800 o.a.d.s.m.r.t.TaskGroupCoordinator:[187] - Success amend TaskGroupQueue status cost: 0/ms
[INFO] 2025-10-13 12:30:02.080 +0800 o.a.d.s.m.r.t.TaskGroupCoordinator:[241] - Success deal with force start TaskGroupQueue cost: 0/ms
[INFO] 2025-10-13 12:30:02.080 +0800 o.a.d.s.m.r.t.TaskGroupCoordinator:[129] - TaskGroupCoordinator round time cost: 0/ms
[INFO] 2025-10-13 12:30:02.340 +0800 o.a.d.s.m.c.IdSlotBasedCommandFetcher:[67] - Fetch commands: 0 success, cost: 0ms, totalSlot: 1, currentSlotIndex: 0
[INFO] 2025-10-13 12:30:03.341 +0800 o.a.d.s.m.c.IdSlotBasedCommandFetcher:[67] - Fetch commands: 0 success, cost: 0ms, totalSlot: 1, currentSlotIndex: 0
[INFO] 2025-10-13 12:30:04.347 +0800 o.a.d.s.m.c.IdSlotBasedCommandFetcher:[67] - Fetch commands: 0 success, cost: 0ms, totalSlot: 1, currentSlotIndex: 0
[INFO] 2025-10-13 12:30:05.347 +0800 o.a.d.s.m.c.IdSlotBasedCommandFetcher:[67] - Fetch commands: 0 success, cost: 0ms, totalSlot: 1, currentSlotIndex: 0
[INFO] 2025-10-13 12:30:06.362 +0800 o.a.d.s.m.c.IdSlotBasedCommandFetcher:[67] - Fetch commands: 0 success, cost: 0ms, totalSlot: 1, currentSlotIndex: 0
[INFO] 2025-10-13 12:30:07.085 +0800 o.a.d.s.m.r.t.TaskGroupCoordinator:[187] - Success amend TaskGroupQueue status cost: 0/ms
[INFO] 2025-10-13 12:30:07.085 +0800 o.a.d.s.m.r.t.TaskGroupCoordinator:[241] - Success deal with force start TaskGroupQueue cost: 0/ms
[INFO] 2025-10-13 12:30:07.085 +0800 o.a.d.s.m.r.t.TaskGroupCoordinator:[129] - TaskGroupCoordinator round time cost: 0/ms
[INFO] 2025-10-13 12:30:07.362 +0800 o.a.d.s.m.c.IdSlotBasedCommandFetcher:[67] - Fetch commands: 0 success, cost: 0ms, totalSlot: 1, currentSlotIndex: 0
[INFO] 2025-10-13 12:30:08.548 +0800 o.a.d.s.m.c.IdSlotBasedCommandFetcher:[67] - Fetch commands: 0 success, cost: 1ms, totalSlot: 1, currentSlotIndex: 0
[INFO] 2025-10-13 12:30:09.549 +0800 o.a.d.s.m.c.IdSlotBasedCommandFetcher:[67] - Fetch commands: 0 success, cost: 0ms, totalSlot: 1, currentSlotIndex: 0
[INFO] 2025-10-13 12:30:10.549 +0800 o.a.d.s.m.c.IdSlotBasedCommandFetcher:[67] - Fetch commands: 0 success, cost: 0ms, totalSlot: 1, currentSlotIndex: 0
[INFO] 2025-10-13 12:30:11.550 +0800 o.a.d.s.m.c.IdSlotBasedCommandFetcher:[67] - Fetch commands: 0 success, cost: 0ms, totalSlot: 1, currentSlotIndex: 0
[INFO] 2025-10-13 12:30:12.091 +0800 o.a.d.s.m.r.t.TaskGroupCoordinator:[187] - Success amend TaskGroupQueue status cost: 0/ms
[INFO] 2025-10-13 12:30:12.091 +0800 o.a.d.s.m.r.t.TaskGroupCoordinator:[241] - Success deal with force start TaskGroupQueue cost: 0/ms
[INFO] 2025-10-13 12:30:12.091 +0800 o.a.d.s.m.r.t.TaskGroupCoordinator:[129] - TaskGroupCoordinator round time cost: 0/ms
[INFO] 2025-10-13 12:30:12.550 +0800 o.a.d.s.m.c.IdSlotBasedCommandFetcher:[67] - Fetch commands: 0 success, cost: 0ms, totalSlot: 1, currentSlotIndex: 0
[INFO] 2025-10-13 12:30:13.550 +0800 o.a.d.s.m.c.IdSlotBasedCommandFetcher:[67] - Fetch commands: 0 success, cost: 0ms, totalSlot: 1, currentSlotIndex: 0
[INFO] 2025-10-13 12:30:14.551 +0800 o.a.d.s.m.c.IdSlotBasedCommandFetcher:[67] - Fetch commands: 0 success, cost: 0ms, totalSlot: 1, currentSlotIndex: 0
[INFO] 2025-10-13 12:30:15.551 +0800 o.a.d.s.m.c.IdSlotBasedCommandFetcher:[67] - Fetch commands: 0 success, cost: 0ms, totalSlot: 1, currentSlotIndex: 0
[INFO] 2025-10-13 12:30:16.552 +0800 o.a.d.s.m.c.IdSlotBasedCommandFetcher:[67] - Fetch commands: 0 success, cost: 0ms, totalSlot: 1, currentSlotIndex: 0
[INFO] 2025-10-13 12:30:17.097 +0800 o.a.d.s.m.r.t.TaskGroupCoordinator:[187] - Success amend TaskGroupQueue status cost: 0/ms
[INFO] 2025-10-13 12:30:17.097 +0800 o.a.d.s.m.r.t.TaskGroupCoordinator:[241] - Success deal with force start TaskGroupQueue cost: 0/ms
[INFO] 2025-10-13 12:30:17.097 +0800 o.a.d.s.m.r.t.TaskGroupCoordinator:[129] - TaskGroupCoordinator round time cost: 0/ms
[INFO] 2025-10-13 12:30:17.553 +0800 o.a.d.s.m.c.IdSlotBasedCommandFetcher:[67] - Fetch commands: 0 success, cost: 0ms, totalSlot: 1, currentSlotIndex: 0
[INFO] 2025-10-13 12:30:18.554 +0800 o.a.d.s.m.c.IdSlotBasedCommandFetcher:[67] - Fetch commands: 0 success, cost: 0ms, totalSlot: 1, currentSlotIndex: 0
[INFO] 2025-10-13 12:30:19.555 +0800 o.a.d.s.m.c.IdSlotBasedCommandFetcher:[67] - Fetch commands: 0 success, cost: 0ms, totalSlot: 1, currentSlotIndex: 0
[INFO] 2025-10-13 12:30:20.555 +0800 o.a.d.s.m.c.IdSlotBasedCommandFetcher:[67] - Fetch commands: 0 success, cost: 0ms, totalSlot: 1, currentSlotIndex: 0
[INFO] 2025-10-13 12:30:21.555 +0800 o.a.d.s.m.c.IdSlotBasedCommandFetcher:[67] - Fetch commands: 0 success, cost: 0ms, totalSlot: 1, currentSlotIndex: 0
[INFO] 2025-10-13 12:30:22.103 +0800 o.a.d.s.m.r.t.TaskGroupCoordinator:[187] - Success amend TaskGroupQueue status cost: 0/ms
[INFO] 2025-10-13 12:30:22.103 +0800 o.a.d.s.m.r.t.TaskGroupCoordinator:[241] - Success deal with force start TaskGroupQueue cost: 0/ms
[INFO] 2025-10-13 12:30:22.103 +0800 o.a.d.s.m.r.t.TaskGroupCoordinator:[129] - TaskGroupCoordinator round time cost: 0/ms
[INFO] 2025-10-13 12:30:22.556 +0800 o.a.d.s.m.c.IdSlotBasedCommandFetcher:[67] - Fetch commands: 0 success, cost: 0ms, totalSlot: 1, currentSlotIndex: 0
[INFO] 2025-10-13 12:30:23.557 +0800 o.a.d.s.m.c.IdSlotBasedCommandFetcher:[67] - Fetch commands: 0 success, cost: 0ms, totalSlot: 1, currentSlotIndex: 0
[INFO] 2025-10-13 12:30:24.558 +0800 o.a.d.s.m.c.IdSlotBasedCommandFetcher:[67] - Fetch commands: 0 success, cost: 0ms, totalSlot: 1, currentSlotIndex: 0
[INFO] 2025-10-13 12:30:25.559 +0800 o.a.d.s.m.c.IdSlotBasedCommandFetcher:[67] - Fetch commands: 0 success, cost: 0ms, totalSlot: 1, currentSlotIndex: 0
[INFO] 2025-10-13 12:30:26.560 +0800 o.a.d.s.m.c.IdSlotBasedCommandFetcher:[67] - Fetch commands: 0 success, cost: 0ms, totalSlot: 1, currentSlotIndex: 0
[INFO] 2025-10-13 12:30:27.107 +0800 o.a.d.s.m.r.t.TaskGroupCoordinator:[187] - Success amend TaskGroupQueue status cost: 0/ms
[INFO] 2025-10-13 12:30:27.107 +0800 o.a.d.s.m.r.t.TaskGroupCoordinator:[241] - Success deal with force start TaskGroupQueue cost: 0/ms
[INFO] 2025-10-13 12:30:27.107 +0800 o.a.d.s.m.r.t.TaskGroupCoordinator:[129] - TaskGroupCoordinator round time cost: 0/ms
[INFO] 2025-10-13 12:30:27.561 +0800 o.a.d.s.m.c.IdSlotBasedCommandFetcher:[67] - Fetch commands: 0 success, cost: 0ms, totalSlot: 1, currentSlotIndex: 0
[INFO] 2025-10-13 12:30:28.567 +0800 o.a.d.s.m.c.IdSlotBasedCommandFetcher:[67] - Fetch commands: 0 success, cost: 0ms, totalSlot: 1, currentSlotIndex: 0
[INFO] 2025-10-13 12:30:29.567 +0800 o.a.d.s.m.c.IdSlotBasedCommandFetcher:[67] - Fetch commands: 0 success, cost: 0ms, totalSlot: 1, currentSlotIndex: 0
[INFO] 2025-10-13 12:30:30.573 +0800 o.a.d.s.m.c.IdSlotBasedCommandFetcher:[67] - Fetch commands: 0 success, cost: 0ms, totalSlot: 1, currentSlotIndex: 0
[INFO] 2025-10-13 12:30:31.573 +0800 o.a.d.s.m.c.IdSlotBasedCommandFetcher:[67] - Fetch commands: 0 success, cost: 0ms, totalSlot: 1, currentSlotIndex: 0
[INFO] 2025-10-13 12:30:32.120 +0800 o.a.d.s.m.r.t.TaskGroupCoordinator:[187] - Success amend TaskGroupQueue status cost: 0/ms
[INFO] 2025-10-13 12:30:32.120 +0800 o.a.d.s.m.r.t.TaskGroupCoordinator:[241] - Success deal with force start TaskGroupQueue cost: 0/ms
[INFO] 2025-10-13 12:30:32.120 +0800 o.a.d.s.m.r.t.TaskGroupCoordinator:[129] - TaskGroupCoordinator round time cost: 0/ms
[INFO] 2025-10-13 12:30:32.581 +0800 o.a.d.s.m.c.IdSlotBasedCommandFetcher:[67] - Fetch commands: 0 success, cost: 0ms, totalSlot: 1, currentSlotIndex: 0
[INFO] 2025-10-13 12:30:33.589 +0800 o.a.d.s.m.c.IdSlotBasedCommandFetcher:[67] - Fetch commands: 0 success, cost: 0ms, totalSlot: 1, currentSlotIndex: 0
[INFO] 2025-10-13 12:30:34.773 +0800 o.a.d.s.m.c.IdSlotBasedCommandFetcher:[67] - Fetch commands: 0 success, cost: 0ms, totalSlot: 1, currentSlotIndex: 0
[INFO] 2025-10-13 12:30:35.788 +0800 o.a.d.s.m.c.IdSlotBasedCommandFetcher:[67] - Fetch commands: 0 success, cost: 0ms, totalSlot: 1, currentSlotIndex: 0
[INFO] 2025-10-13 12:30:36.788 +0800 o.a.d.s.m.c.IdSlotBasedCommandFetcher:[67] - Fetch commands: 0 success, cost: 0ms, totalSlot: 1, currentSlotIndex: 0
[INFO] 2025-10-13 12:30:37.130 +0800 o.a.d.s.m.r.t.TaskGroupCoordinator:[187] - Success amend TaskGroupQueue status cost: 0/ms
[INFO] 2025-10-13 12:30:37.131 +0800 o.a.d.s.m.r.t.TaskGroupCoordinator:[241] - Success deal with force start TaskGroupQueue cost: 0/ms
[INFO] 2025-10-13 12:30:37.131 +0800 o.a.d.s.m.r.t.TaskGroupCoordinator:[129] - TaskGroupCoordinator round time cost: 0/ms
[INFO] 2025-10-13 12:30:37.792 +0800 o.a.d.s.m.c.IdSlotBasedCommandFetcher:[67] - Fetch commands: 0 success, cost: 0ms, totalSlot: 1, currentSlotIndex: 0
[INFO] 2025-10-13 12:30:38.793 +0800 o.a.d.s.m.c.IdSlotBasedCommandFetcher:[67] - Fetch commands: 0 success, cost: 0ms, totalSlot: 1, currentSlotIndex: 0
[INFO] 2025-10-13 12:30:39.793 +0800 o.a.d.s.m.c.IdSlotBasedCommandFetcher:[67] - Fetch commands: 0 success, cost: 0ms, totalSlot: 1, currentSlotIndex: 0
[INFO] 2025-10-13 12:30:40.793 +0800 o.a.d.s.m.c.IdSlotBasedCommandFetcher:[67] - Fetch commands: 0 success, cost: 0ms, totalSlot: 1, currentSlotIndex: 0
[INFO] 2025-10-13 12:30:41.793 +0800 o.a.d.s.m.c.IdSlotBasedCommandFetcher:[67] - Fetch commands: 0 success, cost: 0ms, totalSlot: 1, currentSlotIndex: 0
[INFO] 2025-10-13 12:30:42.136 +0800 o.a.d.s.m.r.t.TaskGroupCoordinator:[187] - Success amend TaskGroupQueue status cost: 0/ms
[INFO] 2025-10-13 12:30:42.136 +0800 o.a.d.s.m.r.t.TaskGroupCoordinator:[241] - Success deal with force start TaskGroupQueue cost: 0/ms
[INFO] 2025-10-13 12:30:42.136 +0800 o.a.d.s.m.r.t.TaskGroupCoordinator:[129] - TaskGroupCoordinator round time cost: 0/ms
[INFO] 2025-10-13 12:30:42.793 +0800 o.a.d.s.m.c.IdSlotBasedCommandFetcher:[67] - Fetch commands: 0 success, cost: 0ms, totalSlot: 1, currentSlotIndex: 0
[INFO] 2025-10-13 12:30:43.794 +0800 o.a.d.s.m.c.IdSlotBasedCommandFetcher:[67] - Fetch commands: 0 success, cost: 0ms, totalSlot: 1, currentSlotIndex: 0
[INFO] 2025-10-13 12:30:44.795 +0800 o.a.d.s.m.c.IdSlotBasedCommandFetcher:[67] - Fetch commands: 0 success, cost: 0ms, totalSlot: 1, currentSlotIndex: 0
[INFO] 2025-10-13 12:30:45.795 +0800 o.a.d.s.m.c.IdSlotBasedCommandFetcher:[67] - Fetch commands: 0 success, cost: 0ms, totalSlot: 1, currentSlotIndex: 0
[INFO] 2025-10-13 12:30:46.795 +0800 o.a.d.s.m.c.IdSlotBasedCommandFetcher:[67] - Fetch commands: 0 success, cost: 0ms, totalSlot: 1, currentSlotIndex: 0
[INFO] 2025-10-13 12:30:47.149 +0800 o.a.d.s.m.r.t.TaskGroupCoordinator:[187] - Success amend TaskGroupQueue status cost: 0/ms
[INFO] 2025-10-13 12:30:47.150 +0800 o.a.d.s.m.r.t.TaskGroupCoordinator:[241] - Success deal with force start TaskGroupQueue cost: 0/ms
[INFO] 2025-10-13 12:30:47.150 +0800 o.a.d.s.m.r.t.TaskGroupCoordinator:[129] - TaskGroupCoordinator round time cost: 0/ms
[INFO] 2025-10-13 12:30:47.796 +0800 o.a.d.s.m.c.IdSlotBasedCommandFetcher:[67] - Fetch commands: 0 success, cost: 0ms, totalSlot: 1, currentSlotIndex: 0
[INFO] 2025-10-13 12:30:48.797 +0800 o.a.d.s.m.c.IdSlotBasedCommandFetcher:[67] - Fetch commands: 0 success, cost: 0ms, totalSlot: 1, currentSlotIndex: 0
[INFO] 2025-10-13 12:30:49.797 +0800 o.a.d.s.m.c.IdSlotBasedCommandFetcher:[67] - Fetch commands: 0 success, cost: 0ms, totalSlot: 1, currentSlotIndex: 0
[INFO] 2025-10-13 12:30:50.798 +0800 o.a.d.s.m.c.IdSlotBasedCommandFetcher:[67] - Fetch commands: 0 success, cost: 0ms, totalSlot: 1, currentSlotIndex: 0
[INFO] 2025-10-13 12:30:51.798 +0800 o.a.d.s.m.c.IdSlotBasedCommandFetcher:[67] - Fetch commands: 0 success, cost: 0ms, totalSlot: 1, currentSlotIndex: 0
[INFO] 2025-10-13 12:30:52.153 +0800 o.a.d.s.m.r.t.TaskGroupCoordinator:[187] - Success amend TaskGroupQueue status cost: 0/ms
[INFO] 2025-10-13 12:30:52.153 +0800 o.a.d.s.m.r.t.TaskGroupCoordinator:[241] - Success deal with force start TaskGroupQueue cost: 0/ms
[INFO] 2025-10-13 12:30:52.153 +0800 o.a.d.s.m.r.t.TaskGroupCoordinator:[129] - TaskGroupCoordinator round time cost: 0/ms
[INFO] 2025-10-13 12:30:52.798 +0800 o.a.d.s.m.c.IdSlotBasedCommandFetcher:[67] - Fetch commands: 0 success, cost: 0ms, totalSlot: 1, currentSlotIndex: 0
[INFO] 2025-10-13 12:30:53.799 +0800 o.a.d.s.m.c.IdSlotBasedCommandFetcher:[67] - Fetch commands: 0 success, cost: 0ms, totalSlot: 1, currentSlotIndex: 0
[INFO] 2025-10-13 12:30:54.800 +0800 o.a.d.s.m.c.IdSlotBasedCommandFetcher:[67] - Fetch commands: 0 success, cost: 0ms, totalSlot: 1, currentSlotIndex: 0
[INFO] 2025-10-13 12:30:55.800 +0800 o.a.d.s.m.c.IdSlotBasedCommandFetcher:[67] - Fetch commands: 0 success, cost: 0ms, totalSlot: 1, currentSlotIndex: 0
[INFO] 2025-10-13 12:30:56.800 +0800 o.a.d.s.m.c.IdSlotBasedCommandFetcher:[67] - Fetch commands: 0 success, cost: 0ms, totalSlot: 1, currentSlotIndex: 0
[INFO] 2025-10-13 12:30:57.158 +0800 o.a.d.s.m.r.t.TaskGroupCoordinator:[187] - Success amend TaskGroupQueue status cost: 0/ms
[INFO] 2025-10-13 12:30:57.159 +0800 o.a.d.s.m.r.t.TaskGroupCoordinator:[241] - Success deal with force start TaskGroupQueue cost: 0/ms
[INFO] 2025-10-13 12:30:57.159 +0800 o.a.d.s.m.r.t.TaskGroupCoordinator:[129] - TaskGroupCoordinator round time cost: 0/ms
[INFO] 2025-10-13 12:30:57.801 +0800 o.a.d.s.m.c.IdSlotBasedCommandFetcher:[67] - Fetch commands: 0 success, cost: 0ms, totalSlot: 1, currentSlotIndex: 0
[INFO] 2025-10-13 12:30:58.802 +0800 o.a.d.s.m.c.IdSlotBasedCommandFetcher:[67] - Fetch commands: 0 success, cost: 0ms, totalSlot: 1, currentSlotIndex: 0
[INFO] 2025-10-13 12:30:59.803 +0800 o.a.d.s.m.c.IdSlotBasedCommandFetcher:[67] - Fetch commands: 0 success, cost: 0ms, totalSlot: 1, currentSlotIndex: 0
[INFO] 2025-10-13 12:31:00.948 +0800 o.a.d.s.m.c.IdSlotBasedCommandFetcher:[67] - Fetch commands: 0 success, cost: 0ms, totalSlot: 1, currentSlotIndex: 0
[INFO] 2025-10-13 12:31:02.021 +0800 o.a.d.s.m.c.IdSlotBasedCommandFetcher:[67] - Fetch commands: 0 success, cost: 0ms, totalSlot: 1, currentSlotIndex: 0
[INFO] 2025-10-13 12:31:02.165 +0800 o.a.d.s.m.r.t.TaskGroupCoordinator:[187] - Success amend TaskGroupQueue status cost: 0/ms
[INFO] 2025-10-13 12:31:02.166 +0800 o.a.d.s.m.r.t.TaskGroupCoordinator:[241] - Success deal with force start TaskGroupQueue cost: 0/ms
[INFO] 2025-10-13 12:31:02.166 +0800 o.a.d.s.m.r.t.TaskGroupCoordinator:[129] - TaskGroupCoordinator round time cost: 0/ms
[INFO] 2025-10-13 12:31:03.142 +0800 o.a.d.s.m.c.IdSlotBasedCommandFetcher:[67] - Fetch commands: 0 success, cost: 0ms, totalSlot: 1, currentSlotIndex: 0
[INFO] 2025-10-13 12:31:04.142 +0800 o.a.d.s.m.c.IdSlotBasedCommandFetcher:[67] - Fetch commands: 0 success, cost: 0ms, totalSlot: 1, currentSlotIndex: 0
[INFO] 2025-10-13 12:31:05.143 +0800 o.a.d.s.m.c.IdSlotBasedCommandFetcher:[67] - Fetch commands: 0 success, cost: 0ms, totalSlot: 1, currentSlotIndex: 0
[INFO] 2025-10-13 12:31:06.143 +0800 o.a.d.s.m.c.IdSlotBasedCommandFetcher:[67] - Fetch commands: 0 success, cost: 0ms, totalSlot: 1, currentSlotIndex: 0
[INFO] 2025-10-13 12:31:07.144 +0800 o.a.d.s.m.c.IdSlotBasedCommandFetcher:[67] - Fetch commands: 0 success, cost: 0ms, totalSlot: 1, currentSlotIndex: 0
[INFO] 2025-10-13 12:31:07.172 +0800 o.a.d.s.m.r.t.TaskGroupCoordinator:[187] - Success amend TaskGroupQueue status cost: 0/ms
[INFO] 2025-10-13 12:31:07.172 +0800 o.a.d.s.m.r.t.TaskGroupCoordinator:[241] - Success deal with force start TaskGroupQueue cost: 0/ms
[INFO] 2025-10-13 12:31:07.172 +0800 o.a.d.s.m.r.t.TaskGroupCoordinator:[129] - TaskGroupCoordinator round time cost: 0/ms
[INFO] 2025-10-13 12:31:08.155 +0800 o.a.d.s.m.c.IdSlotBasedCommandFetcher:[67] - Fetch commands: 0 success, cost: 0ms, totalSlot: 1, currentSlotIndex: 0
[INFO] 2025-10-13 12:31:09.156 +0800 o.a.d.s.m.c.IdSlotBasedCommandFetcher:[67] - Fetch commands: 0 success, cost: 0ms, totalSlot: 1, currentSlotIndex: 0
[INFO] 2025-10-13 12:31:10.157 +0800 o.a.d.s.m.c.IdSlotBasedCommandFetcher:[67] - Fetch commands: 0 success, cost: 0ms, totalSlot: 1, currentSlotIndex: 0
[INFO] 2025-10-13 12:31:11.160 +0800 o.a.d.s.m.c.IdSlotBasedCommandFetcher:[67] - Fetch commands: 0 success, cost: 0ms, totalSlot: 1, currentSlotIndex: 0
[INFO] 2025-10-13 12:31:12.160 +0800 o.a.d.s.m.c.IdSlotBasedCommandFetcher:[67] - Fetch commands: 0 success, cost: 0ms, totalSlot: 1, currentSlotIndex: 0
[INFO] 2025-10-13 12:31:12.192 +0800 o.a.d.s.m.r.t.TaskGroupCoordinator:[187] - Success amend TaskGroupQueue status cost: 0/ms
[INFO] 2025-10-13 12:31:12.192 +0800 o.a.d.s.m.r.t.TaskGroupCoordinator:[241] - Success deal with force start TaskGroupQueue cost: 0/ms
[INFO] 2025-10-13 12:31:12.192 +0800 o.a.d.s.m.r.t.TaskGroupCoordinator:[129] - TaskGroupCoordinator round time cost: 0/ms
[INFO] 2025-10-13 12:31:13.163 +0800 o.a.d.s.m.c.IdSlotBasedCommandFetcher:[67] - Fetch commands: 0 success, cost: 0ms, totalSlot: 1, currentSlotIndex: 0
[INFO] 2025-10-13 12:31:14.163 +0800 o.a.d.s.m.c.IdSlotBasedCommandFetcher:[67] - Fetch commands: 0 success, cost: 0ms, totalSlot: 1, currentSlotIndex: 0
[INFO] 2025-10-13 12:31:15.163 +0800 o.a.d.s.m.c.IdSlotBasedCommandFetcher:[67] - Fetch commands: 0 success, cost: 0ms, totalSlot: 1, currentSlotIndex: 0
[INFO] 2025-10-13 12:31:16.318 +0800 o.a.d.s.m.c.IdSlotBasedCommandFetcher:[67] - Fetch commands: 0 success, cost: 0ms, totalSlot: 1, currentSlotIndex: 0
[INFO] 2025-10-13 12:31:17.213 +0800 o.a.d.s.m.r.t.TaskGroupCoordinator:[187] - Success amend TaskGroupQueue status cost: 0/ms
[INFO] 2025-10-13 12:31:17.213 +0800 o.a.d.s.m.r.t.TaskGroupCoordinator:[241] - Success deal with force start TaskGroupQueue cost: 0/ms
[INFO] 2025-10-13 12:31:17.213 +0800 o.a.d.s.m.r.t.TaskGroupCoordinator:[129] - TaskGroupCoordinator round time cost: 0/ms
[INFO] 2025-10-13 12:31:17.410 +0800 o.a.d.s.m.c.IdSlotBasedCommandFetcher:[67] - Fetch commands: 0 success, cost: 0ms, totalSlot: 1, currentSlotIndex: 0
[INFO] 2025-10-13 12:31:18.481 +0800 o.a.d.s.m.c.IdSlotBasedCommandFetcher:[67] - Fetch commands: 0 success, cost: 0ms, totalSlot: 1, currentSlotIndex: 0
[INFO] 2025-10-13 12:31:19.553 +0800 o.a.d.s.m.c.IdSlotBasedCommandFetcher:[67] - Fetch commands: 0 success, cost: 0ms, totalSlot: 1, currentSlotIndex: 0
[INFO] 2025-10-13 12:31:20.624 +0800 o.a.d.s.m.c.IdSlotBasedCommandFetcher:[67] - Fetch commands: 0 success, cost: 0ms, totalSlot: 1, currentSlotIndex: 0
[INFO] 2025-10-13 12:31:21.694 +0800 o.a.d.s.m.c.IdSlotBasedCommandFetcher:[67] - Fetch commands: 0 success, cost: 0ms, totalSlot: 1, currentSlotIndex: 0
[INFO] 2025-10-13 12:31:22.217 +0800 o.a.d.s.m.r.t.TaskGroupCoordinator:[187] - Success amend TaskGroupQueue status cost: 0/ms
[INFO] 2025-10-13 12:31:22.217 +0800 o.a.d.s.m.r.t.TaskGroupCoordinator:[241] - Success deal with force start TaskGroupQueue cost: 0/ms
[INFO] 2025-10-13 12:31:22.218 +0800 o.a.d.s.m.r.t.TaskGroupCoordinator:[129] - TaskGroupCoordinator round time cost: 0/ms
[INFO] 2025-10-13 12:31:22.768 +0800 o.a.d.s.m.c.IdSlotBasedCommandFetcher:[67] - Fetch commands: 0 success, cost: 0ms, totalSlot: 1, currentSlotIndex: 0
[INFO] 2025-10-13 12:31:23.844 +0800 o.a.d.s.m.c.IdSlotBasedCommandFetcher:[67] - Fetch commands: 0 success, cost: 0ms, totalSlot: 1, currentSlotIndex: 0
[INFO] 2025-10-13 12:31:24.928 +0800 o.a.d.s.m.c.IdSlotBasedCommandFetcher:[67] - Fetch commands: 0 success, cost: 1ms, totalSlot: 1, currentSlotIndex: 0
[INFO] 2025-10-13 12:31:26.046 +0800 o.a.d.s.m.c.IdSlotBasedCommandFetcher:[67] - Fetch commands: 0 success, cost: 0ms, totalSlot: 1, currentSlotIndex: 0
[INFO] 2025-10-13 12:31:27.046 +0800 o.a.d.s.m.c.IdSlotBasedCommandFetcher:[67] - Fetch commands: 0 success, cost: 0ms, totalSlot: 1, currentSlotIndex: 0
[INFO] 2025-10-13 12:31:27.222 +0800 o.a.d.s.m.r.t.TaskGroupCoordinator:[187] - Success amend TaskGroupQueue status cost: 0/ms
[INFO] 2025-10-13 12:31:27.222 +0800 o.a.d.s.m.r.t.TaskGroupCoordinator:[241] - Success deal with force start TaskGroupQueue cost: 0/ms
[INFO] 2025-10-13 12:31:27.222 +0800 o.a.d.s.m.r.t.TaskGroupCoordinator:[129] - TaskGroupCoordinator round time cost: 0/ms
[INFO] 2025-10-13 12:31:28.051 +0800 o.a.d.s.m.c.IdSlotBasedCommandFetcher:[67] - Fetch commands: 0 success, cost: 0ms, totalSlot: 1, currentSlotIndex: 0
[INFO] 2025-10-13 12:31:29.052 +0800 o.a.d.s.m.c.IdSlotBasedCommandFetcher:[67] - Fetch commands: 0 success, cost: 0ms, totalSlot: 1, currentSlotIndex: 0
[INFO] 2025-10-13 12:31:30.062 +0800 o.a.d.s.m.c.IdSlotBasedCommandFetcher:[67] - Fetch commands: 0 success, cost: 0ms, totalSlot: 1, currentSlotIndex: 0
[INFO] 2025-10-13 12:31:31.062 +0800 o.a.d.s.m.c.IdSlotBasedCommandFetcher:[67] - Fetch commands: 0 success, cost: 0ms, totalSlot: 1, currentSlotIndex: 0
[INFO] 2025-10-13 12:31:32.063 +0800 o.a.d.s.m.c.IdSlotBasedCommandFetcher:[67] - Fetch commands: 0 success, cost: 0ms, totalSlot: 1, currentSlotIndex: 0
[INFO] 2025-10-13 12:31:32.235 +0800 o.a.d.s.m.r.t.TaskGroupCoordinator:[187] - Success amend TaskGroupQueue status cost: 0/ms
[INFO] 2025-10-13 12:31:32.235 +0800 o.a.d.s.m.r.t.TaskGroupCoordinator:[241] - Success deal with force start TaskGroupQueue cost: 0/ms
[INFO] 2025-10-13 12:31:32.235 +0800 o.a.d.s.m.r.t.TaskGroupCoordinator:[129] - TaskGroupCoordinator round time cost: 0/ms
[INFO] 2025-10-13 12:31:33.063 +0800 o.a.d.s.m.c.IdSlotBasedCommandFetcher:[67] - Fetch commands: 0 success, cost: 0ms, totalSlot: 1, currentSlotIndex: 0
[INFO] 2025-10-13 12:31:34.076 +0800 o.a.d.s.m.c.IdSlotBasedCommandFetcher:[67] - Fetch commands: 0 success, cost: 0ms, totalSlot: 1, currentSlotIndex: 0
[INFO] 2025-10-13 12:31:35.077 +0800 o.a.d.s.m.c.IdSlotBasedCommandFetcher:[67] - Fetch commands: 0 success, cost: 0ms, totalSlot: 1, currentSlotIndex: 0
[INFO] 2025-10-13 12:31:36.077 +0800 o.a.d.s.m.c.IdSlotBasedCommandFetcher:[67] - Fetch commands: 0 success, cost: 0ms, totalSlot: 1, currentSlotIndex: 0
[INFO] 2025-10-13 12:31:37.088 +0800 o.a.d.s.m.c.IdSlotBasedCommandFetcher:[67] - Fetch commands: 0 success, cost: 0ms, totalSlot: 1, currentSlotIndex: 0
[INFO] 2025-10-13 12:31:37.240 +0800 o.a.d.s.m.r.t.TaskGroupCoordinator:[187] - Success amend TaskGroupQueue status cost: 0/ms
[INFO] 2025-10-13 12:31:37.241 +0800 o.a.d.s.m.r.t.TaskGroupCoordinator:[241] - Success deal with force start TaskGroupQueue cost: 0/ms
[INFO] 2025-10-13 12:31:37.241 +0800 o.a.d.s.m.r.t.TaskGroupCoordinator:[129] - TaskGroupCoordinator round time cost: 0/ms
[INFO] 2025-10-13 12:31:38.089 +0800 o.a.d.s.m.c.IdSlotBasedCommandFetcher:[67] - Fetch commands: 0 success, cost: 0ms, totalSlot: 1, currentSlotIndex: 0
[INFO] 2025-10-13 12:31:39.251 +0800 o.a.d.s.m.c.IdSlotBasedCommandFetcher:[67] - Fetch commands: 0 success, cost: 0ms, totalSlot: 1, currentSlotIndex: 0
[INFO] 2025-10-13 12:31:40.251 +0800 o.a.d.s.m.c.IdSlotBasedCommandFetcher:[67] - Fetch commands: 0 success, cost: 0ms, totalSlot: 1, currentSlotIndex: 0
[INFO] 2025-10-13 12:31:41.251 +0800 o.a.d.s.m.c.IdSlotBasedCommandFetcher:[67] - Fetch commands: 0 success, cost: 0ms, totalSlot: 1, currentSlotIndex: 0
[INFO] 2025-10-13 12:31:42.246 +0800 o.a.d.s.m.r.t.TaskGroupCoordinator:[187] - Success amend TaskGroupQueue status cost: 0/ms
[INFO] 2025-10-13 12:31:42.246 +0800 o.a.d.s.m.r.t.TaskGroupCoordinator:[241] - Success deal with force start TaskGroupQueue cost: 0/ms
[INFO] 2025-10-13 12:31:42.246 +0800 o.a.d.s.m.r.t.TaskGroupCoordinator:[129] - TaskGroupCoordinator round time cost: 0/ms
[INFO] 2025-10-13 12:31:42.252 +0800 o.a.d.s.m.c.IdSlotBasedCommandFetcher:[67] - Fetch commands: 0 success, cost: 0ms, totalSlot: 1, currentSlotIndex: 0
[INFO] 2025-10-13 12:31:43.253 +0800 o.a.d.s.m.c.IdSlotBasedCommandFetcher:[67] - Fetch commands: 0 success, cost: 0ms, totalSlot: 1, currentSlotIndex: 0
[INFO] 2025-10-13 12:31:44.253 +0800 o.a.d.s.m.c.IdSlotBasedCommandFetcher:[67] - Fetch commands: 0 success, cost: 0ms, totalSlot: 1, currentSlotIndex: 0
[INFO] 2025-10-13 12:31:45.253 +0800 o.a.d.s.m.c.IdSlotBasedCommandFetcher:[67] - Fetch commands: 0 success, cost: 0ms, totalSlot: 1, currentSlotIndex: 0
[INFO] 2025-10-13 12:31:46.254 +0800 o.a.d.s.m.c.IdSlotBasedCommandFetcher:[67] - Fetch commands: 0 success, cost: 0ms, totalSlot: 1, currentSlotIndex: 0
[INFO] 2025-10-13 12:31:47.254 +0800 o.a.d.s.m.c.IdSlotBasedCommandFetcher:[67] - Fetch commands: 0 success, cost: 0ms, totalSlot: 1, currentSlotIndex: 0
[INFO] 2025-10-13 12:31:47.255 +0800 o.a.d.s.m.r.t.TaskGroupCoordinator:[187] - Success amend TaskGroupQueue status cost: 0/ms
[INFO] 2025-10-13 12:31:47.255 +0800 o.a.d.s.m.r.t.TaskGroupCoordinator:[241] - Success deal with force start TaskGroupQueue cost: 0/ms
[INFO] 2025-10-13 12:31:47.255 +0800 o.a.d.s.m.r.t.TaskGroupCoordinator:[129] - TaskGroupCoordinator round time cost: 0/ms
[INFO] 2025-10-13 12:31:48.256 +0800 o.a.d.s.m.c.IdSlotBasedCommandFetcher:[67] - Fetch commands: 0 success, cost: 0ms, totalSlot: 1, currentSlotIndex: 0
[INFO] 2025-10-13 12:31:49.258 +0800 o.a.d.s.m.c.IdSlotBasedCommandFetcher:[67] - Fetch commands: 0 success, cost: 0ms, totalSlot: 1, currentSlotIndex: 0
[INFO] 2025-10-13 12:31:50.258 +0800 o.a.d.s.m.c.IdSlotBasedCommandFetcher:[67] - Fetch commands: 0 success, cost: 0ms, totalSlot: 1, currentSlotIndex: 0
[INFO] 2025-10-13 12:31:51.259 +0800 o.a.d.s.m.c.IdSlotBasedCommandFetcher:[67] - Fetch commands: 0 success, cost: 0ms, totalSlot: 1, currentSlotIndex: 0
[INFO] 2025-10-13 12:31:52.261 +0800 o.a.d.s.m.c.IdSlotBasedCommandFetcher:[67] - Fetch commands: 0 success, cost: 0ms, totalSlot: 1, currentSlotIndex: 0
[INFO] 2025-10-13 12:31:52.271 +0800 o.a.d.s.m.r.t.TaskGroupCoordinator:[187] - Success amend TaskGroupQueue status cost: 0/ms
[INFO] 2025-10-13 12:31:52.271 +0800 o.a.d.s.m.r.t.TaskGroupCoordinator:[241] - Success deal with force start TaskGroupQueue cost: 0/ms
[INFO] 2025-10-13 12:31:52.271 +0800 o.a.d.s.m.r.t.TaskGroupCoordinator:[129] - TaskGroupCoordinator round time cost: 0/ms
[INFO] 2025-10-13 12:31:53.262 +0800 o.a.d.s.m.c.IdSlotBasedCommandFetcher:[67] - Fetch commands: 0 success, cost: 0ms, totalSlot: 1, currentSlotIndex: 0
[INFO] 2025-10-13 12:31:54.276 +0800 o.a.d.s.m.c.IdSlotBasedCommandFetcher:[67] - Fetch commands: 0 success, cost: 0ms, totalSlot: 1, currentSlotIndex: 0
[INFO] 2025-10-13 12:31:55.276 +0800 o.a.d.s.m.c.IdSlotBasedCommandFetcher:[67] - Fetch commands: 0 success, cost: 0ms, totalSlot: 1, currentSlotIndex: 0
[INFO] 2025-10-13 12:31:56.281 +0800 o.a.d.s.m.c.IdSlotBasedCommandFetcher:[67] - Fetch commands: 0 success, cost: 0ms, totalSlot: 1, currentSlotIndex: 0
[INFO] 2025-10-13 12:31:57.276 +0800 o.a.d.s.m.r.t.TaskGroupCoordinator:[187] - Success amend TaskGroupQueue status cost: 0/ms
[INFO] 2025-10-13 12:31:57.276 +0800 o.a.d.s.m.r.t.TaskGroupCoordinator:[241] - Success deal with force start TaskGroupQueue cost: 0/ms
[INFO] 2025-10-13 12:31:57.276 +0800 o.a.d.s.m.r.t.TaskGroupCoordinator:[129] - TaskGroupCoordinator round time cost: 0/ms
[INFO] 2025-10-13 12:31:57.282 +0800 o.a.d.s.m.c.IdSlotBasedCommandFetcher:[67] - Fetch commands: 0 success, cost: 0ms, totalSlot: 1, currentSlotIndex: 0
[INFO] 2025-10-13 12:31:58.283 +0800 o.a.d.s.m.c.IdSlotBasedCommandFetcher:[67] - Fetch commands: 0 success, cost: 0ms, totalSlot: 1, currentSlotIndex: 0
[INFO] 2025-10-13 12:31:59.283 +0800 o.a.d.s.m.c.IdSlotBasedCommandFetcher:[67] - Fetch commands: 0 success, cost: 0ms, totalSlot: 1, currentSlotIndex: 0
[INFO] 2025-10-13 12:32:00.283 +0800 o.a.d.s.m.c.IdSlotBasedCommandFetcher:[67] - Fetch commands: 0 success, cost: 0ms, totalSlot: 1, currentSlotIndex: 0
[INFO] 2025-10-13 12:32:01.284 +0800 o.a.d.s.m.c.IdSlotBasedCommandFetcher:[67] - Fetch commands: 0 success, cost: 0ms, totalSlot: 1, currentSlotIndex: 0
[INFO] 2025-10-13 12:32:02.282 +0800 o.a.d.s.m.r.t.TaskGroupCoordinator:[187] - Success amend TaskGroupQueue status cost: 0/ms
[INFO] 2025-10-13 12:32:02.283 +0800 o.a.d.s.m.r.t.TaskGroupCoordinator:[241] - Success deal with force start TaskGroupQueue cost: 0/ms
[INFO] 2025-10-13 12:32:02.283 +0800 o.a.d.s.m.r.t.TaskGroupCoordinator:[129] - TaskGroupCoordinator round time cost: 0/ms
[INFO] 2025-10-13 12:32:02.285 +0800 o.a.d.s.m.c.IdSlotBasedCommandFetcher:[67] - Fetch commands: 0 success, cost: 0ms, totalSlot: 1, currentSlotIndex: 0
[INFO] 2025-10-13 12:32:03.285 +0800 o.a.d.s.m.c.IdSlotBasedCommandFetcher:[67] - Fetch commands: 0 success, cost: 0ms, totalSlot: 1, currentSlotIndex: 0
[INFO] 2025-10-13 12:32:04.285 +0800 o.a.d.s.m.c.IdSlotBasedCommandFetcher:[67] - Fetch commands: 0 success, cost: 0ms, totalSlot: 1, currentSlotIndex: 0
[INFO] 2025-10-13 12:32:05.286 +0800 o.a.d.s.m.c.IdSlotBasedCommandFetcher:[67] - Fetch commands: 0 success, cost: 0ms, totalSlot: 1, currentSlotIndex: 0
[INFO] 2025-10-13 12:32:06.496 +0800 o.a.d.s.m.c.IdSlotBasedCommandFetcher:[67] - Fetch commands: 0 success, cost: 0ms, totalSlot: 1, currentSlotIndex: 0
[INFO] 2025-10-13 12:32:07.288 +0800 o.a.d.s.m.r.t.TaskGroupCoordinator:[187] - Success amend TaskGroupQueue status cost: 0/ms
[INFO] 2025-10-13 12:32:07.288 +0800 o.a.d.s.m.r.t.TaskGroupCoordinator:[241] - Success deal with force start TaskGroupQueue cost: 0/ms
[INFO] 2025-10-13 12:32:07.288 +0800 o.a.d.s.m.r.t.TaskGroupCoordinator:[129] - TaskGroupCoordinator round time cost: 0/ms
[INFO] 2025-10-13 12:32:07.571 +0800 o.a.d.s.m.c.IdSlotBasedCommandFetcher:[67] - Fetch commands: 0 success, cost: 0ms, totalSlot: 1, currentSlotIndex: 0
[INFO] 2025-10-13 12:32:08.637 +0800 o.a.d.s.m.c.IdSlotBasedCommandFetcher:[67] - Fetch commands: 0 success, cost: 0ms, totalSlot: 1, currentSlotIndex: 0
[INFO] 2025-10-13 12:32:09.708 +0800 o.a.d.s.m.c.IdSlotBasedCommandFetcher:[67] - Fetch commands: 0 success, cost: 0ms, totalSlot: 1, currentSlotIndex: 0
[INFO] 2025-10-13 12:32:10.776 +0800 o.a.d.s.m.c.IdSlotBasedCommandFetcher:[67] - Fetch commands: 0 success, cost: 0ms, totalSlot: 1, currentSlotIndex: 0
[INFO] 2025-10-13 12:32:11.836 +0800 o.a.d.s.m.c.IdSlotBasedCommandFetcher:[67] - Fetch commands: 0 success, cost: 0ms, totalSlot: 1, currentSlotIndex: 0
[INFO] 2025-10-13 12:32:12.292 +0800 o.a.d.s.m.r.t.TaskGroupCoordinator:[187] - Success amend TaskGroupQueue status cost: 0/ms
[INFO] 2025-10-13 12:32:12.293 +0800 o.a.d.s.m.r.t.TaskGroupCoordinator:[241] - Success deal with force start TaskGroupQueue cost: 0/ms
[INFO] 2025-10-13 12:32:12.293 +0800 o.a.d.s.m.r.t.TaskGroupCoordinator:[129] - TaskGroupCoordinator round time cost: 0/ms
[INFO] 2025-10-13 12:32:12.836 +0800 o.a.d.s.m.c.IdSlotBasedCommandFetcher:[67] - Fetch commands: 0 success, cost: 0ms, totalSlot: 1, currentSlotIndex: 0
[INFO] 2025-10-13 12:32:13.837 +0800 o.a.d.s.m.c.IdSlotBasedCommandFetcher:[67] - Fetch commands: 0 success, cost: 0ms, totalSlot: 1, currentSlotIndex: 0
[INFO] 2025-10-13 12:32:14.837 +0800 o.a.d.s.m.c.IdSlotBasedCommandFetcher:[67] - Fetch commands: 0 success, cost: 0ms, totalSlot: 1, currentSlotIndex: 0
[INFO] 2025-10-13 12:32:15.837 +0800 o.a.d.s.m.c.IdSlotBasedCommandFetcher:[67] - Fetch commands: 0 success, cost: 0ms, totalSlot: 1, currentSlotIndex: 0
[INFO] 2025-10-13 12:32:16.839 +0800 o.a.d.s.m.c.IdSlotBasedCommandFetcher:[67] - Fetch commands: 0 success, cost: 1ms, totalSlot: 1, currentSlotIndex: 0
[INFO] 2025-10-13 12:32:17.302 +0800 o.a.d.s.m.r.t.TaskGroupCoordinator:[187] - Success amend TaskGroupQueue status cost: 0/ms
[INFO] 2025-10-13 12:32:17.302 +0800 o.a.d.s.m.r.t.TaskGroupCoordinator:[241] - Success deal with force start TaskGroupQueue cost: 0/ms
[INFO] 2025-10-13 12:32:17.302 +0800 o.a.d.s.m.r.t.TaskGroupCoordinator:[129] - TaskGroupCoordinator round time cost: 0/ms
[INFO] 2025-10-13 12:32:17.840 +0800 o.a.d.s.m.c.IdSlotBasedCommandFetcher:[67] - Fetch commands: 0 success, cost: 0ms, totalSlot: 1, currentSlotIndex: 0
[INFO] 2025-10-13 12:32:18.842 +0800 o.a.d.s.m.c.IdSlotBasedCommandFetcher:[67] - Fetch commands: 0 success, cost: 0ms, totalSlot: 1, currentSlotIndex: 0
[INFO] 2025-10-13 12:32:19.843 +0800 o.a.d.s.m.c.IdSlotBasedCommandFetcher:[67] - Fetch commands: 0 success, cost: 0ms, totalSlot: 1, currentSlotIndex: 0
[INFO] 2025-10-13 12:32:20.844 +0800 o.a.d.s.m.c.IdSlotBasedCommandFetcher:[67] - Fetch commands: 0 success, cost: 0ms, totalSlot: 1, currentSlotIndex: 0
[INFO] 2025-10-13 12:32:21.844 +0800 o.a.d.s.m.c.IdSlotBasedCommandFetcher:[67] - Fetch commands: 0 success, cost: 0ms, totalSlot: 1, currentSlotIndex: 0
[INFO] 2025-10-13 12:32:22.319 +0800 o.a.d.s.m.r.t.TaskGroupCoordinator:[187] - Success amend TaskGroupQueue status cost: 0/ms
[INFO] 2025-10-13 12:32:22.319 +0800 o.a.d.s.m.r.t.TaskGroupCoordinator:[241] - Success deal with force start TaskGroupQueue cost: 0/ms
[INFO] 2025-10-13 12:32:22.319 +0800 o.a.d.s.m.r.t.TaskGroupCoordinator:[129] - TaskGroupCoordinator round time cost: 0/ms
[INFO] 2025-10-13 12:32:22.845 +0800 o.a.d.s.m.c.IdSlotBasedCommandFetcher:[67] - Fetch commands: 0 success, cost: 0ms, totalSlot: 1, currentSlotIndex: 0
[INFO] 2025-10-13 12:32:23.956 +0800 o.a.d.s.m.c.IdSlotBasedCommandFetcher:[67] - Fetch commands: 0 success, cost: 0ms, totalSlot: 1, currentSlotIndex: 0
[INFO] 2025-10-13 12:32:25.026 +0800 o.a.d.s.m.c.IdSlotBasedCommandFetcher:[67] - Fetch commands: 0 success, cost: 0ms, totalSlot: 1, currentSlotIndex: 0
[INFO] 2025-10-13 12:32:26.098 +0800 o.a.d.s.m.c.IdSlotBasedCommandFetcher:[67] - Fetch commands: 0 success, cost: 0ms, totalSlot: 1, currentSlotIndex: 0
[INFO] 2025-10-13 12:32:27.173 +0800 o.a.d.s.m.c.IdSlotBasedCommandFetcher:[67] - Fetch commands: 0 success, cost: 0ms, totalSlot: 1, currentSlotIndex: 0
[INFO] 2025-10-13 12:32:27.324 +0800 o.a.d.s.m.r.t.TaskGroupCoordinator:[187] - Success amend TaskGroupQueue status cost: 0/ms
[INFO] 2025-10-13 12:32:27.324 +0800 o.a.d.s.m.r.t.TaskGroupCoordinator:[241] - Success deal with force start TaskGroupQueue cost: 0/ms
[INFO] 2025-10-13 12:32:27.324 +0800 o.a.d.s.m.r.t.TaskGroupCoordinator:[129] - TaskGroupCoordinator round time cost: 0/ms
[INFO] 2025-10-13 12:32:28.249 +0800 o.a.d.s.m.c.IdSlotBasedCommandFetcher:[67] - Fetch commands: 0 success, cost: 0ms, totalSlot: 1, currentSlotIndex: 0
[INFO] 2025-10-13 12:32:29.318 +0800 o.a.d.s.m.c.IdSlotBasedCommandFetcher:[67] - Fetch commands: 0 success, cost: 0ms, totalSlot: 1, currentSlotIndex: 0
[INFO] 2025-10-13 12:32:30.390 +0800 o.a.d.s.m.c.IdSlotBasedCommandFetcher:[67] - Fetch commands: 0 success, cost: 0ms, totalSlot: 1, currentSlotIndex: 0
[INFO] 2025-10-13 12:32:31.463 +0800 o.a.d.s.m.c.IdSlotBasedCommandFetcher:[67] - Fetch commands: 0 success, cost: 0ms, totalSlot: 1, currentSlotIndex: 0
[INFO] 2025-10-13 12:32:32.329 +0800 o.a.d.s.m.r.t.TaskGroupCoordinator:[187] - Success amend TaskGroupQueue status cost: 0/ms
[INFO] 2025-10-13 12:32:32.329 +0800 o.a.d.s.m.r.t.TaskGroupCoordinator:[241] - Success deal with force start TaskGroupQueue cost: 0/ms
[INFO] 2025-10-13 12:32:32.329 +0800 o.a.d.s.m.r.t.TaskGroupCoordinator:[129] - TaskGroupCoordinator round time cost: 0/ms
[INFO] 2025-10-13 12:32:32.531 +0800 o.a.d.s.m.c.IdSlotBasedCommandFetcher:[67] - Fetch commands: 0 success, cost: 0ms, totalSlot: 1, currentSlotIndex: 0
[INFO] 2025-10-13 12:32:33.664 +0800 o.a.d.s.m.c.IdSlotBasedCommandFetcher:[67] - Fetch commands: 0 success, cost: 0ms, totalSlot: 1, currentSlotIndex: 0
[INFO] 2025-10-13 12:32:34.664 +0800 o.a.d.s.m.c.IdSlotBasedCommandFetcher:[67] - Fetch commands: 0 success, cost: 0ms, totalSlot: 1, currentSlotIndex: 0
[INFO] 2025-10-13 12:32:35.665 +0800 o.a.d.s.m.c.IdSlotBasedCommandFetcher:[67] - Fetch commands: 0 success, cost: 0ms, totalSlot: 1, currentSlotIndex: 0
[INFO] 2025-10-13 12:32:36.665 +0800 o.a.d.s.m.c.IdSlotBasedCommandFetcher:[67] - Fetch commands: 0 success, cost: 0ms, totalSlot: 1, currentSlotIndex: 0
[INFO] 2025-10-13 12:32:37.332 +0800 o.a.d.s.m.r.t.TaskGroupCoordinator:[187] - Success amend TaskGroupQueue status cost: 0/ms
[INFO] 2025-10-13 12:32:37.332 +0800 o.a.d.s.m.r.t.TaskGroupCoordinator:[241] - Success deal with force start TaskGroupQueue cost: 0/ms
[INFO] 2025-10-13 12:32:37.332 +0800 o.a.d.s.m.r.t.TaskGroupCoordinator:[129] - TaskGroupCoordinator round time cost: 0/ms
[INFO] 2025-10-13 12:32:37.665 +0800 o.a.d.s.m.c.IdSlotBasedCommandFetcher:[67] - Fetch commands: 0 success, cost: 0ms, totalSlot: 1, currentSlotIndex: 0
[INFO] 2025-10-13 12:32:38.666 +0800 o.a.d.s.m.c.IdSlotBasedCommandFetcher:[67] - Fetch commands: 0 success, cost: 0ms, totalSlot: 1, currentSlotIndex: 0
[INFO] 2025-10-13 12:32:39.676 +0800 o.a.d.s.m.c.IdSlotBasedCommandFetcher:[67] - Fetch commands: 0 success, cost: 0ms, totalSlot: 1, currentSlotIndex: 0
[INFO] 2025-10-13 12:32:40.676 +0800 o.a.d.s.m.c.IdSlotBasedCommandFetcher:[67] - Fetch commands: 0 success, cost: 0ms, totalSlot: 1, currentSlotIndex: 0
[INFO] 2025-10-13 12:32:41.676 +0800 o.a.d.s.m.c.IdSlotBasedCommandFetcher:[67] - Fetch commands: 0 success, cost: 0ms, totalSlot: 1, currentSlotIndex: 0
[INFO] 2025-10-13 12:32:42.337 +0800 o.a.d.s.m.r.t.TaskGroupCoordinator:[187] - Success amend TaskGroupQueue status cost: 0/ms
[INFO] 2025-10-13 12:32:42.337 +0800 o.a.d.s.m.r.t.TaskGroupCoordinator:[241] - Success deal with force start TaskGroupQueue cost: 0/ms
[INFO] 2025-10-13 12:32:42.337 +0800 o.a.d.s.m.r.t.TaskGroupCoordinator:[129] - TaskGroupCoordinator round time cost: 0/ms
[INFO] 2025-10-13 12:32:42.677 +0800 o.a.d.s.m.c.IdSlotBasedCommandFetcher:[67] - Fetch commands: 0 success, cost: 0ms, totalSlot: 1, currentSlotIndex: 0
[INFO] 2025-10-13 12:32:43.678 +0800 o.a.d.s.m.c.IdSlotBasedCommandFetcher:[67] - Fetch commands: 0 success, cost: 0ms, totalSlot: 1, currentSlotIndex: 0
[INFO] 2025-10-13 12:32:44.679 +0800 o.a.d.s.m.c.IdSlotBasedCommandFetcher:[67] - Fetch commands: 0 success, cost: 0ms, totalSlot: 1, currentSlotIndex: 0
[INFO] 2025-10-13 12:32:45.680 +0800 o.a.d.s.m.c.IdSlotBasedCommandFetcher:[67] - Fetch commands: 0 success, cost: 0ms, totalSlot: 1, currentSlotIndex: 0
[INFO] 2025-10-13 12:32:46.830 +0800 o.a.d.s.m.c.IdSlotBasedCommandFetcher:[67] - Fetch commands: 0 success, cost: 1ms, totalSlot: 1, currentSlotIndex: 0
[INFO] 2025-10-13 12:32:47.347 +0800 o.a.d.s.m.r.t.TaskGroupCoordinator:[187] - Success amend TaskGroupQueue status cost: 0/ms
[INFO] 2025-10-13 12:32:47.347 +0800 o.a.d.s.m.r.t.TaskGroupCoordinator:[241] - Success deal with force start TaskGroupQueue cost: 0/ms
[INFO] 2025-10-13 12:32:47.347 +0800 o.a.d.s.m.r.t.TaskGroupCoordinator:[129] - TaskGroupCoordinator round time cost: 0/ms
[INFO] 2025-10-13 12:32:47.830 +0800 o.a.d.s.m.c.IdSlotBasedCommandFetcher:[67] - Fetch commands: 0 success, cost: 0ms, totalSlot: 1, currentSlotIndex: 0
[INFO] 2025-10-13 12:32:48.831 +0800 o.a.d.s.m.c.IdSlotBasedCommandFetcher:[67] - Fetch commands: 0 success, cost: 0ms, totalSlot: 1, currentSlotIndex: 0
[INFO] 2025-10-13 12:32:49.831 +0800 o.a.d.s.m.c.IdSlotBasedCommandFetcher:[67] - Fetch commands: 0 success, cost: 0ms, totalSlot: 1, currentSlotIndex: 0
[INFO] 2025-10-13 12:32:50.831 +0800 o.a.d.s.m.c.IdSlotBasedCommandFetcher:[67] - Fetch commands: 0 success, cost: 0ms, totalSlot: 1, currentSlotIndex: 0
[INFO] 2025-10-13 12:32:51.832 +0800 o.a.d.s.m.c.IdSlotBasedCommandFetcher:[67] - Fetch commands: 0 success, cost: 0ms, totalSlot: 1, currentSlotIndex: 0
[INFO] 2025-10-13 12:32:52.352 +0800 o.a.d.s.m.r.t.TaskGroupCoordinator:[187] - Success amend TaskGroupQueue status cost: 0/ms
[INFO] 2025-10-13 12:32:52.353 +0800 o.a.d.s.m.r.t.TaskGroupCoordinator:[241] - Success deal with force start TaskGroupQueue cost: 0/ms
[INFO] 2025-10-13 12:32:52.353 +0800 o.a.d.s.m.r.t.TaskGroupCoordinator:[129] - TaskGroupCoordinator round time cost: 0/ms
[INFO] 2025-10-13 12:32:52.833 +0800 o.a.d.s.m.c.IdSlotBasedCommandFetcher:[67] - Fetch commands: 0 success, cost: 0ms, totalSlot: 1, currentSlotIndex: 0
[INFO] 2025-10-13 12:32:53.833 +0800 o.a.d.s.m.c.IdSlotBasedCommandFetcher:[67] - Fetch commands: 0 success, cost: 0ms, totalSlot: 1, currentSlotIndex: 0
[INFO] 2025-10-13 12:32:54.833 +0800 o.a.d.s.m.c.IdSlotBasedCommandFetcher:[67] - Fetch commands: 0 success, cost: 0ms, totalSlot: 1, currentSlotIndex: 0
[INFO] 2025-10-13 12:32:55.834 +0800 o.a.d.s.m.c.IdSlotBasedCommandFetcher:[67] - Fetch commands: 0 success, cost: 0ms, totalSlot: 1, currentSlotIndex: 0
[INFO] 2025-10-13 12:32:56.834 +0800 o.a.d.s.m.c.IdSlotBasedCommandFetcher:[67] - Fetch commands: 0 success, cost: 0ms, totalSlot: 1, currentSlotIndex: 0
[INFO] 2025-10-13 12:32:57.359 +0800 o.a.d.s.m.r.t.TaskGroupCoordinator:[187] - Success amend TaskGroupQueue status cost: 0/ms
[INFO] 2025-10-13 12:32:57.359 +0800 o.a.d.s.m.r.t.TaskGroupCoordinator:[241] - Success deal with force start TaskGroupQueue cost: 0/ms
[INFO] 2025-10-13 12:32:57.359 +0800 o.a.d.s.m.r.t.TaskGroupCoordinator:[129] - TaskGroupCoordinator round time cost: 0/ms
[INFO] 2025-10-13 12:32:57.834 +0800 o.a.d.s.m.c.IdSlotBasedCommandFetcher:[67] - Fetch commands: 0 success, cost: 0ms, totalSlot: 1, currentSlotIndex: 0
[INFO] 2025-10-13 12:32:58.834 +0800 o.a.d.s.m.c.IdSlotBasedCommandFetcher:[67] - Fetch commands: 0 success, cost: 0ms, totalSlot: 1, currentSlotIndex: 0
[INFO] 2025-10-13 12:33:00.013 +0800 o.a.d.s.m.c.IdSlotBasedCommandFetcher:[67] - Fetch commands: 0 success, cost: 0ms, totalSlot: 1, currentSlotIndex: 0
[INFO] 2025-10-13 12:33:01.093 +0800 o.a.d.s.m.c.IdSlotBasedCommandFetcher:[67] - Fetch commands: 0 success, cost: 2ms, totalSlot: 1, currentSlotIndex: 0
[INFO] 2025-10-13 12:33:02.163 +0800 o.a.d.s.m.c.IdSlotBasedCommandFetcher:[67] - Fetch commands: 0 success, cost: 0ms, totalSlot: 1, currentSlotIndex: 0
[INFO] 2025-10-13 12:33:02.364 +0800 o.a.d.s.m.r.t.TaskGroupCoordinator:[187] - Success amend TaskGroupQueue status cost: 0/ms
[INFO] 2025-10-13 12:33:02.364 +0800 o.a.d.s.m.r.t.TaskGroupCoordinator:[241] - Success deal with force start TaskGroupQueue cost: 0/ms
[INFO] 2025-10-13 12:33:02.366 +0800 o.a.d.s.m.r.t.TaskGroupCoordinator:[129] - TaskGroupCoordinator round time cost: 0/ms
[INFO] 2025-10-13 12:33:03.245 +0800 o.a.d.s.m.c.IdSlotBasedCommandFetcher:[67] - Fetch commands: 0 success, cost: 0ms, totalSlot: 1, currentSlotIndex: 0
[INFO] 2025-10-13 12:33:04.315 +0800 o.a.d.s.m.c.IdSlotBasedCommandFetcher:[67] - Fetch commands: 0 success, cost: 0ms, totalSlot: 1, currentSlotIndex: 0
[INFO] 2025-10-13 12:33:05.389 +0800 o.a.d.s.m.c.IdSlotBasedCommandFetcher:[67] - Fetch commands: 0 success, cost: 0ms, totalSlot: 1, currentSlotIndex: 0
[INFO] 2025-10-13 12:33:06.461 +0800 o.a.d.s.m.c.IdSlotBasedCommandFetcher:[67] - Fetch commands: 0 success, cost: 0ms, totalSlot: 1, currentSlotIndex: 0
[INFO] 2025-10-13 12:33:07.371 +0800 o.a.d.s.m.r.t.TaskGroupCoordinator:[187] - Success amend TaskGroupQueue status cost: 0/ms
[INFO] 2025-10-13 12:33:07.371 +0800 o.a.d.s.m.r.t.TaskGroupCoordinator:[241] - Success deal with force start TaskGroupQueue cost: 0/ms
[INFO] 2025-10-13 12:33:07.371 +0800 o.a.d.s.m.r.t.TaskGroupCoordinator:[129] - TaskGroupCoordinator round time cost: 0/ms
[INFO] 2025-10-13 12:33:07.530 +0800 o.a.d.s.m.c.IdSlotBasedCommandFetcher:[67] - Fetch commands: 0 success, cost: 0ms, totalSlot: 1, currentSlotIndex: 0
[INFO] 2025-10-13 12:33:08.608 +0800 o.a.d.s.m.c.IdSlotBasedCommandFetcher:[67] - Fetch commands: 0 success, cost: 0ms, totalSlot: 1, currentSlotIndex: 0
[INFO] 2025-10-13 12:33:09.678 +0800 o.a.d.s.m.c.IdSlotBasedCommandFetcher:[67] - Fetch commands: 0 success, cost: 0ms, totalSlot: 1, currentSlotIndex: 0
[INFO] 2025-10-13 12:33:10.760 +0800 o.a.d.s.m.c.IdSlotBasedCommandFetcher:[67] - Fetch commands: 0 success, cost: 0ms, totalSlot: 1, currentSlotIndex: 0
[INFO] 2025-10-13 12:33:11.833 +0800 o.a.d.s.m.c.IdSlotBasedCommandFetcher:[67] - Fetch commands: 0 success, cost: 0ms, totalSlot: 1, currentSlotIndex: 0
[INFO] 2025-10-13 12:33:12.387 +0800 o.a.d.s.m.r.t.TaskGroupCoordinator:[187] - Success amend TaskGroupQueue status cost: 0/ms
[INFO] 2025-10-13 12:33:12.388 +0800 o.a.d.s.m.r.t.TaskGroupCoordinator:[241] - Success deal with force start TaskGroupQueue cost: 0/ms
[INFO] 2025-10-13 12:33:12.388 +0800 o.a.d.s.m.r.t.TaskGroupCoordinator:[129] - TaskGroupCoordinator round time cost: 0/ms
[INFO] 2025-10-13 12:33:12.905 +0800 o.a.d.s.m.c.IdSlotBasedCommandFetcher:[67] - Fetch commands: 0 success, cost: 0ms, totalSlot: 1, currentSlotIndex: 0
[INFO] 2025-10-13 12:33:13.979 +0800 o.a.d.s.m.c.IdSlotBasedCommandFetcher:[67] - Fetch commands: 0 success, cost: 0ms, totalSlot: 1, currentSlotIndex: 0
[INFO] 2025-10-13 12:33:15.154 +0800 o.a.d.s.m.c.IdSlotBasedCommandFetcher:[67] - Fetch commands: 0 success, cost: 0ms, totalSlot: 1, currentSlotIndex: 0
[INFO] 2025-10-13 12:33:16.154 +0800 o.a.d.s.m.c.IdSlotBasedCommandFetcher:[67] - Fetch commands: 0 success, cost: 0ms, totalSlot: 1, currentSlotIndex: 0
[INFO] 2025-10-13 12:33:17.169 +0800 o.a.d.s.m.c.IdSlotBasedCommandFetcher:[67] - Fetch commands: 0 success, cost: 0ms, totalSlot: 1, currentSlotIndex: 0
[INFO] 2025-10-13 12:33:17.404 +0800 o.a.d.s.m.r.t.TaskGroupCoordinator:[187] - Success amend TaskGroupQueue status cost: 0/ms
[INFO] 2025-10-13 12:33:17.405 +0800 o.a.d.s.m.r.t.TaskGroupCoordinator:[241] - Success deal with force start TaskGroupQueue cost: 0/ms
[INFO] 2025-10-13 12:33:17.405 +0800 o.a.d.s.m.r.t.TaskGroupCoordinator:[129] - TaskGroupCoordinator round time cost: 0/ms
[INFO] 2025-10-13 12:33:18.170 +0800 o.a.d.s.m.c.IdSlotBasedCommandFetcher:[67] - Fetch commands: 0 success, cost: 0ms, totalSlot: 1, currentSlotIndex: 0
[INFO] 2025-10-13 12:33:19.170 +0800 o.a.d.s.m.c.IdSlotBasedCommandFetcher:[67] - Fetch commands: 0 success, cost: 0ms, totalSlot: 1, currentSlotIndex: 0
[INFO] 2025-10-13 12:33:20.170 +0800 o.a.d.s.m.c.IdSlotBasedCommandFetcher:[67] - Fetch commands: 0 success, cost: 0ms, totalSlot: 1, currentSlotIndex: 0
[INFO] 2025-10-13 12:33:21.170 +0800 o.a.d.s.m.c.IdSlotBasedCommandFetcher:[67] - Fetch commands: 0 success, cost: 0ms, totalSlot: 1, currentSlotIndex: 0
[INFO] 2025-10-13 12:33:22.170 +0800 o.a.d.s.m.c.IdSlotBasedCommandFetcher:[67] - Fetch commands: 0 success, cost: 0ms, totalSlot: 1, currentSlotIndex: 0
[INFO] 2025-10-13 12:33:22.409 +0800 o.a.d.s.m.r.t.TaskGroupCoordinator:[187] - Success amend TaskGroupQueue status cost: 0/ms
[INFO] 2025-10-13 12:33:22.410 +0800 o.a.d.s.m.r.t.TaskGroupCoordinator:[241] - Success deal with force start TaskGroupQueue cost: 0/ms
[INFO] 2025-10-13 12:33:22.410 +0800 o.a.d.s.m.r.t.TaskGroupCoordinator:[129] - TaskGroupCoordinator round time cost: 0/ms
[INFO] 2025-10-13 12:33:23.171 +0800 o.a.d.s.m.c.IdSlotBasedCommandFetcher:[67] - Fetch commands: 0 success, cost: 0ms, totalSlot: 1, currentSlotIndex: 0
[INFO] 2025-10-13 12:33:24.172 +0800 o.a.d.s.m.c.IdSlotBasedCommandFetcher:[67] - Fetch commands: 0 success, cost: 0ms, totalSlot: 1, currentSlotIndex: 0
[INFO] 2025-10-13 12:33:25.172 +0800 o.a.d.s.m.c.IdSlotBasedCommandFetcher:[67] - Fetch commands: 0 success, cost: 0ms, totalSlot: 1, currentSlotIndex: 0
[INFO] 2025-10-13 12:33:26.173 +0800 o.a.d.s.m.c.IdSlotBasedCommandFetcher:[67] - Fetch commands: 0 success, cost: 0ms, totalSlot: 1, currentSlotIndex: 0
[INFO] 2025-10-13 12:33:27.173 +0800 o.a.d.s.m.c.IdSlotBasedCommandFetcher:[67] - Fetch commands: 0 success, cost: 0ms, totalSlot: 1, currentSlotIndex: 0
[INFO] 2025-10-13 12:33:27.414 +0800 o.a.d.s.m.r.t.TaskGroupCoordinator:[187] - Success amend TaskGroupQueue status cost: 0/ms
[INFO] 2025-10-13 12:33:27.414 +0800 o.a.d.s.m.r.t.TaskGroupCoordinator:[241] - Success deal with force start TaskGroupQueue cost: 0/ms
[INFO] 2025-10-13 12:33:27.414 +0800 o.a.d.s.m.r.t.TaskGroupCoordinator:[129] - TaskGroupCoordinator round time cost: 0/ms
[INFO] 2025-10-13 12:33:28.173 +0800 o.a.d.s.m.c.IdSlotBasedCommandFetcher:[67] - Fetch commands: 0 success, cost: 0ms, totalSlot: 1, currentSlotIndex: 0
[INFO] 2025-10-13 12:33:29.371 +0800 o.a.d.s.m.c.IdSlotBasedCommandFetcher:[67] - Fetch commands: 0 success, cost: 0ms, totalSlot: 1, currentSlotIndex: 0
[INFO] 2025-10-13 12:33:30.372 +0800 o.a.d.s.m.c.IdSlotBasedCommandFetcher:[67] - Fetch commands: 0 success, cost: 0ms, totalSlot: 1, currentSlotIndex: 0
[INFO] 2025-10-13 12:33:31.372 +0800 o.a.d.s.m.c.IdSlotBasedCommandFetcher:[67] - Fetch commands: 0 success, cost: 0ms, totalSlot: 1, currentSlotIndex: 0
[INFO] 2025-10-13 12:33:32.373 +0800 o.a.d.s.m.c.IdSlotBasedCommandFetcher:[67] - Fetch commands: 0 success, cost: 0ms, totalSlot: 1, currentSlotIndex: 0
[INFO] 2025-10-13 12:33:32.418 +0800 o.a.d.s.m.r.t.TaskGroupCoordinator:[187] - Success amend TaskGroupQueue status cost: 0/ms
[INFO] 2025-10-13 12:33:32.418 +0800 o.a.d.s.m.r.t.TaskGroupCoordinator:[241] - Success deal with force start TaskGroupQueue cost: 0/ms
[INFO] 2025-10-13 12:33:32.418 +0800 o.a.d.s.m.r.t.TaskGroupCoordinator:[129] - TaskGroupCoordinator round time cost: 0/ms
[INFO] 2025-10-13 12:33:33.373 +0800 o.a.d.s.m.c.IdSlotBasedCommandFetcher:[67] - Fetch commands: 0 success, cost: 0ms, totalSlot: 1, currentSlotIndex: 0
[INFO] 2025-10-13 12:33:34.373 +0800 o.a.d.s.m.c.IdSlotBasedCommandFetcher:[67] - Fetch commands: 0 success, cost: 0ms, totalSlot: 1, currentSlotIndex: 0
[INFO] 2025-10-13 12:33:35.374 +0800 o.a.d.s.m.c.IdSlotBasedCommandFetcher:[67] - Fetch commands: 0 success, cost: 0ms, totalSlot: 1, currentSlotIndex: 0
[INFO] 2025-10-13 12:33:36.374 +0800 o.a.d.s.m.c.IdSlotBasedCommandFetcher:[67] - Fetch commands: 0 success, cost: 0ms, totalSlot: 1, currentSlotIndex: 0
[INFO] 2025-10-13 12:33:37.375 +0800 o.a.d.s.m.c.IdSlotBasedCommandFetcher:[67] - Fetch commands: 0 success, cost: 0ms, totalSlot: 1, currentSlotIndex: 0
[INFO] 2025-10-13 12:33:37.423 +0800 o.a.d.s.m.r.t.TaskGroupCoordinator:[187] - Success amend TaskGroupQueue status cost: 0/ms
[INFO] 2025-10-13 12:33:37.423 +0800 o.a.d.s.m.r.t.TaskGroupCoordinator:[241] - Success deal with force start TaskGroupQueue cost: 0/ms
[INFO] 2025-10-13 12:33:37.423 +0800 o.a.d.s.m.r.t.TaskGroupCoordinator:[129] - TaskGroupCoordinator round time cost: 0/ms
[INFO] 2025-10-13 12:33:38.375 +0800 o.a.d.s.m.c.IdSlotBasedCommandFetcher:[67] - Fetch commands: 0 success, cost: 0ms, totalSlot: 1, currentSlotIndex: 0
[INFO] 2025-10-13 12:33:39.377 +0800 o.a.d.s.m.c.IdSlotBasedCommandFetcher:[67] - Fetch commands: 0 success, cost: 0ms, totalSlot: 1, currentSlotIndex: 0
[INFO] 2025-10-13 12:33:40.386 +0800 o.a.d.s.m.c.IdSlotBasedCommandFetcher:[67] - Fetch commands: 0 success, cost: 0ms, totalSlot: 1, currentSlotIndex: 0
[INFO] 2025-10-13 12:33:41.387 +0800 o.a.d.s.m.c.IdSlotBasedCommandFetcher:[67] - Fetch commands: 0 success, cost: 0ms, totalSlot: 1, currentSlotIndex: 0
[INFO] 2025-10-13 12:33:42.427 +0800 o.a.d.s.m.r.t.TaskGroupCoordinator:[187] - Success amend TaskGroupQueue status cost: 0/ms
[INFO] 2025-10-13 12:33:42.427 +0800 o.a.d.s.m.r.t.TaskGroupCoordinator:[241] - Success deal with force start TaskGroupQueue cost: 0/ms
[INFO] 2025-10-13 12:33:42.427 +0800 o.a.d.s.m.r.t.TaskGroupCoordinator:[129] - TaskGroupCoordinator round time cost: 0/ms
[INFO] 2025-10-13 12:33:42.549 +0800 o.a.d.s.m.c.IdSlotBasedCommandFetcher:[67] - Fetch commands: 0 success, cost: 0ms, totalSlot: 1, currentSlotIndex: 0
[INFO] 2025-10-13 12:33:43.623 +0800 o.a.d.s.m.c.IdSlotBasedCommandFetcher:[67] - Fetch commands: 0 success, cost: 1ms, totalSlot: 1, currentSlotIndex: 0
[INFO] 2025-10-13 12:33:44.688 +0800 o.a.d.s.m.c.IdSlotBasedCommandFetcher:[67] - Fetch commands: 0 success, cost: 0ms, totalSlot: 1, currentSlotIndex: 0
[INFO] 2025-10-13 12:33:45.768 +0800 o.a.d.s.m.c.IdSlotBasedCommandFetcher:[67] - Fetch commands: 0 success, cost: 1ms, totalSlot: 1, currentSlotIndex: 0
[INFO] 2025-10-13 12:33:46.845 +0800 o.a.d.s.m.c.IdSlotBasedCommandFetcher:[67] - Fetch commands: 0 success, cost: 0ms, totalSlot: 1, currentSlotIndex: 0
[INFO] 2025-10-13 12:33:47.437 +0800 o.a.d.s.m.r.t.TaskGroupCoordinator:[187] - Success amend TaskGroupQueue status cost: 0/ms
[INFO] 2025-10-13 12:33:47.437 +0800 o.a.d.s.m.r.t.TaskGroupCoordinator:[241] - Success deal with force start TaskGroupQueue cost: 0/ms
[INFO] 2025-10-13 12:33:47.437 +0800 o.a.d.s.m.r.t.TaskGroupCoordinator:[129] - TaskGroupCoordinator round time cost: 0/ms
[INFO] 2025-10-13 12:33:47.915 +0800 o.a.d.s.m.c.IdSlotBasedCommandFetcher:[67] - Fetch commands: 0 success, cost: 0ms, totalSlot: 1, currentSlotIndex: 0
[INFO] 2025-10-13 12:33:48.994 +0800 o.a.d.s.m.c.IdSlotBasedCommandFetcher:[67] - Fetch commands: 0 success, cost: 0ms, totalSlot: 1, currentSlotIndex: 0
[INFO] 2025-10-13 12:33:50.067 +0800 o.a.d.s.m.c.IdSlotBasedCommandFetcher:[67] - Fetch commands: 0 success, cost: 0ms, totalSlot: 1, currentSlotIndex: 0
[INFO] 2025-10-13 12:33:51.142 +0800 o.a.d.s.m.c.IdSlotBasedCommandFetcher:[67] - Fetch commands: 0 success, cost: 0ms, totalSlot: 1, currentSlotIndex: 0
[INFO] 2025-10-13 12:33:52.214 +0800 o.a.d.s.m.c.IdSlotBasedCommandFetcher:[67] - Fetch commands: 0 success, cost: 1ms, totalSlot: 1, currentSlotIndex: 0
[INFO] 2025-10-13 12:33:52.442 +0800 o.a.d.s.m.r.t.TaskGroupCoordinator:[187] - Success amend TaskGroupQueue status cost: 0/ms
[INFO] 2025-10-13 12:33:52.442 +0800 o.a.d.s.m.r.t.TaskGroupCoordinator:[241] - Success deal with force start TaskGroupQueue cost: 0/ms
[INFO] 2025-10-13 12:33:52.442 +0800 o.a.d.s.m.r.t.TaskGroupCoordinator:[129] - TaskGroupCoordinator round time cost: 0/ms
[INFO] 2025-10-13 12:33:53.284 +0800 o.a.d.s.m.c.IdSlotBasedCommandFetcher:[67] - Fetch commands: 0 success, cost: 0ms, totalSlot: 1, currentSlotIndex: 0
[INFO] 2025-10-13 12:33:54.360 +0800 o.a.d.s.m.c.IdSlotBasedCommandFetcher:[67] - Fetch commands: 0 success, cost: 0ms, totalSlot: 1, currentSlotIndex: 0
[INFO] 2025-10-13 12:33:55.447 +0800 o.a.d.s.m.c.IdSlotBasedCommandFetcher:[67] - Fetch commands: 0 success, cost: 0ms, totalSlot: 1, currentSlotIndex: 0
[INFO] 2025-10-13 12:33:56.658 +0800 o.a.d.s.m.c.IdSlotBasedCommandFetcher:[67] - Fetch commands: 0 success, cost: 0ms, totalSlot: 1, currentSlotIndex: 0
[INFO] 2025-10-13 12:33:57.448 +0800 o.a.d.s.m.r.t.TaskGroupCoordinator:[187] - Success amend TaskGroupQueue status cost: 0/ms
[INFO] 2025-10-13 12:33:57.448 +0800 o.a.d.s.m.r.t.TaskGroupCoordinator:[241] - Success deal with force start TaskGroupQueue cost: 0/ms
[INFO] 2025-10-13 12:33:57.449 +0800 o.a.d.s.m.r.t.TaskGroupCoordinator:[129] - TaskGroupCoordinator round time cost: 0/ms
[INFO] 2025-10-13 12:33:57.659 +0800 o.a.d.s.m.c.IdSlotBasedCommandFetcher:[67] - Fetch commands: 0 success, cost: 0ms, totalSlot: 1, currentSlotIndex: 0
[INFO] 2025-10-13 12:33:58.660 +0800 o.a.d.s.m.c.IdSlotBasedCommandFetcher:[67] - Fetch commands: 0 success, cost: 0ms, totalSlot: 1, currentSlotIndex: 0
[INFO] 2025-10-13 12:33:59.661 +0800 o.a.d.s.m.c.IdSlotBasedCommandFetcher:[67] - Fetch commands: 0 success, cost: 0ms, totalSlot: 1, currentSlotIndex: 0
[INFO] 2025-10-13 12:34:00.661 +0800 o.a.d.s.m.c.IdSlotBasedCommandFetcher:[67] - Fetch commands: 0 success, cost: 0ms, totalSlot: 1, currentSlotIndex: 0
[INFO] 2025-10-13 12:34:01.662 +0800 o.a.d.s.m.c.IdSlotBasedCommandFetcher:[67] - Fetch commands: 0 success, cost: 0ms, totalSlot: 1, currentSlotIndex: 0
[INFO] 2025-10-13 12:34:02.473 +0800 o.a.d.s.m.r.t.TaskGroupCoordinator:[187] - Success amend TaskGroupQueue status cost: 0/ms
[INFO] 2025-10-13 12:34:02.473 +0800 o.a.d.s.m.r.t.TaskGroupCoordinator:[241] - Success deal with force start TaskGroupQueue cost: 0/ms
[INFO] 2025-10-13 12:34:02.473 +0800 o.a.d.s.m.r.t.TaskGroupCoordinator:[129] - TaskGroupCoordinator round time cost: 0/ms
[INFO] 2025-10-13 12:34:02.662 +0800 o.a.d.s.m.c.IdSlotBasedCommandFetcher:[67] - Fetch commands: 0 success, cost: 0ms, totalSlot: 1, currentSlotIndex: 0
[INFO] 2025-10-13 12:34:03.662 +0800 o.a.d.s.m.c.IdSlotBasedCommandFetcher:[67] - Fetch commands: 0 success, cost: 0ms, totalSlot: 1, currentSlotIndex: 0
[INFO] 2025-10-13 12:34:04.663 +0800 o.a.d.s.m.c.IdSlotBasedCommandFetcher:[67] - Fetch commands: 0 success, cost: 0ms, totalSlot: 1, currentSlotIndex: 0
[INFO] 2025-10-13 12:34:05.664 +0800 o.a.d.s.m.c.IdSlotBasedCommandFetcher:[67] - Fetch commands: 0 success, cost: 0ms, totalSlot: 1, currentSlotIndex: 0
[INFO] 2025-10-13 12:34:06.665 +0800 o.a.d.s.m.c.IdSlotBasedCommandFetcher:[67] - Fetch commands: 0 success, cost: 0ms, totalSlot: 1, currentSlotIndex: 0
[INFO] 2025-10-13 12:34:07.478 +0800 o.a.d.s.m.r.t.TaskGroupCoordinator:[187] - Success amend TaskGroupQueue status cost: 0/ms
[INFO] 2025-10-13 12:34:07.478 +0800 o.a.d.s.m.r.t.TaskGroupCoordinator:[241] - Success deal with force start TaskGroupQueue cost: 0/ms
[INFO] 2025-10-13 12:34:07.478 +0800 o.a.d.s.m.r.t.TaskGroupCoordinator:[129] - TaskGroupCoordinator round time cost: 0/ms
[INFO] 2025-10-13 12:34:07.665 +0800 o.a.d.s.m.c.IdSlotBasedCommandFetcher:[67] - Fetch commands: 0 success, cost: 0ms, totalSlot: 1, currentSlotIndex: 0
[INFO] 2025-10-13 12:34:08.665 +0800 o.a.d.s.m.c.IdSlotBasedCommandFetcher:[67] - Fetch commands: 0 success, cost: 0ms, totalSlot: 1, currentSlotIndex: 0
[INFO] 2025-10-13 12:34:09.754 +0800 o.a.d.s.m.c.IdSlotBasedCommandFetcher:[67] - Fetch commands: 0 success, cost: 0ms, totalSlot: 1, currentSlotIndex: 0
[INFO] 2025-10-13 12:34:10.896 +0800 o.a.d.s.m.c.IdSlotBasedCommandFetcher:[67] - Fetch commands: 0 success, cost: 0ms, totalSlot: 1, currentSlotIndex: 0
[INFO] 2025-10-13 12:34:11.897 +0800 o.a.d.s.m.c.IdSlotBasedCommandFetcher:[67] - Fetch commands: 0 success, cost: 0ms, totalSlot: 1, currentSlotIndex: 0
[INFO] 2025-10-13 12:34:12.494 +0800 o.a.d.s.m.r.t.TaskGroupCoordinator:[187] - Success amend TaskGroupQueue status cost: 0/ms
[INFO] 2025-10-13 12:34:12.494 +0800 o.a.d.s.m.r.t.TaskGroupCoordinator:[241] - Success deal with force start TaskGroupQueue cost: 0/ms
[INFO] 2025-10-13 12:34:12.494 +0800 o.a.d.s.m.r.t.TaskGroupCoordinator:[129] - TaskGroupCoordinator round time cost: 0/ms
[INFO] 2025-10-13 12:34:12.897 +0800 o.a.d.s.m.c.IdSlotBasedCommandFetcher:[67] - Fetch commands: 0 success, cost: 0ms, totalSlot: 1, currentSlotIndex: 0
[INFO] 2025-10-13 12:34:13.908 +0800 o.a.d.s.m.c.IdSlotBasedCommandFetcher:[67] - Fetch commands: 0 success, cost: 0ms, totalSlot: 1, currentSlotIndex: 0
[INFO] 2025-10-13 12:34:14.909 +0800 o.a.d.s.m.c.IdSlotBasedCommandFetcher:[67] - Fetch commands: 0 success, cost: 0ms, totalSlot: 1, currentSlotIndex: 0
[INFO] 2025-10-13 12:34:15.916 +0800 o.a.d.s.m.c.IdSlotBasedCommandFetcher:[67] - Fetch commands: 0 success, cost: 0ms, totalSlot: 1, currentSlotIndex: 0
[INFO] 2025-10-13 12:34:16.917 +0800 o.a.d.s.m.c.IdSlotBasedCommandFetcher:[67] - Fetch commands: 0 success, cost: 0ms, totalSlot: 1, currentSlotIndex: 0
[INFO] 2025-10-13 12:34:17.498 +0800 o.a.d.s.m.r.t.TaskGroupCoordinator:[187] - Success amend TaskGroupQueue status cost: 0/ms
[INFO] 2025-10-13 12:34:17.498 +0800 o.a.d.s.m.r.t.TaskGroupCoordinator:[241] - Success deal with force start TaskGroupQueue cost: 0/ms
[INFO] 2025-10-13 12:34:17.500 +0800 o.a.d.s.m.r.t.TaskGroupCoordinator:[129] - TaskGroupCoordinator round time cost: 0/ms
[INFO] 2025-10-13 12:34:17.917 +0800 o.a.d.s.m.c.IdSlotBasedCommandFetcher:[67] - Fetch commands: 0 success, cost: 0ms, totalSlot: 1, currentSlotIndex: 0
[INFO] 2025-10-13 12:34:18.918 +0800 o.a.d.s.m.c.IdSlotBasedCommandFetcher:[67] - Fetch commands: 0 success, cost: 0ms, totalSlot: 1, currentSlotIndex: 0
[INFO] 2025-10-13 12:34:19.918 +0800 o.a.d.s.m.c.IdSlotBasedCommandFetcher:[67] - Fetch commands: 0 success, cost: 0ms, totalSlot: 1, currentSlotIndex: 0
[INFO] 2025-10-13 12:34:20.918 +0800 o.a.d.s.m.c.IdSlotBasedCommandFetcher:[67] - Fetch commands: 0 success, cost: 0ms, totalSlot: 1, currentSlotIndex: 0
[INFO] 2025-10-13 12:34:21.918 +0800 o.a.d.s.m.c.IdSlotBasedCommandFetcher:[67] - Fetch commands: 0 success, cost: 0ms, totalSlot: 1, currentSlotIndex: 0
[INFO] 2025-10-13 12:34:22.504 +0800 o.a.d.s.m.r.t.TaskGroupCoordinator:[187] - Success amend TaskGroupQueue status cost: 0/ms
[INFO] 2025-10-13 12:34:22.504 +0800 o.a.d.s.m.r.t.TaskGroupCoordinator:[241] - Success deal with force start TaskGroupQueue cost: 0/ms
[INFO] 2025-10-13 12:34:22.504 +0800 o.a.d.s.m.r.t.TaskGroupCoordinator:[129] - TaskGroupCoordinator round time cost: 0/ms
[INFO] 2025-10-13 12:34:22.918 +0800 o.a.d.s.m.c.IdSlotBasedCommandFetcher:[67] - Fetch commands: 0 success, cost: 0ms, totalSlot: 1, currentSlotIndex: 0
[INFO] 2025-10-13 12:34:24.063 +0800 o.a.d.s.m.c.IdSlotBasedCommandFetcher:[67] - Fetch commands: 0 success, cost: 0ms, totalSlot: 1, currentSlotIndex: 0
[INFO] 2025-10-13 12:34:25.140 +0800 o.a.d.s.m.c.IdSlotBasedCommandFetcher:[67] - Fetch commands: 0 success, cost: 1ms, totalSlot: 1, currentSlotIndex: 0
[INFO] 2025-10-13 12:34:26.209 +0800 o.a.d.s.m.c.IdSlotBasedCommandFetcher:[67] - Fetch commands: 0 success, cost: 0ms, totalSlot: 1, currentSlotIndex: 0
[INFO] 2025-10-13 12:34:27.276 +0800 o.a.d.s.m.c.IdSlotBasedCommandFetcher:[67] - Fetch commands: 0 success, cost: 0ms, totalSlot: 1, currentSlotIndex: 0
[INFO] 2025-10-13 12:34:27.509 +0800 o.a.d.s.m.r.t.TaskGroupCoordinator:[187] - Success amend TaskGroupQueue status cost: 0/ms
[INFO] 2025-10-13 12:34:27.510 +0800 o.a.d.s.m.r.t.TaskGroupCoordinator:[241] - Success deal with force start TaskGroupQueue cost: 0/ms
[INFO] 2025-10-13 12:34:27.510 +0800 o.a.d.s.m.r.t.TaskGroupCoordinator:[129] - TaskGroupCoordinator round time cost: 0/ms
[INFO] 2025-10-13 12:34:28.354 +0800 o.a.d.s.m.c.IdSlotBasedCommandFetcher:[67] - Fetch commands: 0 success, cost: 0ms, totalSlot: 1, currentSlotIndex: 0
[INFO] 2025-10-13 12:34:29.442 +0800 o.a.d.s.m.c.IdSlotBasedCommandFetcher:[67] - Fetch commands: 0 success, cost: 1ms, totalSlot: 1, currentSlotIndex: 0
[INFO] 2025-10-13 12:34:30.508 +0800 o.a.d.s.m.c.IdSlotBasedCommandFetcher:[67] - Fetch commands: 0 success, cost: 1ms, totalSlot: 1, currentSlotIndex: 0
[INFO] 2025-10-13 12:34:31.586 +0800 o.a.d.s.m.c.IdSlotBasedCommandFetcher:[67] - Fetch commands: 0 success, cost: 0ms, totalSlot: 1, currentSlotIndex: 0
[INFO] 2025-10-13 12:34:32.513 +0800 o.a.d.s.m.r.t.TaskGroupCoordinator:[187] - Success amend TaskGroupQueue status cost: 0/ms
[INFO] 2025-10-13 12:34:32.513 +0800 o.a.d.s.m.r.t.TaskGroupCoordinator:[241] - Success deal with force start TaskGroupQueue cost: 0/ms
[INFO] 2025-10-13 12:34:32.513 +0800 o.a.d.s.m.r.t.TaskGroupCoordinator:[129] - TaskGroupCoordinator round time cost: 0/ms
[INFO] 2025-10-13 12:34:32.653 +0800 o.a.d.s.m.c.IdSlotBasedCommandFetcher:[67] - Fetch commands: 0 success, cost: 0ms, totalSlot: 1, currentSlotIndex: 0
[INFO] 2025-10-13 12:34:33.739 +0800 o.a.d.s.m.c.IdSlotBasedCommandFetcher:[67] - Fetch commands: 0 success, cost: 0ms, totalSlot: 1, currentSlotIndex: 0
[INFO] 2025-10-13 12:34:34.820 +0800 o.a.d.s.m.c.IdSlotBasedCommandFetcher:[67] - Fetch commands: 0 success, cost: 1ms, totalSlot: 1, currentSlotIndex: 0
[INFO] 2025-10-13 12:34:35.965 +0800 o.a.d.s.m.c.IdSlotBasedCommandFetcher:[67] - Fetch commands: 0 success, cost: 0ms, totalSlot: 1, currentSlotIndex: 0
[INFO] 2025-10-13 12:34:36.966 +0800 o.a.d.s.m.c.IdSlotBasedCommandFetcher:[67] - Fetch commands: 0 success, cost: 0ms, totalSlot: 1, currentSlotIndex: 0
[INFO] 2025-10-13 12:34:37.519 +0800 o.a.d.s.m.r.t.TaskGroupCoordinator:[187] - Success amend TaskGroupQueue status cost: 0/ms
[INFO] 2025-10-13 12:34:37.519 +0800 o.a.d.s.m.r.t.TaskGroupCoordinator:[241] - Success deal with force start TaskGroupQueue cost: 0/ms
[INFO] 2025-10-13 12:34:37.519 +0800 o.a.d.s.m.r.t.TaskGroupCoordinator:[129] - TaskGroupCoordinator round time cost: 0/ms
[INFO] 2025-10-13 12:34:37.977 +0800 o.a.d.s.m.c.IdSlotBasedCommandFetcher:[67] - Fetch commands: 0 success, cost: 0ms, totalSlot: 1, currentSlotIndex: 0
[INFO] 2025-10-13 12:34:38.978 +0800 o.a.d.s.m.c.IdSlotBasedCommandFetcher:[67] - Fetch commands: 0 success, cost: 0ms, totalSlot: 1, currentSlotIndex: 0
[INFO] 2025-10-13 12:34:39.978 +0800 o.a.d.s.m.c.IdSlotBasedCommandFetcher:[67] - Fetch commands: 0 success, cost: 0ms, totalSlot: 1, currentSlotIndex: 0
[INFO] 2025-10-13 12:34:40.982 +0800 o.a.d.s.m.c.IdSlotBasedCommandFetcher:[67] - Fetch commands: 0 success, cost: 0ms, totalSlot: 1, currentSlotIndex: 0
[INFO] 2025-10-13 12:34:41.984 +0800 o.a.d.s.m.c.IdSlotBasedCommandFetcher:[67] - Fetch commands: 0 success, cost: 0ms, totalSlot: 1, currentSlotIndex: 0
[INFO] 2025-10-13 12:34:42.530 +0800 o.a.d.s.m.r.t.TaskGroupCoordinator:[187] - Success amend TaskGroupQueue status cost: 0/ms
[INFO] 2025-10-13 12:34:42.530 +0800 o.a.d.s.m.r.t.TaskGroupCoordinator:[241] - Success deal with force start TaskGroupQueue cost: 0/ms
[INFO] 2025-10-13 12:34:42.531 +0800 o.a.d.s.m.r.t.TaskGroupCoordinator:[129] - TaskGroupCoordinator round time cost: 0/ms
[INFO] 2025-10-13 12:34:42.990 +0800 o.a.d.s.m.c.IdSlotBasedCommandFetcher:[67] - Fetch commands: 0 success, cost: 0ms, totalSlot: 1, currentSlotIndex: 0
[INFO] 2025-10-13 12:34:43.991 +0800 o.a.d.s.m.c.IdSlotBasedCommandFetcher:[67] - Fetch commands: 0 success, cost: 0ms, totalSlot: 1, currentSlotIndex: 0
[INFO] 2025-10-13 12:34:44.992 +0800 o.a.d.s.m.c.IdSlotBasedCommandFetcher:[67] - Fetch commands: 0 success, cost: 0ms, totalSlot: 1, currentSlotIndex: 0
[INFO] 2025-10-13 12:34:45.992 +0800 o.a.d.s.m.c.IdSlotBasedCommandFetcher:[67] - Fetch commands: 0 success, cost: 0ms, totalSlot: 1, currentSlotIndex: 0
[INFO] 2025-10-13 12:34:46.992 +0800 o.a.d.s.m.c.IdSlotBasedCommandFetcher:[67] - Fetch commands: 0 success, cost: 0ms, totalSlot: 1, currentSlotIndex: 0
[INFO] 2025-10-13 12:34:47.554 +0800 o.a.d.s.m.r.t.TaskGroupCoordinator:[187] - Success amend TaskGroupQueue status cost: 0/ms
[INFO] 2025-10-13 12:34:47.555 +0800 o.a.d.s.m.r.t.TaskGroupCoordinator:[241] - Success deal with force start TaskGroupQueue cost: 0/ms
[INFO] 2025-10-13 12:34:47.555 +0800 o.a.d.s.m.r.t.TaskGroupCoordinator:[129] - TaskGroupCoordinator round time cost: 0/ms
[INFO] 2025-10-13 12:34:47.992 +0800 o.a.d.s.m.c.IdSlotBasedCommandFetcher:[67] - Fetch commands: 0 success, cost: 0ms, totalSlot: 1, currentSlotIndex: 0
[INFO] 2025-10-13 12:34:49.180 +0800 o.a.d.s.m.c.IdSlotBasedCommandFetcher:[67] - Fetch commands: 0 success, cost: 0ms, totalSlot: 1, currentSlotIndex: 0
[INFO] 2025-10-13 12:34:50.180 +0800 o.a.d.s.m.c.IdSlotBasedCommandFetcher:[67] - Fetch commands: 0 success, cost: 0ms, totalSlot: 1, currentSlotIndex: 0
[INFO] 2025-10-13 12:34:51.181 +0800 o.a.d.s.m.c.IdSlotBasedCommandFetcher:[67] - Fetch commands: 0 success, cost: 0ms, totalSlot: 1, currentSlotIndex: 0
[INFO] 2025-10-13 12:34:52.181 +0800 o.a.d.s.m.c.IdSlotBasedCommandFetcher:[67] - Fetch commands: 0 success, cost: 0ms, totalSlot: 1, currentSlotIndex: 0
[INFO] 2025-10-13 12:34:52.562 +0800 o.a.d.s.m.r.t.TaskGroupCoordinator:[187] - Success amend TaskGroupQueue status cost: 0/ms
[INFO] 2025-10-13 12:34:52.562 +0800 o.a.d.s.m.r.t.TaskGroupCoordinator:[241] - Success deal with force start TaskGroupQueue cost: 0/ms
[INFO] 2025-10-13 12:34:52.563 +0800 o.a.d.s.m.r.t.TaskGroupCoordinator:[129] - TaskGroupCoordinator round time cost: 0/ms
[INFO] 2025-10-13 12:34:53.182 +0800 o.a.d.s.m.c.IdSlotBasedCommandFetcher:[67] - Fetch commands: 0 success, cost: 0ms, totalSlot: 1, currentSlotIndex: 0
[INFO] 2025-10-13 12:34:54.183 +0800 o.a.d.s.m.c.IdSlotBasedCommandFetcher:[67] - Fetch commands: 0 success, cost: 0ms, totalSlot: 1, currentSlotIndex: 0
[INFO] 2025-10-13 12:34:55.183 +0800 o.a.d.s.m.c.IdSlotBasedCommandFetcher:[67] - Fetch commands: 0 success, cost: 0ms, totalSlot: 1, currentSlotIndex: 0
[INFO] 2025-10-13 12:34:56.184 +0800 o.a.d.s.m.c.IdSlotBasedCommandFetcher:[67] - Fetch commands: 0 success, cost: 0ms, totalSlot: 1, currentSlotIndex: 0
[INFO] 2025-10-13 12:34:57.185 +0800 o.a.d.s.m.c.IdSlotBasedCommandFetcher:[67] - Fetch commands: 0 success, cost: 0ms, totalSlot: 1, currentSlotIndex: 0
[INFO] 2025-10-13 12:34:57.568 +0800 o.a.d.s.m.r.t.TaskGroupCoordinator:[187] - Success amend TaskGroupQueue status cost: 0/ms
[INFO] 2025-10-13 12:34:57.568 +0800 o.a.d.s.m.r.t.TaskGroupCoordinator:[241] - Success deal with force start TaskGroupQueue cost: 0/ms
[INFO] 2025-10-13 12:34:57.568 +0800 o.a.d.s.m.r.t.TaskGroupCoordinator:[129] - TaskGroupCoordinator round time cost: 0/ms
[INFO] 2025-10-13 12:34:58.186 +0800 o.a.d.s.m.c.IdSlotBasedCommandFetcher:[67] - Fetch commands: 0 success, cost: 0ms, totalSlot: 1, currentSlotIndex: 0
[INFO] 2025-10-13 12:34:59.187 +0800 o.a.d.s.m.c.IdSlotBasedCommandFetcher:[67] - Fetch commands: 0 success, cost: 0ms, totalSlot: 1, currentSlotIndex: 0
[INFO] 2025-10-13 12:35:00.187 +0800 o.a.d.s.m.c.IdSlotBasedCommandFetcher:[67] - Fetch commands: 0 success, cost: 0ms, totalSlot: 1, currentSlotIndex: 0
[INFO] 2025-10-13 12:35:01.187 +0800 o.a.d.s.m.c.IdSlotBasedCommandFetcher:[67] - Fetch commands: 0 success, cost: 0ms, totalSlot: 1, currentSlotIndex: 0
[INFO] 2025-10-13 12:35:02.367 +0800 o.a.d.s.m.c.IdSlotBasedCommandFetcher:[67] - Fetch commands: 0 success, cost: 0ms, totalSlot: 1, currentSlotIndex: 0
[INFO] 2025-10-13 12:35:02.574 +0800 o.a.d.s.m.r.t.TaskGroupCoordinator:[187] - Success amend TaskGroupQueue status cost: 0/ms
[INFO] 2025-10-13 12:35:02.574 +0800 o.a.d.s.m.r.t.TaskGroupCoordinator:[241] - Success deal with force start TaskGroupQueue cost: 0/ms
[INFO] 2025-10-13 12:35:02.574 +0800 o.a.d.s.m.r.t.TaskGroupCoordinator:[129] - TaskGroupCoordinator round time cost: 0/ms
[INFO] 2025-10-13 12:35:03.523 +0800 o.a.d.s.m.c.IdSlotBasedCommandFetcher:[67] - Fetch commands: 0 success, cost: 0ms, totalSlot: 1, currentSlotIndex: 0
[INFO] 2025-10-13 12:35:04.523 +0800 o.a.d.s.m.c.IdSlotBasedCommandFetcher:[67] - Fetch commands: 0 success, cost: 0ms, totalSlot: 1, currentSlotIndex: 0
[INFO] 2025-10-13 12:35:05.524 +0800 o.a.d.s.m.c.IdSlotBasedCommandFetcher:[67] - Fetch commands: 0 success, cost: 0ms, totalSlot: 1, currentSlotIndex: 0
[INFO] 2025-10-13 12:35:06.525 +0800 o.a.d.s.m.c.IdSlotBasedCommandFetcher:[67] - Fetch commands: 0 success, cost: 0ms, totalSlot: 1, currentSlotIndex: 0
[INFO] 2025-10-13 12:35:07.525 +0800 o.a.d.s.m.c.IdSlotBasedCommandFetcher:[67] - Fetch commands: 0 success, cost: 0ms, totalSlot: 1, currentSlotIndex: 0
[INFO] 2025-10-13 12:35:07.580 +0800 o.a.d.s.m.r.t.TaskGroupCoordinator:[187] - Success amend TaskGroupQueue status cost: 0/ms
[INFO] 2025-10-13 12:35:07.580 +0800 o.a.d.s.m.r.t.TaskGroupCoordinator:[241] - Success deal with force start TaskGroupQueue cost: 0/ms
[INFO] 2025-10-13 12:35:07.580 +0800 o.a.d.s.m.r.t.TaskGroupCoordinator:[129] - TaskGroupCoordinator round time cost: 0/ms
[INFO] 2025-10-13 12:35:08.525 +0800 o.a.d.s.m.c.IdSlotBasedCommandFetcher:[67] - Fetch commands: 0 success, cost: 0ms, totalSlot: 1, currentSlotIndex: 0
[INFO] 2025-10-13 12:35:09.526 +0800 o.a.d.s.m.c.IdSlotBasedCommandFetcher:[67] - Fetch commands: 0 success, cost: 0ms, totalSlot: 1, currentSlotIndex: 0
[INFO] 2025-10-13 12:35:10.527 +0800 o.a.d.s.m.c.IdSlotBasedCommandFetcher:[67] - Fetch commands: 0 success, cost: 0ms, totalSlot: 1, currentSlotIndex: 0
[INFO] 2025-10-13 12:35:11.527 +0800 o.a.d.s.m.c.IdSlotBasedCommandFetcher:[67] - Fetch commands: 0 success, cost: 0ms, totalSlot: 1, currentSlotIndex: 0
[INFO] 2025-10-13 12:35:12.537 +0800 o.a.d.s.m.c.IdSlotBasedCommandFetcher:[67] - Fetch commands: 0 success, cost: 0ms, totalSlot: 1, currentSlotIndex: 0
[INFO] 2025-10-13 12:35:12.589 +0800 o.a.d.s.m.r.t.TaskGroupCoordinator:[187] - Success amend TaskGroupQueue status cost: 0/ms
[INFO] 2025-10-13 12:35:12.590 +0800 o.a.d.s.m.r.t.TaskGroupCoordinator:[241] - Success deal with force start TaskGroupQueue cost: 0/ms
[INFO] 2025-10-13 12:35:12.590 +0800 o.a.d.s.m.r.t.TaskGroupCoordinator:[129] - TaskGroupCoordinator round time cost: 0/ms
[INFO] 2025-10-13 12:35:13.538 +0800 o.a.d.s.m.c.IdSlotBasedCommandFetcher:[67] - Fetch commands: 0 success, cost: 0ms, totalSlot: 1, currentSlotIndex: 0
[INFO] 2025-10-13 12:35:14.540 +0800 o.a.d.s.m.c.IdSlotBasedCommandFetcher:[67] - Fetch commands: 0 success, cost: 0ms, totalSlot: 1, currentSlotIndex: 0
[INFO] 2025-10-13 12:35:15.540 +0800 o.a.d.s.m.c.IdSlotBasedCommandFetcher:[67] - Fetch commands: 0 success, cost: 0ms, totalSlot: 1, currentSlotIndex: 0
[INFO] 2025-10-13 12:35:16.684 +0800 o.a.d.s.m.c.IdSlotBasedCommandFetcher:[67] - Fetch commands: 0 success, cost: 0ms, totalSlot: 1, currentSlotIndex: 0
[INFO] 2025-10-13 12:35:17.595 +0800 o.a.d.s.m.r.t.TaskGroupCoordinator:[187] - Success amend TaskGroupQueue status cost: 0/ms
[INFO] 2025-10-13 12:35:17.595 +0800 o.a.d.s.m.r.t.TaskGroupCoordinator:[241] - Success deal with force start TaskGroupQueue cost: 0/ms
[INFO] 2025-10-13 12:35:17.595 +0800 o.a.d.s.m.r.t.TaskGroupCoordinator:[129] - TaskGroupCoordinator round time cost: 0/ms
[INFO] 2025-10-13 12:35:17.859 +0800 o.a.d.s.m.c.IdSlotBasedCommandFetcher:[67] - Fetch commands: 0 success, cost: 0ms, totalSlot: 1, currentSlotIndex: 0
[INFO] 2025-10-13 12:35:18.927 +0800 o.a.d.s.m.c.IdSlotBasedCommandFetcher:[67] - Fetch commands: 0 success, cost: 0ms, totalSlot: 1, currentSlotIndex: 0
[INFO] 2025-10-13 12:35:20.003 +0800 o.a.d.s.m.c.IdSlotBasedCommandFetcher:[67] - Fetch commands: 0 success, cost: 0ms, totalSlot: 1, currentSlotIndex: 0
[INFO] 2025-10-13 12:35:21.075 +0800 o.a.d.s.m.c.IdSlotBasedCommandFetcher:[67] - Fetch commands: 0 success, cost: 0ms, totalSlot: 1, currentSlotIndex: 0
[INFO] 2025-10-13 12:35:22.148 +0800 o.a.d.s.m.c.IdSlotBasedCommandFetcher:[67] - Fetch commands: 0 success, cost: 0ms, totalSlot: 1, currentSlotIndex: 0
[INFO] 2025-10-13 12:35:22.601 +0800 o.a.d.s.m.r.t.TaskGroupCoordinator:[187] - Success amend TaskGroupQueue status cost: 0/ms
[INFO] 2025-10-13 12:35:22.601 +0800 o.a.d.s.m.r.t.TaskGroupCoordinator:[241] - Success deal with force start TaskGroupQueue cost: 0/ms
[INFO] 2025-10-13 12:35:22.602 +0800 o.a.d.s.m.r.t.TaskGroupCoordinator:[129] - TaskGroupCoordinator round time cost: 0/ms
[INFO] 2025-10-13 12:35:23.220 +0800 o.a.d.s.m.c.IdSlotBasedCommandFetcher:[67] - Fetch commands: 0 success, cost: 0ms, totalSlot: 1, currentSlotIndex: 0
[INFO] 2025-10-13 12:35:24.298 +0800 o.a.d.s.m.c.IdSlotBasedCommandFetcher:[67] - Fetch commands: 0 success, cost: 1ms, totalSlot: 1, currentSlotIndex: 0
[INFO] 2025-10-13 12:35:25.370 +0800 o.a.d.s.m.c.IdSlotBasedCommandFetcher:[67] - Fetch commands: 0 success, cost: 0ms, totalSlot: 1, currentSlotIndex: 0
[INFO] 2025-10-13 12:35:26.444 +0800 o.a.d.s.m.c.IdSlotBasedCommandFetcher:[67] - Fetch commands: 0 success, cost: 0ms, totalSlot: 1, currentSlotIndex: 0
[INFO] 2025-10-13 12:35:27.551 +0800 o.a.d.s.m.c.IdSlotBasedCommandFetcher:[67] - Fetch commands: 0 success, cost: 0ms, totalSlot: 1, currentSlotIndex: 0
[INFO] 2025-10-13 12:35:27.606 +0800 o.a.d.s.m.r.t.TaskGroupCoordinator:[187] - Success amend TaskGroupQueue status cost: 0/ms
[INFO] 2025-10-13 12:35:27.606 +0800 o.a.d.s.m.r.t.TaskGroupCoordinator:[241] - Success deal with force start TaskGroupQueue cost: 0/ms
[INFO] 2025-10-13 12:35:27.606 +0800 o.a.d.s.m.r.t.TaskGroupCoordinator:[129] - TaskGroupCoordinator round time cost: 0/ms
[INFO] 2025-10-13 12:35:28.559 +0800 o.a.d.s.m.c.IdSlotBasedCommandFetcher:[67] - Fetch commands: 0 success, cost: 0ms, totalSlot: 1, currentSlotIndex: 0
[INFO] 2025-10-13 12:35:29.569 +0800 o.a.d.s.m.c.IdSlotBasedCommandFetcher:[67] - Fetch commands: 0 success, cost: 0ms, totalSlot: 1, currentSlotIndex: 0
[INFO] 2025-10-13 12:35:30.570 +0800 o.a.d.s.m.c.IdSlotBasedCommandFetcher:[67] - Fetch commands: 0 success, cost: 0ms, totalSlot: 1, currentSlotIndex: 0
[INFO] 2025-10-13 12:35:31.570 +0800 o.a.d.s.m.c.IdSlotBasedCommandFetcher:[67] - Fetch commands: 0 success, cost: 0ms, totalSlot: 1, currentSlotIndex: 0
[INFO] 2025-10-13 12:35:32.570 +0800 o.a.d.s.m.c.IdSlotBasedCommandFetcher:[67] - Fetch commands: 0 success, cost: 0ms, totalSlot: 1, currentSlotIndex: 0
[INFO] 2025-10-13 12:35:32.625 +0800 o.a.d.s.m.r.t.TaskGroupCoordinator:[187] - Success amend TaskGroupQueue status cost: 0/ms
[INFO] 2025-10-13 12:35:32.625 +0800 o.a.d.s.m.r.t.TaskGroupCoordinator:[241] - Success deal with force start TaskGroupQueue cost: 0/ms
[INFO] 2025-10-13 12:35:32.625 +0800 o.a.d.s.m.r.t.TaskGroupCoordinator:[129] - TaskGroupCoordinator round time cost: 0/ms
[INFO] 2025-10-13 12:35:33.579 +0800 o.a.d.s.m.c.IdSlotBasedCommandFetcher:[67] - Fetch commands: 0 success, cost: 0ms, totalSlot: 1, currentSlotIndex: 0
[INFO] 2025-10-13 12:35:34.579 +0800 o.a.d.s.m.c.IdSlotBasedCommandFetcher:[67] - Fetch commands: 0 success, cost: 0ms, totalSlot: 1, currentSlotIndex: 0
[INFO] 2025-10-13 12:35:35.588 +0800 o.a.d.s.m.c.IdSlotBasedCommandFetcher:[67] - Fetch commands: 0 success, cost: 0ms, totalSlot: 1, currentSlotIndex: 0
[INFO] 2025-10-13 12:35:36.594 +0800 o.a.d.s.m.c.IdSlotBasedCommandFetcher:[67] - Fetch commands: 0 success, cost: 0ms, totalSlot: 1, currentSlotIndex: 0
[INFO] 2025-10-13 12:35:37.595 +0800 o.a.d.s.m.c.IdSlotBasedCommandFetcher:[67] - Fetch commands: 0 success, cost: 0ms, totalSlot: 1, currentSlotIndex: 0
[INFO] 2025-10-13 12:35:37.644 +0800 o.a.d.s.m.r.t.TaskGroupCoordinator:[187] - Success amend TaskGroupQueue status cost: 0/ms
[INFO] 2025-10-13 12:35:37.644 +0800 o.a.d.s.m.r.t.TaskGroupCoordinator:[241] - Success deal with force start TaskGroupQueue cost: 0/ms
[INFO] 2025-10-13 12:35:37.644 +0800 o.a.d.s.m.r.t.TaskGroupCoordinator:[129] - TaskGroupCoordinator round time cost: 0/ms
[INFO] 2025-10-13 12:35:38.595 +0800 o.a.d.s.m.c.IdSlotBasedCommandFetcher:[67] - Fetch commands: 0 success, cost: 0ms, totalSlot: 1, currentSlotIndex: 0
[INFO] 2025-10-13 12:35:39.595 +0800 o.a.d.s.m.c.IdSlotBasedCommandFetcher:[67] - Fetch commands: 0 success, cost: 0ms, totalSlot: 1, currentSlotIndex: 0
[INFO] 2025-10-13 12:35:40.791 +0800 o.a.d.s.m.c.IdSlotBasedCommandFetcher:[67] - Fetch commands: 0 success, cost: 0ms, totalSlot: 1, currentSlotIndex: 0
[INFO] 2025-10-13 12:35:41.792 +0800 o.a.d.s.m.c.IdSlotBasedCommandFetcher:[67] - Fetch commands: 0 success, cost: 1ms, totalSlot: 1, currentSlotIndex: 0
[INFO] 2025-10-13 12:35:42.652 +0800 o.a.d.s.m.r.t.TaskGroupCoordinator:[187] - Success amend TaskGroupQueue status cost: 0/ms
[INFO] 2025-10-13 12:35:42.653 +0800 o.a.d.s.m.r.t.TaskGroupCoordinator:[241] - Success deal with force start TaskGroupQueue cost: 0/ms
[INFO] 2025-10-13 12:35:42.653 +0800 o.a.d.s.m.r.t.TaskGroupCoordinator:[129] - TaskGroupCoordinator round time cost: 0/ms
[INFO] 2025-10-13 12:35:42.793 +0800 o.a.d.s.m.c.IdSlotBasedCommandFetcher:[67] - Fetch commands: 0 success, cost: 0ms, totalSlot: 1, currentSlotIndex: 0
[INFO] 2025-10-13 12:35:43.793 +0800 o.a.d.s.m.c.IdSlotBasedCommandFetcher:[67] - Fetch commands: 0 success, cost: 0ms, totalSlot: 1, currentSlotIndex: 0
[INFO] 2025-10-13 12:35:44.793 +0800 o.a.d.s.m.c.IdSlotBasedCommandFetcher:[67] - Fetch commands: 0 success, cost: 0ms, totalSlot: 1, currentSlotIndex: 0
[INFO] 2025-10-13 12:35:45.794 +0800 o.a.d.s.m.c.IdSlotBasedCommandFetcher:[67] - Fetch commands: 0 success, cost: 0ms, totalSlot: 1, currentSlotIndex: 0
[INFO] 2025-10-13 12:35:46.795 +0800 o.a.d.s.m.c.IdSlotBasedCommandFetcher:[67] - Fetch commands: 0 success, cost: 0ms, totalSlot: 1, currentSlotIndex: 0
[INFO] 2025-10-13 12:35:47.657 +0800 o.a.d.s.m.r.t.TaskGroupCoordinator:[187] - Success amend TaskGroupQueue status cost: 0/ms
[INFO] 2025-10-13 12:35:47.659 +0800 o.a.d.s.m.r.t.TaskGroupCoordinator:[241] - Success deal with force start TaskGroupQueue cost: 0/ms
[INFO] 2025-10-13 12:35:47.659 +0800 o.a.d.s.m.r.t.TaskGroupCoordinator:[129] - TaskGroupCoordinator round time cost: 0/ms
[INFO] 2025-10-13 12:35:47.796 +0800 o.a.d.s.m.c.IdSlotBasedCommandFetcher:[67] - Fetch commands: 0 success, cost: 0ms, totalSlot: 1, currentSlotIndex: 0
[INFO] 2025-10-13 12:35:48.796 +0800 o.a.d.s.m.c.IdSlotBasedCommandFetcher:[67] - Fetch commands: 0 success, cost: 0ms, totalSlot: 1, currentSlotIndex: 0
[INFO] 2025-10-13 12:35:49.797 +0800 o.a.d.s.m.c.IdSlotBasedCommandFetcher:[67] - Fetch commands: 0 success, cost: 0ms, totalSlot: 1, currentSlotIndex: 0
[INFO] 2025-10-13 12:35:50.798 +0800 o.a.d.s.m.c.IdSlotBasedCommandFetcher:[67] - Fetch commands: 0 success, cost: 0ms, totalSlot: 1, currentSlotIndex: 0
[INFO] 2025-10-13 12:35:51.799 +0800 o.a.d.s.m.c.IdSlotBasedCommandFetcher:[67] - Fetch commands: 0 success, cost: 0ms, totalSlot: 1, currentSlotIndex: 0
[INFO] 2025-10-13 12:35:52.663 +0800 o.a.d.s.m.r.t.TaskGroupCoordinator:[187] - Success amend TaskGroupQueue status cost: 0/ms
[INFO] 2025-10-13 12:35:52.663 +0800 o.a.d.s.m.r.t.TaskGroupCoordinator:[241] - Success deal with force start TaskGroupQueue cost: 0/ms
[INFO] 2025-10-13 12:35:52.663 +0800 o.a.d.s.m.r.t.TaskGroupCoordinator:[129] - TaskGroupCoordinator round time cost: 0/ms
[INFO] 2025-10-13 12:35:52.799 +0800 o.a.d.s.m.c.IdSlotBasedCommandFetcher:[67] - Fetch commands: 0 success, cost: 0ms, totalSlot: 1, currentSlotIndex: 0
[INFO] 2025-10-13 12:35:53.800 +0800 o.a.d.s.m.c.IdSlotBasedCommandFetcher:[67] - Fetch commands: 0 success, cost: 0ms, totalSlot: 1, currentSlotIndex: 0
[INFO] 2025-10-13 12:35:55.023 +0800 o.a.d.s.m.c.IdSlotBasedCommandFetcher:[67] - Fetch commands: 0 success, cost: 0ms, totalSlot: 1, currentSlotIndex: 0
[INFO] 2025-10-13 12:35:56.094 +0800 o.a.d.s.m.c.IdSlotBasedCommandFetcher:[67] - Fetch commands: 0 success, cost: 0ms, totalSlot: 1, currentSlotIndex: 0
[INFO] 2025-10-13 12:35:57.166 +0800 o.a.d.s.m.c.IdSlotBasedCommandFetcher:[67] - Fetch commands: 0 success, cost: 0ms, totalSlot: 1, currentSlotIndex: 0
[INFO] 2025-10-13 12:35:57.668 +0800 o.a.d.s.m.r.t.TaskGroupCoordinator:[187] - Success amend TaskGroupQueue status cost: 0/ms
[INFO] 2025-10-13 12:35:57.668 +0800 o.a.d.s.m.r.t.TaskGroupCoordinator:[241] - Success deal with force start TaskGroupQueue cost: 0/ms
[INFO] 2025-10-13 12:35:57.668 +0800 o.a.d.s.m.r.t.TaskGroupCoordinator:[129] - TaskGroupCoordinator round time cost: 0/ms
[INFO] 2025-10-13 12:35:58.248 +0800 o.a.d.s.m.c.IdSlotBasedCommandFetcher:[67] - Fetch commands: 0 success, cost: 0ms, totalSlot: 1, currentSlotIndex: 0
[INFO] 2025-10-13 12:35:59.320 +0800 o.a.d.s.m.c.IdSlotBasedCommandFetcher:[67] - Fetch commands: 0 success, cost: 0ms, totalSlot: 1, currentSlotIndex: 0
[INFO] 2025-10-13 12:36:00.405 +0800 o.a.d.s.m.c.IdSlotBasedCommandFetcher:[67] - Fetch commands: 0 success, cost: 0ms, totalSlot: 1, currentSlotIndex: 0
[INFO] 2025-10-13 12:36:01.477 +0800 o.a.d.s.m.c.IdSlotBasedCommandFetcher:[67] - Fetch commands: 0 success, cost: 0ms, totalSlot: 1, currentSlotIndex: 0
[INFO] 2025-10-13 12:36:02.554 +0800 o.a.d.s.m.c.IdSlotBasedCommandFetcher:[67] - Fetch commands: 0 success, cost: 0ms, totalSlot: 1, currentSlotIndex: 0
[INFO] 2025-10-13 12:36:02.682 +0800 o.a.d.s.m.r.t.TaskGroupCoordinator:[187] - Success amend TaskGroupQueue status cost: 0/ms
[INFO] 2025-10-13 12:36:02.682 +0800 o.a.d.s.m.r.t.TaskGroupCoordinator:[241] - Success deal with force start TaskGroupQueue cost: 0/ms
[INFO] 2025-10-13 12:36:02.682 +0800 o.a.d.s.m.r.t.TaskGroupCoordinator:[129] - TaskGroupCoordinator round time cost: 0/ms
[INFO] 2025-10-13 12:36:03.625 +0800 o.a.d.s.m.c.IdSlotBasedCommandFetcher:[67] - Fetch commands: 0 success, cost: 0ms, totalSlot: 1, currentSlotIndex: 0
[INFO] 2025-10-13 12:36:04.701 +0800 o.a.d.s.m.c.IdSlotBasedCommandFetcher:[67] - Fetch commands: 0 success, cost: 0ms, totalSlot: 1, currentSlotIndex: 0
[INFO] 2025-10-13 12:36:05.778 +0800 o.a.d.s.m.c.IdSlotBasedCommandFetcher:[67] - Fetch commands: 0 success, cost: 0ms, totalSlot: 1, currentSlotIndex: 0
[INFO] 2025-10-13 12:36:06.858 +0800 o.a.d.s.m.c.IdSlotBasedCommandFetcher:[67] - Fetch commands: 0 success, cost: 0ms, totalSlot: 1, currentSlotIndex: 0
[INFO] 2025-10-13 12:36:07.686 +0800 o.a.d.s.m.r.t.TaskGroupCoordinator:[187] - Success amend TaskGroupQueue status cost: 0/ms
[INFO] 2025-10-13 12:36:07.687 +0800 o.a.d.s.m.r.t.TaskGroupCoordinator:[241] - Success deal with force start TaskGroupQueue cost: 0/ms
[INFO] 2025-10-13 12:36:07.687 +0800 o.a.d.s.m.r.t.TaskGroupCoordinator:[129] - TaskGroupCoordinator round time cost: 0/ms
[INFO] 2025-10-13 12:36:07.931 +0800 o.a.d.s.m.c.IdSlotBasedCommandFetcher:[67] - Fetch commands: 0 success, cost: 0ms, totalSlot: 1, currentSlotIndex: 0
[INFO] 2025-10-13 12:36:09.008 +0800 o.a.d.s.m.c.IdSlotBasedCommandFetcher:[67] - Fetch commands: 0 success, cost: 0ms, totalSlot: 1, currentSlotIndex: 0
[INFO] 2025-10-13 12:36:10.008 +0800 o.a.d.s.m.c.IdSlotBasedCommandFetcher:[67] - Fetch commands: 0 success, cost: 0ms, totalSlot: 1, currentSlotIndex: 0
[INFO] 2025-10-13 12:36:11.008 +0800 o.a.d.s.m.c.IdSlotBasedCommandFetcher:[67] - Fetch commands: 0 success, cost: 0ms, totalSlot: 1, currentSlotIndex: 0
[INFO] 2025-10-13 12:36:12.009 +0800 o.a.d.s.m.c.IdSlotBasedCommandFetcher:[67] - Fetch commands: 0 success, cost: 0ms, totalSlot: 1, currentSlotIndex: 0
[INFO] 2025-10-13 12:36:12.692 +0800 o.a.d.s.m.r.t.TaskGroupCoordinator:[187] - Success amend TaskGroupQueue status cost: 0/ms
[INFO] 2025-10-13 12:36:12.692 +0800 o.a.d.s.m.r.t.TaskGroupCoordinator:[241] - Success deal with force start TaskGroupQueue cost: 0/ms
[INFO] 2025-10-13 12:36:12.692 +0800 o.a.d.s.m.r.t.TaskGroupCoordinator:[129] - TaskGroupCoordinator round time cost: 0/ms
[INFO] 2025-10-13 12:36:13.010 +0800 o.a.d.s.m.c.IdSlotBasedCommandFetcher:[67] - Fetch commands: 0 success, cost: 0ms, totalSlot: 1, currentSlotIndex: 0
[INFO] 2025-10-13 12:36:14.010 +0800 o.a.d.s.m.c.IdSlotBasedCommandFetcher:[67] - Fetch commands: 0 success, cost: 0ms, totalSlot: 1, currentSlotIndex: 0
[INFO] 2025-10-13 12:36:15.010 +0800 o.a.d.s.m.c.IdSlotBasedCommandFetcher:[67] - Fetch commands: 0 success, cost: 0ms, totalSlot: 1, currentSlotIndex: 0
[INFO] 2025-10-13 12:36:16.011 +0800 o.a.d.s.m.c.IdSlotBasedCommandFetcher:[67] - Fetch commands: 0 success, cost: 0ms, totalSlot: 1, currentSlotIndex: 0
[INFO] 2025-10-13 12:36:17.011 +0800 o.a.d.s.m.c.IdSlotBasedCommandFetcher:[67] - Fetch commands: 0 success, cost: 0ms, totalSlot: 1, currentSlotIndex: 0
[INFO] 2025-10-13 12:36:17.698 +0800 o.a.d.s.m.r.t.TaskGroupCoordinator:[187] - Success amend TaskGroupQueue status cost: 0/ms
[INFO] 2025-10-13 12:36:17.698 +0800 o.a.d.s.m.r.t.TaskGroupCoordinator:[241] - Success deal with force start TaskGroupQueue cost: 0/ms
[INFO] 2025-10-13 12:36:17.698 +0800 o.a.d.s.m.r.t.TaskGroupCoordinator:[129] - TaskGroupCoordinator round time cost: 0/ms
[INFO] 2025-10-13 12:36:18.012 +0800 o.a.d.s.m.c.IdSlotBasedCommandFetcher:[67] - Fetch commands: 0 success, cost: 0ms, totalSlot: 1, currentSlotIndex: 0
[INFO] 2025-10-13 12:36:19.012 +0800 o.a.d.s.m.c.IdSlotBasedCommandFetcher:[67] - Fetch commands: 0 success, cost: 0ms, totalSlot: 1, currentSlotIndex: 0
[INFO] 2025-10-13 12:36:20.012 +0800 o.a.d.s.m.c.IdSlotBasedCommandFetcher:[67] - Fetch commands: 0 success, cost: 0ms, totalSlot: 1, currentSlotIndex: 0
[INFO] 2025-10-13 12:36:21.013 +0800 o.a.d.s.m.c.IdSlotBasedCommandFetcher:[67] - Fetch commands: 0 success, cost: 0ms, totalSlot: 1, currentSlotIndex: 0
[INFO] 2025-10-13 12:36:22.014 +0800 o.a.d.s.m.c.IdSlotBasedCommandFetcher:[67] - Fetch commands: 0 success, cost: 0ms, totalSlot: 1, currentSlotIndex: 0
[INFO] 2025-10-13 12:36:22.704 +0800 o.a.d.s.m.r.t.TaskGroupCoordinator:[187] - Success amend TaskGroupQueue status cost: 0/ms
[INFO] 2025-10-13 12:36:22.704 +0800 o.a.d.s.m.r.t.TaskGroupCoordinator:[241] - Success deal with force start TaskGroupQueue cost: 0/ms
[INFO] 2025-10-13 12:36:22.704 +0800 o.a.d.s.m.r.t.TaskGroupCoordinator:[129] - TaskGroupCoordinator round time cost: 0/ms
[INFO] 2025-10-13 12:36:23.092 +0800 o.a.d.s.m.c.IdSlotBasedCommandFetcher:[67] - Fetch commands: 0 success, cost: 0ms, totalSlot: 1, currentSlotIndex: 0
[INFO] 2025-10-13 12:36:24.164 +0800 o.a.d.s.m.c.IdSlotBasedCommandFetcher:[67] - Fetch commands: 0 success, cost: 0ms, totalSlot: 1, currentSlotIndex: 0
[INFO] 2025-10-13 12:36:25.243 +0800 o.a.d.s.m.c.IdSlotBasedCommandFetcher:[67] - Fetch commands: 0 success, cost: 0ms, totalSlot: 1, currentSlotIndex: 0
[INFO] 2025-10-13 12:36:26.318 +0800 o.a.d.s.m.c.IdSlotBasedCommandFetcher:[67] - Fetch commands: 0 success, cost: 0ms, totalSlot: 1, currentSlotIndex: 0
[INFO] 2025-10-13 12:36:27.387 +0800 o.a.d.s.m.c.IdSlotBasedCommandFetcher:[67] - Fetch commands: 0 success, cost: 0ms, totalSlot: 1, currentSlotIndex: 0
[INFO] 2025-10-13 12:36:27.709 +0800 o.a.d.s.m.r.t.TaskGroupCoordinator:[187] - Success amend TaskGroupQueue status cost: 0/ms
[INFO] 2025-10-13 12:36:27.709 +0800 o.a.d.s.m.r.t.TaskGroupCoordinator:[241] - Success deal with force start TaskGroupQueue cost: 0/ms
[INFO] 2025-10-13 12:36:27.709 +0800 o.a.d.s.m.r.t.TaskGroupCoordinator:[129] - TaskGroupCoordinator round time cost: 0/ms
[INFO] 2025-10-13 12:36:28.459 +0800 o.a.d.s.m.c.IdSlotBasedCommandFetcher:[67] - Fetch commands: 0 success, cost: 0ms, totalSlot: 1, currentSlotIndex: 0
[INFO] 2025-10-13 12:36:29.535 +0800 o.a.d.s.m.c.IdSlotBasedCommandFetcher:[67] - Fetch commands: 0 success, cost: 0ms, totalSlot: 1, currentSlotIndex: 0
[INFO] 2025-10-13 12:36:30.608 +0800 o.a.d.s.m.c.IdSlotBasedCommandFetcher:[67] - Fetch commands: 0 success, cost: 0ms, totalSlot: 1, currentSlotIndex: 0
[INFO] 2025-10-13 12:36:31.682 +0800 o.a.d.s.m.c.IdSlotBasedCommandFetcher:[67] - Fetch commands: 0 success, cost: 0ms, totalSlot: 1, currentSlotIndex: 0
[INFO] 2025-10-13 12:36:32.718 +0800 o.a.d.s.m.r.t.TaskGroupCoordinator:[187] - Success amend TaskGroupQueue status cost: 0/ms
[INFO] 2025-10-13 12:36:32.718 +0800 o.a.d.s.m.r.t.TaskGroupCoordinator:[241] - Success deal with force start TaskGroupQueue cost: 0/ms
[INFO] 2025-10-13 12:36:32.718 +0800 o.a.d.s.m.r.t.TaskGroupCoordinator:[129] - TaskGroupCoordinator round time cost: 0/ms
[INFO] 2025-10-13 12:36:32.756 +0800 o.a.d.s.m.c.IdSlotBasedCommandFetcher:[67] - Fetch commands: 0 success, cost: 0ms, totalSlot: 1, currentSlotIndex: 0
[INFO] 2025-10-13 12:36:33.827 +0800 o.a.d.s.m.c.IdSlotBasedCommandFetcher:[67] - Fetch commands: 0 success, cost: 1ms, totalSlot: 1, currentSlotIndex: 0
[INFO] 2025-10-13 12:36:34.907 +0800 o.a.d.s.m.c.IdSlotBasedCommandFetcher:[67] - Fetch commands: 0 success, cost: 0ms, totalSlot: 1, currentSlotIndex: 0
[INFO] 2025-10-13 12:36:35.985 +0800 o.a.d.s.m.c.IdSlotBasedCommandFetcher:[67] - Fetch commands: 0 success, cost: 1ms, totalSlot: 1, currentSlotIndex: 0
[INFO] 2025-10-13 12:36:37.115 +0800 o.a.d.s.m.c.IdSlotBasedCommandFetcher:[67] - Fetch commands: 0 success, cost: 0ms, totalSlot: 1, currentSlotIndex: 0
[INFO] 2025-10-13 12:36:37.724 +0800 o.a.d.s.m.r.t.TaskGroupCoordinator:[187] - Success amend TaskGroupQueue status cost: 0/ms
[INFO] 2025-10-13 12:36:37.725 +0800 o.a.d.s.m.r.t.TaskGroupCoordinator:[241] - Success deal with force start TaskGroupQueue cost: 0/ms
[INFO] 2025-10-13 12:36:37.725 +0800 o.a.d.s.m.r.t.TaskGroupCoordinator:[129] - TaskGroupCoordinator round time cost: 0/ms
[INFO] 2025-10-13 12:36:38.117 +0800 o.a.d.s.m.c.IdSlotBasedCommandFetcher:[67] - Fetch commands: 0 success, cost: 0ms, totalSlot: 1, currentSlotIndex: 0
[INFO] 2025-10-13 12:36:39.124 +0800 o.a.d.s.m.c.IdSlotBasedCommandFetcher:[67] - Fetch commands: 0 success, cost: 0ms, totalSlot: 1, currentSlotIndex: 0
[INFO] 2025-10-13 12:36:40.124 +0800 o.a.d.s.m.c.IdSlotBasedCommandFetcher:[67] - Fetch commands: 0 success, cost: 0ms, totalSlot: 1, currentSlotIndex: 0
[INFO] 2025-10-13 12:36:41.131 +0800 o.a.d.s.m.c.IdSlotBasedCommandFetcher:[67] - Fetch commands: 0 success, cost: 0ms, totalSlot: 1, currentSlotIndex: 0
[INFO] 2025-10-13 12:36:42.131 +0800 o.a.d.s.m.c.IdSlotBasedCommandFetcher:[67] - Fetch commands: 0 success, cost: 0ms, totalSlot: 1, currentSlotIndex: 0
[INFO] 2025-10-13 12:36:42.734 +0800 o.a.d.s.m.r.t.TaskGroupCoordinator:[187] - Success amend TaskGroupQueue status cost: 0/ms
[INFO] 2025-10-13 12:36:42.734 +0800 o.a.d.s.m.r.t.TaskGroupCoordinator:[241] - Success deal with force start TaskGroupQueue cost: 0/ms
[INFO] 2025-10-13 12:36:42.734 +0800 o.a.d.s.m.r.t.TaskGroupCoordinator:[129] - TaskGroupCoordinator round time cost: 0/ms
[INFO] 2025-10-13 12:36:43.143 +0800 o.a.d.s.m.c.IdSlotBasedCommandFetcher:[67] - Fetch commands: 0 success, cost: 0ms, totalSlot: 1, currentSlotIndex: 0
[INFO] 2025-10-13 12:36:44.143 +0800 o.a.d.s.m.c.IdSlotBasedCommandFetcher:[67] - Fetch commands: 0 success, cost: 0ms, totalSlot: 1, currentSlotIndex: 0
[INFO] 2025-10-13 12:36:45.148 +0800 o.a.d.s.m.c.IdSlotBasedCommandFetcher:[67] - Fetch commands: 0 success, cost: 0ms, totalSlot: 1, currentSlotIndex: 0
[INFO] 2025-10-13 12:36:46.148 +0800 o.a.d.s.m.c.IdSlotBasedCommandFetcher:[67] - Fetch commands: 0 success, cost: 0ms, totalSlot: 1, currentSlotIndex: 0
[INFO] 2025-10-13 12:36:47.160 +0800 o.a.d.s.m.c.IdSlotBasedCommandFetcher:[67] - Fetch commands: 0 success, cost: 0ms, totalSlot: 1, currentSlotIndex: 0
[INFO] 2025-10-13 12:36:47.745 +0800 o.a.d.s.m.r.t.TaskGroupCoordinator:[187] - Success amend TaskGroupQueue status cost: 0/ms
[INFO] 2025-10-13 12:36:47.746 +0800 o.a.d.s.m.r.t.TaskGroupCoordinator:[241] - Success deal with force start TaskGroupQueue cost: 0/ms
[INFO] 2025-10-13 12:36:47.746 +0800 o.a.d.s.m.r.t.TaskGroupCoordinator:[129] - TaskGroupCoordinator round time cost: 0/ms
[INFO] 2025-10-13 12:36:48.161 +0800 o.a.d.s.m.c.IdSlotBasedCommandFetcher:[67] - Fetch commands: 0 success, cost: 0ms, totalSlot: 1, currentSlotIndex: 0
[INFO] 2025-10-13 12:36:49.287 +0800 o.a.d.s.m.c.IdSlotBasedCommandFetcher:[67] - Fetch commands: 0 success, cost: 1ms, totalSlot: 1, currentSlotIndex: 0
[INFO] 2025-10-13 12:36:50.356 +0800 o.a.d.s.m.c.IdSlotBasedCommandFetcher:[67] - Fetch commands: 0 success, cost: 0ms, totalSlot: 1, currentSlotIndex: 0
[INFO] 2025-10-13 12:36:51.429 +0800 o.a.d.s.m.c.IdSlotBasedCommandFetcher:[67] - Fetch commands: 0 success, cost: 0ms, totalSlot: 1, currentSlotIndex: 0
[INFO] 2025-10-13 12:36:52.496 +0800 o.a.d.s.m.c.IdSlotBasedCommandFetcher:[67] - Fetch commands: 0 success, cost: 0ms, totalSlot: 1, currentSlotIndex: 0
[INFO] 2025-10-13 12:36:52.751 +0800 o.a.d.s.m.r.t.TaskGroupCoordinator:[187] - Success amend TaskGroupQueue status cost: 0/ms
[INFO] 2025-10-13 12:36:52.751 +0800 o.a.d.s.m.r.t.TaskGroupCoordinator:[241] - Success deal with force start TaskGroupQueue cost: 0/ms
[INFO] 2025-10-13 12:36:52.751 +0800 o.a.d.s.m.r.t.TaskGroupCoordinator:[129] - TaskGroupCoordinator round time cost: 0/ms
[INFO] 2025-10-13 12:36:53.572 +0800 o.a.d.s.m.c.IdSlotBasedCommandFetcher:[67] - Fetch commands: 0 success, cost: 0ms, totalSlot: 1, currentSlotIndex: 0
[INFO] 2025-10-13 12:36:54.574 +0800 o.a.d.s.m.c.IdSlotBasedCommandFetcher:[67] - Fetch commands: 0 success, cost: 0ms, totalSlot: 1, currentSlotIndex: 0
[INFO] 2025-10-13 12:36:55.575 +0800 o.a.d.s.m.c.IdSlotBasedCommandFetcher:[67] - Fetch commands: 0 success, cost: 0ms, totalSlot: 1, currentSlotIndex: 0
[INFO] 2025-10-13 12:36:56.575 +0800 o.a.d.s.m.c.IdSlotBasedCommandFetcher:[67] - Fetch commands: 0 success, cost: 0ms, totalSlot: 1, currentSlotIndex: 0
[INFO] 2025-10-13 12:36:57.576 +0800 o.a.d.s.m.c.IdSlotBasedCommandFetcher:[67] - Fetch commands: 0 success, cost: 0ms, totalSlot: 1, currentSlotIndex: 0
[INFO] 2025-10-13 12:36:57.756 +0800 o.a.d.s.m.r.t.TaskGroupCoordinator:[187] - Success amend TaskGroupQueue status cost: 0/ms
[INFO] 2025-10-13 12:36:57.756 +0800 o.a.d.s.m.r.t.TaskGroupCoordinator:[241] - Success deal with force start TaskGroupQueue cost: 0/ms
[INFO] 2025-10-13 12:36:57.756 +0800 o.a.d.s.m.r.t.TaskGroupCoordinator:[129] - TaskGroupCoordinator round time cost: 0/ms
[INFO] 2025-10-13 12:36:58.576 +0800 o.a.d.s.m.c.IdSlotBasedCommandFetcher:[67] - Fetch commands: 0 success, cost: 0ms, totalSlot: 1, currentSlotIndex: 0
[INFO] 2025-10-13 12:36:59.576 +0800 o.a.d.s.m.c.IdSlotBasedCommandFetcher:[67] - Fetch commands: 0 success, cost: 0ms, totalSlot: 1, currentSlotIndex: 0
[INFO] 2025-10-13 12:37:00.577 +0800 o.a.d.s.m.c.IdSlotBasedCommandFetcher:[67] - Fetch commands: 0 success, cost: 0ms, totalSlot: 1, currentSlotIndex: 0
[INFO] 2025-10-13 12:37:01.578 +0800 o.a.d.s.m.c.IdSlotBasedCommandFetcher:[67] - Fetch commands: 0 success, cost: 0ms, totalSlot: 1, currentSlotIndex: 0
[INFO] 2025-10-13 12:37:02.579 +0800 o.a.d.s.m.c.IdSlotBasedCommandFetcher:[67] - Fetch commands: 0 success, cost: 0ms, totalSlot: 1, currentSlotIndex: 0
[INFO] 2025-10-13 12:37:02.762 +0800 o.a.d.s.m.r.t.TaskGroupCoordinator:[187] - Success amend TaskGroupQueue status cost: 0/ms
[INFO] 2025-10-13 12:37:02.762 +0800 o.a.d.s.m.r.t.TaskGroupCoordinator:[241] - Success deal with force start TaskGroupQueue cost: 0/ms
[INFO] 2025-10-13 12:37:02.762 +0800 o.a.d.s.m.r.t.TaskGroupCoordinator:[129] - TaskGroupCoordinator round time cost: 0/ms
[INFO] 2025-10-13 12:37:03.580 +0800 o.a.d.s.m.c.IdSlotBasedCommandFetcher:[67] - Fetch commands: 0 success, cost: 0ms, totalSlot: 1, currentSlotIndex: 0
[INFO] 2025-10-13 12:37:04.581 +0800 o.a.d.s.m.c.IdSlotBasedCommandFetcher:[67] - Fetch commands: 0 success, cost: 0ms, totalSlot: 1, currentSlotIndex: 0
[INFO] 2025-10-13 12:37:05.711 +0800 o.a.d.s.m.c.IdSlotBasedCommandFetcher:[67] - Fetch commands: 0 success, cost: 0ms, totalSlot: 1, currentSlotIndex: 0
[INFO] 2025-10-13 12:37:06.772 +0800 o.a.d.s.m.c.IdSlotBasedCommandFetcher:[67] - Fetch commands: 0 success, cost: 0ms, totalSlot: 1, currentSlotIndex: 0
[INFO] 2025-10-13 12:37:07.767 +0800 o.a.d.s.m.r.t.TaskGroupCoordinator:[187] - Success amend TaskGroupQueue status cost: 0/ms
[INFO] 2025-10-13 12:37:07.767 +0800 o.a.d.s.m.r.t.TaskGroupCoordinator:[241] - Success deal with force start TaskGroupQueue cost: 0/ms
[INFO] 2025-10-13 12:37:07.767 +0800 o.a.d.s.m.r.t.TaskGroupCoordinator:[129] - TaskGroupCoordinator round time cost: 0/ms
[INFO] 2025-10-13 12:37:07.847 +0800 o.a.d.s.m.c.IdSlotBasedCommandFetcher:[67] - Fetch commands: 0 success, cost: 1ms, totalSlot: 1, currentSlotIndex: 0
[INFO] 2025-10-13 12:37:08.920 +0800 o.a.d.s.m.c.IdSlotBasedCommandFetcher:[67] - Fetch commands: 0 success, cost: 0ms, totalSlot: 1, currentSlotIndex: 0
[INFO] 2025-10-13 12:37:09.988 +0800 o.a.d.s.m.c.IdSlotBasedCommandFetcher:[67] - Fetch commands: 0 success, cost: 0ms, totalSlot: 1, currentSlotIndex: 0
[INFO] 2025-10-13 12:37:11.069 +0800 o.a.d.s.m.c.IdSlotBasedCommandFetcher:[67] - Fetch commands: 0 success, cost: 0ms, totalSlot: 1, currentSlotIndex: 0
[INFO] 2025-10-13 12:37:12.151 +0800 o.a.d.s.m.c.IdSlotBasedCommandFetcher:[67] - Fetch commands: 0 success, cost: 1ms, totalSlot: 1, currentSlotIndex: 0
[INFO] 2025-10-13 12:37:12.773 +0800 o.a.d.s.m.r.t.TaskGroupCoordinator:[187] - Success amend TaskGroupQueue status cost: 0/ms
[INFO] 2025-10-13 12:37:12.773 +0800 o.a.d.s.m.r.t.TaskGroupCoordinator:[241] - Success deal with force start TaskGroupQueue cost: 0/ms
[INFO] 2025-10-13 12:37:12.773 +0800 o.a.d.s.m.r.t.TaskGroupCoordinator:[129] - TaskGroupCoordinator round time cost: 0/ms
[INFO] 2025-10-13 12:37:13.223 +0800 o.a.d.s.m.c.IdSlotBasedCommandFetcher:[67] - Fetch commands: 0 success, cost: 0ms, totalSlot: 1, currentSlotIndex: 0
[INFO] 2025-10-13 12:37:14.298 +0800 o.a.d.s.m.c.IdSlotBasedCommandFetcher:[67] - Fetch commands: 0 success, cost: 0ms, totalSlot: 1, currentSlotIndex: 0
[INFO] 2025-10-13 12:37:15.370 +0800 o.a.d.s.m.c.IdSlotBasedCommandFetcher:[67] - Fetch commands: 0 success, cost: 0ms, totalSlot: 1, currentSlotIndex: 0
[INFO] 2025-10-13 12:37:16.437 +0800 o.a.d.s.m.c.IdSlotBasedCommandFetcher:[67] - Fetch commands: 0 success, cost: 1ms, totalSlot: 1, currentSlotIndex: 0
[INFO] 2025-10-13 12:37:17.655 +0800 o.a.d.s.m.c.IdSlotBasedCommandFetcher:[67] - Fetch commands: 0 success, cost: 1ms, totalSlot: 1, currentSlotIndex: 0
[INFO] 2025-10-13 12:37:17.778 +0800 o.a.d.s.m.r.t.TaskGroupCoordinator:[187] - Success amend TaskGroupQueue status cost: 0/ms
[INFO] 2025-10-13 12:37:17.778 +0800 o.a.d.s.m.r.t.TaskGroupCoordinator:[241] - Success deal with force start TaskGroupQueue cost: 0/ms
[INFO] 2025-10-13 12:37:17.778 +0800 o.a.d.s.m.r.t.TaskGroupCoordinator:[129] - TaskGroupCoordinator round time cost: 0/ms
[INFO] 2025-10-13 12:37:18.655 +0800 o.a.d.s.m.c.IdSlotBasedCommandFetcher:[67] - Fetch commands: 0 success, cost: 0ms, totalSlot: 1, currentSlotIndex: 0
[INFO] 2025-10-13 12:37:19.669 +0800 o.a.d.s.m.c.IdSlotBasedCommandFetcher:[67] - Fetch commands: 0 success, cost: 0ms, totalSlot: 1, currentSlotIndex: 0
[INFO] 2025-10-13 12:37:20.670 +0800 o.a.d.s.m.c.IdSlotBasedCommandFetcher:[67] - Fetch commands: 0 success, cost: 0ms, totalSlot: 1, currentSlotIndex: 0
[INFO] 2025-10-13 12:37:21.681 +0800 o.a.d.s.m.c.IdSlotBasedCommandFetcher:[67] - Fetch commands: 0 success, cost: 0ms, totalSlot: 1, currentSlotIndex: 0
[INFO] 2025-10-13 12:37:22.682 +0800 o.a.d.s.m.c.IdSlotBasedCommandFetcher:[67] - Fetch commands: 0 success, cost: 0ms, totalSlot: 1, currentSlotIndex: 0
[INFO] 2025-10-13 12:37:22.782 +0800 o.a.d.s.m.r.t.TaskGroupCoordinator:[187] - Success amend TaskGroupQueue status cost: 0/ms
[INFO] 2025-10-13 12:37:22.782 +0800 o.a.d.s.m.r.t.TaskGroupCoordinator:[241] - Success deal with force start TaskGroupQueue cost: 0/ms
[INFO] 2025-10-13 12:37:22.782 +0800 o.a.d.s.m.r.t.TaskGroupCoordinator:[129] - TaskGroupCoordinator round time cost: 0/ms
[INFO] 2025-10-13 12:37:23.683 +0800 o.a.d.s.m.c.IdSlotBasedCommandFetcher:[67] - Fetch commands: 0 success, cost: 0ms, totalSlot: 1, currentSlotIndex: 0
[INFO] 2025-10-13 12:37:24.683 +0800 o.a.d.s.m.c.IdSlotBasedCommandFetcher:[67] - Fetch commands: 0 success, cost: 0ms, totalSlot: 1, currentSlotIndex: 0
[INFO] 2025-10-13 12:37:25.684 +0800 o.a.d.s.m.c.IdSlotBasedCommandFetcher:[67] - Fetch commands: 0 success, cost: 0ms, totalSlot: 1, currentSlotIndex: 0
[INFO] 2025-10-13 12:37:26.684 +0800 o.a.d.s.m.c.IdSlotBasedCommandFetcher:[67] - Fetch commands: 0 success, cost: 0ms, totalSlot: 1, currentSlotIndex: 0
[INFO] 2025-10-13 12:37:27.684 +0800 o.a.d.s.m.c.IdSlotBasedCommandFetcher:[67] - Fetch commands: 0 success, cost: 0ms, totalSlot: 1, currentSlotIndex: 0
[INFO] 2025-10-13 12:37:27.787 +0800 o.a.d.s.m.r.t.TaskGroupCoordinator:[187] - Success amend TaskGroupQueue status cost: 0/ms
[INFO] 2025-10-13 12:37:27.787 +0800 o.a.d.s.m.r.t.TaskGroupCoordinator:[241] - Success deal with force start TaskGroupQueue cost: 0/ms
[INFO] 2025-10-13 12:37:27.787 +0800 o.a.d.s.m.r.t.TaskGroupCoordinator:[129] - TaskGroupCoordinator round time cost: 0/ms
[INFO] 2025-10-13 12:37:28.685 +0800 o.a.d.s.m.c.IdSlotBasedCommandFetcher:[67] - Fetch commands: 0 success, cost: 0ms, totalSlot: 1, currentSlotIndex: 0
[INFO] 2025-10-13 12:37:29.693 +0800 o.a.d.s.m.c.IdSlotBasedCommandFetcher:[67] - Fetch commands: 0 success, cost: 0ms, totalSlot: 1, currentSlotIndex: 0
[INFO] 2025-10-13 12:37:30.694 +0800 o.a.d.s.m.c.IdSlotBasedCommandFetcher:[67] - Fetch commands: 0 success, cost: 0ms, totalSlot: 1, currentSlotIndex: 0
[INFO] 2025-10-13 12:37:31.707 +0800 o.a.d.s.m.c.IdSlotBasedCommandFetcher:[67] - Fetch commands: 0 success, cost: 0ms, totalSlot: 1, currentSlotIndex: 0
[INFO] 2025-10-13 12:37:32.798 +0800 o.a.d.s.m.r.t.TaskGroupCoordinator:[187] - Success amend TaskGroupQueue status cost: 0/ms
[INFO] 2025-10-13 12:37:32.798 +0800 o.a.d.s.m.r.t.TaskGroupCoordinator:[241] - Success deal with force start TaskGroupQueue cost: 0/ms
[INFO] 2025-10-13 12:37:32.798 +0800 o.a.d.s.m.r.t.TaskGroupCoordinator:[129] - TaskGroupCoordinator round time cost: 0/ms
[INFO] 2025-10-13 12:37:32.963 +0800 o.a.d.s.m.c.IdSlotBasedCommandFetcher:[67] - Fetch commands: 0 success, cost: 0ms, totalSlot: 1, currentSlotIndex: 0
[INFO] 2025-10-13 12:37:33.964 +0800 o.a.d.s.m.c.IdSlotBasedCommandFetcher:[67] - Fetch commands: 0 success, cost: 0ms, totalSlot: 1, currentSlotIndex: 0
[INFO] 2025-10-13 12:37:34.964 +0800 o.a.d.s.m.c.IdSlotBasedCommandFetcher:[67] - Fetch commands: 0 success, cost: 0ms, totalSlot: 1, currentSlotIndex: 0
[INFO] 2025-10-13 12:37:35.978 +0800 o.a.d.s.m.c.IdSlotBasedCommandFetcher:[67] - Fetch commands: 0 success, cost: 0ms, totalSlot: 1, currentSlotIndex: 0
[INFO] 2025-10-13 12:37:36.979 +0800 o.a.d.s.m.c.IdSlotBasedCommandFetcher:[67] - Fetch commands: 0 success, cost: 0ms, totalSlot: 1, currentSlotIndex: 0
[INFO] 2025-10-13 12:37:37.810 +0800 o.a.d.s.m.r.t.TaskGroupCoordinator:[187] - Success amend TaskGroupQueue status cost: 0/ms
[INFO] 2025-10-13 12:37:37.811 +0800 o.a.d.s.m.r.t.TaskGroupCoordinator:[241] - Success deal with force start TaskGroupQueue cost: 0/ms
[INFO] 2025-10-13 12:37:37.811 +0800 o.a.d.s.m.r.t.TaskGroupCoordinator:[129] - TaskGroupCoordinator round time cost: 0/ms
[INFO] 2025-10-13 12:37:37.980 +0800 o.a.d.s.m.c.IdSlotBasedCommandFetcher:[67] - Fetch commands: 0 success, cost: 0ms, totalSlot: 1, currentSlotIndex: 0
[INFO] 2025-10-13 12:37:38.980 +0800 o.a.d.s.m.c.IdSlotBasedCommandFetcher:[67] - Fetch commands: 0 success, cost: 0ms, totalSlot: 1, currentSlotIndex: 0
[INFO] 2025-10-13 12:37:39.981 +0800 o.a.d.s.m.c.IdSlotBasedCommandFetcher:[67] - Fetch commands: 0 success, cost: 0ms, totalSlot: 1, currentSlotIndex: 0
[INFO] 2025-10-13 12:37:40.981 +0800 o.a.d.s.m.c.IdSlotBasedCommandFetcher:[67] - Fetch commands: 0 success, cost: 0ms, totalSlot: 1, currentSlotIndex: 0
[INFO] 2025-10-13 12:37:41.982 +0800 o.a.d.s.m.c.IdSlotBasedCommandFetcher:[67] - Fetch commands: 0 success, cost: 0ms, totalSlot: 1, currentSlotIndex: 0
[INFO] 2025-10-13 12:37:42.820 +0800 o.a.d.s.m.r.t.TaskGroupCoordinator:[187] - Success amend TaskGroupQueue status cost: 0/ms
[INFO] 2025-10-13 12:37:42.820 +0800 o.a.d.s.m.r.t.TaskGroupCoordinator:[241] - Success deal with force start TaskGroupQueue cost: 0/ms
[INFO] 2025-10-13 12:37:42.820 +0800 o.a.d.s.m.r.t.TaskGroupCoordinator:[129] - TaskGroupCoordinator round time cost: 0/ms
[INFO] 2025-10-13 12:37:42.983 +0800 o.a.d.s.m.c.IdSlotBasedCommandFetcher:[67] - Fetch commands: 0 success, cost: 0ms, totalSlot: 1, currentSlotIndex: 0
[INFO] 2025-10-13 12:37:43.983 +0800 o.a.d.s.m.c.IdSlotBasedCommandFetcher:[67] - Fetch commands: 0 success, cost: 0ms, totalSlot: 1, currentSlotIndex: 0
[INFO] 2025-10-13 12:37:44.983 +0800 o.a.d.s.m.c.IdSlotBasedCommandFetcher:[67] - Fetch commands: 0 success, cost: 0ms, totalSlot: 1, currentSlotIndex: 0
[INFO] 2025-10-13 12:37:45.984 +0800 o.a.d.s.m.c.IdSlotBasedCommandFetcher:[67] - Fetch commands: 0 success, cost: 0ms, totalSlot: 1, currentSlotIndex: 0
[INFO] 2025-10-13 12:37:47.208 +0800 o.a.d.s.m.c.IdSlotBasedCommandFetcher:[67] - Fetch commands: 0 success, cost: 0ms, totalSlot: 1, currentSlotIndex: 0
[INFO] 2025-10-13 12:37:47.825 +0800 o.a.d.s.m.r.t.TaskGroupCoordinator:[187] - Success amend TaskGroupQueue status cost: 0/ms
[INFO] 2025-10-13 12:37:47.825 +0800 o.a.d.s.m.r.t.TaskGroupCoordinator:[241] - Success deal with force start TaskGroupQueue cost: 0/ms
[INFO] 2025-10-13 12:37:47.826 +0800 o.a.d.s.m.r.t.TaskGroupCoordinator:[129] - TaskGroupCoordinator round time cost: 0/ms
[INFO] 2025-10-13 12:37:48.280 +0800 o.a.d.s.m.c.IdSlotBasedCommandFetcher:[67] - Fetch commands: 0 success, cost: 0ms, totalSlot: 1, currentSlotIndex: 0
[INFO] 2025-10-13 12:37:49.353 +0800 o.a.d.s.m.c.IdSlotBasedCommandFetcher:[67] - Fetch commands: 0 success, cost: 0ms, totalSlot: 1, currentSlotIndex: 0
[INFO] 2025-10-13 12:37:50.427 +0800 o.a.d.s.m.c.IdSlotBasedCommandFetcher:[67] - Fetch commands: 0 success, cost: 0ms, totalSlot: 1, currentSlotIndex: 0
[INFO] 2025-10-13 12:37:51.500 +0800 o.a.d.s.m.c.IdSlotBasedCommandFetcher:[67] - Fetch commands: 0 success, cost: 0ms, totalSlot: 1, currentSlotIndex: 0
[INFO] 2025-10-13 12:37:52.570 +0800 o.a.d.s.m.c.IdSlotBasedCommandFetcher:[67] - Fetch commands: 0 success, cost: 0ms, totalSlot: 1, currentSlotIndex: 0
[INFO] 2025-10-13 12:37:52.830 +0800 o.a.d.s.m.r.t.TaskGroupCoordinator:[187] - Success amend TaskGroupQueue status cost: 0/ms
[INFO] 2025-10-13 12:37:52.830 +0800 o.a.d.s.m.r.t.TaskGroupCoordinator:[241] - Success deal with force start TaskGroupQueue cost: 0/ms
[INFO] 2025-10-13 12:37:52.831 +0800 o.a.d.s.m.r.t.TaskGroupCoordinator:[129] - TaskGroupCoordinator round time cost: 0/ms
[INFO] 2025-10-13 12:37:53.645 +0800 o.a.d.s.m.c.IdSlotBasedCommandFetcher:[67] - Fetch commands: 0 success, cost: 0ms, totalSlot: 1, currentSlotIndex: 0
[INFO] 2025-10-13 12:37:54.729 +0800 o.a.d.s.m.c.IdSlotBasedCommandFetcher:[67] - Fetch commands: 0 success, cost: 0ms, totalSlot: 1, currentSlotIndex: 0
[INFO] 2025-10-13 12:37:55.800 +0800 o.a.d.s.m.c.IdSlotBasedCommandFetcher:[67] - Fetch commands: 0 success, cost: 0ms, totalSlot: 1, currentSlotIndex: 0
[INFO] 2025-10-13 12:37:56.875 +0800 o.a.d.s.m.c.IdSlotBasedCommandFetcher:[67] - Fetch commands: 0 success, cost: 0ms, totalSlot: 1, currentSlotIndex: 0
[INFO] 2025-10-13 12:37:57.845 +0800 o.a.d.s.m.r.t.TaskGroupCoordinator:[187] - Success amend TaskGroupQueue status cost: 0/ms
[INFO] 2025-10-13 12:37:57.846 +0800 o.a.d.s.m.r.t.TaskGroupCoordinator:[241] - Success deal with force start TaskGroupQueue cost: 0/ms
[INFO] 2025-10-13 12:37:57.846 +0800 o.a.d.s.m.r.t.TaskGroupCoordinator:[129] - TaskGroupCoordinator round time cost: 0/ms
[INFO] 2025-10-13 12:37:57.946 +0800 o.a.d.s.m.c.IdSlotBasedCommandFetcher:[67] - Fetch commands: 0 success, cost: 0ms, totalSlot: 1, currentSlotIndex: 0
[INFO] 2025-10-13 12:37:59.016 +0800 o.a.d.s.m.c.IdSlotBasedCommandFetcher:[67] - Fetch commands: 0 success, cost: 1ms, totalSlot: 1, currentSlotIndex: 0
[INFO] 2025-10-13 12:38:00.087 +0800 o.a.d.s.m.c.IdSlotBasedCommandFetcher:[67] - Fetch commands: 0 success, cost: 0ms, totalSlot: 1, currentSlotIndex: 0
[INFO] 2025-10-13 12:38:01.238 +0800 o.a.d.s.m.c.IdSlotBasedCommandFetcher:[67] - Fetch commands: 0 success, cost: 0ms, totalSlot: 1, currentSlotIndex: 0
[INFO] 2025-10-13 12:38:02.238 +0800 o.a.d.s.m.c.IdSlotBasedCommandFetcher:[67] - Fetch commands: 0 success, cost: 0ms, totalSlot: 1, currentSlotIndex: 0
[INFO] 2025-10-13 12:38:02.849 +0800 o.a.d.s.m.r.t.TaskGroupCoordinator:[187] - Success amend TaskGroupQueue status cost: 0/ms
[INFO] 2025-10-13 12:38:02.850 +0800 o.a.d.s.m.r.t.TaskGroupCoordinator:[241] - Success deal with force start TaskGroupQueue cost: 0/ms
[INFO] 2025-10-13 12:38:02.850 +0800 o.a.d.s.m.r.t.TaskGroupCoordinator:[129] - TaskGroupCoordinator round time cost: 0/ms
[INFO] 2025-10-13 12:38:03.239 +0800 o.a.d.s.m.c.IdSlotBasedCommandFetcher:[67] - Fetch commands: 0 success, cost: 0ms, totalSlot: 1, currentSlotIndex: 0
[INFO] 2025-10-13 12:38:04.239 +0800 o.a.d.s.m.c.IdSlotBasedCommandFetcher:[67] - Fetch commands: 0 success, cost: 0ms, totalSlot: 1, currentSlotIndex: 0
[INFO] 2025-10-13 12:38:05.240 +0800 o.a.d.s.m.c.IdSlotBasedCommandFetcher:[67] - Fetch commands: 0 success, cost: 0ms, totalSlot: 1, currentSlotIndex: 0
[INFO] 2025-10-13 12:38:06.240 +0800 o.a.d.s.m.c.IdSlotBasedCommandFetcher:[67] - Fetch commands: 0 success, cost: 0ms, totalSlot: 1, currentSlotIndex: 0
[INFO] 2025-10-13 12:38:07.240 +0800 o.a.d.s.m.c.IdSlotBasedCommandFetcher:[67] - Fetch commands: 0 success, cost: 0ms, totalSlot: 1, currentSlotIndex: 0
[INFO] 2025-10-13 12:38:07.854 +0800 o.a.d.s.m.r.t.TaskGroupCoordinator:[187] - Success amend TaskGroupQueue status cost: 0/ms
[INFO] 2025-10-13 12:38:07.855 +0800 o.a.d.s.m.r.t.TaskGroupCoordinator:[241] - Success deal with force start TaskGroupQueue cost: 0/ms
[INFO] 2025-10-13 12:38:07.855 +0800 o.a.d.s.m.r.t.TaskGroupCoordinator:[129] - TaskGroupCoordinator round time cost: 0/ms
[INFO] 2025-10-13 12:38:08.241 +0800 o.a.d.s.m.c.IdSlotBasedCommandFetcher:[67] - Fetch commands: 0 success, cost: 0ms, totalSlot: 1, currentSlotIndex: 0
[INFO] 2025-10-13 12:38:09.242 +0800 o.a.d.s.m.c.IdSlotBasedCommandFetcher:[67] - Fetch commands: 0 success, cost: 0ms, totalSlot: 1, currentSlotIndex: 0
[INFO] 2025-10-13 12:38:10.242 +0800 o.a.d.s.m.c.IdSlotBasedCommandFetcher:[67] - Fetch commands: 0 success, cost: 0ms, totalSlot: 1, currentSlotIndex: 0
[INFO] 2025-10-13 12:38:11.242 +0800 o.a.d.s.m.c.IdSlotBasedCommandFetcher:[67] - Fetch commands: 0 success, cost: 0ms, totalSlot: 1, currentSlotIndex: 0
[INFO] 2025-10-13 12:38:12.242 +0800 o.a.d.s.m.c.IdSlotBasedCommandFetcher:[67] - Fetch commands: 0 success, cost: 0ms, totalSlot: 1, currentSlotIndex: 0
[INFO] 2025-10-13 12:38:12.859 +0800 o.a.d.s.m.r.t.TaskGroupCoordinator:[187] - Success amend TaskGroupQueue status cost: 0/ms
[INFO] 2025-10-13 12:38:12.859 +0800 o.a.d.s.m.r.t.TaskGroupCoordinator:[241] - Success deal with force start TaskGroupQueue cost: 0/ms
[INFO] 2025-10-13 12:38:12.859 +0800 o.a.d.s.m.r.t.TaskGroupCoordinator:[129] - TaskGroupCoordinator round time cost: 0/ms
[INFO] 2025-10-13 12:38:13.243 +0800 o.a.d.s.m.c.IdSlotBasedCommandFetcher:[67] - Fetch commands: 0 success, cost: 0ms, totalSlot: 1, currentSlotIndex: 0
[INFO] 2025-10-13 12:38:14.321 +0800 o.a.d.s.m.c.IdSlotBasedCommandFetcher:[67] - Fetch commands: 0 success, cost: 0ms, totalSlot: 1, currentSlotIndex: 0
[INFO] 2025-10-13 12:38:15.396 +0800 o.a.d.s.m.c.IdSlotBasedCommandFetcher:[67] - Fetch commands: 0 success, cost: 0ms, totalSlot: 1, currentSlotIndex: 0
[INFO] 2025-10-13 12:38:16.472 +0800 o.a.d.s.m.c.IdSlotBasedCommandFetcher:[67] - Fetch commands: 0 success, cost: 0ms, totalSlot: 1, currentSlotIndex: 0
[INFO] 2025-10-13 12:38:17.594 +0800 o.a.d.s.m.c.IdSlotBasedCommandFetcher:[67] - Fetch commands: 0 success, cost: 0ms, totalSlot: 1, currentSlotIndex: 0
[INFO] 2025-10-13 12:38:17.864 +0800 o.a.d.s.m.r.t.TaskGroupCoordinator:[187] - Success amend TaskGroupQueue status cost: 0/ms
[INFO] 2025-10-13 12:38:17.864 +0800 o.a.d.s.m.r.t.TaskGroupCoordinator:[241] - Success deal with force start TaskGroupQueue cost: 0/ms
[INFO] 2025-10-13 12:38:17.864 +0800 o.a.d.s.m.r.t.TaskGroupCoordinator:[129] - TaskGroupCoordinator round time cost: 0/ms
[INFO] 2025-10-13 12:38:18.596 +0800 o.a.d.s.m.c.IdSlotBasedCommandFetcher:[67] - Fetch commands: 0 success, cost: 0ms, totalSlot: 1, currentSlotIndex: 0
[INFO] 2025-10-13 12:38:19.596 +0800 o.a.d.s.m.c.IdSlotBasedCommandFetcher:[67] - Fetch commands: 0 success, cost: 0ms, totalSlot: 1, currentSlotIndex: 0
[INFO] 2025-10-13 12:38:20.600 +0800 o.a.d.s.m.c.IdSlotBasedCommandFetcher:[67] - Fetch commands: 0 success, cost: 0ms, totalSlot: 1, currentSlotIndex: 0
[INFO] 2025-10-13 12:38:21.600 +0800 o.a.d.s.m.c.IdSlotBasedCommandFetcher:[67] - Fetch commands: 0 success, cost: 0ms, totalSlot: 1, currentSlotIndex: 0
[INFO] 2025-10-13 12:38:22.601 +0800 o.a.d.s.m.c.IdSlotBasedCommandFetcher:[67] - Fetch commands: 0 success, cost: 0ms, totalSlot: 1, currentSlotIndex: 0
[INFO] 2025-10-13 12:38:22.868 +0800 o.a.d.s.m.r.t.TaskGroupCoordinator:[187] - Success amend TaskGroupQueue status cost: 0/ms
[INFO] 2025-10-13 12:38:22.868 +0800 o.a.d.s.m.r.t.TaskGroupCoordinator:[241] - Success deal with force start TaskGroupQueue cost: 0/ms
[INFO] 2025-10-13 12:38:22.868 +0800 o.a.d.s.m.r.t.TaskGroupCoordinator:[129] - TaskGroupCoordinator round time cost: 0/ms
[INFO] 2025-10-13 12:38:23.601 +0800 o.a.d.s.m.c.IdSlotBasedCommandFetcher:[67] - Fetch commands: 0 success, cost: 0ms, totalSlot: 1, currentSlotIndex: 0
[INFO] 2025-10-13 12:38:24.604 +0800 o.a.d.s.m.c.IdSlotBasedCommandFetcher:[67] - Fetch commands: 0 success, cost: 0ms, totalSlot: 1, currentSlotIndex: 0
[INFO] 2025-10-13 12:38:25.604 +0800 o.a.d.s.m.c.IdSlotBasedCommandFetcher:[67] - Fetch commands: 0 success, cost: 0ms, totalSlot: 1, currentSlotIndex: 0
[INFO] 2025-10-13 12:38:26.605 +0800 o.a.d.s.m.c.IdSlotBasedCommandFetcher:[67] - Fetch commands: 0 success, cost: 0ms, totalSlot: 1, currentSlotIndex: 0
[INFO] 2025-10-13 12:38:27.612 +0800 o.a.d.s.m.c.IdSlotBasedCommandFetcher:[67] - Fetch commands: 0 success, cost: 0ms, totalSlot: 1, currentSlotIndex: 0
[INFO] 2025-10-13 12:38:27.873 +0800 o.a.d.s.m.r.t.TaskGroupCoordinator:[187] - Success amend TaskGroupQueue status cost: 0/ms
[INFO] 2025-10-13 12:38:27.873 +0800 o.a.d.s.m.r.t.TaskGroupCoordinator:[241] - Success deal with force start TaskGroupQueue cost: 0/ms
[INFO] 2025-10-13 12:38:27.873 +0800 o.a.d.s.m.r.t.TaskGroupCoordinator:[129] - TaskGroupCoordinator round time cost: 0/ms
[INFO] 2025-10-13 12:38:28.613 +0800 o.a.d.s.m.c.IdSlotBasedCommandFetcher:[67] - Fetch commands: 0 success, cost: 0ms, totalSlot: 1, currentSlotIndex: 0
[INFO] 2025-10-13 12:38:29.627 +0800 o.a.d.s.m.c.IdSlotBasedCommandFetcher:[67] - Fetch commands: 0 success, cost: 0ms, totalSlot: 1, currentSlotIndex: 0
[INFO] 2025-10-13 12:38:30.772 +0800 o.a.d.s.m.c.IdSlotBasedCommandFetcher:[67] - Fetch commands: 0 success, cost: 0ms, totalSlot: 1, currentSlotIndex: 0
[INFO] 2025-10-13 12:38:31.846 +0800 o.a.d.s.m.c.IdSlotBasedCommandFetcher:[67] - Fetch commands: 0 success, cost: 0ms, totalSlot: 1, currentSlotIndex: 0
[INFO] 2025-10-13 12:38:32.885 +0800 o.a.d.s.m.r.t.TaskGroupCoordinator:[187] - Success amend TaskGroupQueue status cost: 0/ms
[INFO] 2025-10-13 12:38:32.886 +0800 o.a.d.s.m.r.t.TaskGroupCoordinator:[241] - Success deal with force start TaskGroupQueue cost: 0/ms
[INFO] 2025-10-13 12:38:32.886 +0800 o.a.d.s.m.r.t.TaskGroupCoordinator:[129] - TaskGroupCoordinator round time cost: 0/ms
[INFO] 2025-10-13 12:38:32.917 +0800 o.a.d.s.m.c.IdSlotBasedCommandFetcher:[67] - Fetch commands: 0 success, cost: 0ms, totalSlot: 1, currentSlotIndex: 0
[INFO] 2025-10-13 12:38:33.987 +0800 o.a.d.s.m.c.IdSlotBasedCommandFetcher:[67] - Fetch commands: 0 success, cost: 0ms, totalSlot: 1, currentSlotIndex: 0
[INFO] 2025-10-13 12:38:35.056 +0800 o.a.d.s.m.c.IdSlotBasedCommandFetcher:[67] - Fetch commands: 0 success, cost: 0ms, totalSlot: 1, currentSlotIndex: 0
[INFO] 2025-10-13 12:38:36.136 +0800 o.a.d.s.m.c.IdSlotBasedCommandFetcher:[67] - Fetch commands: 0 success, cost: 1ms, totalSlot: 1, currentSlotIndex: 0
[INFO] 2025-10-13 12:38:37.211 +0800 o.a.d.s.m.c.IdSlotBasedCommandFetcher:[67] - Fetch commands: 0 success, cost: 0ms, totalSlot: 1, currentSlotIndex: 0
[INFO] 2025-10-13 12:38:37.893 +0800 o.a.d.s.m.r.t.TaskGroupCoordinator:[187] - Success amend TaskGroupQueue status cost: 0/ms
[INFO] 2025-10-13 12:38:37.893 +0800 o.a.d.s.m.r.t.TaskGroupCoordinator:[241] - Success deal with force start TaskGroupQueue cost: 0/ms
[INFO] 2025-10-13 12:38:37.893 +0800 o.a.d.s.m.r.t.TaskGroupCoordinator:[129] - TaskGroupCoordinator round time cost: 0/ms
[INFO] 2025-10-13 12:38:38.287 +0800 o.a.d.s.m.c.IdSlotBasedCommandFetcher:[67] - Fetch commands: 0 success, cost: 0ms, totalSlot: 1, currentSlotIndex: 0
[INFO] 2025-10-13 12:38:39.363 +0800 o.a.d.s.m.c.IdSlotBasedCommandFetcher:[67] - Fetch commands: 0 success, cost: 0ms, totalSlot: 1, currentSlotIndex: 0
[INFO] 2025-10-13 12:38:40.365 +0800 o.a.d.s.m.c.IdSlotBasedCommandFetcher:[67] - Fetch commands: 0 success, cost: 0ms, totalSlot: 1, currentSlotIndex: 0
[INFO] 2025-10-13 12:38:41.365 +0800 o.a.d.s.m.c.IdSlotBasedCommandFetcher:[67] - Fetch commands: 0 success, cost: 0ms, totalSlot: 1, currentSlotIndex: 0
[INFO] 2025-10-13 12:38:42.366 +0800 o.a.d.s.m.c.IdSlotBasedCommandFetcher:[67] - Fetch commands: 0 success, cost: 0ms, totalSlot: 1, currentSlotIndex: 0
[INFO] 2025-10-13 12:38:42.904 +0800 o.a.d.s.m.r.t.TaskGroupCoordinator:[187] - Success amend TaskGroupQueue status cost: 0/ms
[INFO] 2025-10-13 12:38:42.904 +0800 o.a.d.s.m.r.t.TaskGroupCoordinator:[241] - Success deal with force start TaskGroupQueue cost: 0/ms
[INFO] 2025-10-13 12:38:42.904 +0800 o.a.d.s.m.r.t.TaskGroupCoordinator:[129] - TaskGroupCoordinator round time cost: 0/ms
[INFO] 2025-10-13 12:38:43.367 +0800 o.a.d.s.m.c.IdSlotBasedCommandFetcher:[67] - Fetch commands: 0 success, cost: 0ms, totalSlot: 1, currentSlotIndex: 0
[INFO] 2025-10-13 12:38:44.367 +0800 o.a.d.s.m.c.IdSlotBasedCommandFetcher:[67] - Fetch commands: 0 success, cost: 0ms, totalSlot: 1, currentSlotIndex: 0
[INFO] 2025-10-13 12:38:45.367 +0800 o.a.d.s.m.c.IdSlotBasedCommandFetcher:[67] - Fetch commands: 0 success, cost: 0ms, totalSlot: 1, currentSlotIndex: 0
[INFO] 2025-10-13 12:38:46.368 +0800 o.a.d.s.m.c.IdSlotBasedCommandFetcher:[67] - Fetch commands: 0 success, cost: 0ms, totalSlot: 1, currentSlotIndex: 0
[INFO] 2025-10-13 12:38:47.368 +0800 o.a.d.s.m.c.IdSlotBasedCommandFetcher:[67] - Fetch commands: 0 success, cost: 0ms, totalSlot: 1, currentSlotIndex: 0
[INFO] 2025-10-13 12:38:47.908 +0800 o.a.d.s.m.r.t.TaskGroupCoordinator:[187] - Success amend TaskGroupQueue status cost: 0/ms
[INFO] 2025-10-13 12:38:47.909 +0800 o.a.d.s.m.r.t.TaskGroupCoordinator:[241] - Success deal with force start TaskGroupQueue cost: 0/ms
[INFO] 2025-10-13 12:38:47.909 +0800 o.a.d.s.m.r.t.TaskGroupCoordinator:[129] - TaskGroupCoordinator round time cost: 0/ms
[INFO] 2025-10-13 12:38:48.370 +0800 o.a.d.s.m.c.IdSlotBasedCommandFetcher:[67] - Fetch commands: 0 success, cost: 0ms, totalSlot: 1, currentSlotIndex: 0
[INFO] 2025-10-13 12:38:49.371 +0800 o.a.d.s.m.c.IdSlotBasedCommandFetcher:[67] - Fetch commands: 0 success, cost: 0ms, totalSlot: 1, currentSlotIndex: 0
[INFO] 2025-10-13 12:38:50.372 +0800 o.a.d.s.m.c.IdSlotBasedCommandFetcher:[67] - Fetch commands: 0 success, cost: 0ms, totalSlot: 1, currentSlotIndex: 0
[INFO] 2025-10-13 12:38:51.534 +0800 o.a.d.m.m.BaseServerLoadProtection:[43] - OverLoad: the system cpu usage: 1.0 is over then the maxSystemCpuUsagePercentageThresholds 0.9
[WARN] 2025-10-13 12:38:51.534 +0800 o.a.d.s.m.r.MasterSchedulerBootstrap:[120] - The current server is overload, cannot consumes commands.
[INFO] 2025-10-13 12:38:51.604 +0800 o.a.d.m.m.BaseServerLoadProtection:[43] - OverLoad: the system cpu usage: 1.0 is over then the maxSystemCpuUsagePercentageThresholds 0.9
[INFO] 2025-10-13 12:38:52.526 +0800 o.a.d.m.m.BaseServerLoadProtection:[43] - OverLoad: the system cpu usage: 1.0 is over then the maxSystemCpuUsagePercentageThresholds 0.9
[INFO] 2025-10-13 12:38:52.606 +0800 o.a.d.s.m.c.IdSlotBasedCommandFetcher:[67] - Fetch commands: 0 success, cost: 0ms, totalSlot: 1, currentSlotIndex: 0
[INFO] 2025-10-13 12:38:52.913 +0800 o.a.d.s.m.r.t.TaskGroupCoordinator:[187] - Success amend TaskGroupQueue status cost: 0/ms
[INFO] 2025-10-13 12:38:52.913 +0800 o.a.d.s.m.r.t.TaskGroupCoordinator:[241] - Success deal with force start TaskGroupQueue cost: 0/ms
[INFO] 2025-10-13 12:38:52.913 +0800 o.a.d.s.m.r.t.TaskGroupCoordinator:[129] - TaskGroupCoordinator round time cost: 0/ms
[INFO] 2025-10-13 12:38:53.764 +0800 o.a.d.s.m.c.IdSlotBasedCommandFetcher:[67] - Fetch commands: 0 success, cost: 0ms, totalSlot: 1, currentSlotIndex: 0
[INFO] 2025-10-13 12:38:54.765 +0800 o.a.d.s.m.c.IdSlotBasedCommandFetcher:[67] - Fetch commands: 0 success, cost: 0ms, totalSlot: 1, currentSlotIndex: 0
[INFO] 2025-10-13 12:38:55.766 +0800 o.a.d.s.m.c.IdSlotBasedCommandFetcher:[67] - Fetch commands: 0 success, cost: 0ms, totalSlot: 1, currentSlotIndex: 0
[INFO] 2025-10-13 12:38:56.767 +0800 o.a.d.s.m.c.IdSlotBasedCommandFetcher:[67] - Fetch commands: 0 success, cost: 0ms, totalSlot: 1, currentSlotIndex: 0
[INFO] 2025-10-13 12:38:57.780 +0800 o.a.d.s.m.c.IdSlotBasedCommandFetcher:[67] - Fetch commands: 0 success, cost: 0ms, totalSlot: 1, currentSlotIndex: 0
[INFO] 2025-10-13 12:38:57.917 +0800 o.a.d.s.m.r.t.TaskGroupCoordinator:[187] - Success amend TaskGroupQueue status cost: 0/ms
[INFO] 2025-10-13 12:38:57.918 +0800 o.a.d.s.m.r.t.TaskGroupCoordinator:[241] - Success deal with force start TaskGroupQueue cost: 0/ms
[INFO] 2025-10-13 12:38:57.918 +0800 o.a.d.s.m.r.t.TaskGroupCoordinator:[129] - TaskGroupCoordinator round time cost: 0/ms
[INFO] 2025-10-13 12:38:58.780 +0800 o.a.d.s.m.c.IdSlotBasedCommandFetcher:[67] - Fetch commands: 0 success, cost: 0ms, totalSlot: 1, currentSlotIndex: 0
[INFO] 2025-10-13 12:38:59.781 +0800 o.a.d.s.m.c.IdSlotBasedCommandFetcher:[67] - Fetch commands: 0 success, cost: 0ms, totalSlot: 1, currentSlotIndex: 0
[INFO] 2025-10-13 12:39:00.781 +0800 o.a.d.s.m.c.IdSlotBasedCommandFetcher:[67] - Fetch commands: 0 success, cost: 0ms, totalSlot: 1, currentSlotIndex: 0
[INFO] 2025-10-13 12:39:01.781 +0800 o.a.d.s.m.c.IdSlotBasedCommandFetcher:[67] - Fetch commands: 0 success, cost: 0ms, totalSlot: 1, currentSlotIndex: 0
[INFO] 2025-10-13 12:39:02.782 +0800 o.a.d.s.m.c.IdSlotBasedCommandFetcher:[67] - Fetch commands: 0 success, cost: 0ms, totalSlot: 1, currentSlotIndex: 0
[INFO] 2025-10-13 12:39:02.923 +0800 o.a.d.s.m.r.t.TaskGroupCoordinator:[187] - Success amend TaskGroupQueue status cost: 0/ms
[INFO] 2025-10-13 12:39:02.923 +0800 o.a.d.s.m.r.t.TaskGroupCoordinator:[241] - Success deal with force start TaskGroupQueue cost: 0/ms
[INFO] 2025-10-13 12:39:02.923 +0800 o.a.d.s.m.r.t.TaskGroupCoordinator:[129] - TaskGroupCoordinator round time cost: 0/ms
[INFO] 2025-10-13 12:39:03.782 +0800 o.a.d.s.m.c.IdSlotBasedCommandFetcher:[67] - Fetch commands: 0 success, cost: 0ms, totalSlot: 1, currentSlotIndex: 0
[INFO] 2025-10-13 12:39:04.782 +0800 o.a.d.s.m.c.IdSlotBasedCommandFetcher:[67] - Fetch commands: 0 success, cost: 0ms, totalSlot: 1, currentSlotIndex: 0
[INFO] 2025-10-13 12:39:05.783 +0800 o.a.d.s.m.c.IdSlotBasedCommandFetcher:[67] - Fetch commands: 0 success, cost: 0ms, totalSlot: 1, currentSlotIndex: 0
[INFO] 2025-10-13 12:39:06.884 +0800 o.a.d.s.m.c.IdSlotBasedCommandFetcher:[67] - Fetch commands: 0 success, cost: 0ms, totalSlot: 1, currentSlotIndex: 0
[INFO] 2025-10-13 12:39:07.927 +0800 o.a.d.s.m.r.t.TaskGroupCoordinator:[187] - Success amend TaskGroupQueue status cost: 0/ms
[INFO] 2025-10-13 12:39:07.928 +0800 o.a.d.s.m.r.t.TaskGroupCoordinator:[241] - Success deal with force start TaskGroupQueue cost: 0/ms
[INFO] 2025-10-13 12:39:07.928 +0800 o.a.d.s.m.r.t.TaskGroupCoordinator:[129] - TaskGroupCoordinator round time cost: 0/ms
[INFO] 2025-10-13 12:39:07.956 +0800 o.a.d.s.m.c.IdSlotBasedCommandFetcher:[67] - Fetch commands: 0 success, cost: 0ms, totalSlot: 1, currentSlotIndex: 0
[INFO] 2025-10-13 12:39:09.088 +0800 o.a.d.s.m.c.IdSlotBasedCommandFetcher:[67] - Fetch commands: 0 success, cost: 0ms, totalSlot: 1, currentSlotIndex: 0
[INFO] 2025-10-13 12:39:10.089 +0800 o.a.d.s.m.c.IdSlotBasedCommandFetcher:[67] - Fetch commands: 0 success, cost: 0ms, totalSlot: 1, currentSlotIndex: 0
[INFO] 2025-10-13 12:39:11.090 +0800 o.a.d.s.m.c.IdSlotBasedCommandFetcher:[67] - Fetch commands: 0 success, cost: 0ms, totalSlot: 1, currentSlotIndex: 0
[INFO] 2025-10-13 12:39:12.090 +0800 o.a.d.s.m.c.IdSlotBasedCommandFetcher:[67] - Fetch commands: 0 success, cost: 0ms, totalSlot: 1, currentSlotIndex: 0
[INFO] 2025-10-13 12:39:12.933 +0800 o.a.d.s.m.r.t.TaskGroupCoordinator:[187] - Success amend TaskGroupQueue status cost: 0/ms
[INFO] 2025-10-13 12:39:12.933 +0800 o.a.d.s.m.r.t.TaskGroupCoordinator:[241] - Success deal with force start TaskGroupQueue cost: 0/ms
[INFO] 2025-10-13 12:39:12.933 +0800 o.a.d.s.m.r.t.TaskGroupCoordinator:[129] - TaskGroupCoordinator round time cost: 0/ms
[INFO] 2025-10-13 12:39:13.091 +0800 o.a.d.s.m.c.IdSlotBasedCommandFetcher:[67] - Fetch commands: 0 success, cost: 0ms, totalSlot: 1, currentSlotIndex: 0
[INFO] 2025-10-13 12:39:14.091 +0800 o.a.d.s.m.c.IdSlotBasedCommandFetcher:[67] - Fetch commands: 0 success, cost: 0ms, totalSlot: 1, currentSlotIndex: 0
[INFO] 2025-10-13 12:39:15.092 +0800 o.a.d.s.m.c.IdSlotBasedCommandFetcher:[67] - Fetch commands: 0 success, cost: 0ms, totalSlot: 1, currentSlotIndex: 0
[INFO] 2025-10-13 12:39:16.093 +0800 o.a.d.s.m.c.IdSlotBasedCommandFetcher:[67] - Fetch commands: 0 success, cost: 0ms, totalSlot: 1, currentSlotIndex: 0
[INFO] 2025-10-13 12:39:17.094 +0800 o.a.d.s.m.c.IdSlotBasedCommandFetcher:[67] - Fetch commands: 0 success, cost: 0ms, totalSlot: 1, currentSlotIndex: 0
[INFO] 2025-10-13 12:39:17.939 +0800 o.a.d.s.m.r.t.TaskGroupCoordinator:[187] - Success amend TaskGroupQueue status cost: 0/ms
[INFO] 2025-10-13 12:39:17.939 +0800 o.a.d.s.m.r.t.TaskGroupCoordinator:[241] - Success deal with force start TaskGroupQueue cost: 0/ms
[INFO] 2025-10-13 12:39:17.939 +0800 o.a.d.s.m.r.t.TaskGroupCoordinator:[129] - TaskGroupCoordinator round time cost: 0/ms
[INFO] 2025-10-13 12:39:18.106 +0800 o.a.d.s.m.c.IdSlotBasedCommandFetcher:[67] - Fetch commands: 0 success, cost: 0ms, totalSlot: 1, currentSlotIndex: 0
[INFO] 2025-10-13 12:39:19.106 +0800 o.a.d.s.m.c.IdSlotBasedCommandFetcher:[67] - Fetch commands: 0 success, cost: 0ms, totalSlot: 1, currentSlotIndex: 0
[INFO] 2025-10-13 12:39:20.108 +0800 o.a.d.s.m.c.IdSlotBasedCommandFetcher:[67] - Fetch commands: 0 success, cost: 0ms, totalSlot: 1, currentSlotIndex: 0
[INFO] 2025-10-13 12:39:21.108 +0800 o.a.d.s.m.c.IdSlotBasedCommandFetcher:[67] - Fetch commands: 0 success, cost: 0ms, totalSlot: 1, currentSlotIndex: 0
[INFO] 2025-10-13 12:39:22.229 +0800 o.a.d.s.m.c.IdSlotBasedCommandFetcher:[67] - Fetch commands: 0 success, cost: 0ms, totalSlot: 1, currentSlotIndex: 0
[INFO] 2025-10-13 12:39:22.945 +0800 o.a.d.s.m.r.t.TaskGroupCoordinator:[187] - Success amend TaskGroupQueue status cost: 0/ms
[INFO] 2025-10-13 12:39:22.945 +0800 o.a.d.s.m.r.t.TaskGroupCoordinator:[241] - Success deal with force start TaskGroupQueue cost: 0/ms
[INFO] 2025-10-13 12:39:22.945 +0800 o.a.d.s.m.r.t.TaskGroupCoordinator:[129] - TaskGroupCoordinator round time cost: 0/ms
[INFO] 2025-10-13 12:39:23.301 +0800 o.a.d.s.m.c.IdSlotBasedCommandFetcher:[67] - Fetch commands: 0 success, cost: 0ms, totalSlot: 1, currentSlotIndex: 0
[INFO] 2025-10-13 12:39:24.385 +0800 o.a.d.s.m.c.IdSlotBasedCommandFetcher:[67] - Fetch commands: 0 success, cost: 0ms, totalSlot: 1, currentSlotIndex: 0
[INFO] 2025-10-13 12:39:25.469 +0800 o.a.d.s.m.c.IdSlotBasedCommandFetcher:[67] - Fetch commands: 0 success, cost: 0ms, totalSlot: 1, currentSlotIndex: 0
[INFO] 2025-10-13 12:39:26.542 +0800 o.a.d.s.m.c.IdSlotBasedCommandFetcher:[67] - Fetch commands: 0 success, cost: 2ms, totalSlot: 1, currentSlotIndex: 0
[INFO] 2025-10-13 12:39:27.624 +0800 o.a.d.s.m.c.IdSlotBasedCommandFetcher:[67] - Fetch commands: 0 success, cost: 0ms, totalSlot: 1, currentSlotIndex: 0
[INFO] 2025-10-13 12:39:27.960 +0800 o.a.d.s.m.r.t.TaskGroupCoordinator:[187] - Success amend TaskGroupQueue status cost: 0/ms
[INFO] 2025-10-13 12:39:27.960 +0800 o.a.d.s.m.r.t.TaskGroupCoordinator:[241] - Success deal with force start TaskGroupQueue cost: 0/ms
[INFO] 2025-10-13 12:39:27.960 +0800 o.a.d.s.m.r.t.TaskGroupCoordinator:[129] - TaskGroupCoordinator round time cost: 0/ms
[INFO] 2025-10-13 12:39:28.736 +0800 o.a.d.s.m.c.IdSlotBasedCommandFetcher:[67] - Fetch commands: 0 success, cost: 0ms, totalSlot: 1, currentSlotIndex: 0
[INFO] 2025-10-13 12:39:29.736 +0800 o.a.d.s.m.c.IdSlotBasedCommandFetcher:[67] - Fetch commands: 0 success, cost: 0ms, totalSlot: 1, currentSlotIndex: 0
[INFO] 2025-10-13 12:39:30.737 +0800 o.a.d.s.m.c.IdSlotBasedCommandFetcher:[67] - Fetch commands: 0 success, cost: 0ms, totalSlot: 1, currentSlotIndex: 0
[INFO] 2025-10-13 12:39:31.738 +0800 o.a.d.s.m.c.IdSlotBasedCommandFetcher:[67] - Fetch commands: 0 success, cost: 0ms, totalSlot: 1, currentSlotIndex: 0
[INFO] 2025-10-13 12:39:32.739 +0800 o.a.d.s.m.c.IdSlotBasedCommandFetcher:[67] - Fetch commands: 0 success, cost: 0ms, totalSlot: 1, currentSlotIndex: 0
[INFO] 2025-10-13 12:39:32.966 +0800 o.a.d.s.m.r.t.TaskGroupCoordinator:[187] - Success amend TaskGroupQueue status cost: 0/ms
[INFO] 2025-10-13 12:39:32.966 +0800 o.a.d.s.m.r.t.TaskGroupCoordinator:[241] - Success deal with force start TaskGroupQueue cost: 0/ms
[INFO] 2025-10-13 12:39:32.966 +0800 o.a.d.s.m.r.t.TaskGroupCoordinator:[129] - TaskGroupCoordinator round time cost: 0/ms
[INFO] 2025-10-13 12:39:33.740 +0800 o.a.d.s.m.c.IdSlotBasedCommandFetcher:[67] - Fetch commands: 0 success, cost: 0ms, totalSlot: 1, currentSlotIndex: 0
[INFO] 2025-10-13 12:39:34.741 +0800 o.a.d.s.m.c.IdSlotBasedCommandFetcher:[67] - Fetch commands: 0 success, cost: 0ms, totalSlot: 1, currentSlotIndex: 0
[INFO] 2025-10-13 12:39:35.742 +0800 o.a.d.s.m.c.IdSlotBasedCommandFetcher:[67] - Fetch commands: 0 success, cost: 0ms, totalSlot: 1, currentSlotIndex: 0
[INFO] 2025-10-13 12:39:36.742 +0800 o.a.d.s.m.c.IdSlotBasedCommandFetcher:[67] - Fetch commands: 0 success, cost: 0ms, totalSlot: 1, currentSlotIndex: 0
[INFO] 2025-10-13 12:39:37.742 +0800 o.a.d.s.m.c.IdSlotBasedCommandFetcher:[67] - Fetch commands: 0 success, cost: 0ms, totalSlot: 1, currentSlotIndex: 0
[INFO] 2025-10-13 12:39:37.969 +0800 o.a.d.s.m.r.t.TaskGroupCoordinator:[187] - Success amend TaskGroupQueue status cost: 0/ms
[INFO] 2025-10-13 12:39:37.969 +0800 o.a.d.s.m.r.t.TaskGroupCoordinator:[241] - Success deal with force start TaskGroupQueue cost: 0/ms
[INFO] 2025-10-13 12:39:37.970 +0800 o.a.d.s.m.r.t.TaskGroupCoordinator:[129] - TaskGroupCoordinator round time cost: 0/ms
[INFO] 2025-10-13 12:39:38.755 +0800 o.a.d.s.m.c.IdSlotBasedCommandFetcher:[67] - Fetch commands: 0 success, cost: 0ms, totalSlot: 1, currentSlotIndex: 0
[INFO] 2025-10-13 12:39:39.756 +0800 o.a.d.s.m.c.IdSlotBasedCommandFetcher:[67] - Fetch commands: 0 success, cost: 0ms, totalSlot: 1, currentSlotIndex: 0
[INFO] 2025-10-13 12:39:40.897 +0800 o.a.d.s.m.c.IdSlotBasedCommandFetcher:[67] - Fetch commands: 0 success, cost: 0ms, totalSlot: 1, currentSlotIndex: 0
[INFO] 2025-10-13 12:39:41.969 +0800 o.a.d.s.m.c.IdSlotBasedCommandFetcher:[67] - Fetch commands: 0 success, cost: 0ms, totalSlot: 1, currentSlotIndex: 0
[INFO] 2025-10-13 12:39:42.978 +0800 o.a.d.s.m.r.t.TaskGroupCoordinator:[187] - Success amend TaskGroupQueue status cost: 0/ms
[INFO] 2025-10-13 12:39:42.978 +0800 o.a.d.s.m.r.t.TaskGroupCoordinator:[241] - Success deal with force start TaskGroupQueue cost: 0/ms
[INFO] 2025-10-13 12:39:42.978 +0800 o.a.d.s.m.r.t.TaskGroupCoordinator:[129] - TaskGroupCoordinator round time cost: 0/ms
[INFO] 2025-10-13 12:39:43.082 +0800 o.a.d.s.m.c.IdSlotBasedCommandFetcher:[67] - Fetch commands: 0 success, cost: 0ms, totalSlot: 1, currentSlotIndex: 0
[INFO] 2025-10-13 12:39:44.083 +0800 o.a.d.s.m.c.IdSlotBasedCommandFetcher:[67] - Fetch commands: 0 success, cost: 0ms, totalSlot: 1, currentSlotIndex: 0
[INFO] 2025-10-13 12:39:45.083 +0800 o.a.d.s.m.c.IdSlotBasedCommandFetcher:[67] - Fetch commands: 0 success, cost: 0ms, totalSlot: 1, currentSlotIndex: 0
[INFO] 2025-10-13 12:39:46.095 +0800 o.a.d.s.m.c.IdSlotBasedCommandFetcher:[67] - Fetch commands: 0 success, cost: 0ms, totalSlot: 1, currentSlotIndex: 0
[INFO] 2025-10-13 12:39:47.096 +0800 o.a.d.s.m.c.IdSlotBasedCommandFetcher:[67] - Fetch commands: 0 success, cost: 0ms, totalSlot: 1, currentSlotIndex: 0
[INFO] 2025-10-13 12:39:47.987 +0800 o.a.d.s.m.r.t.TaskGroupCoordinator:[187] - Success amend TaskGroupQueue status cost: 0/ms
[INFO] 2025-10-13 12:39:47.987 +0800 o.a.d.s.m.r.t.TaskGroupCoordinator:[241] - Success deal with force start TaskGroupQueue cost: 0/ms
[INFO] 2025-10-13 12:39:47.988 +0800 o.a.d.s.m.r.t.TaskGroupCoordinator:[129] - TaskGroupCoordinator round time cost: 0/ms
[INFO] 2025-10-13 12:39:48.097 +0800 o.a.d.s.m.c.IdSlotBasedCommandFetcher:[67] - Fetch commands: 0 success, cost: 0ms, totalSlot: 1, currentSlotIndex: 0
[INFO] 2025-10-13 12:39:49.098 +0800 o.a.d.s.m.c.IdSlotBasedCommandFetcher:[67] - Fetch commands: 0 success, cost: 0ms, totalSlot: 1, currentSlotIndex: 0
[INFO] 2025-10-13 12:39:50.099 +0800 o.a.d.s.m.c.IdSlotBasedCommandFetcher:[67] - Fetch commands: 0 success, cost: 0ms, totalSlot: 1, currentSlotIndex: 0
[INFO] 2025-10-13 12:39:51.099 +0800 o.a.d.s.m.c.IdSlotBasedCommandFetcher:[67] - Fetch commands: 0 success, cost: 0ms, totalSlot: 1, currentSlotIndex: 0
[INFO] 2025-10-13 12:39:52.100 +0800 o.a.d.s.m.c.IdSlotBasedCommandFetcher:[67] - Fetch commands: 0 success, cost: 0ms, totalSlot: 1, currentSlotIndex: 0
[INFO] 2025-10-13 12:39:52.992 +0800 o.a.d.s.m.r.t.TaskGroupCoordinator:[187] - Success amend TaskGroupQueue status cost: 0/ms
[INFO] 2025-10-13 12:39:52.992 +0800 o.a.d.s.m.r.t.TaskGroupCoordinator:[241] - Success deal with force start TaskGroupQueue cost: 0/ms
[INFO] 2025-10-13 12:39:52.993 +0800 o.a.d.s.m.r.t.TaskGroupCoordinator:[129] - TaskGroupCoordinator round time cost: 0/ms
[INFO] 2025-10-13 12:39:53.100 +0800 o.a.d.s.m.c.IdSlotBasedCommandFetcher:[67] - Fetch commands: 0 success, cost: 0ms, totalSlot: 1, currentSlotIndex: 0
[INFO] 2025-10-13 12:39:54.101 +0800 o.a.d.s.m.c.IdSlotBasedCommandFetcher:[67] - Fetch commands: 0 success, cost: 0ms, totalSlot: 1, currentSlotIndex: 0
[INFO] 2025-10-13 12:39:55.174 +0800 o.a.d.s.m.c.IdSlotBasedCommandFetcher:[67] - Fetch commands: 0 success, cost: 0ms, totalSlot: 1, currentSlotIndex: 0
[INFO] 2025-10-13 12:39:56.246 +0800 o.a.d.s.m.c.IdSlotBasedCommandFetcher:[67] - Fetch commands: 0 success, cost: 0ms, totalSlot: 1, currentSlotIndex: 0
[INFO] 2025-10-13 12:39:57.318 +0800 o.a.d.s.m.c.IdSlotBasedCommandFetcher:[67] - Fetch commands: 0 success, cost: 0ms, totalSlot: 1, currentSlotIndex: 0
[INFO] 2025-10-13 12:39:57.998 +0800 o.a.d.s.m.r.t.TaskGroupCoordinator:[187] - Success amend TaskGroupQueue status cost: 0/ms
[INFO] 2025-10-13 12:39:57.998 +0800 o.a.d.s.m.r.t.TaskGroupCoordinator:[241] - Success deal with force start TaskGroupQueue cost: 0/ms
[INFO] 2025-10-13 12:39:57.999 +0800 o.a.d.s.m.r.t.TaskGroupCoordinator:[129] - TaskGroupCoordinator round time cost: 0/ms
[INFO] 2025-10-13 12:39:58.398 +0800 o.a.d.s.m.c.IdSlotBasedCommandFetcher:[67] - Fetch commands: 0 success, cost: 0ms, totalSlot: 1, currentSlotIndex: 0
[INFO] 2025-10-13 12:39:59.557 +0800 o.a.d.s.m.c.IdSlotBasedCommandFetcher:[67] - Fetch commands: 0 success, cost: 0ms, totalSlot: 1, currentSlotIndex: 0
[INFO] 2025-10-13 12:40:00.557 +0800 o.a.d.s.m.c.IdSlotBasedCommandFetcher:[67] - Fetch commands: 0 success, cost: 0ms, totalSlot: 1, currentSlotIndex: 0
[INFO] 2025-10-13 12:40:01.558 +0800 o.a.d.s.m.c.IdSlotBasedCommandFetcher:[67] - Fetch commands: 0 success, cost: 0ms, totalSlot: 1, currentSlotIndex: 0
[INFO] 2025-10-13 12:40:02.559 +0800 o.a.d.s.m.c.IdSlotBasedCommandFetcher:[67] - Fetch commands: 0 success, cost: 0ms, totalSlot: 1, currentSlotIndex: 0
[INFO] 2025-10-13 12:40:03.003 +0800 o.a.d.s.m.r.t.TaskGroupCoordinator:[187] - Success amend TaskGroupQueue status cost: 0/ms
[INFO] 2025-10-13 12:40:03.003 +0800 o.a.d.s.m.r.t.TaskGroupCoordinator:[241] - Success deal with force start TaskGroupQueue cost: 0/ms
[INFO] 2025-10-13 12:40:03.003 +0800 o.a.d.s.m.r.t.TaskGroupCoordinator:[129] - TaskGroupCoordinator round time cost: 0/ms
[INFO] 2025-10-13 12:40:03.559 +0800 o.a.d.s.m.c.IdSlotBasedCommandFetcher:[67] - Fetch commands: 0 success, cost: 0ms, totalSlot: 1, currentSlotIndex: 0
[INFO] 2025-10-13 12:40:04.559 +0800 o.a.d.s.m.c.IdSlotBasedCommandFetcher:[67] - Fetch commands: 0 success, cost: 0ms, totalSlot: 1, currentSlotIndex: 0
[INFO] 2025-10-13 12:40:05.560 +0800 o.a.d.s.m.c.IdSlotBasedCommandFetcher:[67] - Fetch commands: 0 success, cost: 0ms, totalSlot: 1, currentSlotIndex: 0
[INFO] 2025-10-13 12:40:06.560 +0800 o.a.d.s.m.c.IdSlotBasedCommandFetcher:[67] - Fetch commands: 0 success, cost: 0ms, totalSlot: 1, currentSlotIndex: 0
[INFO] 2025-10-13 12:40:07.560 +0800 o.a.d.s.m.c.IdSlotBasedCommandFetcher:[67] - Fetch commands: 0 success, cost: 0ms, totalSlot: 1, currentSlotIndex: 0
[INFO] 2025-10-13 12:40:08.007 +0800 o.a.d.s.m.r.t.TaskGroupCoordinator:[187] - Success amend TaskGroupQueue status cost: 0/ms
[INFO] 2025-10-13 12:40:08.007 +0800 o.a.d.s.m.r.t.TaskGroupCoordinator:[241] - Success deal with force start TaskGroupQueue cost: 0/ms
[INFO] 2025-10-13 12:40:08.007 +0800 o.a.d.s.m.r.t.TaskGroupCoordinator:[129] - TaskGroupCoordinator round time cost: 0/ms
[INFO] 2025-10-13 12:40:08.561 +0800 o.a.d.s.m.c.IdSlotBasedCommandFetcher:[67] - Fetch commands: 0 success, cost: 0ms, totalSlot: 1, currentSlotIndex: 0
[INFO] 2025-10-13 12:40:09.561 +0800 o.a.d.s.m.c.IdSlotBasedCommandFetcher:[67] - Fetch commands: 0 success, cost: 0ms, totalSlot: 1, currentSlotIndex: 0
[INFO] 2025-10-13 12:40:10.561 +0800 o.a.d.s.m.c.IdSlotBasedCommandFetcher:[67] - Fetch commands: 0 success, cost: 0ms, totalSlot: 1, currentSlotIndex: 0
[INFO] 2025-10-13 12:40:11.561 +0800 o.a.d.s.m.c.IdSlotBasedCommandFetcher:[67] - Fetch commands: 0 success, cost: 0ms, totalSlot: 1, currentSlotIndex: 0
[INFO] 2025-10-13 12:40:12.562 +0800 o.a.d.s.m.c.IdSlotBasedCommandFetcher:[67] - Fetch commands: 0 success, cost: 0ms, totalSlot: 1, currentSlotIndex: 0
[INFO] 2025-10-13 12:40:13.012 +0800 o.a.d.s.m.r.t.TaskGroupCoordinator:[187] - Success amend TaskGroupQueue status cost: 0/ms
[INFO] 2025-10-13 12:40:13.012 +0800 o.a.d.s.m.r.t.TaskGroupCoordinator:[241] - Success deal with force start TaskGroupQueue cost: 0/ms
[INFO] 2025-10-13 12:40:13.012 +0800 o.a.d.s.m.r.t.TaskGroupCoordinator:[129] - TaskGroupCoordinator round time cost: 0/ms
[INFO] 2025-10-13 12:40:13.656 +0800 o.a.d.s.m.c.IdSlotBasedCommandFetcher:[67] - Fetch commands: 0 success, cost: 0ms, totalSlot: 1, currentSlotIndex: 0
[INFO] 2025-10-13 12:40:14.731 +0800 o.a.d.s.m.c.IdSlotBasedCommandFetcher:[67] - Fetch commands: 0 success, cost: 0ms, totalSlot: 1, currentSlotIndex: 0
[INFO] 2025-10-13 12:40:15.809 +0800 o.a.d.s.m.c.IdSlotBasedCommandFetcher:[67] - Fetch commands: 0 success, cost: 0ms, totalSlot: 1, currentSlotIndex: 0
[INFO] 2025-10-13 12:40:16.901 +0800 o.a.d.s.m.c.IdSlotBasedCommandFetcher:[67] - Fetch commands: 0 success, cost: 0ms, totalSlot: 1, currentSlotIndex: 0
[INFO] 2025-10-13 12:40:17.972 +0800 o.a.d.s.m.c.IdSlotBasedCommandFetcher:[67] - Fetch commands: 0 success, cost: 0ms, totalSlot: 1, currentSlotIndex: 0
[INFO] 2025-10-13 12:40:18.018 +0800 o.a.d.s.m.r.t.TaskGroupCoordinator:[187] - Success amend TaskGroupQueue status cost: 0/ms
[INFO] 2025-10-13 12:40:18.018 +0800 o.a.d.s.m.r.t.TaskGroupCoordinator:[241] - Success deal with force start TaskGroupQueue cost: 0/ms
[INFO] 2025-10-13 12:40:18.018 +0800 o.a.d.s.m.r.t.TaskGroupCoordinator:[129] - TaskGroupCoordinator round time cost: 0/ms
[INFO] 2025-10-13 12:40:19.053 +0800 o.a.d.s.m.c.IdSlotBasedCommandFetcher:[67] - Fetch commands: 0 success, cost: 0ms, totalSlot: 1, currentSlotIndex: 0
[INFO] 2025-10-13 12:40:20.131 +0800 o.a.d.s.m.c.IdSlotBasedCommandFetcher:[67] - Fetch commands: 0 success, cost: 0ms, totalSlot: 1, currentSlotIndex: 0
[INFO] 2025-10-13 12:40:21.281 +0800 o.a.d.s.m.c.IdSlotBasedCommandFetcher:[67] - Fetch commands: 0 success, cost: 0ms, totalSlot: 1, currentSlotIndex: 0
[INFO] 2025-10-13 12:40:22.284 +0800 o.a.d.s.m.c.IdSlotBasedCommandFetcher:[67] - Fetch commands: 0 success, cost: 0ms, totalSlot: 1, currentSlotIndex: 0
[INFO] 2025-10-13 12:40:23.027 +0800 o.a.d.s.m.r.t.TaskGroupCoordinator:[187] - Success amend TaskGroupQueue status cost: 0/ms
[INFO] 2025-10-13 12:40:23.027 +0800 o.a.d.s.m.r.t.TaskGroupCoordinator:[241] - Success deal with force start TaskGroupQueue cost: 0/ms
[INFO] 2025-10-13 12:40:23.028 +0800 o.a.d.s.m.r.t.TaskGroupCoordinator:[129] - TaskGroupCoordinator round time cost: 0/ms
[INFO] 2025-10-13 12:40:23.290 +0800 o.a.d.s.m.c.IdSlotBasedCommandFetcher:[67] - Fetch commands: 0 success, cost: 0ms, totalSlot: 1, currentSlotIndex: 0
[INFO] 2025-10-13 12:40:24.290 +0800 o.a.d.s.m.c.IdSlotBasedCommandFetcher:[67] - Fetch commands: 0 success, cost: 0ms, totalSlot: 1, currentSlotIndex: 0
[INFO] 2025-10-13 12:40:25.291 +0800 o.a.d.s.m.c.IdSlotBasedCommandFetcher:[67] - Fetch commands: 0 success, cost: 0ms, totalSlot: 1, currentSlotIndex: 0
[INFO] 2025-10-13 12:40:26.300 +0800 o.a.d.s.m.c.IdSlotBasedCommandFetcher:[67] - Fetch commands: 0 success, cost: 0ms, totalSlot: 1, currentSlotIndex: 0
[INFO] 2025-10-13 12:40:27.306 +0800 o.a.d.s.m.c.IdSlotBasedCommandFetcher:[67] - Fetch commands: 0 success, cost: 0ms, totalSlot: 1, currentSlotIndex: 0
[INFO] 2025-10-13 12:40:28.033 +0800 o.a.d.s.m.r.t.TaskGroupCoordinator:[187] - Success amend TaskGroupQueue status cost: 0/ms
[INFO] 2025-10-13 12:40:28.034 +0800 o.a.d.s.m.r.t.TaskGroupCoordinator:[241] - Success deal with force start TaskGroupQueue cost: 0/ms
[INFO] 2025-10-13 12:40:28.034 +0800 o.a.d.s.m.r.t.TaskGroupCoordinator:[129] - TaskGroupCoordinator round time cost: 0/ms
[INFO] 2025-10-13 12:40:28.306 +0800 o.a.d.s.m.c.IdSlotBasedCommandFetcher:[67] - Fetch commands: 0 success, cost: 0ms, totalSlot: 1, currentSlotIndex: 0
[INFO] 2025-10-13 12:40:29.311 +0800 o.a.d.s.m.c.IdSlotBasedCommandFetcher:[67] - Fetch commands: 0 success, cost: 0ms, totalSlot: 1, currentSlotIndex: 0
[INFO] 2025-10-13 12:40:30.312 +0800 o.a.d.s.m.c.IdSlotBasedCommandFetcher:[67] - Fetch commands: 0 success, cost: 0ms, totalSlot: 1, currentSlotIndex: 0
[INFO] 2025-10-13 12:40:31.326 +0800 o.a.d.s.m.c.IdSlotBasedCommandFetcher:[67] - Fetch commands: 0 success, cost: 0ms, totalSlot: 1, currentSlotIndex: 0
[INFO] 2025-10-13 12:40:32.326 +0800 o.a.d.s.m.c.IdSlotBasedCommandFetcher:[67] - Fetch commands: 0 success, cost: 0ms, totalSlot: 1, currentSlotIndex: 0
[INFO] 2025-10-13 12:40:33.045 +0800 o.a.d.s.m.r.t.TaskGroupCoordinator:[187] - Success amend TaskGroupQueue status cost: 0/ms
[INFO] 2025-10-13 12:40:33.045 +0800 o.a.d.s.m.r.t.TaskGroupCoordinator:[241] - Success deal with force start TaskGroupQueue cost: 0/ms
[INFO] 2025-10-13 12:40:33.045 +0800 o.a.d.s.m.r.t.TaskGroupCoordinator:[129] - TaskGroupCoordinator round time cost: 0/ms
[INFO] 2025-10-13 12:40:33.494 +0800 o.a.d.s.m.c.IdSlotBasedCommandFetcher:[67] - Fetch commands: 0 success, cost: 0ms, totalSlot: 1, currentSlotIndex: 0
[INFO] 2025-10-13 12:40:34.495 +0800 o.a.d.s.m.c.IdSlotBasedCommandFetcher:[67] - Fetch commands: 0 success, cost: 0ms, totalSlot: 1, currentSlotIndex: 0
[INFO] 2025-10-13 12:40:35.509 +0800 o.a.d.s.m.c.IdSlotBasedCommandFetcher:[67] - Fetch commands: 0 success, cost: 0ms, totalSlot: 1, currentSlotIndex: 0
[INFO] 2025-10-13 12:40:36.510 +0800 o.a.d.s.m.c.IdSlotBasedCommandFetcher:[67] - Fetch commands: 0 success, cost: 0ms, totalSlot: 1, currentSlotIndex: 0
[INFO] 2025-10-13 12:40:37.511 +0800 o.a.d.s.m.c.IdSlotBasedCommandFetcher:[67] - Fetch commands: 0 success, cost: 0ms, totalSlot: 1, currentSlotIndex: 0
[INFO] 2025-10-13 12:40:38.050 +0800 o.a.d.s.m.r.t.TaskGroupCoordinator:[187] - Success amend TaskGroupQueue status cost: 0/ms
[INFO] 2025-10-13 12:40:38.050 +0800 o.a.d.s.m.r.t.TaskGroupCoordinator:[241] - Success deal with force start TaskGroupQueue cost: 0/ms
[INFO] 2025-10-13 12:40:38.050 +0800 o.a.d.s.m.r.t.TaskGroupCoordinator:[129] - TaskGroupCoordinator round time cost: 0/ms
[INFO] 2025-10-13 12:40:38.512 +0800 o.a.d.s.m.c.IdSlotBasedCommandFetcher:[67] - Fetch commands: 0 success, cost: 0ms, totalSlot: 1, currentSlotIndex: 0
[INFO] 2025-10-13 12:40:39.513 +0800 o.a.d.s.m.c.IdSlotBasedCommandFetcher:[67] - Fetch commands: 0 success, cost: 0ms, totalSlot: 1, currentSlotIndex: 0
[INFO] 2025-10-13 12:40:40.513 +0800 o.a.d.s.m.c.IdSlotBasedCommandFetcher:[67] - Fetch commands: 0 success, cost: 0ms, totalSlot: 1, currentSlotIndex: 0
[INFO] 2025-10-13 12:40:41.514 +0800 o.a.d.s.m.c.IdSlotBasedCommandFetcher:[67] - Fetch commands: 0 success, cost: 0ms, totalSlot: 1, currentSlotIndex: 0
[INFO] 2025-10-13 12:40:42.515 +0800 o.a.d.s.m.c.IdSlotBasedCommandFetcher:[67] - Fetch commands: 0 success, cost: 0ms, totalSlot: 1, currentSlotIndex: 0
[INFO] 2025-10-13 12:40:43.062 +0800 o.a.d.s.m.r.t.TaskGroupCoordinator:[187] - Success amend TaskGroupQueue status cost: 0/ms
[INFO] 2025-10-13 12:40:43.063 +0800 o.a.d.s.m.r.t.TaskGroupCoordinator:[241] - Success deal with force start TaskGroupQueue cost: 0/ms
[INFO] 2025-10-13 12:40:43.063 +0800 o.a.d.s.m.r.t.TaskGroupCoordinator:[129] - TaskGroupCoordinator round time cost: 0/ms
[INFO] 2025-10-13 12:40:43.515 +0800 o.a.d.s.m.c.IdSlotBasedCommandFetcher:[67] - Fetch commands: 0 success, cost: 0ms, totalSlot: 1, currentSlotIndex: 0
[INFO] 2025-10-13 12:40:44.515 +0800 o.a.d.s.m.c.IdSlotBasedCommandFetcher:[67] - Fetch commands: 0 success, cost: 0ms, totalSlot: 1, currentSlotIndex: 0
[INFO] 2025-10-13 12:40:45.516 +0800 o.a.d.s.m.c.IdSlotBasedCommandFetcher:[67] - Fetch commands: 0 success, cost: 0ms, totalSlot: 1, currentSlotIndex: 0
[INFO] 2025-10-13 12:40:46.661 +0800 o.a.d.s.m.c.IdSlotBasedCommandFetcher:[67] - Fetch commands: 0 success, cost: 0ms, totalSlot: 1, currentSlotIndex: 0
[INFO] 2025-10-13 12:40:47.737 +0800 o.a.d.s.m.c.IdSlotBasedCommandFetcher:[67] - Fetch commands: 0 success, cost: 0ms, totalSlot: 1, currentSlotIndex: 0
[INFO] 2025-10-13 12:40:48.068 +0800 o.a.d.s.m.r.t.TaskGroupCoordinator:[187] - Success amend TaskGroupQueue status cost: 0/ms
[INFO] 2025-10-13 12:40:48.068 +0800 o.a.d.s.m.r.t.TaskGroupCoordinator:[241] - Success deal with force start TaskGroupQueue cost: 0/ms
[INFO] 2025-10-13 12:40:48.068 +0800 o.a.d.s.m.r.t.TaskGroupCoordinator:[129] - TaskGroupCoordinator round time cost: 0/ms
[INFO] 2025-10-13 12:40:48.808 +0800 o.a.d.s.m.c.IdSlotBasedCommandFetcher:[67] - Fetch commands: 0 success, cost: 0ms, totalSlot: 1, currentSlotIndex: 0
[INFO] 2025-10-13 12:40:49.881 +0800 o.a.d.s.m.c.IdSlotBasedCommandFetcher:[67] - Fetch commands: 0 success, cost: 0ms, totalSlot: 1, currentSlotIndex: 0
[INFO] 2025-10-13 12:40:50.954 +0800 o.a.d.s.m.c.IdSlotBasedCommandFetcher:[67] - Fetch commands: 0 success, cost: 0ms, totalSlot: 1, currentSlotIndex: 0
[INFO] 2025-10-13 12:40:52.032 +0800 o.a.d.s.m.c.IdSlotBasedCommandFetcher:[67] - Fetch commands: 0 success, cost: 0ms, totalSlot: 1, currentSlotIndex: 0
[INFO] 2025-10-13 12:40:53.032 +0800 o.a.d.s.m.c.IdSlotBasedCommandFetcher:[67] - Fetch commands: 0 success, cost: 0ms, totalSlot: 1, currentSlotIndex: 0
[INFO] 2025-10-13 12:40:53.073 +0800 o.a.d.s.m.r.t.TaskGroupCoordinator:[187] - Success amend TaskGroupQueue status cost: 0/ms
[INFO] 2025-10-13 12:40:53.073 +0800 o.a.d.s.m.r.t.TaskGroupCoordinator:[241] - Success deal with force start TaskGroupQueue cost: 0/ms
[INFO] 2025-10-13 12:40:53.073 +0800 o.a.d.s.m.r.t.TaskGroupCoordinator:[129] - TaskGroupCoordinator round time cost: 0/ms
[INFO] 2025-10-13 12:40:54.032 +0800 o.a.d.s.m.c.IdSlotBasedCommandFetcher:[67] - Fetch commands: 0 success, cost: 0ms, totalSlot: 1, currentSlotIndex: 0
[INFO] 2025-10-13 12:40:55.033 +0800 o.a.d.s.m.c.IdSlotBasedCommandFetcher:[67] - Fetch commands: 0 success, cost: 0ms, totalSlot: 1, currentSlotIndex: 0
[INFO] 2025-10-13 12:40:56.034 +0800 o.a.d.s.m.c.IdSlotBasedCommandFetcher:[67] - Fetch commands: 0 success, cost: 0ms, totalSlot: 1, currentSlotIndex: 0
[INFO] 2025-10-13 12:40:57.035 +0800 o.a.d.s.m.c.IdSlotBasedCommandFetcher:[67] - Fetch commands: 0 success, cost: 0ms, totalSlot: 1, currentSlotIndex: 0
[INFO] 2025-10-13 12:40:58.035 +0800 o.a.d.s.m.c.IdSlotBasedCommandFetcher:[67] - Fetch commands: 0 success, cost: 0ms, totalSlot: 1, currentSlotIndex: 0
[INFO] 2025-10-13 12:40:58.077 +0800 o.a.d.s.m.r.t.TaskGroupCoordinator:[187] - Success amend TaskGroupQueue status cost: 0/ms
[INFO] 2025-10-13 12:40:58.078 +0800 o.a.d.s.m.r.t.TaskGroupCoordinator:[241] - Success deal with force start TaskGroupQueue cost: 0/ms
[INFO] 2025-10-13 12:40:58.078 +0800 o.a.d.s.m.r.t.TaskGroupCoordinator:[129] - TaskGroupCoordinator round time cost: 0/ms
[INFO] 2025-10-13 12:40:59.035 +0800 o.a.d.s.m.c.IdSlotBasedCommandFetcher:[67] - Fetch commands: 0 success, cost: 0ms, totalSlot: 1, currentSlotIndex: 0
[INFO] 2025-10-13 12:41:00.036 +0800 o.a.d.s.m.c.IdSlotBasedCommandFetcher:[67] - Fetch commands: 0 success, cost: 0ms, totalSlot: 1, currentSlotIndex: 0
[INFO] 2025-10-13 12:41:01.037 +0800 o.a.d.s.m.c.IdSlotBasedCommandFetcher:[67] - Fetch commands: 0 success, cost: 0ms, totalSlot: 1, currentSlotIndex: 0
[INFO] 2025-10-13 12:41:02.038 +0800 o.a.d.s.m.c.IdSlotBasedCommandFetcher:[67] - Fetch commands: 0 success, cost: 0ms, totalSlot: 1, currentSlotIndex: 0
[INFO] 2025-10-13 12:41:03.038 +0800 o.a.d.s.m.c.IdSlotBasedCommandFetcher:[67] - Fetch commands: 0 success, cost: 0ms, totalSlot: 1, currentSlotIndex: 0
[INFO] 2025-10-13 12:41:03.083 +0800 o.a.d.s.m.r.t.TaskGroupCoordinator:[187] - Success amend TaskGroupQueue status cost: 0/ms
[INFO] 2025-10-13 12:41:03.083 +0800 o.a.d.s.m.r.t.TaskGroupCoordinator:[241] - Success deal with force start TaskGroupQueue cost: 0/ms
[INFO] 2025-10-13 12:41:03.083 +0800 o.a.d.s.m.r.t.TaskGroupCoordinator:[129] - TaskGroupCoordinator round time cost: 0/ms
[INFO] 2025-10-13 12:41:04.117 +0800 o.a.d.s.m.c.IdSlotBasedCommandFetcher:[67] - Fetch commands: 0 success, cost: 0ms, totalSlot: 1, currentSlotIndex: 0
[INFO] 2025-10-13 12:41:05.190 +0800 o.a.d.s.m.c.IdSlotBasedCommandFetcher:[67] - Fetch commands: 0 success, cost: 0ms, totalSlot: 1, currentSlotIndex: 0
[INFO] 2025-10-13 12:41:06.268 +0800 o.a.d.s.m.c.IdSlotBasedCommandFetcher:[67] - Fetch commands: 0 success, cost: 0ms, totalSlot: 1, currentSlotIndex: 0
[INFO] 2025-10-13 12:41:07.338 +0800 o.a.d.s.m.c.IdSlotBasedCommandFetcher:[67] - Fetch commands: 0 success, cost: 0ms, totalSlot: 1, currentSlotIndex: 0
[INFO] 2025-10-13 12:41:08.088 +0800 o.a.d.s.m.r.t.TaskGroupCoordinator:[187] - Success amend TaskGroupQueue status cost: 0/ms
[INFO] 2025-10-13 12:41:08.088 +0800 o.a.d.s.m.r.t.TaskGroupCoordinator:[241] - Success deal with force start TaskGroupQueue cost: 0/ms
[INFO] 2025-10-13 12:41:08.088 +0800 o.a.d.s.m.r.t.TaskGroupCoordinator:[129] - TaskGroupCoordinator round time cost: 0/ms
[INFO] 2025-10-13 12:41:08.412 +0800 o.a.d.s.m.c.IdSlotBasedCommandFetcher:[67] - Fetch commands: 0 success, cost: 0ms, totalSlot: 1, currentSlotIndex: 0
[INFO] 2025-10-13 12:41:09.485 +0800 o.a.d.s.m.c.IdSlotBasedCommandFetcher:[67] - Fetch commands: 0 success, cost: 0ms, totalSlot: 1, currentSlotIndex: 0
[INFO] 2025-10-13 12:41:10.562 +0800 o.a.d.s.m.c.IdSlotBasedCommandFetcher:[67] - Fetch commands: 0 success, cost: 0ms, totalSlot: 1, currentSlotIndex: 0
[INFO] 2025-10-13 12:41:11.634 +0800 o.a.d.s.m.c.IdSlotBasedCommandFetcher:[67] - Fetch commands: 0 success, cost: 0ms, totalSlot: 1, currentSlotIndex: 0
[INFO] 2025-10-13 12:41:12.740 +0800 o.a.d.s.m.c.IdSlotBasedCommandFetcher:[67] - Fetch commands: 0 success, cost: 1ms, totalSlot: 1, currentSlotIndex: 0
[INFO] 2025-10-13 12:41:13.093 +0800 o.a.d.s.m.r.t.TaskGroupCoordinator:[187] - Success amend TaskGroupQueue status cost: 0/ms
[INFO] 2025-10-13 12:41:13.093 +0800 o.a.d.s.m.r.t.TaskGroupCoordinator:[241] - Success deal with force start TaskGroupQueue cost: 0/ms
[INFO] 2025-10-13 12:41:13.093 +0800 o.a.d.s.m.r.t.TaskGroupCoordinator:[129] - TaskGroupCoordinator round time cost: 0/ms
[INFO] 2025-10-13 12:41:13.740 +0800 o.a.d.s.m.c.IdSlotBasedCommandFetcher:[67] - Fetch commands: 0 success, cost: 0ms, totalSlot: 1, currentSlotIndex: 0
[INFO] 2025-10-13 12:41:14.741 +0800 o.a.d.s.m.c.IdSlotBasedCommandFetcher:[67] - Fetch commands: 0 success, cost: 0ms, totalSlot: 1, currentSlotIndex: 0
[INFO] 2025-10-13 12:41:15.742 +0800 o.a.d.s.m.c.IdSlotBasedCommandFetcher:[67] - Fetch commands: 0 success, cost: 0ms, totalSlot: 1, currentSlotIndex: 0
[INFO] 2025-10-13 12:41:16.743 +0800 o.a.d.s.m.c.IdSlotBasedCommandFetcher:[67] - Fetch commands: 0 success, cost: 0ms, totalSlot: 1, currentSlotIndex: 0
[INFO] 2025-10-13 12:41:17.743 +0800 o.a.d.s.m.c.IdSlotBasedCommandFetcher:[67] - Fetch commands: 0 success, cost: 0ms, totalSlot: 1, currentSlotIndex: 0
[INFO] 2025-10-13 12:41:18.097 +0800 o.a.d.s.m.r.t.TaskGroupCoordinator:[187] - Success amend TaskGroupQueue status cost: 0/ms
[INFO] 2025-10-13 12:41:18.097 +0800 o.a.d.s.m.r.t.TaskGroupCoordinator:[241] - Success deal with force start TaskGroupQueue cost: 0/ms
[INFO] 2025-10-13 12:41:18.097 +0800 o.a.d.s.m.r.t.TaskGroupCoordinator:[129] - TaskGroupCoordinator round time cost: 0/ms
[INFO] 2025-10-13 12:41:18.743 +0800 o.a.d.s.m.c.IdSlotBasedCommandFetcher:[67] - Fetch commands: 0 success, cost: 0ms, totalSlot: 1, currentSlotIndex: 0
[INFO] 2025-10-13 12:41:19.754 +0800 o.a.d.s.m.c.IdSlotBasedCommandFetcher:[67] - Fetch commands: 0 success, cost: 0ms, totalSlot: 1, currentSlotIndex: 0
[INFO] 2025-10-13 12:41:20.755 +0800 o.a.d.s.m.c.IdSlotBasedCommandFetcher:[67] - Fetch commands: 0 success, cost: 0ms, totalSlot: 1, currentSlotIndex: 0
[INFO] 2025-10-13 12:41:21.755 +0800 o.a.d.s.m.c.IdSlotBasedCommandFetcher:[67] - Fetch commands: 0 success, cost: 0ms, totalSlot: 1, currentSlotIndex: 0
[INFO] 2025-10-13 12:41:22.761 +0800 o.a.d.s.m.c.IdSlotBasedCommandFetcher:[67] - Fetch commands: 0 success, cost: 0ms, totalSlot: 1, currentSlotIndex: 0
[INFO] 2025-10-13 12:41:23.107 +0800 o.a.d.s.m.r.t.TaskGroupCoordinator:[187] - Success amend TaskGroupQueue status cost: 0/ms
[INFO] 2025-10-13 12:41:23.107 +0800 o.a.d.s.m.r.t.TaskGroupCoordinator:[241] - Success deal with force start TaskGroupQueue cost: 0/ms
[INFO] 2025-10-13 12:41:23.107 +0800 o.a.d.s.m.r.t.TaskGroupCoordinator:[129] - TaskGroupCoordinator round time cost: 0/ms
[INFO] 2025-10-13 12:41:23.762 +0800 o.a.d.s.m.c.IdSlotBasedCommandFetcher:[67] - Fetch commands: 0 success, cost: 0ms, totalSlot: 1, currentSlotIndex: 0
[INFO] 2025-10-13 12:41:24.774 +0800 o.a.d.s.m.c.IdSlotBasedCommandFetcher:[67] - Fetch commands: 0 success, cost: 0ms, totalSlot: 1, currentSlotIndex: 0
[INFO] 2025-10-13 12:41:25.775 +0800 o.a.d.s.m.c.IdSlotBasedCommandFetcher:[67] - Fetch commands: 0 success, cost: 0ms, totalSlot: 1, currentSlotIndex: 0
[INFO] 2025-10-13 12:41:26.942 +0800 o.a.d.s.m.c.IdSlotBasedCommandFetcher:[67] - Fetch commands: 0 success, cost: 0ms, totalSlot: 1, currentSlotIndex: 0
[INFO] 2025-10-13 12:41:27.942 +0800 o.a.d.s.m.c.IdSlotBasedCommandFetcher:[67] - Fetch commands: 0 success, cost: 0ms, totalSlot: 1, currentSlotIndex: 0
[INFO] 2025-10-13 12:41:28.119 +0800 o.a.d.s.m.r.t.TaskGroupCoordinator:[187] - Success amend TaskGroupQueue status cost: 0/ms
[INFO] 2025-10-13 12:41:28.119 +0800 o.a.d.s.m.r.t.TaskGroupCoordinator:[241] - Success deal with force start TaskGroupQueue cost: 0/ms
[INFO] 2025-10-13 12:41:28.120 +0800 o.a.d.s.m.r.t.TaskGroupCoordinator:[129] - TaskGroupCoordinator round time cost: 0/ms
[INFO] 2025-10-13 12:41:28.942 +0800 o.a.d.s.m.c.IdSlotBasedCommandFetcher:[67] - Fetch commands: 0 success, cost: 0ms, totalSlot: 1, currentSlotIndex: 0
[INFO] 2025-10-13 12:41:29.943 +0800 o.a.d.s.m.c.IdSlotBasedCommandFetcher:[67] - Fetch commands: 0 success, cost: 0ms, totalSlot: 1, currentSlotIndex: 0
[INFO] 2025-10-13 12:41:30.944 +0800 o.a.d.s.m.c.IdSlotBasedCommandFetcher:[67] - Fetch commands: 0 success, cost: 0ms, totalSlot: 1, currentSlotIndex: 0
[INFO] 2025-10-13 12:41:31.944 +0800 o.a.d.s.m.c.IdSlotBasedCommandFetcher:[67] - Fetch commands: 0 success, cost: 0ms, totalSlot: 1, currentSlotIndex: 0
[INFO] 2025-10-13 12:41:32.945 +0800 o.a.d.s.m.c.IdSlotBasedCommandFetcher:[67] - Fetch commands: 0 success, cost: 0ms, totalSlot: 1, currentSlotIndex: 0
[INFO] 2025-10-13 12:41:33.126 +0800 o.a.d.s.m.r.t.TaskGroupCoordinator:[187] - Success amend TaskGroupQueue status cost: 0/ms
[INFO] 2025-10-13 12:41:33.126 +0800 o.a.d.s.m.r.t.TaskGroupCoordinator:[241] - Success deal with force start TaskGroupQueue cost: 0/ms
[INFO] 2025-10-13 12:41:33.126 +0800 o.a.d.s.m.r.t.TaskGroupCoordinator:[129] - TaskGroupCoordinator round time cost: 0/ms
[INFO] 2025-10-13 12:41:33.945 +0800 o.a.d.s.m.c.IdSlotBasedCommandFetcher:[67] - Fetch commands: 0 success, cost: 0ms, totalSlot: 1, currentSlotIndex: 0
[INFO] 2025-10-13 12:41:34.945 +0800 o.a.d.s.m.c.IdSlotBasedCommandFetcher:[67] - Fetch commands: 0 success, cost: 0ms, totalSlot: 1, currentSlotIndex: 0
[INFO] 2025-10-13 12:41:35.946 +0800 o.a.d.s.m.c.IdSlotBasedCommandFetcher:[67] - Fetch commands: 0 success, cost: 0ms, totalSlot: 1, currentSlotIndex: 0
[INFO] 2025-10-13 12:41:36.947 +0800 o.a.d.s.m.c.IdSlotBasedCommandFetcher:[67] - Fetch commands: 0 success, cost: 0ms, totalSlot: 1, currentSlotIndex: 0
[INFO] 2025-10-13 12:41:37.947 +0800 o.a.d.s.m.c.IdSlotBasedCommandFetcher:[67] - Fetch commands: 0 success, cost: 0ms, totalSlot: 1, currentSlotIndex: 0
[INFO] 2025-10-13 12:41:38.130 +0800 o.a.d.s.m.r.t.TaskGroupCoordinator:[187] - Success amend TaskGroupQueue status cost: 0/ms
[INFO] 2025-10-13 12:41:38.130 +0800 o.a.d.s.m.r.t.TaskGroupCoordinator:[241] - Success deal with force start TaskGroupQueue cost: 0/ms
[INFO] 2025-10-13 12:41:38.130 +0800 o.a.d.s.m.r.t.TaskGroupCoordinator:[129] - TaskGroupCoordinator round time cost: 0/ms
[INFO] 2025-10-13 12:41:38.960 +0800 o.a.d.s.m.c.IdSlotBasedCommandFetcher:[67] - Fetch commands: 0 success, cost: 0ms, totalSlot: 1, currentSlotIndex: 0
[INFO] 2025-10-13 12:41:40.116 +0800 o.a.d.s.m.c.IdSlotBasedCommandFetcher:[67] - Fetch commands: 0 success, cost: 0ms, totalSlot: 1, currentSlotIndex: 0
[INFO] 2025-10-13 12:41:41.223 +0800 o.a.d.s.m.c.IdSlotBasedCommandFetcher:[67] - Fetch commands: 0 success, cost: 0ms, totalSlot: 1, currentSlotIndex: 0
[INFO] 2025-10-13 12:41:42.235 +0800 o.a.d.s.m.c.IdSlotBasedCommandFetcher:[67] - Fetch commands: 0 success, cost: 0ms, totalSlot: 1, currentSlotIndex: 0
[INFO] 2025-10-13 12:41:43.141 +0800 o.a.d.s.m.r.t.TaskGroupCoordinator:[187] - Success amend TaskGroupQueue status cost: 0/ms
[INFO] 2025-10-13 12:41:43.141 +0800 o.a.d.s.m.r.t.TaskGroupCoordinator:[241] - Success deal with force start TaskGroupQueue cost: 0/ms
[INFO] 2025-10-13 12:41:43.141 +0800 o.a.d.s.m.r.t.TaskGroupCoordinator:[129] - TaskGroupCoordinator round time cost: 0/ms
[INFO] 2025-10-13 12:41:43.236 +0800 o.a.d.s.m.c.IdSlotBasedCommandFetcher:[67] - Fetch commands: 0 success, cost: 0ms, totalSlot: 1, currentSlotIndex: 0
[INFO] 2025-10-13 12:41:44.238 +0800 o.a.d.s.m.c.IdSlotBasedCommandFetcher:[67] - Fetch commands: 0 success, cost: 0ms, totalSlot: 1, currentSlotIndex: 0
[INFO] 2025-10-13 12:41:45.238 +0800 o.a.d.s.m.c.IdSlotBasedCommandFetcher:[67] - Fetch commands: 0 success, cost: 0ms, totalSlot: 1, currentSlotIndex: 0
[INFO] 2025-10-13 12:41:46.246 +0800 o.a.d.s.m.c.IdSlotBasedCommandFetcher:[67] - Fetch commands: 0 success, cost: 0ms, totalSlot: 1, currentSlotIndex: 0
[INFO] 2025-10-13 12:41:47.246 +0800 o.a.d.s.m.c.IdSlotBasedCommandFetcher:[67] - Fetch commands: 0 success, cost: 0ms, totalSlot: 1, currentSlotIndex: 0
[INFO] 2025-10-13 12:41:48.156 +0800 o.a.d.s.m.r.t.TaskGroupCoordinator:[187] - Success amend TaskGroupQueue status cost: 0/ms
[INFO] 2025-10-13 12:41:48.156 +0800 o.a.d.s.m.r.t.TaskGroupCoordinator:[241] - Success deal with force start TaskGroupQueue cost: 0/ms
[INFO] 2025-10-13 12:41:48.156 +0800 o.a.d.s.m.r.t.TaskGroupCoordinator:[129] - TaskGroupCoordinator round time cost: 0/ms
[INFO] 2025-10-13 12:41:48.247 +0800 o.a.d.s.m.c.IdSlotBasedCommandFetcher:[67] - Fetch commands: 0 success, cost: 0ms, totalSlot: 1, currentSlotIndex: 0
[INFO] 2025-10-13 12:41:49.247 +0800 o.a.d.s.m.c.IdSlotBasedCommandFetcher:[67] - Fetch commands: 0 success, cost: 0ms, totalSlot: 1, currentSlotIndex: 0
[INFO] 2025-10-13 12:41:50.247 +0800 o.a.d.s.m.c.IdSlotBasedCommandFetcher:[67] - Fetch commands: 0 success, cost: 0ms, totalSlot: 1, currentSlotIndex: 0
[INFO] 2025-10-13 12:41:51.248 +0800 o.a.d.s.m.c.IdSlotBasedCommandFetcher:[67] - Fetch commands: 0 success, cost: 0ms, totalSlot: 1, currentSlotIndex: 0
[INFO] 2025-10-13 12:41:52.248 +0800 o.a.d.s.m.c.IdSlotBasedCommandFetcher:[67] - Fetch commands: 0 success, cost: 0ms, totalSlot: 1, currentSlotIndex: 0
[INFO] 2025-10-13 12:41:53.160 +0800 o.a.d.s.m.r.t.TaskGroupCoordinator:[187] - Success amend TaskGroupQueue status cost: 0/ms
[INFO] 2025-10-13 12:41:53.161 +0800 o.a.d.s.m.r.t.TaskGroupCoordinator:[241] - Success deal with force start TaskGroupQueue cost: 0/ms
[INFO] 2025-10-13 12:41:53.161 +0800 o.a.d.s.m.r.t.TaskGroupCoordinator:[129] - TaskGroupCoordinator round time cost: 0/ms
[INFO] 2025-10-13 12:41:53.249 +0800 o.a.d.s.m.c.IdSlotBasedCommandFetcher:[67] - Fetch commands: 0 success, cost: 0ms, totalSlot: 1, currentSlotIndex: 0
[INFO] 2025-10-13 12:41:54.249 +0800 o.a.d.s.m.c.IdSlotBasedCommandFetcher:[67] - Fetch commands: 0 success, cost: 0ms, totalSlot: 1, currentSlotIndex: 0
[INFO] 2025-10-13 12:41:55.249 +0800 o.a.d.s.m.c.IdSlotBasedCommandFetcher:[67] - Fetch commands: 0 success, cost: 0ms, totalSlot: 1, currentSlotIndex: 0
[INFO] 2025-10-13 12:41:56.250 +0800 o.a.d.s.m.c.IdSlotBasedCommandFetcher:[67] - Fetch commands: 0 success, cost: 0ms, totalSlot: 1, currentSlotIndex: 0
[INFO] 2025-10-13 12:41:57.250 +0800 o.a.d.s.m.c.IdSlotBasedCommandFetcher:[67] - Fetch commands: 0 success, cost: 0ms, totalSlot: 1, currentSlotIndex: 0
[INFO] 2025-10-13 12:41:58.166 +0800 o.a.d.s.m.r.t.TaskGroupCoordinator:[187] - Success amend TaskGroupQueue status cost: 0/ms
[INFO] 2025-10-13 12:41:58.166 +0800 o.a.d.s.m.r.t.TaskGroupCoordinator:[241] - Success deal with force start TaskGroupQueue cost: 0/ms
[INFO] 2025-10-13 12:41:58.166 +0800 o.a.d.s.m.r.t.TaskGroupCoordinator:[129] - TaskGroupCoordinator round time cost: 0/ms
[INFO] 2025-10-13 12:41:58.251 +0800 o.a.d.s.m.c.IdSlotBasedCommandFetcher:[67] - Fetch commands: 0 success, cost: 0ms, totalSlot: 1, currentSlotIndex: 0
[INFO] 2025-10-13 12:41:59.252 +0800 o.a.d.s.m.c.IdSlotBasedCommandFetcher:[67] - Fetch commands: 0 success, cost: 0ms, totalSlot: 1, currentSlotIndex: 0
[INFO] 2025-10-13 12:42:00.253 +0800 o.a.d.s.m.c.IdSlotBasedCommandFetcher:[67] - Fetch commands: 0 success, cost: 0ms, totalSlot: 1, currentSlotIndex: 0
[INFO] 2025-10-13 12:42:01.253 +0800 o.a.d.s.m.c.IdSlotBasedCommandFetcher:[67] - Fetch commands: 0 success, cost: 0ms, totalSlot: 1, currentSlotIndex: 0
[INFO] 2025-10-13 12:42:02.254 +0800 o.a.d.s.m.c.IdSlotBasedCommandFetcher:[67] - Fetch commands: 0 success, cost: 0ms, totalSlot: 1, currentSlotIndex: 0
[INFO] 2025-10-13 12:42:03.170 +0800 o.a.d.s.m.r.t.TaskGroupCoordinator:[187] - Success amend TaskGroupQueue status cost: 0/ms
[INFO] 2025-10-13 12:42:03.170 +0800 o.a.d.s.m.r.t.TaskGroupCoordinator:[241] - Success deal with force start TaskGroupQueue cost: 0/ms
[INFO] 2025-10-13 12:42:03.170 +0800 o.a.d.s.m.r.t.TaskGroupCoordinator:[129] - TaskGroupCoordinator round time cost: 0/ms
[INFO] 2025-10-13 12:42:03.254 +0800 o.a.d.s.m.c.IdSlotBasedCommandFetcher:[67] - Fetch commands: 0 success, cost: 0ms, totalSlot: 1, currentSlotIndex: 0
[INFO] 2025-10-13 12:42:04.255 +0800 o.a.d.s.m.c.IdSlotBasedCommandFetcher:[67] - Fetch commands: 0 success, cost: 0ms, totalSlot: 1, currentSlotIndex: 0
[INFO] 2025-10-13 12:42:05.255 +0800 o.a.d.s.m.c.IdSlotBasedCommandFetcher:[67] - Fetch commands: 0 success, cost: 0ms, totalSlot: 1, currentSlotIndex: 0
[INFO] 2025-10-13 12:42:06.255 +0800 o.a.d.s.m.c.IdSlotBasedCommandFetcher:[67] - Fetch commands: 0 success, cost: 0ms, totalSlot: 1, currentSlotIndex: 0
[INFO] 2025-10-13 12:42:07.256 +0800 o.a.d.s.m.c.IdSlotBasedCommandFetcher:[67] - Fetch commands: 0 success, cost: 0ms, totalSlot: 1, currentSlotIndex: 0
[INFO] 2025-10-13 12:42:08.174 +0800 o.a.d.s.m.r.t.TaskGroupCoordinator:[187] - Success amend TaskGroupQueue status cost: 0/ms
[INFO] 2025-10-13 12:42:08.175 +0800 o.a.d.s.m.r.t.TaskGroupCoordinator:[241] - Success deal with force start TaskGroupQueue cost: 0/ms
[INFO] 2025-10-13 12:42:08.175 +0800 o.a.d.s.m.r.t.TaskGroupCoordinator:[129] - TaskGroupCoordinator round time cost: 0/ms
[INFO] 2025-10-13 12:42:08.513 +0800 o.a.d.s.m.c.IdSlotBasedCommandFetcher:[67] - Fetch commands: 0 success, cost: 0ms, totalSlot: 1, currentSlotIndex: 0
[INFO] 2025-10-13 12:42:09.591 +0800 o.a.d.s.m.c.IdSlotBasedCommandFetcher:[67] - Fetch commands: 0 success, cost: 0ms, totalSlot: 1, currentSlotIndex: 0
[INFO] 2025-10-13 12:42:10.676 +0800 o.a.d.s.m.c.IdSlotBasedCommandFetcher:[67] - Fetch commands: 0 success, cost: 0ms, totalSlot: 1, currentSlotIndex: 0
[INFO] 2025-10-13 12:42:11.748 +0800 o.a.d.s.m.c.IdSlotBasedCommandFetcher:[67] - Fetch commands: 0 success, cost: 0ms, totalSlot: 1, currentSlotIndex: 0
[INFO] 2025-10-13 12:42:12.835 +0800 o.a.d.s.m.c.IdSlotBasedCommandFetcher:[67] - Fetch commands: 0 success, cost: 0ms, totalSlot: 1, currentSlotIndex: 0
[INFO] 2025-10-13 12:42:13.182 +0800 o.a.d.s.m.r.t.TaskGroupCoordinator:[187] - Success amend TaskGroupQueue status cost: 0/ms
[INFO] 2025-10-13 12:42:13.182 +0800 o.a.d.s.m.r.t.TaskGroupCoordinator:[241] - Success deal with force start TaskGroupQueue cost: 0/ms
[INFO] 2025-10-13 12:42:13.182 +0800 o.a.d.s.m.r.t.TaskGroupCoordinator:[129] - TaskGroupCoordinator round time cost: 0/ms
[INFO] 2025-10-13 12:42:13.907 +0800 o.a.d.s.m.c.IdSlotBasedCommandFetcher:[67] - Fetch commands: 0 success, cost: 0ms, totalSlot: 1, currentSlotIndex: 0
[INFO] 2025-10-13 12:42:14.979 +0800 o.a.d.s.m.c.IdSlotBasedCommandFetcher:[67] - Fetch commands: 0 success, cost: 1ms, totalSlot: 1, currentSlotIndex: 0
[INFO] 2025-10-13 12:42:16.054 +0800 o.a.d.s.m.c.IdSlotBasedCommandFetcher:[67] - Fetch commands: 0 success, cost: 0ms, totalSlot: 1, currentSlotIndex: 0
[INFO] 2025-10-13 12:42:17.122 +0800 o.a.d.s.m.c.IdSlotBasedCommandFetcher:[67] - Fetch commands: 0 success, cost: 0ms, totalSlot: 1, currentSlotIndex: 0
[INFO] 2025-10-13 12:42:18.194 +0800 o.a.d.s.m.c.IdSlotBasedCommandFetcher:[67] - Fetch commands: 0 success, cost: 0ms, totalSlot: 1, currentSlotIndex: 0
[INFO] 2025-10-13 12:42:18.205 +0800 o.a.d.s.m.r.t.TaskGroupCoordinator:[187] - Success amend TaskGroupQueue status cost: 0/ms
[INFO] 2025-10-13 12:42:18.205 +0800 o.a.d.s.m.r.t.TaskGroupCoordinator:[241] - Success deal with force start TaskGroupQueue cost: 0/ms
[INFO] 2025-10-13 12:42:18.205 +0800 o.a.d.s.m.r.t.TaskGroupCoordinator:[129] - TaskGroupCoordinator round time cost: 0/ms
[INFO] 2025-10-13 12:42:19.271 +0800 o.a.d.s.m.c.IdSlotBasedCommandFetcher:[67] - Fetch commands: 0 success, cost: 0ms, totalSlot: 1, currentSlotIndex: 0
[INFO] 2025-10-13 12:42:20.272 +0800 o.a.d.s.m.c.IdSlotBasedCommandFetcher:[67] - Fetch commands: 0 success, cost: 0ms, totalSlot: 1, currentSlotIndex: 0
[INFO] 2025-10-13 12:42:21.272 +0800 o.a.d.s.m.c.IdSlotBasedCommandFetcher:[67] - Fetch commands: 0 success, cost: 0ms, totalSlot: 1, currentSlotIndex: 0
[INFO] 2025-10-13 12:42:22.273 +0800 o.a.d.s.m.c.IdSlotBasedCommandFetcher:[67] - Fetch commands: 0 success, cost: 0ms, totalSlot: 1, currentSlotIndex: 0
[INFO] 2025-10-13 12:42:23.209 +0800 o.a.d.s.m.r.t.TaskGroupCoordinator:[187] - Success amend TaskGroupQueue status cost: 0/ms
[INFO] 2025-10-13 12:42:23.209 +0800 o.a.d.s.m.r.t.TaskGroupCoordinator:[241] - Success deal with force start TaskGroupQueue cost: 0/ms
[INFO] 2025-10-13 12:42:23.209 +0800 o.a.d.s.m.r.t.TaskGroupCoordinator:[129] - TaskGroupCoordinator round time cost: 0/ms
[INFO] 2025-10-13 12:42:23.273 +0800 o.a.d.s.m.c.IdSlotBasedCommandFetcher:[67] - Fetch commands: 0 success, cost: 0ms, totalSlot: 1, currentSlotIndex: 0
[INFO] 2025-10-13 12:42:24.273 +0800 o.a.d.s.m.c.IdSlotBasedCommandFetcher:[67] - Fetch commands: 0 success, cost: 0ms, totalSlot: 1, currentSlotIndex: 0
[INFO] 2025-10-13 12:42:25.274 +0800 o.a.d.s.m.c.IdSlotBasedCommandFetcher:[67] - Fetch commands: 0 success, cost: 0ms, totalSlot: 1, currentSlotIndex: 0
[INFO] 2025-10-13 12:42:26.274 +0800 o.a.d.s.m.c.IdSlotBasedCommandFetcher:[67] - Fetch commands: 0 success, cost: 0ms, totalSlot: 1, currentSlotIndex: 0
[INFO] 2025-10-13 12:42:27.274 +0800 o.a.d.s.m.c.IdSlotBasedCommandFetcher:[67] - Fetch commands: 0 success, cost: 0ms, totalSlot: 1, currentSlotIndex: 0
[INFO] 2025-10-13 12:42:28.214 +0800 o.a.d.s.m.r.t.TaskGroupCoordinator:[187] - Success amend TaskGroupQueue status cost: 0/ms
[INFO] 2025-10-13 12:42:28.214 +0800 o.a.d.s.m.r.t.TaskGroupCoordinator:[241] - Success deal with force start TaskGroupQueue cost: 0/ms
[INFO] 2025-10-13 12:42:28.214 +0800 o.a.d.s.m.r.t.TaskGroupCoordinator:[129] - TaskGroupCoordinator round time cost: 0/ms
[INFO] 2025-10-13 12:42:28.275 +0800 o.a.d.s.m.c.IdSlotBasedCommandFetcher:[67] - Fetch commands: 0 success, cost: 0ms, totalSlot: 1, currentSlotIndex: 0
[INFO] 2025-10-13 12:42:29.276 +0800 o.a.d.s.m.c.IdSlotBasedCommandFetcher:[67] - Fetch commands: 0 success, cost: 0ms, totalSlot: 1, currentSlotIndex: 0
[INFO] 2025-10-13 12:42:30.276 +0800 o.a.d.s.m.c.IdSlotBasedCommandFetcher:[67] - Fetch commands: 0 success, cost: 0ms, totalSlot: 1, currentSlotIndex: 0
[INFO] 2025-10-13 12:42:31.276 +0800 o.a.d.s.m.c.IdSlotBasedCommandFetcher:[67] - Fetch commands: 0 success, cost: 0ms, totalSlot: 1, currentSlotIndex: 0
[INFO] 2025-10-13 12:42:32.422 +0800 o.a.d.s.m.c.IdSlotBasedCommandFetcher:[67] - Fetch commands: 0 success, cost: 0ms, totalSlot: 1, currentSlotIndex: 0
[INFO] 2025-10-13 12:42:33.221 +0800 o.a.d.s.m.r.t.TaskGroupCoordinator:[187] - Success amend TaskGroupQueue status cost: 0/ms
[INFO] 2025-10-13 12:42:33.221 +0800 o.a.d.s.m.r.t.TaskGroupCoordinator:[241] - Success deal with force start TaskGroupQueue cost: 0/ms
[INFO] 2025-10-13 12:42:33.221 +0800 o.a.d.s.m.r.t.TaskGroupCoordinator:[129] - TaskGroupCoordinator round time cost: 0/ms
[INFO] 2025-10-13 12:42:33.495 +0800 o.a.d.s.m.c.IdSlotBasedCommandFetcher:[67] - Fetch commands: 0 success, cost: 1ms, totalSlot: 1, currentSlotIndex: 0
[INFO] 2025-10-13 12:42:34.571 +0800 o.a.d.s.m.c.IdSlotBasedCommandFetcher:[67] - Fetch commands: 0 success, cost: 0ms, totalSlot: 1, currentSlotIndex: 0
[INFO] 2025-10-13 12:42:35.640 +0800 o.a.d.s.m.c.IdSlotBasedCommandFetcher:[67] - Fetch commands: 0 success, cost: 0ms, totalSlot: 1, currentSlotIndex: 0
[INFO] 2025-10-13 12:42:36.641 +0800 o.a.d.s.m.c.IdSlotBasedCommandFetcher:[67] - Fetch commands: 0 success, cost: 0ms, totalSlot: 1, currentSlotIndex: 0
[INFO] 2025-10-13 12:42:37.641 +0800 o.a.d.s.m.c.IdSlotBasedCommandFetcher:[67] - Fetch commands: 0 success, cost: 0ms, totalSlot: 1, currentSlotIndex: 0
[INFO] 2025-10-13 12:42:38.226 +0800 o.a.d.s.m.r.t.TaskGroupCoordinator:[187] - Success amend TaskGroupQueue status cost: 0/ms
[INFO] 2025-10-13 12:42:38.226 +0800 o.a.d.s.m.r.t.TaskGroupCoordinator:[241] - Success deal with force start TaskGroupQueue cost: 0/ms
[INFO] 2025-10-13 12:42:38.226 +0800 o.a.d.s.m.r.t.TaskGroupCoordinator:[129] - TaskGroupCoordinator round time cost: 0/ms
[INFO] 2025-10-13 12:42:38.643 +0800 o.a.d.s.m.c.IdSlotBasedCommandFetcher:[67] - Fetch commands: 0 success, cost: 0ms, totalSlot: 1, currentSlotIndex: 0
[INFO] 2025-10-13 12:42:39.643 +0800 o.a.d.s.m.c.IdSlotBasedCommandFetcher:[67] - Fetch commands: 0 success, cost: 0ms, totalSlot: 1, currentSlotIndex: 0
[INFO] 2025-10-13 12:42:40.654 +0800 o.a.d.s.m.c.IdSlotBasedCommandFetcher:[67] - Fetch commands: 0 success, cost: 0ms, totalSlot: 1, currentSlotIndex: 0
[INFO] 2025-10-13 12:42:41.659 +0800 o.a.d.s.m.c.IdSlotBasedCommandFetcher:[67] - Fetch commands: 0 success, cost: 0ms, totalSlot: 1, currentSlotIndex: 0
[INFO] 2025-10-13 12:42:42.660 +0800 o.a.d.s.m.c.IdSlotBasedCommandFetcher:[67] - Fetch commands: 0 success, cost: 0ms, totalSlot: 1, currentSlotIndex: 0
[INFO] 2025-10-13 12:42:43.236 +0800 o.a.d.s.m.r.t.TaskGroupCoordinator:[187] - Success amend TaskGroupQueue status cost: 0/ms
[INFO] 2025-10-13 12:42:43.236 +0800 o.a.d.s.m.r.t.TaskGroupCoordinator:[241] - Success deal with force start TaskGroupQueue cost: 0/ms
[INFO] 2025-10-13 12:42:43.236 +0800 o.a.d.s.m.r.t.TaskGroupCoordinator:[129] - TaskGroupCoordinator round time cost: 0/ms
[INFO] 2025-10-13 12:42:43.666 +0800 o.a.d.s.m.c.IdSlotBasedCommandFetcher:[67] - Fetch commands: 0 success, cost: 0ms, totalSlot: 1, currentSlotIndex: 0
[INFO] 2025-10-13 12:42:44.667 +0800 o.a.d.s.m.c.IdSlotBasedCommandFetcher:[67] - Fetch commands: 0 success, cost: 0ms, totalSlot: 1, currentSlotIndex: 0
[INFO] 2025-10-13 12:42:45.667 +0800 o.a.d.s.m.c.IdSlotBasedCommandFetcher:[67] - Fetch commands: 0 success, cost: 0ms, totalSlot: 1, currentSlotIndex: 0
[INFO] 2025-10-13 12:42:46.678 +0800 o.a.d.s.m.c.IdSlotBasedCommandFetcher:[67] - Fetch commands: 0 success, cost: 0ms, totalSlot: 1, currentSlotIndex: 0
[INFO] 2025-10-13 12:42:47.678 +0800 o.a.d.s.m.c.IdSlotBasedCommandFetcher:[67] - Fetch commands: 0 success, cost: 0ms, totalSlot: 1, currentSlotIndex: 0
[INFO] 2025-10-13 12:42:48.241 +0800 o.a.d.s.m.r.t.TaskGroupCoordinator:[187] - Success amend TaskGroupQueue status cost: 0/ms
[INFO] 2025-10-13 12:42:48.241 +0800 o.a.d.s.m.r.t.TaskGroupCoordinator:[241] - Success deal with force start TaskGroupQueue cost: 0/ms
[INFO] 2025-10-13 12:42:48.241 +0800 o.a.d.s.m.r.t.TaskGroupCoordinator:[129] - TaskGroupCoordinator round time cost: 0/ms
[INFO] 2025-10-13 12:42:48.791 +0800 o.a.d.s.m.c.IdSlotBasedCommandFetcher:[67] - Fetch commands: 0 success, cost: 0ms, totalSlot: 1, currentSlotIndex: 0
[INFO] 2025-10-13 12:42:49.862 +0800 o.a.d.s.m.c.IdSlotBasedCommandFetcher:[67] - Fetch commands: 0 success, cost: 0ms, totalSlot: 1, currentSlotIndex: 0
[INFO] 2025-10-13 12:42:50.932 +0800 o.a.d.s.m.c.IdSlotBasedCommandFetcher:[67] - Fetch commands: 0 success, cost: 1ms, totalSlot: 1, currentSlotIndex: 0
[INFO] 2025-10-13 12:42:52.004 +0800 o.a.d.s.m.c.IdSlotBasedCommandFetcher:[67] - Fetch commands: 0 success, cost: 0ms, totalSlot: 1, currentSlotIndex: 0
[INFO] 2025-10-13 12:42:53.076 +0800 o.a.d.s.m.c.IdSlotBasedCommandFetcher:[67] - Fetch commands: 0 success, cost: 0ms, totalSlot: 1, currentSlotIndex: 0
[INFO] 2025-10-13 12:42:53.245 +0800 o.a.d.s.m.r.t.TaskGroupCoordinator:[187] - Success amend TaskGroupQueue status cost: 0/ms
[INFO] 2025-10-13 12:42:53.245 +0800 o.a.d.s.m.r.t.TaskGroupCoordinator:[241] - Success deal with force start TaskGroupQueue cost: 0/ms
[INFO] 2025-10-13 12:42:53.245 +0800 o.a.d.s.m.r.t.TaskGroupCoordinator:[129] - TaskGroupCoordinator round time cost: 0/ms
[INFO] 2025-10-13 12:42:54.152 +0800 o.a.d.s.m.c.IdSlotBasedCommandFetcher:[67] - Fetch commands: 0 success, cost: 0ms, totalSlot: 1, currentSlotIndex: 0
[INFO] 2025-10-13 12:42:55.225 +0800 o.a.d.s.m.c.IdSlotBasedCommandFetcher:[67] - Fetch commands: 0 success, cost: 0ms, totalSlot: 1, currentSlotIndex: 0
[INFO] 2025-10-13 12:42:56.298 +0800 o.a.d.s.m.c.IdSlotBasedCommandFetcher:[67] - Fetch commands: 0 success, cost: 0ms, totalSlot: 1, currentSlotIndex: 0
[INFO] 2025-10-13 12:42:57.368 +0800 o.a.d.s.m.c.IdSlotBasedCommandFetcher:[67] - Fetch commands: 0 success, cost: 0ms, totalSlot: 1, currentSlotIndex: 0
[INFO] 2025-10-13 12:42:58.249 +0800 o.a.d.s.m.r.t.TaskGroupCoordinator:[187] - Success amend TaskGroupQueue status cost: 0/ms
[INFO] 2025-10-13 12:42:58.249 +0800 o.a.d.s.m.r.t.TaskGroupCoordinator:[241] - Success deal with force start TaskGroupQueue cost: 0/ms
[INFO] 2025-10-13 12:42:58.250 +0800 o.a.d.s.m.r.t.TaskGroupCoordinator:[129] - TaskGroupCoordinator round time cost: 0/ms
[INFO] 2025-10-13 12:42:58.440 +0800 o.a.d.s.m.c.IdSlotBasedCommandFetcher:[67] - Fetch commands: 0 success, cost: 0ms, totalSlot: 1, currentSlotIndex: 0
[INFO] 2025-10-13 12:42:59.511 +0800 o.a.d.s.m.c.IdSlotBasedCommandFetcher:[67] - Fetch commands: 0 success, cost: 0ms, totalSlot: 1, currentSlotIndex: 0
[INFO] 2025-10-13 12:43:00.646 +0800 o.a.d.s.m.c.IdSlotBasedCommandFetcher:[67] - Fetch commands: 0 success, cost: 0ms, totalSlot: 1, currentSlotIndex: 0
[INFO] 2025-10-13 12:43:01.647 +0800 o.a.d.s.m.c.IdSlotBasedCommandFetcher:[67] - Fetch commands: 0 success, cost: 0ms, totalSlot: 1, currentSlotIndex: 0
[INFO] 2025-10-13 12:43:02.647 +0800 o.a.d.s.m.c.IdSlotBasedCommandFetcher:[67] - Fetch commands: 0 success, cost: 0ms, totalSlot: 1, currentSlotIndex: 0
[INFO] 2025-10-13 12:43:03.254 +0800 o.a.d.s.m.r.t.TaskGroupCoordinator:[187] - Success amend TaskGroupQueue status cost: 0/ms
[INFO] 2025-10-13 12:43:03.254 +0800 o.a.d.s.m.r.t.TaskGroupCoordinator:[241] - Success deal with force start TaskGroupQueue cost: 0/ms
[INFO] 2025-10-13 12:43:03.254 +0800 o.a.d.s.m.r.t.TaskGroupCoordinator:[129] - TaskGroupCoordinator round time cost: 0/ms
[INFO] 2025-10-13 12:43:03.647 +0800 o.a.d.s.m.c.IdSlotBasedCommandFetcher:[67] - Fetch commands: 0 success, cost: 0ms, totalSlot: 1, currentSlotIndex: 0
[INFO] 2025-10-13 12:43:04.647 +0800 o.a.d.s.m.c.IdSlotBasedCommandFetcher:[67] - Fetch commands: 0 success, cost: 0ms, totalSlot: 1, currentSlotIndex: 0
[INFO] 2025-10-13 12:43:05.648 +0800 o.a.d.s.m.c.IdSlotBasedCommandFetcher:[67] - Fetch commands: 0 success, cost: 0ms, totalSlot: 1, currentSlotIndex: 0
[INFO] 2025-10-13 12:43:06.649 +0800 o.a.d.s.m.c.IdSlotBasedCommandFetcher:[67] - Fetch commands: 0 success, cost: 0ms, totalSlot: 1, currentSlotIndex: 0
[INFO] 2025-10-13 12:43:07.650 +0800 o.a.d.s.m.c.IdSlotBasedCommandFetcher:[67] - Fetch commands: 0 success, cost: 0ms, totalSlot: 1, currentSlotIndex: 0
[INFO] 2025-10-13 12:43:08.258 +0800 o.a.d.s.m.r.t.TaskGroupCoordinator:[187] - Success amend TaskGroupQueue status cost: 0/ms
[INFO] 2025-10-13 12:43:08.258 +0800 o.a.d.s.m.r.t.TaskGroupCoordinator:[241] - Success deal with force start TaskGroupQueue cost: 0/ms
[INFO] 2025-10-13 12:43:08.258 +0800 o.a.d.s.m.r.t.TaskGroupCoordinator:[129] - TaskGroupCoordinator round time cost: 0/ms
[INFO] 2025-10-13 12:43:08.651 +0800 o.a.d.s.m.c.IdSlotBasedCommandFetcher:[67] - Fetch commands: 0 success, cost: 0ms, totalSlot: 1, currentSlotIndex: 0
[INFO] 2025-10-13 12:43:09.651 +0800 o.a.d.s.m.c.IdSlotBasedCommandFetcher:[67] - Fetch commands: 0 success, cost: 0ms, totalSlot: 1, currentSlotIndex: 0
[INFO] 2025-10-13 12:43:10.667 +0800 o.a.d.s.m.c.IdSlotBasedCommandFetcher:[67] - Fetch commands: 0 success, cost: 0ms, totalSlot: 1, currentSlotIndex: 0
[INFO] 2025-10-13 12:43:11.668 +0800 o.a.d.s.m.c.IdSlotBasedCommandFetcher:[67] - Fetch commands: 0 success, cost: 0ms, totalSlot: 1, currentSlotIndex: 0
[INFO] 2025-10-13 12:43:12.669 +0800 o.a.d.s.m.c.IdSlotBasedCommandFetcher:[67] - Fetch commands: 0 success, cost: 0ms, totalSlot: 1, currentSlotIndex: 0
[INFO] 2025-10-13 12:43:13.262 +0800 o.a.d.s.m.r.t.TaskGroupCoordinator:[187] - Success amend TaskGroupQueue status cost: 0/ms
[INFO] 2025-10-13 12:43:13.263 +0800 o.a.d.s.m.r.t.TaskGroupCoordinator:[241] - Success deal with force start TaskGroupQueue cost: 0/ms
[INFO] 2025-10-13 12:43:13.263 +0800 o.a.d.s.m.r.t.TaskGroupCoordinator:[129] - TaskGroupCoordinator round time cost: 0/ms
[INFO] 2025-10-13 12:43:13.673 +0800 o.a.d.s.m.c.IdSlotBasedCommandFetcher:[67] - Fetch commands: 0 success, cost: 0ms, totalSlot: 1, currentSlotIndex: 0
[INFO] 2025-10-13 12:43:14.786 +0800 o.a.d.s.m.c.IdSlotBasedCommandFetcher:[67] - Fetch commands: 0 success, cost: 0ms, totalSlot: 1, currentSlotIndex: 0
[INFO] 2025-10-13 12:43:15.941 +0800 o.a.d.s.m.c.IdSlotBasedCommandFetcher:[67] - Fetch commands: 0 success, cost: 0ms, totalSlot: 1, currentSlotIndex: 0
[INFO] 2025-10-13 12:43:17.118 +0800 o.a.d.m.m.BaseServerLoadProtection:[43] - OverLoad: the system cpu usage: 1.0 is over then the maxSystemCpuUsagePercentageThresholds 0.9
[WARN] 2025-10-13 12:43:17.118 +0800 o.a.d.s.m.r.MasterSchedulerBootstrap:[120] - The current server is overload, cannot consumes commands.
[INFO] 2025-10-13 12:43:17.789 +0800 o.a.d.m.m.BaseServerLoadProtection:[43] - OverLoad: the system cpu usage: 1.0 is over then the maxSystemCpuUsagePercentageThresholds 0.9
[INFO] 2025-10-13 12:43:18.111 +0800 o.a.d.m.m.BaseServerLoadProtection:[43] - OverLoad: the system cpu usage: 1.0 is over then the maxSystemCpuUsagePercentageThresholds 0.9
[INFO] 2025-10-13 12:43:18.189 +0800 o.a.d.s.m.c.IdSlotBasedCommandFetcher:[67] - Fetch commands: 0 success, cost: 1ms, totalSlot: 1, currentSlotIndex: 0
[INFO] 2025-10-13 12:43:18.281 +0800 o.a.d.s.m.r.t.TaskGroupCoordinator:[187] - Success amend TaskGroupQueue status cost: 0/ms
[INFO] 2025-10-13 12:43:18.282 +0800 o.a.d.s.m.r.t.TaskGroupCoordinator:[241] - Success deal with force start TaskGroupQueue cost: 0/ms
[INFO] 2025-10-13 12:43:18.282 +0800 o.a.d.s.m.r.t.TaskGroupCoordinator:[129] - TaskGroupCoordinator round time cost: 0/ms
[INFO] 2025-10-13 12:43:19.258 +0800 o.a.d.s.m.c.IdSlotBasedCommandFetcher:[67] - Fetch commands: 0 success, cost: 0ms, totalSlot: 1, currentSlotIndex: 0
[INFO] 2025-10-13 12:43:20.334 +0800 o.a.d.s.m.c.IdSlotBasedCommandFetcher:[67] - Fetch commands: 0 success, cost: 0ms, totalSlot: 1, currentSlotIndex: 0
[INFO] 2025-10-13 12:43:21.405 +0800 o.a.d.s.m.c.IdSlotBasedCommandFetcher:[67] - Fetch commands: 0 success, cost: 0ms, totalSlot: 1, currentSlotIndex: 0
[INFO] 2025-10-13 12:43:22.472 +0800 o.a.d.s.m.c.IdSlotBasedCommandFetcher:[67] - Fetch commands: 0 success, cost: 0ms, totalSlot: 1, currentSlotIndex: 0
[INFO] 2025-10-13 12:43:23.287 +0800 o.a.d.s.m.r.t.TaskGroupCoordinator:[187] - Success amend TaskGroupQueue status cost: 0/ms
[INFO] 2025-10-13 12:43:23.287 +0800 o.a.d.s.m.r.t.TaskGroupCoordinator:[241] - Success deal with force start TaskGroupQueue cost: 0/ms
[INFO] 2025-10-13 12:43:23.288 +0800 o.a.d.s.m.r.t.TaskGroupCoordinator:[129] - TaskGroupCoordinator round time cost: 0/ms
[INFO] 2025-10-13 12:43:23.558 +0800 o.a.d.s.m.c.IdSlotBasedCommandFetcher:[67] - Fetch commands: 0 success, cost: 0ms, totalSlot: 1, currentSlotIndex: 0
[INFO] 2025-10-13 12:43:24.634 +0800 o.a.d.s.m.c.IdSlotBasedCommandFetcher:[67] - Fetch commands: 0 success, cost: 0ms, totalSlot: 1, currentSlotIndex: 0
[INFO] 2025-10-13 12:43:25.706 +0800 o.a.d.s.m.c.IdSlotBasedCommandFetcher:[67] - Fetch commands: 0 success, cost: 0ms, totalSlot: 1, currentSlotIndex: 0
[INFO] 2025-10-13 12:43:26.810 +0800 o.a.d.s.m.c.IdSlotBasedCommandFetcher:[67] - Fetch commands: 0 success, cost: 0ms, totalSlot: 1, currentSlotIndex: 0
[INFO] 2025-10-13 12:43:27.810 +0800 o.a.d.s.m.c.IdSlotBasedCommandFetcher:[67] - Fetch commands: 0 success, cost: 0ms, totalSlot: 1, currentSlotIndex: 0
[INFO] 2025-10-13 12:43:28.293 +0800 o.a.d.s.m.r.t.TaskGroupCoordinator:[187] - Success amend TaskGroupQueue status cost: 0/ms
[INFO] 2025-10-13 12:43:28.293 +0800 o.a.d.s.m.r.t.TaskGroupCoordinator:[241] - Success deal with force start TaskGroupQueue cost: 0/ms
[INFO] 2025-10-13 12:43:28.293 +0800 o.a.d.s.m.r.t.TaskGroupCoordinator:[129] - TaskGroupCoordinator round time cost: 0/ms
[INFO] 2025-10-13 12:43:28.816 +0800 o.a.d.s.m.c.IdSlotBasedCommandFetcher:[67] - Fetch commands: 0 success, cost: 0ms, totalSlot: 1, currentSlotIndex: 0
[INFO] 2025-10-13 12:43:29.817 +0800 o.a.d.s.m.c.IdSlotBasedCommandFetcher:[67] - Fetch commands: 0 success, cost: 0ms, totalSlot: 1, currentSlotIndex: 0
[INFO] 2025-10-13 12:43:30.820 +0800 o.a.d.s.m.c.IdSlotBasedCommandFetcher:[67] - Fetch commands: 0 success, cost: 0ms, totalSlot: 1, currentSlotIndex: 0
[INFO] 2025-10-13 12:43:31.820 +0800 o.a.d.s.m.c.IdSlotBasedCommandFetcher:[67] - Fetch commands: 0 success, cost: 0ms, totalSlot: 1, currentSlotIndex: 0
[INFO] 2025-10-13 12:43:32.821 +0800 o.a.d.s.m.c.IdSlotBasedCommandFetcher:[67] - Fetch commands: 0 success, cost: 0ms, totalSlot: 1, currentSlotIndex: 0
[INFO] 2025-10-13 12:43:33.297 +0800 o.a.d.s.m.r.t.TaskGroupCoordinator:[187] - Success amend TaskGroupQueue status cost: 0/ms
[INFO] 2025-10-13 12:43:33.298 +0800 o.a.d.s.m.r.t.TaskGroupCoordinator:[241] - Success deal with force start TaskGroupQueue cost: 0/ms
[INFO] 2025-10-13 12:43:33.298 +0800 o.a.d.s.m.r.t.TaskGroupCoordinator:[129] - TaskGroupCoordinator round time cost: 0/ms
[INFO] 2025-10-13 12:43:33.830 +0800 o.a.d.s.m.c.IdSlotBasedCommandFetcher:[67] - Fetch commands: 0 success, cost: 0ms, totalSlot: 1, currentSlotIndex: 0
[INFO] 2025-10-13 12:43:34.831 +0800 o.a.d.s.m.c.IdSlotBasedCommandFetcher:[67] - Fetch commands: 0 success, cost: 0ms, totalSlot: 1, currentSlotIndex: 0
[INFO] 2025-10-13 12:43:35.838 +0800 o.a.d.s.m.c.IdSlotBasedCommandFetcher:[67] - Fetch commands: 0 success, cost: 0ms, totalSlot: 1, currentSlotIndex: 0
[INFO] 2025-10-13 12:43:36.838 +0800 o.a.d.s.m.c.IdSlotBasedCommandFetcher:[67] - Fetch commands: 0 success, cost: 0ms, totalSlot: 1, currentSlotIndex: 0
[INFO] 2025-10-13 12:43:37.842 +0800 o.a.d.s.m.c.IdSlotBasedCommandFetcher:[67] - Fetch commands: 0 success, cost: 0ms, totalSlot: 1, currentSlotIndex: 0
[INFO] 2025-10-13 12:43:38.301 +0800 o.a.d.s.m.r.t.TaskGroupCoordinator:[187] - Success amend TaskGroupQueue status cost: 0/ms
[INFO] 2025-10-13 12:43:38.301 +0800 o.a.d.s.m.r.t.TaskGroupCoordinator:[241] - Success deal with force start TaskGroupQueue cost: 0/ms
[INFO] 2025-10-13 12:43:38.301 +0800 o.a.d.s.m.r.t.TaskGroupCoordinator:[129] - TaskGroupCoordinator round time cost: 0/ms
[INFO] 2025-10-13 12:43:38.849 +0800 o.a.d.s.m.c.IdSlotBasedCommandFetcher:[67] - Fetch commands: 0 success, cost: 0ms, totalSlot: 1, currentSlotIndex: 0
[INFO] 2025-10-13 12:43:40.007 +0800 o.a.d.s.m.c.IdSlotBasedCommandFetcher:[67] - Fetch commands: 0 success, cost: 0ms, totalSlot: 1, currentSlotIndex: 0
[INFO] 2025-10-13 12:43:41.015 +0800 o.a.d.s.m.c.IdSlotBasedCommandFetcher:[67] - Fetch commands: 0 success, cost: 0ms, totalSlot: 1, currentSlotIndex: 0
[INFO] 2025-10-13 12:43:42.016 +0800 o.a.d.s.m.c.IdSlotBasedCommandFetcher:[67] - Fetch commands: 0 success, cost: 0ms, totalSlot: 1, currentSlotIndex: 0
[INFO] 2025-10-13 12:43:43.017 +0800 o.a.d.s.m.c.IdSlotBasedCommandFetcher:[67] - Fetch commands: 0 success, cost: 0ms, totalSlot: 1, currentSlotIndex: 0
[INFO] 2025-10-13 12:43:43.310 +0800 o.a.d.s.m.r.t.TaskGroupCoordinator:[187] - Success amend TaskGroupQueue status cost: 0/ms
[INFO] 2025-10-13 12:43:43.311 +0800 o.a.d.s.m.r.t.TaskGroupCoordinator:[241] - Success deal with force start TaskGroupQueue cost: 0/ms
[INFO] 2025-10-13 12:43:43.311 +0800 o.a.d.s.m.r.t.TaskGroupCoordinator:[129] - TaskGroupCoordinator round time cost: 0/ms
[INFO] 2025-10-13 12:43:44.032 +0800 o.a.d.s.m.c.IdSlotBasedCommandFetcher:[67] - Fetch commands: 0 success, cost: 0ms, totalSlot: 1, currentSlotIndex: 0
[INFO] 2025-10-13 12:43:45.032 +0800 o.a.d.s.m.c.IdSlotBasedCommandFetcher:[67] - Fetch commands: 0 success, cost: 0ms, totalSlot: 1, currentSlotIndex: 0
[INFO] 2025-10-13 12:43:46.033 +0800 o.a.d.s.m.c.IdSlotBasedCommandFetcher:[67] - Fetch commands: 0 success, cost: 0ms, totalSlot: 1, currentSlotIndex: 0
[INFO] 2025-10-13 12:43:47.033 +0800 o.a.d.s.m.c.IdSlotBasedCommandFetcher:[67] - Fetch commands: 0 success, cost: 0ms, totalSlot: 1, currentSlotIndex: 0
[INFO] 2025-10-13 12:43:48.034 +0800 o.a.d.s.m.c.IdSlotBasedCommandFetcher:[67] - Fetch commands: 0 success, cost: 0ms, totalSlot: 1, currentSlotIndex: 0
[INFO] 2025-10-13 12:43:48.319 +0800 o.a.d.s.m.r.t.TaskGroupCoordinator:[187] - Success amend TaskGroupQueue status cost: 0/ms
[INFO] 2025-10-13 12:43:48.319 +0800 o.a.d.s.m.r.t.TaskGroupCoordinator:[241] - Success deal with force start TaskGroupQueue cost: 0/ms
[INFO] 2025-10-13 12:43:48.319 +0800 o.a.d.s.m.r.t.TaskGroupCoordinator:[129] - TaskGroupCoordinator round time cost: 0/ms
[INFO] 2025-10-13 12:43:49.034 +0800 o.a.d.s.m.c.IdSlotBasedCommandFetcher:[67] - Fetch commands: 0 success, cost: 0ms, totalSlot: 1, currentSlotIndex: 0
[INFO] 2025-10-13 12:43:50.034 +0800 o.a.d.s.m.c.IdSlotBasedCommandFetcher:[67] - Fetch commands: 0 success, cost: 0ms, totalSlot: 1, currentSlotIndex: 0
[INFO] 2025-10-13 12:43:51.034 +0800 o.a.d.s.m.c.IdSlotBasedCommandFetcher:[67] - Fetch commands: 0 success, cost: 0ms, totalSlot: 1, currentSlotIndex: 0
[INFO] 2025-10-13 12:43:52.034 +0800 o.a.d.s.m.c.IdSlotBasedCommandFetcher:[67] - Fetch commands: 0 success, cost: 0ms, totalSlot: 1, currentSlotIndex: 0
[INFO] 2025-10-13 12:43:53.193 +0800 o.a.d.s.m.c.IdSlotBasedCommandFetcher:[67] - Fetch commands: 0 success, cost: 0ms, totalSlot: 1, currentSlotIndex: 0
[INFO] 2025-10-13 12:43:53.325 +0800 o.a.d.s.m.r.t.TaskGroupCoordinator:[187] - Success amend TaskGroupQueue status cost: 0/ms
[INFO] 2025-10-13 12:43:53.326 +0800 o.a.d.s.m.r.t.TaskGroupCoordinator:[241] - Success deal with force start TaskGroupQueue cost: 0/ms
[INFO] 2025-10-13 12:43:53.326 +0800 o.a.d.s.m.r.t.TaskGroupCoordinator:[129] - TaskGroupCoordinator round time cost: 1/ms
[INFO] 2025-10-13 12:43:54.265 +0800 o.a.d.s.m.c.IdSlotBasedCommandFetcher:[67] - Fetch commands: 0 success, cost: 1ms, totalSlot: 1, currentSlotIndex: 0
[INFO] 2025-10-13 12:43:55.407 +0800 o.a.d.s.m.c.IdSlotBasedCommandFetcher:[67] - Fetch commands: 0 success, cost: 0ms, totalSlot: 1, currentSlotIndex: 0
[INFO] 2025-10-13 12:43:56.409 +0800 o.a.d.s.m.c.IdSlotBasedCommandFetcher:[67] - Fetch commands: 0 success, cost: 0ms, totalSlot: 1, currentSlotIndex: 0
[INFO] 2025-10-13 12:43:57.409 +0800 o.a.d.s.m.c.IdSlotBasedCommandFetcher:[67] - Fetch commands: 0 success, cost: 0ms, totalSlot: 1, currentSlotIndex: 0
[INFO] 2025-10-13 12:43:58.331 +0800 o.a.d.s.m.r.t.TaskGroupCoordinator:[187] - Success amend TaskGroupQueue status cost: 0/ms
[INFO] 2025-10-13 12:43:58.331 +0800 o.a.d.s.m.r.t.TaskGroupCoordinator:[241] - Success deal with force start TaskGroupQueue cost: 0/ms
[INFO] 2025-10-13 12:43:58.331 +0800 o.a.d.s.m.r.t.TaskGroupCoordinator:[129] - TaskGroupCoordinator round time cost: 0/ms
[INFO] 2025-10-13 12:43:58.409 +0800 o.a.d.s.m.c.IdSlotBasedCommandFetcher:[67] - Fetch commands: 0 success, cost: 0ms, totalSlot: 1, currentSlotIndex: 0
[INFO] 2025-10-13 12:43:59.410 +0800 o.a.d.s.m.c.IdSlotBasedCommandFetcher:[67] - Fetch commands: 0 success, cost: 0ms, totalSlot: 1, currentSlotIndex: 0
[INFO] 2025-10-13 12:44:00.414 +0800 o.a.d.s.m.c.IdSlotBasedCommandFetcher:[67] - Fetch commands: 0 success, cost: 0ms, totalSlot: 1, currentSlotIndex: 0
[INFO] 2025-10-13 12:44:01.414 +0800 o.a.d.s.m.c.IdSlotBasedCommandFetcher:[67] - Fetch commands: 0 success, cost: 0ms, totalSlot: 1, currentSlotIndex: 0
[INFO] 2025-10-13 12:44:02.414 +0800 o.a.d.s.m.c.IdSlotBasedCommandFetcher:[67] - Fetch commands: 0 success, cost: 0ms, totalSlot: 1, currentSlotIndex: 0
[INFO] 2025-10-13 12:44:03.335 +0800 o.a.d.s.m.r.t.TaskGroupCoordinator:[187] - Success amend TaskGroupQueue status cost: 0/ms
[INFO] 2025-10-13 12:44:03.336 +0800 o.a.d.s.m.r.t.TaskGroupCoordinator:[241] - Success deal with force start TaskGroupQueue cost: 0/ms
[INFO] 2025-10-13 12:44:03.336 +0800 o.a.d.s.m.r.t.TaskGroupCoordinator:[129] - TaskGroupCoordinator round time cost: 0/ms
[INFO] 2025-10-13 12:44:03.420 +0800 o.a.d.s.m.c.IdSlotBasedCommandFetcher:[67] - Fetch commands: 0 success, cost: 0ms, totalSlot: 1, currentSlotIndex: 0
[INFO] 2025-10-13 12:44:04.420 +0800 o.a.d.s.m.c.IdSlotBasedCommandFetcher:[67] - Fetch commands: 0 success, cost: 0ms, totalSlot: 1, currentSlotIndex: 0
[INFO] 2025-10-13 12:44:05.435 +0800 o.a.d.s.m.c.IdSlotBasedCommandFetcher:[67] - Fetch commands: 0 success, cost: 0ms, totalSlot: 1, currentSlotIndex: 0
[INFO] 2025-10-13 12:44:06.435 +0800 o.a.d.s.m.c.IdSlotBasedCommandFetcher:[67] - Fetch commands: 0 success, cost: 0ms, totalSlot: 1, currentSlotIndex: 0
[INFO] 2025-10-13 12:44:07.436 +0800 o.a.d.s.m.c.IdSlotBasedCommandFetcher:[67] - Fetch commands: 0 success, cost: 0ms, totalSlot: 1, currentSlotIndex: 0
[INFO] 2025-10-13 12:44:08.341 +0800 o.a.d.s.m.r.t.TaskGroupCoordinator:[187] - Success amend TaskGroupQueue status cost: 0/ms
[INFO] 2025-10-13 12:44:08.341 +0800 o.a.d.s.m.r.t.TaskGroupCoordinator:[241] - Success deal with force start TaskGroupQueue cost: 0/ms
[INFO] 2025-10-13 12:44:08.341 +0800 o.a.d.s.m.r.t.TaskGroupCoordinator:[129] - TaskGroupCoordinator round time cost: 0/ms
[INFO] 2025-10-13 12:44:08.547 +0800 o.a.d.s.m.c.IdSlotBasedCommandFetcher:[67] - Fetch commands: 0 success, cost: 0ms, totalSlot: 1, currentSlotIndex: 0
[INFO] 2025-10-13 12:44:09.617 +0800 o.a.d.s.m.c.IdSlotBasedCommandFetcher:[67] - Fetch commands: 0 success, cost: 0ms, totalSlot: 1, currentSlotIndex: 0
[INFO] 2025-10-13 12:44:10.701 +0800 o.a.d.s.m.c.IdSlotBasedCommandFetcher:[67] - Fetch commands: 0 success, cost: 0ms, totalSlot: 1, currentSlotIndex: 0
[INFO] 2025-10-13 12:44:11.771 +0800 o.a.d.s.m.c.IdSlotBasedCommandFetcher:[67] - Fetch commands: 0 success, cost: 0ms, totalSlot: 1, currentSlotIndex: 0
[INFO] 2025-10-13 12:44:12.844 +0800 o.a.d.s.m.c.IdSlotBasedCommandFetcher:[67] - Fetch commands: 0 success, cost: 0ms, totalSlot: 1, currentSlotIndex: 0
[INFO] 2025-10-13 12:44:13.346 +0800 o.a.d.s.m.r.t.TaskGroupCoordinator:[187] - Success amend TaskGroupQueue status cost: 0/ms
[INFO] 2025-10-13 12:44:13.346 +0800 o.a.d.s.m.r.t.TaskGroupCoordinator:[241] - Success deal with force start TaskGroupQueue cost: 0/ms
[INFO] 2025-10-13 12:44:13.346 +0800 o.a.d.s.m.r.t.TaskGroupCoordinator:[129] - TaskGroupCoordinator round time cost: 0/ms
[INFO] 2025-10-13 12:44:13.914 +0800 o.a.d.s.m.c.IdSlotBasedCommandFetcher:[67] - Fetch commands: 0 success, cost: 0ms, totalSlot: 1, currentSlotIndex: 0
[INFO] 2025-10-13 12:44:14.987 +0800 o.a.d.s.m.c.IdSlotBasedCommandFetcher:[67] - Fetch commands: 0 success, cost: 0ms, totalSlot: 1, currentSlotIndex: 0
[INFO] 2025-10-13 12:44:16.057 +0800 o.a.d.s.m.c.IdSlotBasedCommandFetcher:[67] - Fetch commands: 0 success, cost: 0ms, totalSlot: 1, currentSlotIndex: 0
[INFO] 2025-10-13 12:44:17.136 +0800 o.a.d.s.m.c.IdSlotBasedCommandFetcher:[67] - Fetch commands: 0 success, cost: 0ms, totalSlot: 1, currentSlotIndex: 0
[INFO] 2025-10-13 12:44:18.208 +0800 o.a.d.s.m.c.IdSlotBasedCommandFetcher:[67] - Fetch commands: 0 success, cost: 0ms, totalSlot: 1, currentSlotIndex: 0
[INFO] 2025-10-13 12:44:18.351 +0800 o.a.d.s.m.r.t.TaskGroupCoordinator:[187] - Success amend TaskGroupQueue status cost: 0/ms
[INFO] 2025-10-13 12:44:18.352 +0800 o.a.d.s.m.r.t.TaskGroupCoordinator:[241] - Success deal with force start TaskGroupQueue cost: 0/ms
[INFO] 2025-10-13 12:44:18.352 +0800 o.a.d.s.m.r.t.TaskGroupCoordinator:[129] - TaskGroupCoordinator round time cost: 0/ms
[INFO] 2025-10-13 12:44:19.410 +0800 o.a.d.s.m.c.IdSlotBasedCommandFetcher:[67] - Fetch commands: 0 success, cost: 0ms, totalSlot: 1, currentSlotIndex: 0
[INFO] 2025-10-13 12:44:20.411 +0800 o.a.d.s.m.c.IdSlotBasedCommandFetcher:[67] - Fetch commands: 0 success, cost: 0ms, totalSlot: 1, currentSlotIndex: 0
[INFO] 2025-10-13 12:44:21.411 +0800 o.a.d.s.m.c.IdSlotBasedCommandFetcher:[67] - Fetch commands: 0 success, cost: 0ms, totalSlot: 1, currentSlotIndex: 0
[INFO] 2025-10-13 12:44:22.411 +0800 o.a.d.s.m.c.IdSlotBasedCommandFetcher:[67] - Fetch commands: 0 success, cost: 0ms, totalSlot: 1, currentSlotIndex: 0
[INFO] 2025-10-13 12:44:23.355 +0800 o.a.d.s.m.r.t.TaskGroupCoordinator:[187] - Success amend TaskGroupQueue status cost: 0/ms
[INFO] 2025-10-13 12:44:23.356 +0800 o.a.d.s.m.r.t.TaskGroupCoordinator:[241] - Success deal with force start TaskGroupQueue cost: 0/ms
[INFO] 2025-10-13 12:44:23.356 +0800 o.a.d.s.m.r.t.TaskGroupCoordinator:[129] - TaskGroupCoordinator round time cost: 0/ms
[INFO] 2025-10-13 12:44:23.412 +0800 o.a.d.s.m.c.IdSlotBasedCommandFetcher:[67] - Fetch commands: 0 success, cost: 0ms, totalSlot: 1, currentSlotIndex: 0
[INFO] 2025-10-13 12:44:24.413 +0800 o.a.d.s.m.c.IdSlotBasedCommandFetcher:[67] - Fetch commands: 0 success, cost: 0ms, totalSlot: 1, currentSlotIndex: 0
[INFO] 2025-10-13 12:44:25.414 +0800 o.a.d.s.m.c.IdSlotBasedCommandFetcher:[67] - Fetch commands: 0 success, cost: 0ms, totalSlot: 1, currentSlotIndex: 0
[INFO] 2025-10-13 12:44:26.414 +0800 o.a.d.s.m.c.IdSlotBasedCommandFetcher:[67] - Fetch commands: 0 success, cost: 0ms, totalSlot: 1, currentSlotIndex: 0
[INFO] 2025-10-13 12:44:27.415 +0800 o.a.d.s.m.c.IdSlotBasedCommandFetcher:[67] - Fetch commands: 0 success, cost: 0ms, totalSlot: 1, currentSlotIndex: 0
[INFO] 2025-10-13 12:44:28.366 +0800 o.a.d.s.m.r.t.TaskGroupCoordinator:[187] - Success amend TaskGroupQueue status cost: 0/ms
[INFO] 2025-10-13 12:44:28.366 +0800 o.a.d.s.m.r.t.TaskGroupCoordinator:[241] - Success deal with force start TaskGroupQueue cost: 0/ms
[INFO] 2025-10-13 12:44:28.366 +0800 o.a.d.s.m.r.t.TaskGroupCoordinator:[129] - TaskGroupCoordinator round time cost: 0/ms
[INFO] 2025-10-13 12:44:28.428 +0800 o.a.d.s.m.c.IdSlotBasedCommandFetcher:[67] - Fetch commands: 0 success, cost: 0ms, totalSlot: 1, currentSlotIndex: 0
[INFO] 2025-10-13 12:44:29.429 +0800 o.a.d.s.m.c.IdSlotBasedCommandFetcher:[67] - Fetch commands: 0 success, cost: 0ms, totalSlot: 1, currentSlotIndex: 0
[INFO] 2025-10-13 12:44:30.437 +0800 o.a.d.s.m.c.IdSlotBasedCommandFetcher:[67] - Fetch commands: 0 success, cost: 0ms, totalSlot: 1, currentSlotIndex: 0
[INFO] 2025-10-13 12:44:31.446 +0800 o.a.d.s.m.c.IdSlotBasedCommandFetcher:[67] - Fetch commands: 0 success, cost: 0ms, totalSlot: 1, currentSlotIndex: 0
[INFO] 2025-10-13 12:44:32.447 +0800 o.a.d.s.m.c.IdSlotBasedCommandFetcher:[67] - Fetch commands: 0 success, cost: 0ms, totalSlot: 1, currentSlotIndex: 0
[INFO] 2025-10-13 12:44:33.375 +0800 o.a.d.s.m.r.t.TaskGroupCoordinator:[187] - Success amend TaskGroupQueue status cost: 0/ms
[INFO] 2025-10-13 12:44:33.376 +0800 o.a.d.s.m.r.t.TaskGroupCoordinator:[241] - Success deal with force start TaskGroupQueue cost: 0/ms
[INFO] 2025-10-13 12:44:33.376 +0800 o.a.d.s.m.r.t.TaskGroupCoordinator:[129] - TaskGroupCoordinator round time cost: 0/ms
[INFO] 2025-10-13 12:44:33.664 +0800 o.a.d.s.m.c.IdSlotBasedCommandFetcher:[67] - Fetch commands: 0 success, cost: 0ms, totalSlot: 1, currentSlotIndex: 0
[INFO] 2025-10-13 12:44:34.665 +0800 o.a.d.s.m.c.IdSlotBasedCommandFetcher:[67] - Fetch commands: 0 success, cost: 0ms, totalSlot: 1, currentSlotIndex: 0
[INFO] 2025-10-13 12:44:35.665 +0800 o.a.d.s.m.c.IdSlotBasedCommandFetcher:[67] - Fetch commands: 0 success, cost: 0ms, totalSlot: 1, currentSlotIndex: 0
[INFO] 2025-10-13 12:44:36.666 +0800 o.a.d.s.m.c.IdSlotBasedCommandFetcher:[67] - Fetch commands: 0 success, cost: 0ms, totalSlot: 1, currentSlotIndex: 0
[INFO] 2025-10-13 12:44:37.667 +0800 o.a.d.s.m.c.IdSlotBasedCommandFetcher:[67] - Fetch commands: 0 success, cost: 0ms, totalSlot: 1, currentSlotIndex: 0
[INFO] 2025-10-13 12:44:38.379 +0800 o.a.d.s.m.r.t.TaskGroupCoordinator:[187] - Success amend TaskGroupQueue status cost: 0/ms
[INFO] 2025-10-13 12:44:38.380 +0800 o.a.d.s.m.r.t.TaskGroupCoordinator:[241] - Success deal with force start TaskGroupQueue cost: 0/ms
[INFO] 2025-10-13 12:44:38.380 +0800 o.a.d.s.m.r.t.TaskGroupCoordinator:[129] - TaskGroupCoordinator round time cost: 0/ms
[INFO] 2025-10-13 12:44:38.668 +0800 o.a.d.s.m.c.IdSlotBasedCommandFetcher:[67] - Fetch commands: 0 success, cost: 0ms, totalSlot: 1, currentSlotIndex: 0
[INFO] 2025-10-13 12:44:39.669 +0800 o.a.d.s.m.c.IdSlotBasedCommandFetcher:[67] - Fetch commands: 0 success, cost: 0ms, totalSlot: 1, currentSlotIndex: 0
[INFO] 2025-10-13 12:44:40.669 +0800 o.a.d.s.m.c.IdSlotBasedCommandFetcher:[67] - Fetch commands: 0 success, cost: 0ms, totalSlot: 1, currentSlotIndex: 0
[INFO] 2025-10-13 12:44:41.669 +0800 o.a.d.s.m.c.IdSlotBasedCommandFetcher:[67] - Fetch commands: 0 success, cost: 0ms, totalSlot: 1, currentSlotIndex: 0
[INFO] 2025-10-13 12:44:42.669 +0800 o.a.d.s.m.c.IdSlotBasedCommandFetcher:[67] - Fetch commands: 0 success, cost: 0ms, totalSlot: 1, currentSlotIndex: 0
[INFO] 2025-10-13 12:44:43.387 +0800 o.a.d.s.m.r.t.TaskGroupCoordinator:[187] - Success amend TaskGroupQueue status cost: 0/ms
[INFO] 2025-10-13 12:44:43.387 +0800 o.a.d.s.m.r.t.TaskGroupCoordinator:[241] - Success deal with force start TaskGroupQueue cost: 0/ms
[INFO] 2025-10-13 12:44:43.387 +0800 o.a.d.s.m.r.t.TaskGroupCoordinator:[129] - TaskGroupCoordinator round time cost: 0/ms
[INFO] 2025-10-13 12:44:43.670 +0800 o.a.d.s.m.c.IdSlotBasedCommandFetcher:[67] - Fetch commands: 0 success, cost: 0ms, totalSlot: 1, currentSlotIndex: 0
[INFO] 2025-10-13 12:44:44.670 +0800 o.a.d.s.m.c.IdSlotBasedCommandFetcher:[67] - Fetch commands: 0 success, cost: 0ms, totalSlot: 1, currentSlotIndex: 0
[INFO] 2025-10-13 12:44:45.671 +0800 o.a.d.s.m.c.IdSlotBasedCommandFetcher:[67] - Fetch commands: 0 success, cost: 0ms, totalSlot: 1, currentSlotIndex: 0
[INFO] 2025-10-13 12:44:46.672 +0800 o.a.d.s.m.c.IdSlotBasedCommandFetcher:[67] - Fetch commands: 0 success, cost: 0ms, totalSlot: 1, currentSlotIndex: 0
[INFO] 2025-10-13 12:44:47.924 +0800 o.a.d.s.m.c.IdSlotBasedCommandFetcher:[67] - Fetch commands: 0 success, cost: 0ms, totalSlot: 1, currentSlotIndex: 0
[INFO] 2025-10-13 12:44:48.393 +0800 o.a.d.s.m.r.t.TaskGroupCoordinator:[187] - Success amend TaskGroupQueue status cost: 0/ms
[INFO] 2025-10-13 12:44:48.393 +0800 o.a.d.s.m.r.t.TaskGroupCoordinator:[241] - Success deal with force start TaskGroupQueue cost: 0/ms
[INFO] 2025-10-13 12:44:48.393 +0800 o.a.d.s.m.r.t.TaskGroupCoordinator:[129] - TaskGroupCoordinator round time cost: 0/ms
[INFO] 2025-10-13 12:44:48.931 +0800 o.a.d.s.m.c.IdSlotBasedCommandFetcher:[67] - Fetch commands: 0 success, cost: 0ms, totalSlot: 1, currentSlotIndex: 0
[INFO] 2025-10-13 12:44:49.931 +0800 o.a.d.s.m.c.IdSlotBasedCommandFetcher:[67] - Fetch commands: 0 success, cost: 0ms, totalSlot: 1, currentSlotIndex: 0
[INFO] 2025-10-13 12:44:50.938 +0800 o.a.d.s.m.c.IdSlotBasedCommandFetcher:[67] - Fetch commands: 0 success, cost: 0ms, totalSlot: 1, currentSlotIndex: 0
[INFO] 2025-10-13 12:44:51.938 +0800 o.a.d.s.m.c.IdSlotBasedCommandFetcher:[67] - Fetch commands: 0 success, cost: 0ms, totalSlot: 1, currentSlotIndex: 0
[INFO] 2025-10-13 12:44:52.938 +0800 o.a.d.s.m.c.IdSlotBasedCommandFetcher:[67] - Fetch commands: 0 success, cost: 0ms, totalSlot: 1, currentSlotIndex: 0
[INFO] 2025-10-13 12:44:53.408 +0800 o.a.d.s.m.r.t.TaskGroupCoordinator:[187] - Success amend TaskGroupQueue status cost: 0/ms
[INFO] 2025-10-13 12:44:53.408 +0800 o.a.d.s.m.r.t.TaskGroupCoordinator:[241] - Success deal with force start TaskGroupQueue cost: 0/ms
[INFO] 2025-10-13 12:44:53.408 +0800 o.a.d.s.m.r.t.TaskGroupCoordinator:[129] - TaskGroupCoordinator round time cost: 0/ms
[INFO] 2025-10-13 12:44:53.938 +0800 o.a.d.s.m.c.IdSlotBasedCommandFetcher:[67] - Fetch commands: 0 success, cost: 0ms, totalSlot: 1, currentSlotIndex: 0
[INFO] 2025-10-13 12:44:54.939 +0800 o.a.d.s.m.c.IdSlotBasedCommandFetcher:[67] - Fetch commands: 0 success, cost: 0ms, totalSlot: 1, currentSlotIndex: 0
[INFO] 2025-10-13 12:44:55.939 +0800 o.a.d.s.m.c.IdSlotBasedCommandFetcher:[67] - Fetch commands: 0 success, cost: 0ms, totalSlot: 1, currentSlotIndex: 0
[INFO] 2025-10-13 12:44:56.939 +0800 o.a.d.s.m.c.IdSlotBasedCommandFetcher:[67] - Fetch commands: 0 success, cost: 0ms, totalSlot: 1, currentSlotIndex: 0
[INFO] 2025-10-13 12:44:57.940 +0800 o.a.d.s.m.c.IdSlotBasedCommandFetcher:[67] - Fetch commands: 0 success, cost: 0ms, totalSlot: 1, currentSlotIndex: 0
[INFO] 2025-10-13 12:44:58.414 +0800 o.a.d.s.m.r.t.TaskGroupCoordinator:[187] - Success amend TaskGroupQueue status cost: 0/ms
[INFO] 2025-10-13 12:44:58.415 +0800 o.a.d.s.m.r.t.TaskGroupCoordinator:[241] - Success deal with force start TaskGroupQueue cost: 0/ms
[INFO] 2025-10-13 12:44:58.415 +0800 o.a.d.s.m.r.t.TaskGroupCoordinator:[129] - TaskGroupCoordinator round time cost: 0/ms
[INFO] 2025-10-13 12:44:58.940 +0800 o.a.d.s.m.c.IdSlotBasedCommandFetcher:[67] - Fetch commands: 0 success, cost: 0ms, totalSlot: 1, currentSlotIndex: 0
[INFO] 2025-10-13 12:44:59.941 +0800 o.a.d.s.m.c.IdSlotBasedCommandFetcher:[67] - Fetch commands: 0 success, cost: 0ms, totalSlot: 1, currentSlotIndex: 0
[INFO] 2025-10-13 12:45:00.941 +0800 o.a.d.s.m.c.IdSlotBasedCommandFetcher:[67] - Fetch commands: 0 success, cost: 0ms, totalSlot: 1, currentSlotIndex: 0
[INFO] 2025-10-13 12:45:02.135 +0800 o.a.d.s.m.c.IdSlotBasedCommandFetcher:[67] - Fetch commands: 0 success, cost: 0ms, totalSlot: 1, currentSlotIndex: 0
[INFO] 2025-10-13 12:45:03.206 +0800 o.a.d.s.m.c.IdSlotBasedCommandFetcher:[67] - Fetch commands: 0 success, cost: 0ms, totalSlot: 1, currentSlotIndex: 0
[INFO] 2025-10-13 12:45:03.420 +0800 o.a.d.s.m.r.t.TaskGroupCoordinator:[187] - Success amend TaskGroupQueue status cost: 0/ms
[INFO] 2025-10-13 12:45:03.420 +0800 o.a.d.s.m.r.t.TaskGroupCoordinator:[241] - Success deal with force start TaskGroupQueue cost: 0/ms
[INFO] 2025-10-13 12:45:03.421 +0800 o.a.d.s.m.r.t.TaskGroupCoordinator:[129] - TaskGroupCoordinator round time cost: 0/ms
[INFO] 2025-10-13 12:45:04.278 +0800 o.a.d.s.m.c.IdSlotBasedCommandFetcher:[67] - Fetch commands: 0 success, cost: 0ms, totalSlot: 1, currentSlotIndex: 0
[INFO] 2025-10-13 12:45:05.353 +0800 o.a.d.s.m.c.IdSlotBasedCommandFetcher:[67] - Fetch commands: 0 success, cost: 0ms, totalSlot: 1, currentSlotIndex: 0
[INFO] 2025-10-13 12:45:06.434 +0800 o.a.d.s.m.c.IdSlotBasedCommandFetcher:[67] - Fetch commands: 0 success, cost: 0ms, totalSlot: 1, currentSlotIndex: 0
[INFO] 2025-10-13 12:45:07.504 +0800 o.a.d.s.m.c.IdSlotBasedCommandFetcher:[67] - Fetch commands: 0 success, cost: 0ms, totalSlot: 1, currentSlotIndex: 0
[INFO] 2025-10-13 12:45:08.424 +0800 o.a.d.s.m.r.t.TaskGroupCoordinator:[187] - Success amend TaskGroupQueue status cost: 0/ms
[INFO] 2025-10-13 12:45:08.424 +0800 o.a.d.s.m.r.t.TaskGroupCoordinator:[241] - Success deal with force start TaskGroupQueue cost: 0/ms
[INFO] 2025-10-13 12:45:08.424 +0800 o.a.d.s.m.r.t.TaskGroupCoordinator:[129] - TaskGroupCoordinator round time cost: 0/ms
[INFO] 2025-10-13 12:45:08.576 +0800 o.a.d.s.m.c.IdSlotBasedCommandFetcher:[67] - Fetch commands: 0 success, cost: 0ms, totalSlot: 1, currentSlotIndex: 0
[INFO] 2025-10-13 12:45:09.664 +0800 o.a.d.s.m.c.IdSlotBasedCommandFetcher:[67] - Fetch commands: 0 success, cost: 0ms, totalSlot: 1, currentSlotIndex: 0
[INFO] 2025-10-13 12:45:10.738 +0800 o.a.d.s.m.c.IdSlotBasedCommandFetcher:[67] - Fetch commands: 0 success, cost: 0ms, totalSlot: 1, currentSlotIndex: 0
[INFO] 2025-10-13 12:45:11.811 +0800 o.a.d.s.m.c.IdSlotBasedCommandFetcher:[67] - Fetch commands: 0 success, cost: 0ms, totalSlot: 1, currentSlotIndex: 0
[INFO] 2025-10-13 12:45:12.887 +0800 o.a.d.s.m.c.IdSlotBasedCommandFetcher:[67] - Fetch commands: 0 success, cost: 0ms, totalSlot: 1, currentSlotIndex: 0
[INFO] 2025-10-13 12:45:13.429 +0800 o.a.d.s.m.r.t.TaskGroupCoordinator:[187] - Success amend TaskGroupQueue status cost: 0/ms
[INFO] 2025-10-13 12:45:13.429 +0800 o.a.d.s.m.r.t.TaskGroupCoordinator:[241] - Success deal with force start TaskGroupQueue cost: 0/ms
[INFO] 2025-10-13 12:45:13.429 +0800 o.a.d.s.m.r.t.TaskGroupCoordinator:[129] - TaskGroupCoordinator round time cost: 0/ms
[INFO] 2025-10-13 12:45:13.960 +0800 o.a.d.s.m.c.IdSlotBasedCommandFetcher:[67] - Fetch commands: 0 success, cost: 0ms, totalSlot: 1, currentSlotIndex: 0
[INFO] 2025-10-13 12:45:14.960 +0800 o.a.d.s.m.c.IdSlotBasedCommandFetcher:[67] - Fetch commands: 0 success, cost: 0ms, totalSlot: 1, currentSlotIndex: 0
[INFO] 2025-10-13 12:45:15.961 +0800 o.a.d.s.m.c.IdSlotBasedCommandFetcher:[67] - Fetch commands: 0 success, cost: 0ms, totalSlot: 1, currentSlotIndex: 0
[INFO] 2025-10-13 12:45:16.962 +0800 o.a.d.s.m.c.IdSlotBasedCommandFetcher:[67] - Fetch commands: 0 success, cost: 0ms, totalSlot: 1, currentSlotIndex: 0
[INFO] 2025-10-13 12:45:17.976 +0800 o.a.d.s.m.c.IdSlotBasedCommandFetcher:[67] - Fetch commands: 0 success, cost: 0ms, totalSlot: 1, currentSlotIndex: 0
[INFO] 2025-10-13 12:45:18.434 +0800 o.a.d.s.m.r.t.TaskGroupCoordinator:[187] - Success amend TaskGroupQueue status cost: 0/ms
[INFO] 2025-10-13 12:45:18.434 +0800 o.a.d.s.m.r.t.TaskGroupCoordinator:[241] - Success deal with force start TaskGroupQueue cost: 0/ms
[INFO] 2025-10-13 12:45:18.435 +0800 o.a.d.s.m.r.t.TaskGroupCoordinator:[129] - TaskGroupCoordinator round time cost: 0/ms
[INFO] 2025-10-13 12:45:18.976 +0800 o.a.d.s.m.c.IdSlotBasedCommandFetcher:[67] - Fetch commands: 0 success, cost: 0ms, totalSlot: 1, currentSlotIndex: 0
[INFO] 2025-10-13 12:45:19.977 +0800 o.a.d.s.m.c.IdSlotBasedCommandFetcher:[67] - Fetch commands: 0 success, cost: 0ms, totalSlot: 1, currentSlotIndex: 0
[INFO] 2025-10-13 12:45:20.978 +0800 o.a.d.s.m.c.IdSlotBasedCommandFetcher:[67] - Fetch commands: 0 success, cost: 0ms, totalSlot: 1, currentSlotIndex: 0
[INFO] 2025-10-13 12:45:21.979 +0800 o.a.d.s.m.c.IdSlotBasedCommandFetcher:[67] - Fetch commands: 0 success, cost: 0ms, totalSlot: 1, currentSlotIndex: 0
[INFO] 2025-10-13 12:45:22.988 +0800 o.a.d.s.m.c.IdSlotBasedCommandFetcher:[67] - Fetch commands: 0 success, cost: 0ms, totalSlot: 1, currentSlotIndex: 0
[INFO] 2025-10-13 12:45:23.439 +0800 o.a.d.s.m.r.t.TaskGroupCoordinator:[187] - Success amend TaskGroupQueue status cost: 0/ms
[INFO] 2025-10-13 12:45:23.439 +0800 o.a.d.s.m.r.t.TaskGroupCoordinator:[241] - Success deal with force start TaskGroupQueue cost: 0/ms
[INFO] 2025-10-13 12:45:23.439 +0800 o.a.d.s.m.r.t.TaskGroupCoordinator:[129] - TaskGroupCoordinator round time cost: 0/ms
[INFO] 2025-10-13 12:45:23.988 +0800 o.a.d.s.m.c.IdSlotBasedCommandFetcher:[67] - Fetch commands: 0 success, cost: 0ms, totalSlot: 1, currentSlotIndex: 0
[INFO] 2025-10-13 12:45:25.000 +0800 o.a.d.s.m.c.IdSlotBasedCommandFetcher:[67] - Fetch commands: 0 success, cost: 0ms, totalSlot: 1, currentSlotIndex: 0
[INFO] 2025-10-13 12:45:26.001 +0800 o.a.d.s.m.c.IdSlotBasedCommandFetcher:[67] - Fetch commands: 0 success, cost: 0ms, totalSlot: 1, currentSlotIndex: 0
[INFO] 2025-10-13 12:45:27.076 +0800 o.a.d.s.m.c.IdSlotBasedCommandFetcher:[67] - Fetch commands: 0 success, cost: 0ms, totalSlot: 1, currentSlotIndex: 0
[INFO] 2025-10-13 12:45:28.140 +0800 o.a.d.s.m.c.IdSlotBasedCommandFetcher:[67] - Fetch commands: 0 success, cost: 0ms, totalSlot: 1, currentSlotIndex: 0
[INFO] 2025-10-13 12:45:28.446 +0800 o.a.d.s.m.r.t.TaskGroupCoordinator:[187] - Success amend TaskGroupQueue status cost: 0/ms
[INFO] 2025-10-13 12:45:28.446 +0800 o.a.d.s.m.r.t.TaskGroupCoordinator:[241] - Success deal with force start TaskGroupQueue cost: 0/ms
[INFO] 2025-10-13 12:45:28.446 +0800 o.a.d.s.m.r.t.TaskGroupCoordinator:[129] - TaskGroupCoordinator round time cost: 0/ms
[INFO] 2025-10-13 12:45:29.344 +0800 o.a.d.s.m.c.IdSlotBasedCommandFetcher:[67] - Fetch commands: 0 success, cost: 0ms, totalSlot: 1, currentSlotIndex: 0
[INFO] 2025-10-13 12:45:30.345 +0800 o.a.d.s.m.c.IdSlotBasedCommandFetcher:[67] - Fetch commands: 0 success, cost: 0ms, totalSlot: 1, currentSlotIndex: 0
[INFO] 2025-10-13 12:45:31.346 +0800 o.a.d.s.m.c.IdSlotBasedCommandFetcher:[67] - Fetch commands: 0 success, cost: 0ms, totalSlot: 1, currentSlotIndex: 0
[INFO] 2025-10-13 12:45:32.346 +0800 o.a.d.s.m.c.IdSlotBasedCommandFetcher:[67] - Fetch commands: 0 success, cost: 0ms, totalSlot: 1, currentSlotIndex: 0
[INFO] 2025-10-13 12:45:33.346 +0800 o.a.d.s.m.c.IdSlotBasedCommandFetcher:[67] - Fetch commands: 0 success, cost: 0ms, totalSlot: 1, currentSlotIndex: 0
[INFO] 2025-10-13 12:45:33.453 +0800 o.a.d.s.m.r.t.TaskGroupCoordinator:[187] - Success amend TaskGroupQueue status cost: 0/ms
[INFO] 2025-10-13 12:45:33.454 +0800 o.a.d.s.m.r.t.TaskGroupCoordinator:[241] - Success deal with force start TaskGroupQueue cost: 0/ms
[INFO] 2025-10-13 12:45:33.454 +0800 o.a.d.s.m.r.t.TaskGroupCoordinator:[129] - TaskGroupCoordinator round time cost: 0/ms
[INFO] 2025-10-13 12:45:34.347 +0800 o.a.d.s.m.c.IdSlotBasedCommandFetcher:[67] - Fetch commands: 0 success, cost: 0ms, totalSlot: 1, currentSlotIndex: 0
[INFO] 2025-10-13 12:45:35.348 +0800 o.a.d.s.m.c.IdSlotBasedCommandFetcher:[67] - Fetch commands: 0 success, cost: 0ms, totalSlot: 1, currentSlotIndex: 0
[INFO] 2025-10-13 12:45:36.348 +0800 o.a.d.s.m.c.IdSlotBasedCommandFetcher:[67] - Fetch commands: 0 success, cost: 0ms, totalSlot: 1, currentSlotIndex: 0
[INFO] 2025-10-13 12:45:37.349 +0800 o.a.d.s.m.c.IdSlotBasedCommandFetcher:[67] - Fetch commands: 0 success, cost: 0ms, totalSlot: 1, currentSlotIndex: 0
[INFO] 2025-10-13 12:45:38.360 +0800 o.a.d.s.m.c.IdSlotBasedCommandFetcher:[67] - Fetch commands: 0 success, cost: 0ms, totalSlot: 1, currentSlotIndex: 0
[INFO] 2025-10-13 12:45:38.458 +0800 o.a.d.s.m.r.t.TaskGroupCoordinator:[187] - Success amend TaskGroupQueue status cost: 0/ms
[INFO] 2025-10-13 12:45:38.459 +0800 o.a.d.s.m.r.t.TaskGroupCoordinator:[241] - Success deal with force start TaskGroupQueue cost: 0/ms
[INFO] 2025-10-13 12:45:38.459 +0800 o.a.d.s.m.r.t.TaskGroupCoordinator:[129] - TaskGroupCoordinator round time cost: 0/ms
[INFO] 2025-10-13 12:45:39.361 +0800 o.a.d.s.m.c.IdSlotBasedCommandFetcher:[67] - Fetch commands: 0 success, cost: 0ms, totalSlot: 1, currentSlotIndex: 0
[INFO] 2025-10-13 12:45:40.372 +0800 o.a.d.s.m.c.IdSlotBasedCommandFetcher:[67] - Fetch commands: 0 success, cost: 0ms, totalSlot: 1, currentSlotIndex: 0
[INFO] 2025-10-13 12:45:41.372 +0800 o.a.d.s.m.c.IdSlotBasedCommandFetcher:[67] - Fetch commands: 0 success, cost: 0ms, totalSlot: 1, currentSlotIndex: 0
[INFO] 2025-10-13 12:45:42.387 +0800 o.a.d.s.m.c.IdSlotBasedCommandFetcher:[67] - Fetch commands: 0 success, cost: 0ms, totalSlot: 1, currentSlotIndex: 0
[INFO] 2025-10-13 12:45:43.465 +0800 o.a.d.s.m.r.t.TaskGroupCoordinator:[187] - Success amend TaskGroupQueue status cost: 0/ms
[INFO] 2025-10-13 12:45:43.465 +0800 o.a.d.s.m.c.IdSlotBasedCommandFetcher:[67] - Fetch commands: 0 success, cost: 0ms, totalSlot: 1, currentSlotIndex: 0
[INFO] 2025-10-13 12:45:43.465 +0800 o.a.d.s.m.r.t.TaskGroupCoordinator:[241] - Success deal with force start TaskGroupQueue cost: 0/ms
[INFO] 2025-10-13 12:45:43.465 +0800 o.a.d.s.m.r.t.TaskGroupCoordinator:[129] - TaskGroupCoordinator round time cost: 0/ms
[INFO] 2025-10-13 12:45:44.536 +0800 o.a.d.s.m.c.IdSlotBasedCommandFetcher:[67] - Fetch commands: 0 success, cost: 0ms, totalSlot: 1, currentSlotIndex: 0
[INFO] 2025-10-13 12:45:45.609 +0800 o.a.d.s.m.c.IdSlotBasedCommandFetcher:[67] - Fetch commands: 0 success, cost: 0ms, totalSlot: 1, currentSlotIndex: 0
[INFO] 2025-10-13 12:45:46.680 +0800 o.a.d.s.m.c.IdSlotBasedCommandFetcher:[67] - Fetch commands: 0 success, cost: 0ms, totalSlot: 1, currentSlotIndex: 0
[INFO] 2025-10-13 12:45:47.750 +0800 o.a.d.s.m.c.IdSlotBasedCommandFetcher:[67] - Fetch commands: 0 success, cost: 0ms, totalSlot: 1, currentSlotIndex: 0
[INFO] 2025-10-13 12:45:48.470 +0800 o.a.d.s.m.r.t.TaskGroupCoordinator:[187] - Success amend TaskGroupQueue status cost: 0/ms
[INFO] 2025-10-13 12:45:48.470 +0800 o.a.d.s.m.r.t.TaskGroupCoordinator:[241] - Success deal with force start TaskGroupQueue cost: 0/ms
[INFO] 2025-10-13 12:45:48.470 +0800 o.a.d.s.m.r.t.TaskGroupCoordinator:[129] - TaskGroupCoordinator round time cost: 0/ms
[INFO] 2025-10-13 12:45:48.827 +0800 o.a.d.s.m.c.IdSlotBasedCommandFetcher:[67] - Fetch commands: 0 success, cost: 0ms, totalSlot: 1, currentSlotIndex: 0
[INFO] 2025-10-13 12:45:49.911 +0800 o.a.d.s.m.c.IdSlotBasedCommandFetcher:[67] - Fetch commands: 0 success, cost: 1ms, totalSlot: 1, currentSlotIndex: 0
[INFO] 2025-10-13 12:45:50.996 +0800 o.a.d.s.m.c.IdSlotBasedCommandFetcher:[67] - Fetch commands: 0 success, cost: 1ms, totalSlot: 1, currentSlotIndex: 0
[INFO] 2025-10-13 12:45:52.069 +0800 o.a.d.s.m.c.IdSlotBasedCommandFetcher:[67] - Fetch commands: 0 success, cost: 0ms, totalSlot: 1, currentSlotIndex: 0
[INFO] 2025-10-13 12:45:53.208 +0800 o.a.d.s.m.c.IdSlotBasedCommandFetcher:[67] - Fetch commands: 0 success, cost: 0ms, totalSlot: 1, currentSlotIndex: 0
[INFO] 2025-10-13 12:45:53.485 +0800 o.a.d.s.m.r.t.TaskGroupCoordinator:[187] - Success amend TaskGroupQueue status cost: 0/ms
[INFO] 2025-10-13 12:45:53.486 +0800 o.a.d.s.m.r.t.TaskGroupCoordinator:[241] - Success deal with force start TaskGroupQueue cost: 0/ms
[INFO] 2025-10-13 12:45:53.486 +0800 o.a.d.s.m.r.t.TaskGroupCoordinator:[129] - TaskGroupCoordinator round time cost: 0/ms
[INFO] 2025-10-13 12:45:54.212 +0800 o.a.d.s.m.c.IdSlotBasedCommandFetcher:[67] - Fetch commands: 0 success, cost: 0ms, totalSlot: 1, currentSlotIndex: 0
[INFO] 2025-10-13 12:45:55.213 +0800 o.a.d.s.m.c.IdSlotBasedCommandFetcher:[67] - Fetch commands: 0 success, cost: 0ms, totalSlot: 1, currentSlotIndex: 0
[INFO] 2025-10-13 12:45:56.213 +0800 o.a.d.s.m.c.IdSlotBasedCommandFetcher:[67] - Fetch commands: 0 success, cost: 0ms, totalSlot: 1, currentSlotIndex: 0
[INFO] 2025-10-13 12:45:57.215 +0800 o.a.d.s.m.c.IdSlotBasedCommandFetcher:[67] - Fetch commands: 0 success, cost: 0ms, totalSlot: 1, currentSlotIndex: 0
[INFO] 2025-10-13 12:45:58.215 +0800 o.a.d.s.m.c.IdSlotBasedCommandFetcher:[67] - Fetch commands: 0 success, cost: 0ms, totalSlot: 1, currentSlotIndex: 0
[INFO] 2025-10-13 12:45:58.501 +0800 o.a.d.s.m.r.t.TaskGroupCoordinator:[187] - Success amend TaskGroupQueue status cost: 0/ms
[INFO] 2025-10-13 12:45:58.501 +0800 o.a.d.s.m.r.t.TaskGroupCoordinator:[241] - Success deal with force start TaskGroupQueue cost: 0/ms
[INFO] 2025-10-13 12:45:58.501 +0800 o.a.d.s.m.r.t.TaskGroupCoordinator:[129] - TaskGroupCoordinator round time cost: 0/ms
[INFO] 2025-10-13 12:45:59.217 +0800 o.a.d.s.m.c.IdSlotBasedCommandFetcher:[67] - Fetch commands: 0 success, cost: 0ms, totalSlot: 1, currentSlotIndex: 0
[INFO] 2025-10-13 12:46:00.217 +0800 o.a.d.s.m.c.IdSlotBasedCommandFetcher:[67] - Fetch commands: 0 success, cost: 0ms, totalSlot: 1, currentSlotIndex: 0
[INFO] 2025-10-13 12:46:01.217 +0800 o.a.d.s.m.c.IdSlotBasedCommandFetcher:[67] - Fetch commands: 0 success, cost: 0ms, totalSlot: 1, currentSlotIndex: 0
[INFO] 2025-10-13 12:46:02.218 +0800 o.a.d.s.m.c.IdSlotBasedCommandFetcher:[67] - Fetch commands: 0 success, cost: 0ms, totalSlot: 1, currentSlotIndex: 0
[INFO] 2025-10-13 12:46:03.218 +0800 o.a.d.s.m.c.IdSlotBasedCommandFetcher:[67] - Fetch commands: 0 success, cost: 0ms, totalSlot: 1, currentSlotIndex: 0
[INFO] 2025-10-13 12:46:03.507 +0800 o.a.d.s.m.r.t.TaskGroupCoordinator:[187] - Success amend TaskGroupQueue status cost: 0/ms
[INFO] 2025-10-13 12:46:03.507 +0800 o.a.d.s.m.r.t.TaskGroupCoordinator:[241] - Success deal with force start TaskGroupQueue cost: 0/ms
[INFO] 2025-10-13 12:46:03.507 +0800 o.a.d.s.m.r.t.TaskGroupCoordinator:[129] - TaskGroupCoordinator round time cost: 0/ms
[INFO] 2025-10-13 12:46:04.219 +0800 o.a.d.s.m.c.IdSlotBasedCommandFetcher:[67] - Fetch commands: 0 success, cost: 0ms, totalSlot: 1, currentSlotIndex: 0
[INFO] 2025-10-13 12:46:05.219 +0800 o.a.d.s.m.c.IdSlotBasedCommandFetcher:[67] - Fetch commands: 0 success, cost: 0ms, totalSlot: 1, currentSlotIndex: 0
[INFO] 2025-10-13 12:46:06.367 +0800 o.a.d.s.m.c.IdSlotBasedCommandFetcher:[67] - Fetch commands: 0 success, cost: 0ms, totalSlot: 1, currentSlotIndex: 0
[INFO] 2025-10-13 12:46:07.438 +0800 o.a.d.s.m.c.IdSlotBasedCommandFetcher:[67] - Fetch commands: 0 success, cost: 0ms, totalSlot: 1, currentSlotIndex: 0
[INFO] 2025-10-13 12:46:08.508 +0800 o.a.d.s.m.c.IdSlotBasedCommandFetcher:[67] - Fetch commands: 0 success, cost: 0ms, totalSlot: 1, currentSlotIndex: 0
[INFO] 2025-10-13 12:46:08.512 +0800 o.a.d.s.m.r.t.TaskGroupCoordinator:[187] - Success amend TaskGroupQueue status cost: 0/ms
[INFO] 2025-10-13 12:46:08.512 +0800 o.a.d.s.m.r.t.TaskGroupCoordinator:[241] - Success deal with force start TaskGroupQueue cost: 0/ms
[INFO] 2025-10-13 12:46:08.512 +0800 o.a.d.s.m.r.t.TaskGroupCoordinator:[129] - TaskGroupCoordinator round time cost: 0/ms
[INFO] 2025-10-13 12:46:09.617 +0800 o.a.d.s.m.c.IdSlotBasedCommandFetcher:[67] - Fetch commands: 0 success, cost: 0ms, totalSlot: 1, currentSlotIndex: 0
[INFO] 2025-10-13 12:46:10.629 +0800 o.a.d.s.m.c.IdSlotBasedCommandFetcher:[67] - Fetch commands: 0 success, cost: 0ms, totalSlot: 1, currentSlotIndex: 0
[INFO] 2025-10-13 12:46:11.629 +0800 o.a.d.s.m.c.IdSlotBasedCommandFetcher:[67] - Fetch commands: 0 success, cost: 0ms, totalSlot: 1, currentSlotIndex: 0
[INFO] 2025-10-13 12:46:12.643 +0800 o.a.d.s.m.c.IdSlotBasedCommandFetcher:[67] - Fetch commands: 0 success, cost: 0ms, totalSlot: 1, currentSlotIndex: 0
[INFO] 2025-10-13 12:46:13.517 +0800 o.a.d.s.m.r.t.TaskGroupCoordinator:[187] - Success amend TaskGroupQueue status cost: 0/ms
[INFO] 2025-10-13 12:46:13.518 +0800 o.a.d.s.m.r.t.TaskGroupCoordinator:[241] - Success deal with force start TaskGroupQueue cost: 0/ms
[INFO] 2025-10-13 12:46:13.518 +0800 o.a.d.s.m.r.t.TaskGroupCoordinator:[129] - TaskGroupCoordinator round time cost: 0/ms
[INFO] 2025-10-13 12:46:13.643 +0800 o.a.d.s.m.c.IdSlotBasedCommandFetcher:[67] - Fetch commands: 0 success, cost: 0ms, totalSlot: 1, currentSlotIndex: 0
[INFO] 2025-10-13 12:46:14.656 +0800 o.a.d.s.m.c.IdSlotBasedCommandFetcher:[67] - Fetch commands: 0 success, cost: 0ms, totalSlot: 1, currentSlotIndex: 0
[INFO] 2025-10-13 12:46:15.656 +0800 o.a.d.s.m.c.IdSlotBasedCommandFetcher:[67] - Fetch commands: 0 success, cost: 0ms, totalSlot: 1, currentSlotIndex: 0
[INFO] 2025-10-13 12:46:16.656 +0800 o.a.d.s.m.c.IdSlotBasedCommandFetcher:[67] - Fetch commands: 0 success, cost: 0ms, totalSlot: 1, currentSlotIndex: 0
[INFO] 2025-10-13 12:46:17.667 +0800 o.a.d.s.m.c.IdSlotBasedCommandFetcher:[67] - Fetch commands: 0 success, cost: 0ms, totalSlot: 1, currentSlotIndex: 0
[INFO] 2025-10-13 12:46:18.524 +0800 o.a.d.s.m.r.t.TaskGroupCoordinator:[187] - Success amend TaskGroupQueue status cost: 0/ms
[INFO] 2025-10-13 12:46:18.524 +0800 o.a.d.s.m.r.t.TaskGroupCoordinator:[241] - Success deal with force start TaskGroupQueue cost: 0/ms
[INFO] 2025-10-13 12:46:18.524 +0800 o.a.d.s.m.r.t.TaskGroupCoordinator:[129] - TaskGroupCoordinator round time cost: 0/ms
[INFO] 2025-10-13 12:46:18.668 +0800 o.a.d.s.m.c.IdSlotBasedCommandFetcher:[67] - Fetch commands: 0 success, cost: 0ms, totalSlot: 1, currentSlotIndex: 0
[INFO] 2025-10-13 12:46:19.669 +0800 o.a.d.s.m.c.IdSlotBasedCommandFetcher:[67] - Fetch commands: 0 success, cost: 0ms, totalSlot: 1, currentSlotIndex: 0
[INFO] 2025-10-13 12:46:20.670 +0800 o.a.d.s.m.c.IdSlotBasedCommandFetcher:[67] - Fetch commands: 0 success, cost: 0ms, totalSlot: 1, currentSlotIndex: 0
[INFO] 2025-10-13 12:46:21.670 +0800 o.a.d.s.m.c.IdSlotBasedCommandFetcher:[67] - Fetch commands: 0 success, cost: 0ms, totalSlot: 1, currentSlotIndex: 0
[INFO] 2025-10-13 12:46:22.741 +0800 o.a.d.s.m.c.IdSlotBasedCommandFetcher:[67] - Fetch commands: 0 success, cost: 0ms, totalSlot: 1, currentSlotIndex: 0
[INFO] 2025-10-13 12:46:23.531 +0800 o.a.d.s.m.r.t.TaskGroupCoordinator:[187] - Success amend TaskGroupQueue status cost: 0/ms
[INFO] 2025-10-13 12:46:23.531 +0800 o.a.d.s.m.r.t.TaskGroupCoordinator:[241] - Success deal with force start TaskGroupQueue cost: 0/ms
[INFO] 2025-10-13 12:46:23.531 +0800 o.a.d.s.m.r.t.TaskGroupCoordinator:[129] - TaskGroupCoordinator round time cost: 0/ms
[INFO] 2025-10-13 12:46:23.807 +0800 o.a.d.s.m.c.IdSlotBasedCommandFetcher:[67] - Fetch commands: 0 success, cost: 0ms, totalSlot: 1, currentSlotIndex: 0
[INFO] 2025-10-13 12:46:24.885 +0800 o.a.d.s.m.c.IdSlotBasedCommandFetcher:[67] - Fetch commands: 0 success, cost: 0ms, totalSlot: 1, currentSlotIndex: 0
[INFO] 2025-10-13 12:46:25.959 +0800 o.a.d.s.m.c.IdSlotBasedCommandFetcher:[67] - Fetch commands: 0 success, cost: 0ms, totalSlot: 1, currentSlotIndex: 0
[INFO] 2025-10-13 12:46:27.024 +0800 o.a.d.s.m.c.IdSlotBasedCommandFetcher:[67] - Fetch commands: 0 success, cost: 0ms, totalSlot: 1, currentSlotIndex: 0
[INFO] 2025-10-13 12:46:28.096 +0800 o.a.d.s.m.c.IdSlotBasedCommandFetcher:[67] - Fetch commands: 0 success, cost: 0ms, totalSlot: 1, currentSlotIndex: 0
[INFO] 2025-10-13 12:46:28.536 +0800 o.a.d.s.m.r.t.TaskGroupCoordinator:[187] - Success amend TaskGroupQueue status cost: 0/ms
[INFO] 2025-10-13 12:46:28.536 +0800 o.a.d.s.m.r.t.TaskGroupCoordinator:[241] - Success deal with force start TaskGroupQueue cost: 0/ms
[INFO] 2025-10-13 12:46:28.536 +0800 o.a.d.s.m.r.t.TaskGroupCoordinator:[129] - TaskGroupCoordinator round time cost: 0/ms
[INFO] 2025-10-13 12:46:29.170 +0800 o.a.d.s.m.c.IdSlotBasedCommandFetcher:[67] - Fetch commands: 0 success, cost: 0ms, totalSlot: 1, currentSlotIndex: 0
[INFO] 2025-10-13 12:46:30.236 +0800 o.a.d.s.m.c.IdSlotBasedCommandFetcher:[67] - Fetch commands: 0 success, cost: 0ms, totalSlot: 1, currentSlotIndex: 0
[INFO] 2025-10-13 12:46:31.311 +0800 o.a.d.s.m.c.IdSlotBasedCommandFetcher:[67] - Fetch commands: 0 success, cost: 0ms, totalSlot: 1, currentSlotIndex: 0
[INFO] 2025-10-13 12:46:32.382 +0800 o.a.d.s.m.c.IdSlotBasedCommandFetcher:[67] - Fetch commands: 0 success, cost: 0ms, totalSlot: 1, currentSlotIndex: 0
[INFO] 2025-10-13 12:46:33.449 +0800 o.a.d.s.m.c.IdSlotBasedCommandFetcher:[67] - Fetch commands: 0 success, cost: 0ms, totalSlot: 1, currentSlotIndex: 0
[INFO] 2025-10-13 12:46:33.540 +0800 o.a.d.s.m.r.t.TaskGroupCoordinator:[187] - Success amend TaskGroupQueue status cost: 0/ms
[INFO] 2025-10-13 12:46:33.541 +0800 o.a.d.s.m.r.t.TaskGroupCoordinator:[241] - Success deal with force start TaskGroupQueue cost: 0/ms
[INFO] 2025-10-13 12:46:33.541 +0800 o.a.d.s.m.r.t.TaskGroupCoordinator:[129] - TaskGroupCoordinator round time cost: 0/ms
[INFO] 2025-10-13 12:46:34.523 +0800 o.a.d.s.m.c.IdSlotBasedCommandFetcher:[67] - Fetch commands: 0 success, cost: 0ms, totalSlot: 1, currentSlotIndex: 0
[INFO] 2025-10-13 12:46:35.662 +0800 o.a.d.s.m.c.IdSlotBasedCommandFetcher:[67] - Fetch commands: 0 success, cost: 0ms, totalSlot: 1, currentSlotIndex: 0
[INFO] 2025-10-13 12:46:36.663 +0800 o.a.d.s.m.c.IdSlotBasedCommandFetcher:[67] - Fetch commands: 0 success, cost: 0ms, totalSlot: 1, currentSlotIndex: 0
[INFO] 2025-10-13 12:46:37.664 +0800 o.a.d.s.m.c.IdSlotBasedCommandFetcher:[67] - Fetch commands: 0 success, cost: 0ms, totalSlot: 1, currentSlotIndex: 0
[INFO] 2025-10-13 12:46:38.546 +0800 o.a.d.s.m.r.t.TaskGroupCoordinator:[187] - Success amend TaskGroupQueue status cost: 0/ms
[INFO] 2025-10-13 12:46:38.547 +0800 o.a.d.s.m.r.t.TaskGroupCoordinator:[241] - Success deal with force start TaskGroupQueue cost: 0/ms
[INFO] 2025-10-13 12:46:38.547 +0800 o.a.d.s.m.r.t.TaskGroupCoordinator:[129] - TaskGroupCoordinator round time cost: 0/ms
[INFO] 2025-10-13 12:46:38.665 +0800 o.a.d.s.m.c.IdSlotBasedCommandFetcher:[67] - Fetch commands: 0 success, cost: 0ms, totalSlot: 1, currentSlotIndex: 0
[INFO] 2025-10-13 12:46:39.665 +0800 o.a.d.s.m.c.IdSlotBasedCommandFetcher:[67] - Fetch commands: 0 success, cost: 0ms, totalSlot: 1, currentSlotIndex: 0
[INFO] 2025-10-13 12:46:40.666 +0800 o.a.d.s.m.c.IdSlotBasedCommandFetcher:[67] - Fetch commands: 0 success, cost: 0ms, totalSlot: 1, currentSlotIndex: 0
[INFO] 2025-10-13 12:46:41.666 +0800 o.a.d.s.m.c.IdSlotBasedCommandFetcher:[67] - Fetch commands: 0 success, cost: 0ms, totalSlot: 1, currentSlotIndex: 0
[INFO] 2025-10-13 12:46:42.667 +0800 o.a.d.s.m.c.IdSlotBasedCommandFetcher:[67] - Fetch commands: 0 success, cost: 0ms, totalSlot: 1, currentSlotIndex: 0
[INFO] 2025-10-13 12:46:43.556 +0800 o.a.d.s.m.r.t.TaskGroupCoordinator:[187] - Success amend TaskGroupQueue status cost: 0/ms
[INFO] 2025-10-13 12:46:43.557 +0800 o.a.d.s.m.r.t.TaskGroupCoordinator:[241] - Success deal with force start TaskGroupQueue cost: 0/ms
[INFO] 2025-10-13 12:46:43.557 +0800 o.a.d.s.m.r.t.TaskGroupCoordinator:[129] - TaskGroupCoordinator round time cost: 0/ms
[INFO] 2025-10-13 12:46:43.667 +0800 o.a.d.s.m.c.IdSlotBasedCommandFetcher:[67] - Fetch commands: 0 success, cost: 0ms, totalSlot: 1, currentSlotIndex: 0
[INFO] 2025-10-13 12:46:44.668 +0800 o.a.d.s.m.c.IdSlotBasedCommandFetcher:[67] - Fetch commands: 0 success, cost: 0ms, totalSlot: 1, currentSlotIndex: 0
[INFO] 2025-10-13 12:46:45.669 +0800 o.a.d.s.m.c.IdSlotBasedCommandFetcher:[67] - Fetch commands: 0 success, cost: 0ms, totalSlot: 1, currentSlotIndex: 0
[INFO] 2025-10-13 12:46:46.669 +0800 o.a.d.s.m.c.IdSlotBasedCommandFetcher:[67] - Fetch commands: 0 success, cost: 0ms, totalSlot: 1, currentSlotIndex: 0
[INFO] 2025-10-13 12:46:47.670 +0800 o.a.d.s.m.c.IdSlotBasedCommandFetcher:[67] - Fetch commands: 0 success, cost: 0ms, totalSlot: 1, currentSlotIndex: 0
[INFO] 2025-10-13 12:46:48.561 +0800 o.a.d.s.m.r.t.TaskGroupCoordinator:[187] - Success amend TaskGroupQueue status cost: 0/ms
[INFO] 2025-10-13 12:46:48.561 +0800 o.a.d.s.m.r.t.TaskGroupCoordinator:[241] - Success deal with force start TaskGroupQueue cost: 0/ms
[INFO] 2025-10-13 12:46:48.561 +0800 o.a.d.s.m.r.t.TaskGroupCoordinator:[129] - TaskGroupCoordinator round time cost: 0/ms
[INFO] 2025-10-13 12:46:48.805 +0800 o.a.d.s.m.c.IdSlotBasedCommandFetcher:[67] - Fetch commands: 0 success, cost: 0ms, totalSlot: 1, currentSlotIndex: 0
[INFO] 2025-10-13 12:46:49.872 +0800 o.a.d.s.m.c.IdSlotBasedCommandFetcher:[67] - Fetch commands: 0 success, cost: 1ms, totalSlot: 1, currentSlotIndex: 0
[INFO] 2025-10-13 12:46:51.070 +0800 o.a.d.s.m.c.IdSlotBasedCommandFetcher:[67] - Fetch commands: 0 success, cost: 0ms, totalSlot: 1, currentSlotIndex: 0
[INFO] 2025-10-13 12:46:52.081 +0800 o.a.d.s.m.c.IdSlotBasedCommandFetcher:[67] - Fetch commands: 0 success, cost: 0ms, totalSlot: 1, currentSlotIndex: 0
[INFO] 2025-10-13 12:46:53.095 +0800 o.a.d.s.m.c.IdSlotBasedCommandFetcher:[67] - Fetch commands: 0 success, cost: 0ms, totalSlot: 1, currentSlotIndex: 0
[INFO] 2025-10-13 12:46:53.567 +0800 o.a.d.s.m.r.t.TaskGroupCoordinator:[187] - Success amend TaskGroupQueue status cost: 0/ms
[INFO] 2025-10-13 12:46:53.567 +0800 o.a.d.s.m.r.t.TaskGroupCoordinator:[241] - Success deal with force start TaskGroupQueue cost: 0/ms
[INFO] 2025-10-13 12:46:53.567 +0800 o.a.d.s.m.r.t.TaskGroupCoordinator:[129] - TaskGroupCoordinator round time cost: 0/ms
[INFO] 2025-10-13 12:46:54.105 +0800 o.a.d.s.m.c.IdSlotBasedCommandFetcher:[67] - Fetch commands: 0 success, cost: 0ms, totalSlot: 1, currentSlotIndex: 0
[INFO] 2025-10-13 12:46:55.106 +0800 o.a.d.s.m.c.IdSlotBasedCommandFetcher:[67] - Fetch commands: 0 success, cost: 0ms, totalSlot: 1, currentSlotIndex: 0
[INFO] 2025-10-13 12:46:56.114 +0800 o.a.d.s.m.c.IdSlotBasedCommandFetcher:[67] - Fetch commands: 0 success, cost: 0ms, totalSlot: 1, currentSlotIndex: 0
[INFO] 2025-10-13 12:46:57.114 +0800 o.a.d.s.m.c.IdSlotBasedCommandFetcher:[67] - Fetch commands: 0 success, cost: 0ms, totalSlot: 1, currentSlotIndex: 0
[INFO] 2025-10-13 12:46:58.115 +0800 o.a.d.s.m.c.IdSlotBasedCommandFetcher:[67] - Fetch commands: 0 success, cost: 0ms, totalSlot: 1, currentSlotIndex: 0
[INFO] 2025-10-13 12:46:58.571 +0800 o.a.d.s.m.r.t.TaskGroupCoordinator:[187] - Success amend TaskGroupQueue status cost: 0/ms
[INFO] 2025-10-13 12:46:58.571 +0800 o.a.d.s.m.r.t.TaskGroupCoordinator:[241] - Success deal with force start TaskGroupQueue cost: 0/ms
[INFO] 2025-10-13 12:46:58.571 +0800 o.a.d.s.m.r.t.TaskGroupCoordinator:[129] - TaskGroupCoordinator round time cost: 0/ms
[INFO] 2025-10-13 12:46:59.115 +0800 o.a.d.s.m.c.IdSlotBasedCommandFetcher:[67] - Fetch commands: 0 success, cost: 0ms, totalSlot: 1, currentSlotIndex: 0
[INFO] 2025-10-13 12:47:00.117 +0800 o.a.d.s.m.c.IdSlotBasedCommandFetcher:[67] - Fetch commands: 0 success, cost: 0ms, totalSlot: 1, currentSlotIndex: 0
[INFO] 2025-10-13 12:47:01.117 +0800 o.a.d.s.m.c.IdSlotBasedCommandFetcher:[67] - Fetch commands: 0 success, cost: 0ms, totalSlot: 1, currentSlotIndex: 0
[INFO] 2025-10-13 12:47:02.118 +0800 o.a.d.s.m.c.IdSlotBasedCommandFetcher:[67] - Fetch commands: 0 success, cost: 0ms, totalSlot: 1, currentSlotIndex: 0
[INFO] 2025-10-13 12:47:03.119 +0800 o.a.d.s.m.c.IdSlotBasedCommandFetcher:[67] - Fetch commands: 0 success, cost: 0ms, totalSlot: 1, currentSlotIndex: 0
[INFO] 2025-10-13 12:47:03.577 +0800 o.a.d.s.m.r.t.TaskGroupCoordinator:[187] - Success amend TaskGroupQueue status cost: 0/ms
[INFO] 2025-10-13 12:47:03.577 +0800 o.a.d.s.m.r.t.TaskGroupCoordinator:[241] - Success deal with force start TaskGroupQueue cost: 0/ms
[INFO] 2025-10-13 12:47:03.577 +0800 o.a.d.s.m.r.t.TaskGroupCoordinator:[129] - TaskGroupCoordinator round time cost: 0/ms
[INFO] 2025-10-13 12:47:04.119 +0800 o.a.d.s.m.c.IdSlotBasedCommandFetcher:[67] - Fetch commands: 0 success, cost: 0ms, totalSlot: 1, currentSlotIndex: 0
[INFO] 2025-10-13 12:47:05.300 +0800 o.a.d.s.m.c.IdSlotBasedCommandFetcher:[67] - Fetch commands: 0 success, cost: 0ms, totalSlot: 1, currentSlotIndex: 0
[INFO] 2025-10-13 12:47:06.301 +0800 o.a.d.s.m.c.IdSlotBasedCommandFetcher:[67] - Fetch commands: 0 success, cost: 0ms, totalSlot: 1, currentSlotIndex: 0
[INFO] 2025-10-13 12:47:07.301 +0800 o.a.d.s.m.c.IdSlotBasedCommandFetcher:[67] - Fetch commands: 0 success, cost: 0ms, totalSlot: 1, currentSlotIndex: 0
[INFO] 2025-10-13 12:47:08.311 +0800 o.a.d.s.m.c.IdSlotBasedCommandFetcher:[67] - Fetch commands: 0 success, cost: 0ms, totalSlot: 1, currentSlotIndex: 0
[INFO] 2025-10-13 12:47:08.584 +0800 o.a.d.s.m.r.t.TaskGroupCoordinator:[187] - Success amend TaskGroupQueue status cost: 0/ms
[INFO] 2025-10-13 12:47:08.584 +0800 o.a.d.s.m.r.t.TaskGroupCoordinator:[241] - Success deal with force start TaskGroupQueue cost: 0/ms
[INFO] 2025-10-13 12:47:08.584 +0800 o.a.d.s.m.r.t.TaskGroupCoordinator:[129] - TaskGroupCoordinator round time cost: 0/ms
[INFO] 2025-10-13 12:47:09.311 +0800 o.a.d.s.m.c.IdSlotBasedCommandFetcher:[67] - Fetch commands: 0 success, cost: 0ms, totalSlot: 1, currentSlotIndex: 0
[INFO] 2025-10-13 12:47:10.312 +0800 o.a.d.s.m.c.IdSlotBasedCommandFetcher:[67] - Fetch commands: 0 success, cost: 0ms, totalSlot: 1, currentSlotIndex: 0
[INFO] 2025-10-13 12:47:11.314 +0800 o.a.d.s.m.c.IdSlotBasedCommandFetcher:[67] - Fetch commands: 0 success, cost: 0ms, totalSlot: 1, currentSlotIndex: 0
[INFO] 2025-10-13 12:47:12.315 +0800 o.a.d.s.m.c.IdSlotBasedCommandFetcher:[67] - Fetch commands: 0 success, cost: 0ms, totalSlot: 1, currentSlotIndex: 0
[INFO] 2025-10-13 12:47:13.325 +0800 o.a.d.s.m.c.IdSlotBasedCommandFetcher:[67] - Fetch commands: 0 success, cost: 0ms, totalSlot: 1, currentSlotIndex: 0
[INFO] 2025-10-13 12:47:13.593 +0800 o.a.d.s.m.r.t.TaskGroupCoordinator:[187] - Success amend TaskGroupQueue status cost: 0/ms
[INFO] 2025-10-13 12:47:13.593 +0800 o.a.d.s.m.r.t.TaskGroupCoordinator:[241] - Success deal with force start TaskGroupQueue cost: 0/ms
[INFO] 2025-10-13 12:47:13.593 +0800 o.a.d.s.m.r.t.TaskGroupCoordinator:[129] - TaskGroupCoordinator round time cost: 0/ms
[INFO] 2025-10-13 12:47:14.326 +0800 o.a.d.s.m.c.IdSlotBasedCommandFetcher:[67] - Fetch commands: 0 success, cost: 0ms, totalSlot: 1, currentSlotIndex: 0
[INFO] 2025-10-13 12:47:15.326 +0800 o.a.d.s.m.c.IdSlotBasedCommandFetcher:[67] - Fetch commands: 0 success, cost: 0ms, totalSlot: 1, currentSlotIndex: 0
[INFO] 2025-10-13 12:47:16.337 +0800 o.a.d.s.m.c.IdSlotBasedCommandFetcher:[67] - Fetch commands: 0 success, cost: 0ms, totalSlot: 1, currentSlotIndex: 0
[INFO] 2025-10-13 12:47:17.338 +0800 o.a.d.s.m.c.IdSlotBasedCommandFetcher:[67] - Fetch commands: 0 success, cost: 0ms, totalSlot: 1, currentSlotIndex: 0
[INFO] 2025-10-13 12:47:18.498 +0800 o.a.d.s.m.c.IdSlotBasedCommandFetcher:[67] - Fetch commands: 0 success, cost: 0ms, totalSlot: 1, currentSlotIndex: 0
[INFO] 2025-10-13 12:47:18.599 +0800 o.a.d.s.m.r.t.TaskGroupCoordinator:[187] - Success amend TaskGroupQueue status cost: 0/ms
[INFO] 2025-10-13 12:47:18.599 +0800 o.a.d.s.m.r.t.TaskGroupCoordinator:[241] - Success deal with force start TaskGroupQueue cost: 0/ms
[INFO] 2025-10-13 12:47:18.599 +0800 o.a.d.s.m.r.t.TaskGroupCoordinator:[129] - TaskGroupCoordinator round time cost: 0/ms
[INFO] 2025-10-13 12:47:19.569 +0800 o.a.d.s.m.c.IdSlotBasedCommandFetcher:[67] - Fetch commands: 0 success, cost: 0ms, totalSlot: 1, currentSlotIndex: 0
[INFO] 2025-10-13 12:47:20.648 +0800 o.a.d.s.m.c.IdSlotBasedCommandFetcher:[67] - Fetch commands: 0 success, cost: 0ms, totalSlot: 1, currentSlotIndex: 0
[INFO] 2025-10-13 12:47:21.730 +0800 o.a.d.s.m.c.IdSlotBasedCommandFetcher:[67] - Fetch commands: 0 success, cost: 0ms, totalSlot: 1, currentSlotIndex: 0
[INFO] 2025-10-13 12:47:22.802 +0800 o.a.d.s.m.c.IdSlotBasedCommandFetcher:[67] - Fetch commands: 0 success, cost: 0ms, totalSlot: 1, currentSlotIndex: 0
[INFO] 2025-10-13 12:47:23.603 +0800 o.a.d.s.m.r.t.TaskGroupCoordinator:[187] - Success amend TaskGroupQueue status cost: 0/ms
[INFO] 2025-10-13 12:47:23.603 +0800 o.a.d.s.m.r.t.TaskGroupCoordinator:[241] - Success deal with force start TaskGroupQueue cost: 0/ms
[INFO] 2025-10-13 12:47:23.604 +0800 o.a.d.s.m.r.t.TaskGroupCoordinator:[129] - TaskGroupCoordinator round time cost: 0/ms
[INFO] 2025-10-13 12:47:23.882 +0800 o.a.d.s.m.c.IdSlotBasedCommandFetcher:[67] - Fetch commands: 0 success, cost: 0ms, totalSlot: 1, currentSlotIndex: 0
[INFO] 2025-10-13 12:47:24.956 +0800 o.a.d.s.m.c.IdSlotBasedCommandFetcher:[67] - Fetch commands: 0 success, cost: 0ms, totalSlot: 1, currentSlotIndex: 0
[INFO] 2025-10-13 12:47:26.070 +0800 o.a.d.s.m.c.IdSlotBasedCommandFetcher:[67] - Fetch commands: 0 success, cost: 0ms, totalSlot: 1, currentSlotIndex: 0
[INFO] 2025-10-13 12:47:27.071 +0800 o.a.d.s.m.c.IdSlotBasedCommandFetcher:[67] - Fetch commands: 0 success, cost: 0ms, totalSlot: 1, currentSlotIndex: 0
[INFO] 2025-10-13 12:47:28.071 +0800 o.a.d.s.m.c.IdSlotBasedCommandFetcher:[67] - Fetch commands: 0 success, cost: 0ms, totalSlot: 1, currentSlotIndex: 0
[INFO] 2025-10-13 12:47:28.608 +0800 o.a.d.s.m.r.t.TaskGroupCoordinator:[187] - Success amend TaskGroupQueue status cost: 0/ms
[INFO] 2025-10-13 12:47:28.609 +0800 o.a.d.s.m.r.t.TaskGroupCoordinator:[241] - Success deal with force start TaskGroupQueue cost: 0/ms
[INFO] 2025-10-13 12:47:28.609 +0800 o.a.d.s.m.r.t.TaskGroupCoordinator:[129] - TaskGroupCoordinator round time cost: 0/ms
[INFO] 2025-10-13 12:47:29.072 +0800 o.a.d.s.m.c.IdSlotBasedCommandFetcher:[67] - Fetch commands: 0 success, cost: 0ms, totalSlot: 1, currentSlotIndex: 0
[INFO] 2025-10-13 12:47:30.072 +0800 o.a.d.s.m.c.IdSlotBasedCommandFetcher:[67] - Fetch commands: 0 success, cost: 0ms, totalSlot: 1, currentSlotIndex: 0
[INFO] 2025-10-13 12:47:31.072 +0800 o.a.d.s.m.c.IdSlotBasedCommandFetcher:[67] - Fetch commands: 0 success, cost: 0ms, totalSlot: 1, currentSlotIndex: 0
[INFO] 2025-10-13 12:47:32.072 +0800 o.a.d.s.m.c.IdSlotBasedCommandFetcher:[67] - Fetch commands: 0 success, cost: 0ms, totalSlot: 1, currentSlotIndex: 0
[INFO] 2025-10-13 12:47:33.073 +0800 o.a.d.s.m.c.IdSlotBasedCommandFetcher:[67] - Fetch commands: 0 success, cost: 0ms, totalSlot: 1, currentSlotIndex: 0
[INFO] 2025-10-13 12:47:33.614 +0800 o.a.d.s.m.r.t.TaskGroupCoordinator:[187] - Success amend TaskGroupQueue status cost: 0/ms
[INFO] 2025-10-13 12:47:33.614 +0800 o.a.d.s.m.r.t.TaskGroupCoordinator:[241] - Success deal with force start TaskGroupQueue cost: 0/ms
[INFO] 2025-10-13 12:47:33.614 +0800 o.a.d.s.m.r.t.TaskGroupCoordinator:[129] - TaskGroupCoordinator round time cost: 0/ms
[INFO] 2025-10-13 12:47:34.073 +0800 o.a.d.s.m.c.IdSlotBasedCommandFetcher:[67] - Fetch commands: 0 success, cost: 0ms, totalSlot: 1, currentSlotIndex: 0
[INFO] 2025-10-13 12:47:35.074 +0800 o.a.d.s.m.c.IdSlotBasedCommandFetcher:[67] - Fetch commands: 0 success, cost: 0ms, totalSlot: 1, currentSlotIndex: 0
[INFO] 2025-10-13 12:47:36.075 +0800 o.a.d.s.m.c.IdSlotBasedCommandFetcher:[67] - Fetch commands: 0 success, cost: 0ms, totalSlot: 1, currentSlotIndex: 0
[INFO] 2025-10-13 12:47:37.076 +0800 o.a.d.s.m.c.IdSlotBasedCommandFetcher:[67] - Fetch commands: 0 success, cost: 0ms, totalSlot: 1, currentSlotIndex: 0
[INFO] 2025-10-13 12:47:38.202 +0800 o.a.d.s.m.c.IdSlotBasedCommandFetcher:[67] - Fetch commands: 0 success, cost: 0ms, totalSlot: 1, currentSlotIndex: 0
[INFO] 2025-10-13 12:47:38.618 +0800 o.a.d.s.m.r.t.TaskGroupCoordinator:[187] - Success amend TaskGroupQueue status cost: 0/ms
[INFO] 2025-10-13 12:47:38.618 +0800 o.a.d.s.m.r.t.TaskGroupCoordinator:[241] - Success deal with force start TaskGroupQueue cost: 0/ms
[INFO] 2025-10-13 12:47:38.618 +0800 o.a.d.s.m.r.t.TaskGroupCoordinator:[129] - TaskGroupCoordinator round time cost: 0/ms
[INFO] 2025-10-13 12:47:39.274 +0800 o.a.d.s.m.c.IdSlotBasedCommandFetcher:[67] - Fetch commands: 0 success, cost: 0ms, totalSlot: 1, currentSlotIndex: 0
[INFO] 2025-10-13 12:47:40.350 +0800 o.a.d.s.m.c.IdSlotBasedCommandFetcher:[67] - Fetch commands: 0 success, cost: 0ms, totalSlot: 1, currentSlotIndex: 0
[INFO] 2025-10-13 12:47:41.427 +0800 o.a.d.s.m.c.IdSlotBasedCommandFetcher:[67] - Fetch commands: 0 success, cost: 0ms, totalSlot: 1, currentSlotIndex: 0
[INFO] 2025-10-13 12:47:42.495 +0800 o.a.d.s.m.c.IdSlotBasedCommandFetcher:[67] - Fetch commands: 0 success, cost: 0ms, totalSlot: 1, currentSlotIndex: 0
[INFO] 2025-10-13 12:47:43.604 +0800 o.a.d.s.m.c.IdSlotBasedCommandFetcher:[67] - Fetch commands: 0 success, cost: 0ms, totalSlot: 1, currentSlotIndex: 0
[INFO] 2025-10-13 12:47:43.628 +0800 o.a.d.s.m.r.t.TaskGroupCoordinator:[187] - Success amend TaskGroupQueue status cost: 0/ms
[INFO] 2025-10-13 12:47:43.629 +0800 o.a.d.s.m.r.t.TaskGroupCoordinator:[241] - Success deal with force start TaskGroupQueue cost: 0/ms
[INFO] 2025-10-13 12:47:43.629 +0800 o.a.d.s.m.r.t.TaskGroupCoordinator:[129] - TaskGroupCoordinator round time cost: 0/ms
[INFO] 2025-10-13 12:47:44.606 +0800 o.a.d.s.m.c.IdSlotBasedCommandFetcher:[67] - Fetch commands: 0 success, cost: 0ms, totalSlot: 1, currentSlotIndex: 0
[INFO] 2025-10-13 12:47:45.606 +0800 o.a.d.s.m.c.IdSlotBasedCommandFetcher:[67] - Fetch commands: 0 success, cost: 0ms, totalSlot: 1, currentSlotIndex: 0
[INFO] 2025-10-13 12:47:46.607 +0800 o.a.d.s.m.c.IdSlotBasedCommandFetcher:[67] - Fetch commands: 0 success, cost: 0ms, totalSlot: 1, currentSlotIndex: 0
[INFO] 2025-10-13 12:47:47.607 +0800 o.a.d.s.m.c.IdSlotBasedCommandFetcher:[67] - Fetch commands: 0 success, cost: 0ms, totalSlot: 1, currentSlotIndex: 0
[INFO] 2025-10-13 12:47:48.607 +0800 o.a.d.s.m.c.IdSlotBasedCommandFetcher:[67] - Fetch commands: 0 success, cost: 0ms, totalSlot: 1, currentSlotIndex: 0
[INFO] 2025-10-13 12:47:48.634 +0800 o.a.d.s.m.r.t.TaskGroupCoordinator:[187] - Success amend TaskGroupQueue status cost: 0/ms
[INFO] 2025-10-13 12:47:48.634 +0800 o.a.d.s.m.r.t.TaskGroupCoordinator:[241] - Success deal with force start TaskGroupQueue cost: 0/ms
[INFO] 2025-10-13 12:47:48.634 +0800 o.a.d.s.m.r.t.TaskGroupCoordinator:[129] - TaskGroupCoordinator round time cost: 0/ms
[INFO] 2025-10-13 12:47:49.608 +0800 o.a.d.s.m.c.IdSlotBasedCommandFetcher:[67] - Fetch commands: 0 success, cost: 0ms, totalSlot: 1, currentSlotIndex: 0
[INFO] 2025-10-13 12:47:50.609 +0800 o.a.d.s.m.c.IdSlotBasedCommandFetcher:[67] - Fetch commands: 0 success, cost: 0ms, totalSlot: 1, currentSlotIndex: 0
[INFO] 2025-10-13 12:47:51.609 +0800 o.a.d.s.m.c.IdSlotBasedCommandFetcher:[67] - Fetch commands: 0 success, cost: 0ms, totalSlot: 1, currentSlotIndex: 0
[INFO] 2025-10-13 12:47:52.610 +0800 o.a.d.s.m.c.IdSlotBasedCommandFetcher:[67] - Fetch commands: 0 success, cost: 0ms, totalSlot: 1, currentSlotIndex: 0
[INFO] 2025-10-13 12:47:53.610 +0800 o.a.d.s.m.c.IdSlotBasedCommandFetcher:[67] - Fetch commands: 0 success, cost: 0ms, totalSlot: 1, currentSlotIndex: 0
[INFO] 2025-10-13 12:47:53.640 +0800 o.a.d.s.m.r.t.TaskGroupCoordinator:[187] - Success amend TaskGroupQueue status cost: 0/ms
[INFO] 2025-10-13 12:47:53.640 +0800 o.a.d.s.m.r.t.TaskGroupCoordinator:[241] - Success deal with force start TaskGroupQueue cost: 0/ms
[INFO] 2025-10-13 12:47:53.640 +0800 o.a.d.s.m.r.t.TaskGroupCoordinator:[129] - TaskGroupCoordinator round time cost: 0/ms
[INFO] 2025-10-13 12:47:54.611 +0800 o.a.d.s.m.c.IdSlotBasedCommandFetcher:[67] - Fetch commands: 0 success, cost: 0ms, totalSlot: 1, currentSlotIndex: 0
[INFO] 2025-10-13 12:47:55.732 +0800 o.a.d.s.m.c.IdSlotBasedCommandFetcher:[67] - Fetch commands: 0 success, cost: 0ms, totalSlot: 1, currentSlotIndex: 0
[INFO] 2025-10-13 12:47:56.852 +0800 o.a.d.s.m.c.IdSlotBasedCommandFetcher:[67] - Fetch commands: 0 success, cost: 0ms, totalSlot: 1, currentSlotIndex: 0
[INFO] 2025-10-13 12:47:57.853 +0800 o.a.d.s.m.c.IdSlotBasedCommandFetcher:[67] - Fetch commands: 0 success, cost: 0ms, totalSlot: 1, currentSlotIndex: 0
[INFO] 2025-10-13 12:47:58.645 +0800 o.a.d.s.m.r.t.TaskGroupCoordinator:[187] - Success amend TaskGroupQueue status cost: 0/ms
[INFO] 2025-10-13 12:47:58.645 +0800 o.a.d.s.m.r.t.TaskGroupCoordinator:[241] - Success deal with force start TaskGroupQueue cost: 0/ms
[INFO] 2025-10-13 12:47:58.645 +0800 o.a.d.s.m.r.t.TaskGroupCoordinator:[129] - TaskGroupCoordinator round time cost: 0/ms
[INFO] 2025-10-13 12:47:58.854 +0800 o.a.d.s.m.c.IdSlotBasedCommandFetcher:[67] - Fetch commands: 0 success, cost: 0ms, totalSlot: 1, currentSlotIndex: 0
[INFO] 2025-10-13 12:47:59.854 +0800 o.a.d.s.m.c.IdSlotBasedCommandFetcher:[67] - Fetch commands: 0 success, cost: 0ms, totalSlot: 1, currentSlotIndex: 0
[INFO] 2025-10-13 12:48:00.854 +0800 o.a.d.s.m.c.IdSlotBasedCommandFetcher:[67] - Fetch commands: 0 success, cost: 0ms, totalSlot: 1, currentSlotIndex: 0
[INFO] 2025-10-13 12:48:01.855 +0800 o.a.d.s.m.c.IdSlotBasedCommandFetcher:[67] - Fetch commands: 0 success, cost: 0ms, totalSlot: 1, currentSlotIndex: 0
[INFO] 2025-10-13 12:48:02.856 +0800 o.a.d.s.m.c.IdSlotBasedCommandFetcher:[67] - Fetch commands: 0 success, cost: 0ms, totalSlot: 1, currentSlotIndex: 0
[INFO] 2025-10-13 12:48:03.650 +0800 o.a.d.s.m.r.t.TaskGroupCoordinator:[187] - Success amend TaskGroupQueue status cost: 0/ms
[INFO] 2025-10-13 12:48:03.650 +0800 o.a.d.s.m.r.t.TaskGroupCoordinator:[241] - Success deal with force start TaskGroupQueue cost: 0/ms
[INFO] 2025-10-13 12:48:03.650 +0800 o.a.d.s.m.r.t.TaskGroupCoordinator:[129] - TaskGroupCoordinator round time cost: 0/ms
[INFO] 2025-10-13 12:48:03.856 +0800 o.a.d.s.m.c.IdSlotBasedCommandFetcher:[67] - Fetch commands: 0 success, cost: 0ms, totalSlot: 1, currentSlotIndex: 0
[INFO] 2025-10-13 12:48:04.857 +0800 o.a.d.s.m.c.IdSlotBasedCommandFetcher:[67] - Fetch commands: 0 success, cost: 0ms, totalSlot: 1, currentSlotIndex: 0
[INFO] 2025-10-13 12:48:05.857 +0800 o.a.d.s.m.c.IdSlotBasedCommandFetcher:[67] - Fetch commands: 0 success, cost: 0ms, totalSlot: 1, currentSlotIndex: 0
[INFO] 2025-10-13 12:48:06.858 +0800 o.a.d.s.m.c.IdSlotBasedCommandFetcher:[67] - Fetch commands: 0 success, cost: 0ms, totalSlot: 1, currentSlotIndex: 0
[INFO] 2025-10-13 12:48:07.858 +0800 o.a.d.s.m.c.IdSlotBasedCommandFetcher:[67] - Fetch commands: 0 success, cost: 0ms, totalSlot: 1, currentSlotIndex: 0
[INFO] 2025-10-13 12:48:08.654 +0800 o.a.d.s.m.r.t.TaskGroupCoordinator:[187] - Success amend TaskGroupQueue status cost: 0/ms
[INFO] 2025-10-13 12:48:08.654 +0800 o.a.d.s.m.r.t.TaskGroupCoordinator:[241] - Success deal with force start TaskGroupQueue cost: 0/ms
[INFO] 2025-10-13 12:48:08.654 +0800 o.a.d.s.m.r.t.TaskGroupCoordinator:[129] - TaskGroupCoordinator round time cost: 0/ms
[INFO] 2025-10-13 12:48:08.966 +0800 o.a.d.s.m.c.IdSlotBasedCommandFetcher:[67] - Fetch commands: 0 success, cost: 0ms, totalSlot: 1, currentSlotIndex: 0
[INFO] 2025-10-13 12:48:10.039 +0800 o.a.d.s.m.c.IdSlotBasedCommandFetcher:[67] - Fetch commands: 0 success, cost: 0ms, totalSlot: 1, currentSlotIndex: 0
[INFO] 2025-10-13 12:48:11.124 +0800 o.a.d.s.m.c.IdSlotBasedCommandFetcher:[67] - Fetch commands: 0 success, cost: 1ms, totalSlot: 1, currentSlotIndex: 0
[INFO] 2025-10-13 12:48:12.199 +0800 o.a.d.s.m.c.IdSlotBasedCommandFetcher:[67] - Fetch commands: 0 success, cost: 0ms, totalSlot: 1, currentSlotIndex: 0
[INFO] 2025-10-13 12:48:13.277 +0800 o.a.d.s.m.c.IdSlotBasedCommandFetcher:[67] - Fetch commands: 0 success, cost: 0ms, totalSlot: 1, currentSlotIndex: 0
[INFO] 2025-10-13 12:48:13.665 +0800 o.a.d.s.m.r.t.TaskGroupCoordinator:[187] - Success amend TaskGroupQueue status cost: 0/ms
[INFO] 2025-10-13 12:48:13.665 +0800 o.a.d.s.m.r.t.TaskGroupCoordinator:[241] - Success deal with force start TaskGroupQueue cost: 0/ms
[INFO] 2025-10-13 12:48:13.665 +0800 o.a.d.s.m.r.t.TaskGroupCoordinator:[129] - TaskGroupCoordinator round time cost: 0/ms
[INFO] 2025-10-13 12:48:14.354 +0800 o.a.d.s.m.c.IdSlotBasedCommandFetcher:[67] - Fetch commands: 0 success, cost: 0ms, totalSlot: 1, currentSlotIndex: 0
[INFO] 2025-10-13 12:48:15.424 +0800 o.a.d.s.m.c.IdSlotBasedCommandFetcher:[67] - Fetch commands: 0 success, cost: 0ms, totalSlot: 1, currentSlotIndex: 0
[INFO] 2025-10-13 12:48:16.497 +0800 o.a.d.s.m.c.IdSlotBasedCommandFetcher:[67] - Fetch commands: 0 success, cost: 0ms, totalSlot: 1, currentSlotIndex: 0
[INFO] 2025-10-13 12:48:17.507 +0800 o.a.d.s.m.c.IdSlotBasedCommandFetcher:[67] - Fetch commands: 0 success, cost: 0ms, totalSlot: 1, currentSlotIndex: 0
[INFO] 2025-10-13 12:48:18.507 +0800 o.a.d.s.m.c.IdSlotBasedCommandFetcher:[67] - Fetch commands: 0 success, cost: 0ms, totalSlot: 1, currentSlotIndex: 0
[INFO] 2025-10-13 12:48:18.670 +0800 o.a.d.s.m.r.t.TaskGroupCoordinator:[187] - Success amend TaskGroupQueue status cost: 0/ms
[INFO] 2025-10-13 12:48:18.670 +0800 o.a.d.s.m.r.t.TaskGroupCoordinator:[241] - Success deal with force start TaskGroupQueue cost: 0/ms
[INFO] 2025-10-13 12:48:18.670 +0800 o.a.d.s.m.r.t.TaskGroupCoordinator:[129] - TaskGroupCoordinator round time cost: 0/ms
[INFO] 2025-10-13 12:48:19.508 +0800 o.a.d.s.m.c.IdSlotBasedCommandFetcher:[67] - Fetch commands: 0 success, cost: 0ms, totalSlot: 1, currentSlotIndex: 0
[INFO] 2025-10-13 12:48:20.508 +0800 o.a.d.s.m.c.IdSlotBasedCommandFetcher:[67] - Fetch commands: 0 success, cost: 0ms, totalSlot: 1, currentSlotIndex: 0
[INFO] 2025-10-13 12:48:21.508 +0800 o.a.d.s.m.c.IdSlotBasedCommandFetcher:[67] - Fetch commands: 0 success, cost: 0ms, totalSlot: 1, currentSlotIndex: 0
[INFO] 2025-10-13 12:48:22.509 +0800 o.a.d.s.m.c.IdSlotBasedCommandFetcher:[67] - Fetch commands: 0 success, cost: 0ms, totalSlot: 1, currentSlotIndex: 0
[INFO] 2025-10-13 12:48:23.510 +0800 o.a.d.s.m.c.IdSlotBasedCommandFetcher:[67] - Fetch commands: 0 success, cost: 0ms, totalSlot: 1, currentSlotIndex: 0
[INFO] 2025-10-13 12:48:23.674 +0800 o.a.d.s.m.r.t.TaskGroupCoordinator:[187] - Success amend TaskGroupQueue status cost: 0/ms
[INFO] 2025-10-13 12:48:23.674 +0800 o.a.d.s.m.r.t.TaskGroupCoordinator:[241] - Success deal with force start TaskGroupQueue cost: 0/ms
[INFO] 2025-10-13 12:48:23.674 +0800 o.a.d.s.m.r.t.TaskGroupCoordinator:[129] - TaskGroupCoordinator round time cost: 0/ms
[INFO] 2025-10-13 12:48:24.510 +0800 o.a.d.s.m.c.IdSlotBasedCommandFetcher:[67] - Fetch commands: 0 success, cost: 0ms, totalSlot: 1, currentSlotIndex: 0
[INFO] 2025-10-13 12:48:25.511 +0800 o.a.d.s.m.c.IdSlotBasedCommandFetcher:[67] - Fetch commands: 0 success, cost: 0ms, totalSlot: 1, currentSlotIndex: 0
[INFO] 2025-10-13 12:48:26.511 +0800 o.a.d.s.m.c.IdSlotBasedCommandFetcher:[67] - Fetch commands: 0 success, cost: 0ms, totalSlot: 1, currentSlotIndex: 0
[INFO] 2025-10-13 12:48:27.511 +0800 o.a.d.s.m.c.IdSlotBasedCommandFetcher:[67] - Fetch commands: 0 success, cost: 0ms, totalSlot: 1, currentSlotIndex: 0
[INFO] 2025-10-13 12:48:28.663 +0800 o.a.d.s.m.c.IdSlotBasedCommandFetcher:[67] - Fetch commands: 0 success, cost: 0ms, totalSlot: 1, currentSlotIndex: 0
[INFO] 2025-10-13 12:48:28.680 +0800 o.a.d.s.m.r.t.TaskGroupCoordinator:[187] - Success amend TaskGroupQueue status cost: 0/ms
[INFO] 2025-10-13 12:48:28.680 +0800 o.a.d.s.m.r.t.TaskGroupCoordinator:[241] - Success deal with force start TaskGroupQueue cost: 0/ms
[INFO] 2025-10-13 12:48:28.680 +0800 o.a.d.s.m.r.t.TaskGroupCoordinator:[129] - TaskGroupCoordinator round time cost: 0/ms
[INFO] 2025-10-13 12:48:29.735 +0800 o.a.d.s.m.c.IdSlotBasedCommandFetcher:[67] - Fetch commands: 0 success, cost: 0ms, totalSlot: 1, currentSlotIndex: 0
[INFO] 2025-10-13 12:48:30.806 +0800 o.a.d.s.m.c.IdSlotBasedCommandFetcher:[67] - Fetch commands: 0 success, cost: 0ms, totalSlot: 1, currentSlotIndex: 0
[INFO] 2025-10-13 12:48:31.879 +0800 o.a.d.s.m.c.IdSlotBasedCommandFetcher:[67] - Fetch commands: 0 success, cost: 0ms, totalSlot: 1, currentSlotIndex: 0
[INFO] 2025-10-13 12:48:33.004 +0800 o.a.d.s.m.c.IdSlotBasedCommandFetcher:[67] - Fetch commands: 0 success, cost: 0ms, totalSlot: 1, currentSlotIndex: 0
[INFO] 2025-10-13 12:48:33.686 +0800 o.a.d.s.m.r.t.TaskGroupCoordinator:[187] - Success amend TaskGroupQueue status cost: 0/ms
[INFO] 2025-10-13 12:48:33.686 +0800 o.a.d.s.m.r.t.TaskGroupCoordinator:[241] - Success deal with force start TaskGroupQueue cost: 0/ms
[INFO] 2025-10-13 12:48:33.686 +0800 o.a.d.s.m.r.t.TaskGroupCoordinator:[129] - TaskGroupCoordinator round time cost: 0/ms
[INFO] 2025-10-13 12:48:34.004 +0800 o.a.d.s.m.c.IdSlotBasedCommandFetcher:[67] - Fetch commands: 0 success, cost: 0ms, totalSlot: 1, currentSlotIndex: 0
[INFO] 2025-10-13 12:48:35.005 +0800 o.a.d.s.m.c.IdSlotBasedCommandFetcher:[67] - Fetch commands: 0 success, cost: 0ms, totalSlot: 1, currentSlotIndex: 0
[INFO] 2025-10-13 12:48:36.006 +0800 o.a.d.s.m.c.IdSlotBasedCommandFetcher:[67] - Fetch commands: 0 success, cost: 0ms, totalSlot: 1, currentSlotIndex: 0
[INFO] 2025-10-13 12:48:37.006 +0800 o.a.d.s.m.c.IdSlotBasedCommandFetcher:[67] - Fetch commands: 0 success, cost: 0ms, totalSlot: 1, currentSlotIndex: 0
[INFO] 2025-10-13 12:48:38.014 +0800 o.a.d.s.m.c.IdSlotBasedCommandFetcher:[67] - Fetch commands: 0 success, cost: 0ms, totalSlot: 1, currentSlotIndex: 0
[INFO] 2025-10-13 12:48:38.692 +0800 o.a.d.s.m.r.t.TaskGroupCoordinator:[187] - Success amend TaskGroupQueue status cost: 0/ms
[INFO] 2025-10-13 12:48:38.692 +0800 o.a.d.s.m.r.t.TaskGroupCoordinator:[241] - Success deal with force start TaskGroupQueue cost: 0/ms
[INFO] 2025-10-13 12:48:38.692 +0800 o.a.d.s.m.r.t.TaskGroupCoordinator:[129] - TaskGroupCoordinator round time cost: 0/ms
[INFO] 2025-10-13 12:48:39.014 +0800 o.a.d.s.m.c.IdSlotBasedCommandFetcher:[67] - Fetch commands: 0 success, cost: 0ms, totalSlot: 1, currentSlotIndex: 0
[INFO] 2025-10-13 12:48:40.015 +0800 o.a.d.s.m.c.IdSlotBasedCommandFetcher:[67] - Fetch commands: 0 success, cost: 0ms, totalSlot: 1, currentSlotIndex: 0
[INFO] 2025-10-13 12:48:41.015 +0800 o.a.d.s.m.c.IdSlotBasedCommandFetcher:[67] - Fetch commands: 0 success, cost: 0ms, totalSlot: 1, currentSlotIndex: 0
[INFO] 2025-10-13 12:48:42.015 +0800 o.a.d.s.m.c.IdSlotBasedCommandFetcher:[67] - Fetch commands: 0 success, cost: 0ms, totalSlot: 1, currentSlotIndex: 0
[INFO] 2025-10-13 12:48:43.027 +0800 o.a.d.s.m.c.IdSlotBasedCommandFetcher:[67] - Fetch commands: 0 success, cost: 0ms, totalSlot: 1, currentSlotIndex: 0
[INFO] 2025-10-13 12:48:43.700 +0800 o.a.d.s.m.r.t.TaskGroupCoordinator:[187] - Success amend TaskGroupQueue status cost: 0/ms
[INFO] 2025-10-13 12:48:43.700 +0800 o.a.d.s.m.r.t.TaskGroupCoordinator:[241] - Success deal with force start TaskGroupQueue cost: 0/ms
[INFO] 2025-10-13 12:48:43.700 +0800 o.a.d.s.m.r.t.TaskGroupCoordinator:[129] - TaskGroupCoordinator round time cost: 0/ms
[INFO] 2025-10-13 12:48:44.028 +0800 o.a.d.s.m.c.IdSlotBasedCommandFetcher:[67] - Fetch commands: 0 success, cost: 0ms, totalSlot: 1, currentSlotIndex: 0
[INFO] 2025-10-13 12:48:45.028 +0800 o.a.d.s.m.c.IdSlotBasedCommandFetcher:[67] - Fetch commands: 0 success, cost: 0ms, totalSlot: 1, currentSlotIndex: 0
[INFO] 2025-10-13 12:48:46.039 +0800 o.a.d.s.m.c.IdSlotBasedCommandFetcher:[67] - Fetch commands: 0 success, cost: 0ms, totalSlot: 1, currentSlotIndex: 0
[INFO] 2025-10-13 12:48:47.210 +0800 o.a.d.s.m.c.IdSlotBasedCommandFetcher:[67] - Fetch commands: 0 success, cost: 0ms, totalSlot: 1, currentSlotIndex: 0
[INFO] 2025-10-13 12:48:48.212 +0800 o.a.d.s.m.c.IdSlotBasedCommandFetcher:[67] - Fetch commands: 0 success, cost: 0ms, totalSlot: 1, currentSlotIndex: 0
[INFO] 2025-10-13 12:48:48.707 +0800 o.a.d.s.m.r.t.TaskGroupCoordinator:[187] - Success amend TaskGroupQueue status cost: 0/ms
[INFO] 2025-10-13 12:48:48.707 +0800 o.a.d.s.m.r.t.TaskGroupCoordinator:[241] - Success deal with force start TaskGroupQueue cost: 0/ms
[INFO] 2025-10-13 12:48:48.707 +0800 o.a.d.s.m.r.t.TaskGroupCoordinator:[129] - TaskGroupCoordinator round time cost: 0/ms
[INFO] 2025-10-13 12:48:49.212 +0800 o.a.d.s.m.c.IdSlotBasedCommandFetcher:[67] - Fetch commands: 0 success, cost: 0ms, totalSlot: 1, currentSlotIndex: 0
[INFO] 2025-10-13 12:48:50.213 +0800 o.a.d.s.m.c.IdSlotBasedCommandFetcher:[67] - Fetch commands: 0 success, cost: 0ms, totalSlot: 1, currentSlotIndex: 0
[INFO] 2025-10-13 12:48:51.214 +0800 o.a.d.s.m.c.IdSlotBasedCommandFetcher:[67] - Fetch commands: 0 success, cost: 0ms, totalSlot: 1, currentSlotIndex: 0
[INFO] 2025-10-13 12:48:52.214 +0800 o.a.d.s.m.c.IdSlotBasedCommandFetcher:[67] - Fetch commands: 0 success, cost: 0ms, totalSlot: 1, currentSlotIndex: 0
[INFO] 2025-10-13 12:48:53.214 +0800 o.a.d.s.m.c.IdSlotBasedCommandFetcher:[67] - Fetch commands: 0 success, cost: 0ms, totalSlot: 1, currentSlotIndex: 0
[INFO] 2025-10-13 12:48:53.711 +0800 o.a.d.s.m.r.t.TaskGroupCoordinator:[187] - Success amend TaskGroupQueue status cost: 0/ms
[INFO] 2025-10-13 12:48:53.711 +0800 o.a.d.s.m.r.t.TaskGroupCoordinator:[241] - Success deal with force start TaskGroupQueue cost: 0/ms
[INFO] 2025-10-13 12:48:53.711 +0800 o.a.d.s.m.r.t.TaskGroupCoordinator:[129] - TaskGroupCoordinator round time cost: 0/ms
[INFO] 2025-10-13 12:48:54.215 +0800 o.a.d.s.m.c.IdSlotBasedCommandFetcher:[67] - Fetch commands: 0 success, cost: 0ms, totalSlot: 1, currentSlotIndex: 0
[INFO] 2025-10-13 12:48:55.215 +0800 o.a.d.s.m.c.IdSlotBasedCommandFetcher:[67] - Fetch commands: 0 success, cost: 0ms, totalSlot: 1, currentSlotIndex: 0
[INFO] 2025-10-13 12:48:56.216 +0800 o.a.d.s.m.c.IdSlotBasedCommandFetcher:[67] - Fetch commands: 0 success, cost: 0ms, totalSlot: 1, currentSlotIndex: 0
[INFO] 2025-10-13 12:48:57.216 +0800 o.a.d.s.m.c.IdSlotBasedCommandFetcher:[67] - Fetch commands: 0 success, cost: 0ms, totalSlot: 1, currentSlotIndex: 0
[INFO] 2025-10-13 12:48:58.219 +0800 o.a.d.s.m.c.IdSlotBasedCommandFetcher:[67] - Fetch commands: 0 success, cost: 0ms, totalSlot: 1, currentSlotIndex: 0
[INFO] 2025-10-13 12:48:58.717 +0800 o.a.d.s.m.r.t.TaskGroupCoordinator:[187] - Success amend TaskGroupQueue status cost: 0/ms
[INFO] 2025-10-13 12:48:58.718 +0800 o.a.d.s.m.r.t.TaskGroupCoordinator:[241] - Success deal with force start TaskGroupQueue cost: 0/ms
[INFO] 2025-10-13 12:48:58.718 +0800 o.a.d.s.m.r.t.TaskGroupCoordinator:[129] - TaskGroupCoordinator round time cost: 0/ms
[INFO] 2025-10-13 12:48:59.220 +0800 o.a.d.s.m.c.IdSlotBasedCommandFetcher:[67] - Fetch commands: 0 success, cost: 0ms, totalSlot: 1, currentSlotIndex: 0
[INFO] 2025-10-13 12:49:00.352 +0800 o.a.d.s.m.c.IdSlotBasedCommandFetcher:[67] - Fetch commands: 0 success, cost: 0ms, totalSlot: 1, currentSlotIndex: 0
[INFO] 2025-10-13 12:49:01.423 +0800 o.a.d.s.m.c.IdSlotBasedCommandFetcher:[67] - Fetch commands: 0 success, cost: 0ms, totalSlot: 1, currentSlotIndex: 0
[INFO] 2025-10-13 12:49:02.501 +0800 o.a.d.s.m.c.IdSlotBasedCommandFetcher:[67] - Fetch commands: 0 success, cost: 0ms, totalSlot: 1, currentSlotIndex: 0
[INFO] 2025-10-13 12:49:03.575 +0800 o.a.d.s.m.c.IdSlotBasedCommandFetcher:[67] - Fetch commands: 0 success, cost: 1ms, totalSlot: 1, currentSlotIndex: 0
[INFO] 2025-10-13 12:49:03.723 +0800 o.a.d.s.m.r.t.TaskGroupCoordinator:[187] - Success amend TaskGroupQueue status cost: 0/ms
[INFO] 2025-10-13 12:49:03.723 +0800 o.a.d.s.m.r.t.TaskGroupCoordinator:[241] - Success deal with force start TaskGroupQueue cost: 0/ms
[INFO] 2025-10-13 12:49:03.723 +0800 o.a.d.s.m.r.t.TaskGroupCoordinator:[129] - TaskGroupCoordinator round time cost: 0/ms
[INFO] 2025-10-13 12:49:04.644 +0800 o.a.d.s.m.c.IdSlotBasedCommandFetcher:[67] - Fetch commands: 0 success, cost: 1ms, totalSlot: 1, currentSlotIndex: 0
[INFO] 2025-10-13 12:49:05.730 +0800 o.a.d.s.m.c.IdSlotBasedCommandFetcher:[67] - Fetch commands: 0 success, cost: 0ms, totalSlot: 1, currentSlotIndex: 0
[INFO] 2025-10-13 12:49:06.798 +0800 o.a.d.s.m.c.IdSlotBasedCommandFetcher:[67] - Fetch commands: 0 success, cost: 0ms, totalSlot: 1, currentSlotIndex: 0
[INFO] 2025-10-13 12:49:07.881 +0800 o.a.d.s.m.c.IdSlotBasedCommandFetcher:[67] - Fetch commands: 0 success, cost: 0ms, totalSlot: 1, currentSlotIndex: 0
[INFO] 2025-10-13 12:49:08.727 +0800 o.a.d.s.m.r.t.TaskGroupCoordinator:[187] - Success amend TaskGroupQueue status cost: 0/ms
[INFO] 2025-10-13 12:49:08.727 +0800 o.a.d.s.m.r.t.TaskGroupCoordinator:[241] - Success deal with force start TaskGroupQueue cost: 0/ms
[INFO] 2025-10-13 12:49:08.727 +0800 o.a.d.s.m.r.t.TaskGroupCoordinator:[129] - TaskGroupCoordinator round time cost: 0/ms
[INFO] 2025-10-13 12:49:09.015 +0800 o.a.d.s.m.c.IdSlotBasedCommandFetcher:[67] - Fetch commands: 0 success, cost: 0ms, totalSlot: 1, currentSlotIndex: 0
[INFO] 2025-10-13 12:49:10.016 +0800 o.a.d.s.m.c.IdSlotBasedCommandFetcher:[67] - Fetch commands: 0 success, cost: 0ms, totalSlot: 1, currentSlotIndex: 0
[INFO] 2025-10-13 12:49:11.016 +0800 o.a.d.s.m.c.IdSlotBasedCommandFetcher:[67] - Fetch commands: 0 success, cost: 0ms, totalSlot: 1, currentSlotIndex: 0
[INFO] 2025-10-13 12:49:12.016 +0800 o.a.d.s.m.c.IdSlotBasedCommandFetcher:[67] - Fetch commands: 0 success, cost: 0ms, totalSlot: 1, currentSlotIndex: 0
[INFO] 2025-10-13 12:49:13.018 +0800 o.a.d.s.m.c.IdSlotBasedCommandFetcher:[67] - Fetch commands: 0 success, cost: 0ms, totalSlot: 1, currentSlotIndex: 0
[INFO] 2025-10-13 12:49:13.731 +0800 o.a.d.s.m.r.t.TaskGroupCoordinator:[187] - Success amend TaskGroupQueue status cost: 0/ms
[INFO] 2025-10-13 12:49:13.731 +0800 o.a.d.s.m.r.t.TaskGroupCoordinator:[241] - Success deal with force start TaskGroupQueue cost: 0/ms
[INFO] 2025-10-13 12:49:13.731 +0800 o.a.d.s.m.r.t.TaskGroupCoordinator:[129] - TaskGroupCoordinator round time cost: 0/ms
[INFO] 2025-10-13 12:49:14.018 +0800 o.a.d.s.m.c.IdSlotBasedCommandFetcher:[67] - Fetch commands: 0 success, cost: 0ms, totalSlot: 1, currentSlotIndex: 0
[INFO] 2025-10-13 12:49:15.019 +0800 o.a.d.s.m.c.IdSlotBasedCommandFetcher:[67] - Fetch commands: 0 success, cost: 0ms, totalSlot: 1, currentSlotIndex: 0
[INFO] 2025-10-13 12:49:16.019 +0800 o.a.d.s.m.c.IdSlotBasedCommandFetcher:[67] - Fetch commands: 0 success, cost: 0ms, totalSlot: 1, currentSlotIndex: 0
[INFO] 2025-10-13 12:49:17.020 +0800 o.a.d.s.m.c.IdSlotBasedCommandFetcher:[67] - Fetch commands: 0 success, cost: 0ms, totalSlot: 1, currentSlotIndex: 0
[INFO] 2025-10-13 12:49:18.021 +0800 o.a.d.s.m.c.IdSlotBasedCommandFetcher:[67] - Fetch commands: 0 success, cost: 0ms, totalSlot: 1, currentSlotIndex: 0
[INFO] 2025-10-13 12:49:18.740 +0800 o.a.d.s.m.r.t.TaskGroupCoordinator:[187] - Success amend TaskGroupQueue status cost: 0/ms
[INFO] 2025-10-13 12:49:18.741 +0800 o.a.d.s.m.r.t.TaskGroupCoordinator:[241] - Success deal with force start TaskGroupQueue cost: 0/ms
[INFO] 2025-10-13 12:49:18.741 +0800 o.a.d.s.m.r.t.TaskGroupCoordinator:[129] - TaskGroupCoordinator round time cost: 0/ms
[INFO] 2025-10-13 12:49:19.021 +0800 o.a.d.s.m.c.IdSlotBasedCommandFetcher:[67] - Fetch commands: 0 success, cost: 0ms, totalSlot: 1, currentSlotIndex: 0
[INFO] 2025-10-13 12:49:20.021 +0800 o.a.d.s.m.c.IdSlotBasedCommandFetcher:[67] - Fetch commands: 0 success, cost: 0ms, totalSlot: 1, currentSlotIndex: 0
[INFO] 2025-10-13 12:49:21.021 +0800 o.a.d.s.m.c.IdSlotBasedCommandFetcher:[67] - Fetch commands: 0 success, cost: 0ms, totalSlot: 1, currentSlotIndex: 0
[INFO] 2025-10-13 12:49:22.134 +0800 o.a.d.s.m.c.IdSlotBasedCommandFetcher:[67] - Fetch commands: 0 success, cost: 0ms, totalSlot: 1, currentSlotIndex: 0
[INFO] 2025-10-13 12:49:23.207 +0800 o.a.d.s.m.c.IdSlotBasedCommandFetcher:[67] - Fetch commands: 0 success, cost: 0ms, totalSlot: 1, currentSlotIndex: 0
[INFO] 2025-10-13 12:49:23.744 +0800 o.a.d.s.m.r.t.TaskGroupCoordinator:[187] - Success amend TaskGroupQueue status cost: 0/ms
[INFO] 2025-10-13 12:49:23.744 +0800 o.a.d.s.m.r.t.TaskGroupCoordinator:[241] - Success deal with force start TaskGroupQueue cost: 0/ms
[INFO] 2025-10-13 12:49:23.744 +0800 o.a.d.s.m.r.t.TaskGroupCoordinator:[129] - TaskGroupCoordinator round time cost: 0/ms
[INFO] 2025-10-13 12:49:24.292 +0800 o.a.d.s.m.c.IdSlotBasedCommandFetcher:[67] - Fetch commands: 0 success, cost: 0ms, totalSlot: 1, currentSlotIndex: 0
[INFO] 2025-10-13 12:49:25.363 +0800 o.a.d.s.m.c.IdSlotBasedCommandFetcher:[67] - Fetch commands: 0 success, cost: 0ms, totalSlot: 1, currentSlotIndex: 0
[INFO] 2025-10-13 12:49:26.365 +0800 o.a.d.s.m.c.IdSlotBasedCommandFetcher:[67] - Fetch commands: 0 success, cost: 0ms, totalSlot: 1, currentSlotIndex: 0
[INFO] 2025-10-13 12:49:27.366 +0800 o.a.d.s.m.c.IdSlotBasedCommandFetcher:[67] - Fetch commands: 0 success, cost: 0ms, totalSlot: 1, currentSlotIndex: 0
[INFO] 2025-10-13 12:49:28.380 +0800 o.a.d.s.m.c.IdSlotBasedCommandFetcher:[67] - Fetch commands: 0 success, cost: 0ms, totalSlot: 1, currentSlotIndex: 0
[INFO] 2025-10-13 12:49:28.749 +0800 o.a.d.s.m.r.t.TaskGroupCoordinator:[187] - Success amend TaskGroupQueue status cost: 0/ms
[INFO] 2025-10-13 12:49:28.749 +0800 o.a.d.s.m.r.t.TaskGroupCoordinator:[241] - Success deal with force start TaskGroupQueue cost: 0/ms
[INFO] 2025-10-13 12:49:28.749 +0800 o.a.d.s.m.r.t.TaskGroupCoordinator:[129] - TaskGroupCoordinator round time cost: 0/ms
[INFO] 2025-10-13 12:49:29.395 +0800 o.a.d.s.m.c.IdSlotBasedCommandFetcher:[67] - Fetch commands: 0 success, cost: 0ms, totalSlot: 1, currentSlotIndex: 0
[INFO] 2025-10-13 12:49:30.395 +0800 o.a.d.s.m.c.IdSlotBasedCommandFetcher:[67] - Fetch commands: 0 success, cost: 0ms, totalSlot: 1, currentSlotIndex: 0
[INFO] 2025-10-13 12:49:31.396 +0800 o.a.d.s.m.c.IdSlotBasedCommandFetcher:[67] - Fetch commands: 0 success, cost: 0ms, totalSlot: 1, currentSlotIndex: 0
[INFO] 2025-10-13 12:49:32.397 +0800 o.a.d.s.m.c.IdSlotBasedCommandFetcher:[67] - Fetch commands: 0 success, cost: 0ms, totalSlot: 1, currentSlotIndex: 0
[INFO] 2025-10-13 12:49:33.410 +0800 o.a.d.s.m.c.IdSlotBasedCommandFetcher:[67] - Fetch commands: 0 success, cost: 0ms, totalSlot: 1, currentSlotIndex: 0
[INFO] 2025-10-13 12:49:33.773 +0800 o.a.d.s.m.r.t.TaskGroupCoordinator:[187] - Success amend TaskGroupQueue status cost: 0/ms
[INFO] 2025-10-13 12:49:33.773 +0800 o.a.d.s.m.r.t.TaskGroupCoordinator:[241] - Success deal with force start TaskGroupQueue cost: 0/ms
[INFO] 2025-10-13 12:49:33.773 +0800 o.a.d.s.m.r.t.TaskGroupCoordinator:[129] - TaskGroupCoordinator round time cost: 0/ms
[INFO] 2025-10-13 12:49:34.410 +0800 o.a.d.s.m.c.IdSlotBasedCommandFetcher:[67] - Fetch commands: 0 success, cost: 0ms, totalSlot: 1, currentSlotIndex: 0
[INFO] 2025-10-13 12:49:35.410 +0800 o.a.d.s.m.c.IdSlotBasedCommandFetcher:[67] - Fetch commands: 0 success, cost: 0ms, totalSlot: 1, currentSlotIndex: 0
[INFO] 2025-10-13 12:49:36.414 +0800 o.a.d.s.m.c.IdSlotBasedCommandFetcher:[67] - Fetch commands: 0 success, cost: 0ms, totalSlot: 1, currentSlotIndex: 0
[INFO] 2025-10-13 12:49:37.499 +0800 o.a.d.s.m.c.IdSlotBasedCommandFetcher:[67] - Fetch commands: 0 success, cost: 0ms, totalSlot: 1, currentSlotIndex: 0
[INFO] 2025-10-13 12:49:38.568 +0800 o.a.d.s.m.c.IdSlotBasedCommandFetcher:[67] - Fetch commands: 0 success, cost: 0ms, totalSlot: 1, currentSlotIndex: 0
[INFO] 2025-10-13 12:49:38.778 +0800 o.a.d.s.m.r.t.TaskGroupCoordinator:[187] - Success amend TaskGroupQueue status cost: 0/ms
[INFO] 2025-10-13 12:49:38.778 +0800 o.a.d.s.m.r.t.TaskGroupCoordinator:[241] - Success deal with force start TaskGroupQueue cost: 0/ms
[INFO] 2025-10-13 12:49:38.778 +0800 o.a.d.s.m.r.t.TaskGroupCoordinator:[129] - TaskGroupCoordinator round time cost: 0/ms
[INFO] 2025-10-13 12:49:39.679 +0800 o.a.d.s.m.c.IdSlotBasedCommandFetcher:[67] - Fetch commands: 0 success, cost: 0ms, totalSlot: 1, currentSlotIndex: 0
[INFO] 2025-10-13 12:49:40.679 +0800 o.a.d.s.m.c.IdSlotBasedCommandFetcher:[67] - Fetch commands: 0 success, cost: 0ms, totalSlot: 1, currentSlotIndex: 0
[INFO] 2025-10-13 12:49:41.680 +0800 o.a.d.s.m.c.IdSlotBasedCommandFetcher:[67] - Fetch commands: 0 success, cost: 0ms, totalSlot: 1, currentSlotIndex: 0
[INFO] 2025-10-13 12:49:42.681 +0800 o.a.d.s.m.c.IdSlotBasedCommandFetcher:[67] - Fetch commands: 0 success, cost: 0ms, totalSlot: 1, currentSlotIndex: 0
[INFO] 2025-10-13 12:49:43.681 +0800 o.a.d.s.m.c.IdSlotBasedCommandFetcher:[67] - Fetch commands: 0 success, cost: 0ms, totalSlot: 1, currentSlotIndex: 0
[INFO] 2025-10-13 12:49:43.785 +0800 o.a.d.s.m.r.t.TaskGroupCoordinator:[187] - Success amend TaskGroupQueue status cost: 0/ms
[INFO] 2025-10-13 12:49:43.786 +0800 o.a.d.s.m.r.t.TaskGroupCoordinator:[241] - Success deal with force start TaskGroupQueue cost: 0/ms
[INFO] 2025-10-13 12:49:43.786 +0800 o.a.d.s.m.r.t.TaskGroupCoordinator:[129] - TaskGroupCoordinator round time cost: 0/ms
[INFO] 2025-10-13 12:49:44.682 +0800 o.a.d.s.m.c.IdSlotBasedCommandFetcher:[67] - Fetch commands: 0 success, cost: 0ms, totalSlot: 1, currentSlotIndex: 0
[INFO] 2025-10-13 12:49:45.682 +0800 o.a.d.s.m.c.IdSlotBasedCommandFetcher:[67] - Fetch commands: 0 success, cost: 0ms, totalSlot: 1, currentSlotIndex: 0
[INFO] 2025-10-13 12:49:46.682 +0800 o.a.d.s.m.c.IdSlotBasedCommandFetcher:[67] - Fetch commands: 0 success, cost: 0ms, totalSlot: 1, currentSlotIndex: 0
[INFO] 2025-10-13 12:49:47.683 +0800 o.a.d.s.m.c.IdSlotBasedCommandFetcher:[67] - Fetch commands: 0 success, cost: 0ms, totalSlot: 1, currentSlotIndex: 0
[INFO] 2025-10-13 12:49:48.695 +0800 o.a.d.s.m.c.IdSlotBasedCommandFetcher:[67] - Fetch commands: 0 success, cost: 0ms, totalSlot: 1, currentSlotIndex: 0
[INFO] 2025-10-13 12:49:48.791 +0800 o.a.d.s.m.r.t.TaskGroupCoordinator:[187] - Success amend TaskGroupQueue status cost: 0/ms
[INFO] 2025-10-13 12:49:48.791 +0800 o.a.d.s.m.r.t.TaskGroupCoordinator:[241] - Success deal with force start TaskGroupQueue cost: 0/ms
[INFO] 2025-10-13 12:49:48.791 +0800 o.a.d.s.m.r.t.TaskGroupCoordinator:[129] - TaskGroupCoordinator round time cost: 0/ms
[INFO] 2025-10-13 12:49:49.695 +0800 o.a.d.s.m.c.IdSlotBasedCommandFetcher:[67] - Fetch commands: 0 success, cost: 0ms, totalSlot: 1, currentSlotIndex: 0
[INFO] 2025-10-13 12:49:50.710 +0800 o.a.d.m.m.BaseServerLoadProtection:[43] - OverLoad: the system cpu usage: 1.0 is over then the maxSystemCpuUsagePercentageThresholds 0.9
[WARN] 2025-10-13 12:49:50.710 +0800 o.a.d.s.m.r.MasterSchedulerBootstrap:[120] - The current server is overload, cannot consumes commands.
[INFO] 2025-10-13 12:49:51.180 +0800 o.a.d.m.m.BaseServerLoadProtection:[43] - OverLoad: the system cpu usage: 1.0 is over then the maxSystemCpuUsagePercentageThresholds 0.9
[INFO] 2025-10-13 12:49:51.599 +0800 o.a.d.m.m.BaseServerLoadProtection:[43] - OverLoad: the system cpu usage: 1.0 is over then the maxSystemCpuUsagePercentageThresholds 0.9
[INFO] 2025-10-13 12:49:51.710 +0800 o.a.d.s.m.c.IdSlotBasedCommandFetcher:[67] - Fetch commands: 0 success, cost: 0ms, totalSlot: 1, currentSlotIndex: 0
[INFO] 2025-10-13 12:49:52.842 +0800 o.a.d.s.m.c.IdSlotBasedCommandFetcher:[67] - Fetch commands: 0 success, cost: 0ms, totalSlot: 1, currentSlotIndex: 0
[INFO] 2025-10-13 12:49:53.796 +0800 o.a.d.s.m.r.t.TaskGroupCoordinator:[187] - Success amend TaskGroupQueue status cost: 0/ms
[INFO] 2025-10-13 12:49:53.796 +0800 o.a.d.s.m.r.t.TaskGroupCoordinator:[241] - Success deal with force start TaskGroupQueue cost: 0/ms
[INFO] 2025-10-13 12:49:53.796 +0800 o.a.d.s.m.r.t.TaskGroupCoordinator:[129] - TaskGroupCoordinator round time cost: 0/ms
[INFO] 2025-10-13 12:49:53.922 +0800 o.a.d.s.m.c.IdSlotBasedCommandFetcher:[67] - Fetch commands: 0 success, cost: 0ms, totalSlot: 1, currentSlotIndex: 0
[INFO] 2025-10-13 12:49:55.001 +0800 o.a.d.s.m.c.IdSlotBasedCommandFetcher:[67] - Fetch commands: 0 success, cost: 1ms, totalSlot: 1, currentSlotIndex: 0
[INFO] 2025-10-13 12:49:56.078 +0800 o.a.d.s.m.c.IdSlotBasedCommandFetcher:[67] - Fetch commands: 0 success, cost: 0ms, totalSlot: 1, currentSlotIndex: 0
[INFO] 2025-10-13 12:49:57.159 +0800 o.a.d.s.m.c.IdSlotBasedCommandFetcher:[67] - Fetch commands: 0 success, cost: 0ms, totalSlot: 1, currentSlotIndex: 0
[INFO] 2025-10-13 12:49:58.263 +0800 o.a.d.s.m.c.IdSlotBasedCommandFetcher:[67] - Fetch commands: 0 success, cost: 0ms, totalSlot: 1, currentSlotIndex: 0
[INFO] 2025-10-13 12:49:58.801 +0800 o.a.d.s.m.r.t.TaskGroupCoordinator:[187] - Success amend TaskGroupQueue status cost: 0/ms
[INFO] 2025-10-13 12:49:58.801 +0800 o.a.d.s.m.r.t.TaskGroupCoordinator:[241] - Success deal with force start TaskGroupQueue cost: 0/ms
[INFO] 2025-10-13 12:49:58.801 +0800 o.a.d.s.m.r.t.TaskGroupCoordinator:[129] - TaskGroupCoordinator round time cost: 0/ms
[INFO] 2025-10-13 12:49:59.265 +0800 o.a.d.s.m.c.IdSlotBasedCommandFetcher:[67] - Fetch commands: 0 success, cost: 0ms, totalSlot: 1, currentSlotIndex: 0
[INFO] 2025-10-13 12:50:00.266 +0800 o.a.d.s.m.c.IdSlotBasedCommandFetcher:[67] - Fetch commands: 0 success, cost: 0ms, totalSlot: 1, currentSlotIndex: 0
[INFO] 2025-10-13 12:50:01.267 +0800 o.a.d.s.m.c.IdSlotBasedCommandFetcher:[67] - Fetch commands: 0 success, cost: 0ms, totalSlot: 1, currentSlotIndex: 0
[INFO] 2025-10-13 12:50:02.267 +0800 o.a.d.s.m.c.IdSlotBasedCommandFetcher:[67] - Fetch commands: 0 success, cost: 0ms, totalSlot: 1, currentSlotIndex: 0
[INFO] 2025-10-13 12:50:03.268 +0800 o.a.d.s.m.c.IdSlotBasedCommandFetcher:[67] - Fetch commands: 0 success, cost: 0ms, totalSlot: 1, currentSlotIndex: 0
[INFO] 2025-10-13 12:50:03.812 +0800 o.a.d.s.m.r.t.TaskGroupCoordinator:[187] - Success amend TaskGroupQueue status cost: 0/ms
[INFO] 2025-10-13 12:50:03.812 +0800 o.a.d.s.m.r.t.TaskGroupCoordinator:[241] - Success deal with force start TaskGroupQueue cost: 0/ms
[INFO] 2025-10-13 12:50:03.812 +0800 o.a.d.s.m.r.t.TaskGroupCoordinator:[129] - TaskGroupCoordinator round time cost: 0/ms
[INFO] 2025-10-13 12:50:04.269 +0800 o.a.d.s.m.c.IdSlotBasedCommandFetcher:[67] - Fetch commands: 0 success, cost: 0ms, totalSlot: 1, currentSlotIndex: 0
[INFO] 2025-10-13 12:50:05.270 +0800 o.a.d.s.m.c.IdSlotBasedCommandFetcher:[67] - Fetch commands: 0 success, cost: 0ms, totalSlot: 1, currentSlotIndex: 0
[INFO] 2025-10-13 12:50:06.270 +0800 o.a.d.s.m.c.IdSlotBasedCommandFetcher:[67] - Fetch commands: 0 success, cost: 0ms, totalSlot: 1, currentSlotIndex: 0
[INFO] 2025-10-13 12:50:07.271 +0800 o.a.d.s.m.c.IdSlotBasedCommandFetcher:[67] - Fetch commands: 0 success, cost: 0ms, totalSlot: 1, currentSlotIndex: 0
[INFO] 2025-10-13 12:50:08.271 +0800 o.a.d.s.m.c.IdSlotBasedCommandFetcher:[67] - Fetch commands: 0 success, cost: 0ms, totalSlot: 1, currentSlotIndex: 0
[INFO] 2025-10-13 12:50:08.817 +0800 o.a.d.s.m.r.t.TaskGroupCoordinator:[187] - Success amend TaskGroupQueue status cost: 0/ms
[INFO] 2025-10-13 12:50:08.817 +0800 o.a.d.s.m.r.t.TaskGroupCoordinator:[241] - Success deal with force start TaskGroupQueue cost: 0/ms
[INFO] 2025-10-13 12:50:08.817 +0800 o.a.d.s.m.r.t.TaskGroupCoordinator:[129] - TaskGroupCoordinator round time cost: 0/ms
[INFO] 2025-10-13 12:50:09.271 +0800 o.a.d.s.m.c.IdSlotBasedCommandFetcher:[67] - Fetch commands: 0 success, cost: 0ms, totalSlot: 1, currentSlotIndex: 0
[INFO] 2025-10-13 12:50:10.341 +0800 o.a.d.s.m.c.IdSlotBasedCommandFetcher:[67] - Fetch commands: 0 success, cost: 0ms, totalSlot: 1, currentSlotIndex: 0
[INFO] 2025-10-13 12:50:11.407 +0800 o.a.d.s.m.c.IdSlotBasedCommandFetcher:[67] - Fetch commands: 0 success, cost: 0ms, totalSlot: 1, currentSlotIndex: 0
[INFO] 2025-10-13 12:50:12.478 +0800 o.a.d.s.m.c.IdSlotBasedCommandFetcher:[67] - Fetch commands: 0 success, cost: 0ms, totalSlot: 1, currentSlotIndex: 0
[INFO] 2025-10-13 12:50:13.543 +0800 o.a.d.s.m.c.IdSlotBasedCommandFetcher:[67] - Fetch commands: 0 success, cost: 0ms, totalSlot: 1, currentSlotIndex: 0
[INFO] 2025-10-13 12:50:13.822 +0800 o.a.d.s.m.r.t.TaskGroupCoordinator:[187] - Success amend TaskGroupQueue status cost: 0/ms
[INFO] 2025-10-13 12:50:13.822 +0800 o.a.d.s.m.r.t.TaskGroupCoordinator:[241] - Success deal with force start TaskGroupQueue cost: 0/ms
[INFO] 2025-10-13 12:50:13.822 +0800 o.a.d.s.m.r.t.TaskGroupCoordinator:[129] - TaskGroupCoordinator round time cost: 0/ms
[INFO] 2025-10-13 12:50:14.616 +0800 o.a.d.s.m.c.IdSlotBasedCommandFetcher:[67] - Fetch commands: 0 success, cost: 0ms, totalSlot: 1, currentSlotIndex: 0
[INFO] 2025-10-13 12:50:15.686 +0800 o.a.d.s.m.c.IdSlotBasedCommandFetcher:[67] - Fetch commands: 0 success, cost: 0ms, totalSlot: 1, currentSlotIndex: 0
[INFO] 2025-10-13 12:50:16.761 +0800 o.a.d.s.m.c.IdSlotBasedCommandFetcher:[67] - Fetch commands: 0 success, cost: 0ms, totalSlot: 1, currentSlotIndex: 0
[INFO] 2025-10-13 12:50:17.872 +0800 o.a.d.s.m.c.IdSlotBasedCommandFetcher:[67] - Fetch commands: 0 success, cost: 0ms, totalSlot: 1, currentSlotIndex: 0
[INFO] 2025-10-13 12:50:18.826 +0800 o.a.d.s.m.r.t.TaskGroupCoordinator:[187] - Success amend TaskGroupQueue status cost: 0/ms
[INFO] 2025-10-13 12:50:18.826 +0800 o.a.d.s.m.r.t.TaskGroupCoordinator:[241] - Success deal with force start TaskGroupQueue cost: 0/ms
[INFO] 2025-10-13 12:50:18.826 +0800 o.a.d.s.m.r.t.TaskGroupCoordinator:[129] - TaskGroupCoordinator round time cost: 0/ms
[INFO] 2025-10-13 12:50:18.872 +0800 o.a.d.s.m.c.IdSlotBasedCommandFetcher:[67] - Fetch commands: 0 success, cost: 0ms, totalSlot: 1, currentSlotIndex: 0
[INFO] 2025-10-13 12:50:19.873 +0800 o.a.d.s.m.c.IdSlotBasedCommandFetcher:[67] - Fetch commands: 0 success, cost: 0ms, totalSlot: 1, currentSlotIndex: 0
[INFO] 2025-10-13 12:50:20.874 +0800 o.a.d.s.m.c.IdSlotBasedCommandFetcher:[67] - Fetch commands: 0 success, cost: 0ms, totalSlot: 1, currentSlotIndex: 0
[INFO] 2025-10-13 12:50:21.874 +0800 o.a.d.s.m.c.IdSlotBasedCommandFetcher:[67] - Fetch commands: 0 success, cost: 0ms, totalSlot: 1, currentSlotIndex: 0
[INFO] 2025-10-13 12:50:22.875 +0800 o.a.d.s.m.c.IdSlotBasedCommandFetcher:[67] - Fetch commands: 0 success, cost: 0ms, totalSlot: 1, currentSlotIndex: 0
[INFO] 2025-10-13 12:50:23.832 +0800 o.a.d.s.m.r.t.TaskGroupCoordinator:[187] - Success amend TaskGroupQueue status cost: 0/ms
[INFO] 2025-10-13 12:50:23.832 +0800 o.a.d.s.m.r.t.TaskGroupCoordinator:[241] - Success deal with force start TaskGroupQueue cost: 0/ms
[INFO] 2025-10-13 12:50:23.832 +0800 o.a.d.s.m.r.t.TaskGroupCoordinator:[129] - TaskGroupCoordinator round time cost: 0/ms
[INFO] 2025-10-13 12:50:23.876 +0800 o.a.d.s.m.c.IdSlotBasedCommandFetcher:[67] - Fetch commands: 0 success, cost: 0ms, totalSlot: 1, currentSlotIndex: 0
[INFO] 2025-10-13 12:50:24.876 +0800 o.a.d.s.m.c.IdSlotBasedCommandFetcher:[67] - Fetch commands: 0 success, cost: 0ms, totalSlot: 1, currentSlotIndex: 0
[INFO] 2025-10-13 12:50:25.877 +0800 o.a.d.s.m.c.IdSlotBasedCommandFetcher:[67] - Fetch commands: 0 success, cost: 0ms, totalSlot: 1, currentSlotIndex: 0
[INFO] 2025-10-13 12:50:26.877 +0800 o.a.d.s.m.c.IdSlotBasedCommandFetcher:[67] - Fetch commands: 0 success, cost: 0ms, totalSlot: 1, currentSlotIndex: 0
[INFO] 2025-10-13 12:50:27.891 +0800 o.a.d.s.m.c.IdSlotBasedCommandFetcher:[67] - Fetch commands: 0 success, cost: 0ms, totalSlot: 1, currentSlotIndex: 0
[INFO] 2025-10-13 12:50:28.838 +0800 o.a.d.s.m.r.t.TaskGroupCoordinator:[187] - Success amend TaskGroupQueue status cost: 0/ms
[INFO] 2025-10-13 12:50:28.839 +0800 o.a.d.s.m.r.t.TaskGroupCoordinator:[241] - Success deal with force start TaskGroupQueue cost: 0/ms
[INFO] 2025-10-13 12:50:28.839 +0800 o.a.d.s.m.r.t.TaskGroupCoordinator:[129] - TaskGroupCoordinator round time cost: 0/ms
[INFO] 2025-10-13 12:50:28.892 +0800 o.a.d.s.m.c.IdSlotBasedCommandFetcher:[67] - Fetch commands: 0 success, cost: 0ms, totalSlot: 1, currentSlotIndex: 0
[INFO] 2025-10-13 12:50:30.003 +0800 o.a.d.s.m.c.IdSlotBasedCommandFetcher:[67] - Fetch commands: 0 success, cost: 0ms, totalSlot: 1, currentSlotIndex: 0
[INFO] 2025-10-13 12:50:31.132 +0800 o.a.d.s.m.c.IdSlotBasedCommandFetcher:[67] - Fetch commands: 0 success, cost: 0ms, totalSlot: 1, currentSlotIndex: 0
[INFO] 2025-10-13 12:50:32.134 +0800 o.a.d.s.m.c.IdSlotBasedCommandFetcher:[67] - Fetch commands: 0 success, cost: 0ms, totalSlot: 1, currentSlotIndex: 0
[INFO] 2025-10-13 12:50:33.134 +0800 o.a.d.s.m.c.IdSlotBasedCommandFetcher:[67] - Fetch commands: 0 success, cost: 0ms, totalSlot: 1, currentSlotIndex: 0
[INFO] 2025-10-13 12:50:33.852 +0800 o.a.d.s.m.r.t.TaskGroupCoordinator:[187] - Success amend TaskGroupQueue status cost: 0/ms
[INFO] 2025-10-13 12:50:33.852 +0800 o.a.d.s.m.r.t.TaskGroupCoordinator:[241] - Success deal with force start TaskGroupQueue cost: 0/ms
[INFO] 2025-10-13 12:50:33.852 +0800 o.a.d.s.m.r.t.TaskGroupCoordinator:[129] - TaskGroupCoordinator round time cost: 0/ms
[INFO] 2025-10-13 12:50:34.146 +0800 o.a.d.s.m.c.IdSlotBasedCommandFetcher:[67] - Fetch commands: 0 success, cost: 0ms, totalSlot: 1, currentSlotIndex: 0
[INFO] 2025-10-13 12:50:35.146 +0800 o.a.d.s.m.c.IdSlotBasedCommandFetcher:[67] - Fetch commands: 0 success, cost: 0ms, totalSlot: 1, currentSlotIndex: 0
[INFO] 2025-10-13 12:50:36.150 +0800 o.a.d.s.m.c.IdSlotBasedCommandFetcher:[67] - Fetch commands: 0 success, cost: 0ms, totalSlot: 1, currentSlotIndex: 0
[INFO] 2025-10-13 12:50:37.150 +0800 o.a.d.s.m.c.IdSlotBasedCommandFetcher:[67] - Fetch commands: 0 success, cost: 0ms, totalSlot: 1, currentSlotIndex: 0
[INFO] 2025-10-13 12:50:38.157 +0800 o.a.d.s.m.c.IdSlotBasedCommandFetcher:[67] - Fetch commands: 0 success, cost: 0ms, totalSlot: 1, currentSlotIndex: 0
[INFO] 2025-10-13 12:50:38.858 +0800 o.a.d.s.m.r.t.TaskGroupCoordinator:[187] - Success amend TaskGroupQueue status cost: 0/ms
[INFO] 2025-10-13 12:50:38.858 +0800 o.a.d.s.m.r.t.TaskGroupCoordinator:[241] - Success deal with force start TaskGroupQueue cost: 0/ms
[INFO] 2025-10-13 12:50:38.859 +0800 o.a.d.s.m.r.t.TaskGroupCoordinator:[129] - TaskGroupCoordinator round time cost: 0/ms
[INFO] 2025-10-13 12:50:39.157 +0800 o.a.d.s.m.c.IdSlotBasedCommandFetcher:[67] - Fetch commands: 0 success, cost: 0ms, totalSlot: 1, currentSlotIndex: 0
[INFO] 2025-10-13 12:50:40.166 +0800 o.a.d.s.m.c.IdSlotBasedCommandFetcher:[67] - Fetch commands: 0 success, cost: 0ms, totalSlot: 1, currentSlotIndex: 0
[INFO] 2025-10-13 12:50:41.166 +0800 o.a.d.s.m.c.IdSlotBasedCommandFetcher:[67] - Fetch commands: 0 success, cost: 0ms, totalSlot: 1, currentSlotIndex: 0
[INFO] 2025-10-13 12:50:42.170 +0800 o.a.d.s.m.c.IdSlotBasedCommandFetcher:[67] - Fetch commands: 0 success, cost: 0ms, totalSlot: 1, currentSlotIndex: 0
[INFO] 2025-10-13 12:50:43.255 +0800 o.a.d.s.m.c.IdSlotBasedCommandFetcher:[67] - Fetch commands: 0 success, cost: 0ms, totalSlot: 1, currentSlotIndex: 0
[INFO] 2025-10-13 12:50:43.867 +0800 o.a.d.s.m.r.t.TaskGroupCoordinator:[187] - Success amend TaskGroupQueue status cost: 0/ms
[INFO] 2025-10-13 12:50:43.867 +0800 o.a.d.s.m.r.t.TaskGroupCoordinator:[241] - Success deal with force start TaskGroupQueue cost: 0/ms
[INFO] 2025-10-13 12:50:43.867 +0800 o.a.d.s.m.r.t.TaskGroupCoordinator:[129] - TaskGroupCoordinator round time cost: 0/ms
[INFO] 2025-10-13 12:50:44.330 +0800 o.a.d.s.m.c.IdSlotBasedCommandFetcher:[67] - Fetch commands: 0 success, cost: 0ms, totalSlot: 1, currentSlotIndex: 0
[INFO] 2025-10-13 12:50:45.403 +0800 o.a.d.s.m.c.IdSlotBasedCommandFetcher:[67] - Fetch commands: 0 success, cost: 1ms, totalSlot: 1, currentSlotIndex: 0
[INFO] 2025-10-13 12:50:46.480 +0800 o.a.d.s.m.c.IdSlotBasedCommandFetcher:[67] - Fetch commands: 0 success, cost: 1ms, totalSlot: 1, currentSlotIndex: 0
[INFO] 2025-10-13 12:50:47.493 +0800 o.a.d.s.m.c.IdSlotBasedCommandFetcher:[67] - Fetch commands: 0 success, cost: 0ms, totalSlot: 1, currentSlotIndex: 0
[INFO] 2025-10-13 12:50:48.494 +0800 o.a.d.s.m.c.IdSlotBasedCommandFetcher:[67] - Fetch commands: 0 success, cost: 0ms, totalSlot: 1, currentSlotIndex: 0
[INFO] 2025-10-13 12:50:48.887 +0800 o.a.d.s.m.r.t.TaskGroupCoordinator:[187] - Success amend TaskGroupQueue status cost: 0/ms
[INFO] 2025-10-13 12:50:48.887 +0800 o.a.d.s.m.r.t.TaskGroupCoordinator:[241] - Success deal with force start TaskGroupQueue cost: 0/ms
[INFO] 2025-10-13 12:50:48.887 +0800 o.a.d.s.m.r.t.TaskGroupCoordinator:[129] - TaskGroupCoordinator round time cost: 0/ms
[INFO] 2025-10-13 12:50:49.494 +0800 o.a.d.s.m.c.IdSlotBasedCommandFetcher:[67] - Fetch commands: 0 success, cost: 0ms, totalSlot: 1, currentSlotIndex: 0
[INFO] 2025-10-13 12:50:50.495 +0800 o.a.d.s.m.c.IdSlotBasedCommandFetcher:[67] - Fetch commands: 0 success, cost: 0ms, totalSlot: 1, currentSlotIndex: 0
[INFO] 2025-10-13 12:50:51.496 +0800 o.a.d.s.m.c.IdSlotBasedCommandFetcher:[67] - Fetch commands: 0 success, cost: 0ms, totalSlot: 1, currentSlotIndex: 0
[INFO] 2025-10-13 12:50:52.496 +0800 o.a.d.s.m.c.IdSlotBasedCommandFetcher:[67] - Fetch commands: 0 success, cost: 0ms, totalSlot: 1, currentSlotIndex: 0
[INFO] 2025-10-13 12:50:53.497 +0800 o.a.d.s.m.c.IdSlotBasedCommandFetcher:[67] - Fetch commands: 0 success, cost: 0ms, totalSlot: 1, currentSlotIndex: 0
[INFO] 2025-10-13 12:50:53.892 +0800 o.a.d.s.m.r.t.TaskGroupCoordinator:[187] - Success amend TaskGroupQueue status cost: 0/ms
[INFO] 2025-10-13 12:50:53.892 +0800 o.a.d.s.m.r.t.TaskGroupCoordinator:[241] - Success deal with force start TaskGroupQueue cost: 0/ms
[INFO] 2025-10-13 12:50:53.892 +0800 o.a.d.s.m.r.t.TaskGroupCoordinator:[129] - TaskGroupCoordinator round time cost: 0/ms
[INFO] 2025-10-13 12:50:54.497 +0800 o.a.d.s.m.c.IdSlotBasedCommandFetcher:[67] - Fetch commands: 0 success, cost: 0ms, totalSlot: 1, currentSlotIndex: 0
[INFO] 2025-10-13 12:50:55.497 +0800 o.a.d.s.m.c.IdSlotBasedCommandFetcher:[67] - Fetch commands: 0 success, cost: 0ms, totalSlot: 1, currentSlotIndex: 0
[INFO] 2025-10-13 12:50:56.498 +0800 o.a.d.s.m.c.IdSlotBasedCommandFetcher:[67] - Fetch commands: 0 success, cost: 0ms, totalSlot: 1, currentSlotIndex: 0
[INFO] 2025-10-13 12:50:57.499 +0800 o.a.d.s.m.c.IdSlotBasedCommandFetcher:[67] - Fetch commands: 0 success, cost: 0ms, totalSlot: 1, currentSlotIndex: 0
[INFO] 2025-10-13 12:50:58.503 +0800 o.a.d.s.m.c.IdSlotBasedCommandFetcher:[67] - Fetch commands: 0 success, cost: 0ms, totalSlot: 1, currentSlotIndex: 0
[INFO] 2025-10-13 12:50:58.897 +0800 o.a.d.s.m.r.t.TaskGroupCoordinator:[187] - Success amend TaskGroupQueue status cost: 0/ms
[INFO] 2025-10-13 12:50:58.897 +0800 o.a.d.s.m.r.t.TaskGroupCoordinator:[241] - Success deal with force start TaskGroupQueue cost: 0/ms
[INFO] 2025-10-13 12:50:58.897 +0800 o.a.d.s.m.r.t.TaskGroupCoordinator:[129] - TaskGroupCoordinator round time cost: 0/ms
[INFO] 2025-10-13 12:50:59.612 +0800 o.a.d.s.m.c.IdSlotBasedCommandFetcher:[67] - Fetch commands: 0 success, cost: 0ms, totalSlot: 1, currentSlotIndex: 0
[INFO] 2025-10-13 12:51:00.681 +0800 o.a.d.s.m.c.IdSlotBasedCommandFetcher:[67] - Fetch commands: 0 success, cost: 0ms, totalSlot: 1, currentSlotIndex: 0
[INFO] 2025-10-13 12:51:01.762 +0800 o.a.d.s.m.c.IdSlotBasedCommandFetcher:[67] - Fetch commands: 0 success, cost: 0ms, totalSlot: 1, currentSlotIndex: 0
[INFO] 2025-10-13 12:51:02.839 +0800 o.a.d.s.m.c.IdSlotBasedCommandFetcher:[67] - Fetch commands: 0 success, cost: 0ms, totalSlot: 1, currentSlotIndex: 0
[INFO] 2025-10-13 12:51:03.900 +0800 o.a.d.s.m.r.t.TaskGroupCoordinator:[187] - Success amend TaskGroupQueue status cost: 0/ms
[INFO] 2025-10-13 12:51:03.900 +0800 o.a.d.s.m.r.t.TaskGroupCoordinator:[241] - Success deal with force start TaskGroupQueue cost: 0/ms
[INFO] 2025-10-13 12:51:03.902 +0800 o.a.d.s.m.r.t.TaskGroupCoordinator:[129] - TaskGroupCoordinator round time cost: 0/ms
[INFO] 2025-10-13 12:51:03.909 +0800 o.a.d.s.m.c.IdSlotBasedCommandFetcher:[67] - Fetch commands: 0 success, cost: 0ms, totalSlot: 1, currentSlotIndex: 0
[INFO] 2025-10-13 12:51:04.980 +0800 o.a.d.s.m.c.IdSlotBasedCommandFetcher:[67] - Fetch commands: 0 success, cost: 0ms, totalSlot: 1, currentSlotIndex: 0
[INFO] 2025-10-13 12:51:06.051 +0800 o.a.d.s.m.c.IdSlotBasedCommandFetcher:[67] - Fetch commands: 0 success, cost: 1ms, totalSlot: 1, currentSlotIndex: 0
[INFO] 2025-10-13 12:51:07.128 +0800 o.a.d.s.m.c.IdSlotBasedCommandFetcher:[67] - Fetch commands: 0 success, cost: 0ms, totalSlot: 1, currentSlotIndex: 0
[INFO] 2025-10-13 12:51:08.201 +0800 o.a.d.s.m.c.IdSlotBasedCommandFetcher:[67] - Fetch commands: 0 success, cost: 0ms, totalSlot: 1, currentSlotIndex: 0
[INFO] 2025-10-13 12:51:08.905 +0800 o.a.d.s.m.r.t.TaskGroupCoordinator:[187] - Success amend TaskGroupQueue status cost: 0/ms
[INFO] 2025-10-13 12:51:08.906 +0800 o.a.d.s.m.r.t.TaskGroupCoordinator:[241] - Success deal with force start TaskGroupQueue cost: 0/ms
[INFO] 2025-10-13 12:51:08.906 +0800 o.a.d.s.m.r.t.TaskGroupCoordinator:[129] - TaskGroupCoordinator round time cost: 0/ms
[INFO] 2025-10-13 12:51:09.415 +0800 o.a.d.s.m.c.IdSlotBasedCommandFetcher:[67] - Fetch commands: 0 success, cost: 0ms, totalSlot: 1, currentSlotIndex: 0
[INFO] 2025-10-13 12:51:10.415 +0800 o.a.d.s.m.c.IdSlotBasedCommandFetcher:[67] - Fetch commands: 0 success, cost: 0ms, totalSlot: 1, currentSlotIndex: 0
[INFO] 2025-10-13 12:51:11.416 +0800 o.a.d.s.m.c.IdSlotBasedCommandFetcher:[67] - Fetch commands: 0 success, cost: 0ms, totalSlot: 1, currentSlotIndex: 0
[INFO] 2025-10-13 12:51:12.416 +0800 o.a.d.s.m.c.IdSlotBasedCommandFetcher:[67] - Fetch commands: 0 success, cost: 0ms, totalSlot: 1, currentSlotIndex: 0
[INFO] 2025-10-13 12:51:13.416 +0800 o.a.d.s.m.c.IdSlotBasedCommandFetcher:[67] - Fetch commands: 0 success, cost: 0ms, totalSlot: 1, currentSlotIndex: 0
[INFO] 2025-10-13 12:51:13.910 +0800 o.a.d.s.m.r.t.TaskGroupCoordinator:[187] - Success amend TaskGroupQueue status cost: 0/ms
[INFO] 2025-10-13 12:51:13.910 +0800 o.a.d.s.m.r.t.TaskGroupCoordinator:[241] - Success deal with force start TaskGroupQueue cost: 0/ms
[INFO] 2025-10-13 12:51:13.910 +0800 o.a.d.s.m.r.t.TaskGroupCoordinator:[129] - TaskGroupCoordinator round time cost: 0/ms
[INFO] 2025-10-13 12:51:14.417 +0800 o.a.d.s.m.c.IdSlotBasedCommandFetcher:[67] - Fetch commands: 0 success, cost: 0ms, totalSlot: 1, currentSlotIndex: 0
[INFO] 2025-10-13 12:51:15.417 +0800 o.a.d.s.m.c.IdSlotBasedCommandFetcher:[67] - Fetch commands: 0 success, cost: 0ms, totalSlot: 1, currentSlotIndex: 0
[INFO] 2025-10-13 12:51:16.418 +0800 o.a.d.s.m.c.IdSlotBasedCommandFetcher:[67] - Fetch commands: 0 success, cost: 0ms, totalSlot: 1, currentSlotIndex: 0
[INFO] 2025-10-13 12:51:17.418 +0800 o.a.d.s.m.c.IdSlotBasedCommandFetcher:[67] - Fetch commands: 0 success, cost: 0ms, totalSlot: 1, currentSlotIndex: 0
[INFO] 2025-10-13 12:51:18.419 +0800 o.a.d.s.m.c.IdSlotBasedCommandFetcher:[67] - Fetch commands: 0 success, cost: 0ms, totalSlot: 1, currentSlotIndex: 0
[INFO] 2025-10-13 12:51:18.916 +0800 o.a.d.s.m.r.t.TaskGroupCoordinator:[187] - Success amend TaskGroupQueue status cost: 0/ms
[INFO] 2025-10-13 12:51:18.916 +0800 o.a.d.s.m.r.t.TaskGroupCoordinator:[241] - Success deal with force start TaskGroupQueue cost: 0/ms
[INFO] 2025-10-13 12:51:18.916 +0800 o.a.d.s.m.r.t.TaskGroupCoordinator:[129] - TaskGroupCoordinator round time cost: 0/ms
[INFO] 2025-10-13 12:51:19.420 +0800 o.a.d.s.m.c.IdSlotBasedCommandFetcher:[67] - Fetch commands: 0 success, cost: 0ms, totalSlot: 1, currentSlotIndex: 0
[INFO] 2025-10-13 12:51:20.420 +0800 o.a.d.s.m.c.IdSlotBasedCommandFetcher:[67] - Fetch commands: 0 success, cost: 0ms, totalSlot: 1, currentSlotIndex: 0
[INFO] 2025-10-13 12:51:21.420 +0800 o.a.d.s.m.c.IdSlotBasedCommandFetcher:[67] - Fetch commands: 0 success, cost: 0ms, totalSlot: 1, currentSlotIndex: 0
[INFO] 2025-10-13 12:51:22.421 +0800 o.a.d.s.m.c.IdSlotBasedCommandFetcher:[67] - Fetch commands: 0 success, cost: 0ms, totalSlot: 1, currentSlotIndex: 0
[INFO] 2025-10-13 12:51:23.584 +0800 o.a.d.s.m.c.IdSlotBasedCommandFetcher:[67] - Fetch commands: 0 success, cost: 0ms, totalSlot: 1, currentSlotIndex: 0
[INFO] 2025-10-13 12:51:23.920 +0800 o.a.d.s.m.r.t.TaskGroupCoordinator:[187] - Success amend TaskGroupQueue status cost: 0/ms
[INFO] 2025-10-13 12:51:23.921 +0800 o.a.d.s.m.r.t.TaskGroupCoordinator:[241] - Success deal with force start TaskGroupQueue cost: 0/ms
[INFO] 2025-10-13 12:51:23.921 +0800 o.a.d.s.m.r.t.TaskGroupCoordinator:[129] - TaskGroupCoordinator round time cost: 0/ms
[INFO] 2025-10-13 12:51:24.584 +0800 o.a.d.s.m.c.IdSlotBasedCommandFetcher:[67] - Fetch commands: 0 success, cost: 0ms, totalSlot: 1, currentSlotIndex: 0
[INFO] 2025-10-13 12:51:25.585 +0800 o.a.d.s.m.c.IdSlotBasedCommandFetcher:[67] - Fetch commands: 0 success, cost: 0ms, totalSlot: 1, currentSlotIndex: 0
[INFO] 2025-10-13 12:51:26.585 +0800 o.a.d.s.m.c.IdSlotBasedCommandFetcher:[67] - Fetch commands: 0 success, cost: 0ms, totalSlot: 1, currentSlotIndex: 0
[INFO] 2025-10-13 12:51:27.586 +0800 o.a.d.s.m.c.IdSlotBasedCommandFetcher:[67] - Fetch commands: 0 success, cost: 0ms, totalSlot: 1, currentSlotIndex: 0
[INFO] 2025-10-13 12:51:28.586 +0800 o.a.d.s.m.c.IdSlotBasedCommandFetcher:[67] - Fetch commands: 0 success, cost: 0ms, totalSlot: 1, currentSlotIndex: 0
[INFO] 2025-10-13 12:51:28.925 +0800 o.a.d.s.m.r.t.TaskGroupCoordinator:[187] - Success amend TaskGroupQueue status cost: 0/ms
[INFO] 2025-10-13 12:51:28.925 +0800 o.a.d.s.m.r.t.TaskGroupCoordinator:[241] - Success deal with force start TaskGroupQueue cost: 0/ms
[INFO] 2025-10-13 12:51:28.925 +0800 o.a.d.s.m.r.t.TaskGroupCoordinator:[129] - TaskGroupCoordinator round time cost: 0/ms
[INFO] 2025-10-13 12:51:29.587 +0800 o.a.d.s.m.c.IdSlotBasedCommandFetcher:[67] - Fetch commands: 0 success, cost: 0ms, totalSlot: 1, currentSlotIndex: 0
[INFO] 2025-10-13 12:51:30.588 +0800 o.a.d.s.m.c.IdSlotBasedCommandFetcher:[67] - Fetch commands: 0 success, cost: 0ms, totalSlot: 1, currentSlotIndex: 0
[INFO] 2025-10-13 12:51:31.602 +0800 o.a.d.s.m.c.IdSlotBasedCommandFetcher:[67] - Fetch commands: 0 success, cost: 0ms, totalSlot: 1, currentSlotIndex: 0
[INFO] 2025-10-13 12:51:32.603 +0800 o.a.d.s.m.c.IdSlotBasedCommandFetcher:[67] - Fetch commands: 0 success, cost: 0ms, totalSlot: 1, currentSlotIndex: 0
[INFO] 2025-10-13 12:51:33.606 +0800 o.a.d.s.m.c.IdSlotBasedCommandFetcher:[67] - Fetch commands: 0 success, cost: 0ms, totalSlot: 1, currentSlotIndex: 0
[INFO] 2025-10-13 12:51:33.929 +0800 o.a.d.s.m.r.t.TaskGroupCoordinator:[187] - Success amend TaskGroupQueue status cost: 0/ms
[INFO] 2025-10-13 12:51:33.929 +0800 o.a.d.s.m.r.t.TaskGroupCoordinator:[241] - Success deal with force start TaskGroupQueue cost: 0/ms
[INFO] 2025-10-13 12:51:33.929 +0800 o.a.d.s.m.r.t.TaskGroupCoordinator:[129] - TaskGroupCoordinator round time cost: 0/ms
[INFO] 2025-10-13 12:51:34.607 +0800 o.a.d.s.m.c.IdSlotBasedCommandFetcher:[67] - Fetch commands: 0 success, cost: 0ms, totalSlot: 1, currentSlotIndex: 0
[INFO] 2025-10-13 12:51:35.608 +0800 o.a.d.s.m.c.IdSlotBasedCommandFetcher:[67] - Fetch commands: 0 success, cost: 0ms, totalSlot: 1, currentSlotIndex: 0
[INFO] 2025-10-13 12:51:36.618 +0800 o.a.d.s.m.c.IdSlotBasedCommandFetcher:[67] - Fetch commands: 0 success, cost: 0ms, totalSlot: 1, currentSlotIndex: 0
[INFO] 2025-10-13 12:51:37.827 +0800 o.a.d.s.m.c.IdSlotBasedCommandFetcher:[67] - Fetch commands: 0 success, cost: 0ms, totalSlot: 1, currentSlotIndex: 0
[INFO] 2025-10-13 12:51:38.833 +0800 o.a.d.s.m.c.IdSlotBasedCommandFetcher:[67] - Fetch commands: 0 success, cost: 0ms, totalSlot: 1, currentSlotIndex: 0
[INFO] 2025-10-13 12:51:38.934 +0800 o.a.d.s.m.r.t.TaskGroupCoordinator:[187] - Success amend TaskGroupQueue status cost: 0/ms
[INFO] 2025-10-13 12:51:38.934 +0800 o.a.d.s.m.r.t.TaskGroupCoordinator:[241] - Success deal with force start TaskGroupQueue cost: 0/ms
[INFO] 2025-10-13 12:51:38.935 +0800 o.a.d.s.m.r.t.TaskGroupCoordinator:[129] - TaskGroupCoordinator round time cost: 0/ms
[INFO] 2025-10-13 12:51:39.833 +0800 o.a.d.s.m.c.IdSlotBasedCommandFetcher:[67] - Fetch commands: 0 success, cost: 0ms, totalSlot: 1, currentSlotIndex: 0
[INFO] 2025-10-13 12:51:40.845 +0800 o.a.d.s.m.c.IdSlotBasedCommandFetcher:[67] - Fetch commands: 0 success, cost: 0ms, totalSlot: 1, currentSlotIndex: 0
[INFO] 2025-10-13 12:51:41.845 +0800 o.a.d.s.m.c.IdSlotBasedCommandFetcher:[67] - Fetch commands: 0 success, cost: 0ms, totalSlot: 1, currentSlotIndex: 0
[INFO] 2025-10-13 12:51:42.858 +0800 o.a.d.s.m.c.IdSlotBasedCommandFetcher:[67] - Fetch commands: 0 success, cost: 0ms, totalSlot: 1, currentSlotIndex: 0
[INFO] 2025-10-13 12:51:43.859 +0800 o.a.d.s.m.c.IdSlotBasedCommandFetcher:[67] - Fetch commands: 0 success, cost: 0ms, totalSlot: 1, currentSlotIndex: 0
[INFO] 2025-10-13 12:51:43.949 +0800 o.a.d.s.m.r.t.TaskGroupCoordinator:[187] - Success amend TaskGroupQueue status cost: 0/ms
[INFO] 2025-10-13 12:51:43.949 +0800 o.a.d.s.m.r.t.TaskGroupCoordinator:[241] - Success deal with force start TaskGroupQueue cost: 0/ms
[INFO] 2025-10-13 12:51:43.949 +0800 o.a.d.s.m.r.t.TaskGroupCoordinator:[129] - TaskGroupCoordinator round time cost: 0/ms
[INFO] 2025-10-13 12:51:44.860 +0800 o.a.d.s.m.c.IdSlotBasedCommandFetcher:[67] - Fetch commands: 0 success, cost: 0ms, totalSlot: 1, currentSlotIndex: 0
[INFO] 2025-10-13 12:51:45.867 +0800 o.a.d.s.m.c.IdSlotBasedCommandFetcher:[67] - Fetch commands: 0 success, cost: 0ms, totalSlot: 1, currentSlotIndex: 0
[INFO] 2025-10-13 12:51:46.868 +0800 o.a.d.s.m.c.IdSlotBasedCommandFetcher:[67] - Fetch commands: 0 success, cost: 0ms, totalSlot: 1, currentSlotIndex: 0
[INFO] 2025-10-13 12:51:47.881 +0800 o.a.d.s.m.c.IdSlotBasedCommandFetcher:[67] - Fetch commands: 0 success, cost: 0ms, totalSlot: 1, currentSlotIndex: 0
[INFO] 2025-10-13 12:51:48.881 +0800 o.a.d.s.m.c.IdSlotBasedCommandFetcher:[67] - Fetch commands: 0 success, cost: 0ms, totalSlot: 1, currentSlotIndex: 0
[INFO] 2025-10-13 12:51:48.962 +0800 o.a.d.s.m.r.t.TaskGroupCoordinator:[187] - Success amend TaskGroupQueue status cost: 0/ms
[INFO] 2025-10-13 12:51:48.963 +0800 o.a.d.s.m.r.t.TaskGroupCoordinator:[241] - Success deal with force start TaskGroupQueue cost: 0/ms
[INFO] 2025-10-13 12:51:48.963 +0800 o.a.d.s.m.r.t.TaskGroupCoordinator:[129] - TaskGroupCoordinator round time cost: 0/ms
[INFO] 2025-10-13 12:51:49.881 +0800 o.a.d.s.m.c.IdSlotBasedCommandFetcher:[67] - Fetch commands: 0 success, cost: 0ms, totalSlot: 1, currentSlotIndex: 0
[INFO] 2025-10-13 12:51:50.882 +0800 o.a.d.s.m.c.IdSlotBasedCommandFetcher:[67] - Fetch commands: 0 success, cost: 0ms, totalSlot: 1, currentSlotIndex: 0
[INFO] 2025-10-13 12:51:51.883 +0800 o.a.d.s.m.c.IdSlotBasedCommandFetcher:[67] - Fetch commands: 0 success, cost: 0ms, totalSlot: 1, currentSlotIndex: 0
[INFO] 2025-10-13 12:51:53.132 +0800 o.a.d.s.m.c.IdSlotBasedCommandFetcher:[67] - Fetch commands: 0 success, cost: 1ms, totalSlot: 1, currentSlotIndex: 0
[INFO] 2025-10-13 12:51:53.971 +0800 o.a.d.s.m.r.t.TaskGroupCoordinator:[187] - Success amend TaskGroupQueue status cost: 0/ms
[INFO] 2025-10-13 12:51:53.971 +0800 o.a.d.s.m.r.t.TaskGroupCoordinator:[241] - Success deal with force start TaskGroupQueue cost: 0/ms
[INFO] 2025-10-13 12:51:53.971 +0800 o.a.d.s.m.r.t.TaskGroupCoordinator:[129] - TaskGroupCoordinator round time cost: 0/ms
[INFO] 2025-10-13 12:51:54.210 +0800 o.a.d.s.m.c.IdSlotBasedCommandFetcher:[67] - Fetch commands: 0 success, cost: 0ms, totalSlot: 1, currentSlotIndex: 0
[INFO] 2025-10-13 12:51:55.279 +0800 o.a.d.s.m.c.IdSlotBasedCommandFetcher:[67] - Fetch commands: 0 success, cost: 0ms, totalSlot: 1, currentSlotIndex: 0
[INFO] 2025-10-13 12:51:56.355 +0800 o.a.d.s.m.c.IdSlotBasedCommandFetcher:[67] - Fetch commands: 0 success, cost: 0ms, totalSlot: 1, currentSlotIndex: 0
[INFO] 2025-10-13 12:51:57.432 +0800 o.a.d.s.m.c.IdSlotBasedCommandFetcher:[67] - Fetch commands: 0 success, cost: 0ms, totalSlot: 1, currentSlotIndex: 0
[INFO] 2025-10-13 12:51:58.515 +0800 o.a.d.s.m.c.IdSlotBasedCommandFetcher:[67] - Fetch commands: 0 success, cost: 0ms, totalSlot: 1, currentSlotIndex: 0
[INFO] 2025-10-13 12:51:58.979 +0800 o.a.d.s.m.r.t.TaskGroupCoordinator:[187] - Success amend TaskGroupQueue status cost: 0/ms
[INFO] 2025-10-13 12:51:58.979 +0800 o.a.d.s.m.r.t.TaskGroupCoordinator:[241] - Success deal with force start TaskGroupQueue cost: 0/ms
[INFO] 2025-10-13 12:51:58.979 +0800 o.a.d.s.m.r.t.TaskGroupCoordinator:[129] - TaskGroupCoordinator round time cost: 0/ms
[INFO] 2025-10-13 12:51:59.596 +0800 o.a.d.s.m.c.IdSlotBasedCommandFetcher:[67] - Fetch commands: 0 success, cost: 0ms, totalSlot: 1, currentSlotIndex: 0
[INFO] 2025-10-13 12:52:00.673 +0800 o.a.d.s.m.c.IdSlotBasedCommandFetcher:[67] - Fetch commands: 0 success, cost: 0ms, totalSlot: 1, currentSlotIndex: 0
[INFO] 2025-10-13 12:52:01.757 +0800 o.a.d.s.m.c.IdSlotBasedCommandFetcher:[67] - Fetch commands: 0 success, cost: 1ms, totalSlot: 1, currentSlotIndex: 0
[INFO] 2025-10-13 12:52:02.830 +0800 o.a.d.s.m.c.IdSlotBasedCommandFetcher:[67] - Fetch commands: 0 success, cost: 0ms, totalSlot: 1, currentSlotIndex: 0
[INFO] 2025-10-13 12:52:03.913 +0800 o.a.d.s.m.c.IdSlotBasedCommandFetcher:[67] - Fetch commands: 0 success, cost: 0ms, totalSlot: 1, currentSlotIndex: 0
[INFO] 2025-10-13 12:52:03.994 +0800 o.a.d.s.m.r.t.TaskGroupCoordinator:[187] - Success amend TaskGroupQueue status cost: 0/ms
[INFO] 2025-10-13 12:52:03.994 +0800 o.a.d.s.m.r.t.TaskGroupCoordinator:[241] - Success deal with force start TaskGroupQueue cost: 0/ms
[INFO] 2025-10-13 12:52:03.994 +0800 o.a.d.s.m.r.t.TaskGroupCoordinator:[129] - TaskGroupCoordinator round time cost: 0/ms
[INFO] 2025-10-13 12:52:04.996 +0800 o.a.d.s.m.c.IdSlotBasedCommandFetcher:[67] - Fetch commands: 0 success, cost: 0ms, totalSlot: 1, currentSlotIndex: 0
[INFO] 2025-10-13 12:52:06.065 +0800 o.a.d.s.m.c.IdSlotBasedCommandFetcher:[67] - Fetch commands: 0 success, cost: 0ms, totalSlot: 1, currentSlotIndex: 0
[INFO] 2025-10-13 12:52:07.299 +0800 o.a.d.s.m.c.IdSlotBasedCommandFetcher:[67] - Fetch commands: 0 success, cost: 0ms, totalSlot: 1, currentSlotIndex: 0
[INFO] 2025-10-13 12:52:08.308 +0800 o.a.d.s.m.c.IdSlotBasedCommandFetcher:[67] - Fetch commands: 0 success, cost: 0ms, totalSlot: 1, currentSlotIndex: 0
[INFO] 2025-10-13 12:52:08.999 +0800 o.a.d.s.m.r.t.TaskGroupCoordinator:[187] - Success amend TaskGroupQueue status cost: 0/ms
[INFO] 2025-10-13 12:52:08.999 +0800 o.a.d.s.m.r.t.TaskGroupCoordinator:[241] - Success deal with force start TaskGroupQueue cost: 0/ms
[INFO] 2025-10-13 12:52:08.999 +0800 o.a.d.s.m.r.t.TaskGroupCoordinator:[129] - TaskGroupCoordinator round time cost: 0/ms
[INFO] 2025-10-13 12:52:09.308 +0800 o.a.d.s.m.c.IdSlotBasedCommandFetcher:[67] - Fetch commands: 0 success, cost: 0ms, totalSlot: 1, currentSlotIndex: 0
[INFO] 2025-10-13 12:52:10.308 +0800 o.a.d.s.m.c.IdSlotBasedCommandFetcher:[67] - Fetch commands: 0 success, cost: 0ms, totalSlot: 1, currentSlotIndex: 0
[INFO] 2025-10-13 12:52:11.316 +0800 o.a.d.s.m.c.IdSlotBasedCommandFetcher:[67] - Fetch commands: 0 success, cost: 0ms, totalSlot: 1, currentSlotIndex: 0
[INFO] 2025-10-13 12:52:12.325 +0800 o.a.d.s.m.c.IdSlotBasedCommandFetcher:[67] - Fetch commands: 0 success, cost: 0ms, totalSlot: 1, currentSlotIndex: 0
[INFO] 2025-10-13 12:52:13.326 +0800 o.a.d.s.m.c.IdSlotBasedCommandFetcher:[67] - Fetch commands: 0 success, cost: 0ms, totalSlot: 1, currentSlotIndex: 0
[INFO] 2025-10-13 12:52:14.004 +0800 o.a.d.s.m.r.t.TaskGroupCoordinator:[187] - Success amend TaskGroupQueue status cost: 0/ms
[INFO] 2025-10-13 12:52:14.004 +0800 o.a.d.s.m.r.t.TaskGroupCoordinator:[241] - Success deal with force start TaskGroupQueue cost: 0/ms
[INFO] 2025-10-13 12:52:14.004 +0800 o.a.d.s.m.r.t.TaskGroupCoordinator:[129] - TaskGroupCoordinator round time cost: 0/ms
[INFO] 2025-10-13 12:52:14.327 +0800 o.a.d.s.m.c.IdSlotBasedCommandFetcher:[67] - Fetch commands: 0 success, cost: 0ms, totalSlot: 1, currentSlotIndex: 0
[INFO] 2025-10-13 12:52:15.328 +0800 o.a.d.s.m.c.IdSlotBasedCommandFetcher:[67] - Fetch commands: 0 success, cost: 0ms, totalSlot: 1, currentSlotIndex: 0
[INFO] 2025-10-13 12:52:16.334 +0800 o.a.d.s.m.c.IdSlotBasedCommandFetcher:[67] - Fetch commands: 0 success, cost: 0ms, totalSlot: 1, currentSlotIndex: 0
[INFO] 2025-10-13 12:52:17.334 +0800 o.a.d.s.m.c.IdSlotBasedCommandFetcher:[67] - Fetch commands: 0 success, cost: 0ms, totalSlot: 1, currentSlotIndex: 0
[INFO] 2025-10-13 12:52:18.335 +0800 o.a.d.s.m.c.IdSlotBasedCommandFetcher:[67] - Fetch commands: 0 success, cost: 0ms, totalSlot: 1, currentSlotIndex: 0
[INFO] 2025-10-13 12:52:19.009 +0800 o.a.d.s.m.r.t.TaskGroupCoordinator:[187] - Success amend TaskGroupQueue status cost: 0/ms
[INFO] 2025-10-13 12:52:19.009 +0800 o.a.d.s.m.r.t.TaskGroupCoordinator:[241] - Success deal with force start TaskGroupQueue cost: 0/ms
[INFO] 2025-10-13 12:52:19.009 +0800 o.a.d.s.m.r.t.TaskGroupCoordinator:[129] - TaskGroupCoordinator round time cost: 0/ms
[INFO] 2025-10-13 12:52:19.336 +0800 o.a.d.s.m.c.IdSlotBasedCommandFetcher:[67] - Fetch commands: 0 success, cost: 0ms, totalSlot: 1, currentSlotIndex: 0
[INFO] 2025-10-13 12:52:20.336 +0800 o.a.d.s.m.c.IdSlotBasedCommandFetcher:[67] - Fetch commands: 0 success, cost: 0ms, totalSlot: 1, currentSlotIndex: 0
[INFO] 2025-10-13 12:52:21.602 +0800 o.a.d.s.m.c.IdSlotBasedCommandFetcher:[67] - Fetch commands: 0 success, cost: 0ms, totalSlot: 1, currentSlotIndex: 0
[INFO] 2025-10-13 12:52:22.602 +0800 o.a.d.s.m.c.IdSlotBasedCommandFetcher:[67] - Fetch commands: 0 success, cost: 0ms, totalSlot: 1, currentSlotIndex: 0
[INFO] 2025-10-13 12:52:23.603 +0800 o.a.d.s.m.c.IdSlotBasedCommandFetcher:[67] - Fetch commands: 0 success, cost: 0ms, totalSlot: 1, currentSlotIndex: 0
[INFO] 2025-10-13 12:52:24.014 +0800 o.a.d.s.m.r.t.TaskGroupCoordinator:[187] - Success amend TaskGroupQueue status cost: 0/ms
[INFO] 2025-10-13 12:52:24.015 +0800 o.a.d.s.m.r.t.TaskGroupCoordinator:[241] - Success deal with force start TaskGroupQueue cost: 0/ms
[INFO] 2025-10-13 12:52:24.015 +0800 o.a.d.s.m.r.t.TaskGroupCoordinator:[129] - TaskGroupCoordinator round time cost: 0/ms
[INFO] 2025-10-13 12:52:24.603 +0800 o.a.d.s.m.c.IdSlotBasedCommandFetcher:[67] - Fetch commands: 0 success, cost: 0ms, totalSlot: 1, currentSlotIndex: 0
[INFO] 2025-10-13 12:52:25.604 +0800 o.a.d.s.m.c.IdSlotBasedCommandFetcher:[67] - Fetch commands: 0 success, cost: 0ms, totalSlot: 1, currentSlotIndex: 0
[INFO] 2025-10-13 12:52:26.605 +0800 o.a.d.s.m.c.IdSlotBasedCommandFetcher:[67] - Fetch commands: 0 success, cost: 0ms, totalSlot: 1, currentSlotIndex: 0
[INFO] 2025-10-13 12:52:27.605 +0800 o.a.d.s.m.c.IdSlotBasedCommandFetcher:[67] - Fetch commands: 0 success, cost: 0ms, totalSlot: 1, currentSlotIndex: 0
[INFO] 2025-10-13 12:52:28.618 +0800 o.a.d.s.m.c.IdSlotBasedCommandFetcher:[67] - Fetch commands: 0 success, cost: 0ms, totalSlot: 1, currentSlotIndex: 0
[INFO] 2025-10-13 12:52:29.023 +0800 o.a.d.s.m.r.t.TaskGroupCoordinator:[187] - Success amend TaskGroupQueue status cost: 0/ms
[INFO] 2025-10-13 12:52:29.023 +0800 o.a.d.s.m.r.t.TaskGroupCoordinator:[241] - Success deal with force start TaskGroupQueue cost: 0/ms
[INFO] 2025-10-13 12:52:29.024 +0800 o.a.d.s.m.r.t.TaskGroupCoordinator:[129] - TaskGroupCoordinator round time cost: 0/ms
[INFO] 2025-10-13 12:52:29.633 +0800 o.a.d.s.m.c.IdSlotBasedCommandFetcher:[67] - Fetch commands: 0 success, cost: 0ms, totalSlot: 1, currentSlotIndex: 0
[INFO] 2025-10-13 12:52:30.633 +0800 o.a.d.s.m.c.IdSlotBasedCommandFetcher:[67] - Fetch commands: 0 success, cost: 0ms, totalSlot: 1, currentSlotIndex: 0
[INFO] 2025-10-13 12:52:31.633 +0800 o.a.d.s.m.c.IdSlotBasedCommandFetcher:[67] - Fetch commands: 0 success, cost: 0ms, totalSlot: 1, currentSlotIndex: 0
[INFO] 2025-10-13 12:52:32.643 +0800 o.a.d.s.m.c.IdSlotBasedCommandFetcher:[67] - Fetch commands: 0 success, cost: 0ms, totalSlot: 1, currentSlotIndex: 0
[INFO] 2025-10-13 12:52:33.643 +0800 o.a.d.s.m.c.IdSlotBasedCommandFetcher:[67] - Fetch commands: 0 success, cost: 0ms, totalSlot: 1, currentSlotIndex: 0
[INFO] 2025-10-13 12:52:34.027 +0800 o.a.d.s.m.r.t.TaskGroupCoordinator:[187] - Success amend TaskGroupQueue status cost: 0/ms
[INFO] 2025-10-13 12:52:34.028 +0800 o.a.d.s.m.r.t.TaskGroupCoordinator:[241] - Success deal with force start TaskGroupQueue cost: 0/ms
[INFO] 2025-10-13 12:52:34.028 +0800 o.a.d.s.m.r.t.TaskGroupCoordinator:[129] - TaskGroupCoordinator round time cost: 0/ms
[INFO] 2025-10-13 12:52:34.643 +0800 o.a.d.s.m.c.IdSlotBasedCommandFetcher:[67] - Fetch commands: 0 success, cost: 0ms, totalSlot: 1, currentSlotIndex: 0
[INFO] 2025-10-13 12:52:35.643 +0800 o.a.d.s.m.c.IdSlotBasedCommandFetcher:[67] - Fetch commands: 0 success, cost: 0ms, totalSlot: 1, currentSlotIndex: 0
[INFO] 2025-10-13 12:52:36.649 +0800 o.a.d.s.m.c.IdSlotBasedCommandFetcher:[67] - Fetch commands: 0 success, cost: 0ms, totalSlot: 1, currentSlotIndex: 0
[INFO] 2025-10-13 12:52:37.649 +0800 o.a.d.s.m.c.IdSlotBasedCommandFetcher:[67] - Fetch commands: 0 success, cost: 0ms, totalSlot: 1, currentSlotIndex: 0
[INFO] 2025-10-13 12:52:38.649 +0800 o.a.d.s.m.c.IdSlotBasedCommandFetcher:[67] - Fetch commands: 0 success, cost: 0ms, totalSlot: 1, currentSlotIndex: 0
[INFO] 2025-10-13 12:52:39.032 +0800 o.a.d.s.m.r.t.TaskGroupCoordinator:[187] - Success amend TaskGroupQueue status cost: 0/ms
[INFO] 2025-10-13 12:52:39.032 +0800 o.a.d.s.m.r.t.TaskGroupCoordinator:[241] - Success deal with force start TaskGroupQueue cost: 0/ms
[INFO] 2025-10-13 12:52:39.032 +0800 o.a.d.s.m.r.t.TaskGroupCoordinator:[129] - TaskGroupCoordinator round time cost: 0/ms
[INFO] 2025-10-13 12:52:39.649 +0800 o.a.d.s.m.c.IdSlotBasedCommandFetcher:[67] - Fetch commands: 0 success, cost: 0ms, totalSlot: 1, currentSlotIndex: 0
[INFO] 2025-10-13 12:52:40.650 +0800 o.a.d.s.m.c.IdSlotBasedCommandFetcher:[67] - Fetch commands: 0 success, cost: 0ms, totalSlot: 1, currentSlotIndex: 0
[INFO] 2025-10-13 12:52:41.651 +0800 o.a.d.s.m.c.IdSlotBasedCommandFetcher:[67] - Fetch commands: 0 success, cost: 0ms, totalSlot: 1, currentSlotIndex: 0
[INFO] 2025-10-13 12:52:42.651 +0800 o.a.d.s.m.c.IdSlotBasedCommandFetcher:[67] - Fetch commands: 0 success, cost: 0ms, totalSlot: 1, currentSlotIndex: 0
[INFO] 2025-10-13 12:52:43.652 +0800 o.a.d.s.m.c.IdSlotBasedCommandFetcher:[67] - Fetch commands: 0 success, cost: 0ms, totalSlot: 1, currentSlotIndex: 0
[INFO] 2025-10-13 12:52:44.039 +0800 o.a.d.s.m.r.t.TaskGroupCoordinator:[187] - Success amend TaskGroupQueue status cost: 0/ms
[INFO] 2025-10-13 12:52:44.039 +0800 o.a.d.s.m.r.t.TaskGroupCoordinator:[241] - Success deal with force start TaskGroupQueue cost: 0/ms
[INFO] 2025-10-13 12:52:44.039 +0800 o.a.d.s.m.r.t.TaskGroupCoordinator:[129] - TaskGroupCoordinator round time cost: 0/ms
[INFO] 2025-10-13 12:52:44.653 +0800 o.a.d.s.m.c.IdSlotBasedCommandFetcher:[67] - Fetch commands: 0 success, cost: 0ms, totalSlot: 1, currentSlotIndex: 0
[INFO] 2025-10-13 12:52:45.653 +0800 o.a.d.s.m.c.IdSlotBasedCommandFetcher:[67] - Fetch commands: 0 success, cost: 0ms, totalSlot: 1, currentSlotIndex: 0
[INFO] 2025-10-13 12:52:46.653 +0800 o.a.d.s.m.c.IdSlotBasedCommandFetcher:[67] - Fetch commands: 0 success, cost: 0ms, totalSlot: 1, currentSlotIndex: 0
[INFO] 2025-10-13 12:52:47.655 +0800 o.a.d.s.m.c.IdSlotBasedCommandFetcher:[67] - Fetch commands: 0 success, cost: 0ms, totalSlot: 1, currentSlotIndex: 0
[INFO] 2025-10-13 12:52:48.659 +0800 o.a.d.s.m.c.IdSlotBasedCommandFetcher:[67] - Fetch commands: 0 success, cost: 0ms, totalSlot: 1, currentSlotIndex: 0
[INFO] 2025-10-13 12:52:49.043 +0800 o.a.d.s.m.r.t.TaskGroupCoordinator:[187] - Success amend TaskGroupQueue status cost: 0/ms
[INFO] 2025-10-13 12:52:49.043 +0800 o.a.d.s.m.r.t.TaskGroupCoordinator:[241] - Success deal with force start TaskGroupQueue cost: 0/ms
[INFO] 2025-10-13 12:52:49.043 +0800 o.a.d.s.m.r.t.TaskGroupCoordinator:[129] - TaskGroupCoordinator round time cost: 0/ms
[INFO] 2025-10-13 12:52:49.660 +0800 o.a.d.s.m.c.IdSlotBasedCommandFetcher:[67] - Fetch commands: 0 success, cost: 0ms, totalSlot: 1, currentSlotIndex: 0
[INFO] 2025-10-13 12:52:50.669 +0800 o.a.d.s.m.c.IdSlotBasedCommandFetcher:[67] - Fetch commands: 0 success, cost: 0ms, totalSlot: 1, currentSlotIndex: 0
[INFO] 2025-10-13 12:52:51.670 +0800 o.a.d.s.m.c.IdSlotBasedCommandFetcher:[67] - Fetch commands: 0 success, cost: 0ms, totalSlot: 1, currentSlotIndex: 0
[INFO] 2025-10-13 12:52:52.680 +0800 o.a.d.s.m.c.IdSlotBasedCommandFetcher:[67] - Fetch commands: 0 success, cost: 0ms, totalSlot: 1, currentSlotIndex: 0
[INFO] 2025-10-13 12:52:53.681 +0800 o.a.d.s.m.c.IdSlotBasedCommandFetcher:[67] - Fetch commands: 0 success, cost: 0ms, totalSlot: 1, currentSlotIndex: 0
[INFO] 2025-10-13 12:52:54.050 +0800 o.a.d.s.m.r.t.TaskGroupCoordinator:[187] - Success amend TaskGroupQueue status cost: 0/ms
[INFO] 2025-10-13 12:52:54.050 +0800 o.a.d.s.m.r.t.TaskGroupCoordinator:[241] - Success deal with force start TaskGroupQueue cost: 0/ms
[INFO] 2025-10-13 12:52:54.050 +0800 o.a.d.s.m.r.t.TaskGroupCoordinator:[129] - TaskGroupCoordinator round time cost: 0/ms
[INFO] 2025-10-13 12:52:54.682 +0800 o.a.d.s.m.c.IdSlotBasedCommandFetcher:[67] - Fetch commands: 0 success, cost: 0ms, totalSlot: 1, currentSlotIndex: 0
[INFO] 2025-10-13 12:52:55.694 +0800 o.a.d.s.m.c.IdSlotBasedCommandFetcher:[67] - Fetch commands: 0 success, cost: 0ms, totalSlot: 1, currentSlotIndex: 0
[INFO] 2025-10-13 12:52:56.694 +0800 o.a.d.s.m.c.IdSlotBasedCommandFetcher:[67] - Fetch commands: 0 success, cost: 0ms, totalSlot: 1, currentSlotIndex: 0
[INFO] 2025-10-13 12:52:57.697 +0800 o.a.d.s.m.c.IdSlotBasedCommandFetcher:[67] - Fetch commands: 0 success, cost: 0ms, totalSlot: 1, currentSlotIndex: 0
[INFO] 2025-10-13 12:52:58.697 +0800 o.a.d.s.m.c.IdSlotBasedCommandFetcher:[67] - Fetch commands: 0 success, cost: 0ms, totalSlot: 1, currentSlotIndex: 0
[INFO] 2025-10-13 12:52:59.057 +0800 o.a.d.s.m.r.t.TaskGroupCoordinator:[187] - Success amend TaskGroupQueue status cost: 0/ms
[INFO] 2025-10-13 12:52:59.057 +0800 o.a.d.s.m.r.t.TaskGroupCoordinator:[241] - Success deal with force start TaskGroupQueue cost: 0/ms
[INFO] 2025-10-13 12:52:59.057 +0800 o.a.d.s.m.r.t.TaskGroupCoordinator:[129] - TaskGroupCoordinator round time cost: 0/ms
[INFO] 2025-10-13 12:52:59.697 +0800 o.a.d.s.m.c.IdSlotBasedCommandFetcher:[67] - Fetch commands: 0 success, cost: 0ms, totalSlot: 1, currentSlotIndex: 0
[INFO] 2025-10-13 12:53:00.699 +0800 o.a.d.s.m.c.IdSlotBasedCommandFetcher:[67] - Fetch commands: 0 success, cost: 0ms, totalSlot: 1, currentSlotIndex: 0
[INFO] 2025-10-13 12:53:01.700 +0800 o.a.d.s.m.c.IdSlotBasedCommandFetcher:[67] - Fetch commands: 0 success, cost: 0ms, totalSlot: 1, currentSlotIndex: 0
[INFO] 2025-10-13 12:53:02.700 +0800 o.a.d.s.m.c.IdSlotBasedCommandFetcher:[67] - Fetch commands: 0 success, cost: 0ms, totalSlot: 1, currentSlotIndex: 0
[INFO] 2025-10-13 12:53:03.702 +0800 o.a.d.s.m.c.IdSlotBasedCommandFetcher:[67] - Fetch commands: 0 success, cost: 0ms, totalSlot: 1, currentSlotIndex: 0
[INFO] 2025-10-13 12:53:04.063 +0800 o.a.d.s.m.r.t.TaskGroupCoordinator:[187] - Success amend TaskGroupQueue status cost: 0/ms
[INFO] 2025-10-13 12:53:04.063 +0800 o.a.d.s.m.r.t.TaskGroupCoordinator:[241] - Success deal with force start TaskGroupQueue cost: 0/ms
[INFO] 2025-10-13 12:53:04.063 +0800 o.a.d.s.m.r.t.TaskGroupCoordinator:[129] - TaskGroupCoordinator round time cost: 0/ms
[INFO] 2025-10-13 12:53:04.985 +0800 o.a.d.s.m.c.IdSlotBasedCommandFetcher:[67] - Fetch commands: 0 success, cost: 0ms, totalSlot: 1, currentSlotIndex: 0
[INFO] 2025-10-13 12:53:05.985 +0800 o.a.d.s.m.c.IdSlotBasedCommandFetcher:[67] - Fetch commands: 0 success, cost: 0ms, totalSlot: 1, currentSlotIndex: 0
[INFO] 2025-10-13 12:53:06.985 +0800 o.a.d.s.m.c.IdSlotBasedCommandFetcher:[67] - Fetch commands: 0 success, cost: 0ms, totalSlot: 1, currentSlotIndex: 0
[INFO] 2025-10-13 12:53:07.985 +0800 o.a.d.s.m.c.IdSlotBasedCommandFetcher:[67] - Fetch commands: 0 success, cost: 0ms, totalSlot: 1, currentSlotIndex: 0
[INFO] 2025-10-13 12:53:08.986 +0800 o.a.d.s.m.c.IdSlotBasedCommandFetcher:[67] - Fetch commands: 0 success, cost: 0ms, totalSlot: 1, currentSlotIndex: 0
[INFO] 2025-10-13 12:53:09.067 +0800 o.a.d.s.m.r.t.TaskGroupCoordinator:[187] - Success amend TaskGroupQueue status cost: 0/ms
[INFO] 2025-10-13 12:53:09.067 +0800 o.a.d.s.m.r.t.TaskGroupCoordinator:[241] - Success deal with force start TaskGroupQueue cost: 0/ms
[INFO] 2025-10-13 12:53:09.067 +0800 o.a.d.s.m.r.t.TaskGroupCoordinator:[129] - TaskGroupCoordinator round time cost: 0/ms
[INFO] 2025-10-13 12:53:09.987 +0800 o.a.d.s.m.c.IdSlotBasedCommandFetcher:[67] - Fetch commands: 0 success, cost: 0ms, totalSlot: 1, currentSlotIndex: 0
[INFO] 2025-10-13 12:53:10.987 +0800 o.a.d.s.m.c.IdSlotBasedCommandFetcher:[67] - Fetch commands: 0 success, cost: 0ms, totalSlot: 1, currentSlotIndex: 0
[INFO] 2025-10-13 12:53:11.987 +0800 o.a.d.s.m.c.IdSlotBasedCommandFetcher:[67] - Fetch commands: 0 success, cost: 0ms, totalSlot: 1, currentSlotIndex: 0
[INFO] 2025-10-13 12:53:12.987 +0800 o.a.d.s.m.c.IdSlotBasedCommandFetcher:[67] - Fetch commands: 0 success, cost: 0ms, totalSlot: 1, currentSlotIndex: 0
[INFO] 2025-10-13 12:53:13.987 +0800 o.a.d.s.m.c.IdSlotBasedCommandFetcher:[67] - Fetch commands: 0 success, cost: 0ms, totalSlot: 1, currentSlotIndex: 0
[INFO] 2025-10-13 12:53:14.072 +0800 o.a.d.s.m.r.t.TaskGroupCoordinator:[187] - Success amend TaskGroupQueue status cost: 0/ms
[INFO] 2025-10-13 12:53:14.072 +0800 o.a.d.s.m.r.t.TaskGroupCoordinator:[241] - Success deal with force start TaskGroupQueue cost: 0/ms
[INFO] 2025-10-13 12:53:14.072 +0800 o.a.d.s.m.r.t.TaskGroupCoordinator:[129] - TaskGroupCoordinator round time cost: 0/ms
[INFO] 2025-10-13 12:53:14.987 +0800 o.a.d.s.m.c.IdSlotBasedCommandFetcher:[67] - Fetch commands: 0 success, cost: 0ms, totalSlot: 1, currentSlotIndex: 0
[INFO] 2025-10-13 12:53:15.988 +0800 o.a.d.s.m.c.IdSlotBasedCommandFetcher:[67] - Fetch commands: 0 success, cost: 0ms, totalSlot: 1, currentSlotIndex: 0
[INFO] 2025-10-13 12:53:16.988 +0800 o.a.d.s.m.c.IdSlotBasedCommandFetcher:[67] - Fetch commands: 0 success, cost: 0ms, totalSlot: 1, currentSlotIndex: 0
[INFO] 2025-10-13 12:53:17.989 +0800 o.a.d.s.m.c.IdSlotBasedCommandFetcher:[67] - Fetch commands: 0 success, cost: 0ms, totalSlot: 1, currentSlotIndex: 0
[INFO] 2025-10-13 12:53:18.989 +0800 o.a.d.s.m.c.IdSlotBasedCommandFetcher:[67] - Fetch commands: 0 success, cost: 0ms, totalSlot: 1, currentSlotIndex: 0
[INFO] 2025-10-13 12:53:19.075 +0800 o.a.d.s.m.r.t.TaskGroupCoordinator:[187] - Success amend TaskGroupQueue status cost: 0/ms
[INFO] 2025-10-13 12:53:19.075 +0800 o.a.d.s.m.r.t.TaskGroupCoordinator:[241] - Success deal with force start TaskGroupQueue cost: 0/ms
[INFO] 2025-10-13 12:53:19.075 +0800 o.a.d.s.m.r.t.TaskGroupCoordinator:[129] - TaskGroupCoordinator round time cost: 0/ms
[INFO] 2025-10-13 12:53:19.990 +0800 o.a.d.s.m.c.IdSlotBasedCommandFetcher:[67] - Fetch commands: 0 success, cost: 0ms, totalSlot: 1, currentSlotIndex: 0
[INFO] 2025-10-13 12:53:20.991 +0800 o.a.d.s.m.c.IdSlotBasedCommandFetcher:[67] - Fetch commands: 0 success, cost: 0ms, totalSlot: 1, currentSlotIndex: 0
[INFO] 2025-10-13 12:53:21.992 +0800 o.a.d.s.m.c.IdSlotBasedCommandFetcher:[67] - Fetch commands: 0 success, cost: 0ms, totalSlot: 1, currentSlotIndex: 0
[INFO] 2025-10-13 12:53:22.993 +0800 o.a.d.s.m.c.IdSlotBasedCommandFetcher:[67] - Fetch commands: 0 success, cost: 0ms, totalSlot: 1, currentSlotIndex: 0
[INFO] 2025-10-13 12:53:23.994 +0800 o.a.d.s.m.c.IdSlotBasedCommandFetcher:[67] - Fetch commands: 0 success, cost: 0ms, totalSlot: 1, currentSlotIndex: 0
[INFO] 2025-10-13 12:53:24.080 +0800 o.a.d.s.m.r.t.TaskGroupCoordinator:[187] - Success amend TaskGroupQueue status cost: 0/ms
[INFO] 2025-10-13 12:53:24.080 +0800 o.a.d.s.m.r.t.TaskGroupCoordinator:[241] - Success deal with force start TaskGroupQueue cost: 0/ms
[INFO] 2025-10-13 12:53:24.080 +0800 o.a.d.s.m.r.t.TaskGroupCoordinator:[129] - TaskGroupCoordinator round time cost: 0/ms
[INFO] 2025-10-13 12:53:24.994 +0800 o.a.d.s.m.c.IdSlotBasedCommandFetcher:[67] - Fetch commands: 0 success, cost: 0ms, totalSlot: 1, currentSlotIndex: 0
[INFO] 2025-10-13 12:53:25.995 +0800 o.a.d.s.m.c.IdSlotBasedCommandFetcher:[67] - Fetch commands: 0 success, cost: 0ms, totalSlot: 1, currentSlotIndex: 0
[INFO] 2025-10-13 12:53:26.996 +0800 o.a.d.s.m.c.IdSlotBasedCommandFetcher:[67] - Fetch commands: 0 success, cost: 0ms, totalSlot: 1, currentSlotIndex: 0
[INFO] 2025-10-13 12:53:27.996 +0800 o.a.d.s.m.c.IdSlotBasedCommandFetcher:[67] - Fetch commands: 0 success, cost: 0ms, totalSlot: 1, currentSlotIndex: 0
[INFO] 2025-10-13 12:53:28.997 +0800 o.a.d.s.m.c.IdSlotBasedCommandFetcher:[67] - Fetch commands: 0 success, cost: 0ms, totalSlot: 1, currentSlotIndex: 0
[INFO] 2025-10-13 12:53:29.085 +0800 o.a.d.s.m.r.t.TaskGroupCoordinator:[187] - Success amend TaskGroupQueue status cost: 0/ms
[INFO] 2025-10-13 12:53:29.085 +0800 o.a.d.s.m.r.t.TaskGroupCoordinator:[241] - Success deal with force start TaskGroupQueue cost: 0/ms
[INFO] 2025-10-13 12:53:29.085 +0800 o.a.d.s.m.r.t.TaskGroupCoordinator:[129] - TaskGroupCoordinator round time cost: 0/ms
[INFO] 2025-10-13 12:53:29.997 +0800 o.a.d.s.m.c.IdSlotBasedCommandFetcher:[67] - Fetch commands: 0 success, cost: 0ms, totalSlot: 1, currentSlotIndex: 0
[INFO] 2025-10-13 12:53:30.998 +0800 o.a.d.s.m.c.IdSlotBasedCommandFetcher:[67] - Fetch commands: 0 success, cost: 0ms, totalSlot: 1, currentSlotIndex: 0
[INFO] 2025-10-13 12:53:31.998 +0800 o.a.d.s.m.c.IdSlotBasedCommandFetcher:[67] - Fetch commands: 0 success, cost: 0ms, totalSlot: 1, currentSlotIndex: 0
[INFO] 2025-10-13 12:53:33.238 +0800 o.a.d.s.m.c.IdSlotBasedCommandFetcher:[67] - Fetch commands: 0 success, cost: 0ms, totalSlot: 1, currentSlotIndex: 0
[INFO] 2025-10-13 12:53:34.090 +0800 o.a.d.s.m.r.t.TaskGroupCoordinator:[187] - Success amend TaskGroupQueue status cost: 0/ms
[INFO] 2025-10-13 12:53:34.090 +0800 o.a.d.s.m.r.t.TaskGroupCoordinator:[241] - Success deal with force start TaskGroupQueue cost: 0/ms
[INFO] 2025-10-13 12:53:34.090 +0800 o.a.d.s.m.r.t.TaskGroupCoordinator:[129] - TaskGroupCoordinator round time cost: 0/ms
[INFO] 2025-10-13 12:53:34.319 +0800 o.a.d.s.m.c.IdSlotBasedCommandFetcher:[67] - Fetch commands: 0 success, cost: 0ms, totalSlot: 1, currentSlotIndex: 0
[INFO] 2025-10-13 12:53:35.386 +0800 o.a.d.s.m.c.IdSlotBasedCommandFetcher:[67] - Fetch commands: 0 success, cost: 0ms, totalSlot: 1, currentSlotIndex: 0
[INFO] 2025-10-13 12:53:36.454 +0800 o.a.d.s.m.c.IdSlotBasedCommandFetcher:[67] - Fetch commands: 0 success, cost: 0ms, totalSlot: 1, currentSlotIndex: 0
[INFO] 2025-10-13 12:53:37.525 +0800 o.a.d.s.m.c.IdSlotBasedCommandFetcher:[67] - Fetch commands: 0 success, cost: 0ms, totalSlot: 1, currentSlotIndex: 0
[INFO] 2025-10-13 12:53:38.601 +0800 o.a.d.s.m.c.IdSlotBasedCommandFetcher:[67] - Fetch commands: 0 success, cost: 0ms, totalSlot: 1, currentSlotIndex: 0
[INFO] 2025-10-13 12:53:39.094 +0800 o.a.d.s.m.r.t.TaskGroupCoordinator:[187] - Success amend TaskGroupQueue status cost: 0/ms
[INFO] 2025-10-13 12:53:39.095 +0800 o.a.d.s.m.r.t.TaskGroupCoordinator:[241] - Success deal with force start TaskGroupQueue cost: 0/ms
[INFO] 2025-10-13 12:53:39.095 +0800 o.a.d.s.m.r.t.TaskGroupCoordinator:[129] - TaskGroupCoordinator round time cost: 0/ms
[INFO] 2025-10-13 12:53:39.672 +0800 o.a.d.s.m.c.IdSlotBasedCommandFetcher:[67] - Fetch commands: 0 success, cost: 0ms, totalSlot: 1, currentSlotIndex: 0
[INFO] 2025-10-13 12:53:40.744 +0800 o.a.d.s.m.c.IdSlotBasedCommandFetcher:[67] - Fetch commands: 0 success, cost: 0ms, totalSlot: 1, currentSlotIndex: 0
[INFO] 2025-10-13 12:53:41.813 +0800 o.a.d.s.m.c.IdSlotBasedCommandFetcher:[67] - Fetch commands: 0 success, cost: 0ms, totalSlot: 1, currentSlotIndex: 0
[INFO] 2025-10-13 12:53:42.887 +0800 o.a.d.s.m.c.IdSlotBasedCommandFetcher:[67] - Fetch commands: 0 success, cost: 0ms, totalSlot: 1, currentSlotIndex: 0
[INFO] 2025-10-13 12:53:43.972 +0800 o.a.d.s.m.c.IdSlotBasedCommandFetcher:[67] - Fetch commands: 0 success, cost: 0ms, totalSlot: 1, currentSlotIndex: 0
[INFO] 2025-10-13 12:53:44.112 +0800 o.a.d.s.m.r.t.TaskGroupCoordinator:[187] - Success amend TaskGroupQueue status cost: 0/ms
[INFO] 2025-10-13 12:53:44.112 +0800 o.a.d.s.m.r.t.TaskGroupCoordinator:[241] - Success deal with force start TaskGroupQueue cost: 0/ms
[INFO] 2025-10-13 12:53:44.112 +0800 o.a.d.s.m.r.t.TaskGroupCoordinator:[129] - TaskGroupCoordinator round time cost: 0/ms
[INFO] 2025-10-13 12:53:45.038 +0800 o.a.d.s.m.c.IdSlotBasedCommandFetcher:[67] - Fetch commands: 0 success, cost: 0ms, totalSlot: 1, currentSlotIndex: 0
[INFO] 2025-10-13 12:53:46.157 +0800 o.a.d.s.m.c.IdSlotBasedCommandFetcher:[67] - Fetch commands: 0 success, cost: 0ms, totalSlot: 1, currentSlotIndex: 0
[INFO] 2025-10-13 12:53:47.157 +0800 o.a.d.s.m.c.IdSlotBasedCommandFetcher:[67] - Fetch commands: 0 success, cost: 0ms, totalSlot: 1, currentSlotIndex: 0
[INFO] 2025-10-13 12:53:48.158 +0800 o.a.d.s.m.c.IdSlotBasedCommandFetcher:[67] - Fetch commands: 0 success, cost: 0ms, totalSlot: 1, currentSlotIndex: 0
[INFO] 2025-10-13 12:53:49.116 +0800 o.a.d.s.m.r.t.TaskGroupCoordinator:[187] - Success amend TaskGroupQueue status cost: 0/ms
[INFO] 2025-10-13 12:53:49.116 +0800 o.a.d.s.m.r.t.TaskGroupCoordinator:[241] - Success deal with force start TaskGroupQueue cost: 0/ms
[INFO] 2025-10-13 12:53:49.116 +0800 o.a.d.s.m.r.t.TaskGroupCoordinator:[129] - TaskGroupCoordinator round time cost: 0/ms
[INFO] 2025-10-13 12:53:49.159 +0800 o.a.d.s.m.c.IdSlotBasedCommandFetcher:[67] - Fetch commands: 0 success, cost: 0ms, totalSlot: 1, currentSlotIndex: 0
[INFO] 2025-10-13 12:53:50.159 +0800 o.a.d.s.m.c.IdSlotBasedCommandFetcher:[67] - Fetch commands: 0 success, cost: 0ms, totalSlot: 1, currentSlotIndex: 0
[INFO] 2025-10-13 12:53:51.160 +0800 o.a.d.s.m.c.IdSlotBasedCommandFetcher:[67] - Fetch commands: 0 success, cost: 0ms, totalSlot: 1, currentSlotIndex: 0
[INFO] 2025-10-13 12:53:52.161 +0800 o.a.d.s.m.c.IdSlotBasedCommandFetcher:[67] - Fetch commands: 0 success, cost: 0ms, totalSlot: 1, currentSlotIndex: 0
[INFO] 2025-10-13 12:53:53.162 +0800 o.a.d.s.m.c.IdSlotBasedCommandFetcher:[67] - Fetch commands: 0 success, cost: 0ms, totalSlot: 1, currentSlotIndex: 0
[INFO] 2025-10-13 12:53:54.120 +0800 o.a.d.s.m.r.t.TaskGroupCoordinator:[187] - Success amend TaskGroupQueue status cost: 0/ms
[INFO] 2025-10-13 12:53:54.120 +0800 o.a.d.s.m.r.t.TaskGroupCoordinator:[241] - Success deal with force start TaskGroupQueue cost: 0/ms
[INFO] 2025-10-13 12:53:54.120 +0800 o.a.d.s.m.r.t.TaskGroupCoordinator:[129] - TaskGroupCoordinator round time cost: 0/ms
[INFO] 2025-10-13 12:53:54.163 +0800 o.a.d.s.m.c.IdSlotBasedCommandFetcher:[67] - Fetch commands: 0 success, cost: 0ms, totalSlot: 1, currentSlotIndex: 0
[INFO] 2025-10-13 12:53:55.163 +0800 o.a.d.s.m.c.IdSlotBasedCommandFetcher:[67] - Fetch commands: 0 success, cost: 0ms, totalSlot: 1, currentSlotIndex: 0
[INFO] 2025-10-13 12:53:56.164 +0800 o.a.d.s.m.c.IdSlotBasedCommandFetcher:[67] - Fetch commands: 0 success, cost: 0ms, totalSlot: 1, currentSlotIndex: 0
[INFO] 2025-10-13 12:53:57.165 +0800 o.a.d.s.m.c.IdSlotBasedCommandFetcher:[67] - Fetch commands: 0 success, cost: 0ms, totalSlot: 1, currentSlotIndex: 0
[INFO] 2025-10-13 12:53:58.298 +0800 o.a.d.s.m.c.IdSlotBasedCommandFetcher:[67] - Fetch commands: 0 success, cost: 0ms, totalSlot: 1, currentSlotIndex: 0
[INFO] 2025-10-13 12:53:59.124 +0800 o.a.d.s.m.r.t.TaskGroupCoordinator:[187] - Success amend TaskGroupQueue status cost: 0/ms
[INFO] 2025-10-13 12:53:59.125 +0800 o.a.d.s.m.r.t.TaskGroupCoordinator:[241] - Success deal with force start TaskGroupQueue cost: 0/ms
[INFO] 2025-10-13 12:53:59.125 +0800 o.a.d.s.m.r.t.TaskGroupCoordinator:[129] - TaskGroupCoordinator round time cost: 0/ms
[INFO] 2025-10-13 12:53:59.394 +0800 o.a.d.s.m.c.IdSlotBasedCommandFetcher:[67] - Fetch commands: 0 success, cost: 1ms, totalSlot: 1, currentSlotIndex: 0
[INFO] 2025-10-13 12:54:00.395 +0800 o.a.d.s.m.c.IdSlotBasedCommandFetcher:[67] - Fetch commands: 0 success, cost: 0ms, totalSlot: 1, currentSlotIndex: 0
[INFO] 2025-10-13 12:54:01.395 +0800 o.a.d.s.m.c.IdSlotBasedCommandFetcher:[67] - Fetch commands: 0 success, cost: 0ms, totalSlot: 1, currentSlotIndex: 0
[INFO] 2025-10-13 12:54:02.395 +0800 o.a.d.s.m.c.IdSlotBasedCommandFetcher:[67] - Fetch commands: 0 success, cost: 0ms, totalSlot: 1, currentSlotIndex: 0
[INFO] 2025-10-13 12:54:03.395 +0800 o.a.d.s.m.c.IdSlotBasedCommandFetcher:[67] - Fetch commands: 0 success, cost: 0ms, totalSlot: 1, currentSlotIndex: 0
[INFO] 2025-10-13 12:54:04.129 +0800 o.a.d.s.m.r.t.TaskGroupCoordinator:[187] - Success amend TaskGroupQueue status cost: 0/ms
[INFO] 2025-10-13 12:54:04.129 +0800 o.a.d.s.m.r.t.TaskGroupCoordinator:[241] - Success deal with force start TaskGroupQueue cost: 0/ms
[INFO] 2025-10-13 12:54:04.129 +0800 o.a.d.s.m.r.t.TaskGroupCoordinator:[129] - TaskGroupCoordinator round time cost: 0/ms
[INFO] 2025-10-13 12:54:04.395 +0800 o.a.d.s.m.c.IdSlotBasedCommandFetcher:[67] - Fetch commands: 0 success, cost: 0ms, totalSlot: 1, currentSlotIndex: 0
[INFO] 2025-10-13 12:54:05.396 +0800 o.a.d.s.m.c.IdSlotBasedCommandFetcher:[67] - Fetch commands: 0 success, cost: 0ms, totalSlot: 1, currentSlotIndex: 0
[INFO] 2025-10-13 12:54:06.397 +0800 o.a.d.s.m.c.IdSlotBasedCommandFetcher:[67] - Fetch commands: 0 success, cost: 0ms, totalSlot: 1, currentSlotIndex: 0
[INFO] 2025-10-13 12:54:07.398 +0800 o.a.d.s.m.c.IdSlotBasedCommandFetcher:[67] - Fetch commands: 0 success, cost: 0ms, totalSlot: 1, currentSlotIndex: 0
[INFO] 2025-10-13 12:54:08.398 +0800 o.a.d.s.m.c.IdSlotBasedCommandFetcher:[67] - Fetch commands: 0 success, cost: 0ms, totalSlot: 1, currentSlotIndex: 0
[INFO] 2025-10-13 12:54:09.135 +0800 o.a.d.s.m.r.t.TaskGroupCoordinator:[187] - Success amend TaskGroupQueue status cost: 0/ms
[INFO] 2025-10-13 12:54:09.135 +0800 o.a.d.s.m.r.t.TaskGroupCoordinator:[241] - Success deal with force start TaskGroupQueue cost: 0/ms
[INFO] 2025-10-13 12:54:09.135 +0800 o.a.d.s.m.r.t.TaskGroupCoordinator:[129] - TaskGroupCoordinator round time cost: 0/ms
[INFO] 2025-10-13 12:54:09.399 +0800 o.a.d.s.m.c.IdSlotBasedCommandFetcher:[67] - Fetch commands: 0 success, cost: 0ms, totalSlot: 1, currentSlotIndex: 0
[INFO] 2025-10-13 12:54:10.408 +0800 o.a.d.s.m.c.IdSlotBasedCommandFetcher:[67] - Fetch commands: 0 success, cost: 0ms, totalSlot: 1, currentSlotIndex: 0
[INFO] 2025-10-13 12:54:11.409 +0800 o.a.d.s.m.c.IdSlotBasedCommandFetcher:[67] - Fetch commands: 0 success, cost: 0ms, totalSlot: 1, currentSlotIndex: 0
[INFO] 2025-10-13 12:54:12.409 +0800 o.a.d.s.m.c.IdSlotBasedCommandFetcher:[67] - Fetch commands: 0 success, cost: 0ms, totalSlot: 1, currentSlotIndex: 0
[INFO] 2025-10-13 12:54:13.409 +0800 o.a.d.s.m.c.IdSlotBasedCommandFetcher:[67] - Fetch commands: 0 success, cost: 0ms, totalSlot: 1, currentSlotIndex: 0
[INFO] 2025-10-13 12:54:14.141 +0800 o.a.d.s.m.r.t.TaskGroupCoordinator:[187] - Success amend TaskGroupQueue status cost: 0/ms
[INFO] 2025-10-13 12:54:14.141 +0800 o.a.d.s.m.r.t.TaskGroupCoordinator:[241] - Success deal with force start TaskGroupQueue cost: 0/ms
[INFO] 2025-10-13 12:54:14.141 +0800 o.a.d.s.m.r.t.TaskGroupCoordinator:[129] - TaskGroupCoordinator round time cost: 0/ms
[INFO] 2025-10-13 12:54:14.415 +0800 o.a.d.s.m.c.IdSlotBasedCommandFetcher:[67] - Fetch commands: 0 success, cost: 0ms, totalSlot: 1, currentSlotIndex: 0
[INFO] 2025-10-13 12:54:15.416 +0800 o.a.d.s.m.c.IdSlotBasedCommandFetcher:[67] - Fetch commands: 0 success, cost: 0ms, totalSlot: 1, currentSlotIndex: 0
[INFO] 2025-10-13 12:54:16.422 +0800 o.a.d.s.m.c.IdSlotBasedCommandFetcher:[67] - Fetch commands: 0 success, cost: 0ms, totalSlot: 1, currentSlotIndex: 0
[INFO] 2025-10-13 12:54:17.422 +0800 o.a.d.s.m.c.IdSlotBasedCommandFetcher:[67] - Fetch commands: 0 success, cost: 0ms, totalSlot: 1, currentSlotIndex: 0
[INFO] 2025-10-13 12:54:18.422 +0800 o.a.d.s.m.c.IdSlotBasedCommandFetcher:[67] - Fetch commands: 0 success, cost: 0ms, totalSlot: 1, currentSlotIndex: 0
[INFO] 2025-10-13 12:54:19.146 +0800 o.a.d.s.m.r.t.TaskGroupCoordinator:[187] - Success amend TaskGroupQueue status cost: 0/ms
[INFO] 2025-10-13 12:54:19.147 +0800 o.a.d.s.m.r.t.TaskGroupCoordinator:[241] - Success deal with force start TaskGroupQueue cost: 0/ms
[INFO] 2025-10-13 12:54:19.147 +0800 o.a.d.s.m.r.t.TaskGroupCoordinator:[129] - TaskGroupCoordinator round time cost: 0/ms
[INFO] 2025-10-13 12:54:19.437 +0800 o.a.d.s.m.c.IdSlotBasedCommandFetcher:[67] - Fetch commands: 0 success, cost: 0ms, totalSlot: 1, currentSlotIndex: 0
[INFO] 2025-10-13 12:54:20.437 +0800 o.a.d.s.m.c.IdSlotBasedCommandFetcher:[67] - Fetch commands: 0 success, cost: 0ms, totalSlot: 1, currentSlotIndex: 0
[INFO] 2025-10-13 12:54:21.450 +0800 o.a.d.s.m.c.IdSlotBasedCommandFetcher:[67] - Fetch commands: 0 success, cost: 0ms, totalSlot: 1, currentSlotIndex: 0
[INFO] 2025-10-13 12:54:22.450 +0800 o.a.d.s.m.c.IdSlotBasedCommandFetcher:[67] - Fetch commands: 0 success, cost: 0ms, totalSlot: 1, currentSlotIndex: 0
[INFO] 2025-10-13 12:54:23.452 +0800 o.a.d.s.m.c.IdSlotBasedCommandFetcher:[67] - Fetch commands: 0 success, cost: 0ms, totalSlot: 1, currentSlotIndex: 0
[INFO] 2025-10-13 12:54:24.151 +0800 o.a.d.s.m.r.t.TaskGroupCoordinator:[187] - Success amend TaskGroupQueue status cost: 0/ms
[INFO] 2025-10-13 12:54:24.151 +0800 o.a.d.s.m.r.t.TaskGroupCoordinator:[241] - Success deal with force start TaskGroupQueue cost: 0/ms
[INFO] 2025-10-13 12:54:24.151 +0800 o.a.d.s.m.r.t.TaskGroupCoordinator:[129] - TaskGroupCoordinator round time cost: 0/ms
[INFO] 2025-10-13 12:54:24.452 +0800 o.a.d.s.m.c.IdSlotBasedCommandFetcher:[67] - Fetch commands: 0 success, cost: 0ms, totalSlot: 1, currentSlotIndex: 0
[INFO] 2025-10-13 12:54:25.465 +0800 o.a.d.s.m.c.IdSlotBasedCommandFetcher:[67] - Fetch commands: 0 success, cost: 0ms, totalSlot: 1, currentSlotIndex: 0
[INFO] 2025-10-13 12:54:26.637 +0800 o.a.d.s.m.c.IdSlotBasedCommandFetcher:[67] - Fetch commands: 0 success, cost: 0ms, totalSlot: 1, currentSlotIndex: 0
[INFO] 2025-10-13 12:54:27.710 +0800 o.a.d.s.m.c.IdSlotBasedCommandFetcher:[67] - Fetch commands: 0 success, cost: 0ms, totalSlot: 1, currentSlotIndex: 0
[INFO] 2025-10-13 12:54:28.785 +0800 o.a.d.s.m.c.IdSlotBasedCommandFetcher:[67] - Fetch commands: 0 success, cost: 0ms, totalSlot: 1, currentSlotIndex: 0
[INFO] 2025-10-13 12:54:29.156 +0800 o.a.d.s.m.r.t.TaskGroupCoordinator:[187] - Success amend TaskGroupQueue status cost: 0/ms
[INFO] 2025-10-13 12:54:29.156 +0800 o.a.d.s.m.r.t.TaskGroupCoordinator:[241] - Success deal with force start TaskGroupQueue cost: 0/ms
[INFO] 2025-10-13 12:54:29.156 +0800 o.a.d.s.m.r.t.TaskGroupCoordinator:[129] - TaskGroupCoordinator round time cost: 0/ms
[INFO] 2025-10-13 12:54:29.855 +0800 o.a.d.s.m.c.IdSlotBasedCommandFetcher:[67] - Fetch commands: 0 success, cost: 0ms, totalSlot: 1, currentSlotIndex: 0
[INFO] 2025-10-13 12:54:30.929 +0800 o.a.d.s.m.c.IdSlotBasedCommandFetcher:[67] - Fetch commands: 0 success, cost: 0ms, totalSlot: 1, currentSlotIndex: 0
[INFO] 2025-10-13 12:54:32.002 +0800 o.a.d.s.m.c.IdSlotBasedCommandFetcher:[67] - Fetch commands: 0 success, cost: 0ms, totalSlot: 1, currentSlotIndex: 0
[INFO] 2025-10-13 12:54:33.077 +0800 o.a.d.s.m.c.IdSlotBasedCommandFetcher:[67] - Fetch commands: 0 success, cost: 0ms, totalSlot: 1, currentSlotIndex: 0
[INFO] 2025-10-13 12:54:34.150 +0800 o.a.d.s.m.c.IdSlotBasedCommandFetcher:[67] - Fetch commands: 0 success, cost: 0ms, totalSlot: 1, currentSlotIndex: 0
[INFO] 2025-10-13 12:54:34.160 +0800 o.a.d.s.m.r.t.TaskGroupCoordinator:[187] - Success amend TaskGroupQueue status cost: 0/ms
[INFO] 2025-10-13 12:54:34.160 +0800 o.a.d.s.m.r.t.TaskGroupCoordinator:[241] - Success deal with force start TaskGroupQueue cost: 0/ms
[INFO] 2025-10-13 12:54:34.161 +0800 o.a.d.s.m.r.t.TaskGroupCoordinator:[129] - TaskGroupCoordinator round time cost: 0/ms
[INFO] 2025-10-13 12:54:35.221 +0800 o.a.d.s.m.c.IdSlotBasedCommandFetcher:[67] - Fetch commands: 0 success, cost: 0ms, totalSlot: 1, currentSlotIndex: 0
[INFO] 2025-10-13 12:54:36.296 +0800 o.a.d.s.m.c.IdSlotBasedCommandFetcher:[67] - Fetch commands: 0 success, cost: 0ms, totalSlot: 1, currentSlotIndex: 0
[INFO] 2025-10-13 12:54:37.363 +0800 o.a.d.s.m.c.IdSlotBasedCommandFetcher:[67] - Fetch commands: 0 success, cost: 0ms, totalSlot: 1, currentSlotIndex: 0
[INFO] 2025-10-13 12:54:38.437 +0800 o.a.d.s.m.c.IdSlotBasedCommandFetcher:[67] - Fetch commands: 0 success, cost: 0ms, totalSlot: 1, currentSlotIndex: 0
[INFO] 2025-10-13 12:54:39.165 +0800 o.a.d.s.m.r.t.TaskGroupCoordinator:[187] - Success amend TaskGroupQueue status cost: 0/ms
[INFO] 2025-10-13 12:54:39.165 +0800 o.a.d.s.m.r.t.TaskGroupCoordinator:[241] - Success deal with force start TaskGroupQueue cost: 0/ms
[INFO] 2025-10-13 12:54:39.165 +0800 o.a.d.s.m.r.t.TaskGroupCoordinator:[129] - TaskGroupCoordinator round time cost: 0/ms
[INFO] 2025-10-13 12:54:39.509 +0800 o.a.d.s.m.c.IdSlotBasedCommandFetcher:[67] - Fetch commands: 0 success, cost: 0ms, totalSlot: 1, currentSlotIndex: 0
[INFO] 2025-10-13 12:54:40.587 +0800 o.a.d.s.m.c.IdSlotBasedCommandFetcher:[67] - Fetch commands: 0 success, cost: 0ms, totalSlot: 1, currentSlotIndex: 0
[INFO] 2025-10-13 12:54:41.816 +0800 o.a.d.s.m.c.IdSlotBasedCommandFetcher:[67] - Fetch commands: 0 success, cost: 0ms, totalSlot: 1, currentSlotIndex: 0
[INFO] 2025-10-13 12:54:42.816 +0800 o.a.d.s.m.c.IdSlotBasedCommandFetcher:[67] - Fetch commands: 0 success, cost: 0ms, totalSlot: 1, currentSlotIndex: 0
[INFO] 2025-10-13 12:54:43.817 +0800 o.a.d.s.m.c.IdSlotBasedCommandFetcher:[67] - Fetch commands: 0 success, cost: 0ms, totalSlot: 1, currentSlotIndex: 0
[INFO] 2025-10-13 12:54:44.184 +0800 o.a.d.s.m.r.t.TaskGroupCoordinator:[187] - Success amend TaskGroupQueue status cost: 0/ms
[INFO] 2025-10-13 12:54:44.185 +0800 o.a.d.s.m.r.t.TaskGroupCoordinator:[241] - Success deal with force start TaskGroupQueue cost: 0/ms
[INFO] 2025-10-13 12:54:44.185 +0800 o.a.d.s.m.r.t.TaskGroupCoordinator:[129] - TaskGroupCoordinator round time cost: 0/ms
[INFO] 2025-10-13 12:54:44.825 +0800 o.a.d.s.m.c.IdSlotBasedCommandFetcher:[67] - Fetch commands: 0 success, cost: 1ms, totalSlot: 1, currentSlotIndex: 0
[INFO] 2025-10-13 12:54:45.826 +0800 o.a.d.s.m.c.IdSlotBasedCommandFetcher:[67] - Fetch commands: 0 success, cost: 0ms, totalSlot: 1, currentSlotIndex: 0
[INFO] 2025-10-13 12:54:46.827 +0800 o.a.d.s.m.c.IdSlotBasedCommandFetcher:[67] - Fetch commands: 0 success, cost: 0ms, totalSlot: 1, currentSlotIndex: 0
[INFO] 2025-10-13 12:54:47.828 +0800 o.a.d.s.m.c.IdSlotBasedCommandFetcher:[67] - Fetch commands: 0 success, cost: 0ms, totalSlot: 1, currentSlotIndex: 0
[INFO] 2025-10-13 12:54:48.829 +0800 o.a.d.s.m.c.IdSlotBasedCommandFetcher:[67] - Fetch commands: 0 success, cost: 0ms, totalSlot: 1, currentSlotIndex: 0
[INFO] 2025-10-13 12:54:49.189 +0800 o.a.d.s.m.r.t.TaskGroupCoordinator:[187] - Success amend TaskGroupQueue status cost: 0/ms
[INFO] 2025-10-13 12:54:49.189 +0800 o.a.d.s.m.r.t.TaskGroupCoordinator:[241] - Success deal with force start TaskGroupQueue cost: 0/ms
[INFO] 2025-10-13 12:54:49.189 +0800 o.a.d.s.m.r.t.TaskGroupCoordinator:[129] - TaskGroupCoordinator round time cost: 0/ms
[INFO] 2025-10-13 12:54:49.829 +0800 o.a.d.s.m.c.IdSlotBasedCommandFetcher:[67] - Fetch commands: 0 success, cost: 0ms, totalSlot: 1, currentSlotIndex: 0
[INFO] 2025-10-13 12:54:50.829 +0800 o.a.d.s.m.c.IdSlotBasedCommandFetcher:[67] - Fetch commands: 0 success, cost: 0ms, totalSlot: 1, currentSlotIndex: 0
[INFO] 2025-10-13 12:54:51.830 +0800 o.a.d.s.m.c.IdSlotBasedCommandFetcher:[67] - Fetch commands: 0 success, cost: 0ms, totalSlot: 1, currentSlotIndex: 0
[INFO] 2025-10-13 12:54:52.831 +0800 o.a.d.s.m.c.IdSlotBasedCommandFetcher:[67] - Fetch commands: 0 success, cost: 0ms, totalSlot: 1, currentSlotIndex: 0
[INFO] 2025-10-13 12:54:53.831 +0800 o.a.d.s.m.c.IdSlotBasedCommandFetcher:[67] - Fetch commands: 0 success, cost: 0ms, totalSlot: 1, currentSlotIndex: 0
[INFO] 2025-10-13 12:54:54.193 +0800 o.a.d.s.m.r.t.TaskGroupCoordinator:[187] - Success amend TaskGroupQueue status cost: 0/ms
[INFO] 2025-10-13 12:54:54.193 +0800 o.a.d.s.m.r.t.TaskGroupCoordinator:[241] - Success deal with force start TaskGroupQueue cost: 0/ms
[INFO] 2025-10-13 12:54:54.193 +0800 o.a.d.s.m.r.t.TaskGroupCoordinator:[129] - TaskGroupCoordinator round time cost: 0/ms
[INFO] 2025-10-13 12:54:54.831 +0800 o.a.d.s.m.c.IdSlotBasedCommandFetcher:[67] - Fetch commands: 0 success, cost: 0ms, totalSlot: 1, currentSlotIndex: 0
[INFO] 2025-10-13 12:54:56.060 +0800 o.a.d.s.m.c.IdSlotBasedCommandFetcher:[67] - Fetch commands: 0 success, cost: 0ms, totalSlot: 1, currentSlotIndex: 0
[INFO] 2025-10-13 12:54:57.060 +0800 o.a.d.s.m.c.IdSlotBasedCommandFetcher:[67] - Fetch commands: 0 success, cost: 0ms, totalSlot: 1, currentSlotIndex: 0
[INFO] 2025-10-13 12:54:58.060 +0800 o.a.d.s.m.c.IdSlotBasedCommandFetcher:[67] - Fetch commands: 0 success, cost: 0ms, totalSlot: 1, currentSlotIndex: 0
[INFO] 2025-10-13 12:54:59.064 +0800 o.a.d.s.m.c.IdSlotBasedCommandFetcher:[67] - Fetch commands: 0 success, cost: 0ms, totalSlot: 1, currentSlotIndex: 0
[INFO] 2025-10-13 12:54:59.197 +0800 o.a.d.s.m.r.t.TaskGroupCoordinator:[187] - Success amend TaskGroupQueue status cost: 0/ms
[INFO] 2025-10-13 12:54:59.197 +0800 o.a.d.s.m.r.t.TaskGroupCoordinator:[241] - Success deal with force start TaskGroupQueue cost: 0/ms
[INFO] 2025-10-13 12:54:59.197 +0800 o.a.d.s.m.r.t.TaskGroupCoordinator:[129] - TaskGroupCoordinator round time cost: 0/ms
[INFO] 2025-10-13 12:55:00.064 +0800 o.a.d.s.m.c.IdSlotBasedCommandFetcher:[67] - Fetch commands: 0 success, cost: 0ms, totalSlot: 1, currentSlotIndex: 0
[INFO] 2025-10-13 12:55:01.065 +0800 o.a.d.s.m.c.IdSlotBasedCommandFetcher:[67] - Fetch commands: 0 success, cost: 0ms, totalSlot: 1, currentSlotIndex: 0
[INFO] 2025-10-13 12:55:02.072 +0800 o.a.d.s.m.c.IdSlotBasedCommandFetcher:[67] - Fetch commands: 0 success, cost: 0ms, totalSlot: 1, currentSlotIndex: 0
[INFO] 2025-10-13 12:55:03.073 +0800 o.a.d.s.m.c.IdSlotBasedCommandFetcher:[67] - Fetch commands: 0 success, cost: 0ms, totalSlot: 1, currentSlotIndex: 0
[INFO] 2025-10-13 12:55:04.083 +0800 o.a.d.s.m.c.IdSlotBasedCommandFetcher:[67] - Fetch commands: 0 success, cost: 0ms, totalSlot: 1, currentSlotIndex: 0
[INFO] 2025-10-13 12:55:04.201 +0800 o.a.d.s.m.r.t.TaskGroupCoordinator:[187] - Success amend TaskGroupQueue status cost: 0/ms
[INFO] 2025-10-13 12:55:04.201 +0800 o.a.d.s.m.r.t.TaskGroupCoordinator:[241] - Success deal with force start TaskGroupQueue cost: 0/ms
[INFO] 2025-10-13 12:55:04.201 +0800 o.a.d.s.m.r.t.TaskGroupCoordinator:[129] - TaskGroupCoordinator round time cost: 0/ms
[INFO] 2025-10-13 12:55:05.084 +0800 o.a.d.s.m.c.IdSlotBasedCommandFetcher:[67] - Fetch commands: 0 success, cost: 0ms, totalSlot: 1, currentSlotIndex: 0
[INFO] 2025-10-13 12:55:06.086 +0800 o.a.d.s.m.c.IdSlotBasedCommandFetcher:[67] - Fetch commands: 0 success, cost: 0ms, totalSlot: 1, currentSlotIndex: 0
[INFO] 2025-10-13 12:55:07.087 +0800 o.a.d.s.m.c.IdSlotBasedCommandFetcher:[67] - Fetch commands: 0 success, cost: 0ms, totalSlot: 1, currentSlotIndex: 0
[INFO] 2025-10-13 12:55:08.087 +0800 o.a.d.s.m.c.IdSlotBasedCommandFetcher:[67] - Fetch commands: 0 success, cost: 0ms, totalSlot: 1, currentSlotIndex: 0
[INFO] 2025-10-13 12:55:09.206 +0800 o.a.d.s.m.r.t.TaskGroupCoordinator:[187] - Success amend TaskGroupQueue status cost: 0/ms
[INFO] 2025-10-13 12:55:09.206 +0800 o.a.d.s.m.r.t.TaskGroupCoordinator:[241] - Success deal with force start TaskGroupQueue cost: 0/ms
[INFO] 2025-10-13 12:55:09.206 +0800 o.a.d.s.m.r.t.TaskGroupCoordinator:[129] - TaskGroupCoordinator round time cost: 0/ms
[INFO] 2025-10-13 12:55:09.214 +0800 o.a.d.s.m.c.IdSlotBasedCommandFetcher:[67] - Fetch commands: 0 success, cost: 0ms, totalSlot: 1, currentSlotIndex: 0
[INFO] 2025-10-13 12:55:10.292 +0800 o.a.d.s.m.c.IdSlotBasedCommandFetcher:[67] - Fetch commands: 0 success, cost: 0ms, totalSlot: 1, currentSlotIndex: 0
[INFO] 2025-10-13 12:55:11.371 +0800 o.a.d.s.m.c.IdSlotBasedCommandFetcher:[67] - Fetch commands: 0 success, cost: 0ms, totalSlot: 1, currentSlotIndex: 0
[INFO] 2025-10-13 12:55:12.442 +0800 o.a.d.s.m.c.IdSlotBasedCommandFetcher:[67] - Fetch commands: 0 success, cost: 0ms, totalSlot: 1, currentSlotIndex: 0
[INFO] 2025-10-13 12:55:13.513 +0800 o.a.d.s.m.c.IdSlotBasedCommandFetcher:[67] - Fetch commands: 0 success, cost: 0ms, totalSlot: 1, currentSlotIndex: 0
[INFO] 2025-10-13 12:55:14.211 +0800 o.a.d.s.m.r.t.TaskGroupCoordinator:[187] - Success amend TaskGroupQueue status cost: 0/ms
[INFO] 2025-10-13 12:55:14.212 +0800 o.a.d.s.m.r.t.TaskGroupCoordinator:[241] - Success deal with force start TaskGroupQueue cost: 0/ms
[INFO] 2025-10-13 12:55:14.212 +0800 o.a.d.s.m.r.t.TaskGroupCoordinator:[129] - TaskGroupCoordinator round time cost: 0/ms
[INFO] 2025-10-13 12:55:14.588 +0800 o.a.d.s.m.c.IdSlotBasedCommandFetcher:[67] - Fetch commands: 0 success, cost: 0ms, totalSlot: 1, currentSlotIndex: 0
[INFO] 2025-10-13 12:55:15.655 +0800 o.a.d.s.m.c.IdSlotBasedCommandFetcher:[67] - Fetch commands: 0 success, cost: 0ms, totalSlot: 1, currentSlotIndex: 0
[INFO] 2025-10-13 12:55:16.731 +0800 o.a.d.s.m.c.IdSlotBasedCommandFetcher:[67] - Fetch commands: 0 success, cost: 0ms, totalSlot: 1, currentSlotIndex: 0
[INFO] 2025-10-13 12:55:17.802 +0800 o.a.d.s.m.c.IdSlotBasedCommandFetcher:[67] - Fetch commands: 0 success, cost: 1ms, totalSlot: 1, currentSlotIndex: 0
[INFO] 2025-10-13 12:55:18.866 +0800 o.a.d.s.m.c.IdSlotBasedCommandFetcher:[67] - Fetch commands: 0 success, cost: 0ms, totalSlot: 1, currentSlotIndex: 0
[INFO] 2025-10-13 12:55:19.216 +0800 o.a.d.s.m.r.t.TaskGroupCoordinator:[187] - Success amend TaskGroupQueue status cost: 0/ms
[INFO] 2025-10-13 12:55:19.216 +0800 o.a.d.s.m.r.t.TaskGroupCoordinator:[241] - Success deal with force start TaskGroupQueue cost: 0/ms
[INFO] 2025-10-13 12:55:19.216 +0800 o.a.d.s.m.r.t.TaskGroupCoordinator:[129] - TaskGroupCoordinator round time cost: 0/ms
[INFO] 2025-10-13 12:55:19.938 +0800 o.a.d.s.m.c.IdSlotBasedCommandFetcher:[67] - Fetch commands: 0 success, cost: 0ms, totalSlot: 1, currentSlotIndex: 0
[INFO] 2025-10-13 12:55:21.010 +0800 o.a.d.s.m.c.IdSlotBasedCommandFetcher:[67] - Fetch commands: 0 success, cost: 0ms, totalSlot: 1, currentSlotIndex: 0
[INFO] 2025-10-13 12:55:22.077 +0800 o.a.d.s.m.c.IdSlotBasedCommandFetcher:[67] - Fetch commands: 0 success, cost: 0ms, totalSlot: 1, currentSlotIndex: 0
[INFO] 2025-10-13 12:55:23.249 +0800 o.a.d.s.m.c.IdSlotBasedCommandFetcher:[67] - Fetch commands: 0 success, cost: 0ms, totalSlot: 1, currentSlotIndex: 0
[INFO] 2025-10-13 12:55:24.221 +0800 o.a.d.s.m.r.t.TaskGroupCoordinator:[187] - Success amend TaskGroupQueue status cost: 0/ms
[INFO] 2025-10-13 12:55:24.221 +0800 o.a.d.s.m.r.t.TaskGroupCoordinator:[241] - Success deal with force start TaskGroupQueue cost: 0/ms
[INFO] 2025-10-13 12:55:24.221 +0800 o.a.d.s.m.r.t.TaskGroupCoordinator:[129] - TaskGroupCoordinator round time cost: 0/ms
[INFO] 2025-10-13 12:55:24.250 +0800 o.a.d.s.m.c.IdSlotBasedCommandFetcher:[67] - Fetch commands: 0 success, cost: 0ms, totalSlot: 1, currentSlotIndex: 0
[INFO] 2025-10-13 12:55:25.250 +0800 o.a.d.s.m.c.IdSlotBasedCommandFetcher:[67] - Fetch commands: 0 success, cost: 0ms, totalSlot: 1, currentSlotIndex: 0
[INFO] 2025-10-13 12:55:26.252 +0800 o.a.d.s.m.c.IdSlotBasedCommandFetcher:[67] - Fetch commands: 0 success, cost: 0ms, totalSlot: 1, currentSlotIndex: 0
[INFO] 2025-10-13 12:55:27.252 +0800 o.a.d.s.m.c.IdSlotBasedCommandFetcher:[67] - Fetch commands: 0 success, cost: 0ms, totalSlot: 1, currentSlotIndex: 0
[INFO] 2025-10-13 12:55:28.260 +0800 o.a.d.s.m.c.IdSlotBasedCommandFetcher:[67] - Fetch commands: 0 success, cost: 0ms, totalSlot: 1, currentSlotIndex: 0
[INFO] 2025-10-13 12:55:29.228 +0800 o.a.d.s.m.r.t.TaskGroupCoordinator:[187] - Success amend TaskGroupQueue status cost: 0/ms
[INFO] 2025-10-13 12:55:29.228 +0800 o.a.d.s.m.r.t.TaskGroupCoordinator:[241] - Success deal with force start TaskGroupQueue cost: 0/ms
[INFO] 2025-10-13 12:55:29.228 +0800 o.a.d.s.m.r.t.TaskGroupCoordinator:[129] - TaskGroupCoordinator round time cost: 0/ms
[INFO] 2025-10-13 12:55:29.262 +0800 o.a.d.s.m.c.IdSlotBasedCommandFetcher:[67] - Fetch commands: 0 success, cost: 0ms, totalSlot: 1, currentSlotIndex: 0
[INFO] 2025-10-13 12:55:30.262 +0800 o.a.d.s.m.c.IdSlotBasedCommandFetcher:[67] - Fetch commands: 0 success, cost: 0ms, totalSlot: 1, currentSlotIndex: 0
[INFO] 2025-10-13 12:55:31.262 +0800 o.a.d.s.m.c.IdSlotBasedCommandFetcher:[67] - Fetch commands: 0 success, cost: 0ms, totalSlot: 1, currentSlotIndex: 0
[INFO] 2025-10-13 12:55:32.268 +0800 o.a.d.s.m.c.IdSlotBasedCommandFetcher:[67] - Fetch commands: 0 success, cost: 0ms, totalSlot: 1, currentSlotIndex: 0
[INFO] 2025-10-13 12:55:33.269 +0800 o.a.d.s.m.c.IdSlotBasedCommandFetcher:[67] - Fetch commands: 0 success, cost: 0ms, totalSlot: 1, currentSlotIndex: 0
[INFO] 2025-10-13 12:55:34.233 +0800 o.a.d.s.m.r.t.TaskGroupCoordinator:[187] - Success amend TaskGroupQueue status cost: 0/ms
[INFO] 2025-10-13 12:55:34.233 +0800 o.a.d.s.m.r.t.TaskGroupCoordinator:[241] - Success deal with force start TaskGroupQueue cost: 0/ms
[INFO] 2025-10-13 12:55:34.233 +0800 o.a.d.s.m.r.t.TaskGroupCoordinator:[129] - TaskGroupCoordinator round time cost: 0/ms
[INFO] 2025-10-13 12:55:34.281 +0800 o.a.d.s.m.c.IdSlotBasedCommandFetcher:[67] - Fetch commands: 0 success, cost: 0ms, totalSlot: 1, currentSlotIndex: 0
[INFO] 2025-10-13 12:55:35.282 +0800 o.a.d.s.m.c.IdSlotBasedCommandFetcher:[67] - Fetch commands: 0 success, cost: 0ms, totalSlot: 1, currentSlotIndex: 0
[INFO] 2025-10-13 12:55:36.435 +0800 o.a.d.s.m.c.IdSlotBasedCommandFetcher:[67] - Fetch commands: 0 success, cost: 0ms, totalSlot: 1, currentSlotIndex: 0
[INFO] 2025-10-13 12:55:37.444 +0800 o.a.d.s.m.c.IdSlotBasedCommandFetcher:[67] - Fetch commands: 0 success, cost: 0ms, totalSlot: 1, currentSlotIndex: 0
[INFO] 2025-10-13 12:55:38.445 +0800 o.a.d.s.m.c.IdSlotBasedCommandFetcher:[67] - Fetch commands: 0 success, cost: 0ms, totalSlot: 1, currentSlotIndex: 0
[INFO] 2025-10-13 12:55:39.238 +0800 o.a.d.s.m.r.t.TaskGroupCoordinator:[187] - Success amend TaskGroupQueue status cost: 0/ms
[INFO] 2025-10-13 12:55:39.238 +0800 o.a.d.s.m.r.t.TaskGroupCoordinator:[241] - Success deal with force start TaskGroupQueue cost: 0/ms
[INFO] 2025-10-13 12:55:39.238 +0800 o.a.d.s.m.r.t.TaskGroupCoordinator:[129] - TaskGroupCoordinator round time cost: 0/ms
[INFO] 2025-10-13 12:55:39.446 +0800 o.a.d.s.m.c.IdSlotBasedCommandFetcher:[67] - Fetch commands: 0 success, cost: 0ms, totalSlot: 1, currentSlotIndex: 0
[INFO] 2025-10-13 12:55:40.446 +0800 o.a.d.s.m.c.IdSlotBasedCommandFetcher:[67] - Fetch commands: 0 success, cost: 0ms, totalSlot: 1, currentSlotIndex: 0
[INFO] 2025-10-13 12:55:41.447 +0800 o.a.d.s.m.c.IdSlotBasedCommandFetcher:[67] - Fetch commands: 0 success, cost: 0ms, totalSlot: 1, currentSlotIndex: 0
[INFO] 2025-10-13 12:55:42.448 +0800 o.a.d.s.m.c.IdSlotBasedCommandFetcher:[67] - Fetch commands: 0 success, cost: 0ms, totalSlot: 1, currentSlotIndex: 0
[INFO] 2025-10-13 12:55:43.448 +0800 o.a.d.s.m.c.IdSlotBasedCommandFetcher:[67] - Fetch commands: 0 success, cost: 0ms, totalSlot: 1, currentSlotIndex: 0
[INFO] 2025-10-13 12:55:44.249 +0800 o.a.d.s.m.r.t.TaskGroupCoordinator:[187] - Success amend TaskGroupQueue status cost: 0/ms
[INFO] 2025-10-13 12:55:44.250 +0800 o.a.d.s.m.r.t.TaskGroupCoordinator:[241] - Success deal with force start TaskGroupQueue cost: 0/ms
[INFO] 2025-10-13 12:55:44.250 +0800 o.a.d.s.m.r.t.TaskGroupCoordinator:[129] - TaskGroupCoordinator round time cost: 0/ms
[INFO] 2025-10-13 12:55:44.448 +0800 o.a.d.s.m.c.IdSlotBasedCommandFetcher:[67] - Fetch commands: 0 success, cost: 0ms, totalSlot: 1, currentSlotIndex: 0
[INFO] 2025-10-13 12:55:45.449 +0800 o.a.d.s.m.c.IdSlotBasedCommandFetcher:[67] - Fetch commands: 0 success, cost: 0ms, totalSlot: 1, currentSlotIndex: 0
[INFO] 2025-10-13 12:55:46.449 +0800 o.a.d.s.m.c.IdSlotBasedCommandFetcher:[67] - Fetch commands: 0 success, cost: 0ms, totalSlot: 1, currentSlotIndex: 0
[INFO] 2025-10-13 12:55:47.449 +0800 o.a.d.s.m.c.IdSlotBasedCommandFetcher:[67] - Fetch commands: 0 success, cost: 0ms, totalSlot: 1, currentSlotIndex: 0
[INFO] 2025-10-13 12:55:48.449 +0800 o.a.d.s.m.c.IdSlotBasedCommandFetcher:[67] - Fetch commands: 0 success, cost: 0ms, totalSlot: 1, currentSlotIndex: 0
[INFO] 2025-10-13 12:55:49.253 +0800 o.a.d.s.m.r.t.TaskGroupCoordinator:[187] - Success amend TaskGroupQueue status cost: 0/ms
[INFO] 2025-10-13 12:55:49.253 +0800 o.a.d.s.m.r.t.TaskGroupCoordinator:[241] - Success deal with force start TaskGroupQueue cost: 0/ms
[INFO] 2025-10-13 12:55:49.253 +0800 o.a.d.s.m.r.t.TaskGroupCoordinator:[129] - TaskGroupCoordinator round time cost: 0/ms
[INFO] 2025-10-13 12:55:49.451 +0800 o.a.d.s.m.c.IdSlotBasedCommandFetcher:[67] - Fetch commands: 0 success, cost: 0ms, totalSlot: 1, currentSlotIndex: 0
[INFO] 2025-10-13 12:55:50.452 +0800 o.a.d.s.m.c.IdSlotBasedCommandFetcher:[67] - Fetch commands: 0 success, cost: 0ms, totalSlot: 1, currentSlotIndex: 0
[INFO] 2025-10-13 12:55:51.461 +0800 o.a.d.s.m.c.IdSlotBasedCommandFetcher:[67] - Fetch commands: 0 success, cost: 0ms, totalSlot: 1, currentSlotIndex: 0
[INFO] 2025-10-13 12:55:52.461 +0800 o.a.d.s.m.c.IdSlotBasedCommandFetcher:[67] - Fetch commands: 0 success, cost: 0ms, totalSlot: 1, currentSlotIndex: 0
[INFO] 2025-10-13 12:55:53.472 +0800 o.a.d.s.m.c.IdSlotBasedCommandFetcher:[67] - Fetch commands: 0 success, cost: 0ms, totalSlot: 1, currentSlotIndex: 0
[INFO] 2025-10-13 12:55:54.258 +0800 o.a.d.s.m.r.t.TaskGroupCoordinator:[187] - Success amend TaskGroupQueue status cost: 0/ms
[INFO] 2025-10-13 12:55:54.258 +0800 o.a.d.s.m.r.t.TaskGroupCoordinator:[241] - Success deal with force start TaskGroupQueue cost: 0/ms
[INFO] 2025-10-13 12:55:54.258 +0800 o.a.d.s.m.r.t.TaskGroupCoordinator:[129] - TaskGroupCoordinator round time cost: 0/ms
[INFO] 2025-10-13 12:55:54.472 +0800 o.a.d.s.m.c.IdSlotBasedCommandFetcher:[67] - Fetch commands: 0 success, cost: 0ms, totalSlot: 1, currentSlotIndex: 0
[INFO] 2025-10-13 12:55:55.474 +0800 o.a.d.s.m.c.IdSlotBasedCommandFetcher:[67] - Fetch commands: 0 success, cost: 0ms, totalSlot: 1, currentSlotIndex: 0
[INFO] 2025-10-13 12:55:56.474 +0800 o.a.d.s.m.c.IdSlotBasedCommandFetcher:[67] - Fetch commands: 0 success, cost: 0ms, totalSlot: 1, currentSlotIndex: 0
[INFO] 2025-10-13 12:55:57.475 +0800 o.a.d.s.m.c.IdSlotBasedCommandFetcher:[67] - Fetch commands: 0 success, cost: 0ms, totalSlot: 1, currentSlotIndex: 0
[INFO] 2025-10-13 12:55:58.475 +0800 o.a.d.s.m.c.IdSlotBasedCommandFetcher:[67] - Fetch commands: 0 success, cost: 0ms, totalSlot: 1, currentSlotIndex: 0
[INFO] 2025-10-13 12:55:59.272 +0800 o.a.d.s.m.r.t.TaskGroupCoordinator:[187] - Success amend TaskGroupQueue status cost: 0/ms
[INFO] 2025-10-13 12:55:59.273 +0800 o.a.d.s.m.r.t.TaskGroupCoordinator:[241] - Success deal with force start TaskGroupQueue cost: 0/ms
[INFO] 2025-10-13 12:55:59.273 +0800 o.a.d.s.m.r.t.TaskGroupCoordinator:[129] - TaskGroupCoordinator round time cost: 0/ms
[INFO] 2025-10-13 12:55:59.476 +0800 o.a.d.s.m.c.IdSlotBasedCommandFetcher:[67] - Fetch commands: 0 success, cost: 0ms, totalSlot: 1, currentSlotIndex: 0
[INFO] 2025-10-13 12:56:00.476 +0800 o.a.d.s.m.c.IdSlotBasedCommandFetcher:[67] - Fetch commands: 0 success, cost: 0ms, totalSlot: 1, currentSlotIndex: 0
[INFO] 2025-10-13 12:56:01.476 +0800 o.a.d.s.m.c.IdSlotBasedCommandFetcher:[67] - Fetch commands: 0 success, cost: 0ms, totalSlot: 1, currentSlotIndex: 0
[INFO] 2025-10-13 12:56:02.476 +0800 o.a.d.s.m.c.IdSlotBasedCommandFetcher:[67] - Fetch commands: 0 success, cost: 0ms, totalSlot: 1, currentSlotIndex: 0
[INFO] 2025-10-13 12:56:03.477 +0800 o.a.d.s.m.c.IdSlotBasedCommandFetcher:[67] - Fetch commands: 0 success, cost: 0ms, totalSlot: 1, currentSlotIndex: 0
[INFO] 2025-10-13 12:56:04.279 +0800 o.a.d.s.m.r.t.TaskGroupCoordinator:[187] - Success amend TaskGroupQueue status cost: 0/ms
[INFO] 2025-10-13 12:56:04.279 +0800 o.a.d.s.m.r.t.TaskGroupCoordinator:[241] - Success deal with force start TaskGroupQueue cost: 0/ms
[INFO] 2025-10-13 12:56:04.279 +0800 o.a.d.s.m.r.t.TaskGroupCoordinator:[129] - TaskGroupCoordinator round time cost: 0/ms
[INFO] 2025-10-13 12:56:04.731 +0800 o.a.d.s.m.c.IdSlotBasedCommandFetcher:[67] - Fetch commands: 0 success, cost: 0ms, totalSlot: 1, currentSlotIndex: 0
[INFO] 2025-10-13 12:56:05.803 +0800 o.a.d.s.m.c.IdSlotBasedCommandFetcher:[67] - Fetch commands: 0 success, cost: 0ms, totalSlot: 1, currentSlotIndex: 0
[INFO] 2025-10-13 12:56:06.877 +0800 o.a.d.s.m.c.IdSlotBasedCommandFetcher:[67] - Fetch commands: 0 success, cost: 0ms, totalSlot: 1, currentSlotIndex: 0
[INFO] 2025-10-13 12:56:07.948 +0800 o.a.d.s.m.c.IdSlotBasedCommandFetcher:[67] - Fetch commands: 0 success, cost: 0ms, totalSlot: 1, currentSlotIndex: 0
[INFO] 2025-10-13 12:56:09.030 +0800 o.a.d.s.m.c.IdSlotBasedCommandFetcher:[67] - Fetch commands: 0 success, cost: 0ms, totalSlot: 1, currentSlotIndex: 0
[INFO] 2025-10-13 12:56:09.284 +0800 o.a.d.s.m.r.t.TaskGroupCoordinator:[187] - Success amend TaskGroupQueue status cost: 0/ms
[INFO] 2025-10-13 12:56:09.284 +0800 o.a.d.s.m.r.t.TaskGroupCoordinator:[241] - Success deal with force start TaskGroupQueue cost: 0/ms
[INFO] 2025-10-13 12:56:09.284 +0800 o.a.d.s.m.r.t.TaskGroupCoordinator:[129] - TaskGroupCoordinator round time cost: 0/ms
[INFO] 2025-10-13 12:56:10.105 +0800 o.a.d.s.m.c.IdSlotBasedCommandFetcher:[67] - Fetch commands: 0 success, cost: 0ms, totalSlot: 1, currentSlotIndex: 0
[INFO] 2025-10-13 12:56:11.185 +0800 o.a.d.s.m.c.IdSlotBasedCommandFetcher:[67] - Fetch commands: 0 success, cost: 0ms, totalSlot: 1, currentSlotIndex: 0
[INFO] 2025-10-13 12:56:12.269 +0800 o.a.d.s.m.c.IdSlotBasedCommandFetcher:[67] - Fetch commands: 0 success, cost: 0ms, totalSlot: 1, currentSlotIndex: 0
[INFO] 2025-10-13 12:56:13.343 +0800 o.a.d.s.m.c.IdSlotBasedCommandFetcher:[67] - Fetch commands: 0 success, cost: 0ms, totalSlot: 1, currentSlotIndex: 0
[INFO] 2025-10-13 12:56:14.288 +0800 o.a.d.s.m.r.t.TaskGroupCoordinator:[187] - Success amend TaskGroupQueue status cost: 0/ms
[INFO] 2025-10-13 12:56:14.289 +0800 o.a.d.s.m.r.t.TaskGroupCoordinator:[241] - Success deal with force start TaskGroupQueue cost: 0/ms
[INFO] 2025-10-13 12:56:14.289 +0800 o.a.d.s.m.r.t.TaskGroupCoordinator:[129] - TaskGroupCoordinator round time cost: 0/ms
[INFO] 2025-10-13 12:56:14.424 +0800 o.a.d.s.m.c.IdSlotBasedCommandFetcher:[67] - Fetch commands: 0 success, cost: 0ms, totalSlot: 1, currentSlotIndex: 0
[INFO] 2025-10-13 12:56:15.499 +0800 o.a.d.s.m.c.IdSlotBasedCommandFetcher:[67] - Fetch commands: 0 success, cost: 0ms, totalSlot: 1, currentSlotIndex: 0
[INFO] 2025-10-13 12:56:16.572 +0800 o.a.d.s.m.c.IdSlotBasedCommandFetcher:[67] - Fetch commands: 0 success, cost: 0ms, totalSlot: 1, currentSlotIndex: 0
[INFO] 2025-10-13 12:56:17.646 +0800 o.a.d.s.m.c.IdSlotBasedCommandFetcher:[67] - Fetch commands: 0 success, cost: 0ms, totalSlot: 1, currentSlotIndex: 0
[INFO] 2025-10-13 12:56:18.646 +0800 o.a.d.s.m.c.IdSlotBasedCommandFetcher:[67] - Fetch commands: 0 success, cost: 0ms, totalSlot: 1, currentSlotIndex: 0
[INFO] 2025-10-13 12:56:19.293 +0800 o.a.d.s.m.r.t.TaskGroupCoordinator:[187] - Success amend TaskGroupQueue status cost: 0/ms
[INFO] 2025-10-13 12:56:19.294 +0800 o.a.d.s.m.r.t.TaskGroupCoordinator:[241] - Success deal with force start TaskGroupQueue cost: 0/ms
[INFO] 2025-10-13 12:56:19.294 +0800 o.a.d.s.m.r.t.TaskGroupCoordinator:[129] - TaskGroupCoordinator round time cost: 0/ms
[INFO] 2025-10-13 12:56:19.646 +0800 o.a.d.s.m.c.IdSlotBasedCommandFetcher:[67] - Fetch commands: 0 success, cost: 0ms, totalSlot: 1, currentSlotIndex: 0
[INFO] 2025-10-13 12:56:20.647 +0800 o.a.d.s.m.c.IdSlotBasedCommandFetcher:[67] - Fetch commands: 0 success, cost: 0ms, totalSlot: 1, currentSlotIndex: 0
[INFO] 2025-10-13 12:56:21.647 +0800 o.a.d.s.m.c.IdSlotBasedCommandFetcher:[67] - Fetch commands: 0 success, cost: 0ms, totalSlot: 1, currentSlotIndex: 0
[INFO] 2025-10-13 12:56:22.647 +0800 o.a.d.s.m.c.IdSlotBasedCommandFetcher:[67] - Fetch commands: 0 success, cost: 0ms, totalSlot: 1, currentSlotIndex: 0
[INFO] 2025-10-13 12:56:23.649 +0800 o.a.d.s.m.c.IdSlotBasedCommandFetcher:[67] - Fetch commands: 0 success, cost: 0ms, totalSlot: 1, currentSlotIndex: 0
[INFO] 2025-10-13 12:56:24.297 +0800 o.a.d.s.m.r.t.TaskGroupCoordinator:[187] - Success amend TaskGroupQueue status cost: 0/ms
[INFO] 2025-10-13 12:56:24.298 +0800 o.a.d.s.m.r.t.TaskGroupCoordinator:[241] - Success deal with force start TaskGroupQueue cost: 0/ms
[INFO] 2025-10-13 12:56:24.298 +0800 o.a.d.s.m.r.t.TaskGroupCoordinator:[129] - TaskGroupCoordinator round time cost: 0/ms
[INFO] 2025-10-13 12:56:24.649 +0800 o.a.d.s.m.c.IdSlotBasedCommandFetcher:[67] - Fetch commands: 0 success, cost: 0ms, totalSlot: 1, currentSlotIndex: 0
[INFO] 2025-10-13 12:56:25.649 +0800 o.a.d.s.m.c.IdSlotBasedCommandFetcher:[67] - Fetch commands: 0 success, cost: 0ms, totalSlot: 1, currentSlotIndex: 0
[INFO] 2025-10-13 12:56:26.650 +0800 o.a.d.s.m.c.IdSlotBasedCommandFetcher:[67] - Fetch commands: 0 success, cost: 0ms, totalSlot: 1, currentSlotIndex: 0
[INFO] 2025-10-13 12:56:27.650 +0800 o.a.d.s.m.c.IdSlotBasedCommandFetcher:[67] - Fetch commands: 0 success, cost: 0ms, totalSlot: 1, currentSlotIndex: 0
[INFO] 2025-10-13 12:56:28.650 +0800 o.a.d.s.m.c.IdSlotBasedCommandFetcher:[67] - Fetch commands: 0 success, cost: 0ms, totalSlot: 1, currentSlotIndex: 0
[INFO] 2025-10-13 12:56:29.303 +0800 o.a.d.s.m.r.t.TaskGroupCoordinator:[187] - Success amend TaskGroupQueue status cost: 0/ms
[INFO] 2025-10-13 12:56:29.303 +0800 o.a.d.s.m.r.t.TaskGroupCoordinator:[241] - Success deal with force start TaskGroupQueue cost: 0/ms
[INFO] 2025-10-13 12:56:29.303 +0800 o.a.d.s.m.r.t.TaskGroupCoordinator:[129] - TaskGroupCoordinator round time cost: 0/ms
[INFO] 2025-10-13 12:56:29.762 +0800 o.a.d.s.m.c.IdSlotBasedCommandFetcher:[67] - Fetch commands: 0 success, cost: 0ms, totalSlot: 1, currentSlotIndex: 0
[INFO] 2025-10-13 12:56:30.834 +0800 o.a.d.s.m.c.IdSlotBasedCommandFetcher:[67] - Fetch commands: 0 success, cost: 0ms, totalSlot: 1, currentSlotIndex: 0
[INFO] 2025-10-13 12:56:31.963 +0800 o.a.d.s.m.c.IdSlotBasedCommandFetcher:[67] - Fetch commands: 0 success, cost: 0ms, totalSlot: 1, currentSlotIndex: 0
[INFO] 2025-10-13 12:56:32.964 +0800 o.a.d.s.m.c.IdSlotBasedCommandFetcher:[67] - Fetch commands: 0 success, cost: 0ms, totalSlot: 1, currentSlotIndex: 0
[INFO] 2025-10-13 12:56:33.964 +0800 o.a.d.s.m.c.IdSlotBasedCommandFetcher:[67] - Fetch commands: 0 success, cost: 0ms, totalSlot: 1, currentSlotIndex: 0
[INFO] 2025-10-13 12:56:34.309 +0800 o.a.d.s.m.r.t.TaskGroupCoordinator:[187] - Success amend TaskGroupQueue status cost: 0/ms
[INFO] 2025-10-13 12:56:34.310 +0800 o.a.d.s.m.r.t.TaskGroupCoordinator:[241] - Success deal with force start TaskGroupQueue cost: 0/ms
[INFO] 2025-10-13 12:56:34.310 +0800 o.a.d.s.m.r.t.TaskGroupCoordinator:[129] - TaskGroupCoordinator round time cost: 0/ms
[INFO] 2025-10-13 12:56:34.964 +0800 o.a.d.s.m.c.IdSlotBasedCommandFetcher:[67] - Fetch commands: 0 success, cost: 0ms, totalSlot: 1, currentSlotIndex: 0
[INFO] 2025-10-13 12:56:35.965 +0800 o.a.d.s.m.c.IdSlotBasedCommandFetcher:[67] - Fetch commands: 0 success, cost: 0ms, totalSlot: 1, currentSlotIndex: 0
[INFO] 2025-10-13 12:56:36.966 +0800 o.a.d.s.m.c.IdSlotBasedCommandFetcher:[67] - Fetch commands: 0 success, cost: 0ms, totalSlot: 1, currentSlotIndex: 0
[INFO] 2025-10-13 12:56:37.972 +0800 o.a.d.s.m.c.IdSlotBasedCommandFetcher:[67] - Fetch commands: 0 success, cost: 0ms, totalSlot: 1, currentSlotIndex: 0
[INFO] 2025-10-13 12:56:38.973 +0800 o.a.d.s.m.c.IdSlotBasedCommandFetcher:[67] - Fetch commands: 0 success, cost: 0ms, totalSlot: 1, currentSlotIndex: 0
[INFO] 2025-10-13 12:56:39.315 +0800 o.a.d.s.m.r.t.TaskGroupCoordinator:[187] - Success amend TaskGroupQueue status cost: 0/ms
[INFO] 2025-10-13 12:56:39.315 +0800 o.a.d.s.m.r.t.TaskGroupCoordinator:[241] - Success deal with force start TaskGroupQueue cost: 0/ms
[INFO] 2025-10-13 12:56:39.315 +0800 o.a.d.s.m.r.t.TaskGroupCoordinator:[129] - TaskGroupCoordinator round time cost: 0/ms
[INFO] 2025-10-13 12:56:39.988 +0800 o.a.d.s.m.c.IdSlotBasedCommandFetcher:[67] - Fetch commands: 0 success, cost: 0ms, totalSlot: 1, currentSlotIndex: 0
[INFO] 2025-10-13 12:56:40.989 +0800 o.a.d.s.m.c.IdSlotBasedCommandFetcher:[67] - Fetch commands: 0 success, cost: 0ms, totalSlot: 1, currentSlotIndex: 0
[INFO] 2025-10-13 12:56:41.990 +0800 o.a.d.s.m.c.IdSlotBasedCommandFetcher:[67] - Fetch commands: 0 success, cost: 0ms, totalSlot: 1, currentSlotIndex: 0
[INFO] 2025-10-13 12:56:42.990 +0800 o.a.d.s.m.c.IdSlotBasedCommandFetcher:[67] - Fetch commands: 0 success, cost: 0ms, totalSlot: 1, currentSlotIndex: 0
[INFO] 2025-10-13 12:56:43.990 +0800 o.a.d.s.m.c.IdSlotBasedCommandFetcher:[67] - Fetch commands: 0 success, cost: 0ms, totalSlot: 1, currentSlotIndex: 0
[INFO] 2025-10-13 12:56:44.327 +0800 o.a.d.s.m.r.t.TaskGroupCoordinator:[187] - Success amend TaskGroupQueue status cost: 0/ms
[INFO] 2025-10-13 12:56:44.327 +0800 o.a.d.s.m.r.t.TaskGroupCoordinator:[241] - Success deal with force start TaskGroupQueue cost: 0/ms
[INFO] 2025-10-13 12:56:44.327 +0800 o.a.d.s.m.r.t.TaskGroupCoordinator:[129] - TaskGroupCoordinator round time cost: 0/ms
[INFO] 2025-10-13 12:56:45.157 +0800 o.a.d.s.m.c.IdSlotBasedCommandFetcher:[67] - Fetch commands: 0 success, cost: 0ms, totalSlot: 1, currentSlotIndex: 0
[INFO] 2025-10-13 12:56:46.158 +0800 o.a.d.s.m.c.IdSlotBasedCommandFetcher:[67] - Fetch commands: 0 success, cost: 0ms, totalSlot: 1, currentSlotIndex: 0
[INFO] 2025-10-13 12:56:47.170 +0800 o.a.d.s.m.c.IdSlotBasedCommandFetcher:[67] - Fetch commands: 0 success, cost: 0ms, totalSlot: 1, currentSlotIndex: 0
[INFO] 2025-10-13 12:56:48.170 +0800 o.a.d.s.m.c.IdSlotBasedCommandFetcher:[67] - Fetch commands: 0 success, cost: 0ms, totalSlot: 1, currentSlotIndex: 0
[INFO] 2025-10-13 12:56:49.172 +0800 o.a.d.s.m.c.IdSlotBasedCommandFetcher:[67] - Fetch commands: 0 success, cost: 0ms, totalSlot: 1, currentSlotIndex: 0
[INFO] 2025-10-13 12:56:49.342 +0800 o.a.d.s.m.r.t.TaskGroupCoordinator:[187] - Success amend TaskGroupQueue status cost: 0/ms
[INFO] 2025-10-13 12:56:49.342 +0800 o.a.d.s.m.r.t.TaskGroupCoordinator:[241] - Success deal with force start TaskGroupQueue cost: 0/ms
[INFO] 2025-10-13 12:56:49.342 +0800 o.a.d.s.m.r.t.TaskGroupCoordinator:[129] - TaskGroupCoordinator round time cost: 0/ms
[INFO] 2025-10-13 12:56:50.172 +0800 o.a.d.s.m.c.IdSlotBasedCommandFetcher:[67] - Fetch commands: 0 success, cost: 0ms, totalSlot: 1, currentSlotIndex: 0
[INFO] 2025-10-13 12:56:51.172 +0800 o.a.d.s.m.c.IdSlotBasedCommandFetcher:[67] - Fetch commands: 0 success, cost: 0ms, totalSlot: 1, currentSlotIndex: 0
[INFO] 2025-10-13 12:56:52.173 +0800 o.a.d.s.m.c.IdSlotBasedCommandFetcher:[67] - Fetch commands: 0 success, cost: 0ms, totalSlot: 1, currentSlotIndex: 0
[INFO] 2025-10-13 12:56:53.173 +0800 o.a.d.s.m.c.IdSlotBasedCommandFetcher:[67] - Fetch commands: 0 success, cost: 0ms, totalSlot: 1, currentSlotIndex: 0
[INFO] 2025-10-13 12:56:54.173 +0800 o.a.d.s.m.c.IdSlotBasedCommandFetcher:[67] - Fetch commands: 0 success, cost: 0ms, totalSlot: 1, currentSlotIndex: 0
[INFO] 2025-10-13 12:56:54.346 +0800 o.a.d.s.m.r.t.TaskGroupCoordinator:[187] - Success amend TaskGroupQueue status cost: 0/ms
[INFO] 2025-10-13 12:56:54.346 +0800 o.a.d.s.m.r.t.TaskGroupCoordinator:[241] - Success deal with force start TaskGroupQueue cost: 0/ms
[INFO] 2025-10-13 12:56:54.346 +0800 o.a.d.s.m.r.t.TaskGroupCoordinator:[129] - TaskGroupCoordinator round time cost: 0/ms
[INFO] 2025-10-13 12:56:55.174 +0800 o.a.d.s.m.c.IdSlotBasedCommandFetcher:[67] - Fetch commands: 0 success, cost: 0ms, totalSlot: 1, currentSlotIndex: 0
[INFO] 2025-10-13 12:56:56.174 +0800 o.a.d.s.m.c.IdSlotBasedCommandFetcher:[67] - Fetch commands: 0 success, cost: 0ms, totalSlot: 1, currentSlotIndex: 0
[INFO] 2025-10-13 12:56:57.174 +0800 o.a.d.s.m.c.IdSlotBasedCommandFetcher:[67] - Fetch commands: 0 success, cost: 0ms, totalSlot: 1, currentSlotIndex: 0
[INFO] 2025-10-13 12:56:58.386 +0800 o.a.d.s.m.c.IdSlotBasedCommandFetcher:[67] - Fetch commands: 0 success, cost: 0ms, totalSlot: 1, currentSlotIndex: 0
[INFO] 2025-10-13 12:56:59.351 +0800 o.a.d.s.m.r.t.TaskGroupCoordinator:[187] - Success amend TaskGroupQueue status cost: 0/ms
[INFO] 2025-10-13 12:56:59.352 +0800 o.a.d.s.m.r.t.TaskGroupCoordinator:[241] - Success deal with force start TaskGroupQueue cost: 0/ms
[INFO] 2025-10-13 12:56:59.352 +0800 o.a.d.s.m.r.t.TaskGroupCoordinator:[129] - TaskGroupCoordinator round time cost: 0/ms
[INFO] 2025-10-13 12:56:59.571 +0800 o.a.d.s.m.c.IdSlotBasedCommandFetcher:[67] - Fetch commands: 0 success, cost: 0ms, totalSlot: 1, currentSlotIndex: 0
[INFO] 2025-10-13 12:57:00.639 +0800 o.a.d.s.m.c.IdSlotBasedCommandFetcher:[67] - Fetch commands: 0 success, cost: 0ms, totalSlot: 1, currentSlotIndex: 0
[INFO] 2025-10-13 12:57:01.717 +0800 o.a.d.s.m.c.IdSlotBasedCommandFetcher:[67] - Fetch commands: 0 success, cost: 0ms, totalSlot: 1, currentSlotIndex: 0
[INFO] 2025-10-13 12:57:02.783 +0800 o.a.d.s.m.c.IdSlotBasedCommandFetcher:[67] - Fetch commands: 0 success, cost: 0ms, totalSlot: 1, currentSlotIndex: 0
[INFO] 2025-10-13 12:57:03.855 +0800 o.a.d.s.m.c.IdSlotBasedCommandFetcher:[67] - Fetch commands: 0 success, cost: 0ms, totalSlot: 1, currentSlotIndex: 0
[INFO] 2025-10-13 12:57:04.356 +0800 o.a.d.s.m.r.t.TaskGroupCoordinator:[187] - Success amend TaskGroupQueue status cost: 0/ms
[INFO] 2025-10-13 12:57:04.356 +0800 o.a.d.s.m.r.t.TaskGroupCoordinator:[241] - Success deal with force start TaskGroupQueue cost: 0/ms
[INFO] 2025-10-13 12:57:04.356 +0800 o.a.d.s.m.r.t.TaskGroupCoordinator:[129] - TaskGroupCoordinator round time cost: 0/ms
[INFO] 2025-10-13 12:57:04.926 +0800 o.a.d.s.m.c.IdSlotBasedCommandFetcher:[67] - Fetch commands: 0 success, cost: 0ms, totalSlot: 1, currentSlotIndex: 0
[INFO] 2025-10-13 12:57:05.999 +0800 o.a.d.s.m.c.IdSlotBasedCommandFetcher:[67] - Fetch commands: 0 success, cost: 0ms, totalSlot: 1, currentSlotIndex: 0
[INFO] 2025-10-13 12:57:07.072 +0800 o.a.d.s.m.c.IdSlotBasedCommandFetcher:[67] - Fetch commands: 0 success, cost: 0ms, totalSlot: 1, currentSlotIndex: 0
[INFO] 2025-10-13 12:57:08.072 +0800 o.a.d.s.m.c.IdSlotBasedCommandFetcher:[67] - Fetch commands: 0 success, cost: 0ms, totalSlot: 1, currentSlotIndex: 0
[INFO] 2025-10-13 12:57:09.073 +0800 o.a.d.s.m.c.IdSlotBasedCommandFetcher:[67] - Fetch commands: 0 success, cost: 0ms, totalSlot: 1, currentSlotIndex: 0
[INFO] 2025-10-13 12:57:09.361 +0800 o.a.d.s.m.r.t.TaskGroupCoordinator:[187] - Success amend TaskGroupQueue status cost: 0/ms
[INFO] 2025-10-13 12:57:09.361 +0800 o.a.d.s.m.r.t.TaskGroupCoordinator:[241] - Success deal with force start TaskGroupQueue cost: 0/ms
[INFO] 2025-10-13 12:57:09.362 +0800 o.a.d.s.m.r.t.TaskGroupCoordinator:[129] - TaskGroupCoordinator round time cost: 0/ms
[INFO] 2025-10-13 12:57:10.073 +0800 o.a.d.s.m.c.IdSlotBasedCommandFetcher:[67] - Fetch commands: 0 success, cost: 0ms, totalSlot: 1, currentSlotIndex: 0
[INFO] 2025-10-13 12:57:11.074 +0800 o.a.d.s.m.c.IdSlotBasedCommandFetcher:[67] - Fetch commands: 0 success, cost: 0ms, totalSlot: 1, currentSlotIndex: 0
[INFO] 2025-10-13 12:57:12.074 +0800 o.a.d.s.m.c.IdSlotBasedCommandFetcher:[67] - Fetch commands: 0 success, cost: 0ms, totalSlot: 1, currentSlotIndex: 0
[INFO] 2025-10-13 12:57:13.075 +0800 o.a.d.s.m.c.IdSlotBasedCommandFetcher:[67] - Fetch commands: 0 success, cost: 0ms, totalSlot: 1, currentSlotIndex: 0
[INFO] 2025-10-13 12:57:14.075 +0800 o.a.d.s.m.c.IdSlotBasedCommandFetcher:[67] - Fetch commands: 0 success, cost: 0ms, totalSlot: 1, currentSlotIndex: 0
[INFO] 2025-10-13 12:57:14.367 +0800 o.a.d.s.m.r.t.TaskGroupCoordinator:[187] - Success amend TaskGroupQueue status cost: 0/ms
[INFO] 2025-10-13 12:57:14.368 +0800 o.a.d.s.m.r.t.TaskGroupCoordinator:[241] - Success deal with force start TaskGroupQueue cost: 0/ms
[INFO] 2025-10-13 12:57:14.368 +0800 o.a.d.s.m.r.t.TaskGroupCoordinator:[129] - TaskGroupCoordinator round time cost: 0/ms
[INFO] 2025-10-13 12:57:15.076 +0800 o.a.d.s.m.c.IdSlotBasedCommandFetcher:[67] - Fetch commands: 0 success, cost: 0ms, totalSlot: 1, currentSlotIndex: 0
[INFO] 2025-10-13 12:57:16.076 +0800 o.a.d.s.m.c.IdSlotBasedCommandFetcher:[67] - Fetch commands: 0 success, cost: 0ms, totalSlot: 1, currentSlotIndex: 0
[INFO] 2025-10-13 12:57:17.077 +0800 o.a.d.s.m.c.IdSlotBasedCommandFetcher:[67] - Fetch commands: 0 success, cost: 0ms, totalSlot: 1, currentSlotIndex: 0
[INFO] 2025-10-13 12:57:18.078 +0800 o.a.d.s.m.c.IdSlotBasedCommandFetcher:[67] - Fetch commands: 0 success, cost: 0ms, totalSlot: 1, currentSlotIndex: 0
[INFO] 2025-10-13 12:57:19.216 +0800 o.a.d.s.m.c.IdSlotBasedCommandFetcher:[67] - Fetch commands: 0 success, cost: 0ms, totalSlot: 1, currentSlotIndex: 0
[INFO] 2025-10-13 12:57:19.372 +0800 o.a.d.s.m.r.t.TaskGroupCoordinator:[187] - Success amend TaskGroupQueue status cost: 0/ms
[INFO] 2025-10-13 12:57:19.373 +0800 o.a.d.s.m.r.t.TaskGroupCoordinator:[241] - Success deal with force start TaskGroupQueue cost: 0/ms
[INFO] 2025-10-13 12:57:19.373 +0800 o.a.d.s.m.r.t.TaskGroupCoordinator:[129] - TaskGroupCoordinator round time cost: 0/ms
[INFO] 2025-10-13 12:57:20.293 +0800 o.a.d.s.m.c.IdSlotBasedCommandFetcher:[67] - Fetch commands: 0 success, cost: 0ms, totalSlot: 1, currentSlotIndex: 0
[INFO] 2025-10-13 12:57:21.365 +0800 o.a.d.s.m.c.IdSlotBasedCommandFetcher:[67] - Fetch commands: 0 success, cost: 0ms, totalSlot: 1, currentSlotIndex: 0
[INFO] 2025-10-13 12:57:22.435 +0800 o.a.d.s.m.c.IdSlotBasedCommandFetcher:[67] - Fetch commands: 0 success, cost: 0ms, totalSlot: 1, currentSlotIndex: 0
[INFO] 2025-10-13 12:57:23.541 +0800 o.a.d.s.m.c.IdSlotBasedCommandFetcher:[67] - Fetch commands: 0 success, cost: 0ms, totalSlot: 1, currentSlotIndex: 0
[INFO] 2025-10-13 12:57:24.377 +0800 o.a.d.s.m.r.t.TaskGroupCoordinator:[187] - Success amend TaskGroupQueue status cost: 0/ms
[INFO] 2025-10-13 12:57:24.377 +0800 o.a.d.s.m.r.t.TaskGroupCoordinator:[241] - Success deal with force start TaskGroupQueue cost: 0/ms
[INFO] 2025-10-13 12:57:24.377 +0800 o.a.d.s.m.r.t.TaskGroupCoordinator:[129] - TaskGroupCoordinator round time cost: 0/ms
[INFO] 2025-10-13 12:57:24.542 +0800 o.a.d.s.m.c.IdSlotBasedCommandFetcher:[67] - Fetch commands: 0 success, cost: 0ms, totalSlot: 1, currentSlotIndex: 0
[INFO] 2025-10-13 12:57:25.543 +0800 o.a.d.s.m.c.IdSlotBasedCommandFetcher:[67] - Fetch commands: 0 success, cost: 0ms, totalSlot: 1, currentSlotIndex: 0
[INFO] 2025-10-13 12:57:26.544 +0800 o.a.d.s.m.c.IdSlotBasedCommandFetcher:[67] - Fetch commands: 0 success, cost: 0ms, totalSlot: 1, currentSlotIndex: 0
[INFO] 2025-10-13 12:57:27.545 +0800 o.a.d.s.m.c.IdSlotBasedCommandFetcher:[67] - Fetch commands: 0 success, cost: 0ms, totalSlot: 1, currentSlotIndex: 0
[INFO] 2025-10-13 12:57:28.546 +0800 o.a.d.s.m.c.IdSlotBasedCommandFetcher:[67] - Fetch commands: 0 success, cost: 0ms, totalSlot: 1, currentSlotIndex: 0
[INFO] 2025-10-13 12:57:29.385 +0800 o.a.d.s.m.r.t.TaskGroupCoordinator:[187] - Success amend TaskGroupQueue status cost: 0/ms
[INFO] 2025-10-13 12:57:29.386 +0800 o.a.d.s.m.r.t.TaskGroupCoordinator:[241] - Success deal with force start TaskGroupQueue cost: 0/ms
[INFO] 2025-10-13 12:57:29.386 +0800 o.a.d.s.m.r.t.TaskGroupCoordinator:[129] - TaskGroupCoordinator round time cost: 0/ms
[INFO] 2025-10-13 12:57:29.546 +0800 o.a.d.s.m.c.IdSlotBasedCommandFetcher:[67] - Fetch commands: 0 success, cost: 0ms, totalSlot: 1, currentSlotIndex: 0
[INFO] 2025-10-13 12:57:30.546 +0800 o.a.d.s.m.c.IdSlotBasedCommandFetcher:[67] - Fetch commands: 0 success, cost: 0ms, totalSlot: 1, currentSlotIndex: 0
[INFO] 2025-10-13 12:57:31.547 +0800 o.a.d.s.m.c.IdSlotBasedCommandFetcher:[67] - Fetch commands: 0 success, cost: 0ms, totalSlot: 1, currentSlotIndex: 0
[INFO] 2025-10-13 12:57:32.548 +0800 o.a.d.s.m.c.IdSlotBasedCommandFetcher:[67] - Fetch commands: 0 success, cost: 0ms, totalSlot: 1, currentSlotIndex: 0
[INFO] 2025-10-13 12:57:33.549 +0800 o.a.d.s.m.c.IdSlotBasedCommandFetcher:[67] - Fetch commands: 0 success, cost: 0ms, totalSlot: 1, currentSlotIndex: 0
[INFO] 2025-10-13 12:57:34.390 +0800 o.a.d.s.m.r.t.TaskGroupCoordinator:[187] - Success amend TaskGroupQueue status cost: 0/ms
[INFO] 2025-10-13 12:57:34.390 +0800 o.a.d.s.m.r.t.TaskGroupCoordinator:[241] - Success deal with force start TaskGroupQueue cost: 0/ms
[INFO] 2025-10-13 12:57:34.390 +0800 o.a.d.s.m.r.t.TaskGroupCoordinator:[129] - TaskGroupCoordinator round time cost: 0/ms
[INFO] 2025-10-13 12:57:34.549 +0800 o.a.d.s.m.c.IdSlotBasedCommandFetcher:[67] - Fetch commands: 0 success, cost: 0ms, totalSlot: 1, currentSlotIndex: 0
[INFO] 2025-10-13 12:57:35.632 +0800 o.a.d.s.m.c.IdSlotBasedCommandFetcher:[67] - Fetch commands: 0 success, cost: 0ms, totalSlot: 1, currentSlotIndex: 0
[INFO] 2025-10-13 12:57:36.706 +0800 o.a.d.s.m.c.IdSlotBasedCommandFetcher:[67] - Fetch commands: 0 success, cost: 0ms, totalSlot: 1, currentSlotIndex: 0
[INFO] 2025-10-13 12:57:37.777 +0800 o.a.d.s.m.c.IdSlotBasedCommandFetcher:[67] - Fetch commands: 0 success, cost: 0ms, totalSlot: 1, currentSlotIndex: 0
[INFO] 2025-10-13 12:57:38.862 +0800 o.a.d.s.m.c.IdSlotBasedCommandFetcher:[67] - Fetch commands: 0 success, cost: 0ms, totalSlot: 1, currentSlotIndex: 0
[INFO] 2025-10-13 12:57:39.397 +0800 o.a.d.s.m.r.t.TaskGroupCoordinator:[187] - Success amend TaskGroupQueue status cost: 0/ms
[INFO] 2025-10-13 12:57:39.397 +0800 o.a.d.s.m.r.t.TaskGroupCoordinator:[241] - Success deal with force start TaskGroupQueue cost: 0/ms
[INFO] 2025-10-13 12:57:39.397 +0800 o.a.d.s.m.r.t.TaskGroupCoordinator:[129] - TaskGroupCoordinator round time cost: 0/ms
[INFO] 2025-10-13 12:57:40.029 +0800 o.a.d.s.m.c.IdSlotBasedCommandFetcher:[67] - Fetch commands: 0 success, cost: 0ms, totalSlot: 1, currentSlotIndex: 0
[INFO] 2025-10-13 12:57:41.030 +0800 o.a.d.s.m.c.IdSlotBasedCommandFetcher:[67] - Fetch commands: 0 success, cost: 0ms, totalSlot: 1, currentSlotIndex: 0
[INFO] 2025-10-13 12:57:42.031 +0800 o.a.d.s.m.c.IdSlotBasedCommandFetcher:[67] - Fetch commands: 0 success, cost: 0ms, totalSlot: 1, currentSlotIndex: 0
[INFO] 2025-10-13 12:57:43.033 +0800 o.a.d.s.m.c.IdSlotBasedCommandFetcher:[67] - Fetch commands: 0 success, cost: 0ms, totalSlot: 1, currentSlotIndex: 0
[INFO] 2025-10-13 12:57:44.034 +0800 o.a.d.s.m.c.IdSlotBasedCommandFetcher:[67] - Fetch commands: 0 success, cost: 0ms, totalSlot: 1, currentSlotIndex: 0
[INFO] 2025-10-13 12:57:44.410 +0800 o.a.d.s.m.r.t.TaskGroupCoordinator:[187] - Success amend TaskGroupQueue status cost: 0/ms
[INFO] 2025-10-13 12:57:44.410 +0800 o.a.d.s.m.r.t.TaskGroupCoordinator:[241] - Success deal with force start TaskGroupQueue cost: 0/ms
[INFO] 2025-10-13 12:57:44.410 +0800 o.a.d.s.m.r.t.TaskGroupCoordinator:[129] - TaskGroupCoordinator round time cost: 0/ms
[INFO] 2025-10-13 12:57:45.034 +0800 o.a.d.s.m.c.IdSlotBasedCommandFetcher:[67] - Fetch commands: 0 success, cost: 0ms, totalSlot: 1, currentSlotIndex: 0
[INFO] 2025-10-13 12:57:46.046 +0800 o.a.d.s.m.c.IdSlotBasedCommandFetcher:[67] - Fetch commands: 0 success, cost: 0ms, totalSlot: 1, currentSlotIndex: 0
[INFO] 2025-10-13 12:57:47.046 +0800 o.a.d.s.m.c.IdSlotBasedCommandFetcher:[67] - Fetch commands: 0 success, cost: 0ms, totalSlot: 1, currentSlotIndex: 0
[INFO] 2025-10-13 12:57:48.046 +0800 o.a.d.s.m.c.IdSlotBasedCommandFetcher:[67] - Fetch commands: 0 success, cost: 0ms, totalSlot: 1, currentSlotIndex: 0
[INFO] 2025-10-13 12:57:49.047 +0800 o.a.d.s.m.c.IdSlotBasedCommandFetcher:[67] - Fetch commands: 0 success, cost: 0ms, totalSlot: 1, currentSlotIndex: 0
[INFO] 2025-10-13 12:57:49.414 +0800 o.a.d.s.m.r.t.TaskGroupCoordinator:[187] - Success amend TaskGroupQueue status cost: 0/ms
[INFO] 2025-10-13 12:57:49.415 +0800 o.a.d.s.m.r.t.TaskGroupCoordinator:[241] - Success deal with force start TaskGroupQueue cost: 0/ms
[INFO] 2025-10-13 12:57:49.415 +0800 o.a.d.s.m.r.t.TaskGroupCoordinator:[129] - TaskGroupCoordinator round time cost: 0/ms
[INFO] 2025-10-13 12:57:50.047 +0800 o.a.d.s.m.c.IdSlotBasedCommandFetcher:[67] - Fetch commands: 0 success, cost: 0ms, totalSlot: 1, currentSlotIndex: 0
[INFO] 2025-10-13 12:57:51.047 +0800 o.a.d.s.m.c.IdSlotBasedCommandFetcher:[67] - Fetch commands: 0 success, cost: 0ms, totalSlot: 1, currentSlotIndex: 0
[INFO] 2025-10-13 12:57:52.120 +0800 o.a.d.s.m.c.IdSlotBasedCommandFetcher:[67] - Fetch commands: 0 success, cost: 0ms, totalSlot: 1, currentSlotIndex: 0
[INFO] 2025-10-13 12:57:53.195 +0800 o.a.d.s.m.c.IdSlotBasedCommandFetcher:[67] - Fetch commands: 0 success, cost: 1ms, totalSlot: 1, currentSlotIndex: 0
[INFO] 2025-10-13 12:57:54.265 +0800 o.a.d.s.m.c.IdSlotBasedCommandFetcher:[67] - Fetch commands: 0 success, cost: 0ms, totalSlot: 1, currentSlotIndex: 0
[INFO] 2025-10-13 12:57:54.420 +0800 o.a.d.s.m.r.t.TaskGroupCoordinator:[187] - Success amend TaskGroupQueue status cost: 0/ms
[INFO] 2025-10-13 12:57:54.420 +0800 o.a.d.s.m.r.t.TaskGroupCoordinator:[241] - Success deal with force start TaskGroupQueue cost: 0/ms
[INFO] 2025-10-13 12:57:54.420 +0800 o.a.d.s.m.r.t.TaskGroupCoordinator:[129] - TaskGroupCoordinator round time cost: 0/ms
[INFO] 2025-10-13 12:57:55.347 +0800 o.a.d.s.m.c.IdSlotBasedCommandFetcher:[67] - Fetch commands: 0 success, cost: 2ms, totalSlot: 1, currentSlotIndex: 0
[INFO] 2025-10-13 12:57:56.419 +0800 o.a.d.s.m.c.IdSlotBasedCommandFetcher:[67] - Fetch commands: 0 success, cost: 0ms, totalSlot: 1, currentSlotIndex: 0
[INFO] 2025-10-13 12:57:57.492 +0800 o.a.d.s.m.c.IdSlotBasedCommandFetcher:[67] - Fetch commands: 0 success, cost: 0ms, totalSlot: 1, currentSlotIndex: 0
[INFO] 2025-10-13 12:57:58.622 +0800 o.a.d.s.m.c.IdSlotBasedCommandFetcher:[67] - Fetch commands: 0 success, cost: 0ms, totalSlot: 1, currentSlotIndex: 0
[INFO] 2025-10-13 12:57:59.429 +0800 o.a.d.s.m.r.t.TaskGroupCoordinator:[187] - Success amend TaskGroupQueue status cost: 0/ms
[INFO] 2025-10-13 12:57:59.430 +0800 o.a.d.s.m.r.t.TaskGroupCoordinator:[241] - Success deal with force start TaskGroupQueue cost: 0/ms
[INFO] 2025-10-13 12:57:59.430 +0800 o.a.d.s.m.r.t.TaskGroupCoordinator:[129] - TaskGroupCoordinator round time cost: 0/ms
[INFO] 2025-10-13 12:57:59.622 +0800 o.a.d.s.m.c.IdSlotBasedCommandFetcher:[67] - Fetch commands: 0 success, cost: 0ms, totalSlot: 1, currentSlotIndex: 0
[INFO] 2025-10-13 12:58:00.623 +0800 o.a.d.s.m.c.IdSlotBasedCommandFetcher:[67] - Fetch commands: 0 success, cost: 0ms, totalSlot: 1, currentSlotIndex: 0
[INFO] 2025-10-13 12:58:01.623 +0800 o.a.d.s.m.c.IdSlotBasedCommandFetcher:[67] - Fetch commands: 0 success, cost: 0ms, totalSlot: 1, currentSlotIndex: 0
[INFO] 2025-10-13 12:58:02.623 +0800 o.a.d.s.m.c.IdSlotBasedCommandFetcher:[67] - Fetch commands: 0 success, cost: 0ms, totalSlot: 1, currentSlotIndex: 0
[INFO] 2025-10-13 12:58:03.623 +0800 o.a.d.s.m.c.IdSlotBasedCommandFetcher:[67] - Fetch commands: 0 success, cost: 0ms, totalSlot: 1, currentSlotIndex: 0
[INFO] 2025-10-13 12:58:04.435 +0800 o.a.d.s.m.r.t.TaskGroupCoordinator:[187] - Success amend TaskGroupQueue status cost: 0/ms
[INFO] 2025-10-13 12:58:04.435 +0800 o.a.d.s.m.r.t.TaskGroupCoordinator:[241] - Success deal with force start TaskGroupQueue cost: 0/ms
[INFO] 2025-10-13 12:58:04.435 +0800 o.a.d.s.m.r.t.TaskGroupCoordinator:[129] - TaskGroupCoordinator round time cost: 0/ms
[INFO] 2025-10-13 12:58:04.624 +0800 o.a.d.s.m.c.IdSlotBasedCommandFetcher:[67] - Fetch commands: 0 success, cost: 0ms, totalSlot: 1, currentSlotIndex: 0
[INFO] 2025-10-13 12:58:05.625 +0800 o.a.d.s.m.c.IdSlotBasedCommandFetcher:[67] - Fetch commands: 0 success, cost: 0ms, totalSlot: 1, currentSlotIndex: 0
[INFO] 2025-10-13 12:58:06.625 +0800 o.a.d.s.m.c.IdSlotBasedCommandFetcher:[67] - Fetch commands: 0 success, cost: 0ms, totalSlot: 1, currentSlotIndex: 0
[INFO] 2025-10-13 12:58:07.626 +0800 o.a.d.s.m.c.IdSlotBasedCommandFetcher:[67] - Fetch commands: 0 success, cost: 0ms, totalSlot: 1, currentSlotIndex: 0
[INFO] 2025-10-13 12:58:08.635 +0800 o.a.d.s.m.c.IdSlotBasedCommandFetcher:[67] - Fetch commands: 0 success, cost: 0ms, totalSlot: 1, currentSlotIndex: 0
[INFO] 2025-10-13 12:58:09.439 +0800 o.a.d.s.m.r.t.TaskGroupCoordinator:[187] - Success amend TaskGroupQueue status cost: 0/ms
[INFO] 2025-10-13 12:58:09.439 +0800 o.a.d.s.m.r.t.TaskGroupCoordinator:[241] - Success deal with force start TaskGroupQueue cost: 0/ms
[INFO] 2025-10-13 12:58:09.440 +0800 o.a.d.s.m.r.t.TaskGroupCoordinator:[129] - TaskGroupCoordinator round time cost: 0/ms
[INFO] 2025-10-13 12:58:09.635 +0800 o.a.d.s.m.c.IdSlotBasedCommandFetcher:[67] - Fetch commands: 0 success, cost: 0ms, totalSlot: 1, currentSlotIndex: 0
[INFO] 2025-10-13 12:58:10.642 +0800 o.a.d.s.m.c.IdSlotBasedCommandFetcher:[67] - Fetch commands: 0 success, cost: 0ms, totalSlot: 1, currentSlotIndex: 0
[INFO] 2025-10-13 12:58:11.717 +0800 o.a.d.s.m.c.IdSlotBasedCommandFetcher:[67] - Fetch commands: 0 success, cost: 0ms, totalSlot: 1, currentSlotIndex: 0
[INFO] 2025-10-13 12:58:12.786 +0800 o.a.d.s.m.c.IdSlotBasedCommandFetcher:[67] - Fetch commands: 0 success, cost: 0ms, totalSlot: 1, currentSlotIndex: 0
[INFO] 2025-10-13 12:58:13.859 +0800 o.a.d.s.m.c.IdSlotBasedCommandFetcher:[67] - Fetch commands: 0 success, cost: 0ms, totalSlot: 1, currentSlotIndex: 0
[INFO] 2025-10-13 12:58:14.452 +0800 o.a.d.s.m.r.t.TaskGroupCoordinator:[187] - Success amend TaskGroupQueue status cost: 0/ms
[INFO] 2025-10-13 12:58:14.452 +0800 o.a.d.s.m.r.t.TaskGroupCoordinator:[241] - Success deal with force start TaskGroupQueue cost: 0/ms
[INFO] 2025-10-13 12:58:14.452 +0800 o.a.d.s.m.r.t.TaskGroupCoordinator:[129] - TaskGroupCoordinator round time cost: 0/ms
[INFO] 2025-10-13 12:58:15.003 +0800 o.a.d.s.m.c.IdSlotBasedCommandFetcher:[67] - Fetch commands: 0 success, cost: 0ms, totalSlot: 1, currentSlotIndex: 0
[INFO] 2025-10-13 12:58:16.004 +0800 o.a.d.s.m.c.IdSlotBasedCommandFetcher:[67] - Fetch commands: 0 success, cost: 0ms, totalSlot: 1, currentSlotIndex: 0
[INFO] 2025-10-13 12:58:17.006 +0800 o.a.d.s.m.c.IdSlotBasedCommandFetcher:[67] - Fetch commands: 0 success, cost: 0ms, totalSlot: 1, currentSlotIndex: 0
[INFO] 2025-10-13 12:58:18.006 +0800 o.a.d.s.m.c.IdSlotBasedCommandFetcher:[67] - Fetch commands: 0 success, cost: 0ms, totalSlot: 1, currentSlotIndex: 0
[INFO] 2025-10-13 12:58:19.007 +0800 o.a.d.s.m.c.IdSlotBasedCommandFetcher:[67] - Fetch commands: 0 success, cost: 0ms, totalSlot: 1, currentSlotIndex: 0
[INFO] 2025-10-13 12:58:19.457 +0800 o.a.d.s.m.r.t.TaskGroupCoordinator:[187] - Success amend TaskGroupQueue status cost: 0/ms
[INFO] 2025-10-13 12:58:19.458 +0800 o.a.d.s.m.r.t.TaskGroupCoordinator:[241] - Success deal with force start TaskGroupQueue cost: 0/ms
[INFO] 2025-10-13 12:58:19.458 +0800 o.a.d.s.m.r.t.TaskGroupCoordinator:[129] - TaskGroupCoordinator round time cost: 0/ms
[INFO] 2025-10-13 12:58:20.007 +0800 o.a.d.s.m.c.IdSlotBasedCommandFetcher:[67] - Fetch commands: 0 success, cost: 0ms, totalSlot: 1, currentSlotIndex: 0
[INFO] 2025-10-13 12:58:21.007 +0800 o.a.d.s.m.c.IdSlotBasedCommandFetcher:[67] - Fetch commands: 0 success, cost: 0ms, totalSlot: 1, currentSlotIndex: 0
[INFO] 2025-10-13 12:58:22.007 +0800 o.a.d.s.m.c.IdSlotBasedCommandFetcher:[67] - Fetch commands: 0 success, cost: 0ms, totalSlot: 1, currentSlotIndex: 0
[INFO] 2025-10-13 12:58:23.008 +0800 o.a.d.s.m.c.IdSlotBasedCommandFetcher:[67] - Fetch commands: 0 success, cost: 0ms, totalSlot: 1, currentSlotIndex: 0
[INFO] 2025-10-13 12:58:24.008 +0800 o.a.d.s.m.c.IdSlotBasedCommandFetcher:[67] - Fetch commands: 0 success, cost: 0ms, totalSlot: 1, currentSlotIndex: 0
[INFO] 2025-10-13 12:58:24.461 +0800 o.a.d.s.m.r.t.TaskGroupCoordinator:[187] - Success amend TaskGroupQueue status cost: 0/ms
[INFO] 2025-10-13 12:58:24.462 +0800 o.a.d.s.m.r.t.TaskGroupCoordinator:[241] - Success deal with force start TaskGroupQueue cost: 0/ms
[INFO] 2025-10-13 12:58:24.462 +0800 o.a.d.s.m.r.t.TaskGroupCoordinator:[129] - TaskGroupCoordinator round time cost: 0/ms
[INFO] 2025-10-13 12:58:25.008 +0800 o.a.d.s.m.c.IdSlotBasedCommandFetcher:[67] - Fetch commands: 0 success, cost: 0ms, totalSlot: 1, currentSlotIndex: 0
[INFO] 2025-10-13 12:58:26.008 +0800 o.a.d.s.m.c.IdSlotBasedCommandFetcher:[67] - Fetch commands: 0 success, cost: 0ms, totalSlot: 1, currentSlotIndex: 0
[INFO] 2025-10-13 12:58:27.009 +0800 o.a.d.s.m.c.IdSlotBasedCommandFetcher:[67] - Fetch commands: 0 success, cost: 0ms, totalSlot: 1, currentSlotIndex: 0
[INFO] 2025-10-13 12:58:28.128 +0800 o.a.d.s.m.c.IdSlotBasedCommandFetcher:[67] - Fetch commands: 0 success, cost: 0ms, totalSlot: 1, currentSlotIndex: 0
[INFO] 2025-10-13 12:58:29.202 +0800 o.a.d.s.m.c.IdSlotBasedCommandFetcher:[67] - Fetch commands: 0 success, cost: 0ms, totalSlot: 1, currentSlotIndex: 0
[INFO] 2025-10-13 12:58:29.468 +0800 o.a.d.s.m.r.t.TaskGroupCoordinator:[187] - Success amend TaskGroupQueue status cost: 0/ms
[INFO] 2025-10-13 12:58:29.468 +0800 o.a.d.s.m.r.t.TaskGroupCoordinator:[241] - Success deal with force start TaskGroupQueue cost: 0/ms
[INFO] 2025-10-13 12:58:29.468 +0800 o.a.d.s.m.r.t.TaskGroupCoordinator:[129] - TaskGroupCoordinator round time cost: 0/ms
[INFO] 2025-10-13 12:58:30.318 +0800 o.a.d.s.m.c.IdSlotBasedCommandFetcher:[67] - Fetch commands: 0 success, cost: 1ms, totalSlot: 1, currentSlotIndex: 0
[INFO] 2025-10-13 12:58:31.318 +0800 o.a.d.s.m.c.IdSlotBasedCommandFetcher:[67] - Fetch commands: 0 success, cost: 0ms, totalSlot: 1, currentSlotIndex: 0
[INFO] 2025-10-13 12:58:32.319 +0800 o.a.d.s.m.c.IdSlotBasedCommandFetcher:[67] - Fetch commands: 0 success, cost: 0ms, totalSlot: 1, currentSlotIndex: 0
[INFO] 2025-10-13 12:58:33.320 +0800 o.a.d.s.m.c.IdSlotBasedCommandFetcher:[67] - Fetch commands: 0 success, cost: 0ms, totalSlot: 1, currentSlotIndex: 0
[INFO] 2025-10-13 12:58:34.320 +0800 o.a.d.s.m.c.IdSlotBasedCommandFetcher:[67] - Fetch commands: 0 success, cost: 0ms, totalSlot: 1, currentSlotIndex: 0
[INFO] 2025-10-13 12:58:34.471 +0800 o.a.d.s.m.r.t.TaskGroupCoordinator:[187] - Success amend TaskGroupQueue status cost: 0/ms
[INFO] 2025-10-13 12:58:34.471 +0800 o.a.d.s.m.r.t.TaskGroupCoordinator:[241] - Success deal with force start TaskGroupQueue cost: 0/ms
[INFO] 2025-10-13 12:58:34.472 +0800 o.a.d.s.m.r.t.TaskGroupCoordinator:[129] - TaskGroupCoordinator round time cost: 0/ms
[INFO] 2025-10-13 12:58:35.321 +0800 o.a.d.s.m.c.IdSlotBasedCommandFetcher:[67] - Fetch commands: 0 success, cost: 0ms, totalSlot: 1, currentSlotIndex: 0
[INFO] 2025-10-13 12:58:36.321 +0800 o.a.d.s.m.c.IdSlotBasedCommandFetcher:[67] - Fetch commands: 0 success, cost: 0ms, totalSlot: 1, currentSlotIndex: 0
[INFO] 2025-10-13 12:58:37.321 +0800 o.a.d.s.m.c.IdSlotBasedCommandFetcher:[67] - Fetch commands: 0 success, cost: 0ms, totalSlot: 1, currentSlotIndex: 0
[INFO] 2025-10-13 12:58:38.334 +0800 o.a.d.s.m.c.IdSlotBasedCommandFetcher:[67] - Fetch commands: 0 success, cost: 0ms, totalSlot: 1, currentSlotIndex: 0
[INFO] 2025-10-13 12:58:39.335 +0800 o.a.d.s.m.c.IdSlotBasedCommandFetcher:[67] - Fetch commands: 0 success, cost: 0ms, totalSlot: 1, currentSlotIndex: 0
[INFO] 2025-10-13 12:58:39.475 +0800 o.a.d.s.m.r.t.TaskGroupCoordinator:[187] - Success amend TaskGroupQueue status cost: 0/ms
[INFO] 2025-10-13 12:58:39.475 +0800 o.a.d.s.m.r.t.TaskGroupCoordinator:[241] - Success deal with force start TaskGroupQueue cost: 0/ms
[INFO] 2025-10-13 12:58:39.476 +0800 o.a.d.s.m.r.t.TaskGroupCoordinator:[129] - TaskGroupCoordinator round time cost: 0/ms
[INFO] 2025-10-13 12:58:40.346 +0800 o.a.d.s.m.c.IdSlotBasedCommandFetcher:[67] - Fetch commands: 0 success, cost: 0ms, totalSlot: 1, currentSlotIndex: 0
[INFO] 2025-10-13 12:58:41.347 +0800 o.a.d.s.m.c.IdSlotBasedCommandFetcher:[67] - Fetch commands: 0 success, cost: 0ms, totalSlot: 1, currentSlotIndex: 0
[INFO] 2025-10-13 12:58:42.439 +0800 o.a.d.s.m.c.IdSlotBasedCommandFetcher:[67] - Fetch commands: 0 success, cost: 1ms, totalSlot: 1, currentSlotIndex: 0
[INFO] 2025-10-13 12:58:43.510 +0800 o.a.d.s.m.c.IdSlotBasedCommandFetcher:[67] - Fetch commands: 0 success, cost: 0ms, totalSlot: 1, currentSlotIndex: 0
[INFO] 2025-10-13 12:58:44.488 +0800 o.a.d.s.m.r.t.TaskGroupCoordinator:[187] - Success amend TaskGroupQueue status cost: 0/ms
[INFO] 2025-10-13 12:58:44.488 +0800 o.a.d.s.m.r.t.TaskGroupCoordinator:[241] - Success deal with force start TaskGroupQueue cost: 0/ms
[INFO] 2025-10-13 12:58:44.488 +0800 o.a.d.s.m.r.t.TaskGroupCoordinator:[129] - TaskGroupCoordinator round time cost: 0/ms
[INFO] 2025-10-13 12:58:44.586 +0800 o.a.d.s.m.c.IdSlotBasedCommandFetcher:[67] - Fetch commands: 0 success, cost: 0ms, totalSlot: 1, currentSlotIndex: 0
[INFO] 2025-10-13 12:58:45.673 +0800 o.a.d.s.m.c.IdSlotBasedCommandFetcher:[67] - Fetch commands: 0 success, cost: 0ms, totalSlot: 1, currentSlotIndex: 0
[INFO] 2025-10-13 12:58:46.750 +0800 o.a.d.s.m.c.IdSlotBasedCommandFetcher:[67] - Fetch commands: 0 success, cost: 0ms, totalSlot: 1, currentSlotIndex: 0
[INFO] 2025-10-13 12:58:47.828 +0800 o.a.d.s.m.c.IdSlotBasedCommandFetcher:[67] - Fetch commands: 0 success, cost: 0ms, totalSlot: 1, currentSlotIndex: 0
[INFO] 2025-10-13 12:58:48.976 +0800 o.a.d.s.m.c.IdSlotBasedCommandFetcher:[67] - Fetch commands: 0 success, cost: 0ms, totalSlot: 1, currentSlotIndex: 0
[INFO] 2025-10-13 12:58:49.503 +0800 o.a.d.s.m.r.t.TaskGroupCoordinator:[187] - Success amend TaskGroupQueue status cost: 0/ms
[INFO] 2025-10-13 12:58:49.504 +0800 o.a.d.s.m.r.t.TaskGroupCoordinator:[241] - Success deal with force start TaskGroupQueue cost: 0/ms
[INFO] 2025-10-13 12:58:49.504 +0800 o.a.d.s.m.r.t.TaskGroupCoordinator:[129] - TaskGroupCoordinator round time cost: 1/ms
[INFO] 2025-10-13 12:58:49.976 +0800 o.a.d.s.m.c.IdSlotBasedCommandFetcher:[67] - Fetch commands: 0 success, cost: 0ms, totalSlot: 1, currentSlotIndex: 0
[INFO] 2025-10-13 12:58:50.976 +0800 o.a.d.s.m.c.IdSlotBasedCommandFetcher:[67] - Fetch commands: 0 success, cost: 0ms, totalSlot: 1, currentSlotIndex: 0
[INFO] 2025-10-13 12:58:51.977 +0800 o.a.d.s.m.c.IdSlotBasedCommandFetcher:[67] - Fetch commands: 0 success, cost: 0ms, totalSlot: 1, currentSlotIndex: 0
[INFO] 2025-10-13 12:58:52.977 +0800 o.a.d.s.m.c.IdSlotBasedCommandFetcher:[67] - Fetch commands: 0 success, cost: 0ms, totalSlot: 1, currentSlotIndex: 0
[INFO] 2025-10-13 12:58:53.978 +0800 o.a.d.s.m.c.IdSlotBasedCommandFetcher:[67] - Fetch commands: 0 success, cost: 0ms, totalSlot: 1, currentSlotIndex: 0
[INFO] 2025-10-13 12:58:54.508 +0800 o.a.d.s.m.r.t.TaskGroupCoordinator:[187] - Success amend TaskGroupQueue status cost: 0/ms
[INFO] 2025-10-13 12:58:54.509 +0800 o.a.d.s.m.r.t.TaskGroupCoordinator:[241] - Success deal with force start TaskGroupQueue cost: 0/ms
[INFO] 2025-10-13 12:58:54.509 +0800 o.a.d.s.m.r.t.TaskGroupCoordinator:[129] - TaskGroupCoordinator round time cost: 0/ms
[INFO] 2025-10-13 12:58:54.978 +0800 o.a.d.s.m.c.IdSlotBasedCommandFetcher:[67] - Fetch commands: 0 success, cost: 0ms, totalSlot: 1, currentSlotIndex: 0
[INFO] 2025-10-13 12:58:55.979 +0800 o.a.d.s.m.c.IdSlotBasedCommandFetcher:[67] - Fetch commands: 0 success, cost: 0ms, totalSlot: 1, currentSlotIndex: 0
[INFO] 2025-10-13 12:58:56.979 +0800 o.a.d.s.m.c.IdSlotBasedCommandFetcher:[67] - Fetch commands: 0 success, cost: 0ms, totalSlot: 1, currentSlotIndex: 0
[INFO] 2025-10-13 12:58:57.983 +0800 o.a.d.s.m.c.IdSlotBasedCommandFetcher:[67] - Fetch commands: 0 success, cost: 0ms, totalSlot: 1, currentSlotIndex: 0
[INFO] 2025-10-13 12:58:58.983 +0800 o.a.d.s.m.c.IdSlotBasedCommandFetcher:[67] - Fetch commands: 0 success, cost: 0ms, totalSlot: 1, currentSlotIndex: 0
[INFO] 2025-10-13 12:58:59.512 +0800 o.a.d.s.m.r.t.TaskGroupCoordinator:[187] - Success amend TaskGroupQueue status cost: 0/ms
[INFO] 2025-10-13 12:58:59.512 +0800 o.a.d.s.m.r.t.TaskGroupCoordinator:[241] - Success deal with force start TaskGroupQueue cost: 0/ms
[INFO] 2025-10-13 12:58:59.512 +0800 o.a.d.s.m.r.t.TaskGroupCoordinator:[129] - TaskGroupCoordinator round time cost: 0/ms
[INFO] 2025-10-13 12:58:59.984 +0800 o.a.d.s.m.c.IdSlotBasedCommandFetcher:[67] - Fetch commands: 0 success, cost: 0ms, totalSlot: 1, currentSlotIndex: 0
[INFO] 2025-10-13 12:59:00.996 +0800 o.a.d.s.m.c.IdSlotBasedCommandFetcher:[67] - Fetch commands: 0 success, cost: 0ms, totalSlot: 1, currentSlotIndex: 0
[INFO] 2025-10-13 12:59:02.097 +0800 o.a.d.s.m.c.IdSlotBasedCommandFetcher:[67] - Fetch commands: 0 success, cost: 1ms, totalSlot: 1, currentSlotIndex: 0
[INFO] 2025-10-13 12:59:03.169 +0800 o.a.d.s.m.c.IdSlotBasedCommandFetcher:[67] - Fetch commands: 0 success, cost: 0ms, totalSlot: 1, currentSlotIndex: 0
[INFO] 2025-10-13 12:59:04.279 +0800 o.a.d.s.m.c.IdSlotBasedCommandFetcher:[67] - Fetch commands: 0 success, cost: 0ms, totalSlot: 1, currentSlotIndex: 0
[INFO] 2025-10-13 12:59:04.516 +0800 o.a.d.s.m.r.t.TaskGroupCoordinator:[187] - Success amend TaskGroupQueue status cost: 0/ms
[INFO] 2025-10-13 12:59:04.516 +0800 o.a.d.s.m.r.t.TaskGroupCoordinator:[241] - Success deal with force start TaskGroupQueue cost: 0/ms
[INFO] 2025-10-13 12:59:04.516 +0800 o.a.d.s.m.r.t.TaskGroupCoordinator:[129] - TaskGroupCoordinator round time cost: 0/ms
[INFO] 2025-10-13 12:59:05.292 +0800 o.a.d.s.m.c.IdSlotBasedCommandFetcher:[67] - Fetch commands: 0 success, cost: 0ms, totalSlot: 1, currentSlotIndex: 0
[INFO] 2025-10-13 12:59:06.293 +0800 o.a.d.s.m.c.IdSlotBasedCommandFetcher:[67] - Fetch commands: 0 success, cost: 0ms, totalSlot: 1, currentSlotIndex: 0
[INFO] 2025-10-13 12:59:07.294 +0800 o.a.d.s.m.c.IdSlotBasedCommandFetcher:[67] - Fetch commands: 0 success, cost: 0ms, totalSlot: 1, currentSlotIndex: 0
[INFO] 2025-10-13 12:59:08.294 +0800 o.a.d.s.m.c.IdSlotBasedCommandFetcher:[67] - Fetch commands: 0 success, cost: 0ms, totalSlot: 1, currentSlotIndex: 0
[INFO] 2025-10-13 12:59:09.295 +0800 o.a.d.s.m.c.IdSlotBasedCommandFetcher:[67] - Fetch commands: 0 success, cost: 0ms, totalSlot: 1, currentSlotIndex: 0
[INFO] 2025-10-13 12:59:09.530 +0800 o.a.d.s.m.r.t.TaskGroupCoordinator:[187] - Success amend TaskGroupQueue status cost: 0/ms
[INFO] 2025-10-13 12:59:09.531 +0800 o.a.d.s.m.r.t.TaskGroupCoordinator:[241] - Success deal with force start TaskGroupQueue cost: 0/ms
[INFO] 2025-10-13 12:59:09.531 +0800 o.a.d.s.m.r.t.TaskGroupCoordinator:[129] - TaskGroupCoordinator round time cost: 0/ms
[INFO] 2025-10-13 12:59:10.295 +0800 o.a.d.s.m.c.IdSlotBasedCommandFetcher:[67] - Fetch commands: 0 success, cost: 0ms, totalSlot: 1, currentSlotIndex: 0
[INFO] 2025-10-13 12:59:11.296 +0800 o.a.d.s.m.c.IdSlotBasedCommandFetcher:[67] - Fetch commands: 0 success, cost: 0ms, totalSlot: 1, currentSlotIndex: 0
[INFO] 2025-10-13 12:59:12.297 +0800 o.a.d.s.m.c.IdSlotBasedCommandFetcher:[67] - Fetch commands: 0 success, cost: 0ms, totalSlot: 1, currentSlotIndex: 0
[INFO] 2025-10-13 12:59:13.297 +0800 o.a.d.s.m.c.IdSlotBasedCommandFetcher:[67] - Fetch commands: 0 success, cost: 0ms, totalSlot: 1, currentSlotIndex: 0
[INFO] 2025-10-13 12:59:14.298 +0800 o.a.d.s.m.c.IdSlotBasedCommandFetcher:[67] - Fetch commands: 0 success, cost: 0ms, totalSlot: 1, currentSlotIndex: 0
[INFO] 2025-10-13 12:59:14.535 +0800 o.a.d.s.m.r.t.TaskGroupCoordinator:[187] - Success amend TaskGroupQueue status cost: 0/ms
[INFO] 2025-10-13 12:59:14.535 +0800 o.a.d.s.m.r.t.TaskGroupCoordinator:[241] - Success deal with force start TaskGroupQueue cost: 0/ms
[INFO] 2025-10-13 12:59:14.536 +0800 o.a.d.s.m.r.t.TaskGroupCoordinator:[129] - TaskGroupCoordinator round time cost: 0/ms
[INFO] 2025-10-13 12:59:15.298 +0800 o.a.d.s.m.c.IdSlotBasedCommandFetcher:[67] - Fetch commands: 0 success, cost: 0ms, totalSlot: 1, currentSlotIndex: 0
[INFO] 2025-10-13 12:59:16.298 +0800 o.a.d.s.m.c.IdSlotBasedCommandFetcher:[67] - Fetch commands: 0 success, cost: 0ms, totalSlot: 1, currentSlotIndex: 0
[INFO] 2025-10-13 12:59:17.438 +0800 o.a.d.s.m.c.IdSlotBasedCommandFetcher:[67] - Fetch commands: 0 success, cost: 0ms, totalSlot: 1, currentSlotIndex: 0
[INFO] 2025-10-13 12:59:18.508 +0800 o.a.d.s.m.c.IdSlotBasedCommandFetcher:[67] - Fetch commands: 0 success, cost: 0ms, totalSlot: 1, currentSlotIndex: 0
[INFO] 2025-10-13 12:59:19.539 +0800 o.a.d.s.m.r.t.TaskGroupCoordinator:[187] - Success amend TaskGroupQueue status cost: 0/ms
[INFO] 2025-10-13 12:59:19.539 +0800 o.a.d.s.m.r.t.TaskGroupCoordinator:[241] - Success deal with force start TaskGroupQueue cost: 0/ms
[INFO] 2025-10-13 12:59:19.539 +0800 o.a.d.s.m.r.t.TaskGroupCoordinator:[129] - TaskGroupCoordinator round time cost: 0/ms
[INFO] 2025-10-13 12:59:19.580 +0800 o.a.d.s.m.c.IdSlotBasedCommandFetcher:[67] - Fetch commands: 0 success, cost: 0ms, totalSlot: 1, currentSlotIndex: 0
[INFO] 2025-10-13 12:59:20.707 +0800 o.a.d.s.m.c.IdSlotBasedCommandFetcher:[67] - Fetch commands: 0 success, cost: 0ms, totalSlot: 1, currentSlotIndex: 0
[INFO] 2025-10-13 12:59:21.707 +0800 o.a.d.s.m.c.IdSlotBasedCommandFetcher:[67] - Fetch commands: 0 success, cost: 0ms, totalSlot: 1, currentSlotIndex: 0
[INFO] 2025-10-13 12:59:22.708 +0800 o.a.d.s.m.c.IdSlotBasedCommandFetcher:[67] - Fetch commands: 0 success, cost: 0ms, totalSlot: 1, currentSlotIndex: 0
[INFO] 2025-10-13 12:59:23.708 +0800 o.a.d.s.m.c.IdSlotBasedCommandFetcher:[67] - Fetch commands: 0 success, cost: 0ms, totalSlot: 1, currentSlotIndex: 0
[INFO] 2025-10-13 12:59:24.552 +0800 o.a.d.s.m.r.t.TaskGroupCoordinator:[187] - Success amend TaskGroupQueue status cost: 0/ms
[INFO] 2025-10-13 12:59:24.552 +0800 o.a.d.s.m.r.t.TaskGroupCoordinator:[241] - Success deal with force start TaskGroupQueue cost: 0/ms
[INFO] 2025-10-13 12:59:24.552 +0800 o.a.d.s.m.r.t.TaskGroupCoordinator:[129] - TaskGroupCoordinator round time cost: 0/ms
[INFO] 2025-10-13 12:59:24.720 +0800 o.a.d.s.m.c.IdSlotBasedCommandFetcher:[67] - Fetch commands: 0 success, cost: 0ms, totalSlot: 1, currentSlotIndex: 0
[INFO] 2025-10-13 12:59:25.720 +0800 o.a.d.s.m.c.IdSlotBasedCommandFetcher:[67] - Fetch commands: 0 success, cost: 0ms, totalSlot: 1, currentSlotIndex: 0
[INFO] 2025-10-13 12:59:26.721 +0800 o.a.d.s.m.c.IdSlotBasedCommandFetcher:[67] - Fetch commands: 0 success, cost: 0ms, totalSlot: 1, currentSlotIndex: 0
[INFO] 2025-10-13 12:59:27.732 +0800 o.a.d.s.m.c.IdSlotBasedCommandFetcher:[67] - Fetch commands: 0 success, cost: 0ms, totalSlot: 1, currentSlotIndex: 0
[INFO] 2025-10-13 12:59:28.732 +0800 o.a.d.s.m.c.IdSlotBasedCommandFetcher:[67] - Fetch commands: 0 success, cost: 0ms, totalSlot: 1, currentSlotIndex: 0
[INFO] 2025-10-13 12:59:29.557 +0800 o.a.d.s.m.r.t.TaskGroupCoordinator:[187] - Success amend TaskGroupQueue status cost: 0/ms
[INFO] 2025-10-13 12:59:29.557 +0800 o.a.d.s.m.r.t.TaskGroupCoordinator:[241] - Success deal with force start TaskGroupQueue cost: 0/ms
[INFO] 2025-10-13 12:59:29.557 +0800 o.a.d.s.m.r.t.TaskGroupCoordinator:[129] - TaskGroupCoordinator round time cost: 0/ms
[INFO] 2025-10-13 12:59:29.733 +0800 o.a.d.s.m.c.IdSlotBasedCommandFetcher:[67] - Fetch commands: 0 success, cost: 0ms, totalSlot: 1, currentSlotIndex: 0
[INFO] 2025-10-13 12:59:30.734 +0800 o.a.d.s.m.c.IdSlotBasedCommandFetcher:[67] - Fetch commands: 0 success, cost: 0ms, totalSlot: 1, currentSlotIndex: 0
[INFO] 2025-10-13 12:59:31.734 +0800 o.a.d.s.m.c.IdSlotBasedCommandFetcher:[67] - Fetch commands: 0 success, cost: 0ms, totalSlot: 1, currentSlotIndex: 0
[INFO] 2025-10-13 12:59:32.809 +0800 o.a.d.s.m.c.IdSlotBasedCommandFetcher:[67] - Fetch commands: 0 success, cost: 0ms, totalSlot: 1, currentSlotIndex: 0
[INFO] 2025-10-13 12:59:33.886 +0800 o.a.d.s.m.c.IdSlotBasedCommandFetcher:[67] - Fetch commands: 0 success, cost: 0ms, totalSlot: 1, currentSlotIndex: 0
[INFO] 2025-10-13 12:59:34.563 +0800 o.a.d.s.m.r.t.TaskGroupCoordinator:[187] - Success amend TaskGroupQueue status cost: 0/ms
[INFO] 2025-10-13 12:59:34.563 +0800 o.a.d.s.m.r.t.TaskGroupCoordinator:[241] - Success deal with force start TaskGroupQueue cost: 0/ms
[INFO] 2025-10-13 12:59:34.564 +0800 o.a.d.s.m.r.t.TaskGroupCoordinator:[129] - TaskGroupCoordinator round time cost: 0/ms
[INFO] 2025-10-13 12:59:34.956 +0800 o.a.d.s.m.c.IdSlotBasedCommandFetcher:[67] - Fetch commands: 0 success, cost: 0ms, totalSlot: 1, currentSlotIndex: 0
[INFO] 2025-10-13 12:59:36.029 +0800 o.a.d.s.m.c.IdSlotBasedCommandFetcher:[67] - Fetch commands: 0 success, cost: 0ms, totalSlot: 1, currentSlotIndex: 0
[INFO] 2025-10-13 12:59:37.104 +0800 o.a.d.s.m.c.IdSlotBasedCommandFetcher:[67] - Fetch commands: 0 success, cost: 0ms, totalSlot: 1, currentSlotIndex: 0
[INFO] 2025-10-13 12:59:38.176 +0800 o.a.d.s.m.c.IdSlotBasedCommandFetcher:[67] - Fetch commands: 0 success, cost: 0ms, totalSlot: 1, currentSlotIndex: 0
[INFO] 2025-10-13 12:59:39.248 +0800 o.a.d.s.m.c.IdSlotBasedCommandFetcher:[67] - Fetch commands: 0 success, cost: 0ms, totalSlot: 1, currentSlotIndex: 0
[INFO] 2025-10-13 12:59:39.568 +0800 o.a.d.s.m.r.t.TaskGroupCoordinator:[187] - Success amend TaskGroupQueue status cost: 0/ms
[INFO] 2025-10-13 12:59:39.568 +0800 o.a.d.s.m.r.t.TaskGroupCoordinator:[241] - Success deal with force start TaskGroupQueue cost: 0/ms
[INFO] 2025-10-13 12:59:39.568 +0800 o.a.d.s.m.r.t.TaskGroupCoordinator:[129] - TaskGroupCoordinator round time cost: 0/ms
[INFO] 2025-10-13 12:59:40.321 +0800 o.a.d.s.m.c.IdSlotBasedCommandFetcher:[67] - Fetch commands: 0 success, cost: 0ms, totalSlot: 1, currentSlotIndex: 0
[INFO] 2025-10-13 12:59:41.391 +0800 o.a.d.s.m.c.IdSlotBasedCommandFetcher:[67] - Fetch commands: 0 success, cost: 0ms, totalSlot: 1, currentSlotIndex: 0
[INFO] 2025-10-13 12:59:42.503 +0800 o.a.d.s.m.c.IdSlotBasedCommandFetcher:[67] - Fetch commands: 0 success, cost: 0ms, totalSlot: 1, currentSlotIndex: 0
[INFO] 2025-10-13 12:59:43.504 +0800 o.a.d.s.m.c.IdSlotBasedCommandFetcher:[67] - Fetch commands: 0 success, cost: 0ms, totalSlot: 1, currentSlotIndex: 0
[INFO] 2025-10-13 12:59:43.726 +0800 o.a.d.m.m.BaseServerLoadProtection:[43] - OverLoad: the system cpu usage: 1.0 is over then the maxSystemCpuUsagePercentageThresholds 0.9
[INFO] 2025-10-13 12:59:43.760 +0800 o.a.d.m.m.BaseServerLoadProtection:[43] - OverLoad: the system cpu usage: 1.0 is over then the maxSystemCpuUsagePercentageThresholds 0.9
[WARN] 2025-10-13 12:59:44.332 +0800 o.a.d.s.m.d.h.LowerWeightHostManager:[139] - Worker 10.1.35.13:1234 in workerGroup default is Busy, heartbeat is WorkerHeartBeat(workerHostWeight=100, threadPoolUsage=0)
[WARN] 2025-10-13 12:59:44.333 +0800 o.a.d.s.m.r.MasterSlotManager:[91] - Current master is not in active master list
[INFO] 2025-10-13 12:59:44.504 +0800 o.a.d.m.m.BaseServerLoadProtection:[43] - OverLoad: the system cpu usage: 1.0 is over then the maxSystemCpuUsagePercentageThresholds 0.9
[WARN] 2025-10-13 12:59:44.504 +0800 o.a.d.s.m.r.MasterSchedulerBootstrap:[120] - The current server is overload, cannot consumes commands.
[INFO] 2025-10-13 12:59:44.576 +0800 o.a.d.s.m.r.t.TaskGroupCoordinator:[187] - Success amend TaskGroupQueue status cost: 0/ms
[INFO] 2025-10-13 12:59:44.576 +0800 o.a.d.s.m.r.t.TaskGroupCoordinator:[241] - Success deal with force start TaskGroupQueue cost: 0/ms
[INFO] 2025-10-13 12:59:44.576 +0800 o.a.d.s.m.r.t.TaskGroupCoordinator:[129] - TaskGroupCoordinator round time cost: 0/ms
[WARN] 2025-10-13 12:59:45.505 +0800 o.a.d.s.m.c.IdSlotBasedCommandFetcher:[57] - Slot is validated, current master slots: 0, the current slot index is 0
[WARN] 2025-10-13 12:59:46.512 +0800 o.a.d.s.m.c.IdSlotBasedCommandFetcher:[57] - Slot is validated, current master slots: 0, the current slot index is 0
[WARN] 2025-10-13 12:59:47.513 +0800 o.a.d.s.m.c.IdSlotBasedCommandFetcher:[57] - Slot is validated, current master slots: 0, the current slot index is 0
[WARN] 2025-10-13 12:59:48.513 +0800 o.a.d.s.m.c.IdSlotBasedCommandFetcher:[57] - Slot is validated, current master slots: 0, the current slot index is 0
[WARN] 2025-10-13 12:59:49.514 +0800 o.a.d.s.m.c.IdSlotBasedCommandFetcher:[57] - Slot is validated, current master slots: 0, the current slot index is 0
[INFO] 2025-10-13 12:59:49.581 +0800 o.a.d.s.m.r.t.TaskGroupCoordinator:[187] - Success amend TaskGroupQueue status cost: 0/ms
[INFO] 2025-10-13 12:59:49.581 +0800 o.a.d.s.m.r.t.TaskGroupCoordinator:[241] - Success deal with force start TaskGroupQueue cost: 0/ms
[INFO] 2025-10-13 12:59:49.581 +0800 o.a.d.s.m.r.t.TaskGroupCoordinator:[129] - TaskGroupCoordinator round time cost: 0/ms
[WARN] 2025-10-13 12:59:50.515 +0800 o.a.d.s.m.c.IdSlotBasedCommandFetcher:[57] - Slot is validated, current master slots: 0, the current slot index is 0
[WARN] 2025-10-13 12:59:51.516 +0800 o.a.d.s.m.c.IdSlotBasedCommandFetcher:[57] - Slot is validated, current master slots: 0, the current slot index is 0
[WARN] 2025-10-13 12:59:52.516 +0800 o.a.d.s.m.c.IdSlotBasedCommandFetcher:[57] - Slot is validated, current master slots: 0, the current slot index is 0
[WARN] 2025-10-13 12:59:53.516 +0800 o.a.d.s.m.c.IdSlotBasedCommandFetcher:[57] - Slot is validated, current master slots: 0, the current slot index is 0
[INFO] 2025-10-13 12:59:54.337 +0800 o.a.d.s.m.r.MasterSlotManager:[95] - Update master nodes, total master size: 1, current slot: 0
[INFO] 2025-10-13 12:59:54.586 +0800 o.a.d.s.m.r.t.TaskGroupCoordinator:[187] - Success amend TaskGroupQueue status cost: 0/ms
[INFO] 2025-10-13 12:59:54.586 +0800 o.a.d.s.m.r.t.TaskGroupCoordinator:[241] - Success deal with force start TaskGroupQueue cost: 0/ms
[INFO] 2025-10-13 12:59:54.586 +0800 o.a.d.s.m.r.t.TaskGroupCoordinator:[129] - TaskGroupCoordinator round time cost: 0/ms
[INFO] 2025-10-13 12:59:54.622 +0800 o.a.d.s.m.c.IdSlotBasedCommandFetcher:[67] - Fetch commands: 0 success, cost: 0ms, totalSlot: 1, currentSlotIndex: 0
[INFO] 2025-10-13 12:59:55.695 +0800 o.a.d.s.m.c.IdSlotBasedCommandFetcher:[67] - Fetch commands: 0 success, cost: 0ms, totalSlot: 1, currentSlotIndex: 0
[INFO] 2025-10-13 12:59:56.823 +0800 o.a.d.s.m.c.IdSlotBasedCommandFetcher:[67] - Fetch commands: 0 success, cost: 0ms, totalSlot: 1, currentSlotIndex: 0
[INFO] 2025-10-13 12:59:57.824 +0800 o.a.d.s.m.c.IdSlotBasedCommandFetcher:[67] - Fetch commands: 0 success, cost: 0ms, totalSlot: 1, currentSlotIndex: 0
[INFO] 2025-10-13 12:59:58.825 +0800 o.a.d.s.m.c.IdSlotBasedCommandFetcher:[67] - Fetch commands: 0 success, cost: 0ms, totalSlot: 1, currentSlotIndex: 0
[INFO] 2025-10-13 12:59:59.591 +0800 o.a.d.s.m.r.t.TaskGroupCoordinator:[187] - Success amend TaskGroupQueue status cost: 0/ms
[INFO] 2025-10-13 12:59:59.591 +0800 o.a.d.s.m.r.t.TaskGroupCoordinator:[241] - Success deal with force start TaskGroupQueue cost: 0/ms
[INFO] 2025-10-13 12:59:59.591 +0800 o.a.d.s.m.r.t.TaskGroupCoordinator:[129] - TaskGroupCoordinator round time cost: 0/ms
[INFO] 2025-10-13 12:59:59.826 +0800 o.a.d.s.m.c.IdSlotBasedCommandFetcher:[67] - Fetch commands: 0 success, cost: 0ms, totalSlot: 1, currentSlotIndex: 0
