[WARN] 2025-10-13 10:00:45.182 +0800 o.s.c.k.c.p.AbstractKubernetesProfileEnvironmentPostProcessor:[258] - Not running inside kubernetes. Skipping 'kubernetes' profile activation.
[WARN] 2025-10-13 10:00:46.705 +0800 o.s.c.k.c.p.AbstractKubernetesProfileEnvironmentPostProcessor:[258] - Not running inside kubernetes. Skipping 'kubernetes' profile activation.
[INFO] 2025-10-13 10:00:46.706 +0800 o.a.d.StandaloneServer:[640] - The following 1 profile is active: "h2"
[INFO] 2025-10-13 10:00:49.004 +0800 o.s.c.c.s.GenericScope:[283] - BeanFactory id=a67c5b7f-33ea-30a1-8ec3-050e05875762
[INFO] 2025-10-13 10:00:49.607 +0800 o.s.c.s.PostProcessorRegistrationDelegate$BeanPostProcessorChecker:[376] - Bean 'org.springframework.cloud.commons.config.CommonsConfigAutoConfiguration' of type [org.springframework.cloud.commons.config.CommonsConfigAutoConfiguration] is not eligible for getting processed by all BeanPostProcessors (for example: not eligible for auto-proxying)
[INFO] 2025-10-13 10:00:49.616 +0800 o.s.c.s.PostProcessorRegistrationDelegate$BeanPostProcessorChecker:[376] - Bean 'org.springframework.cloud.client.loadbalancer.LoadBalancerDefaultMappingsProviderAutoConfiguration' of type [org.springframework.cloud.client.loadbalancer.LoadBalancerDefaultMappingsProviderAutoConfiguration] is not eligible for getting processed by all BeanPostProcessors (for example: not eligible for auto-proxying)
[INFO] 2025-10-13 10:00:49.618 +0800 o.s.c.s.PostProcessorRegistrationDelegate$BeanPostProcessorChecker:[376] - Bean 'loadBalancerClientsDefaultsMappingsProvider' of type [org.springframework.cloud.client.loadbalancer.LoadBalancerDefaultMappingsProviderAutoConfiguration$$Lambda$748/0x0000000800918440] is not eligible for getting processed by all BeanPostProcessors (for example: not eligible for auto-proxying)
[INFO] 2025-10-13 10:00:49.624 +0800 o.s.c.s.PostProcessorRegistrationDelegate$BeanPostProcessorChecker:[376] - Bean 'defaultsBindHandlerAdvisor' of type [org.springframework.cloud.commons.config.DefaultsBindHandlerAdvisor] is not eligible for getting processed by all BeanPostProcessors (for example: not eligible for auto-proxying)
[INFO] 2025-10-13 10:00:50.294 +0800 o.a.d.c.u.NetUtils:[312] - Get all NetworkInterfaces: [name:lo (Software Loopback Interface 1), name:net0 (Microsoft 6to4 Adapter), name:net1 (WAN Miniport (IKEv2)), name:net2 (WAN Miniport (SSTP)), name:net3 (Microsoft IP-HTTPS Platform Adapter), name:eth0 (Bluetooth Device (Personal Area Network)), name:eth1 (WAN Miniport (IP)), name:eth2 (WAN Miniport (IPv6)), name:eth3 (Microsoft Kernel Debug Network Adapter), name:eth4 (Realtek PCIe GbE Family Controller), name:net4 (WAN Miniport (PPTP)), name:net5 (Microsoft Teredo Tunneling Adapter), name:eth5 (WAN Miniport (Network Monitor)), name:wlan0 (MediaTek Wi-Fi 6 MT7921 Wireless LAN Card), name:wlan1 (Microsoft Wi-Fi Direct Virtual Adapter #2), name:net6 (WAN Miniport (L2TP)), name:ppp0 (WAN Miniport (PPPOE)), name:wlan2 (Microsoft Wi-Fi Direct Virtual Adapter), name:eth6 (Realtek PCIe GbE Family Controller-WFP Native MAC Layer LightWeight Filter-0000), name:eth7 (Realtek PCIe GbE Family Controller-QoS Packet Scheduler-0000), name:eth8 (Realtek PCIe GbE Family Controller-WFP 802.3 MAC Layer LightWeight Filter-0000), name:wlan3 (MediaTek Wi-Fi 6 MT7921 Wireless LAN Card-WFP Native MAC Layer LightWeight Filter-0000), name:wlan4 (MediaTek Wi-Fi 6 MT7921 Wireless LAN Card-Virtual WiFi Filter Driver-0000), name:wlan5 (MediaTek Wi-Fi 6 MT7921 Wireless LAN Card-Native WiFi Filter Driver-0000), name:wlan6 (MediaTek Wi-Fi 6 MT7921 Wireless LAN Card-QoS Packet Scheduler-0000), name:wlan7 (MediaTek Wi-Fi 6 MT7921 Wireless LAN Card-WFP 802.3 MAC Layer LightWeight Filter-0000), name:eth9 (WAN Miniport (IP)-WFP Native MAC Layer LightWeight Filter-0000), name:eth10 (WAN Miniport (IP)-QoS Packet Scheduler-0000), name:eth11 (WAN Miniport (IPv6)-WFP Native MAC Layer LightWeight Filter-0000), name:eth12 (WAN Miniport (IPv6)-QoS Packet Scheduler-0000), name:eth13 (WAN Miniport (Network Monitor)-WFP Native MAC Layer LightWeight Filter-0000), name:eth14 (WAN Miniport (Network Monitor)-QoS Packet Scheduler-0000), name:eth15 (Hyper-V Virtual Switch Extension Adapter-Hyper-V Virtual Switch Extension Filter-0000), name:eth16 (Hyper-V Virtual Switch Extension Adapter #2-Hyper-V Virtual Switch Extension Filter-0000), name:eth17 (Hyper-V Virtual Switch Extension Adapter #2-Virtual Filtering Platform VMSwitch Extension-0000), name:wlan8 (Microsoft Wi-Fi Direct Virtual Adapter-WFP Native MAC Layer LightWeight Filter-0000), name:eth18 (Hyper-V Virtual Switch Extension Adapter), name:wlan9 (Microsoft Wi-Fi Direct Virtual Adapter-Native WiFi Filter Driver-0000), name:eth19 (Hyper-V Virtual Ethernet Adapter), name:eth20 (Hyper-V Virtual Ethernet Adapter-WFP Native MAC Layer LightWeight Filter-0000), name:eth21 (Hyper-V Virtual Ethernet Adapter-QoS Packet Scheduler-0000), name:eth22 (Hyper-V Virtual Ethernet Adapter-WFP 802.3 MAC Layer LightWeight Filter-0000), name:wlan10 (Microsoft Wi-Fi Direct Virtual Adapter-QoS Packet Scheduler-0000), name:wlan11 (Microsoft Wi-Fi Direct Virtual Adapter-WFP 802.3 MAC Layer LightWeight Filter-0000), name:wlan12 (Microsoft Wi-Fi Direct Virtual Adapter #2-WFP Native MAC Layer LightWeight Filter-0000), name:wlan13 (Microsoft Wi-Fi Direct Virtual Adapter #2-Native WiFi Filter Driver-0000), name:eth23 (Hyper-V Virtual Switch Extension Adapter #2), name:wlan14 (Microsoft Wi-Fi Direct Virtual Adapter #2-QoS Packet Scheduler-0000), name:wlan15 (Microsoft Wi-Fi Direct Virtual Adapter #2-WFP 802.3 MAC Layer LightWeight Filter-0000), name:eth24 (Hyper-V Virtual Ethernet Adapter #2), name:eth25 (Hyper-V Virtual Ethernet Adapter #2-WFP Native MAC Layer LightWeight Filter-0000), name:eth26 (Hyper-V Virtual Ethernet Adapter #2-QoS Packet Scheduler-0000), name:eth27 (Hyper-V Virtual Ethernet Adapter #2-WFP 802.3 MAC Layer LightWeight Filter-0000)]
[INFO] 2025-10-13 10:00:50.794 +0800 o.a.d.s.m.c.MasterConfig:[175] - 
****************************Master Configuration**************************************
  listen-port -> 5678
  pre-exec-threads -> 10
  exec-threads -> 10
  dispatch-task-number -> 3
  host-selector -> LOWER_WEIGHT
  max-heartbeat-interval -> PT10S
  task-commit-retry-times -> 5
  task-commit-interval -> PT1S
  state-wheel-interval -> PT5S
  server-load-protection -> BaseServerLoadProtection(enabled=true, maxSystemCpuUsagePercentageThresholds=0.9, maxJvmCpuUsagePercentageThresholds=0.9, maxSystemMemoryUsagePercentageThresholds=0.9, maxDiskUsagePercentageThresholds=0.9)
  failover-interval -> PT10M
  kill-application-when-task-failover -> true
  registry-disconnect-strategy -> ConnectStrategyProperties(strategy=STOP, maxWaitingTime=PT0S)
  master-address -> 10.1.35.13:5678
  master-registry-path: /nodes/master/10.1.35.13:5678
  worker-group-refresh-interval: PT10S
  command-fetch-strategy: CommandFetchStrategy(type=ID_SLOT_BASED, config=CommandFetchStrategy.IdSlotBasedFetchConfig(idStep=1, fetchSize=10))
****************************Master Configuration**************************************
[INFO] 2025-10-13 10:00:50.794 +0800 o.s.c.s.PostProcessorRegistrationDelegate$BeanPostProcessorChecker:[376] - Bean 'masterConfig' of type [org.apache.dolphinscheduler.server.master.config.MasterConfig$$EnhancerBySpringCGLIB$$64576070] is not eligible for getting processed by all BeanPostProcessors (for example: not eligible for auto-proxying)
[INFO] 2025-10-13 10:00:50.968 +0800 o.a.d.s.w.c.WorkerConfig:[98] - 
****************************Worker Configuration**************************************
  listen-port -> 1234
  exec-threads -> 10
  max-heartbeat-interval -> PT10S
  host-weight -> 100
  tenantConfig -> TenantConfig(autoCreateTenantEnabled=true, distributedTenantEnabled=false, defaultTenantEnabled=true)
  server-load-protection -> BaseServerLoadProtection(enabled=true, maxSystemCpuUsagePercentageThresholds=0.9, maxJvmCpuUsagePercentageThresholds=0.9, maxSystemMemoryUsagePercentageThresholds=0.9, maxDiskUsagePercentageThresholds=0.9)
  registry-disconnect-strategy -> ConnectStrategyProperties(strategy=STOP, maxWaitingTime=PT0S)
  task-execute-threads-full-policy: REJECT
  address -> 10.1.35.13:1234
  registry-path: /nodes/worker/10.1.35.13:1234
****************************Worker Configuration**************************************
[INFO] 2025-10-13 10:00:50.969 +0800 o.s.c.s.PostProcessorRegistrationDelegate$BeanPostProcessorChecker:[376] - Bean 'workerConfig' of type [org.apache.dolphinscheduler.server.worker.config.WorkerConfig$$EnhancerBySpringCGLIB$$8fef56a8] is not eligible for getting processed by all BeanPostProcessors (for example: not eligible for auto-proxying)
[INFO] 2025-10-13 10:00:51.016 +0800 o.a.d.a.c.AlertConfig:[75] - Alert config: port -> 50052
[INFO] 2025-10-13 10:00:51.016 +0800 o.a.d.a.c.AlertConfig:[76] - Alert config: alertServerAddress -> 10.1.35.13:50052
[INFO] 2025-10-13 10:00:51.017 +0800 o.a.d.a.c.AlertConfig:[77] - Alert config: maxHeartbeatInterval -> PT1M
[INFO] 2025-10-13 10:00:51.017 +0800 o.s.c.s.PostProcessorRegistrationDelegate$BeanPostProcessorChecker:[376] - Bean 'alertConfig' of type [org.apache.dolphinscheduler.alert.config.AlertConfig] is not eligible for getting processed by all BeanPostProcessors (for example: not eligible for auto-proxying)
[INFO] 2025-10-13 10:00:51.044 +0800 o.s.c.s.PostProcessorRegistrationDelegate$BeanPostProcessorChecker:[376] - Bean 'io.kubernetes.client.spring.extended.manifests.config.KubernetesManifestsAutoConfiguration' of type [io.kubernetes.client.spring.extended.manifests.config.KubernetesManifestsAutoConfiguration] is not eligible for getting processed by all BeanPostProcessors (for example: not eligible for auto-proxying)
[INFO] 2025-10-13 10:00:51.063 +0800 o.s.c.s.PostProcessorRegistrationDelegate$BeanPostProcessorChecker:[376] - Bean 'kubernetes.manifests-io.kubernetes.client.spring.extended.manifests.config.KubernetesManifestsProperties' of type [io.kubernetes.client.spring.extended.manifests.config.KubernetesManifestsProperties] is not eligible for getting processed by all BeanPostProcessors (for example: not eligible for auto-proxying)
[INFO] 2025-10-13 10:00:51.076 +0800 o.s.c.s.PostProcessorRegistrationDelegate$BeanPostProcessorChecker:[376] - Bean 'io.kubernetes.client.spring.extended.controller.config.KubernetesInformerAutoConfiguration' of type [io.kubernetes.client.spring.extended.controller.config.KubernetesInformerAutoConfiguration] is not eligible for getting processed by all BeanPostProcessors (for example: not eligible for auto-proxying)
[INFO] 2025-10-13 10:00:51.354 +0800 o.s.c.s.PostProcessorRegistrationDelegate$BeanPostProcessorChecker:[376] - Bean 'defaultApiClient' of type [io.kubernetes.client.openapi.ApiClient] is not eligible for getting processed by all BeanPostProcessors (for example: not eligible for auto-proxying)
[INFO] 2025-10-13 10:00:51.563 +0800 o.e.j.u.log:[170] - Logging initialized @14901ms to org.eclipse.jetty.util.log.Slf4jLog
[INFO] 2025-10-13 10:00:51.909 +0800 o.s.b.w.e.j.JettyServletWebServerFactory:[166] - Server initialized with port: 12345
[INFO] 2025-10-13 10:00:51.932 +0800 o.e.j.s.Server:[375] - jetty-9.4.48.v20220622; built: 2022-06-21T20:42:25.880Z; git: 6b67c5719d1f4371b33655ff2d047d24e171e49a; jvm 11.0.21+9
[INFO] 2025-10-13 10:00:51.971 +0800 o.e.j.s.h.C.application:[2368] - Initializing Spring embedded WebApplicationContext
[INFO] 2025-10-13 10:00:51.971 +0800 o.s.b.w.s.c.ServletWebServerApplicationContext:[292] - Root WebApplicationContext: initialization completed in 5250 ms
[INFO] 2025-10-13 10:00:52.651 +0800 o.a.d.a.c.ApiConfig:[58] - API config: auditEnable -> false 
[INFO] 2025-10-13 10:00:52.651 +0800 o.a.d.a.c.ApiConfig:[59] - API config: trafficControl -> ApiConfig.TrafficConfiguration(globalSwitch=false, maxGlobalQpsRate=300, tenantSwitch=false, defaultTenantQpsRate=10, customizeTenantQpsRate={}) 
[INFO] 2025-10-13 10:00:52.651 +0800 o.a.d.a.c.ApiConfig:[60] - API config: pythonGateway -> ApiConfig.PythonGatewayConfiguration(enabled=true, gatewayServerAddress=0.0.0.0, gatewayServerPort=25333, pythonAddress=127.0.0.1, pythonPort=25334, connectTimeout=0, readTimeout=0, authToken=jwUDzpLsNKEFER4*a8gruBH_GsAurNxU7A@Xc) 
[INFO] 2025-10-13 10:00:52.841 +0800 o.e.j.s.session:[334] - DefaultSessionIdManager workerName=node0
[INFO] 2025-10-13 10:00:52.841 +0800 o.e.j.s.session:[339] - No SessionScavenger set, using defaults
[INFO] 2025-10-13 10:00:52.848 +0800 o.e.j.s.session:[132] - node0 Scavenging every 600000ms
[INFO] 2025-10-13 10:00:52.857 +0800 o.e.j.s.h.ContextHandler:[921] - Started o.s.b.w.e.j.JettyEmbeddedWebAppContext@142305eb{application,/dolphinscheduler,[file:///C:/Users/44314/AppData/Local/Temp/jetty-docbase.12345.6320840424260332735/, jar:file:/D:/maven/repository/org/webjars/npm/js-beautify/1.14.7/js-beautify-1.14.7.jar!/META-INF/resources, jar:file:/D:/maven/repository/org/webjars/npm/config-chain/1.1.13/config-chain-1.1.13.jar!/META-INF/resources, jar:file:/D:/maven/repository/org/webjars/npm/proto-list/1.2.4/proto-list-1.2.4.jar!/META-INF/resources, jar:file:/D:/maven/repository/org/webjars/npm/ini/1.3.8/ini-1.3.8.jar!/META-INF/resources, jar:file:/D:/maven/repository/org/webjars/npm/editorconfig/0.15.3/editorconfig-0.15.3.jar!/META-INF/resources, jar:file:/D:/maven/repository/org/webjars/npm/commander/2.20.3/commander-2.20.3.jar!/META-INF/resources, jar:file:/D:/maven/repository/org/webjars/npm/lru-cache/4.1.5/lru-cache-4.1.5.jar!/META-INF/resources, jar:file:/D:/maven/repository/org/webjars/npm/pseudomap/1.0.2/pseudomap-1.0.2.jar!/META-INF/resources, jar:file:/D:/maven/repository/org/webjars/npm/yallist/2.1.2/yallist-2.1.2.jar!/META-INF/resources, jar:file:/D:/maven/repository/org/webjars/npm/semver/5.7.2/semver-5.7.2.jar!/META-INF/resources, jar:file:/D:/maven/repository/org/webjars/npm/sigmund/1.0.1/sigmund-1.0.1.jar!/META-INF/resources, jar:file:/D:/maven/repository/org/webjars/npm/glob/8.1.0/glob-8.1.0.jar!/META-INF/resources, jar:file:/D:/maven/repository/org/webjars/npm/once/1.4.0/once-1.4.0.jar!/META-INF/resources, jar:file:/D:/maven/repository/org/webjars/npm/wrappy/1.0.2/wrappy-1.0.2.jar!/META-INF/resources, jar:file:/D:/maven/repository/org/webjars/npm/fs.realpath/1.0.0/fs.realpath-1.0.0.jar!/META-INF/resources, jar:file:/D:/maven/repository/org/webjars/npm/inherits/2.0.4/inherits-2.0.4.jar!/META-INF/resources, jar:file:/D:/maven/repository/org/webjars/npm/inflight/1.0.6/inflight-1.0.6.jar!/META-INF/resources, jar:file:/D:/maven/repository/org/webjars/npm/minimatch/5.1.6/minimatch-5.1.6.jar!/META-INF/resources, jar:file:/D:/maven/repository/org/webjars/npm/brace-expansion/2.0.2/brace-expansion-2.0.2.jar!/META-INF/resources, jar:file:/D:/maven/repository/org/webjars/npm/balanced-match/1.0.2/balanced-match-1.0.2.jar!/META-INF/resources, jar:file:/D:/maven/repository/org/webjars/npm/nopt/6.0.0/nopt-6.0.0.jar!/META-INF/resources, jar:file:/D:/maven/repository/org/webjars/npm/abbrev/1.1.1/abbrev-1.1.1.jar!/META-INF/resources, jar:file:/D:/maven/repository/org/webjars/swagger-ui/4.11.1/swagger-ui-4.11.1.jar!/META-INF/resources],AVAILABLE}
[INFO] 2025-10-13 10:00:52.857 +0800 o.e.j.s.Server:[415] - Started @16196ms
[INFO] 2025-10-13 10:00:52.909 +0800 o.a.d.p.r.z.ZookeeperRegistryAutoConfiguration:[37] - Load ZookeeperRegistryAutoConfiguration
[INFO] 2025-10-13 10:00:52.933 +0800 o.a.d.p.r.z.ZookeeperRegistryProperties:[94] - 
****************************ZookeeperRegistryProperties**************************************
  namespace -> dolphinscheduler
  connectString -> 127.0.0.1:58064
  retryPolicy -> ZookeeperRegistryProperties.ZookeeperProperties.RetryPolicy(baseSleepTime=PT0.06S, maxRetries=5, maxSleep=PT0.3S)
  digest -> 
  sessionTimeout -> PT30S
  connectionTimeout -> PT9S
  blockUntilConnected -> PT0.6S
****************************ZookeeperRegistryProperties**************************************
[INFO] 2025-10-13 10:00:53.079 +0800 o.a.c.f.i.CuratorFrameworkImpl:[338] - Starting
[INFO] 2025-10-13 10:00:53.131 +0800 o.a.c.f.i.CuratorFrameworkImpl:[386] - Default schema
[INFO] 2025-10-13 10:00:53.162 +0800 o.a.c.f.s.ConnectionStateManager:[252] - State change: CONNECTED
[INFO] 2025-10-13 10:00:53.190 +0800 o.a.c.f.i.EnsembleTracker:[201] - New config event received: {}
[INFO] 2025-10-13 10:00:53.190 +0800 o.a.c.f.i.EnsembleTracker:[201] - New config event received: {}
[WARN] 2025-10-13 10:00:53.425 +0800 o.s.b.w.s.c.AnnotationConfigServletWebServerApplicationContext:[591] - Exception encountered during context initialization - cancelling refresh attempt: org.springframework.beans.factory.UnsatisfiedDependencyException: Error creating bean with name 'masterServer': Unsatisfied dependency expressed through field 'masterRegistryClient'; nested exception is org.springframework.beans.factory.UnsatisfiedDependencyException: Error creating bean with name 'masterRegistryClient': Unsatisfied dependency expressed through field 'failoverService'; nested exception is org.springframework.beans.factory.UnsatisfiedDependencyException: Error creating bean with name 'failoverService' defined in URL [jar:file:/D:/maven/repository/org/apache/dolphinscheduler/dolphinscheduler-master/3.2.2/dolphinscheduler-master-3.2.2.jar!/org/apache/dolphinscheduler/server/master/service/FailoverService.class]: Unsatisfied dependency expressed through constructor parameter 0; nested exception is org.springframework.beans.factory.UnsatisfiedDependencyException: Error creating bean with name 'masterFailoverService' defined in URL [jar:file:/D:/maven/repository/org/apache/dolphinscheduler/dolphinscheduler-master/3.2.2/dolphinscheduler-master-3.2.2.jar!/org/apache/dolphinscheduler/server/master/service/MasterFailoverService.class]: Unsatisfied dependency expressed through constructor parameter 2; nested exception is org.springframework.beans.factory.UnsatisfiedDependencyException: Error creating bean with name 'processServiceImpl': Unsatisfied dependency expressed through field 'userMapper'; nested exception is org.springframework.beans.factory.BeanCreationException: Error creating bean with name 'userMapper' defined in URL [jar:file:/D:/maven/repository/org/apache/dolphinscheduler/dolphinscheduler-dao/3.2.2/dolphinscheduler-dao-3.2.2.jar!/org/apache/dolphinscheduler/dao/mapper/UserMapper.class]: Cannot resolve reference to bean 'sqlSessionFactory' while setting bean property 'sqlSessionFactory'; nested exception is org.springframework.beans.factory.BeanCreationException: Error creating bean with name 'com.baomidou.mybatisplus.autoconfigure.MybatisPlusAutoConfiguration': Bean instantiation via constructor failed; nested exception is org.springframework.beans.BeanInstantiationException: Failed to instantiate [com.baomidou.mybatisplus.autoconfigure.MybatisPlusAutoConfiguration]: Constructor threw exception; nested exception is org.springframework.beans.factory.UnsatisfiedDependencyException: Error creating bean with name 'daoConfiguration': Unsatisfied dependency expressed through field 'dataSourceScriptDatabaseInitializer'; nested exception is org.springframework.beans.factory.BeanCreationException: Error creating bean with name 'dataSourceScriptDatabaseInitializer' defined in class path resource [org/springframework/boot/autoconfigure/sql/init/DataSourceInitializationConfiguration.class]: Invocation of init method failed; nested exception is java.lang.IllegalStateException: No schema scripts found at location 'classpath:sql/dolphinscheduler_h2.sql'
[INFO] 2025-10-13 10:00:53.428 +0800 o.a.c.f.i.CuratorFrameworkImpl:[998] - backgroundOperationsLoop exiting
[WARN] 2025-10-13 10:00:53.551 +0800 o.s.b.f.s.DisposableBeanAdapter:[248] - Invocation of close method failed on bean with name 'springApplicationContext': org.springframework.beans.factory.BeanCreationNotAllowedException: Error creating bean with name 'refreshEventListener': Singleton bean creation not allowed while singletons of this factory are in destruction (Do not request a bean from a BeanFactory in a destroy method implementation!)
[INFO] 2025-10-13 10:00:53.554 +0800 o.e.j.s.session:[149] - node0 Stopped scavenging
[INFO] 2025-10-13 10:00:53.555 +0800 o.e.j.s.h.ContextHandler:[1159] - Stopped o.s.b.w.e.j.JettyEmbeddedWebAppContext@142305eb{application,/dolphinscheduler,[file:///C:/Users/44314/AppData/Local/Temp/jetty-docbase.12345.6320840424260332735/, jar:file:/D:/maven/repository/org/webjars/npm/js-beautify/1.14.7/js-beautify-1.14.7.jar!/META-INF/resources, jar:file:/D:/maven/repository/org/webjars/npm/config-chain/1.1.13/config-chain-1.1.13.jar!/META-INF/resources, jar:file:/D:/maven/repository/org/webjars/npm/proto-list/1.2.4/proto-list-1.2.4.jar!/META-INF/resources, jar:file:/D:/maven/repository/org/webjars/npm/ini/1.3.8/ini-1.3.8.jar!/META-INF/resources, jar:file:/D:/maven/repository/org/webjars/npm/editorconfig/0.15.3/editorconfig-0.15.3.jar!/META-INF/resources, jar:file:/D:/maven/repository/org/webjars/npm/commander/2.20.3/commander-2.20.3.jar!/META-INF/resources, jar:file:/D:/maven/repository/org/webjars/npm/lru-cache/4.1.5/lru-cache-4.1.5.jar!/META-INF/resources, jar:file:/D:/maven/repository/org/webjars/npm/pseudomap/1.0.2/pseudomap-1.0.2.jar!/META-INF/resources, jar:file:/D:/maven/repository/org/webjars/npm/yallist/2.1.2/yallist-2.1.2.jar!/META-INF/resources, jar:file:/D:/maven/repository/org/webjars/npm/semver/5.7.2/semver-5.7.2.jar!/META-INF/resources, jar:file:/D:/maven/repository/org/webjars/npm/sigmund/1.0.1/sigmund-1.0.1.jar!/META-INF/resources, jar:file:/D:/maven/repository/org/webjars/npm/glob/8.1.0/glob-8.1.0.jar!/META-INF/resources, jar:file:/D:/maven/repository/org/webjars/npm/once/1.4.0/once-1.4.0.jar!/META-INF/resources, jar:file:/D:/maven/repository/org/webjars/npm/wrappy/1.0.2/wrappy-1.0.2.jar!/META-INF/resources, jar:file:/D:/maven/repository/org/webjars/npm/fs.realpath/1.0.0/fs.realpath-1.0.0.jar!/META-INF/resources, jar:file:/D:/maven/repository/org/webjars/npm/inherits/2.0.4/inherits-2.0.4.jar!/META-INF/resources, jar:file:/D:/maven/repository/org/webjars/npm/inflight/1.0.6/inflight-1.0.6.jar!/META-INF/resources, jar:file:/D:/maven/repository/org/webjars/npm/minimatch/5.1.6/minimatch-5.1.6.jar!/META-INF/resources, jar:file:/D:/maven/repository/org/webjars/npm/brace-expansion/2.0.2/brace-expansion-2.0.2.jar!/META-INF/resources, jar:file:/D:/maven/repository/org/webjars/npm/balanced-match/1.0.2/balanced-match-1.0.2.jar!/META-INF/resources, jar:file:/D:/maven/repository/org/webjars/npm/nopt/6.0.0/nopt-6.0.0.jar!/META-INF/resources, jar:file:/D:/maven/repository/org/webjars/npm/abbrev/1.1.1/abbrev-1.1.1.jar!/META-INF/resources, jar:file:/D:/maven/repository/org/webjars/swagger-ui/4.11.1/swagger-ui-4.11.1.jar!/META-INF/resources],STOPPED}
[INFO] 2025-10-13 10:00:53.569 +0800 o.s.b.a.l.ConditionEvaluationReportLoggingListener:[136] - 

Error starting ApplicationContext. To display the conditions report re-run your application with 'debug' enabled.
[ERROR] 2025-10-13 10:00:53.611 +0800 o.s.b.SpringApplication:[824] - Application run failed
org.springframework.beans.factory.UnsatisfiedDependencyException: Error creating bean with name 'masterServer': Unsatisfied dependency expressed through field 'masterRegistryClient'; nested exception is org.springframework.beans.factory.UnsatisfiedDependencyException: Error creating bean with name 'masterRegistryClient': Unsatisfied dependency expressed through field 'failoverService'; nested exception is org.springframework.beans.factory.UnsatisfiedDependencyException: Error creating bean with name 'failoverService' defined in URL [jar:file:/D:/maven/repository/org/apache/dolphinscheduler/dolphinscheduler-master/3.2.2/dolphinscheduler-master-3.2.2.jar!/org/apache/dolphinscheduler/server/master/service/FailoverService.class]: Unsatisfied dependency expressed through constructor parameter 0; nested exception is org.springframework.beans.factory.UnsatisfiedDependencyException: Error creating bean with name 'masterFailoverService' defined in URL [jar:file:/D:/maven/repository/org/apache/dolphinscheduler/dolphinscheduler-master/3.2.2/dolphinscheduler-master-3.2.2.jar!/org/apache/dolphinscheduler/server/master/service/MasterFailoverService.class]: Unsatisfied dependency expressed through constructor parameter 2; nested exception is org.springframework.beans.factory.UnsatisfiedDependencyException: Error creating bean with name 'processServiceImpl': Unsatisfied dependency expressed through field 'userMapper'; nested exception is org.springframework.beans.factory.BeanCreationException: Error creating bean with name 'userMapper' defined in URL [jar:file:/D:/maven/repository/org/apache/dolphinscheduler/dolphinscheduler-dao/3.2.2/dolphinscheduler-dao-3.2.2.jar!/org/apache/dolphinscheduler/dao/mapper/UserMapper.class]: Cannot resolve reference to bean 'sqlSessionFactory' while setting bean property 'sqlSessionFactory'; nested exception is org.springframework.beans.factory.BeanCreationException: Error creating bean with name 'com.baomidou.mybatisplus.autoconfigure.MybatisPlusAutoConfiguration': Bean instantiation via constructor failed; nested exception is org.springframework.beans.BeanInstantiationException: Failed to instantiate [com.baomidou.mybatisplus.autoconfigure.MybatisPlusAutoConfiguration]: Constructor threw exception; nested exception is org.springframework.beans.factory.UnsatisfiedDependencyException: Error creating bean with name 'daoConfiguration': Unsatisfied dependency expressed through field 'dataSourceScriptDatabaseInitializer'; nested exception is org.springframework.beans.factory.BeanCreationException: Error creating bean with name 'dataSourceScriptDatabaseInitializer' defined in class path resource [org/springframework/boot/autoconfigure/sql/init/DataSourceInitializationConfiguration.class]: Invocation of init method failed; nested exception is java.lang.IllegalStateException: No schema scripts found at location 'classpath:sql/dolphinscheduler_h2.sql'
	at org.springframework.beans.factory.annotation.AutowiredAnnotationBeanPostProcessor$AutowiredFieldElement.resolveFieldValue(AutowiredAnnotationBeanPostProcessor.java:659)
	at org.springframework.beans.factory.annotation.AutowiredAnnotationBeanPostProcessor$AutowiredFieldElement.inject(AutowiredAnnotationBeanPostProcessor.java:639)
	at org.springframework.beans.factory.annotation.InjectionMetadata.inject(InjectionMetadata.java:119)
	at org.springframework.beans.factory.annotation.AutowiredAnnotationBeanPostProcessor.postProcessProperties(AutowiredAnnotationBeanPostProcessor.java:399)
	at org.springframework.beans.factory.support.AbstractAutowireCapableBeanFactory.populateBean(AbstractAutowireCapableBeanFactory.java:1431)
	at org.springframework.beans.factory.support.AbstractAutowireCapableBeanFactory.doCreateBean(AbstractAutowireCapableBeanFactory.java:619)
	at org.springframework.beans.factory.support.AbstractAutowireCapableBeanFactory.createBean(AbstractAutowireCapableBeanFactory.java:542)
	at org.springframework.beans.factory.support.AbstractBeanFactory.lambda$doGetBean$0(AbstractBeanFactory.java:335)
	at org.springframework.beans.factory.support.DefaultSingletonBeanRegistry.getSingleton(DefaultSingletonBeanRegistry.java:234)
	at org.springframework.beans.factory.support.AbstractBeanFactory.doGetBean(AbstractBeanFactory.java:333)
	at org.springframework.beans.factory.support.AbstractBeanFactory.getBean(AbstractBeanFactory.java:208)
	at org.springframework.beans.factory.support.DefaultListableBeanFactory.preInstantiateSingletons(DefaultListableBeanFactory.java:955)
	at org.springframework.context.support.AbstractApplicationContext.finishBeanFactoryInitialization(AbstractApplicationContext.java:918)
	at org.springframework.context.support.AbstractApplicationContext.refresh(AbstractApplicationContext.java:583)
	at org.springframework.boot.web.servlet.context.ServletWebServerApplicationContext.refresh(ServletWebServerApplicationContext.java:147)
	at org.springframework.boot.SpringApplication.refresh(SpringApplication.java:734)
	at org.springframework.boot.SpringApplication.refreshContext(SpringApplication.java:408)
	at org.springframework.boot.SpringApplication.run(SpringApplication.java:308)
	at org.springframework.boot.SpringApplication.run(SpringApplication.java:1306)
	at org.springframework.boot.SpringApplication.run(SpringApplication.java:1295)
	at org.apache.dolphinscheduler.StandaloneServer.main(StandaloneServer.java:37)
	at org.codehaus.mojo.exec.ExecJavaMojo$1.run(ExecJavaMojo.java:254)
	at java.base/java.lang.Thread.run(Thread.java:829)
Caused by: org.springframework.beans.factory.UnsatisfiedDependencyException: Error creating bean with name 'masterRegistryClient': Unsatisfied dependency expressed through field 'failoverService'; nested exception is org.springframework.beans.factory.UnsatisfiedDependencyException: Error creating bean with name 'failoverService' defined in URL [jar:file:/D:/maven/repository/org/apache/dolphinscheduler/dolphinscheduler-master/3.2.2/dolphinscheduler-master-3.2.2.jar!/org/apache/dolphinscheduler/server/master/service/FailoverService.class]: Unsatisfied dependency expressed through constructor parameter 0; nested exception is org.springframework.beans.factory.UnsatisfiedDependencyException: Error creating bean with name 'masterFailoverService' defined in URL [jar:file:/D:/maven/repository/org/apache/dolphinscheduler/dolphinscheduler-master/3.2.2/dolphinscheduler-master-3.2.2.jar!/org/apache/dolphinscheduler/server/master/service/MasterFailoverService.class]: Unsatisfied dependency expressed through constructor parameter 2; nested exception is org.springframework.beans.factory.UnsatisfiedDependencyException: Error creating bean with name 'processServiceImpl': Unsatisfied dependency expressed through field 'userMapper'; nested exception is org.springframework.beans.factory.BeanCreationException: Error creating bean with name 'userMapper' defined in URL [jar:file:/D:/maven/repository/org/apache/dolphinscheduler/dolphinscheduler-dao/3.2.2/dolphinscheduler-dao-3.2.2.jar!/org/apache/dolphinscheduler/dao/mapper/UserMapper.class]: Cannot resolve reference to bean 'sqlSessionFactory' while setting bean property 'sqlSessionFactory'; nested exception is org.springframework.beans.factory.BeanCreationException: Error creating bean with name 'com.baomidou.mybatisplus.autoconfigure.MybatisPlusAutoConfiguration': Bean instantiation via constructor failed; nested exception is org.springframework.beans.BeanInstantiationException: Failed to instantiate [com.baomidou.mybatisplus.autoconfigure.MybatisPlusAutoConfiguration]: Constructor threw exception; nested exception is org.springframework.beans.factory.UnsatisfiedDependencyException: Error creating bean with name 'daoConfiguration': Unsatisfied dependency expressed through field 'dataSourceScriptDatabaseInitializer'; nested exception is org.springframework.beans.factory.BeanCreationException: Error creating bean with name 'dataSourceScriptDatabaseInitializer' defined in class path resource [org/springframework/boot/autoconfigure/sql/init/DataSourceInitializationConfiguration.class]: Invocation of init method failed; nested exception is java.lang.IllegalStateException: No schema scripts found at location 'classpath:sql/dolphinscheduler_h2.sql'
	at org.springframework.beans.factory.annotation.AutowiredAnnotationBeanPostProcessor$AutowiredFieldElement.resolveFieldValue(AutowiredAnnotationBeanPostProcessor.java:659)
	at org.springframework.beans.factory.annotation.AutowiredAnnotationBeanPostProcessor$AutowiredFieldElement.inject(AutowiredAnnotationBeanPostProcessor.java:639)
	at org.springframework.beans.factory.annotation.InjectionMetadata.inject(InjectionMetadata.java:119)
	at org.springframework.beans.factory.annotation.AutowiredAnnotationBeanPostProcessor.postProcessProperties(AutowiredAnnotationBeanPostProcessor.java:399)
	at org.springframework.beans.factory.support.AbstractAutowireCapableBeanFactory.populateBean(AbstractAutowireCapableBeanFactory.java:1431)
	at org.springframework.beans.factory.support.AbstractAutowireCapableBeanFactory.doCreateBean(AbstractAutowireCapableBeanFactory.java:619)
	at org.springframework.beans.factory.support.AbstractAutowireCapableBeanFactory.createBean(AbstractAutowireCapableBeanFactory.java:542)
	at org.springframework.beans.factory.support.AbstractBeanFactory.lambda$doGetBean$0(AbstractBeanFactory.java:335)
	at org.springframework.beans.factory.support.DefaultSingletonBeanRegistry.getSingleton(DefaultSingletonBeanRegistry.java:234)
	at org.springframework.beans.factory.support.AbstractBeanFactory.doGetBean(AbstractBeanFactory.java:333)
	at org.springframework.beans.factory.support.AbstractBeanFactory.getBean(AbstractBeanFactory.java:208)
	at org.springframework.beans.factory.config.DependencyDescriptor.resolveCandidate(DependencyDescriptor.java:276)
	at org.springframework.beans.factory.support.DefaultListableBeanFactory.doResolveDependency(DefaultListableBeanFactory.java:1391)
	at org.springframework.beans.factory.support.DefaultListableBeanFactory.resolveDependency(DefaultListableBeanFactory.java:1311)
	at org.springframework.beans.factory.annotation.AutowiredAnnotationBeanPostProcessor$AutowiredFieldElement.resolveFieldValue(AutowiredAnnotationBeanPostProcessor.java:656)
	... 22 common frames omitted
Caused by: org.springframework.beans.factory.UnsatisfiedDependencyException: Error creating bean with name 'failoverService' defined in URL [jar:file:/D:/maven/repository/org/apache/dolphinscheduler/dolphinscheduler-master/3.2.2/dolphinscheduler-master-3.2.2.jar!/org/apache/dolphinscheduler/server/master/service/FailoverService.class]: Unsatisfied dependency expressed through constructor parameter 0; nested exception is org.springframework.beans.factory.UnsatisfiedDependencyException: Error creating bean with name 'masterFailoverService' defined in URL [jar:file:/D:/maven/repository/org/apache/dolphinscheduler/dolphinscheduler-master/3.2.2/dolphinscheduler-master-3.2.2.jar!/org/apache/dolphinscheduler/server/master/service/MasterFailoverService.class]: Unsatisfied dependency expressed through constructor parameter 2; nested exception is org.springframework.beans.factory.UnsatisfiedDependencyException: Error creating bean with name 'processServiceImpl': Unsatisfied dependency expressed through field 'userMapper'; nested exception is org.springframework.beans.factory.BeanCreationException: Error creating bean with name 'userMapper' defined in URL [jar:file:/D:/maven/repository/org/apache/dolphinscheduler/dolphinscheduler-dao/3.2.2/dolphinscheduler-dao-3.2.2.jar!/org/apache/dolphinscheduler/dao/mapper/UserMapper.class]: Cannot resolve reference to bean 'sqlSessionFactory' while setting bean property 'sqlSessionFactory'; nested exception is org.springframework.beans.factory.BeanCreationException: Error creating bean with name 'com.baomidou.mybatisplus.autoconfigure.MybatisPlusAutoConfiguration': Bean instantiation via constructor failed; nested exception is org.springframework.beans.BeanInstantiationException: Failed to instantiate [com.baomidou.mybatisplus.autoconfigure.MybatisPlusAutoConfiguration]: Constructor threw exception; nested exception is org.springframework.beans.factory.UnsatisfiedDependencyException: Error creating bean with name 'daoConfiguration': Unsatisfied dependency expressed through field 'dataSourceScriptDatabaseInitializer'; nested exception is org.springframework.beans.factory.BeanCreationException: Error creating bean with name 'dataSourceScriptDatabaseInitializer' defined in class path resource [org/springframework/boot/autoconfigure/sql/init/DataSourceInitializationConfiguration.class]: Invocation of init method failed; nested exception is java.lang.IllegalStateException: No schema scripts found at location 'classpath:sql/dolphinscheduler_h2.sql'
	at org.springframework.beans.factory.support.ConstructorResolver.createArgumentArray(ConstructorResolver.java:800)
	at org.springframework.beans.factory.support.ConstructorResolver.autowireConstructor(ConstructorResolver.java:229)
	at org.springframework.beans.factory.support.AbstractAutowireCapableBeanFactory.autowireConstructor(AbstractAutowireCapableBeanFactory.java:1372)
	at org.springframework.beans.factory.support.AbstractAutowireCapableBeanFactory.createBeanInstance(AbstractAutowireCapableBeanFactory.java:1222)
	at org.springframework.beans.factory.support.AbstractAutowireCapableBeanFactory.doCreateBean(AbstractAutowireCapableBeanFactory.java:582)
	at org.springframework.beans.factory.support.AbstractAutowireCapableBeanFactory.createBean(AbstractAutowireCapableBeanFactory.java:542)
	at org.springframework.beans.factory.support.AbstractBeanFactory.lambda$doGetBean$0(AbstractBeanFactory.java:335)
	at org.springframework.beans.factory.support.DefaultSingletonBeanRegistry.getSingleton(DefaultSingletonBeanRegistry.java:234)
	at org.springframework.beans.factory.support.AbstractBeanFactory.doGetBean(AbstractBeanFactory.java:333)
	at org.springframework.beans.factory.support.AbstractBeanFactory.getBean(AbstractBeanFactory.java:208)
	at org.springframework.beans.factory.config.DependencyDescriptor.resolveCandidate(DependencyDescriptor.java:276)
	at org.springframework.beans.factory.support.DefaultListableBeanFactory.doResolveDependency(DefaultListableBeanFactory.java:1391)
	at org.springframework.beans.factory.support.DefaultListableBeanFactory.resolveDependency(DefaultListableBeanFactory.java:1311)
	at org.springframework.beans.factory.annotation.AutowiredAnnotationBeanPostProcessor$AutowiredFieldElement.resolveFieldValue(AutowiredAnnotationBeanPostProcessor.java:656)
	... 36 common frames omitted
Caused by: org.springframework.beans.factory.UnsatisfiedDependencyException: Error creating bean with name 'masterFailoverService' defined in URL [jar:file:/D:/maven/repository/org/apache/dolphinscheduler/dolphinscheduler-master/3.2.2/dolphinscheduler-master-3.2.2.jar!/org/apache/dolphinscheduler/server/master/service/MasterFailoverService.class]: Unsatisfied dependency expressed through constructor parameter 2; nested exception is org.springframework.beans.factory.UnsatisfiedDependencyException: Error creating bean with name 'processServiceImpl': Unsatisfied dependency expressed through field 'userMapper'; nested exception is org.springframework.beans.factory.BeanCreationException: Error creating bean with name 'userMapper' defined in URL [jar:file:/D:/maven/repository/org/apache/dolphinscheduler/dolphinscheduler-dao/3.2.2/dolphinscheduler-dao-3.2.2.jar!/org/apache/dolphinscheduler/dao/mapper/UserMapper.class]: Cannot resolve reference to bean 'sqlSessionFactory' while setting bean property 'sqlSessionFactory'; nested exception is org.springframework.beans.factory.BeanCreationException: Error creating bean with name 'com.baomidou.mybatisplus.autoconfigure.MybatisPlusAutoConfiguration': Bean instantiation via constructor failed; nested exception is org.springframework.beans.BeanInstantiationException: Failed to instantiate [com.baomidou.mybatisplus.autoconfigure.MybatisPlusAutoConfiguration]: Constructor threw exception; nested exception is org.springframework.beans.factory.UnsatisfiedDependencyException: Error creating bean with name 'daoConfiguration': Unsatisfied dependency expressed through field 'dataSourceScriptDatabaseInitializer'; nested exception is org.springframework.beans.factory.BeanCreationException: Error creating bean with name 'dataSourceScriptDatabaseInitializer' defined in class path resource [org/springframework/boot/autoconfigure/sql/init/DataSourceInitializationConfiguration.class]: Invocation of init method failed; nested exception is java.lang.IllegalStateException: No schema scripts found at location 'classpath:sql/dolphinscheduler_h2.sql'
	at org.springframework.beans.factory.support.ConstructorResolver.createArgumentArray(ConstructorResolver.java:800)
	at org.springframework.beans.factory.support.ConstructorResolver.autowireConstructor(ConstructorResolver.java:229)
	at org.springframework.beans.factory.support.AbstractAutowireCapableBeanFactory.autowireConstructor(AbstractAutowireCapableBeanFactory.java:1372)
	at org.springframework.beans.factory.support.AbstractAutowireCapableBeanFactory.createBeanInstance(AbstractAutowireCapableBeanFactory.java:1222)
	at org.springframework.beans.factory.support.AbstractAutowireCapableBeanFactory.doCreateBean(AbstractAutowireCapableBeanFactory.java:582)
	at org.springframework.beans.factory.support.AbstractAutowireCapableBeanFactory.createBean(AbstractAutowireCapableBeanFactory.java:542)
	at org.springframework.beans.factory.support.AbstractBeanFactory.lambda$doGetBean$0(AbstractBeanFactory.java:335)
	at org.springframework.beans.factory.support.DefaultSingletonBeanRegistry.getSingleton(DefaultSingletonBeanRegistry.java:234)
	at org.springframework.beans.factory.support.AbstractBeanFactory.doGetBean(AbstractBeanFactory.java:333)
	at org.springframework.beans.factory.support.AbstractBeanFactory.getBean(AbstractBeanFactory.java:208)
	at org.springframework.beans.factory.config.DependencyDescriptor.resolveCandidate(DependencyDescriptor.java:276)
	at org.springframework.beans.factory.support.DefaultListableBeanFactory.doResolveDependency(DefaultListableBeanFactory.java:1391)
	at org.springframework.beans.factory.support.DefaultListableBeanFactory.resolveDependency(DefaultListableBeanFactory.java:1311)
	at org.springframework.beans.factory.support.ConstructorResolver.resolveAutowiredArgument(ConstructorResolver.java:887)
	at org.springframework.beans.factory.support.ConstructorResolver.createArgumentArray(ConstructorResolver.java:791)
	... 49 common frames omitted
Caused by: org.springframework.beans.factory.UnsatisfiedDependencyException: Error creating bean with name 'processServiceImpl': Unsatisfied dependency expressed through field 'userMapper'; nested exception is org.springframework.beans.factory.BeanCreationException: Error creating bean with name 'userMapper' defined in URL [jar:file:/D:/maven/repository/org/apache/dolphinscheduler/dolphinscheduler-dao/3.2.2/dolphinscheduler-dao-3.2.2.jar!/org/apache/dolphinscheduler/dao/mapper/UserMapper.class]: Cannot resolve reference to bean 'sqlSessionFactory' while setting bean property 'sqlSessionFactory'; nested exception is org.springframework.beans.factory.BeanCreationException: Error creating bean with name 'com.baomidou.mybatisplus.autoconfigure.MybatisPlusAutoConfiguration': Bean instantiation via constructor failed; nested exception is org.springframework.beans.BeanInstantiationException: Failed to instantiate [com.baomidou.mybatisplus.autoconfigure.MybatisPlusAutoConfiguration]: Constructor threw exception; nested exception is org.springframework.beans.factory.UnsatisfiedDependencyException: Error creating bean with name 'daoConfiguration': Unsatisfied dependency expressed through field 'dataSourceScriptDatabaseInitializer'; nested exception is org.springframework.beans.factory.BeanCreationException: Error creating bean with name 'dataSourceScriptDatabaseInitializer' defined in class path resource [org/springframework/boot/autoconfigure/sql/init/DataSourceInitializationConfiguration.class]: Invocation of init method failed; nested exception is java.lang.IllegalStateException: No schema scripts found at location 'classpath:sql/dolphinscheduler_h2.sql'
	at org.springframework.beans.factory.annotation.AutowiredAnnotationBeanPostProcessor$AutowiredFieldElement.resolveFieldValue(AutowiredAnnotationBeanPostProcessor.java:659)
	at org.springframework.beans.factory.annotation.AutowiredAnnotationBeanPostProcessor$AutowiredFieldElement.inject(AutowiredAnnotationBeanPostProcessor.java:639)
	at org.springframework.beans.factory.annotation.InjectionMetadata.inject(InjectionMetadata.java:119)
	at org.springframework.beans.factory.annotation.AutowiredAnnotationBeanPostProcessor.postProcessProperties(AutowiredAnnotationBeanPostProcessor.java:399)
	at org.springframework.beans.factory.support.AbstractAutowireCapableBeanFactory.populateBean(AbstractAutowireCapableBeanFactory.java:1431)
	at org.springframework.beans.factory.support.AbstractAutowireCapableBeanFactory.doCreateBean(AbstractAutowireCapableBeanFactory.java:619)
	at org.springframework.beans.factory.support.AbstractAutowireCapableBeanFactory.createBean(AbstractAutowireCapableBeanFactory.java:542)
	at org.springframework.beans.factory.support.AbstractBeanFactory.lambda$doGetBean$0(AbstractBeanFactory.java:335)
	at org.springframework.beans.factory.support.DefaultSingletonBeanRegistry.getSingleton(DefaultSingletonBeanRegistry.java:234)
	at org.springframework.beans.factory.support.AbstractBeanFactory.doGetBean(AbstractBeanFactory.java:333)
	at org.springframework.beans.factory.support.AbstractBeanFactory.getBean(AbstractBeanFactory.java:208)
	at org.springframework.beans.factory.config.DependencyDescriptor.resolveCandidate(DependencyDescriptor.java:276)
	at org.springframework.beans.factory.support.DefaultListableBeanFactory.doResolveDependency(DefaultListableBeanFactory.java:1391)
	at org.springframework.beans.factory.support.DefaultListableBeanFactory.resolveDependency(DefaultListableBeanFactory.java:1311)
	at org.springframework.beans.factory.support.ConstructorResolver.resolveAutowiredArgument(ConstructorResolver.java:887)
	at org.springframework.beans.factory.support.ConstructorResolver.createArgumentArray(ConstructorResolver.java:791)
	... 63 common frames omitted
Caused by: org.springframework.beans.factory.BeanCreationException: Error creating bean with name 'userMapper' defined in URL [jar:file:/D:/maven/repository/org/apache/dolphinscheduler/dolphinscheduler-dao/3.2.2/dolphinscheduler-dao-3.2.2.jar!/org/apache/dolphinscheduler/dao/mapper/UserMapper.class]: Cannot resolve reference to bean 'sqlSessionFactory' while setting bean property 'sqlSessionFactory'; nested exception is org.springframework.beans.factory.BeanCreationException: Error creating bean with name 'com.baomidou.mybatisplus.autoconfigure.MybatisPlusAutoConfiguration': Bean instantiation via constructor failed; nested exception is org.springframework.beans.BeanInstantiationException: Failed to instantiate [com.baomidou.mybatisplus.autoconfigure.MybatisPlusAutoConfiguration]: Constructor threw exception; nested exception is org.springframework.beans.factory.UnsatisfiedDependencyException: Error creating bean with name 'daoConfiguration': Unsatisfied dependency expressed through field 'dataSourceScriptDatabaseInitializer'; nested exception is org.springframework.beans.factory.BeanCreationException: Error creating bean with name 'dataSourceScriptDatabaseInitializer' defined in class path resource [org/springframework/boot/autoconfigure/sql/init/DataSourceInitializationConfiguration.class]: Invocation of init method failed; nested exception is java.lang.IllegalStateException: No schema scripts found at location 'classpath:sql/dolphinscheduler_h2.sql'
	at org.springframework.beans.factory.support.BeanDefinitionValueResolver.resolveReference(BeanDefinitionValueResolver.java:342)
	at org.springframework.beans.factory.support.BeanDefinitionValueResolver.resolveValueIfNecessary(BeanDefinitionValueResolver.java:113)
	at org.springframework.beans.factory.support.AbstractAutowireCapableBeanFactory.applyPropertyValues(AbstractAutowireCapableBeanFactory.java:1707)
	at org.springframework.beans.factory.support.AbstractAutowireCapableBeanFactory.populateBean(AbstractAutowireCapableBeanFactory.java:1452)
	at org.springframework.beans.factory.support.AbstractAutowireCapableBeanFactory.doCreateBean(AbstractAutowireCapableBeanFactory.java:619)
	at org.springframework.beans.factory.support.AbstractAutowireCapableBeanFactory.createBean(AbstractAutowireCapableBeanFactory.java:542)
	at org.springframework.beans.factory.support.AbstractBeanFactory.lambda$doGetBean$0(AbstractBeanFactory.java:335)
	at org.springframework.beans.factory.support.DefaultSingletonBeanRegistry.getSingleton(DefaultSingletonBeanRegistry.java:234)
	at org.springframework.beans.factory.support.AbstractBeanFactory.doGetBean(AbstractBeanFactory.java:333)
	at org.springframework.beans.factory.support.AbstractBeanFactory.getBean(AbstractBeanFactory.java:208)
	at org.springframework.beans.factory.config.DependencyDescriptor.resolveCandidate(DependencyDescriptor.java:276)
	at org.springframework.beans.factory.support.DefaultListableBeanFactory.doResolveDependency(DefaultListableBeanFactory.java:1391)
	at org.springframework.beans.factory.support.DefaultListableBeanFactory.resolveDependency(DefaultListableBeanFactory.java:1311)
	at org.springframework.beans.factory.annotation.AutowiredAnnotationBeanPostProcessor$AutowiredFieldElement.resolveFieldValue(AutowiredAnnotationBeanPostProcessor.java:656)
	... 78 common frames omitted
Caused by: org.springframework.beans.factory.BeanCreationException: Error creating bean with name 'com.baomidou.mybatisplus.autoconfigure.MybatisPlusAutoConfiguration': Bean instantiation via constructor failed; nested exception is org.springframework.beans.BeanInstantiationException: Failed to instantiate [com.baomidou.mybatisplus.autoconfigure.MybatisPlusAutoConfiguration]: Constructor threw exception; nested exception is org.springframework.beans.factory.UnsatisfiedDependencyException: Error creating bean with name 'daoConfiguration': Unsatisfied dependency expressed through field 'dataSourceScriptDatabaseInitializer'; nested exception is org.springframework.beans.factory.BeanCreationException: Error creating bean with name 'dataSourceScriptDatabaseInitializer' defined in class path resource [org/springframework/boot/autoconfigure/sql/init/DataSourceInitializationConfiguration.class]: Invocation of init method failed; nested exception is java.lang.IllegalStateException: No schema scripts found at location 'classpath:sql/dolphinscheduler_h2.sql'
	at org.springframework.beans.factory.support.ConstructorResolver.instantiate(ConstructorResolver.java:315)
	at org.springframework.beans.factory.support.ConstructorResolver.autowireConstructor(ConstructorResolver.java:296)
	at org.springframework.beans.factory.support.AbstractAutowireCapableBeanFactory.autowireConstructor(AbstractAutowireCapableBeanFactory.java:1372)
	at org.springframework.beans.factory.support.AbstractAutowireCapableBeanFactory.createBeanInstance(AbstractAutowireCapableBeanFactory.java:1222)
	at org.springframework.beans.factory.support.AbstractAutowireCapableBeanFactory.doCreateBean(AbstractAutowireCapableBeanFactory.java:582)
	at org.springframework.beans.factory.support.AbstractAutowireCapableBeanFactory.createBean(AbstractAutowireCapableBeanFactory.java:542)
	at org.springframework.beans.factory.support.AbstractBeanFactory.lambda$doGetBean$0(AbstractBeanFactory.java:335)
	at org.springframework.beans.factory.support.DefaultSingletonBeanRegistry.getSingleton(DefaultSingletonBeanRegistry.java:234)
	at org.springframework.beans.factory.support.AbstractBeanFactory.doGetBean(AbstractBeanFactory.java:333)
	at org.springframework.beans.factory.support.AbstractBeanFactory.getBean(AbstractBeanFactory.java:208)
	at org.springframework.beans.factory.support.ConstructorResolver.instantiateUsingFactoryMethod(ConstructorResolver.java:410)
	at org.springframework.beans.factory.support.AbstractAutowireCapableBeanFactory.instantiateUsingFactoryMethod(AbstractAutowireCapableBeanFactory.java:1352)
	at org.springframework.beans.factory.support.AbstractAutowireCapableBeanFactory.createBeanInstance(AbstractAutowireCapableBeanFactory.java:1195)
	at org.springframework.beans.factory.support.AbstractAutowireCapableBeanFactory.doCreateBean(AbstractAutowireCapableBeanFactory.java:582)
	at org.springframework.beans.factory.support.AbstractAutowireCapableBeanFactory.createBean(AbstractAutowireCapableBeanFactory.java:542)
	at org.springframework.beans.factory.support.AbstractBeanFactory.lambda$doGetBean$0(AbstractBeanFactory.java:335)
	at org.springframework.beans.factory.support.DefaultSingletonBeanRegistry.getSingleton(DefaultSingletonBeanRegistry.java:234)
	at org.springframework.beans.factory.support.AbstractBeanFactory.doGetBean(AbstractBeanFactory.java:333)
	at org.springframework.beans.factory.support.AbstractBeanFactory.getBean(AbstractBeanFactory.java:208)
	at org.springframework.beans.factory.support.BeanDefinitionValueResolver.resolveReference(BeanDefinitionValueResolver.java:330)
	... 91 common frames omitted
Caused by: org.springframework.beans.BeanInstantiationException: Failed to instantiate [com.baomidou.mybatisplus.autoconfigure.MybatisPlusAutoConfiguration]: Constructor threw exception; nested exception is org.springframework.beans.factory.UnsatisfiedDependencyException: Error creating bean with name 'daoConfiguration': Unsatisfied dependency expressed through field 'dataSourceScriptDatabaseInitializer'; nested exception is org.springframework.beans.factory.BeanCreationException: Error creating bean with name 'dataSourceScriptDatabaseInitializer' defined in class path resource [org/springframework/boot/autoconfigure/sql/init/DataSourceInitializationConfiguration.class]: Invocation of init method failed; nested exception is java.lang.IllegalStateException: No schema scripts found at location 'classpath:sql/dolphinscheduler_h2.sql'
	at org.springframework.beans.BeanUtils.instantiateClass(BeanUtils.java:224)
	at org.springframework.beans.factory.support.SimpleInstantiationStrategy.instantiate(SimpleInstantiationStrategy.java:117)
	at org.springframework.beans.factory.support.ConstructorResolver.instantiate(ConstructorResolver.java:311)
	... 110 common frames omitted
Caused by: org.springframework.beans.factory.UnsatisfiedDependencyException: Error creating bean with name 'daoConfiguration': Unsatisfied dependency expressed through field 'dataSourceScriptDatabaseInitializer'; nested exception is org.springframework.beans.factory.BeanCreationException: Error creating bean with name 'dataSourceScriptDatabaseInitializer' defined in class path resource [org/springframework/boot/autoconfigure/sql/init/DataSourceInitializationConfiguration.class]: Invocation of init method failed; nested exception is java.lang.IllegalStateException: No schema scripts found at location 'classpath:sql/dolphinscheduler_h2.sql'
	at org.springframework.beans.factory.annotation.AutowiredAnnotationBeanPostProcessor$AutowiredFieldElement.resolveFieldValue(AutowiredAnnotationBeanPostProcessor.java:659)
	at org.springframework.beans.factory.annotation.AutowiredAnnotationBeanPostProcessor$AutowiredFieldElement.inject(AutowiredAnnotationBeanPostProcessor.java:639)
	at org.springframework.beans.factory.annotation.InjectionMetadata.inject(InjectionMetadata.java:119)
	at org.springframework.beans.factory.annotation.AutowiredAnnotationBeanPostProcessor.postProcessProperties(AutowiredAnnotationBeanPostProcessor.java:399)
	at org.springframework.beans.factory.support.AbstractAutowireCapableBeanFactory.populateBean(AbstractAutowireCapableBeanFactory.java:1431)
	at org.springframework.beans.factory.support.AbstractAutowireCapableBeanFactory.doCreateBean(AbstractAutowireCapableBeanFactory.java:619)
	at org.springframework.beans.factory.support.AbstractAutowireCapableBeanFactory.createBean(AbstractAutowireCapableBeanFactory.java:542)
	at org.springframework.beans.factory.support.AbstractBeanFactory.lambda$doGetBean$0(AbstractBeanFactory.java:335)
	at org.springframework.beans.factory.support.DefaultSingletonBeanRegistry.getSingleton(DefaultSingletonBeanRegistry.java:234)
	at org.springframework.beans.factory.support.AbstractBeanFactory.doGetBean(AbstractBeanFactory.java:333)
	at org.springframework.beans.factory.support.AbstractBeanFactory.getBean(AbstractBeanFactory.java:208)
	at org.springframework.beans.factory.support.ConstructorResolver.instantiateUsingFactoryMethod(ConstructorResolver.java:410)
	at org.springframework.beans.factory.support.AbstractAutowireCapableBeanFactory.instantiateUsingFactoryMethod(AbstractAutowireCapableBeanFactory.java:1352)
	at org.springframework.beans.factory.support.AbstractAutowireCapableBeanFactory.createBeanInstance(AbstractAutowireCapableBeanFactory.java:1195)
	at org.springframework.beans.factory.support.AbstractAutowireCapableBeanFactory.doCreateBean(AbstractAutowireCapableBeanFactory.java:582)
	at org.springframework.beans.factory.support.AbstractAutowireCapableBeanFactory.createBean(AbstractAutowireCapableBeanFactory.java:542)
	at org.springframework.beans.factory.support.AbstractBeanFactory.lambda$doGetBean$0(AbstractBeanFactory.java:335)
	at org.springframework.beans.factory.support.DefaultSingletonBeanRegistry.getSingleton(DefaultSingletonBeanRegistry.java:234)
	at org.springframework.beans.factory.support.AbstractBeanFactory.doGetBean(AbstractBeanFactory.java:333)
	at org.springframework.beans.factory.support.AbstractBeanFactory.getBean(AbstractBeanFactory.java:208)
	at org.springframework.beans.factory.config.DependencyDescriptor.resolveCandidate(DependencyDescriptor.java:276)
	at org.springframework.beans.factory.support.DefaultListableBeanFactory.addCandidateEntry(DefaultListableBeanFactory.java:1609)
	at org.springframework.beans.factory.support.DefaultListableBeanFactory.findAutowireCandidates(DefaultListableBeanFactory.java:1573)
	at org.springframework.beans.factory.support.DefaultListableBeanFactory.resolveMultipleBeans(DefaultListableBeanFactory.java:1439)
	at org.springframework.beans.factory.support.DefaultListableBeanFactory.doResolveDependency(DefaultListableBeanFactory.java:1349)
	at org.springframework.beans.factory.support.DefaultListableBeanFactory$DependencyObjectProvider.getIfAvailable(DefaultListableBeanFactory.java:2032)
	at com.baomidou.mybatisplus.autoconfigure.MybatisPlusAutoConfiguration.<init>(MybatisPlusAutoConfiguration.java:132)
	at java.base/jdk.internal.reflect.NativeConstructorAccessorImpl.newInstance0(Native Method)
	at java.base/jdk.internal.reflect.NativeConstructorAccessorImpl.newInstance(NativeConstructorAccessorImpl.java:62)
	at java.base/jdk.internal.reflect.DelegatingConstructorAccessorImpl.newInstance(DelegatingConstructorAccessorImpl.java:45)
	at java.base/java.lang.reflect.Constructor.newInstance(Constructor.java:490)
	at org.springframework.beans.BeanUtils.instantiateClass(BeanUtils.java:211)
	... 112 common frames omitted
Caused by: org.springframework.beans.factory.BeanCreationException: Error creating bean with name 'dataSourceScriptDatabaseInitializer' defined in class path resource [org/springframework/boot/autoconfigure/sql/init/DataSourceInitializationConfiguration.class]: Invocation of init method failed; nested exception is java.lang.IllegalStateException: No schema scripts found at location 'classpath:sql/dolphinscheduler_h2.sql'
	at org.springframework.beans.factory.support.AbstractAutowireCapableBeanFactory.initializeBean(AbstractAutowireCapableBeanFactory.java:1804)
	at org.springframework.beans.factory.support.AbstractAutowireCapableBeanFactory.doCreateBean(AbstractAutowireCapableBeanFactory.java:620)
	at org.springframework.beans.factory.support.AbstractAutowireCapableBeanFactory.createBean(AbstractAutowireCapableBeanFactory.java:542)
	at org.springframework.beans.factory.support.AbstractBeanFactory.lambda$doGetBean$0(AbstractBeanFactory.java:335)
	at org.springframework.beans.factory.support.DefaultSingletonBeanRegistry.getSingleton(DefaultSingletonBeanRegistry.java:234)
	at org.springframework.beans.factory.support.AbstractBeanFactory.doGetBean(AbstractBeanFactory.java:333)
	at org.springframework.beans.factory.support.AbstractBeanFactory.getBean(AbstractBeanFactory.java:208)
	at org.springframework.beans.factory.config.DependencyDescriptor.resolveCandidate(DependencyDescriptor.java:276)
	at org.springframework.beans.factory.support.DefaultListableBeanFactory.doResolveDependency(DefaultListableBeanFactory.java:1391)
	at org.springframework.beans.factory.support.DefaultListableBeanFactory.resolveDependency(DefaultListableBeanFactory.java:1311)
	at org.springframework.beans.factory.annotation.AutowiredAnnotationBeanPostProcessor$AutowiredFieldElement.resolveFieldValue(AutowiredAnnotationBeanPostProcessor.java:656)
	... 143 common frames omitted
Caused by: java.lang.IllegalStateException: No schema scripts found at location 'classpath:sql/dolphinscheduler_h2.sql'
	at org.springframework.boot.sql.init.AbstractScriptDatabaseInitializer.getScripts(AbstractScriptDatabaseInitializer.java:128)
	at org.springframework.boot.sql.init.AbstractScriptDatabaseInitializer.applyScripts(AbstractScriptDatabaseInitializer.java:105)
	at org.springframework.boot.sql.init.AbstractScriptDatabaseInitializer.applySchemaScripts(AbstractScriptDatabaseInitializer.java:97)
	at org.springframework.boot.sql.init.AbstractScriptDatabaseInitializer.initializeDatabase(AbstractScriptDatabaseInitializer.java:75)
	at org.springframework.boot.sql.init.AbstractScriptDatabaseInitializer.afterPropertiesSet(AbstractScriptDatabaseInitializer.java:65)
	at org.springframework.beans.factory.support.AbstractAutowireCapableBeanFactory.invokeInitMethods(AbstractAutowireCapableBeanFactory.java:1863)
	at org.springframework.beans.factory.support.AbstractAutowireCapableBeanFactory.initializeBean(AbstractAutowireCapableBeanFactory.java:1800)
	... 153 common frames omitted
[ERROR] 2025-10-13 10:00:53.612 +0800 o.a.d.StandaloneServer:[39] - StandaloneServer start failed
org.springframework.beans.factory.UnsatisfiedDependencyException: Error creating bean with name 'masterServer': Unsatisfied dependency expressed through field 'masterRegistryClient'; nested exception is org.springframework.beans.factory.UnsatisfiedDependencyException: Error creating bean with name 'masterRegistryClient': Unsatisfied dependency expressed through field 'failoverService'; nested exception is org.springframework.beans.factory.UnsatisfiedDependencyException: Error creating bean with name 'failoverService' defined in URL [jar:file:/D:/maven/repository/org/apache/dolphinscheduler/dolphinscheduler-master/3.2.2/dolphinscheduler-master-3.2.2.jar!/org/apache/dolphinscheduler/server/master/service/FailoverService.class]: Unsatisfied dependency expressed through constructor parameter 0; nested exception is org.springframework.beans.factory.UnsatisfiedDependencyException: Error creating bean with name 'masterFailoverService' defined in URL [jar:file:/D:/maven/repository/org/apache/dolphinscheduler/dolphinscheduler-master/3.2.2/dolphinscheduler-master-3.2.2.jar!/org/apache/dolphinscheduler/server/master/service/MasterFailoverService.class]: Unsatisfied dependency expressed through constructor parameter 2; nested exception is org.springframework.beans.factory.UnsatisfiedDependencyException: Error creating bean with name 'processServiceImpl': Unsatisfied dependency expressed through field 'userMapper'; nested exception is org.springframework.beans.factory.BeanCreationException: Error creating bean with name 'userMapper' defined in URL [jar:file:/D:/maven/repository/org/apache/dolphinscheduler/dolphinscheduler-dao/3.2.2/dolphinscheduler-dao-3.2.2.jar!/org/apache/dolphinscheduler/dao/mapper/UserMapper.class]: Cannot resolve reference to bean 'sqlSessionFactory' while setting bean property 'sqlSessionFactory'; nested exception is org.springframework.beans.factory.BeanCreationException: Error creating bean with name 'com.baomidou.mybatisplus.autoconfigure.MybatisPlusAutoConfiguration': Bean instantiation via constructor failed; nested exception is org.springframework.beans.BeanInstantiationException: Failed to instantiate [com.baomidou.mybatisplus.autoconfigure.MybatisPlusAutoConfiguration]: Constructor threw exception; nested exception is org.springframework.beans.factory.UnsatisfiedDependencyException: Error creating bean with name 'daoConfiguration': Unsatisfied dependency expressed through field 'dataSourceScriptDatabaseInitializer'; nested exception is org.springframework.beans.factory.BeanCreationException: Error creating bean with name 'dataSourceScriptDatabaseInitializer' defined in class path resource [org/springframework/boot/autoconfigure/sql/init/DataSourceInitializationConfiguration.class]: Invocation of init method failed; nested exception is java.lang.IllegalStateException: No schema scripts found at location 'classpath:sql/dolphinscheduler_h2.sql'
	at org.springframework.beans.factory.annotation.AutowiredAnnotationBeanPostProcessor$AutowiredFieldElement.resolveFieldValue(AutowiredAnnotationBeanPostProcessor.java:659)
	at org.springframework.beans.factory.annotation.AutowiredAnnotationBeanPostProcessor$AutowiredFieldElement.inject(AutowiredAnnotationBeanPostProcessor.java:639)
	at org.springframework.beans.factory.annotation.InjectionMetadata.inject(InjectionMetadata.java:119)
	at org.springframework.beans.factory.annotation.AutowiredAnnotationBeanPostProcessor.postProcessProperties(AutowiredAnnotationBeanPostProcessor.java:399)
	at org.springframework.beans.factory.support.AbstractAutowireCapableBeanFactory.populateBean(AbstractAutowireCapableBeanFactory.java:1431)
	at org.springframework.beans.factory.support.AbstractAutowireCapableBeanFactory.doCreateBean(AbstractAutowireCapableBeanFactory.java:619)
	at org.springframework.beans.factory.support.AbstractAutowireCapableBeanFactory.createBean(AbstractAutowireCapableBeanFactory.java:542)
	at org.springframework.beans.factory.support.AbstractBeanFactory.lambda$doGetBean$0(AbstractBeanFactory.java:335)
	at org.springframework.beans.factory.support.DefaultSingletonBeanRegistry.getSingleton(DefaultSingletonBeanRegistry.java:234)
	at org.springframework.beans.factory.support.AbstractBeanFactory.doGetBean(AbstractBeanFactory.java:333)
	at org.springframework.beans.factory.support.AbstractBeanFactory.getBean(AbstractBeanFactory.java:208)
	at org.springframework.beans.factory.support.DefaultListableBeanFactory.preInstantiateSingletons(DefaultListableBeanFactory.java:955)
	at org.springframework.context.support.AbstractApplicationContext.finishBeanFactoryInitialization(AbstractApplicationContext.java:918)
	at org.springframework.context.support.AbstractApplicationContext.refresh(AbstractApplicationContext.java:583)
	at org.springframework.boot.web.servlet.context.ServletWebServerApplicationContext.refresh(ServletWebServerApplicationContext.java:147)
	at org.springframework.boot.SpringApplication.refresh(SpringApplication.java:734)
	at org.springframework.boot.SpringApplication.refreshContext(SpringApplication.java:408)
	at org.springframework.boot.SpringApplication.run(SpringApplication.java:308)
	at org.springframework.boot.SpringApplication.run(SpringApplication.java:1306)
	at org.springframework.boot.SpringApplication.run(SpringApplication.java:1295)
	at org.apache.dolphinscheduler.StandaloneServer.main(StandaloneServer.java:37)
	at org.codehaus.mojo.exec.ExecJavaMojo$1.run(ExecJavaMojo.java:254)
	at java.base/java.lang.Thread.run(Thread.java:829)
Caused by: org.springframework.beans.factory.UnsatisfiedDependencyException: Error creating bean with name 'masterRegistryClient': Unsatisfied dependency expressed through field 'failoverService'; nested exception is org.springframework.beans.factory.UnsatisfiedDependencyException: Error creating bean with name 'failoverService' defined in URL [jar:file:/D:/maven/repository/org/apache/dolphinscheduler/dolphinscheduler-master/3.2.2/dolphinscheduler-master-3.2.2.jar!/org/apache/dolphinscheduler/server/master/service/FailoverService.class]: Unsatisfied dependency expressed through constructor parameter 0; nested exception is org.springframework.beans.factory.UnsatisfiedDependencyException: Error creating bean with name 'masterFailoverService' defined in URL [jar:file:/D:/maven/repository/org/apache/dolphinscheduler/dolphinscheduler-master/3.2.2/dolphinscheduler-master-3.2.2.jar!/org/apache/dolphinscheduler/server/master/service/MasterFailoverService.class]: Unsatisfied dependency expressed through constructor parameter 2; nested exception is org.springframework.beans.factory.UnsatisfiedDependencyException: Error creating bean with name 'processServiceImpl': Unsatisfied dependency expressed through field 'userMapper'; nested exception is org.springframework.beans.factory.BeanCreationException: Error creating bean with name 'userMapper' defined in URL [jar:file:/D:/maven/repository/org/apache/dolphinscheduler/dolphinscheduler-dao/3.2.2/dolphinscheduler-dao-3.2.2.jar!/org/apache/dolphinscheduler/dao/mapper/UserMapper.class]: Cannot resolve reference to bean 'sqlSessionFactory' while setting bean property 'sqlSessionFactory'; nested exception is org.springframework.beans.factory.BeanCreationException: Error creating bean with name 'com.baomidou.mybatisplus.autoconfigure.MybatisPlusAutoConfiguration': Bean instantiation via constructor failed; nested exception is org.springframework.beans.BeanInstantiationException: Failed to instantiate [com.baomidou.mybatisplus.autoconfigure.MybatisPlusAutoConfiguration]: Constructor threw exception; nested exception is org.springframework.beans.factory.UnsatisfiedDependencyException: Error creating bean with name 'daoConfiguration': Unsatisfied dependency expressed through field 'dataSourceScriptDatabaseInitializer'; nested exception is org.springframework.beans.factory.BeanCreationException: Error creating bean with name 'dataSourceScriptDatabaseInitializer' defined in class path resource [org/springframework/boot/autoconfigure/sql/init/DataSourceInitializationConfiguration.class]: Invocation of init method failed; nested exception is java.lang.IllegalStateException: No schema scripts found at location 'classpath:sql/dolphinscheduler_h2.sql'
	at org.springframework.beans.factory.annotation.AutowiredAnnotationBeanPostProcessor$AutowiredFieldElement.resolveFieldValue(AutowiredAnnotationBeanPostProcessor.java:659)
	at org.springframework.beans.factory.annotation.AutowiredAnnotationBeanPostProcessor$AutowiredFieldElement.inject(AutowiredAnnotationBeanPostProcessor.java:639)
	at org.springframework.beans.factory.annotation.InjectionMetadata.inject(InjectionMetadata.java:119)
	at org.springframework.beans.factory.annotation.AutowiredAnnotationBeanPostProcessor.postProcessProperties(AutowiredAnnotationBeanPostProcessor.java:399)
	at org.springframework.beans.factory.support.AbstractAutowireCapableBeanFactory.populateBean(AbstractAutowireCapableBeanFactory.java:1431)
	at org.springframework.beans.factory.support.AbstractAutowireCapableBeanFactory.doCreateBean(AbstractAutowireCapableBeanFactory.java:619)
	at org.springframework.beans.factory.support.AbstractAutowireCapableBeanFactory.createBean(AbstractAutowireCapableBeanFactory.java:542)
	at org.springframework.beans.factory.support.AbstractBeanFactory.lambda$doGetBean$0(AbstractBeanFactory.java:335)
	at org.springframework.beans.factory.support.DefaultSingletonBeanRegistry.getSingleton(DefaultSingletonBeanRegistry.java:234)
	at org.springframework.beans.factory.support.AbstractBeanFactory.doGetBean(AbstractBeanFactory.java:333)
	at org.springframework.beans.factory.support.AbstractBeanFactory.getBean(AbstractBeanFactory.java:208)
	at org.springframework.beans.factory.config.DependencyDescriptor.resolveCandidate(DependencyDescriptor.java:276)
	at org.springframework.beans.factory.support.DefaultListableBeanFactory.doResolveDependency(DefaultListableBeanFactory.java:1391)
	at org.springframework.beans.factory.support.DefaultListableBeanFactory.resolveDependency(DefaultListableBeanFactory.java:1311)
	at org.springframework.beans.factory.annotation.AutowiredAnnotationBeanPostProcessor$AutowiredFieldElement.resolveFieldValue(AutowiredAnnotationBeanPostProcessor.java:656)
	... 22 common frames omitted
Caused by: org.springframework.beans.factory.UnsatisfiedDependencyException: Error creating bean with name 'failoverService' defined in URL [jar:file:/D:/maven/repository/org/apache/dolphinscheduler/dolphinscheduler-master/3.2.2/dolphinscheduler-master-3.2.2.jar!/org/apache/dolphinscheduler/server/master/service/FailoverService.class]: Unsatisfied dependency expressed through constructor parameter 0; nested exception is org.springframework.beans.factory.UnsatisfiedDependencyException: Error creating bean with name 'masterFailoverService' defined in URL [jar:file:/D:/maven/repository/org/apache/dolphinscheduler/dolphinscheduler-master/3.2.2/dolphinscheduler-master-3.2.2.jar!/org/apache/dolphinscheduler/server/master/service/MasterFailoverService.class]: Unsatisfied dependency expressed through constructor parameter 2; nested exception is org.springframework.beans.factory.UnsatisfiedDependencyException: Error creating bean with name 'processServiceImpl': Unsatisfied dependency expressed through field 'userMapper'; nested exception is org.springframework.beans.factory.BeanCreationException: Error creating bean with name 'userMapper' defined in URL [jar:file:/D:/maven/repository/org/apache/dolphinscheduler/dolphinscheduler-dao/3.2.2/dolphinscheduler-dao-3.2.2.jar!/org/apache/dolphinscheduler/dao/mapper/UserMapper.class]: Cannot resolve reference to bean 'sqlSessionFactory' while setting bean property 'sqlSessionFactory'; nested exception is org.springframework.beans.factory.BeanCreationException: Error creating bean with name 'com.baomidou.mybatisplus.autoconfigure.MybatisPlusAutoConfiguration': Bean instantiation via constructor failed; nested exception is org.springframework.beans.BeanInstantiationException: Failed to instantiate [com.baomidou.mybatisplus.autoconfigure.MybatisPlusAutoConfiguration]: Constructor threw exception; nested exception is org.springframework.beans.factory.UnsatisfiedDependencyException: Error creating bean with name 'daoConfiguration': Unsatisfied dependency expressed through field 'dataSourceScriptDatabaseInitializer'; nested exception is org.springframework.beans.factory.BeanCreationException: Error creating bean with name 'dataSourceScriptDatabaseInitializer' defined in class path resource [org/springframework/boot/autoconfigure/sql/init/DataSourceInitializationConfiguration.class]: Invocation of init method failed; nested exception is java.lang.IllegalStateException: No schema scripts found at location 'classpath:sql/dolphinscheduler_h2.sql'
	at org.springframework.beans.factory.support.ConstructorResolver.createArgumentArray(ConstructorResolver.java:800)
	at org.springframework.beans.factory.support.ConstructorResolver.autowireConstructor(ConstructorResolver.java:229)
	at org.springframework.beans.factory.support.AbstractAutowireCapableBeanFactory.autowireConstructor(AbstractAutowireCapableBeanFactory.java:1372)
	at org.springframework.beans.factory.support.AbstractAutowireCapableBeanFactory.createBeanInstance(AbstractAutowireCapableBeanFactory.java:1222)
	at org.springframework.beans.factory.support.AbstractAutowireCapableBeanFactory.doCreateBean(AbstractAutowireCapableBeanFactory.java:582)
	at org.springframework.beans.factory.support.AbstractAutowireCapableBeanFactory.createBean(AbstractAutowireCapableBeanFactory.java:542)
	at org.springframework.beans.factory.support.AbstractBeanFactory.lambda$doGetBean$0(AbstractBeanFactory.java:335)
	at org.springframework.beans.factory.support.DefaultSingletonBeanRegistry.getSingleton(DefaultSingletonBeanRegistry.java:234)
	at org.springframework.beans.factory.support.AbstractBeanFactory.doGetBean(AbstractBeanFactory.java:333)
	at org.springframework.beans.factory.support.AbstractBeanFactory.getBean(AbstractBeanFactory.java:208)
	at org.springframework.beans.factory.config.DependencyDescriptor.resolveCandidate(DependencyDescriptor.java:276)
	at org.springframework.beans.factory.support.DefaultListableBeanFactory.doResolveDependency(DefaultListableBeanFactory.java:1391)
	at org.springframework.beans.factory.support.DefaultListableBeanFactory.resolveDependency(DefaultListableBeanFactory.java:1311)
	at org.springframework.beans.factory.annotation.AutowiredAnnotationBeanPostProcessor$AutowiredFieldElement.resolveFieldValue(AutowiredAnnotationBeanPostProcessor.java:656)
	... 36 common frames omitted
Caused by: org.springframework.beans.factory.UnsatisfiedDependencyException: Error creating bean with name 'masterFailoverService' defined in URL [jar:file:/D:/maven/repository/org/apache/dolphinscheduler/dolphinscheduler-master/3.2.2/dolphinscheduler-master-3.2.2.jar!/org/apache/dolphinscheduler/server/master/service/MasterFailoverService.class]: Unsatisfied dependency expressed through constructor parameter 2; nested exception is org.springframework.beans.factory.UnsatisfiedDependencyException: Error creating bean with name 'processServiceImpl': Unsatisfied dependency expressed through field 'userMapper'; nested exception is org.springframework.beans.factory.BeanCreationException: Error creating bean with name 'userMapper' defined in URL [jar:file:/D:/maven/repository/org/apache/dolphinscheduler/dolphinscheduler-dao/3.2.2/dolphinscheduler-dao-3.2.2.jar!/org/apache/dolphinscheduler/dao/mapper/UserMapper.class]: Cannot resolve reference to bean 'sqlSessionFactory' while setting bean property 'sqlSessionFactory'; nested exception is org.springframework.beans.factory.BeanCreationException: Error creating bean with name 'com.baomidou.mybatisplus.autoconfigure.MybatisPlusAutoConfiguration': Bean instantiation via constructor failed; nested exception is org.springframework.beans.BeanInstantiationException: Failed to instantiate [com.baomidou.mybatisplus.autoconfigure.MybatisPlusAutoConfiguration]: Constructor threw exception; nested exception is org.springframework.beans.factory.UnsatisfiedDependencyException: Error creating bean with name 'daoConfiguration': Unsatisfied dependency expressed through field 'dataSourceScriptDatabaseInitializer'; nested exception is org.springframework.beans.factory.BeanCreationException: Error creating bean with name 'dataSourceScriptDatabaseInitializer' defined in class path resource [org/springframework/boot/autoconfigure/sql/init/DataSourceInitializationConfiguration.class]: Invocation of init method failed; nested exception is java.lang.IllegalStateException: No schema scripts found at location 'classpath:sql/dolphinscheduler_h2.sql'
	at org.springframework.beans.factory.support.ConstructorResolver.createArgumentArray(ConstructorResolver.java:800)
	at org.springframework.beans.factory.support.ConstructorResolver.autowireConstructor(ConstructorResolver.java:229)
	at org.springframework.beans.factory.support.AbstractAutowireCapableBeanFactory.autowireConstructor(AbstractAutowireCapableBeanFactory.java:1372)
	at org.springframework.beans.factory.support.AbstractAutowireCapableBeanFactory.createBeanInstance(AbstractAutowireCapableBeanFactory.java:1222)
	at org.springframework.beans.factory.support.AbstractAutowireCapableBeanFactory.doCreateBean(AbstractAutowireCapableBeanFactory.java:582)
	at org.springframework.beans.factory.support.AbstractAutowireCapableBeanFactory.createBean(AbstractAutowireCapableBeanFactory.java:542)
	at org.springframework.beans.factory.support.AbstractBeanFactory.lambda$doGetBean$0(AbstractBeanFactory.java:335)
	at org.springframework.beans.factory.support.DefaultSingletonBeanRegistry.getSingleton(DefaultSingletonBeanRegistry.java:234)
	at org.springframework.beans.factory.support.AbstractBeanFactory.doGetBean(AbstractBeanFactory.java:333)
	at org.springframework.beans.factory.support.AbstractBeanFactory.getBean(AbstractBeanFactory.java:208)
	at org.springframework.beans.factory.config.DependencyDescriptor.resolveCandidate(DependencyDescriptor.java:276)
	at org.springframework.beans.factory.support.DefaultListableBeanFactory.doResolveDependency(DefaultListableBeanFactory.java:1391)
	at org.springframework.beans.factory.support.DefaultListableBeanFactory.resolveDependency(DefaultListableBeanFactory.java:1311)
	at org.springframework.beans.factory.support.ConstructorResolver.resolveAutowiredArgument(ConstructorResolver.java:887)
	at org.springframework.beans.factory.support.ConstructorResolver.createArgumentArray(ConstructorResolver.java:791)
	... 49 common frames omitted
Caused by: org.springframework.beans.factory.UnsatisfiedDependencyException: Error creating bean with name 'processServiceImpl': Unsatisfied dependency expressed through field 'userMapper'; nested exception is org.springframework.beans.factory.BeanCreationException: Error creating bean with name 'userMapper' defined in URL [jar:file:/D:/maven/repository/org/apache/dolphinscheduler/dolphinscheduler-dao/3.2.2/dolphinscheduler-dao-3.2.2.jar!/org/apache/dolphinscheduler/dao/mapper/UserMapper.class]: Cannot resolve reference to bean 'sqlSessionFactory' while setting bean property 'sqlSessionFactory'; nested exception is org.springframework.beans.factory.BeanCreationException: Error creating bean with name 'com.baomidou.mybatisplus.autoconfigure.MybatisPlusAutoConfiguration': Bean instantiation via constructor failed; nested exception is org.springframework.beans.BeanInstantiationException: Failed to instantiate [com.baomidou.mybatisplus.autoconfigure.MybatisPlusAutoConfiguration]: Constructor threw exception; nested exception is org.springframework.beans.factory.UnsatisfiedDependencyException: Error creating bean with name 'daoConfiguration': Unsatisfied dependency expressed through field 'dataSourceScriptDatabaseInitializer'; nested exception is org.springframework.beans.factory.BeanCreationException: Error creating bean with name 'dataSourceScriptDatabaseInitializer' defined in class path resource [org/springframework/boot/autoconfigure/sql/init/DataSourceInitializationConfiguration.class]: Invocation of init method failed; nested exception is java.lang.IllegalStateException: No schema scripts found at location 'classpath:sql/dolphinscheduler_h2.sql'
	at org.springframework.beans.factory.annotation.AutowiredAnnotationBeanPostProcessor$AutowiredFieldElement.resolveFieldValue(AutowiredAnnotationBeanPostProcessor.java:659)
	at org.springframework.beans.factory.annotation.AutowiredAnnotationBeanPostProcessor$AutowiredFieldElement.inject(AutowiredAnnotationBeanPostProcessor.java:639)
	at org.springframework.beans.factory.annotation.InjectionMetadata.inject(InjectionMetadata.java:119)
	at org.springframework.beans.factory.annotation.AutowiredAnnotationBeanPostProcessor.postProcessProperties(AutowiredAnnotationBeanPostProcessor.java:399)
	at org.springframework.beans.factory.support.AbstractAutowireCapableBeanFactory.populateBean(AbstractAutowireCapableBeanFactory.java:1431)
	at org.springframework.beans.factory.support.AbstractAutowireCapableBeanFactory.doCreateBean(AbstractAutowireCapableBeanFactory.java:619)
	at org.springframework.beans.factory.support.AbstractAutowireCapableBeanFactory.createBean(AbstractAutowireCapableBeanFactory.java:542)
	at org.springframework.beans.factory.support.AbstractBeanFactory.lambda$doGetBean$0(AbstractBeanFactory.java:335)
	at org.springframework.beans.factory.support.DefaultSingletonBeanRegistry.getSingleton(DefaultSingletonBeanRegistry.java:234)
	at org.springframework.beans.factory.support.AbstractBeanFactory.doGetBean(AbstractBeanFactory.java:333)
	at org.springframework.beans.factory.support.AbstractBeanFactory.getBean(AbstractBeanFactory.java:208)
	at org.springframework.beans.factory.config.DependencyDescriptor.resolveCandidate(DependencyDescriptor.java:276)
	at org.springframework.beans.factory.support.DefaultListableBeanFactory.doResolveDependency(DefaultListableBeanFactory.java:1391)
	at org.springframework.beans.factory.support.DefaultListableBeanFactory.resolveDependency(DefaultListableBeanFactory.java:1311)
	at org.springframework.beans.factory.support.ConstructorResolver.resolveAutowiredArgument(ConstructorResolver.java:887)
	at org.springframework.beans.factory.support.ConstructorResolver.createArgumentArray(ConstructorResolver.java:791)
	... 63 common frames omitted
Caused by: org.springframework.beans.factory.BeanCreationException: Error creating bean with name 'userMapper' defined in URL [jar:file:/D:/maven/repository/org/apache/dolphinscheduler/dolphinscheduler-dao/3.2.2/dolphinscheduler-dao-3.2.2.jar!/org/apache/dolphinscheduler/dao/mapper/UserMapper.class]: Cannot resolve reference to bean 'sqlSessionFactory' while setting bean property 'sqlSessionFactory'; nested exception is org.springframework.beans.factory.BeanCreationException: Error creating bean with name 'com.baomidou.mybatisplus.autoconfigure.MybatisPlusAutoConfiguration': Bean instantiation via constructor failed; nested exception is org.springframework.beans.BeanInstantiationException: Failed to instantiate [com.baomidou.mybatisplus.autoconfigure.MybatisPlusAutoConfiguration]: Constructor threw exception; nested exception is org.springframework.beans.factory.UnsatisfiedDependencyException: Error creating bean with name 'daoConfiguration': Unsatisfied dependency expressed through field 'dataSourceScriptDatabaseInitializer'; nested exception is org.springframework.beans.factory.BeanCreationException: Error creating bean with name 'dataSourceScriptDatabaseInitializer' defined in class path resource [org/springframework/boot/autoconfigure/sql/init/DataSourceInitializationConfiguration.class]: Invocation of init method failed; nested exception is java.lang.IllegalStateException: No schema scripts found at location 'classpath:sql/dolphinscheduler_h2.sql'
	at org.springframework.beans.factory.support.BeanDefinitionValueResolver.resolveReference(BeanDefinitionValueResolver.java:342)
	at org.springframework.beans.factory.support.BeanDefinitionValueResolver.resolveValueIfNecessary(BeanDefinitionValueResolver.java:113)
	at org.springframework.beans.factory.support.AbstractAutowireCapableBeanFactory.applyPropertyValues(AbstractAutowireCapableBeanFactory.java:1707)
	at org.springframework.beans.factory.support.AbstractAutowireCapableBeanFactory.populateBean(AbstractAutowireCapableBeanFactory.java:1452)
	at org.springframework.beans.factory.support.AbstractAutowireCapableBeanFactory.doCreateBean(AbstractAutowireCapableBeanFactory.java:619)
	at org.springframework.beans.factory.support.AbstractAutowireCapableBeanFactory.createBean(AbstractAutowireCapableBeanFactory.java:542)
	at org.springframework.beans.factory.support.AbstractBeanFactory.lambda$doGetBean$0(AbstractBeanFactory.java:335)
	at org.springframework.beans.factory.support.DefaultSingletonBeanRegistry.getSingleton(DefaultSingletonBeanRegistry.java:234)
	at org.springframework.beans.factory.support.AbstractBeanFactory.doGetBean(AbstractBeanFactory.java:333)
	at org.springframework.beans.factory.support.AbstractBeanFactory.getBean(AbstractBeanFactory.java:208)
	at org.springframework.beans.factory.config.DependencyDescriptor.resolveCandidate(DependencyDescriptor.java:276)
	at org.springframework.beans.factory.support.DefaultListableBeanFactory.doResolveDependency(DefaultListableBeanFactory.java:1391)
	at org.springframework.beans.factory.support.DefaultListableBeanFactory.resolveDependency(DefaultListableBeanFactory.java:1311)
	at org.springframework.beans.factory.annotation.AutowiredAnnotationBeanPostProcessor$AutowiredFieldElement.resolveFieldValue(AutowiredAnnotationBeanPostProcessor.java:656)
	... 78 common frames omitted
Caused by: org.springframework.beans.factory.BeanCreationException: Error creating bean with name 'com.baomidou.mybatisplus.autoconfigure.MybatisPlusAutoConfiguration': Bean instantiation via constructor failed; nested exception is org.springframework.beans.BeanInstantiationException: Failed to instantiate [com.baomidou.mybatisplus.autoconfigure.MybatisPlusAutoConfiguration]: Constructor threw exception; nested exception is org.springframework.beans.factory.UnsatisfiedDependencyException: Error creating bean with name 'daoConfiguration': Unsatisfied dependency expressed through field 'dataSourceScriptDatabaseInitializer'; nested exception is org.springframework.beans.factory.BeanCreationException: Error creating bean with name 'dataSourceScriptDatabaseInitializer' defined in class path resource [org/springframework/boot/autoconfigure/sql/init/DataSourceInitializationConfiguration.class]: Invocation of init method failed; nested exception is java.lang.IllegalStateException: No schema scripts found at location 'classpath:sql/dolphinscheduler_h2.sql'
	at org.springframework.beans.factory.support.ConstructorResolver.instantiate(ConstructorResolver.java:315)
	at org.springframework.beans.factory.support.ConstructorResolver.autowireConstructor(ConstructorResolver.java:296)
	at org.springframework.beans.factory.support.AbstractAutowireCapableBeanFactory.autowireConstructor(AbstractAutowireCapableBeanFactory.java:1372)
	at org.springframework.beans.factory.support.AbstractAutowireCapableBeanFactory.createBeanInstance(AbstractAutowireCapableBeanFactory.java:1222)
	at org.springframework.beans.factory.support.AbstractAutowireCapableBeanFactory.doCreateBean(AbstractAutowireCapableBeanFactory.java:582)
	at org.springframework.beans.factory.support.AbstractAutowireCapableBeanFactory.createBean(AbstractAutowireCapableBeanFactory.java:542)
	at org.springframework.beans.factory.support.AbstractBeanFactory.lambda$doGetBean$0(AbstractBeanFactory.java:335)
	at org.springframework.beans.factory.support.DefaultSingletonBeanRegistry.getSingleton(DefaultSingletonBeanRegistry.java:234)
	at org.springframework.beans.factory.support.AbstractBeanFactory.doGetBean(AbstractBeanFactory.java:333)
	at org.springframework.beans.factory.support.AbstractBeanFactory.getBean(AbstractBeanFactory.java:208)
	at org.springframework.beans.factory.support.ConstructorResolver.instantiateUsingFactoryMethod(ConstructorResolver.java:410)
	at org.springframework.beans.factory.support.AbstractAutowireCapableBeanFactory.instantiateUsingFactoryMethod(AbstractAutowireCapableBeanFactory.java:1352)
	at org.springframework.beans.factory.support.AbstractAutowireCapableBeanFactory.createBeanInstance(AbstractAutowireCapableBeanFactory.java:1195)
	at org.springframework.beans.factory.support.AbstractAutowireCapableBeanFactory.doCreateBean(AbstractAutowireCapableBeanFactory.java:582)
	at org.springframework.beans.factory.support.AbstractAutowireCapableBeanFactory.createBean(AbstractAutowireCapableBeanFactory.java:542)
	at org.springframework.beans.factory.support.AbstractBeanFactory.lambda$doGetBean$0(AbstractBeanFactory.java:335)
	at org.springframework.beans.factory.support.DefaultSingletonBeanRegistry.getSingleton(DefaultSingletonBeanRegistry.java:234)
	at org.springframework.beans.factory.support.AbstractBeanFactory.doGetBean(AbstractBeanFactory.java:333)
	at org.springframework.beans.factory.support.AbstractBeanFactory.getBean(AbstractBeanFactory.java:208)
	at org.springframework.beans.factory.support.BeanDefinitionValueResolver.resolveReference(BeanDefinitionValueResolver.java:330)
	... 91 common frames omitted
Caused by: org.springframework.beans.BeanInstantiationException: Failed to instantiate [com.baomidou.mybatisplus.autoconfigure.MybatisPlusAutoConfiguration]: Constructor threw exception; nested exception is org.springframework.beans.factory.UnsatisfiedDependencyException: Error creating bean with name 'daoConfiguration': Unsatisfied dependency expressed through field 'dataSourceScriptDatabaseInitializer'; nested exception is org.springframework.beans.factory.BeanCreationException: Error creating bean with name 'dataSourceScriptDatabaseInitializer' defined in class path resource [org/springframework/boot/autoconfigure/sql/init/DataSourceInitializationConfiguration.class]: Invocation of init method failed; nested exception is java.lang.IllegalStateException: No schema scripts found at location 'classpath:sql/dolphinscheduler_h2.sql'
	at org.springframework.beans.BeanUtils.instantiateClass(BeanUtils.java:224)
	at org.springframework.beans.factory.support.SimpleInstantiationStrategy.instantiate(SimpleInstantiationStrategy.java:117)
	at org.springframework.beans.factory.support.ConstructorResolver.instantiate(ConstructorResolver.java:311)
	... 110 common frames omitted
Caused by: org.springframework.beans.factory.UnsatisfiedDependencyException: Error creating bean with name 'daoConfiguration': Unsatisfied dependency expressed through field 'dataSourceScriptDatabaseInitializer'; nested exception is org.springframework.beans.factory.BeanCreationException: Error creating bean with name 'dataSourceScriptDatabaseInitializer' defined in class path resource [org/springframework/boot/autoconfigure/sql/init/DataSourceInitializationConfiguration.class]: Invocation of init method failed; nested exception is java.lang.IllegalStateException: No schema scripts found at location 'classpath:sql/dolphinscheduler_h2.sql'
	at org.springframework.beans.factory.annotation.AutowiredAnnotationBeanPostProcessor$AutowiredFieldElement.resolveFieldValue(AutowiredAnnotationBeanPostProcessor.java:659)
	at org.springframework.beans.factory.annotation.AutowiredAnnotationBeanPostProcessor$AutowiredFieldElement.inject(AutowiredAnnotationBeanPostProcessor.java:639)
	at org.springframework.beans.factory.annotation.InjectionMetadata.inject(InjectionMetadata.java:119)
	at org.springframework.beans.factory.annotation.AutowiredAnnotationBeanPostProcessor.postProcessProperties(AutowiredAnnotationBeanPostProcessor.java:399)
	at org.springframework.beans.factory.support.AbstractAutowireCapableBeanFactory.populateBean(AbstractAutowireCapableBeanFactory.java:1431)
	at org.springframework.beans.factory.support.AbstractAutowireCapableBeanFactory.doCreateBean(AbstractAutowireCapableBeanFactory.java:619)
	at org.springframework.beans.factory.support.AbstractAutowireCapableBeanFactory.createBean(AbstractAutowireCapableBeanFactory.java:542)
	at org.springframework.beans.factory.support.AbstractBeanFactory.lambda$doGetBean$0(AbstractBeanFactory.java:335)
	at org.springframework.beans.factory.support.DefaultSingletonBeanRegistry.getSingleton(DefaultSingletonBeanRegistry.java:234)
	at org.springframework.beans.factory.support.AbstractBeanFactory.doGetBean(AbstractBeanFactory.java:333)
	at org.springframework.beans.factory.support.AbstractBeanFactory.getBean(AbstractBeanFactory.java:208)
	at org.springframework.beans.factory.support.ConstructorResolver.instantiateUsingFactoryMethod(ConstructorResolver.java:410)
	at org.springframework.beans.factory.support.AbstractAutowireCapableBeanFactory.instantiateUsingFactoryMethod(AbstractAutowireCapableBeanFactory.java:1352)
	at org.springframework.beans.factory.support.AbstractAutowireCapableBeanFactory.createBeanInstance(AbstractAutowireCapableBeanFactory.java:1195)
	at org.springframework.beans.factory.support.AbstractAutowireCapableBeanFactory.doCreateBean(AbstractAutowireCapableBeanFactory.java:582)
	at org.springframework.beans.factory.support.AbstractAutowireCapableBeanFactory.createBean(AbstractAutowireCapableBeanFactory.java:542)
	at org.springframework.beans.factory.support.AbstractBeanFactory.lambda$doGetBean$0(AbstractBeanFactory.java:335)
	at org.springframework.beans.factory.support.DefaultSingletonBeanRegistry.getSingleton(DefaultSingletonBeanRegistry.java:234)
	at org.springframework.beans.factory.support.AbstractBeanFactory.doGetBean(AbstractBeanFactory.java:333)
	at org.springframework.beans.factory.support.AbstractBeanFactory.getBean(AbstractBeanFactory.java:208)
	at org.springframework.beans.factory.config.DependencyDescriptor.resolveCandidate(DependencyDescriptor.java:276)
	at org.springframework.beans.factory.support.DefaultListableBeanFactory.addCandidateEntry(DefaultListableBeanFactory.java:1609)
	at org.springframework.beans.factory.support.DefaultListableBeanFactory.findAutowireCandidates(DefaultListableBeanFactory.java:1573)
	at org.springframework.beans.factory.support.DefaultListableBeanFactory.resolveMultipleBeans(DefaultListableBeanFactory.java:1439)
	at org.springframework.beans.factory.support.DefaultListableBeanFactory.doResolveDependency(DefaultListableBeanFactory.java:1349)
	at org.springframework.beans.factory.support.DefaultListableBeanFactory$DependencyObjectProvider.getIfAvailable(DefaultListableBeanFactory.java:2032)
	at com.baomidou.mybatisplus.autoconfigure.MybatisPlusAutoConfiguration.<init>(MybatisPlusAutoConfiguration.java:132)
	at java.base/jdk.internal.reflect.NativeConstructorAccessorImpl.newInstance0(Native Method)
	at java.base/jdk.internal.reflect.NativeConstructorAccessorImpl.newInstance(NativeConstructorAccessorImpl.java:62)
	at java.base/jdk.internal.reflect.DelegatingConstructorAccessorImpl.newInstance(DelegatingConstructorAccessorImpl.java:45)
	at java.base/java.lang.reflect.Constructor.newInstance(Constructor.java:490)
	at org.springframework.beans.BeanUtils.instantiateClass(BeanUtils.java:211)
	... 112 common frames omitted
Caused by: org.springframework.beans.factory.BeanCreationException: Error creating bean with name 'dataSourceScriptDatabaseInitializer' defined in class path resource [org/springframework/boot/autoconfigure/sql/init/DataSourceInitializationConfiguration.class]: Invocation of init method failed; nested exception is java.lang.IllegalStateException: No schema scripts found at location 'classpath:sql/dolphinscheduler_h2.sql'
	at org.springframework.beans.factory.support.AbstractAutowireCapableBeanFactory.initializeBean(AbstractAutowireCapableBeanFactory.java:1804)
	at org.springframework.beans.factory.support.AbstractAutowireCapableBeanFactory.doCreateBean(AbstractAutowireCapableBeanFactory.java:620)
	at org.springframework.beans.factory.support.AbstractAutowireCapableBeanFactory.createBean(AbstractAutowireCapableBeanFactory.java:542)
	at org.springframework.beans.factory.support.AbstractBeanFactory.lambda$doGetBean$0(AbstractBeanFactory.java:335)
	at org.springframework.beans.factory.support.DefaultSingletonBeanRegistry.getSingleton(DefaultSingletonBeanRegistry.java:234)
	at org.springframework.beans.factory.support.AbstractBeanFactory.doGetBean(AbstractBeanFactory.java:333)
	at org.springframework.beans.factory.support.AbstractBeanFactory.getBean(AbstractBeanFactory.java:208)
	at org.springframework.beans.factory.config.DependencyDescriptor.resolveCandidate(DependencyDescriptor.java:276)
	at org.springframework.beans.factory.support.DefaultListableBeanFactory.doResolveDependency(DefaultListableBeanFactory.java:1391)
	at org.springframework.beans.factory.support.DefaultListableBeanFactory.resolveDependency(DefaultListableBeanFactory.java:1311)
	at org.springframework.beans.factory.annotation.AutowiredAnnotationBeanPostProcessor$AutowiredFieldElement.resolveFieldValue(AutowiredAnnotationBeanPostProcessor.java:656)
	... 143 common frames omitted
Caused by: java.lang.IllegalStateException: No schema scripts found at location 'classpath:sql/dolphinscheduler_h2.sql'
	at org.springframework.boot.sql.init.AbstractScriptDatabaseInitializer.getScripts(AbstractScriptDatabaseInitializer.java:128)
	at org.springframework.boot.sql.init.AbstractScriptDatabaseInitializer.applyScripts(AbstractScriptDatabaseInitializer.java:105)
	at org.springframework.boot.sql.init.AbstractScriptDatabaseInitializer.applySchemaScripts(AbstractScriptDatabaseInitializer.java:97)
	at org.springframework.boot.sql.init.AbstractScriptDatabaseInitializer.initializeDatabase(AbstractScriptDatabaseInitializer.java:75)
	at org.springframework.boot.sql.init.AbstractScriptDatabaseInitializer.afterPropertiesSet(AbstractScriptDatabaseInitializer.java:65)
	at org.springframework.beans.factory.support.AbstractAutowireCapableBeanFactory.invokeInitMethods(AbstractAutowireCapableBeanFactory.java:1863)
	at org.springframework.beans.factory.support.AbstractAutowireCapableBeanFactory.initializeBean(AbstractAutowireCapableBeanFactory.java:1800)
	... 153 common frames omitted
[WARN] 2025-10-13 10:06:44.397 +0800 o.s.c.k.c.p.AbstractKubernetesProfileEnvironmentPostProcessor:[258] - Not running inside kubernetes. Skipping 'kubernetes' profile activation.
[WARN] 2025-10-13 10:06:45.825 +0800 o.s.c.k.c.p.AbstractKubernetesProfileEnvironmentPostProcessor:[258] - Not running inside kubernetes. Skipping 'kubernetes' profile activation.
[INFO] 2025-10-13 10:06:45.826 +0800 o.a.d.StandaloneServer:[640] - The following 1 profile is active: "h2"
[INFO] 2025-10-13 10:06:48.056 +0800 o.s.c.c.s.GenericScope:[283] - BeanFactory id=a67c5b7f-33ea-30a1-8ec3-050e05875762
[INFO] 2025-10-13 10:06:48.631 +0800 o.s.c.s.PostProcessorRegistrationDelegate$BeanPostProcessorChecker:[376] - Bean 'org.springframework.cloud.commons.config.CommonsConfigAutoConfiguration' of type [org.springframework.cloud.commons.config.CommonsConfigAutoConfiguration] is not eligible for getting processed by all BeanPostProcessors (for example: not eligible for auto-proxying)
[INFO] 2025-10-13 10:06:48.634 +0800 o.s.c.s.PostProcessorRegistrationDelegate$BeanPostProcessorChecker:[376] - Bean 'org.springframework.cloud.client.loadbalancer.LoadBalancerDefaultMappingsProviderAutoConfiguration' of type [org.springframework.cloud.client.loadbalancer.LoadBalancerDefaultMappingsProviderAutoConfiguration] is not eligible for getting processed by all BeanPostProcessors (for example: not eligible for auto-proxying)
[INFO] 2025-10-13 10:06:48.636 +0800 o.s.c.s.PostProcessorRegistrationDelegate$BeanPostProcessorChecker:[376] - Bean 'loadBalancerClientsDefaultsMappingsProvider' of type [org.springframework.cloud.client.loadbalancer.LoadBalancerDefaultMappingsProviderAutoConfiguration$$Lambda$748/0x0000000800918440] is not eligible for getting processed by all BeanPostProcessors (for example: not eligible for auto-proxying)
[INFO] 2025-10-13 10:06:48.642 +0800 o.s.c.s.PostProcessorRegistrationDelegate$BeanPostProcessorChecker:[376] - Bean 'defaultsBindHandlerAdvisor' of type [org.springframework.cloud.commons.config.DefaultsBindHandlerAdvisor] is not eligible for getting processed by all BeanPostProcessors (for example: not eligible for auto-proxying)
[INFO] 2025-10-13 10:06:49.216 +0800 o.a.d.c.u.NetUtils:[312] - Get all NetworkInterfaces: [name:lo (Software Loopback Interface 1), name:net0 (Microsoft 6to4 Adapter), name:net1 (WAN Miniport (IKEv2)), name:net2 (WAN Miniport (SSTP)), name:net3 (Microsoft IP-HTTPS Platform Adapter), name:eth0 (Bluetooth Device (Personal Area Network)), name:eth1 (WAN Miniport (IP)), name:eth2 (WAN Miniport (IPv6)), name:eth3 (Microsoft Kernel Debug Network Adapter), name:eth4 (Realtek PCIe GbE Family Controller), name:net4 (WAN Miniport (PPTP)), name:net5 (Microsoft Teredo Tunneling Adapter), name:eth5 (WAN Miniport (Network Monitor)), name:wlan0 (MediaTek Wi-Fi 6 MT7921 Wireless LAN Card), name:wlan1 (Microsoft Wi-Fi Direct Virtual Adapter #2), name:net6 (WAN Miniport (L2TP)), name:ppp0 (WAN Miniport (PPPOE)), name:wlan2 (Microsoft Wi-Fi Direct Virtual Adapter), name:eth6 (Realtek PCIe GbE Family Controller-WFP Native MAC Layer LightWeight Filter-0000), name:eth7 (Realtek PCIe GbE Family Controller-QoS Packet Scheduler-0000), name:eth8 (Realtek PCIe GbE Family Controller-WFP 802.3 MAC Layer LightWeight Filter-0000), name:wlan3 (MediaTek Wi-Fi 6 MT7921 Wireless LAN Card-WFP Native MAC Layer LightWeight Filter-0000), name:wlan4 (MediaTek Wi-Fi 6 MT7921 Wireless LAN Card-Virtual WiFi Filter Driver-0000), name:wlan5 (MediaTek Wi-Fi 6 MT7921 Wireless LAN Card-Native WiFi Filter Driver-0000), name:wlan6 (MediaTek Wi-Fi 6 MT7921 Wireless LAN Card-QoS Packet Scheduler-0000), name:wlan7 (MediaTek Wi-Fi 6 MT7921 Wireless LAN Card-WFP 802.3 MAC Layer LightWeight Filter-0000), name:eth9 (WAN Miniport (IP)-WFP Native MAC Layer LightWeight Filter-0000), name:eth10 (WAN Miniport (IP)-QoS Packet Scheduler-0000), name:eth11 (WAN Miniport (IPv6)-WFP Native MAC Layer LightWeight Filter-0000), name:eth12 (WAN Miniport (IPv6)-QoS Packet Scheduler-0000), name:eth13 (WAN Miniport (Network Monitor)-WFP Native MAC Layer LightWeight Filter-0000), name:eth14 (WAN Miniport (Network Monitor)-QoS Packet Scheduler-0000), name:eth15 (Hyper-V Virtual Switch Extension Adapter-Hyper-V Virtual Switch Extension Filter-0000), name:eth16 (Hyper-V Virtual Switch Extension Adapter #2-Hyper-V Virtual Switch Extension Filter-0000), name:eth17 (Hyper-V Virtual Switch Extension Adapter #2-Virtual Filtering Platform VMSwitch Extension-0000), name:wlan8 (Microsoft Wi-Fi Direct Virtual Adapter-WFP Native MAC Layer LightWeight Filter-0000), name:eth18 (Hyper-V Virtual Switch Extension Adapter), name:wlan9 (Microsoft Wi-Fi Direct Virtual Adapter-Native WiFi Filter Driver-0000), name:eth19 (Hyper-V Virtual Ethernet Adapter), name:eth20 (Hyper-V Virtual Ethernet Adapter-WFP Native MAC Layer LightWeight Filter-0000), name:eth21 (Hyper-V Virtual Ethernet Adapter-QoS Packet Scheduler-0000), name:eth22 (Hyper-V Virtual Ethernet Adapter-WFP 802.3 MAC Layer LightWeight Filter-0000), name:wlan10 (Microsoft Wi-Fi Direct Virtual Adapter-QoS Packet Scheduler-0000), name:wlan11 (Microsoft Wi-Fi Direct Virtual Adapter-WFP 802.3 MAC Layer LightWeight Filter-0000), name:wlan12 (Microsoft Wi-Fi Direct Virtual Adapter #2-WFP Native MAC Layer LightWeight Filter-0000), name:wlan13 (Microsoft Wi-Fi Direct Virtual Adapter #2-Native WiFi Filter Driver-0000), name:eth23 (Hyper-V Virtual Switch Extension Adapter #2), name:wlan14 (Microsoft Wi-Fi Direct Virtual Adapter #2-QoS Packet Scheduler-0000), name:wlan15 (Microsoft Wi-Fi Direct Virtual Adapter #2-WFP 802.3 MAC Layer LightWeight Filter-0000), name:eth24 (Hyper-V Virtual Ethernet Adapter #2), name:eth25 (Hyper-V Virtual Ethernet Adapter #2-WFP Native MAC Layer LightWeight Filter-0000), name:eth26 (Hyper-V Virtual Ethernet Adapter #2-QoS Packet Scheduler-0000), name:eth27 (Hyper-V Virtual Ethernet Adapter #2-WFP 802.3 MAC Layer LightWeight Filter-0000)]
[INFO] 2025-10-13 10:06:49.706 +0800 o.a.d.s.m.c.MasterConfig:[175] - 
****************************Master Configuration**************************************
  listen-port -> 5678
  pre-exec-threads -> 10
  exec-threads -> 10
  dispatch-task-number -> 3
  host-selector -> LOWER_WEIGHT
  max-heartbeat-interval -> PT10S
  task-commit-retry-times -> 5
  task-commit-interval -> PT1S
  state-wheel-interval -> PT5S
  server-load-protection -> BaseServerLoadProtection(enabled=true, maxSystemCpuUsagePercentageThresholds=0.9, maxJvmCpuUsagePercentageThresholds=0.9, maxSystemMemoryUsagePercentageThresholds=0.9, maxDiskUsagePercentageThresholds=0.9)
  failover-interval -> PT10M
  kill-application-when-task-failover -> true
  registry-disconnect-strategy -> ConnectStrategyProperties(strategy=STOP, maxWaitingTime=PT0S)
  master-address -> 10.1.35.13:5678
  master-registry-path: /nodes/master/10.1.35.13:5678
  worker-group-refresh-interval: PT10S
  command-fetch-strategy: CommandFetchStrategy(type=ID_SLOT_BASED, config=CommandFetchStrategy.IdSlotBasedFetchConfig(idStep=1, fetchSize=10))
****************************Master Configuration**************************************
[INFO] 2025-10-13 10:06:49.707 +0800 o.s.c.s.PostProcessorRegistrationDelegate$BeanPostProcessorChecker:[376] - Bean 'masterConfig' of type [org.apache.dolphinscheduler.server.master.config.MasterConfig$$EnhancerBySpringCGLIB$$889f1f73] is not eligible for getting processed by all BeanPostProcessors (for example: not eligible for auto-proxying)
[INFO] 2025-10-13 10:06:49.898 +0800 o.a.d.s.w.c.WorkerConfig:[98] - 
****************************Worker Configuration**************************************
  listen-port -> 1234
  exec-threads -> 10
  max-heartbeat-interval -> PT10S
  host-weight -> 100
  tenantConfig -> TenantConfig(autoCreateTenantEnabled=true, distributedTenantEnabled=false, defaultTenantEnabled=true)
  server-load-protection -> BaseServerLoadProtection(enabled=true, maxSystemCpuUsagePercentageThresholds=0.9, maxJvmCpuUsagePercentageThresholds=0.9, maxSystemMemoryUsagePercentageThresholds=0.9, maxDiskUsagePercentageThresholds=0.9)
  registry-disconnect-strategy -> ConnectStrategyProperties(strategy=STOP, maxWaitingTime=PT0S)
  task-execute-threads-full-policy: REJECT
  address -> 10.1.35.13:1234
  registry-path: /nodes/worker/10.1.35.13:1234
****************************Worker Configuration**************************************
[INFO] 2025-10-13 10:06:49.898 +0800 o.s.c.s.PostProcessorRegistrationDelegate$BeanPostProcessorChecker:[376] - Bean 'workerConfig' of type [org.apache.dolphinscheduler.server.worker.config.WorkerConfig$$EnhancerBySpringCGLIB$$b43715ab] is not eligible for getting processed by all BeanPostProcessors (for example: not eligible for auto-proxying)
[INFO] 2025-10-13 10:06:49.948 +0800 o.a.d.a.c.AlertConfig:[75] - Alert config: port -> 50052
[INFO] 2025-10-13 10:06:49.949 +0800 o.a.d.a.c.AlertConfig:[76] - Alert config: alertServerAddress -> 10.1.35.13:50052
[INFO] 2025-10-13 10:06:49.949 +0800 o.a.d.a.c.AlertConfig:[77] - Alert config: maxHeartbeatInterval -> PT1M
[INFO] 2025-10-13 10:06:49.949 +0800 o.s.c.s.PostProcessorRegistrationDelegate$BeanPostProcessorChecker:[376] - Bean 'alertConfig' of type [org.apache.dolphinscheduler.alert.config.AlertConfig] is not eligible for getting processed by all BeanPostProcessors (for example: not eligible for auto-proxying)
[INFO] 2025-10-13 10:06:49.973 +0800 o.s.c.s.PostProcessorRegistrationDelegate$BeanPostProcessorChecker:[376] - Bean 'io.kubernetes.client.spring.extended.manifests.config.KubernetesManifestsAutoConfiguration' of type [io.kubernetes.client.spring.extended.manifests.config.KubernetesManifestsAutoConfiguration] is not eligible for getting processed by all BeanPostProcessors (for example: not eligible for auto-proxying)
[INFO] 2025-10-13 10:06:49.987 +0800 o.s.c.s.PostProcessorRegistrationDelegate$BeanPostProcessorChecker:[376] - Bean 'kubernetes.manifests-io.kubernetes.client.spring.extended.manifests.config.KubernetesManifestsProperties' of type [io.kubernetes.client.spring.extended.manifests.config.KubernetesManifestsProperties] is not eligible for getting processed by all BeanPostProcessors (for example: not eligible for auto-proxying)
[INFO] 2025-10-13 10:06:49.998 +0800 o.s.c.s.PostProcessorRegistrationDelegate$BeanPostProcessorChecker:[376] - Bean 'io.kubernetes.client.spring.extended.controller.config.KubernetesInformerAutoConfiguration' of type [io.kubernetes.client.spring.extended.controller.config.KubernetesInformerAutoConfiguration] is not eligible for getting processed by all BeanPostProcessors (for example: not eligible for auto-proxying)
[INFO] 2025-10-13 10:06:50.283 +0800 o.s.c.s.PostProcessorRegistrationDelegate$BeanPostProcessorChecker:[376] - Bean 'defaultApiClient' of type [io.kubernetes.client.openapi.ApiClient] is not eligible for getting processed by all BeanPostProcessors (for example: not eligible for auto-proxying)
[INFO] 2025-10-13 10:06:50.486 +0800 o.e.j.u.log:[170] - Logging initialized @14466ms to org.eclipse.jetty.util.log.Slf4jLog
[INFO] 2025-10-13 10:06:50.812 +0800 o.s.b.w.e.j.JettyServletWebServerFactory:[166] - Server initialized with port: 12345
[INFO] 2025-10-13 10:06:50.833 +0800 o.e.j.s.Server:[375] - jetty-9.4.48.v20220622; built: 2022-06-21T20:42:25.880Z; git: 6b67c5719d1f4371b33655ff2d047d24e171e49a; jvm 11.0.21+9
[INFO] 2025-10-13 10:06:50.867 +0800 o.e.j.s.h.C.application:[2368] - Initializing Spring embedded WebApplicationContext
[INFO] 2025-10-13 10:06:50.868 +0800 o.s.b.w.s.c.ServletWebServerApplicationContext:[292] - Root WebApplicationContext: initialization completed in 5016 ms
[INFO] 2025-10-13 10:06:51.455 +0800 o.a.d.a.c.ApiConfig:[58] - API config: auditEnable -> false 
[INFO] 2025-10-13 10:06:51.455 +0800 o.a.d.a.c.ApiConfig:[59] - API config: trafficControl -> ApiConfig.TrafficConfiguration(globalSwitch=false, maxGlobalQpsRate=300, tenantSwitch=false, defaultTenantQpsRate=10, customizeTenantQpsRate={}) 
[INFO] 2025-10-13 10:06:51.456 +0800 o.a.d.a.c.ApiConfig:[60] - API config: pythonGateway -> ApiConfig.PythonGatewayConfiguration(enabled=true, gatewayServerAddress=0.0.0.0, gatewayServerPort=25333, pythonAddress=127.0.0.1, pythonPort=25334, connectTimeout=0, readTimeout=0, authToken=jwUDzpLsNKEFER4*a8gruBH_GsAurNxU7A@Xc) 
[INFO] 2025-10-13 10:06:51.633 +0800 o.e.j.s.session:[334] - DefaultSessionIdManager workerName=node0
[INFO] 2025-10-13 10:06:51.633 +0800 o.e.j.s.session:[339] - No SessionScavenger set, using defaults
[INFO] 2025-10-13 10:06:51.637 +0800 o.e.j.s.session:[132] - node0 Scavenging every 600000ms
[INFO] 2025-10-13 10:06:51.650 +0800 o.e.j.s.h.ContextHandler:[921] - Started o.s.b.w.e.j.JettyEmbeddedWebAppContext@7f6a21b5{application,/dolphinscheduler,[file:///C:/Users/44314/AppData/Local/Temp/jetty-docbase.12345.10344820829876017530/, jar:file:/D:/maven/repository/org/webjars/npm/js-beautify/1.14.7/js-beautify-1.14.7.jar!/META-INF/resources, jar:file:/D:/maven/repository/org/webjars/npm/config-chain/1.1.13/config-chain-1.1.13.jar!/META-INF/resources, jar:file:/D:/maven/repository/org/webjars/npm/proto-list/1.2.4/proto-list-1.2.4.jar!/META-INF/resources, jar:file:/D:/maven/repository/org/webjars/npm/ini/1.3.8/ini-1.3.8.jar!/META-INF/resources, jar:file:/D:/maven/repository/org/webjars/npm/editorconfig/0.15.3/editorconfig-0.15.3.jar!/META-INF/resources, jar:file:/D:/maven/repository/org/webjars/npm/commander/2.20.3/commander-2.20.3.jar!/META-INF/resources, jar:file:/D:/maven/repository/org/webjars/npm/lru-cache/4.1.5/lru-cache-4.1.5.jar!/META-INF/resources, jar:file:/D:/maven/repository/org/webjars/npm/pseudomap/1.0.2/pseudomap-1.0.2.jar!/META-INF/resources, jar:file:/D:/maven/repository/org/webjars/npm/yallist/2.1.2/yallist-2.1.2.jar!/META-INF/resources, jar:file:/D:/maven/repository/org/webjars/npm/semver/5.7.2/semver-5.7.2.jar!/META-INF/resources, jar:file:/D:/maven/repository/org/webjars/npm/sigmund/1.0.1/sigmund-1.0.1.jar!/META-INF/resources, jar:file:/D:/maven/repository/org/webjars/npm/glob/8.1.0/glob-8.1.0.jar!/META-INF/resources, jar:file:/D:/maven/repository/org/webjars/npm/once/1.4.0/once-1.4.0.jar!/META-INF/resources, jar:file:/D:/maven/repository/org/webjars/npm/wrappy/1.0.2/wrappy-1.0.2.jar!/META-INF/resources, jar:file:/D:/maven/repository/org/webjars/npm/fs.realpath/1.0.0/fs.realpath-1.0.0.jar!/META-INF/resources, jar:file:/D:/maven/repository/org/webjars/npm/inherits/2.0.4/inherits-2.0.4.jar!/META-INF/resources, jar:file:/D:/maven/repository/org/webjars/npm/inflight/1.0.6/inflight-1.0.6.jar!/META-INF/resources, jar:file:/D:/maven/repository/org/webjars/npm/minimatch/5.1.6/minimatch-5.1.6.jar!/META-INF/resources, jar:file:/D:/maven/repository/org/webjars/npm/brace-expansion/2.0.2/brace-expansion-2.0.2.jar!/META-INF/resources, jar:file:/D:/maven/repository/org/webjars/npm/balanced-match/1.0.2/balanced-match-1.0.2.jar!/META-INF/resources, jar:file:/D:/maven/repository/org/webjars/npm/nopt/6.0.0/nopt-6.0.0.jar!/META-INF/resources, jar:file:/D:/maven/repository/org/webjars/npm/abbrev/1.1.1/abbrev-1.1.1.jar!/META-INF/resources, jar:file:/D:/maven/repository/org/webjars/swagger-ui/4.11.1/swagger-ui-4.11.1.jar!/META-INF/resources],AVAILABLE}
[INFO] 2025-10-13 10:06:51.650 +0800 o.e.j.s.Server:[415] - Started @15631ms
[INFO] 2025-10-13 10:06:51.700 +0800 o.a.d.p.r.z.ZookeeperRegistryAutoConfiguration:[37] - Load ZookeeperRegistryAutoConfiguration
[INFO] 2025-10-13 10:06:51.720 +0800 o.a.d.p.r.z.ZookeeperRegistryProperties:[94] - 
****************************ZookeeperRegistryProperties**************************************
  namespace -> dolphinscheduler
  connectString -> 127.0.0.1:57284
  retryPolicy -> ZookeeperRegistryProperties.ZookeeperProperties.RetryPolicy(baseSleepTime=PT0.06S, maxRetries=5, maxSleep=PT0.3S)
  digest -> 
  sessionTimeout -> PT30S
  connectionTimeout -> PT9S
  blockUntilConnected -> PT0.6S
****************************ZookeeperRegistryProperties**************************************
[INFO] 2025-10-13 10:06:51.893 +0800 o.a.c.f.i.CuratorFrameworkImpl:[338] - Starting
[INFO] 2025-10-13 10:06:51.943 +0800 o.a.c.f.i.CuratorFrameworkImpl:[386] - Default schema
[INFO] 2025-10-13 10:06:51.977 +0800 o.a.c.f.s.ConnectionStateManager:[252] - State change: CONNECTED
[INFO] 2025-10-13 10:06:52.014 +0800 o.a.c.f.i.EnsembleTracker:[201] - New config event received: {}
[INFO] 2025-10-13 10:06:52.014 +0800 o.a.c.f.i.EnsembleTracker:[201] - New config event received: {}
[INFO] 2025-10-13 10:06:52.231 +0800 c.z.h.HikariDataSource:[110] - HikariPool-1 - Starting...
[INFO] 2025-10-13 10:06:52.853 +0800 c.z.h.HikariDataSource:[123] - HikariPool-1 - Start completed.
[INFO] 2025-10-13 10:06:57.551 +0800 o.a.d.s.m.p.q.TaskEventService:[63] - TaskEvent dispatch thread starting
[INFO] 2025-10-13 10:06:57.552 +0800 o.a.d.s.m.p.q.TaskEventService:[65] - TaskEvent dispatch thread started
[INFO] 2025-10-13 10:06:57.552 +0800 o.a.d.s.m.p.q.TaskEventService:[68] - TaskEvent handle thread staring
[INFO] 2025-10-13 10:06:57.552 +0800 o.a.d.s.m.p.q.TaskEventService:[70] - TaskEvent handle thread started
[INFO] 2025-10-13 10:06:57.552 +0800 o.a.d.s.m.p.q.TaskEventService:[138] - event handler thread started
[INFO] 2025-10-13 10:06:57.786 +0800 o.q.i.StdSchedulerFactory:[1220] - Using default implementation for ThreadExecutor
[INFO] 2025-10-13 10:06:57.807 +0800 o.q.c.SchedulerSignalerImpl:[61] - Initialized Scheduler Signaller of type: class org.quartz.core.SchedulerSignalerImpl
[INFO] 2025-10-13 10:06:57.807 +0800 o.q.c.QuartzScheduler:[229] - Quartz Scheduler v.2.3.2 created.
[INFO] 2025-10-13 10:06:57.813 +0800 o.s.s.q.LocalDataSourceJobStore:[672] - Using db table-based data access locking (synchronization).
[INFO] 2025-10-13 10:06:57.816 +0800 o.s.s.q.LocalDataSourceJobStore:[145] - JobStoreCMT initialized.
[INFO] 2025-10-13 10:06:57.817 +0800 o.q.c.QuartzScheduler:[294] - Scheduler meta-data: Quartz Scheduler (v2.3.2) 'DolphinScheduler' with instanceId 'JaekerThink1760321217789'
  Scheduler class: 'org.quartz.core.QuartzScheduler' - running locally.
  NOT STARTED.
  Currently in standby mode.
  Number of jobs executed: 0
  Using thread pool 'org.quartz.simpl.SimpleThreadPool' - with 25 threads.
  Using job-store 'org.springframework.scheduling.quartz.LocalDataSourceJobStore' - which supports persistence. and is clustered.

[INFO] 2025-10-13 10:06:57.817 +0800 o.q.i.StdSchedulerFactory:[1374] - Quartz scheduler 'DolphinScheduler' initialized from an externally provided properties instance.
[INFO] 2025-10-13 10:06:57.818 +0800 o.q.i.StdSchedulerFactory:[1378] - Quartz scheduler version: 2.3.2
[INFO] 2025-10-13 10:06:57.818 +0800 o.q.c.QuartzScheduler:[2293] - JobFactory set to: org.springframework.scheduling.quartz.SpringBeanJobFactory@4ec20b7
[INFO] 2025-10-13 10:06:59.121 +0800 o.a.d.e.b.s.NettyRemotingServer:[118] - MasterRpcServer bind success at port: 5678
[INFO] 2025-10-13 10:06:59.138 +0800 o.a.d.p.t.a.TaskPluginManager:[60] - Registering task plugin: JAVA - JavaTaskChannelFactory
[INFO] 2025-10-13 10:06:59.141 +0800 o.a.d.p.t.a.TaskPluginManager:[65] - Registered task plugin: JAVA - JavaTaskChannelFactory
[INFO] 2025-10-13 10:06:59.142 +0800 o.a.d.p.t.a.TaskPluginManager:[60] - Registering task plugin: JUPYTER - JupyterTaskChannelFactory
[INFO] 2025-10-13 10:06:59.143 +0800 o.a.d.p.t.a.TaskPluginManager:[65] - Registered task plugin: JUPYTER - JupyterTaskChannelFactory
[INFO] 2025-10-13 10:06:59.143 +0800 o.a.d.p.t.a.TaskPluginManager:[60] - Registering task plugin: SPARK - SparkTaskChannelFactory
[INFO] 2025-10-13 10:06:59.145 +0800 o.a.d.p.t.a.TaskPluginManager:[65] - Registered task plugin: SPARK - SparkTaskChannelFactory
[INFO] 2025-10-13 10:06:59.145 +0800 o.a.d.p.t.a.TaskPluginManager:[60] - Registering task plugin: FLINK_STREAM - FlinkStreamTaskChannelFactory
[INFO] 2025-10-13 10:06:59.146 +0800 o.a.d.p.t.a.TaskPluginManager:[65] - Registered task plugin: FLINK_STREAM - FlinkStreamTaskChannelFactory
[INFO] 2025-10-13 10:06:59.146 +0800 o.a.d.p.t.a.TaskPluginManager:[60] - Registering task plugin: PYTHON - PythonTaskChannelFactory
[INFO] 2025-10-13 10:06:59.147 +0800 o.a.d.p.t.a.TaskPluginManager:[65] - Registered task plugin: PYTHON - PythonTaskChannelFactory
[INFO] 2025-10-13 10:06:59.147 +0800 o.a.d.p.t.a.TaskPluginManager:[60] - Registering task plugin: DATASYNC - DatasyncTaskChannelFactory
[INFO] 2025-10-13 10:06:59.148 +0800 o.a.d.p.t.a.TaskPluginManager:[65] - Registered task plugin: DATASYNC - DatasyncTaskChannelFactory
[INFO] 2025-10-13 10:06:59.148 +0800 o.a.d.p.t.a.TaskPluginManager:[60] - Registering task plugin: DATA_FACTORY - DatafactoryTaskChannelFactory
[INFO] 2025-10-13 10:06:59.148 +0800 o.a.d.p.t.a.TaskPluginManager:[65] - Registered task plugin: DATA_FACTORY - DatafactoryTaskChannelFactory
[INFO] 2025-10-13 10:06:59.148 +0800 o.a.d.p.t.a.TaskPluginManager:[60] - Registering task plugin: CHUNJUN - ChunJunTaskChannelFactory
[INFO] 2025-10-13 10:06:59.150 +0800 o.a.d.p.t.a.TaskPluginManager:[65] - Registered task plugin: CHUNJUN - ChunJunTaskChannelFactory
[INFO] 2025-10-13 10:06:59.150 +0800 o.a.d.p.t.a.TaskPluginManager:[60] - Registering task plugin: REMOTESHELL - RemoteShellTaskChannelFactory
[INFO] 2025-10-13 10:06:59.150 +0800 o.a.d.p.t.a.TaskPluginManager:[65] - Registered task plugin: REMOTESHELL - RemoteShellTaskChannelFactory
[INFO] 2025-10-13 10:06:59.150 +0800 o.a.d.p.t.a.TaskPluginManager:[60] - Registering task plugin: PIGEON - PigeonTaskChannelFactory
[INFO] 2025-10-13 10:06:59.151 +0800 o.a.d.p.t.a.TaskPluginManager:[65] - Registered task plugin: PIGEON - PigeonTaskChannelFactory
[INFO] 2025-10-13 10:06:59.151 +0800 o.a.d.p.t.a.TaskPluginManager:[60] - Registering task plugin: PROCEDURE - ProcedureTaskChannelFactory
[INFO] 2025-10-13 10:06:59.153 +0800 o.a.d.p.t.a.TaskPluginManager:[65] - Registered task plugin: PROCEDURE - ProcedureTaskChannelFactory
[INFO] 2025-10-13 10:06:59.153 +0800 o.a.d.p.t.a.TaskPluginManager:[60] - Registering task plugin: SHELL - ShellTaskChannelFactory
[INFO] 2025-10-13 10:06:59.153 +0800 o.a.d.p.t.a.TaskPluginManager:[65] - Registered task plugin: SHELL - ShellTaskChannelFactory
[INFO] 2025-10-13 10:06:59.153 +0800 o.a.d.p.t.a.TaskPluginManager:[60] - Registering task plugin: MR - MapReduceTaskChannelFactory
[INFO] 2025-10-13 10:06:59.154 +0800 o.a.d.p.t.a.TaskPluginManager:[65] - Registered task plugin: MR - MapReduceTaskChannelFactory
[INFO] 2025-10-13 10:06:59.154 +0800 o.a.d.p.t.a.TaskPluginManager:[60] - Registering task plugin: SQOOP - SqoopTaskChannelFactory
[INFO] 2025-10-13 10:06:59.154 +0800 o.a.d.p.t.a.TaskPluginManager:[65] - Registered task plugin: SQOOP - SqoopTaskChannelFactory
[INFO] 2025-10-13 10:06:59.154 +0800 o.a.d.p.t.a.TaskPluginManager:[60] - Registering task plugin: PYTORCH - PytorchTaskChannelFactory
[INFO] 2025-10-13 10:06:59.155 +0800 o.a.d.p.t.a.TaskPluginManager:[65] - Registered task plugin: PYTORCH - PytorchTaskChannelFactory
[INFO] 2025-10-13 10:06:59.155 +0800 o.a.d.p.t.a.TaskPluginManager:[60] - Registering task plugin: K8S - K8sTaskChannelFactory
[INFO] 2025-10-13 10:06:59.156 +0800 o.a.d.p.t.a.TaskPluginManager:[65] - Registered task plugin: K8S - K8sTaskChannelFactory
[INFO] 2025-10-13 10:06:59.156 +0800 o.a.d.p.t.a.TaskPluginManager:[60] - Registering task plugin: SEATUNNEL - SeatunnelTaskChannelFactory
[INFO] 2025-10-13 10:06:59.159 +0800 o.a.d.p.t.a.TaskPluginManager:[65] - Registered task plugin: SEATUNNEL - SeatunnelTaskChannelFactory
[INFO] 2025-10-13 10:06:59.159 +0800 o.a.d.p.t.a.TaskPluginManager:[60] - Registering task plugin: SAGEMAKER - SagemakerTaskChannelFactory
[INFO] 2025-10-13 10:06:59.160 +0800 o.a.d.p.t.a.TaskPluginManager:[65] - Registered task plugin: SAGEMAKER - SagemakerTaskChannelFactory
[INFO] 2025-10-13 10:06:59.160 +0800 o.a.d.p.t.a.TaskPluginManager:[60] - Registering task plugin: HTTP - HttpTaskChannelFactory
[INFO] 2025-10-13 10:06:59.161 +0800 o.a.d.p.t.a.TaskPluginManager:[65] - Registered task plugin: HTTP - HttpTaskChannelFactory
[INFO] 2025-10-13 10:06:59.162 +0800 o.a.d.p.t.a.TaskPluginManager:[60] - Registering task plugin: SEATUNNEL_REST - SeaTunnelRestTaskChannelFactory
[INFO] 2025-10-13 10:06:59.163 +0800 o.a.d.p.t.a.TaskPluginManager:[65] - Registered task plugin: SEATUNNEL_REST - SeaTunnelRestTaskChannelFactory
[INFO] 2025-10-13 10:06:59.163 +0800 o.a.d.p.t.a.TaskPluginManager:[60] - Registering task plugin: EMR - EmrTaskChannelFactory
[INFO] 2025-10-13 10:06:59.166 +0800 o.a.d.p.t.a.TaskPluginManager:[65] - Registered task plugin: EMR - EmrTaskChannelFactory
[INFO] 2025-10-13 10:06:59.167 +0800 o.a.d.p.t.a.TaskPluginManager:[60] - Registering task plugin: DMS - DmsTaskChannelFactory
[INFO] 2025-10-13 10:06:59.168 +0800 o.a.d.p.t.a.TaskPluginManager:[65] - Registered task plugin: DMS - DmsTaskChannelFactory
[INFO] 2025-10-13 10:06:59.168 +0800 o.a.d.p.t.a.TaskPluginManager:[60] - Registering task plugin: DATA_QUALITY - DataQualityTaskChannelFactory
[INFO] 2025-10-13 10:06:59.169 +0800 o.a.d.p.t.a.TaskPluginManager:[65] - Registered task plugin: DATA_QUALITY - DataQualityTaskChannelFactory
[INFO] 2025-10-13 10:06:59.169 +0800 o.a.d.p.t.a.TaskPluginManager:[60] - Registering task plugin: KUBEFLOW - KubeflowTaskChannelFactory
[INFO] 2025-10-13 10:06:59.170 +0800 o.a.d.p.t.a.TaskPluginManager:[65] - Registered task plugin: KUBEFLOW - KubeflowTaskChannelFactory
[INFO] 2025-10-13 10:06:59.170 +0800 o.a.d.p.t.a.TaskPluginManager:[60] - Registering task plugin: SQL - SqlTaskChannelFactory
[INFO] 2025-10-13 10:06:59.171 +0800 o.a.d.p.t.a.TaskPluginManager:[65] - Registered task plugin: SQL - SqlTaskChannelFactory
[INFO] 2025-10-13 10:06:59.172 +0800 o.a.d.p.t.a.TaskPluginManager:[60] - Registering task plugin: DVC - DvcTaskChannelFactory
[INFO] 2025-10-13 10:06:59.173 +0800 o.a.d.p.t.a.TaskPluginManager:[65] - Registered task plugin: DVC - DvcTaskChannelFactory
[INFO] 2025-10-13 10:06:59.173 +0800 o.a.d.p.t.a.TaskPluginManager:[60] - Registering task plugin: DATAX - DataxTaskChannelFactory
[INFO] 2025-10-13 10:06:59.174 +0800 o.a.d.p.t.a.TaskPluginManager:[65] - Registered task plugin: DATAX - DataxTaskChannelFactory
[INFO] 2025-10-13 10:06:59.174 +0800 o.a.d.p.t.a.TaskPluginManager:[60] - Registering task plugin: ZEPPELIN - ZeppelinTaskChannelFactory
[INFO] 2025-10-13 10:06:59.175 +0800 o.a.d.p.t.a.TaskPluginManager:[65] - Registered task plugin: ZEPPELIN - ZeppelinTaskChannelFactory
[INFO] 2025-10-13 10:06:59.176 +0800 o.a.d.p.t.a.TaskPluginManager:[60] - Registering task plugin: DINKY - DinkyTaskChannelFactory
[INFO] 2025-10-13 10:06:59.177 +0800 o.a.d.p.t.a.TaskPluginManager:[65] - Registered task plugin: DINKY - DinkyTaskChannelFactory
[INFO] 2025-10-13 10:06:59.178 +0800 o.a.d.p.t.a.TaskPluginManager:[60] - Registering task plugin: MLFLOW - MlflowTaskChannelFactory
[INFO] 2025-10-13 10:06:59.179 +0800 o.a.d.p.t.a.TaskPluginManager:[65] - Registered task plugin: MLFLOW - MlflowTaskChannelFactory
[INFO] 2025-10-13 10:06:59.179 +0800 o.a.d.p.t.a.TaskPluginManager:[60] - Registering task plugin: OPENMLDB - OpenmldbTaskChannelFactory
[INFO] 2025-10-13 10:06:59.180 +0800 o.a.d.p.t.a.TaskPluginManager:[65] - Registered task plugin: OPENMLDB - OpenmldbTaskChannelFactory
[INFO] 2025-10-13 10:06:59.180 +0800 o.a.d.p.t.a.TaskPluginManager:[60] - Registering task plugin: LINKIS - LinkisTaskChannelFactory
[INFO] 2025-10-13 10:06:59.182 +0800 o.a.d.p.t.a.TaskPluginManager:[65] - Registered task plugin: LINKIS - LinkisTaskChannelFactory
[INFO] 2025-10-13 10:06:59.182 +0800 o.a.d.p.t.a.TaskPluginManager:[60] - Registering task plugin: FLINK - FlinkTaskChannelFactory
[INFO] 2025-10-13 10:06:59.182 +0800 o.a.d.p.t.a.TaskPluginManager:[65] - Registered task plugin: FLINK - FlinkTaskChannelFactory
[INFO] 2025-10-13 10:06:59.183 +0800 o.a.d.p.t.a.TaskPluginManager:[60] - Registering task plugin: HIVECLI - HiveCliTaskChannelFactory
[INFO] 2025-10-13 10:06:59.184 +0800 o.a.d.p.t.a.TaskPluginManager:[65] - Registered task plugin: HIVECLI - HiveCliTaskChannelFactory
[INFO] 2025-10-13 10:06:59.193 +0800 o.a.d.p.d.a.p.DataSourceProcessorManager:[45] - start register processor: CLICKHOUSE
[INFO] 2025-10-13 10:06:59.193 +0800 o.a.d.p.d.a.p.DataSourceProcessorManager:[51] - done register processor: CLICKHOUSE
[INFO] 2025-10-13 10:06:59.195 +0800 o.a.d.p.d.a.p.DataSourceProcessorManager:[45] - start register processor: DATABEND
[INFO] 2025-10-13 10:06:59.195 +0800 o.a.d.p.d.a.p.DataSourceProcessorManager:[51] - done register processor: DATABEND
[INFO] 2025-10-13 10:06:59.198 +0800 o.a.d.p.d.a.p.DataSourceProcessorManager:[45] - start register processor: DB2
[INFO] 2025-10-13 10:06:59.198 +0800 o.a.d.p.d.a.p.DataSourceProcessorManager:[51] - done register processor: DB2
[INFO] 2025-10-13 10:06:59.200 +0800 o.a.d.p.d.a.p.DataSourceProcessorManager:[45] - start register processor: HIVE
[INFO] 2025-10-13 10:06:59.200 +0800 o.a.d.p.d.a.p.DataSourceProcessorManager:[51] - done register processor: HIVE
[INFO] 2025-10-13 10:06:59.203 +0800 o.a.d.p.d.a.p.DataSourceProcessorManager:[45] - start register processor: MYSQL
[INFO] 2025-10-13 10:06:59.203 +0800 o.a.d.p.d.a.p.DataSourceProcessorManager:[51] - done register processor: MYSQL
[INFO] 2025-10-13 10:06:59.205 +0800 o.a.d.p.d.a.p.DataSourceProcessorManager:[45] - start register processor: OCEANBASE
[INFO] 2025-10-13 10:06:59.205 +0800 o.a.d.p.d.a.p.DataSourceProcessorManager:[51] - done register processor: OCEANBASE
[INFO] 2025-10-13 10:06:59.207 +0800 o.a.d.p.d.a.p.DataSourceProcessorManager:[45] - start register processor: ORACLE
[INFO] 2025-10-13 10:06:59.207 +0800 o.a.d.p.d.a.p.DataSourceProcessorManager:[51] - done register processor: ORACLE
[INFO] 2025-10-13 10:06:59.209 +0800 o.a.d.p.d.a.p.DataSourceProcessorManager:[45] - start register processor: POSTGRESQL
[INFO] 2025-10-13 10:06:59.209 +0800 o.a.d.p.d.a.p.DataSourceProcessorManager:[51] - done register processor: POSTGRESQL
[INFO] 2025-10-13 10:06:59.211 +0800 o.a.d.p.d.a.p.DataSourceProcessorManager:[45] - start register processor: SQLSERVER
[INFO] 2025-10-13 10:06:59.211 +0800 o.a.d.p.d.a.p.DataSourceProcessorManager:[51] - done register processor: SQLSERVER
[INFO] 2025-10-13 10:06:59.213 +0800 o.a.d.p.d.a.p.DataSourceProcessorManager:[45] - start register processor: REDSHIFT
[INFO] 2025-10-13 10:06:59.213 +0800 o.a.d.p.d.a.p.DataSourceProcessorManager:[51] - done register processor: REDSHIFT
[INFO] 2025-10-13 10:06:59.215 +0800 o.a.d.p.d.a.p.DataSourceProcessorManager:[45] - start register processor: ATHENA
[INFO] 2025-10-13 10:06:59.215 +0800 o.a.d.p.d.a.p.DataSourceProcessorManager:[51] - done register processor: ATHENA
[INFO] 2025-10-13 10:06:59.217 +0800 o.a.d.p.d.a.p.DataSourceProcessorManager:[45] - start register processor: SPARK
[INFO] 2025-10-13 10:06:59.218 +0800 o.a.d.p.d.a.p.DataSourceProcessorManager:[51] - done register processor: SPARK
[INFO] 2025-10-13 10:06:59.220 +0800 o.a.d.p.d.a.p.DataSourceProcessorManager:[45] - start register processor: PRESTO
[INFO] 2025-10-13 10:06:59.221 +0800 o.a.d.p.d.a.p.DataSourceProcessorManager:[51] - done register processor: PRESTO
[INFO] 2025-10-13 10:06:59.222 +0800 o.a.d.p.d.a.p.DataSourceProcessorManager:[45] - start register processor: TRINO
[INFO] 2025-10-13 10:06:59.222 +0800 o.a.d.p.d.a.p.DataSourceProcessorManager:[51] - done register processor: TRINO
[INFO] 2025-10-13 10:06:59.224 +0800 o.a.d.p.d.a.p.DataSourceProcessorManager:[45] - start register processor: STARROCKS
[INFO] 2025-10-13 10:06:59.225 +0800 o.a.d.p.d.a.p.DataSourceProcessorManager:[51] - done register processor: STARROCKS
[INFO] 2025-10-13 10:06:59.228 +0800 o.a.d.p.d.a.p.DataSourceProcessorManager:[45] - start register processor: AZURESQL
[INFO] 2025-10-13 10:06:59.228 +0800 o.a.d.p.d.a.p.DataSourceProcessorManager:[51] - done register processor: AZURESQL
[INFO] 2025-10-13 10:06:59.230 +0800 o.a.d.p.d.a.p.DataSourceProcessorManager:[45] - start register processor: DAMENG
[INFO] 2025-10-13 10:06:59.231 +0800 o.a.d.p.d.a.p.DataSourceProcessorManager:[51] - done register processor: DAMENG
[INFO] 2025-10-13 10:06:59.233 +0800 o.a.d.p.d.a.p.DataSourceProcessorManager:[45] - start register processor: SNOWFLAKE
[INFO] 2025-10-13 10:06:59.233 +0800 o.a.d.p.d.a.p.DataSourceProcessorManager:[51] - done register processor: SNOWFLAKE
[INFO] 2025-10-13 10:06:59.234 +0800 o.a.d.p.d.a.p.DataSourceProcessorManager:[45] - start register processor: SSH
[INFO] 2025-10-13 10:06:59.234 +0800 o.a.d.p.d.a.p.DataSourceProcessorManager:[51] - done register processor: SSH
[INFO] 2025-10-13 10:06:59.236 +0800 o.a.d.p.d.a.p.DataSourceProcessorManager:[45] - start register processor: KYUUBI
[INFO] 2025-10-13 10:06:59.236 +0800 o.a.d.p.d.a.p.DataSourceProcessorManager:[51] - done register processor: KYUUBI
[INFO] 2025-10-13 10:06:59.238 +0800 o.a.d.p.d.a.p.DataSourceProcessorManager:[45] - start register processor: VERTICA
[INFO] 2025-10-13 10:06:59.238 +0800 o.a.d.p.d.a.p.DataSourceProcessorManager:[51] - done register processor: VERTICA
[INFO] 2025-10-13 10:06:59.240 +0800 o.a.d.p.d.a.p.DataSourceProcessorManager:[45] - start register processor: ZEPPELIN
[INFO] 2025-10-13 10:06:59.240 +0800 o.a.d.p.d.a.p.DataSourceProcessorManager:[51] - done register processor: ZEPPELIN
[INFO] 2025-10-13 10:06:59.241 +0800 o.a.d.p.d.a.p.DataSourceProcessorManager:[45] - start register processor: DORIS
[INFO] 2025-10-13 10:06:59.241 +0800 o.a.d.p.d.a.p.DataSourceProcessorManager:[51] - done register processor: DORIS
[INFO] 2025-10-13 10:06:59.243 +0800 o.a.d.p.d.a.p.DataSourceProcessorManager:[45] - start register processor: SAGEMAKER
[INFO] 2025-10-13 10:06:59.243 +0800 o.a.d.p.d.a.p.DataSourceProcessorManager:[51] - done register processor: SAGEMAKER
[INFO] 2025-10-13 10:06:59.244 +0800 o.a.d.p.d.a.p.DataSourceProcessorManager:[45] - start register processor: HANA
[INFO] 2025-10-13 10:06:59.245 +0800 o.a.d.p.d.a.p.DataSourceProcessorManager:[51] - done register processor: HANA
[INFO] 2025-10-13 10:06:59.245 +0800 o.a.d.p.d.a.p.DataSourceProcessorProvider:[41] - Initialize DataSourceProcessorProvider
[INFO] 2025-10-13 10:06:59.254 +0800 o.a.d.s.m.r.MasterRegistryClient:[161] - Master node : 10.1.35.13:5678 registering to registry center
[INFO] 2025-10-13 10:07:00.558 +0800 o.a.d.c.u.JSONUtils:[72] - init timezone: sun.util.calendar.ZoneInfo[id="Asia/Hong_Kong",offset=28800000,dstSavings=0,useDaylight=false,transitions=71,lastRule=null]
[INFO] 2025-10-13 10:07:00.621 +0800 o.a.d.s.m.r.ServerNodeManager:[218] - master node : /nodes/master/10.1.35.13:5678 added.
[INFO] 2025-10-13 10:07:01.633 +0800 o.a.d.c.m.BaseHeartBeatTask:[48] - Starting MasterHeartBeatTask...
[INFO] 2025-10-13 10:07:01.633 +0800 o.a.d.c.m.BaseHeartBeatTask:[50] - Started MasterHeartBeatTask, heartBeatInterval: 10000...
[INFO] 2025-10-13 10:07:01.633 +0800 o.a.d.s.m.r.MasterRegistryClient:[184] - Master node : 10.1.35.13:5678 registered to registry center successfully
[INFO] 2025-10-13 10:07:01.635 +0800 o.a.d.s.m.r.MasterSchedulerBootstrap:[89] - MasterSchedulerBootstrap starting..
[INFO] 2025-10-13 10:07:01.635 +0800 o.a.d.s.m.r.WorkflowEventLooper:[74] - WorkflowEventLooper starting...
[INFO] 2025-10-13 10:07:01.635 +0800 o.a.d.s.m.r.WorkflowEventLooper:[76] - WorkflowEventLooper started...
[INFO] 2025-10-13 10:07:01.635 +0800 o.a.d.s.m.r.MasterTaskExecutorBootstrap:[38] - MasterTaskExecutorBootstrap starting...
[INFO] 2025-10-13 10:07:01.635 +0800 o.a.d.s.m.r.GlobalTaskDispatchWaitingQueueLooper:[60] - GlobalTaskDispatchWaitingQueueLooper starting...
[INFO] 2025-10-13 10:07:01.637 +0800 o.a.d.s.m.r.GlobalTaskDispatchWaitingQueueLooper:[62] - GlobalTaskDispatchWaitingQueueLooper started...
[INFO] 2025-10-13 10:07:01.637 +0800 o.a.d.s.m.r.e.AsyncMasterTaskDelayQueueLooper:[53] - AsyncMasterTaskDelayQueueLooper starting...
[INFO] 2025-10-13 10:07:01.637 +0800 o.a.d.s.m.r.e.AsyncMasterTaskDelayQueueLooper:[55] - AsyncMasterTaskDelayQueueLooper started...
[INFO] 2025-10-13 10:07:01.637 +0800 o.a.d.s.m.r.MasterTaskExecutorBootstrap:[41] - MasterTaskExecutorBootstrap started...
[INFO] 2025-10-13 10:07:01.637 +0800 o.a.d.s.m.r.MasterSchedulerBootstrap:[93] - MasterSchedulerBootstrap started...
[INFO] 2025-10-13 10:07:01.637 +0800 o.a.d.s.m.r.EventExecuteService:[56] - Master Event execute service starting
[INFO] 2025-10-13 10:07:01.637 +0800 o.a.d.s.m.r.EventExecuteService:[58] - Master Event execute service started
[INFO] 2025-10-13 10:07:01.637 +0800 o.a.d.s.m.r.FailoverExecuteThread:[51] - Master failover thread staring
[INFO] 2025-10-13 10:07:01.638 +0800 o.a.d.s.m.r.FailoverExecuteThread:[53] - Master failover thread stared
[INFO] 2025-10-13 10:07:01.640 +0800 o.a.d.s.m.r.MasterRegistryDataListener:[58] - master node added : /nodes/master/10.1.35.13:5678
[INFO] 2025-10-13 10:07:01.653 +0800 o.q.c.QuartzScheduler:[547] - Scheduler DolphinScheduler_$_JaekerThink1760321217789 started.
[INFO] 2025-10-13 10:07:01.653 +0800 o.a.d.s.m.r.t.TaskGroupCoordinator:[107] - TaskGroupCoordinator starting...
[INFO] 2025-10-13 10:07:01.654 +0800 o.a.d.s.m.r.t.TaskGroupCoordinator:[109] - TaskGroupCoordinator started...
[INFO] 2025-10-13 10:07:01.682 +0800 o.a.d.s.m.p.q.StateEventResponseService:[108] - State event loop service started
[INFO] 2025-10-13 10:07:01.722 +0800 o.a.d.s.m.r.t.TaskGroupCoordinator:[187] - Success amend TaskGroupQueue status cost: 4/ms
[INFO] 2025-10-13 10:07:01.723 +0800 o.a.d.s.m.r.t.TaskGroupCoordinator:[241] - Success deal with force start TaskGroupQueue cost: 0/ms
[INFO] 2025-10-13 10:07:01.724 +0800 o.a.d.s.m.r.t.TaskGroupCoordinator:[129] - TaskGroupCoordinator round time cost: 41/ms
[WARN] 2025-10-13 10:07:01.803 +0800 o.a.d.s.m.c.IdSlotBasedCommandFetcher:[57] - Slot is validated, current master slots: 0, the current slot index is 0
[INFO] 2025-10-13 10:07:01.972 +0800 o.a.d.e.b.s.NettyRemotingServer:[118] - WorkerRpcServer bind success at port: 1234
[WARN] 2025-10-13 10:07:01.972 +0800 o.a.d.p.t.a.TaskPluginManager:[52] - The task plugin has already been loaded
[INFO] 2025-10-13 10:07:01.973 +0800 o.a.d.p.d.a.p.DataSourceProcessorProvider:[41] - Initialize DataSourceProcessorProvider
[INFO] 2025-10-13 10:07:01.980 +0800 o.a.d.s.w.r.WorkerRegistryClient:[104] - Worker node: 10.1.35.13:1234 registry to ZK /nodes/worker/10.1.35.13:1234 successfully
[INFO] 2025-10-13 10:07:01.982 +0800 o.a.d.s.m.r.MasterRegistryDataListener:[73] - worker node added : /nodes/worker/10.1.35.13:1234
[INFO] 2025-10-13 10:07:01.983 +0800 o.a.d.s.m.r.ServerNodeManager:[174] - Worker: /nodes/worker/10.1.35.13:1234 added, currentNode : 10.1.35.13:1234
[WARN] 2025-10-13 10:07:02.959 +0800 o.a.d.s.m.c.IdSlotBasedCommandFetcher:[57] - Slot is validated, current master slots: 0, the current slot index is 0
[INFO] 2025-10-13 10:07:02.983 +0800 o.a.d.c.m.BaseHeartBeatTask:[48] - Starting WorkerHeartBeatTask...
[INFO] 2025-10-13 10:07:02.983 +0800 o.a.d.c.m.BaseHeartBeatTask:[50] - Started WorkerHeartBeatTask, heartBeatInterval: 10000...
[INFO] 2025-10-13 10:07:02.984 +0800 o.a.d.s.w.r.WorkerRegistryClient:[114] - Worker node: 10.1.35.13:1234 registry finished
[INFO] 2025-10-13 10:07:02.986 +0800 o.a.d.s.w.m.MessageRetryRunner:[69] - Message retry runner staring
[INFO] 2025-10-13 10:07:02.996 +0800 o.a.d.s.w.m.MessageRetryRunner:[72] - Injected message sender: TaskInstanceExecutionFinishEventSender
[INFO] 2025-10-13 10:07:02.996 +0800 o.a.d.s.w.m.MessageRetryRunner:[72] - Injected message sender: TaskInstanceExecutionInfoUpdateEventSender
[INFO] 2025-10-13 10:07:02.996 +0800 o.a.d.s.w.m.MessageRetryRunner:[72] - Injected message sender: TaskInstanceExecutionRunningEventSender
[INFO] 2025-10-13 10:07:02.996 +0800 o.a.d.s.w.m.MessageRetryRunner:[75] - Message retry runner started
[WARN] 2025-10-13 10:07:03.189 +0800 o.a.h.u.Shell:[692] - Did not find winutils.exe: {}
java.io.FileNotFoundException: java.io.FileNotFoundException: HADOOP_HOME and hadoop.home.dir are unset. -see https://wiki.apache.org/hadoop/WindowsProblems
	at org.apache.hadoop.util.Shell.fileNotFoundException(Shell.java:547)
	at org.apache.hadoop.util.Shell.getHadoopHomeDir(Shell.java:568)
	at org.apache.hadoop.util.Shell.getQualifiedBin(Shell.java:591)
	at org.apache.hadoop.util.Shell.<clinit>(Shell.java:688)
	at org.apache.hadoop.util.StringUtils.<clinit>(StringUtils.java:78)
	at org.apache.hadoop.fs.FileSystem$Cache$Key.<init>(FileSystem.java:3559)
	at org.apache.hadoop.fs.FileSystem$Cache$Key.<init>(FileSystem.java:3554)
	at org.apache.hadoop.fs.FileSystem$Cache.get(FileSystem.java:3391)
	at org.apache.hadoop.fs.FileSystem.get(FileSystem.java:485)
	at org.apache.hadoop.fs.FileSystem.get(FileSystem.java:233)
	at org.apache.dolphinscheduler.plugin.storage.hdfs.HdfsStorageOperator.lambda$init$1(HdfsStorageOperator.java:141)
	at java.base/java.security.AccessController.doPrivileged(Native Method)
	at java.base/javax.security.auth.Subject.doAs(Subject.java:423)
	at org.apache.hadoop.security.UserGroupInformation.doAs(UserGroupInformation.java:1762)
	at org.apache.dolphinscheduler.plugin.storage.hdfs.HdfsStorageOperator.init(HdfsStorageOperator.java:140)
	at org.apache.dolphinscheduler.plugin.storage.hdfs.HdfsStorageOperator.<init>(HdfsStorageOperator.java:89)
	at org.apache.dolphinscheduler.plugin.storage.hdfs.LocalStorageOperator.<init>(LocalStorageOperator.java:30)
	at org.apache.dolphinscheduler.plugin.storage.hdfs.LocalStorageOperatorFactory.createStorageOperate(LocalStorageOperatorFactory.java:35)
	at org.apache.dolphinscheduler.plugin.storage.api.StorageConfiguration.lambda$storageOperate$0(StorageConfiguration.java:43)
	at java.base/java.util.Optional.map(Optional.java:265)
	at org.apache.dolphinscheduler.plugin.storage.api.StorageConfiguration.storageOperate(StorageConfiguration.java:38)
	at org.apache.dolphinscheduler.plugin.storage.api.StorageConfiguration$$EnhancerBySpringCGLIB$$1efdd01.CGLIB$storageOperate$0(<generated>)
	at org.apache.dolphinscheduler.plugin.storage.api.StorageConfiguration$$EnhancerBySpringCGLIB$$1efdd01$$FastClassBySpringCGLIB$$5594751c.invoke(<generated>)
	at org.springframework.cglib.proxy.MethodProxy.invokeSuper(MethodProxy.java:244)
	at org.springframework.context.annotation.ConfigurationClassEnhancer$BeanMethodInterceptor.intercept(ConfigurationClassEnhancer.java:331)
	at org.apache.dolphinscheduler.plugin.storage.api.StorageConfiguration$$EnhancerBySpringCGLIB$$1efdd01.storageOperate(<generated>)
	at java.base/jdk.internal.reflect.NativeMethodAccessorImpl.invoke0(Native Method)
	at java.base/jdk.internal.reflect.NativeMethodAccessorImpl.invoke(NativeMethodAccessorImpl.java:62)
	at java.base/jdk.internal.reflect.DelegatingMethodAccessorImpl.invoke(DelegatingMethodAccessorImpl.java:43)
	at java.base/java.lang.reflect.Method.invoke(Method.java:566)
	at org.springframework.beans.factory.support.SimpleInstantiationStrategy.instantiate(SimpleInstantiationStrategy.java:154)
	at org.springframework.beans.factory.support.ConstructorResolver.instantiate(ConstructorResolver.java:653)
	at org.springframework.beans.factory.support.ConstructorResolver.instantiateUsingFactoryMethod(ConstructorResolver.java:486)
	at org.springframework.beans.factory.support.AbstractAutowireCapableBeanFactory.instantiateUsingFactoryMethod(AbstractAutowireCapableBeanFactory.java:1352)
	at org.springframework.beans.factory.support.AbstractAutowireCapableBeanFactory.createBeanInstance(AbstractAutowireCapableBeanFactory.java:1195)
	at org.springframework.beans.factory.support.AbstractAutowireCapableBeanFactory.doCreateBean(AbstractAutowireCapableBeanFactory.java:582)
	at org.springframework.beans.factory.support.AbstractAutowireCapableBeanFactory.createBean(AbstractAutowireCapableBeanFactory.java:542)
	at org.springframework.beans.factory.support.AbstractBeanFactory.lambda$doGetBean$0(AbstractBeanFactory.java:335)
	at org.springframework.beans.factory.support.DefaultSingletonBeanRegistry.getSingleton(DefaultSingletonBeanRegistry.java:234)
	at org.springframework.beans.factory.support.AbstractBeanFactory.doGetBean(AbstractBeanFactory.java:333)
	at org.springframework.beans.factory.support.AbstractBeanFactory.getBean(AbstractBeanFactory.java:208)
	at org.springframework.beans.factory.config.DependencyDescriptor.resolveCandidate(DependencyDescriptor.java:276)
	at org.springframework.beans.factory.support.DefaultListableBeanFactory.doResolveDependency(DefaultListableBeanFactory.java:1391)
	at org.springframework.beans.factory.support.DefaultListableBeanFactory.resolveDependency(DefaultListableBeanFactory.java:1311)
	at org.springframework.beans.factory.support.ConstructorResolver.resolveAutowiredArgument(ConstructorResolver.java:887)
	at org.springframework.beans.factory.support.ConstructorResolver.createArgumentArray(ConstructorResolver.java:791)
	at org.springframework.beans.factory.support.ConstructorResolver.autowireConstructor(ConstructorResolver.java:229)
	at org.springframework.beans.factory.support.AbstractAutowireCapableBeanFactory.autowireConstructor(AbstractAutowireCapableBeanFactory.java:1372)
	at org.springframework.beans.factory.support.AbstractAutowireCapableBeanFactory.createBeanInstance(AbstractAutowireCapableBeanFactory.java:1222)
	at org.springframework.beans.factory.support.AbstractAutowireCapableBeanFactory.doCreateBean(AbstractAutowireCapableBeanFactory.java:582)
	at org.springframework.beans.factory.support.AbstractAutowireCapableBeanFactory.createBean(AbstractAutowireCapableBeanFactory.java:542)
	at org.springframework.beans.factory.support.AbstractBeanFactory.lambda$doGetBean$0(AbstractBeanFactory.java:335)
	at org.springframework.beans.factory.support.DefaultSingletonBeanRegistry.getSingleton(DefaultSingletonBeanRegistry.java:234)
	at org.springframework.beans.factory.support.AbstractBeanFactory.doGetBean(AbstractBeanFactory.java:333)
	at org.springframework.beans.factory.support.AbstractBeanFactory.getBean(AbstractBeanFactory.java:208)
	at org.springframework.beans.factory.config.DependencyDescriptor.resolveCandidate(DependencyDescriptor.java:276)
	at org.springframework.beans.factory.support.DefaultListableBeanFactory.doResolveDependency(DefaultListableBeanFactory.java:1391)
	at org.springframework.beans.factory.support.DefaultListableBeanFactory.resolveDependency(DefaultListableBeanFactory.java:1311)
	at org.springframework.beans.factory.support.ConstructorResolver.resolveAutowiredArgument(ConstructorResolver.java:887)
	at org.springframework.beans.factory.support.ConstructorResolver.createArgumentArray(ConstructorResolver.java:791)
	at org.springframework.beans.factory.support.ConstructorResolver.autowireConstructor(ConstructorResolver.java:229)
	at org.springframework.beans.factory.support.AbstractAutowireCapableBeanFactory.autowireConstructor(AbstractAutowireCapableBeanFactory.java:1372)
	at org.springframework.beans.factory.support.AbstractAutowireCapableBeanFactory.createBeanInstance(AbstractAutowireCapableBeanFactory.java:1222)
	at org.springframework.beans.factory.support.AbstractAutowireCapableBeanFactory.doCreateBean(AbstractAutowireCapableBeanFactory.java:582)
	at org.springframework.beans.factory.support.AbstractAutowireCapableBeanFactory.createBean(AbstractAutowireCapableBeanFactory.java:542)
	at org.springframework.beans.factory.support.AbstractBeanFactory.lambda$doGetBean$0(AbstractBeanFactory.java:335)
	at org.springframework.beans.factory.support.DefaultSingletonBeanRegistry.getSingleton(DefaultSingletonBeanRegistry.java:234)
	at org.springframework.beans.factory.support.AbstractBeanFactory.doGetBean(AbstractBeanFactory.java:333)
	at org.springframework.beans.factory.support.AbstractBeanFactory.getBean(AbstractBeanFactory.java:208)
	at org.springframework.beans.factory.config.DependencyDescriptor.resolveCandidate(DependencyDescriptor.java:276)
	at org.springframework.beans.factory.support.DefaultListableBeanFactory.doResolveDependency(DefaultListableBeanFactory.java:1391)
	at org.springframework.beans.factory.support.DefaultListableBeanFactory.resolveDependency(DefaultListableBeanFactory.java:1311)
	at org.springframework.beans.factory.support.ConstructorResolver.resolveAutowiredArgument(ConstructorResolver.java:887)
	at org.springframework.beans.factory.support.ConstructorResolver.createArgumentArray(ConstructorResolver.java:791)
	at org.springframework.beans.factory.support.ConstructorResolver.autowireConstructor(ConstructorResolver.java:229)
	at org.springframework.beans.factory.support.AbstractAutowireCapableBeanFactory.autowireConstructor(AbstractAutowireCapableBeanFactory.java:1372)
	at org.springframework.beans.factory.support.AbstractAutowireCapableBeanFactory.createBeanInstance(AbstractAutowireCapableBeanFactory.java:1222)
	at org.springframework.beans.factory.support.AbstractAutowireCapableBeanFactory.doCreateBean(AbstractAutowireCapableBeanFactory.java:582)
	at org.springframework.beans.factory.support.AbstractAutowireCapableBeanFactory.createBean(AbstractAutowireCapableBeanFactory.java:542)
	at org.springframework.beans.factory.support.AbstractBeanFactory.lambda$doGetBean$0(AbstractBeanFactory.java:335)
	at org.springframework.beans.factory.support.DefaultSingletonBeanRegistry.getSingleton(DefaultSingletonBeanRegistry.java:234)
	at org.springframework.beans.factory.support.AbstractBeanFactory.doGetBean(AbstractBeanFactory.java:333)
	at org.springframework.beans.factory.support.AbstractBeanFactory.getBean(AbstractBeanFactory.java:208)
	at org.springframework.beans.factory.config.DependencyDescriptor.resolveCandidate(DependencyDescriptor.java:276)
	at org.springframework.beans.factory.support.DefaultListableBeanFactory.doResolveDependency(DefaultListableBeanFactory.java:1391)
	at org.springframework.beans.factory.support.DefaultListableBeanFactory.resolveDependency(DefaultListableBeanFactory.java:1311)
	at org.springframework.beans.factory.annotation.AutowiredAnnotationBeanPostProcessor$AutowiredFieldElement.resolveFieldValue(AutowiredAnnotationBeanPostProcessor.java:656)
	at org.springframework.beans.factory.annotation.AutowiredAnnotationBeanPostProcessor$AutowiredFieldElement.inject(AutowiredAnnotationBeanPostProcessor.java:639)
	at org.springframework.beans.factory.annotation.InjectionMetadata.inject(InjectionMetadata.java:119)
	at org.springframework.beans.factory.annotation.AutowiredAnnotationBeanPostProcessor.postProcessProperties(AutowiredAnnotationBeanPostProcessor.java:399)
	at org.springframework.beans.factory.support.AbstractAutowireCapableBeanFactory.populateBean(AbstractAutowireCapableBeanFactory.java:1431)
	at org.springframework.beans.factory.support.AbstractAutowireCapableBeanFactory.doCreateBean(AbstractAutowireCapableBeanFactory.java:619)
	at org.springframework.beans.factory.support.AbstractAutowireCapableBeanFactory.createBean(AbstractAutowireCapableBeanFactory.java:542)
	at org.springframework.beans.factory.support.AbstractBeanFactory.lambda$doGetBean$0(AbstractBeanFactory.java:335)
	at org.springframework.beans.factory.support.DefaultSingletonBeanRegistry.getSingleton(DefaultSingletonBeanRegistry.java:234)
	at org.springframework.beans.factory.support.AbstractBeanFactory.doGetBean(AbstractBeanFactory.java:333)
	at org.springframework.beans.factory.support.AbstractBeanFactory.getBean(AbstractBeanFactory.java:208)
	at org.springframework.beans.factory.support.DefaultListableBeanFactory.preInstantiateSingletons(DefaultListableBeanFactory.java:955)
	at org.springframework.context.support.AbstractApplicationContext.finishBeanFactoryInitialization(AbstractApplicationContext.java:918)
	at org.springframework.context.support.AbstractApplicationContext.refresh(AbstractApplicationContext.java:583)
	at org.springframework.boot.web.servlet.context.ServletWebServerApplicationContext.refresh(ServletWebServerApplicationContext.java:147)
	at org.springframework.boot.SpringApplication.refresh(SpringApplication.java:734)
	at org.springframework.boot.SpringApplication.refreshContext(SpringApplication.java:408)
	at org.springframework.boot.SpringApplication.run(SpringApplication.java:308)
	at org.springframework.boot.SpringApplication.run(SpringApplication.java:1306)
	at org.springframework.boot.SpringApplication.run(SpringApplication.java:1295)
	at org.apache.dolphinscheduler.StandaloneServer.main(StandaloneServer.java:37)
	at org.codehaus.mojo.exec.ExecJavaMojo$1.run(ExecJavaMojo.java:254)
	at java.base/java.lang.Thread.run(Thread.java:829)
Caused by: java.io.FileNotFoundException: HADOOP_HOME and hadoop.home.dir are unset.
	at org.apache.hadoop.util.Shell.checkHadoopHomeInner(Shell.java:467)
	at org.apache.hadoop.util.Shell.checkHadoopHome(Shell.java:438)
	at org.apache.hadoop.util.Shell.<clinit>(Shell.java:515)
	... 105 common frames omitted
[WARN] 2025-10-13 10:07:03.292 +0800 o.a.h.u.NativeCodeLoader:[60] - Unable to load native-hadoop library for your platform... using builtin-java classes where applicable
[ERROR] 2025-10-13 10:07:03.300 +0800 o.a.d.p.s.h.HdfsStorageOperator:[104] - java.io.FileNotFoundException: java.io.FileNotFoundException: HADOOP_HOME and hadoop.home.dir are unset. -see https://wiki.apache.org/hadoop/WindowsProblems
java.lang.RuntimeException: java.io.FileNotFoundException: java.io.FileNotFoundException: HADOOP_HOME and hadoop.home.dir are unset. -see https://wiki.apache.org/hadoop/WindowsProblems
	at org.apache.hadoop.util.Shell.getWinUtilsPath(Shell.java:735)
	at org.apache.hadoop.util.Shell.getSetPermissionCommand(Shell.java:270)
	at org.apache.hadoop.util.Shell.getSetPermissionCommand(Shell.java:286)
	at org.apache.hadoop.fs.RawLocalFileSystem.setPermission(RawLocalFileSystem.java:867)
	at org.apache.hadoop.fs.RawLocalFileSystem.mkOneDirWithMode(RawLocalFileSystem.java:549)
	at org.apache.hadoop.fs.RawLocalFileSystem.mkdirsWithOptionalPermission(RawLocalFileSystem.java:589)
	at org.apache.hadoop.fs.RawLocalFileSystem.mkdirs(RawLocalFileSystem.java:561)
	at org.apache.hadoop.fs.ChecksumFileSystem.mkdirs(ChecksumFileSystem.java:707)
	at org.apache.dolphinscheduler.plugin.storage.hdfs.HdfsStorageOperator.initHdfsPath(HdfsStorageOperator.java:101)
	at org.apache.dolphinscheduler.plugin.storage.hdfs.HdfsStorageOperator.<init>(HdfsStorageOperator.java:90)
	at org.apache.dolphinscheduler.plugin.storage.hdfs.LocalStorageOperator.<init>(LocalStorageOperator.java:30)
	at org.apache.dolphinscheduler.plugin.storage.hdfs.LocalStorageOperatorFactory.createStorageOperate(LocalStorageOperatorFactory.java:35)
	at org.apache.dolphinscheduler.plugin.storage.api.StorageConfiguration.lambda$storageOperate$0(StorageConfiguration.java:43)
	at java.base/java.util.Optional.map(Optional.java:265)
	at org.apache.dolphinscheduler.plugin.storage.api.StorageConfiguration.storageOperate(StorageConfiguration.java:38)
	at org.apache.dolphinscheduler.plugin.storage.api.StorageConfiguration$$EnhancerBySpringCGLIB$$1efdd01.CGLIB$storageOperate$0(<generated>)
	at org.apache.dolphinscheduler.plugin.storage.api.StorageConfiguration$$EnhancerBySpringCGLIB$$1efdd01$$FastClassBySpringCGLIB$$5594751c.invoke(<generated>)
	at org.springframework.cglib.proxy.MethodProxy.invokeSuper(MethodProxy.java:244)
	at org.springframework.context.annotation.ConfigurationClassEnhancer$BeanMethodInterceptor.intercept(ConfigurationClassEnhancer.java:331)
	at org.apache.dolphinscheduler.plugin.storage.api.StorageConfiguration$$EnhancerBySpringCGLIB$$1efdd01.storageOperate(<generated>)
	at java.base/jdk.internal.reflect.NativeMethodAccessorImpl.invoke0(Native Method)
	at java.base/jdk.internal.reflect.NativeMethodAccessorImpl.invoke(NativeMethodAccessorImpl.java:62)
	at java.base/jdk.internal.reflect.DelegatingMethodAccessorImpl.invoke(DelegatingMethodAccessorImpl.java:43)
	at java.base/java.lang.reflect.Method.invoke(Method.java:566)
	at org.springframework.beans.factory.support.SimpleInstantiationStrategy.instantiate(SimpleInstantiationStrategy.java:154)
	at org.springframework.beans.factory.support.ConstructorResolver.instantiate(ConstructorResolver.java:653)
	at org.springframework.beans.factory.support.ConstructorResolver.instantiateUsingFactoryMethod(ConstructorResolver.java:486)
	at org.springframework.beans.factory.support.AbstractAutowireCapableBeanFactory.instantiateUsingFactoryMethod(AbstractAutowireCapableBeanFactory.java:1352)
	at org.springframework.beans.factory.support.AbstractAutowireCapableBeanFactory.createBeanInstance(AbstractAutowireCapableBeanFactory.java:1195)
	at org.springframework.beans.factory.support.AbstractAutowireCapableBeanFactory.doCreateBean(AbstractAutowireCapableBeanFactory.java:582)
	at org.springframework.beans.factory.support.AbstractAutowireCapableBeanFactory.createBean(AbstractAutowireCapableBeanFactory.java:542)
	at org.springframework.beans.factory.support.AbstractBeanFactory.lambda$doGetBean$0(AbstractBeanFactory.java:335)
	at org.springframework.beans.factory.support.DefaultSingletonBeanRegistry.getSingleton(DefaultSingletonBeanRegistry.java:234)
	at org.springframework.beans.factory.support.AbstractBeanFactory.doGetBean(AbstractBeanFactory.java:333)
	at org.springframework.beans.factory.support.AbstractBeanFactory.getBean(AbstractBeanFactory.java:208)
	at org.springframework.beans.factory.config.DependencyDescriptor.resolveCandidate(DependencyDescriptor.java:276)
	at org.springframework.beans.factory.support.DefaultListableBeanFactory.doResolveDependency(DefaultListableBeanFactory.java:1391)
	at org.springframework.beans.factory.support.DefaultListableBeanFactory.resolveDependency(DefaultListableBeanFactory.java:1311)
	at org.springframework.beans.factory.support.ConstructorResolver.resolveAutowiredArgument(ConstructorResolver.java:887)
	at org.springframework.beans.factory.support.ConstructorResolver.createArgumentArray(ConstructorResolver.java:791)
	at org.springframework.beans.factory.support.ConstructorResolver.autowireConstructor(ConstructorResolver.java:229)
	at org.springframework.beans.factory.support.AbstractAutowireCapableBeanFactory.autowireConstructor(AbstractAutowireCapableBeanFactory.java:1372)
	at org.springframework.beans.factory.support.AbstractAutowireCapableBeanFactory.createBeanInstance(AbstractAutowireCapableBeanFactory.java:1222)
	at org.springframework.beans.factory.support.AbstractAutowireCapableBeanFactory.doCreateBean(AbstractAutowireCapableBeanFactory.java:582)
	at org.springframework.beans.factory.support.AbstractAutowireCapableBeanFactory.createBean(AbstractAutowireCapableBeanFactory.java:542)
	at org.springframework.beans.factory.support.AbstractBeanFactory.lambda$doGetBean$0(AbstractBeanFactory.java:335)
	at org.springframework.beans.factory.support.DefaultSingletonBeanRegistry.getSingleton(DefaultSingletonBeanRegistry.java:234)
	at org.springframework.beans.factory.support.AbstractBeanFactory.doGetBean(AbstractBeanFactory.java:333)
	at org.springframework.beans.factory.support.AbstractBeanFactory.getBean(AbstractBeanFactory.java:208)
	at org.springframework.beans.factory.config.DependencyDescriptor.resolveCandidate(DependencyDescriptor.java:276)
	at org.springframework.beans.factory.support.DefaultListableBeanFactory.doResolveDependency(DefaultListableBeanFactory.java:1391)
	at org.springframework.beans.factory.support.DefaultListableBeanFactory.resolveDependency(DefaultListableBeanFactory.java:1311)
	at org.springframework.beans.factory.support.ConstructorResolver.resolveAutowiredArgument(ConstructorResolver.java:887)
	at org.springframework.beans.factory.support.ConstructorResolver.createArgumentArray(ConstructorResolver.java:791)
	at org.springframework.beans.factory.support.ConstructorResolver.autowireConstructor(ConstructorResolver.java:229)
	at org.springframework.beans.factory.support.AbstractAutowireCapableBeanFactory.autowireConstructor(AbstractAutowireCapableBeanFactory.java:1372)
	at org.springframework.beans.factory.support.AbstractAutowireCapableBeanFactory.createBeanInstance(AbstractAutowireCapableBeanFactory.java:1222)
	at org.springframework.beans.factory.support.AbstractAutowireCapableBeanFactory.doCreateBean(AbstractAutowireCapableBeanFactory.java:582)
	at org.springframework.beans.factory.support.AbstractAutowireCapableBeanFactory.createBean(AbstractAutowireCapableBeanFactory.java:542)
	at org.springframework.beans.factory.support.AbstractBeanFactory.lambda$doGetBean$0(AbstractBeanFactory.java:335)
	at org.springframework.beans.factory.support.DefaultSingletonBeanRegistry.getSingleton(DefaultSingletonBeanRegistry.java:234)
	at org.springframework.beans.factory.support.AbstractBeanFactory.doGetBean(AbstractBeanFactory.java:333)
	at org.springframework.beans.factory.support.AbstractBeanFactory.getBean(AbstractBeanFactory.java:208)
	at org.springframework.beans.factory.config.DependencyDescriptor.resolveCandidate(DependencyDescriptor.java:276)
	at org.springframework.beans.factory.support.DefaultListableBeanFactory.doResolveDependency(DefaultListableBeanFactory.java:1391)
	at org.springframework.beans.factory.support.DefaultListableBeanFactory.resolveDependency(DefaultListableBeanFactory.java:1311)
	at org.springframework.beans.factory.support.ConstructorResolver.resolveAutowiredArgument(ConstructorResolver.java:887)
	at org.springframework.beans.factory.support.ConstructorResolver.createArgumentArray(ConstructorResolver.java:791)
	at org.springframework.beans.factory.support.ConstructorResolver.autowireConstructor(ConstructorResolver.java:229)
	at org.springframework.beans.factory.support.AbstractAutowireCapableBeanFactory.autowireConstructor(AbstractAutowireCapableBeanFactory.java:1372)
	at org.springframework.beans.factory.support.AbstractAutowireCapableBeanFactory.createBeanInstance(AbstractAutowireCapableBeanFactory.java:1222)
	at org.springframework.beans.factory.support.AbstractAutowireCapableBeanFactory.doCreateBean(AbstractAutowireCapableBeanFactory.java:582)
	at org.springframework.beans.factory.support.AbstractAutowireCapableBeanFactory.createBean(AbstractAutowireCapableBeanFactory.java:542)
	at org.springframework.beans.factory.support.AbstractBeanFactory.lambda$doGetBean$0(AbstractBeanFactory.java:335)
	at org.springframework.beans.factory.support.DefaultSingletonBeanRegistry.getSingleton(DefaultSingletonBeanRegistry.java:234)
	at org.springframework.beans.factory.support.AbstractBeanFactory.doGetBean(AbstractBeanFactory.java:333)
	at org.springframework.beans.factory.support.AbstractBeanFactory.getBean(AbstractBeanFactory.java:208)
	at org.springframework.beans.factory.config.DependencyDescriptor.resolveCandidate(DependencyDescriptor.java:276)
	at org.springframework.beans.factory.support.DefaultListableBeanFactory.doResolveDependency(DefaultListableBeanFactory.java:1391)
	at org.springframework.beans.factory.support.DefaultListableBeanFactory.resolveDependency(DefaultListableBeanFactory.java:1311)
	at org.springframework.beans.factory.annotation.AutowiredAnnotationBeanPostProcessor$AutowiredFieldElement.resolveFieldValue(AutowiredAnnotationBeanPostProcessor.java:656)
	at org.springframework.beans.factory.annotation.AutowiredAnnotationBeanPostProcessor$AutowiredFieldElement.inject(AutowiredAnnotationBeanPostProcessor.java:639)
	at org.springframework.beans.factory.annotation.InjectionMetadata.inject(InjectionMetadata.java:119)
	at org.springframework.beans.factory.annotation.AutowiredAnnotationBeanPostProcessor.postProcessProperties(AutowiredAnnotationBeanPostProcessor.java:399)
	at org.springframework.beans.factory.support.AbstractAutowireCapableBeanFactory.populateBean(AbstractAutowireCapableBeanFactory.java:1431)
	at org.springframework.beans.factory.support.AbstractAutowireCapableBeanFactory.doCreateBean(AbstractAutowireCapableBeanFactory.java:619)
	at org.springframework.beans.factory.support.AbstractAutowireCapableBeanFactory.createBean(AbstractAutowireCapableBeanFactory.java:542)
	at org.springframework.beans.factory.support.AbstractBeanFactory.lambda$doGetBean$0(AbstractBeanFactory.java:335)
	at org.springframework.beans.factory.support.DefaultSingletonBeanRegistry.getSingleton(DefaultSingletonBeanRegistry.java:234)
	at org.springframework.beans.factory.support.AbstractBeanFactory.doGetBean(AbstractBeanFactory.java:333)
	at org.springframework.beans.factory.support.AbstractBeanFactory.getBean(AbstractBeanFactory.java:208)
	at org.springframework.beans.factory.support.DefaultListableBeanFactory.preInstantiateSingletons(DefaultListableBeanFactory.java:955)
	at org.springframework.context.support.AbstractApplicationContext.finishBeanFactoryInitialization(AbstractApplicationContext.java:918)
	at org.springframework.context.support.AbstractApplicationContext.refresh(AbstractApplicationContext.java:583)
	at org.springframework.boot.web.servlet.context.ServletWebServerApplicationContext.refresh(ServletWebServerApplicationContext.java:147)
	at org.springframework.boot.SpringApplication.refresh(SpringApplication.java:734)
	at org.springframework.boot.SpringApplication.refreshContext(SpringApplication.java:408)
	at org.springframework.boot.SpringApplication.run(SpringApplication.java:308)
	at org.springframework.boot.SpringApplication.run(SpringApplication.java:1306)
	at org.springframework.boot.SpringApplication.run(SpringApplication.java:1295)
	at org.apache.dolphinscheduler.StandaloneServer.main(StandaloneServer.java:37)
	at org.codehaus.mojo.exec.ExecJavaMojo$1.run(ExecJavaMojo.java:254)
	at java.base/java.lang.Thread.run(Thread.java:829)
Caused by: java.io.FileNotFoundException: java.io.FileNotFoundException: HADOOP_HOME and hadoop.home.dir are unset. -see https://wiki.apache.org/hadoop/WindowsProblems
	at org.apache.hadoop.util.Shell.fileNotFoundException(Shell.java:547)
	at org.apache.hadoop.util.Shell.getHadoopHomeDir(Shell.java:568)
	at org.apache.hadoop.util.Shell.getQualifiedBin(Shell.java:591)
	at org.apache.hadoop.util.Shell.<clinit>(Shell.java:688)
	at org.apache.hadoop.util.StringUtils.<clinit>(StringUtils.java:78)
	at org.apache.hadoop.fs.FileSystem$Cache$Key.<init>(FileSystem.java:3559)
	at org.apache.hadoop.fs.FileSystem$Cache$Key.<init>(FileSystem.java:3554)
	at org.apache.hadoop.fs.FileSystem$Cache.get(FileSystem.java:3391)
	at org.apache.hadoop.fs.FileSystem.get(FileSystem.java:485)
	at org.apache.hadoop.fs.FileSystem.get(FileSystem.java:233)
	at org.apache.dolphinscheduler.plugin.storage.hdfs.HdfsStorageOperator.lambda$init$1(HdfsStorageOperator.java:141)
	at java.base/java.security.AccessController.doPrivileged(Native Method)
	at java.base/javax.security.auth.Subject.doAs(Subject.java:423)
	at org.apache.hadoop.security.UserGroupInformation.doAs(UserGroupInformation.java:1762)
	at org.apache.dolphinscheduler.plugin.storage.hdfs.HdfsStorageOperator.init(HdfsStorageOperator.java:140)
	at org.apache.dolphinscheduler.plugin.storage.hdfs.HdfsStorageOperator.<init>(HdfsStorageOperator.java:89)
	... 93 common frames omitted
Caused by: java.io.FileNotFoundException: HADOOP_HOME and hadoop.home.dir are unset.
	at org.apache.hadoop.util.Shell.checkHadoopHomeInner(Shell.java:467)
	at org.apache.hadoop.util.Shell.checkHadoopHome(Shell.java:438)
	at org.apache.hadoop.util.Shell.<clinit>(Shell.java:515)
	... 105 common frames omitted
[INFO] 2025-10-13 10:07:03.868 +0800 c.a.c.i.j.JacksonVersion:[222] - Package versions: jackson-core=2.13.4, jackson-databind=2.13.4, jackson-dataformat-xml=2.13.3, jackson-datatype-jsr310=2.13.3, azure-core=1.36.0, Troubleshooting version conflicts: https://aka.ms/azsdk/java/dependency/troubleshoot
[WARN] 2025-10-13 10:07:03.960 +0800 o.a.d.s.m.c.IdSlotBasedCommandFetcher:[57] - Slot is validated, current master slots: 0, the current slot index is 0
[WARN] 2025-10-13 10:07:04.961 +0800 o.a.d.s.m.c.IdSlotBasedCommandFetcher:[57] - Slot is validated, current master slots: 0, the current slot index is 0
[WARN] 2025-10-13 10:07:05.961 +0800 o.a.d.s.m.c.IdSlotBasedCommandFetcher:[57] - Slot is validated, current master slots: 0, the current slot index is 0
[INFO] 2025-10-13 10:07:06.734 +0800 o.a.d.s.m.r.t.TaskGroupCoordinator:[187] - Success amend TaskGroupQueue status cost: 0/ms
[INFO] 2025-10-13 10:07:06.734 +0800 o.a.d.s.m.r.t.TaskGroupCoordinator:[241] - Success deal with force start TaskGroupQueue cost: 0/ms
[INFO] 2025-10-13 10:07:06.735 +0800 o.a.d.s.m.r.t.TaskGroupCoordinator:[129] - TaskGroupCoordinator round time cost: 2/ms
[WARN] 2025-10-13 10:07:06.962 +0800 o.a.d.s.m.c.IdSlotBasedCommandFetcher:[57] - Slot is validated, current master slots: 0, the current slot index is 0
[INFO] 2025-10-13 10:07:07.233 +0800 o.a.d.s.m.r.MasterSlotManager:[95] - Update master nodes, total master size: 1, current slot: 0
[INFO] 2025-10-13 10:07:07.439 +0800 o.a.d.a.p.PythonGateway:[710] - PythonGatewayService started on: /0.0.0.0
[INFO] 2025-10-13 10:07:07.447 +0800 p.GatewayServer:[573] - Gateway Server Started
[INFO] 2025-10-13 10:07:07.546 +0800 o.a.d.a.AlertServer:[59] - AlertServer is staring ...
[INFO] 2025-10-13 10:07:07.546 +0800 o.a.d.a.s.AlertBootstrapService:[70] - AlertBootstrapService starting...
[INFO] 2025-10-13 10:07:07.546 +0800 o.a.d.a.p.AlertPluginManager:[52] - AlertPluginManager start ...
[INFO] 2025-10-13 10:07:07.572 +0800 o.a.d.a.p.AlertPluginManager:[80] - Registering alert plugin: Prometheus AlertManager - PrometheusAlertChannelFactory
[INFO] 2025-10-13 10:07:07.573 +0800 o.a.d.a.p.AlertPluginManager:[84] - Registered alert plugin: Prometheus AlertManager - PrometheusAlertChannelFactory
[INFO] 2025-10-13 10:07:07.598 +0800 o.a.d.a.p.AlertPluginManager:[80] - Registering alert plugin: Script - ScriptAlertChannelFactory
[INFO] 2025-10-13 10:07:07.599 +0800 o.a.d.a.p.AlertPluginManager:[84] - Registered alert plugin: Script - ScriptAlertChannelFactory
[INFO] 2025-10-13 10:07:07.606 +0800 o.a.d.a.p.AlertPluginManager:[80] - Registering alert plugin: Telegram - TelegramAlertChannelFactory
[INFO] 2025-10-13 10:07:07.607 +0800 o.a.d.a.p.AlertPluginManager:[84] - Registered alert plugin: Telegram - TelegramAlertChannelFactory
[INFO] 2025-10-13 10:07:07.614 +0800 o.a.d.a.p.AlertPluginManager:[80] - Registering alert plugin: WeChat - WeChatAlertChannelFactory
[INFO] 2025-10-13 10:07:07.616 +0800 o.a.d.a.p.AlertPluginManager:[84] - Registered alert plugin: WeChat - WeChatAlertChannelFactory
[INFO] 2025-10-13 10:07:07.621 +0800 o.a.d.a.p.AlertPluginManager:[80] - Registering alert plugin: Email - EmailAlertChannelFactory
[INFO] 2025-10-13 10:07:07.622 +0800 o.a.d.a.p.AlertPluginManager:[84] - Registered alert plugin: Email - EmailAlertChannelFactory
[INFO] 2025-10-13 10:07:07.628 +0800 o.a.d.a.p.AlertPluginManager:[80] - Registering alert plugin: Slack - SlackAlertChannelFactory
[INFO] 2025-10-13 10:07:07.629 +0800 o.a.d.a.p.AlertPluginManager:[84] - Registered alert plugin: Slack - SlackAlertChannelFactory
[INFO] 2025-10-13 10:07:07.632 +0800 o.a.d.a.p.AlertPluginManager:[80] - Registering alert plugin: AliyunVoice - VoiceAlertChannelFactory
[INFO] 2025-10-13 10:07:07.633 +0800 o.a.d.a.p.AlertPluginManager:[84] - Registered alert plugin: AliyunVoice - VoiceAlertChannelFactory
[INFO] 2025-10-13 10:07:07.635 +0800 o.a.d.a.p.AlertPluginManager:[80] - Registering alert plugin: Feishu - FeiShuAlertChannelFactory
[INFO] 2025-10-13 10:07:07.636 +0800 o.a.d.a.p.AlertPluginManager:[84] - Registered alert plugin: Feishu - FeiShuAlertChannelFactory
[INFO] 2025-10-13 10:07:07.637 +0800 o.a.d.a.p.AlertPluginManager:[80] - Registering alert plugin: Http - HttpAlertChannelFactory
[INFO] 2025-10-13 10:07:07.639 +0800 o.a.d.a.p.AlertPluginManager:[84] - Registered alert plugin: Http - HttpAlertChannelFactory
[INFO] 2025-10-13 10:07:07.640 +0800 o.a.d.a.p.AlertPluginManager:[80] - Registering alert plugin: DingTalk - DingTalkAlertChannelFactory
[INFO] 2025-10-13 10:07:07.641 +0800 o.a.d.a.p.AlertPluginManager:[84] - Registered alert plugin: DingTalk - DingTalkAlertChannelFactory
[INFO] 2025-10-13 10:07:07.644 +0800 o.a.d.a.p.AlertPluginManager:[80] - Registering alert plugin: WebexTeams - WebexTeamsAlertChannelFactory
[INFO] 2025-10-13 10:07:07.644 +0800 o.a.d.a.p.AlertPluginManager:[84] - Registered alert plugin: WebexTeams - WebexTeamsAlertChannelFactory
[INFO] 2025-10-13 10:07:07.647 +0800 o.a.d.a.p.AlertPluginManager:[80] - Registering alert plugin: PagerDuty - PagerDutyAlertChannelFactory
[INFO] 2025-10-13 10:07:07.648 +0800 o.a.d.a.p.AlertPluginManager:[84] - Registered alert plugin: PagerDuty - PagerDutyAlertChannelFactory
[INFO] 2025-10-13 10:07:07.649 +0800 o.a.d.a.p.AlertPluginManager:[55] - AlertPluginManager started ...
[INFO] 2025-10-13 10:07:07.651 +0800 o.a.d.e.b.s.NettyRemotingServer:[118] - AlertRpcServer bind success at port: 50052
[INFO] 2025-10-13 10:07:07.651 +0800 o.a.d.a.r.AlertRegistryClient:[49] - AlertRegistryClient starting...
[INFO] 2025-10-13 10:07:07.652 +0800 o.a.d.c.m.BaseHeartBeatTask:[48] - Starting AlertHeartbeatTask...
[INFO] 2025-10-13 10:07:07.652 +0800 o.a.d.c.m.BaseHeartBeatTask:[50] - Started AlertHeartbeatTask, heartBeatInterval: 60000...
[INFO] 2025-10-13 10:07:07.653 +0800 o.a.d.a.r.AlertRegistryClient:[53] - AlertRegistryClient started...
[INFO] 2025-10-13 10:07:07.654 +0800 o.a.d.a.s.AbstractEventFetcher:[58] - AlertEventFetcher starting...
[INFO] 2025-10-13 10:07:07.654 +0800 o.a.d.a.s.AbstractEventFetcher:[60] - AlertEventFetcher started...
[INFO] 2025-10-13 10:07:07.654 +0800 o.a.d.a.s.AbstractEventFetcher:[58] - AlertEventFetcher starting...
[INFO] 2025-10-13 10:07:07.654 +0800 o.a.d.a.s.AbstractEventFetcher:[60] - AlertEventFetcher started...
[INFO] 2025-10-13 10:07:07.655 +0800 o.a.d.a.s.AbstractEventLoop:[57] - org.apache.dolphinscheduler.alert.service.ListenerEventLoop starting...
[INFO] 2025-10-13 10:07:07.655 +0800 o.a.d.a.s.AbstractEventLoop:[59] - org.apache.dolphinscheduler.alert.service.ListenerEventLoop started...
[INFO] 2025-10-13 10:07:07.655 +0800 o.a.d.a.s.AbstractEventLoop:[57] - org.apache.dolphinscheduler.alert.service.AlertEventLoop starting...
[INFO] 2025-10-13 10:07:07.655 +0800 o.a.d.a.s.AbstractEventLoop:[59] - org.apache.dolphinscheduler.alert.service.AlertEventLoop started...
[INFO] 2025-10-13 10:07:07.655 +0800 o.a.d.a.s.AlertBootstrapService:[81] - AlertBootstrapService started...
[INFO] 2025-10-13 10:07:07.655 +0800 o.a.d.a.AlertServer:[61] - AlertServer is started ...
[INFO] 2025-10-13 10:07:07.969 +0800 o.a.d.s.m.c.IdSlotBasedCommandFetcher:[67] - Fetch commands: 0 success, cost: 7ms, totalSlot: 1, currentSlotIndex: 0
[INFO] 2025-10-13 10:07:08.977 +0800 o.a.d.s.m.c.IdSlotBasedCommandFetcher:[67] - Fetch commands: 0 success, cost: 8ms, totalSlot: 1, currentSlotIndex: 0
[INFO] 2025-10-13 10:07:09.983 +0800 o.a.d.s.m.c.IdSlotBasedCommandFetcher:[67] - Fetch commands: 0 success, cost: 5ms, totalSlot: 1, currentSlotIndex: 0
[INFO] 2025-10-13 10:07:10.660 +0800 o.a.d.m.m.BaseServerLoadProtection:[43] - OverLoad: the system cpu usage: 0.9252042430619263 is over then the maxSystemCpuUsagePercentageThresholds 0.9
[INFO] 2025-10-13 10:07:10.993 +0800 o.a.d.m.m.BaseServerLoadProtection:[43] - OverLoad: the system cpu usage: 0.9252042430619263 is over then the maxSystemCpuUsagePercentageThresholds 0.9
[WARN] 2025-10-13 10:07:10.993 +0800 o.a.d.s.m.r.MasterSchedulerBootstrap:[120] - The current server is overload, cannot consumes commands.
[INFO] 2025-10-13 10:07:11.105 +0800 o.a.d.m.m.BaseServerLoadProtection:[43] - OverLoad: the system cpu usage: 0.9252042430619263 is over then the maxSystemCpuUsagePercentageThresholds 0.9
[INFO] 2025-10-13 10:07:11.501 +0800 o.s.l.c.s.AbstractContextSource:[425] - Property 'userDn' not set - anonymous context will be used for read-write operations
[INFO] 2025-10-13 10:07:11.667 +0800 o.a.d.m.m.BaseServerLoadProtection:[43] - OverLoad: the system cpu usage: 0.9252042430619263 is over then the maxSystemCpuUsagePercentageThresholds 0.9
[INFO] 2025-10-13 10:07:11.745 +0800 o.a.d.s.m.r.t.TaskGroupCoordinator:[187] - Success amend TaskGroupQueue status cost: 1/ms
[INFO] 2025-10-13 10:07:11.747 +0800 o.a.d.s.m.r.t.TaskGroupCoordinator:[241] - Success deal with force start TaskGroupQueue cost: 0/ms
[INFO] 2025-10-13 10:07:11.747 +0800 o.a.d.s.m.r.t.TaskGroupCoordinator:[129] - TaskGroupCoordinator round time cost: 4/ms
[INFO] 2025-10-13 10:07:11.995 +0800 o.a.d.s.m.c.IdSlotBasedCommandFetcher:[67] - Fetch commands: 0 success, cost: 1ms, totalSlot: 1, currentSlotIndex: 0
[INFO] 2025-10-13 10:07:12.733 +0800 o.s.b.a.e.w.EndpointLinksResolver:[58] - Exposing 3 endpoint(s) beneath base path '/actuator'
[INFO] 2025-10-13 10:07:12.835 +0800 o.e.j.s.h.C.application:[2368] - Initializing Spring DispatcherServlet 'dispatcherServlet'
[INFO] 2025-10-13 10:07:12.835 +0800 o.s.w.s.DispatcherServlet:[525] - Initializing Servlet 'dispatcherServlet'
[INFO] 2025-10-13 10:07:12.838 +0800 o.s.w.s.DispatcherServlet:[547] - Completed initialization in 3 ms
[INFO] 2025-10-13 10:07:12.861 +0800 o.e.j.s.AbstractConnector:[333] - Started ServerConnector@77813cf9{HTTP/1.1, (http/1.1)}{0.0.0.0:12345}
[INFO] 2025-10-13 10:07:12.861 +0800 o.s.b.w.e.j.JettyWebServer:[172] - Jetty started on port(s) 12345 (http/1.1) with context path '/dolphinscheduler'
[INFO] 2025-10-13 10:07:12.995 +0800 o.a.d.s.m.c.IdSlotBasedCommandFetcher:[67] - Fetch commands: 0 success, cost: 0ms, totalSlot: 1, currentSlotIndex: 0
[INFO] 2025-10-13 10:07:13.616 +0800 o.a.d.StandaloneServer:[61] - Started StandaloneServer in 30.875 seconds (JVM running for 37.596)
[INFO] 2025-10-13 10:07:13.619 +0800 o.a.d.a.ApiApplicationServer:[70] - Received spring application context ready event will load taskPlugin and write to DB
[WARN] 2025-10-13 10:07:13.620 +0800 o.a.d.p.t.a.TaskPluginManager:[52] - The task plugin has already been loaded
[INFO] 2025-10-13 10:07:13.620 +0800 o.a.d.p.d.a.p.DataSourceProcessorProvider:[41] - Initialize DataSourceProcessorProvider
[INFO] 2025-10-13 10:07:13.998 +0800 o.a.d.s.m.c.IdSlotBasedCommandFetcher:[67] - Fetch commands: 0 success, cost: 1ms, totalSlot: 1, currentSlotIndex: 0
[INFO] 2025-10-13 10:07:15.105 +0800 o.a.d.s.m.c.IdSlotBasedCommandFetcher:[67] - Fetch commands: 0 success, cost: 1ms, totalSlot: 1, currentSlotIndex: 0
[INFO] 2025-10-13 10:07:16.249 +0800 o.a.d.s.m.c.IdSlotBasedCommandFetcher:[67] - Fetch commands: 0 success, cost: 0ms, totalSlot: 1, currentSlotIndex: 0
[INFO] 2025-10-13 10:07:16.757 +0800 o.a.d.s.m.r.t.TaskGroupCoordinator:[187] - Success amend TaskGroupQueue status cost: 0/ms
[INFO] 2025-10-13 10:07:16.758 +0800 o.a.d.s.m.r.t.TaskGroupCoordinator:[241] - Success deal with force start TaskGroupQueue cost: 0/ms
[INFO] 2025-10-13 10:07:16.758 +0800 o.a.d.s.m.r.t.TaskGroupCoordinator:[129] - TaskGroupCoordinator round time cost: 2/ms
[INFO] 2025-10-13 10:07:17.251 +0800 o.a.d.s.m.c.IdSlotBasedCommandFetcher:[67] - Fetch commands: 0 success, cost: 0ms, totalSlot: 1, currentSlotIndex: 0
[INFO] 2025-10-13 10:07:17.665 +0800 o.a.d.r.a.h.AbstractServerStatusChangeListener:[27] - The status change from STAND_BY to ACTIVE.
[INFO] 2025-10-13 10:07:17.665 +0800 o.a.d.r.a.h.DefaultServerStatusChangeListener:[27] - The status is active now.
[INFO] 2025-10-13 10:07:18.253 +0800 o.a.d.s.m.c.IdSlotBasedCommandFetcher:[67] - Fetch commands: 0 success, cost: 0ms, totalSlot: 1, currentSlotIndex: 0
[INFO] 2025-10-13 10:07:19.255 +0800 o.a.d.s.m.c.IdSlotBasedCommandFetcher:[67] - Fetch commands: 0 success, cost: 1ms, totalSlot: 1, currentSlotIndex: 0
[INFO] 2025-10-13 10:07:20.256 +0800 o.a.d.s.m.c.IdSlotBasedCommandFetcher:[67] - Fetch commands: 0 success, cost: 1ms, totalSlot: 1, currentSlotIndex: 0
[INFO] 2025-10-13 10:07:21.257 +0800 o.a.d.s.m.c.IdSlotBasedCommandFetcher:[67] - Fetch commands: 0 success, cost: 0ms, totalSlot: 1, currentSlotIndex: 0
[INFO] 2025-10-13 10:07:21.765 +0800 o.a.d.s.m.r.t.TaskGroupCoordinator:[187] - Success amend TaskGroupQueue status cost: 0/ms
[INFO] 2025-10-13 10:07:21.765 +0800 o.a.d.s.m.r.t.TaskGroupCoordinator:[241] - Success deal with force start TaskGroupQueue cost: 0/ms
[INFO] 2025-10-13 10:07:21.765 +0800 o.a.d.s.m.r.t.TaskGroupCoordinator:[129] - TaskGroupCoordinator round time cost: 1/ms
[INFO] 2025-10-13 10:07:22.259 +0800 o.a.d.s.m.c.IdSlotBasedCommandFetcher:[67] - Fetch commands: 0 success, cost: 1ms, totalSlot: 1, currentSlotIndex: 0
[INFO] 2025-10-13 10:07:23.261 +0800 o.a.d.s.m.c.IdSlotBasedCommandFetcher:[67] - Fetch commands: 0 success, cost: 1ms, totalSlot: 1, currentSlotIndex: 0
[INFO] 2025-10-13 10:07:24.262 +0800 o.a.d.s.m.c.IdSlotBasedCommandFetcher:[67] - Fetch commands: 0 success, cost: 1ms, totalSlot: 1, currentSlotIndex: 0
[INFO] 2025-10-13 10:07:25.263 +0800 o.a.d.s.m.c.IdSlotBasedCommandFetcher:[67] - Fetch commands: 0 success, cost: 0ms, totalSlot: 1, currentSlotIndex: 0
[INFO] 2025-10-13 10:07:26.264 +0800 o.a.d.s.m.c.IdSlotBasedCommandFetcher:[67] - Fetch commands: 0 success, cost: 0ms, totalSlot: 1, currentSlotIndex: 0
[INFO] 2025-10-13 10:07:26.775 +0800 o.a.d.s.m.r.t.TaskGroupCoordinator:[187] - Success amend TaskGroupQueue status cost: 1/ms
[INFO] 2025-10-13 10:07:26.776 +0800 o.a.d.s.m.r.t.TaskGroupCoordinator:[241] - Success deal with force start TaskGroupQueue cost: 0/ms
[INFO] 2025-10-13 10:07:26.776 +0800 o.a.d.s.m.r.t.TaskGroupCoordinator:[129] - TaskGroupCoordinator round time cost: 4/ms
[INFO] 2025-10-13 10:07:27.266 +0800 o.a.d.s.m.c.IdSlotBasedCommandFetcher:[67] - Fetch commands: 0 success, cost: 0ms, totalSlot: 1, currentSlotIndex: 0
[INFO] 2025-10-13 10:07:28.267 +0800 o.a.d.s.m.c.IdSlotBasedCommandFetcher:[67] - Fetch commands: 0 success, cost: 0ms, totalSlot: 1, currentSlotIndex: 0
[INFO] 2025-10-13 10:07:29.417 +0800 o.a.d.s.m.c.IdSlotBasedCommandFetcher:[67] - Fetch commands: 0 success, cost: 1ms, totalSlot: 1, currentSlotIndex: 0
[INFO] 2025-10-13 10:07:30.497 +0800 o.a.d.s.m.c.IdSlotBasedCommandFetcher:[67] - Fetch commands: 0 success, cost: 8ms, totalSlot: 1, currentSlotIndex: 0
[INFO] 2025-10-13 10:07:31.583 +0800 o.a.d.s.m.c.IdSlotBasedCommandFetcher:[67] - Fetch commands: 0 success, cost: 0ms, totalSlot: 1, currentSlotIndex: 0
[INFO] 2025-10-13 10:07:31.788 +0800 o.a.d.s.m.r.t.TaskGroupCoordinator:[187] - Success amend TaskGroupQueue status cost: 0/ms
[INFO] 2025-10-13 10:07:31.789 +0800 o.a.d.s.m.r.t.TaskGroupCoordinator:[241] - Success deal with force start TaskGroupQueue cost: 0/ms
[INFO] 2025-10-13 10:07:31.789 +0800 o.a.d.s.m.r.t.TaskGroupCoordinator:[129] - TaskGroupCoordinator round time cost: 2/ms
[INFO] 2025-10-13 10:07:32.672 +0800 o.a.d.s.m.c.IdSlotBasedCommandFetcher:[67] - Fetch commands: 0 success, cost: 1ms, totalSlot: 1, currentSlotIndex: 0
[INFO] 2025-10-13 10:07:33.784 +0800 o.a.d.s.m.c.IdSlotBasedCommandFetcher:[67] - Fetch commands: 0 success, cost: 0ms, totalSlot: 1, currentSlotIndex: 0
[INFO] 2025-10-13 10:07:34.856 +0800 o.a.d.s.m.c.IdSlotBasedCommandFetcher:[67] - Fetch commands: 0 success, cost: 0ms, totalSlot: 1, currentSlotIndex: 0
[INFO] 2025-10-13 10:07:36.031 +0800 o.a.d.s.m.c.IdSlotBasedCommandFetcher:[67] - Fetch commands: 0 success, cost: 1ms, totalSlot: 1, currentSlotIndex: 0
[INFO] 2025-10-13 10:07:36.810 +0800 o.a.d.s.m.r.t.TaskGroupCoordinator:[187] - Success amend TaskGroupQueue status cost: 0/ms
[INFO] 2025-10-13 10:07:36.810 +0800 o.a.d.s.m.r.t.TaskGroupCoordinator:[241] - Success deal with force start TaskGroupQueue cost: 0/ms
[INFO] 2025-10-13 10:07:36.810 +0800 o.a.d.s.m.r.t.TaskGroupCoordinator:[129] - TaskGroupCoordinator round time cost: 1/ms
[INFO] 2025-10-13 10:07:37.032 +0800 o.a.d.s.m.c.IdSlotBasedCommandFetcher:[67] - Fetch commands: 0 success, cost: 0ms, totalSlot: 1, currentSlotIndex: 0
[INFO] 2025-10-13 10:07:38.032 +0800 o.a.d.s.m.c.IdSlotBasedCommandFetcher:[67] - Fetch commands: 0 success, cost: 0ms, totalSlot: 1, currentSlotIndex: 0
[INFO] 2025-10-13 10:07:39.032 +0800 o.a.d.s.m.c.IdSlotBasedCommandFetcher:[67] - Fetch commands: 0 success, cost: 0ms, totalSlot: 1, currentSlotIndex: 0
[INFO] 2025-10-13 10:07:40.033 +0800 o.a.d.s.m.c.IdSlotBasedCommandFetcher:[67] - Fetch commands: 0 success, cost: 0ms, totalSlot: 1, currentSlotIndex: 0
[INFO] 2025-10-13 10:07:41.033 +0800 o.a.d.s.m.c.IdSlotBasedCommandFetcher:[67] - Fetch commands: 0 success, cost: 0ms, totalSlot: 1, currentSlotIndex: 0
[INFO] 2025-10-13 10:07:41.820 +0800 o.a.d.s.m.r.t.TaskGroupCoordinator:[187] - Success amend TaskGroupQueue status cost: 0/ms
[INFO] 2025-10-13 10:07:41.821 +0800 o.a.d.s.m.r.t.TaskGroupCoordinator:[241] - Success deal with force start TaskGroupQueue cost: 0/ms
[INFO] 2025-10-13 10:07:41.821 +0800 o.a.d.s.m.r.t.TaskGroupCoordinator:[129] - TaskGroupCoordinator round time cost: 2/ms
[INFO] 2025-10-13 10:07:42.035 +0800 o.a.d.s.m.c.IdSlotBasedCommandFetcher:[67] - Fetch commands: 0 success, cost: 1ms, totalSlot: 1, currentSlotIndex: 0
[INFO] 2025-10-13 10:07:43.037 +0800 o.a.d.s.m.c.IdSlotBasedCommandFetcher:[67] - Fetch commands: 0 success, cost: 1ms, totalSlot: 1, currentSlotIndex: 0
[INFO] 2025-10-13 10:07:44.038 +0800 o.a.d.s.m.c.IdSlotBasedCommandFetcher:[67] - Fetch commands: 0 success, cost: 1ms, totalSlot: 1, currentSlotIndex: 0
[INFO] 2025-10-13 10:07:45.039 +0800 o.a.d.s.m.c.IdSlotBasedCommandFetcher:[67] - Fetch commands: 0 success, cost: 1ms, totalSlot: 1, currentSlotIndex: 0
[INFO] 2025-10-13 10:07:46.040 +0800 o.a.d.s.m.c.IdSlotBasedCommandFetcher:[67] - Fetch commands: 0 success, cost: 0ms, totalSlot: 1, currentSlotIndex: 0
[INFO] 2025-10-13 10:07:46.832 +0800 o.a.d.s.m.r.t.TaskGroupCoordinator:[187] - Success amend TaskGroupQueue status cost: 0/ms
[INFO] 2025-10-13 10:07:46.832 +0800 o.a.d.s.m.r.t.TaskGroupCoordinator:[241] - Success deal with force start TaskGroupQueue cost: 0/ms
[INFO] 2025-10-13 10:07:46.833 +0800 o.a.d.s.m.r.t.TaskGroupCoordinator:[129] - TaskGroupCoordinator round time cost: 1/ms
[INFO] 2025-10-13 10:07:47.041 +0800 o.a.d.s.m.c.IdSlotBasedCommandFetcher:[67] - Fetch commands: 0 success, cost: 0ms, totalSlot: 1, currentSlotIndex: 0
[INFO] 2025-10-13 10:07:48.042 +0800 o.a.d.s.m.c.IdSlotBasedCommandFetcher:[67] - Fetch commands: 0 success, cost: 1ms, totalSlot: 1, currentSlotIndex: 0
[INFO] 2025-10-13 10:07:49.042 +0800 o.a.d.s.m.c.IdSlotBasedCommandFetcher:[67] - Fetch commands: 0 success, cost: 0ms, totalSlot: 1, currentSlotIndex: 0
[INFO] 2025-10-13 10:07:50.176 +0800 o.a.d.s.m.c.IdSlotBasedCommandFetcher:[67] - Fetch commands: 0 success, cost: 0ms, totalSlot: 1, currentSlotIndex: 0
[INFO] 2025-10-13 10:07:51.270 +0800 o.a.d.s.m.c.IdSlotBasedCommandFetcher:[67] - Fetch commands: 0 success, cost: 0ms, totalSlot: 1, currentSlotIndex: 0
[INFO] 2025-10-13 10:07:51.840 +0800 o.a.d.s.m.r.t.TaskGroupCoordinator:[187] - Success amend TaskGroupQueue status cost: 0/ms
[INFO] 2025-10-13 10:07:51.841 +0800 o.a.d.s.m.r.t.TaskGroupCoordinator:[241] - Success deal with force start TaskGroupQueue cost: 0/ms
[INFO] 2025-10-13 10:07:51.841 +0800 o.a.d.s.m.r.t.TaskGroupCoordinator:[129] - TaskGroupCoordinator round time cost: 2/ms
[INFO] 2025-10-13 10:07:52.363 +0800 o.a.d.s.m.c.IdSlotBasedCommandFetcher:[67] - Fetch commands: 0 success, cost: 0ms, totalSlot: 1, currentSlotIndex: 0
[INFO] 2025-10-13 10:07:53.366 +0800 o.a.d.s.m.c.IdSlotBasedCommandFetcher:[67] - Fetch commands: 0 success, cost: 1ms, totalSlot: 1, currentSlotIndex: 0
[INFO] 2025-10-13 10:07:54.368 +0800 o.a.d.s.m.c.IdSlotBasedCommandFetcher:[67] - Fetch commands: 0 success, cost: 1ms, totalSlot: 1, currentSlotIndex: 0
[INFO] 2025-10-13 10:07:55.380 +0800 o.a.d.s.m.c.IdSlotBasedCommandFetcher:[67] - Fetch commands: 0 success, cost: 0ms, totalSlot: 1, currentSlotIndex: 0
[INFO] 2025-10-13 10:07:56.388 +0800 o.a.d.s.m.c.IdSlotBasedCommandFetcher:[67] - Fetch commands: 0 success, cost: 0ms, totalSlot: 1, currentSlotIndex: 0
[INFO] 2025-10-13 10:07:56.851 +0800 o.a.d.s.m.r.t.TaskGroupCoordinator:[187] - Success amend TaskGroupQueue status cost: 0/ms
[INFO] 2025-10-13 10:07:56.852 +0800 o.a.d.s.m.r.t.TaskGroupCoordinator:[241] - Success deal with force start TaskGroupQueue cost: 0/ms
[INFO] 2025-10-13 10:07:56.852 +0800 o.a.d.s.m.r.t.TaskGroupCoordinator:[129] - TaskGroupCoordinator round time cost: 1/ms
[INFO] 2025-10-13 10:07:57.391 +0800 o.a.d.s.m.c.IdSlotBasedCommandFetcher:[67] - Fetch commands: 0 success, cost: 1ms, totalSlot: 1, currentSlotIndex: 0
[INFO] 2025-10-13 10:07:58.399 +0800 o.a.d.s.m.c.IdSlotBasedCommandFetcher:[67] - Fetch commands: 0 success, cost: 0ms, totalSlot: 1, currentSlotIndex: 0
[INFO] 2025-10-13 10:07:59.410 +0800 o.a.d.s.m.c.IdSlotBasedCommandFetcher:[67] - Fetch commands: 0 success, cost: 1ms, totalSlot: 1, currentSlotIndex: 0
[INFO] 2025-10-13 10:08:00.417 +0800 o.a.d.s.m.c.IdSlotBasedCommandFetcher:[67] - Fetch commands: 0 success, cost: 0ms, totalSlot: 1, currentSlotIndex: 0
[INFO] 2025-10-13 10:08:01.428 +0800 o.a.d.s.m.c.IdSlotBasedCommandFetcher:[67] - Fetch commands: 0 success, cost: 1ms, totalSlot: 1, currentSlotIndex: 0
[INFO] 2025-10-13 10:08:01.870 +0800 o.a.d.s.m.r.t.TaskGroupCoordinator:[187] - Success amend TaskGroupQueue status cost: 0/ms
[INFO] 2025-10-13 10:08:01.871 +0800 o.a.d.s.m.r.t.TaskGroupCoordinator:[241] - Success deal with force start TaskGroupQueue cost: 0/ms
[INFO] 2025-10-13 10:08:01.871 +0800 o.a.d.s.m.r.t.TaskGroupCoordinator:[129] - TaskGroupCoordinator round time cost: 1/ms
[INFO] 2025-10-13 10:08:02.428 +0800 o.a.d.s.m.c.IdSlotBasedCommandFetcher:[67] - Fetch commands: 0 success, cost: 0ms, totalSlot: 1, currentSlotIndex: 0
[INFO] 2025-10-13 10:08:03.531 +0800 o.a.d.s.m.c.IdSlotBasedCommandFetcher:[67] - Fetch commands: 0 success, cost: 0ms, totalSlot: 1, currentSlotIndex: 0
[INFO] 2025-10-13 10:08:04.613 +0800 o.a.d.s.m.c.IdSlotBasedCommandFetcher:[67] - Fetch commands: 0 success, cost: 2ms, totalSlot: 1, currentSlotIndex: 0
[INFO] 2025-10-13 10:08:05.683 +0800 o.a.d.s.m.c.IdSlotBasedCommandFetcher:[67] - Fetch commands: 0 success, cost: 1ms, totalSlot: 1, currentSlotIndex: 0
[INFO] 2025-10-13 10:08:06.683 +0800 o.a.d.s.m.c.IdSlotBasedCommandFetcher:[67] - Fetch commands: 0 success, cost: 0ms, totalSlot: 1, currentSlotIndex: 0
[INFO] 2025-10-13 10:08:06.877 +0800 o.a.d.s.m.r.t.TaskGroupCoordinator:[187] - Success amend TaskGroupQueue status cost: 0/ms
[INFO] 2025-10-13 10:08:06.877 +0800 o.a.d.s.m.r.t.TaskGroupCoordinator:[241] - Success deal with force start TaskGroupQueue cost: 0/ms
[INFO] 2025-10-13 10:08:06.877 +0800 o.a.d.s.m.r.t.TaskGroupCoordinator:[129] - TaskGroupCoordinator round time cost: 1/ms
[INFO] 2025-10-13 10:08:07.684 +0800 o.a.d.s.m.c.IdSlotBasedCommandFetcher:[67] - Fetch commands: 0 success, cost: 0ms, totalSlot: 1, currentSlotIndex: 0
[INFO] 2025-10-13 10:08:08.685 +0800 o.a.d.s.m.c.IdSlotBasedCommandFetcher:[67] - Fetch commands: 0 success, cost: 1ms, totalSlot: 1, currentSlotIndex: 0
[INFO] 2025-10-13 10:08:09.686 +0800 o.a.d.s.m.c.IdSlotBasedCommandFetcher:[67] - Fetch commands: 0 success, cost: 0ms, totalSlot: 1, currentSlotIndex: 0
[INFO] 2025-10-13 10:08:10.686 +0800 o.a.d.s.m.c.IdSlotBasedCommandFetcher:[67] - Fetch commands: 0 success, cost: 0ms, totalSlot: 1, currentSlotIndex: 0
[INFO] 2025-10-13 10:08:11.688 +0800 o.a.d.s.m.c.IdSlotBasedCommandFetcher:[67] - Fetch commands: 0 success, cost: 1ms, totalSlot: 1, currentSlotIndex: 0
[INFO] 2025-10-13 10:08:11.885 +0800 o.a.d.s.m.r.t.TaskGroupCoordinator:[187] - Success amend TaskGroupQueue status cost: 0/ms
[INFO] 2025-10-13 10:08:11.885 +0800 o.a.d.s.m.r.t.TaskGroupCoordinator:[241] - Success deal with force start TaskGroupQueue cost: 0/ms
[INFO] 2025-10-13 10:08:11.885 +0800 o.a.d.s.m.r.t.TaskGroupCoordinator:[129] - TaskGroupCoordinator round time cost: 1/ms
[INFO] 2025-10-13 10:08:12.688 +0800 o.a.d.s.m.c.IdSlotBasedCommandFetcher:[67] - Fetch commands: 0 success, cost: 0ms, totalSlot: 1, currentSlotIndex: 0
[INFO] 2025-10-13 10:08:13.688 +0800 o.a.d.s.m.c.IdSlotBasedCommandFetcher:[67] - Fetch commands: 0 success, cost: 0ms, totalSlot: 1, currentSlotIndex: 0
[INFO] 2025-10-13 10:08:14.689 +0800 o.a.d.s.m.c.IdSlotBasedCommandFetcher:[67] - Fetch commands: 0 success, cost: 0ms, totalSlot: 1, currentSlotIndex: 0
[INFO] 2025-10-13 10:08:15.689 +0800 o.a.d.s.m.c.IdSlotBasedCommandFetcher:[67] - Fetch commands: 0 success, cost: 0ms, totalSlot: 1, currentSlotIndex: 0
[INFO] 2025-10-13 10:08:16.691 +0800 o.a.d.s.m.c.IdSlotBasedCommandFetcher:[67] - Fetch commands: 0 success, cost: 0ms, totalSlot: 1, currentSlotIndex: 0
[INFO] 2025-10-13 10:08:16.893 +0800 o.a.d.s.m.r.t.TaskGroupCoordinator:[187] - Success amend TaskGroupQueue status cost: 0/ms
[INFO] 2025-10-13 10:08:16.893 +0800 o.a.d.s.m.r.t.TaskGroupCoordinator:[241] - Success deal with force start TaskGroupQueue cost: 0/ms
[INFO] 2025-10-13 10:08:16.893 +0800 o.a.d.s.m.r.t.TaskGroupCoordinator:[129] - TaskGroupCoordinator round time cost: 1/ms
[INFO] 2025-10-13 10:08:17.692 +0800 o.a.d.s.m.c.IdSlotBasedCommandFetcher:[67] - Fetch commands: 0 success, cost: 0ms, totalSlot: 1, currentSlotIndex: 0
[INFO] 2025-10-13 10:08:18.827 +0800 o.a.d.s.m.c.IdSlotBasedCommandFetcher:[67] - Fetch commands: 0 success, cost: 0ms, totalSlot: 1, currentSlotIndex: 0
[INFO] 2025-10-13 10:08:19.907 +0800 o.a.d.s.m.c.IdSlotBasedCommandFetcher:[67] - Fetch commands: 0 success, cost: 1ms, totalSlot: 1, currentSlotIndex: 0
[INFO] 2025-10-13 10:08:20.973 +0800 o.a.d.s.m.c.IdSlotBasedCommandFetcher:[67] - Fetch commands: 0 success, cost: 1ms, totalSlot: 1, currentSlotIndex: 0
[INFO] 2025-10-13 10:08:21.900 +0800 o.a.d.s.m.r.t.TaskGroupCoordinator:[187] - Success amend TaskGroupQueue status cost: 0/ms
[INFO] 2025-10-13 10:08:21.900 +0800 o.a.d.s.m.r.t.TaskGroupCoordinator:[241] - Success deal with force start TaskGroupQueue cost: 0/ms
[INFO] 2025-10-13 10:08:21.901 +0800 o.a.d.s.m.r.t.TaskGroupCoordinator:[129] - TaskGroupCoordinator round time cost: 1/ms
[INFO] 2025-10-13 10:08:22.041 +0800 o.a.d.s.m.c.IdSlotBasedCommandFetcher:[67] - Fetch commands: 0 success, cost: 0ms, totalSlot: 1, currentSlotIndex: 0
[INFO] 2025-10-13 10:08:23.125 +0800 o.a.d.s.m.c.IdSlotBasedCommandFetcher:[67] - Fetch commands: 0 success, cost: 0ms, totalSlot: 1, currentSlotIndex: 0
[INFO] 2025-10-13 10:08:24.190 +0800 o.a.d.s.m.c.IdSlotBasedCommandFetcher:[67] - Fetch commands: 0 success, cost: 0ms, totalSlot: 1, currentSlotIndex: 0
[INFO] 2025-10-13 10:08:25.259 +0800 o.a.d.s.m.c.IdSlotBasedCommandFetcher:[67] - Fetch commands: 0 success, cost: 0ms, totalSlot: 1, currentSlotIndex: 0
[INFO] 2025-10-13 10:08:26.327 +0800 o.a.d.s.m.c.IdSlotBasedCommandFetcher:[67] - Fetch commands: 0 success, cost: 0ms, totalSlot: 1, currentSlotIndex: 0
[INFO] 2025-10-13 10:08:26.909 +0800 o.a.d.s.m.r.t.TaskGroupCoordinator:[187] - Success amend TaskGroupQueue status cost: 0/ms
[INFO] 2025-10-13 10:08:26.909 +0800 o.a.d.s.m.r.t.TaskGroupCoordinator:[241] - Success deal with force start TaskGroupQueue cost: 0/ms
[INFO] 2025-10-13 10:08:26.909 +0800 o.a.d.s.m.r.t.TaskGroupCoordinator:[129] - TaskGroupCoordinator round time cost: 1/ms
[INFO] 2025-10-13 10:08:27.431 +0800 o.a.d.s.m.c.IdSlotBasedCommandFetcher:[67] - Fetch commands: 0 success, cost: 0ms, totalSlot: 1, currentSlotIndex: 0
[INFO] 2025-10-13 10:08:28.432 +0800 o.a.d.s.m.c.IdSlotBasedCommandFetcher:[67] - Fetch commands: 0 success, cost: 0ms, totalSlot: 1, currentSlotIndex: 0
[INFO] 2025-10-13 10:08:29.433 +0800 o.a.d.s.m.c.IdSlotBasedCommandFetcher:[67] - Fetch commands: 0 success, cost: 0ms, totalSlot: 1, currentSlotIndex: 0
[INFO] 2025-10-13 10:08:30.433 +0800 o.a.d.s.m.c.IdSlotBasedCommandFetcher:[67] - Fetch commands: 0 success, cost: 0ms, totalSlot: 1, currentSlotIndex: 0
[INFO] 2025-10-13 10:08:31.434 +0800 o.a.d.s.m.c.IdSlotBasedCommandFetcher:[67] - Fetch commands: 0 success, cost: 0ms, totalSlot: 1, currentSlotIndex: 0
[INFO] 2025-10-13 10:08:31.916 +0800 o.a.d.s.m.r.t.TaskGroupCoordinator:[187] - Success amend TaskGroupQueue status cost: 0/ms
[INFO] 2025-10-13 10:08:31.916 +0800 o.a.d.s.m.r.t.TaskGroupCoordinator:[241] - Success deal with force start TaskGroupQueue cost: 0/ms
[INFO] 2025-10-13 10:08:31.916 +0800 o.a.d.s.m.r.t.TaskGroupCoordinator:[129] - TaskGroupCoordinator round time cost: 1/ms
[INFO] 2025-10-13 10:08:32.435 +0800 o.a.d.s.m.c.IdSlotBasedCommandFetcher:[67] - Fetch commands: 0 success, cost: 0ms, totalSlot: 1, currentSlotIndex: 0
[INFO] 2025-10-13 10:08:33.436 +0800 o.a.d.s.m.c.IdSlotBasedCommandFetcher:[67] - Fetch commands: 0 success, cost: 0ms, totalSlot: 1, currentSlotIndex: 0
[INFO] 2025-10-13 10:08:34.437 +0800 o.a.d.s.m.c.IdSlotBasedCommandFetcher:[67] - Fetch commands: 0 success, cost: 0ms, totalSlot: 1, currentSlotIndex: 0
[INFO] 2025-10-13 10:08:35.437 +0800 o.a.d.s.m.c.IdSlotBasedCommandFetcher:[67] - Fetch commands: 0 success, cost: 0ms, totalSlot: 1, currentSlotIndex: 0
[INFO] 2025-10-13 10:08:36.438 +0800 o.a.d.s.m.c.IdSlotBasedCommandFetcher:[67] - Fetch commands: 0 success, cost: 0ms, totalSlot: 1, currentSlotIndex: 0
[INFO] 2025-10-13 10:08:36.924 +0800 o.a.d.s.m.r.t.TaskGroupCoordinator:[187] - Success amend TaskGroupQueue status cost: 0/ms
[INFO] 2025-10-13 10:08:36.924 +0800 o.a.d.s.m.r.t.TaskGroupCoordinator:[241] - Success deal with force start TaskGroupQueue cost: 0/ms
[INFO] 2025-10-13 10:08:36.924 +0800 o.a.d.s.m.r.t.TaskGroupCoordinator:[129] - TaskGroupCoordinator round time cost: 1/ms
[INFO] 2025-10-13 10:08:37.439 +0800 o.a.d.s.m.c.IdSlotBasedCommandFetcher:[67] - Fetch commands: 0 success, cost: 1ms, totalSlot: 1, currentSlotIndex: 0
[INFO] 2025-10-13 10:08:38.439 +0800 o.a.d.s.m.c.IdSlotBasedCommandFetcher:[67] - Fetch commands: 0 success, cost: 0ms, totalSlot: 1, currentSlotIndex: 0
[INFO] 2025-10-13 10:08:39.440 +0800 o.a.d.s.m.c.IdSlotBasedCommandFetcher:[67] - Fetch commands: 0 success, cost: 0ms, totalSlot: 1, currentSlotIndex: 0
[INFO] 2025-10-13 10:08:40.513 +0800 o.a.d.s.m.c.IdSlotBasedCommandFetcher:[67] - Fetch commands: 0 success, cost: 0ms, totalSlot: 1, currentSlotIndex: 0
[INFO] 2025-10-13 10:08:41.576 +0800 o.a.d.s.m.c.IdSlotBasedCommandFetcher:[67] - Fetch commands: 0 success, cost: 1ms, totalSlot: 1, currentSlotIndex: 0
[INFO] 2025-10-13 10:08:41.933 +0800 o.a.d.s.m.r.t.TaskGroupCoordinator:[187] - Success amend TaskGroupQueue status cost: 0/ms
[INFO] 2025-10-13 10:08:41.934 +0800 o.a.d.s.m.r.t.TaskGroupCoordinator:[241] - Success deal with force start TaskGroupQueue cost: 0/ms
[INFO] 2025-10-13 10:08:41.935 +0800 o.a.d.s.m.r.t.TaskGroupCoordinator:[129] - TaskGroupCoordinator round time cost: 3/ms
[INFO] 2025-10-13 10:08:42.645 +0800 o.a.d.s.m.c.IdSlotBasedCommandFetcher:[67] - Fetch commands: 0 success, cost: 0ms, totalSlot: 1, currentSlotIndex: 0
[INFO] 2025-10-13 10:08:43.796 +0800 o.a.d.s.m.c.IdSlotBasedCommandFetcher:[67] - Fetch commands: 0 success, cost: 0ms, totalSlot: 1, currentSlotIndex: 0
[INFO] 2025-10-13 10:08:44.797 +0800 o.a.d.s.m.c.IdSlotBasedCommandFetcher:[67] - Fetch commands: 0 success, cost: 0ms, totalSlot: 1, currentSlotIndex: 0
[INFO] 2025-10-13 10:08:45.797 +0800 o.a.d.s.m.c.IdSlotBasedCommandFetcher:[67] - Fetch commands: 0 success, cost: 0ms, totalSlot: 1, currentSlotIndex: 0
[INFO] 2025-10-13 10:08:46.797 +0800 o.a.d.s.m.c.IdSlotBasedCommandFetcher:[67] - Fetch commands: 0 success, cost: 0ms, totalSlot: 1, currentSlotIndex: 0
[INFO] 2025-10-13 10:08:46.946 +0800 o.a.d.s.m.r.t.TaskGroupCoordinator:[187] - Success amend TaskGroupQueue status cost: 0/ms
[INFO] 2025-10-13 10:08:46.947 +0800 o.a.d.s.m.r.t.TaskGroupCoordinator:[241] - Success deal with force start TaskGroupQueue cost: 0/ms
[INFO] 2025-10-13 10:08:46.947 +0800 o.a.d.s.m.r.t.TaskGroupCoordinator:[129] - TaskGroupCoordinator round time cost: 1/ms
[INFO] 2025-10-13 10:08:47.798 +0800 o.a.d.s.m.c.IdSlotBasedCommandFetcher:[67] - Fetch commands: 0 success, cost: 1ms, totalSlot: 1, currentSlotIndex: 0
[INFO] 2025-10-13 10:08:48.798 +0800 o.a.d.s.m.c.IdSlotBasedCommandFetcher:[67] - Fetch commands: 0 success, cost: 0ms, totalSlot: 1, currentSlotIndex: 0
[INFO] 2025-10-13 10:08:49.799 +0800 o.a.d.s.m.c.IdSlotBasedCommandFetcher:[67] - Fetch commands: 0 success, cost: 0ms, totalSlot: 1, currentSlotIndex: 0
[INFO] 2025-10-13 10:08:50.799 +0800 o.a.d.s.m.c.IdSlotBasedCommandFetcher:[67] - Fetch commands: 0 success, cost: 0ms, totalSlot: 1, currentSlotIndex: 0
[INFO] 2025-10-13 10:08:51.799 +0800 o.a.d.s.m.c.IdSlotBasedCommandFetcher:[67] - Fetch commands: 0 success, cost: 0ms, totalSlot: 1, currentSlotIndex: 0
[INFO] 2025-10-13 10:08:51.952 +0800 o.a.d.s.m.r.t.TaskGroupCoordinator:[187] - Success amend TaskGroupQueue status cost: 0/ms
[INFO] 2025-10-13 10:08:51.953 +0800 o.a.d.s.m.r.t.TaskGroupCoordinator:[241] - Success deal with force start TaskGroupQueue cost: 0/ms
[INFO] 2025-10-13 10:08:51.953 +0800 o.a.d.s.m.r.t.TaskGroupCoordinator:[129] - TaskGroupCoordinator round time cost: 1/ms
[INFO] 2025-10-13 10:08:52.800 +0800 o.a.d.s.m.c.IdSlotBasedCommandFetcher:[67] - Fetch commands: 0 success, cost: 0ms, totalSlot: 1, currentSlotIndex: 0
[INFO] 2025-10-13 10:08:53.800 +0800 o.a.d.s.m.c.IdSlotBasedCommandFetcher:[67] - Fetch commands: 0 success, cost: 0ms, totalSlot: 1, currentSlotIndex: 0
[INFO] 2025-10-13 10:08:54.801 +0800 o.a.d.s.m.c.IdSlotBasedCommandFetcher:[67] - Fetch commands: 0 success, cost: 1ms, totalSlot: 1, currentSlotIndex: 0
[INFO] 2025-10-13 10:08:55.916 +0800 o.a.d.s.m.c.IdSlotBasedCommandFetcher:[67] - Fetch commands: 0 success, cost: 1ms, totalSlot: 1, currentSlotIndex: 0
[INFO] 2025-10-13 10:08:56.960 +0800 o.a.d.s.m.r.t.TaskGroupCoordinator:[187] - Success amend TaskGroupQueue status cost: 0/ms
[INFO] 2025-10-13 10:08:56.961 +0800 o.a.d.s.m.r.t.TaskGroupCoordinator:[241] - Success deal with force start TaskGroupQueue cost: 0/ms
[INFO] 2025-10-13 10:08:56.961 +0800 o.a.d.s.m.r.t.TaskGroupCoordinator:[129] - TaskGroupCoordinator round time cost: 1/ms
[INFO] 2025-10-13 10:08:57.040 +0800 o.a.d.s.m.c.IdSlotBasedCommandFetcher:[67] - Fetch commands: 0 success, cost: 1ms, totalSlot: 1, currentSlotIndex: 0
[INFO] 2025-10-13 10:08:58.041 +0800 o.a.d.s.m.c.IdSlotBasedCommandFetcher:[67] - Fetch commands: 0 success, cost: 0ms, totalSlot: 1, currentSlotIndex: 0
[INFO] 2025-10-13 10:08:59.042 +0800 o.a.d.s.m.c.IdSlotBasedCommandFetcher:[67] - Fetch commands: 0 success, cost: 1ms, totalSlot: 1, currentSlotIndex: 0
[INFO] 2025-10-13 10:09:00.042 +0800 o.a.d.s.m.c.IdSlotBasedCommandFetcher:[67] - Fetch commands: 0 success, cost: 0ms, totalSlot: 1, currentSlotIndex: 0
[INFO] 2025-10-13 10:09:01.043 +0800 o.a.d.s.m.c.IdSlotBasedCommandFetcher:[67] - Fetch commands: 0 success, cost: 0ms, totalSlot: 1, currentSlotIndex: 0
[INFO] 2025-10-13 10:09:01.970 +0800 o.a.d.s.m.r.t.TaskGroupCoordinator:[187] - Success amend TaskGroupQueue status cost: 0/ms
[INFO] 2025-10-13 10:09:01.970 +0800 o.a.d.s.m.r.t.TaskGroupCoordinator:[241] - Success deal with force start TaskGroupQueue cost: 0/ms
[INFO] 2025-10-13 10:09:01.970 +0800 o.a.d.s.m.r.t.TaskGroupCoordinator:[129] - TaskGroupCoordinator round time cost: 1/ms
[INFO] 2025-10-13 10:09:02.044 +0800 o.a.d.s.m.c.IdSlotBasedCommandFetcher:[67] - Fetch commands: 0 success, cost: 0ms, totalSlot: 1, currentSlotIndex: 0
[INFO] 2025-10-13 10:09:03.045 +0800 o.a.d.s.m.c.IdSlotBasedCommandFetcher:[67] - Fetch commands: 0 success, cost: 0ms, totalSlot: 1, currentSlotIndex: 0
[INFO] 2025-10-13 10:09:04.045 +0800 o.a.d.s.m.c.IdSlotBasedCommandFetcher:[67] - Fetch commands: 0 success, cost: 0ms, totalSlot: 1, currentSlotIndex: 0
[INFO] 2025-10-13 10:09:05.046 +0800 o.a.d.s.m.c.IdSlotBasedCommandFetcher:[67] - Fetch commands: 0 success, cost: 0ms, totalSlot: 1, currentSlotIndex: 0
[INFO] 2025-10-13 10:09:06.046 +0800 o.a.d.s.m.c.IdSlotBasedCommandFetcher:[67] - Fetch commands: 0 success, cost: 0ms, totalSlot: 1, currentSlotIndex: 0
[INFO] 2025-10-13 10:09:06.977 +0800 o.a.d.s.m.r.t.TaskGroupCoordinator:[187] - Success amend TaskGroupQueue status cost: 0/ms
[INFO] 2025-10-13 10:09:06.978 +0800 o.a.d.s.m.r.t.TaskGroupCoordinator:[241] - Success deal with force start TaskGroupQueue cost: 0/ms
[INFO] 2025-10-13 10:09:06.978 +0800 o.a.d.s.m.r.t.TaskGroupCoordinator:[129] - TaskGroupCoordinator round time cost: 1/ms
[INFO] 2025-10-13 10:09:07.048 +0800 o.a.d.s.m.c.IdSlotBasedCommandFetcher:[67] - Fetch commands: 0 success, cost: 0ms, totalSlot: 1, currentSlotIndex: 0
[INFO] 2025-10-13 10:09:08.048 +0800 o.a.d.s.m.c.IdSlotBasedCommandFetcher:[67] - Fetch commands: 0 success, cost: 0ms, totalSlot: 1, currentSlotIndex: 0
[INFO] 2025-10-13 10:09:09.139 +0800 o.a.d.s.m.c.IdSlotBasedCommandFetcher:[67] - Fetch commands: 0 success, cost: 0ms, totalSlot: 1, currentSlotIndex: 0
[INFO] 2025-10-13 10:09:10.216 +0800 o.a.d.s.m.c.IdSlotBasedCommandFetcher:[67] - Fetch commands: 0 success, cost: 0ms, totalSlot: 1, currentSlotIndex: 0
[INFO] 2025-10-13 10:09:11.287 +0800 o.a.d.s.m.c.IdSlotBasedCommandFetcher:[67] - Fetch commands: 0 success, cost: 0ms, totalSlot: 1, currentSlotIndex: 0
[INFO] 2025-10-13 10:09:11.983 +0800 o.a.d.s.m.r.t.TaskGroupCoordinator:[187] - Success amend TaskGroupQueue status cost: 0/ms
[INFO] 2025-10-13 10:09:11.984 +0800 o.a.d.s.m.r.t.TaskGroupCoordinator:[241] - Success deal with force start TaskGroupQueue cost: 0/ms
[INFO] 2025-10-13 10:09:11.984 +0800 o.a.d.s.m.r.t.TaskGroupCoordinator:[129] - TaskGroupCoordinator round time cost: 1/ms
[INFO] 2025-10-13 10:09:12.356 +0800 o.a.d.s.m.c.IdSlotBasedCommandFetcher:[67] - Fetch commands: 0 success, cost: 1ms, totalSlot: 1, currentSlotIndex: 0
[INFO] 2025-10-13 10:09:13.433 +0800 o.a.d.s.m.c.IdSlotBasedCommandFetcher:[67] - Fetch commands: 0 success, cost: 4ms, totalSlot: 1, currentSlotIndex: 0
[INFO] 2025-10-13 10:09:14.515 +0800 o.a.d.s.m.c.IdSlotBasedCommandFetcher:[67] - Fetch commands: 0 success, cost: 1ms, totalSlot: 1, currentSlotIndex: 0
[INFO] 2025-10-13 10:09:15.584 +0800 o.a.d.s.m.c.IdSlotBasedCommandFetcher:[67] - Fetch commands: 0 success, cost: 0ms, totalSlot: 1, currentSlotIndex: 0
[INFO] 2025-10-13 10:09:16.666 +0800 o.a.d.s.m.c.IdSlotBasedCommandFetcher:[67] - Fetch commands: 0 success, cost: 0ms, totalSlot: 1, currentSlotIndex: 0
[INFO] 2025-10-13 10:09:16.991 +0800 o.a.d.s.m.r.t.TaskGroupCoordinator:[187] - Success amend TaskGroupQueue status cost: 0/ms
[INFO] 2025-10-13 10:09:16.991 +0800 o.a.d.s.m.r.t.TaskGroupCoordinator:[241] - Success deal with force start TaskGroupQueue cost: 0/ms
[INFO] 2025-10-13 10:09:16.991 +0800 o.a.d.s.m.r.t.TaskGroupCoordinator:[129] - TaskGroupCoordinator round time cost: 1/ms
[INFO] 2025-10-13 10:09:17.758 +0800 o.a.d.s.m.c.IdSlotBasedCommandFetcher:[67] - Fetch commands: 0 success, cost: 1ms, totalSlot: 1, currentSlotIndex: 0
[INFO] 2025-10-13 10:09:18.770 +0800 o.a.d.s.m.c.IdSlotBasedCommandFetcher:[67] - Fetch commands: 0 success, cost: 0ms, totalSlot: 1, currentSlotIndex: 0
[INFO] 2025-10-13 10:09:19.775 +0800 o.a.d.s.m.c.IdSlotBasedCommandFetcher:[67] - Fetch commands: 0 success, cost: 0ms, totalSlot: 1, currentSlotIndex: 0
[INFO] 2025-10-13 10:09:20.781 +0800 o.a.d.s.m.c.IdSlotBasedCommandFetcher:[67] - Fetch commands: 0 success, cost: 0ms, totalSlot: 1, currentSlotIndex: 0
[INFO] 2025-10-13 10:09:21.790 +0800 o.a.d.s.m.c.IdSlotBasedCommandFetcher:[67] - Fetch commands: 0 success, cost: 0ms, totalSlot: 1, currentSlotIndex: 0
[INFO] 2025-10-13 10:09:22.012 +0800 o.a.d.s.m.r.t.TaskGroupCoordinator:[187] - Success amend TaskGroupQueue status cost: 0/ms
[INFO] 2025-10-13 10:09:22.012 +0800 o.a.d.s.m.r.t.TaskGroupCoordinator:[241] - Success deal with force start TaskGroupQueue cost: 0/ms
[INFO] 2025-10-13 10:09:22.012 +0800 o.a.d.s.m.r.t.TaskGroupCoordinator:[129] - TaskGroupCoordinator round time cost: 1/ms
[INFO] 2025-10-13 10:09:22.792 +0800 o.a.d.s.m.c.IdSlotBasedCommandFetcher:[67] - Fetch commands: 0 success, cost: 0ms, totalSlot: 1, currentSlotIndex: 0
[INFO] 2025-10-13 10:09:23.803 +0800 o.a.d.s.m.c.IdSlotBasedCommandFetcher:[67] - Fetch commands: 0 success, cost: 1ms, totalSlot: 1, currentSlotIndex: 0
[INFO] 2025-10-13 10:09:24.803 +0800 o.a.d.s.m.c.IdSlotBasedCommandFetcher:[67] - Fetch commands: 0 success, cost: 0ms, totalSlot: 1, currentSlotIndex: 0
[INFO] 2025-10-13 10:09:25.813 +0800 o.a.d.s.m.c.IdSlotBasedCommandFetcher:[67] - Fetch commands: 0 success, cost: 0ms, totalSlot: 1, currentSlotIndex: 0
[INFO] 2025-10-13 10:09:26.824 +0800 o.a.d.s.m.c.IdSlotBasedCommandFetcher:[67] - Fetch commands: 0 success, cost: 0ms, totalSlot: 1, currentSlotIndex: 0
[INFO] 2025-10-13 10:09:27.018 +0800 o.a.d.s.m.r.t.TaskGroupCoordinator:[187] - Success amend TaskGroupQueue status cost: 0/ms
[INFO] 2025-10-13 10:09:27.018 +0800 o.a.d.s.m.r.t.TaskGroupCoordinator:[241] - Success deal with force start TaskGroupQueue cost: 0/ms
[INFO] 2025-10-13 10:09:27.018 +0800 o.a.d.s.m.r.t.TaskGroupCoordinator:[129] - TaskGroupCoordinator round time cost: 0/ms
[INFO] 2025-10-13 10:09:27.834 +0800 o.a.d.s.m.c.IdSlotBasedCommandFetcher:[67] - Fetch commands: 0 success, cost: 0ms, totalSlot: 1, currentSlotIndex: 0
[INFO] 2025-10-13 10:09:28.844 +0800 o.a.d.s.m.c.IdSlotBasedCommandFetcher:[67] - Fetch commands: 0 success, cost: 0ms, totalSlot: 1, currentSlotIndex: 0
[INFO] 2025-10-13 10:09:29.995 +0800 o.a.d.s.m.c.IdSlotBasedCommandFetcher:[67] - Fetch commands: 0 success, cost: 1ms, totalSlot: 1, currentSlotIndex: 0
[INFO] 2025-10-13 10:09:31.088 +0800 o.a.d.s.m.c.IdSlotBasedCommandFetcher:[67] - Fetch commands: 0 success, cost: 1ms, totalSlot: 1, currentSlotIndex: 0
[INFO] 2025-10-13 10:09:32.029 +0800 o.a.d.s.m.r.t.TaskGroupCoordinator:[187] - Success amend TaskGroupQueue status cost: 0/ms
[INFO] 2025-10-13 10:09:32.029 +0800 o.a.d.s.m.r.t.TaskGroupCoordinator:[241] - Success deal with force start TaskGroupQueue cost: 0/ms
[INFO] 2025-10-13 10:09:32.031 +0800 o.a.d.s.m.r.t.TaskGroupCoordinator:[129] - TaskGroupCoordinator round time cost: 1/ms
[INFO] 2025-10-13 10:09:32.213 +0800 o.a.d.s.m.c.IdSlotBasedCommandFetcher:[67] - Fetch commands: 0 success, cost: 0ms, totalSlot: 1, currentSlotIndex: 0
[INFO] 2025-10-13 10:09:33.214 +0800 o.a.d.s.m.c.IdSlotBasedCommandFetcher:[67] - Fetch commands: 0 success, cost: 0ms, totalSlot: 1, currentSlotIndex: 0
[INFO] 2025-10-13 10:09:34.214 +0800 o.a.d.s.m.c.IdSlotBasedCommandFetcher:[67] - Fetch commands: 0 success, cost: 0ms, totalSlot: 1, currentSlotIndex: 0
[INFO] 2025-10-13 10:09:35.215 +0800 o.a.d.s.m.c.IdSlotBasedCommandFetcher:[67] - Fetch commands: 0 success, cost: 0ms, totalSlot: 1, currentSlotIndex: 0
[INFO] 2025-10-13 10:09:36.216 +0800 o.a.d.s.m.c.IdSlotBasedCommandFetcher:[67] - Fetch commands: 0 success, cost: 0ms, totalSlot: 1, currentSlotIndex: 0
[INFO] 2025-10-13 10:09:37.039 +0800 o.a.d.s.m.r.t.TaskGroupCoordinator:[187] - Success amend TaskGroupQueue status cost: 0/ms
[INFO] 2025-10-13 10:09:37.040 +0800 o.a.d.s.m.r.t.TaskGroupCoordinator:[241] - Success deal with force start TaskGroupQueue cost: 0/ms
[INFO] 2025-10-13 10:09:37.040 +0800 o.a.d.s.m.r.t.TaskGroupCoordinator:[129] - TaskGroupCoordinator round time cost: 1/ms
[INFO] 2025-10-13 10:09:37.216 +0800 o.a.d.s.m.c.IdSlotBasedCommandFetcher:[67] - Fetch commands: 0 success, cost: 0ms, totalSlot: 1, currentSlotIndex: 0
[INFO] 2025-10-13 10:09:38.227 +0800 o.a.d.s.m.c.IdSlotBasedCommandFetcher:[67] - Fetch commands: 0 success, cost: 0ms, totalSlot: 1, currentSlotIndex: 0
[INFO] 2025-10-13 10:09:39.239 +0800 o.a.d.s.m.c.IdSlotBasedCommandFetcher:[67] - Fetch commands: 0 success, cost: 0ms, totalSlot: 1, currentSlotIndex: 0
[INFO] 2025-10-13 10:09:40.242 +0800 o.a.d.s.m.c.IdSlotBasedCommandFetcher:[67] - Fetch commands: 0 success, cost: 0ms, totalSlot: 1, currentSlotIndex: 0
[INFO] 2025-10-13 10:09:41.245 +0800 o.a.d.s.m.c.IdSlotBasedCommandFetcher:[67] - Fetch commands: 0 success, cost: 0ms, totalSlot: 1, currentSlotIndex: 0
[INFO] 2025-10-13 10:09:42.050 +0800 o.a.d.s.m.r.t.TaskGroupCoordinator:[187] - Success amend TaskGroupQueue status cost: 0/ms
[INFO] 2025-10-13 10:09:42.051 +0800 o.a.d.s.m.r.t.TaskGroupCoordinator:[241] - Success deal with force start TaskGroupQueue cost: 0/ms
[INFO] 2025-10-13 10:09:42.052 +0800 o.a.d.s.m.r.t.TaskGroupCoordinator:[129] - TaskGroupCoordinator round time cost: 1/ms
[INFO] 2025-10-13 10:09:42.247 +0800 o.a.d.s.m.c.IdSlotBasedCommandFetcher:[67] - Fetch commands: 0 success, cost: 0ms, totalSlot: 1, currentSlotIndex: 0
[INFO] 2025-10-13 10:09:43.248 +0800 o.a.d.s.m.c.IdSlotBasedCommandFetcher:[67] - Fetch commands: 0 success, cost: 0ms, totalSlot: 1, currentSlotIndex: 0
[INFO] 2025-10-13 10:09:44.456 +0800 o.a.d.s.m.c.IdSlotBasedCommandFetcher:[67] - Fetch commands: 0 success, cost: 0ms, totalSlot: 1, currentSlotIndex: 0
[INFO] 2025-10-13 10:09:45.461 +0800 o.a.d.s.m.c.IdSlotBasedCommandFetcher:[67] - Fetch commands: 0 success, cost: 1ms, totalSlot: 1, currentSlotIndex: 0
[INFO] 2025-10-13 10:09:46.461 +0800 o.a.d.s.m.c.IdSlotBasedCommandFetcher:[67] - Fetch commands: 0 success, cost: 0ms, totalSlot: 1, currentSlotIndex: 0
[INFO] 2025-10-13 10:09:47.064 +0800 o.a.d.s.m.r.t.TaskGroupCoordinator:[187] - Success amend TaskGroupQueue status cost: 0/ms
[INFO] 2025-10-13 10:09:47.064 +0800 o.a.d.s.m.r.t.TaskGroupCoordinator:[241] - Success deal with force start TaskGroupQueue cost: 0/ms
[INFO] 2025-10-13 10:09:47.064 +0800 o.a.d.s.m.r.t.TaskGroupCoordinator:[129] - TaskGroupCoordinator round time cost: 1/ms
[INFO] 2025-10-13 10:09:47.465 +0800 o.a.d.s.m.c.IdSlotBasedCommandFetcher:[67] - Fetch commands: 0 success, cost: 1ms, totalSlot: 1, currentSlotIndex: 0
[INFO] 2025-10-13 10:09:48.466 +0800 o.a.d.s.m.c.IdSlotBasedCommandFetcher:[67] - Fetch commands: 0 success, cost: 0ms, totalSlot: 1, currentSlotIndex: 0
[INFO] 2025-10-13 10:09:49.468 +0800 o.a.d.s.m.c.IdSlotBasedCommandFetcher:[67] - Fetch commands: 0 success, cost: 0ms, totalSlot: 1, currentSlotIndex: 0
[INFO] 2025-10-13 10:09:50.477 +0800 o.a.d.s.m.c.IdSlotBasedCommandFetcher:[67] - Fetch commands: 0 success, cost: 0ms, totalSlot: 1, currentSlotIndex: 0
[INFO] 2025-10-13 10:09:51.484 +0800 o.a.d.s.m.c.IdSlotBasedCommandFetcher:[67] - Fetch commands: 0 success, cost: 0ms, totalSlot: 1, currentSlotIndex: 0
[INFO] 2025-10-13 10:09:52.078 +0800 o.a.d.s.m.r.t.TaskGroupCoordinator:[187] - Success amend TaskGroupQueue status cost: 0/ms
[INFO] 2025-10-13 10:09:52.078 +0800 o.a.d.s.m.r.t.TaskGroupCoordinator:[241] - Success deal with force start TaskGroupQueue cost: 0/ms
[INFO] 2025-10-13 10:09:52.078 +0800 o.a.d.s.m.r.t.TaskGroupCoordinator:[129] - TaskGroupCoordinator round time cost: 1/ms
[INFO] 2025-10-13 10:09:52.485 +0800 o.a.d.s.m.c.IdSlotBasedCommandFetcher:[67] - Fetch commands: 0 success, cost: 0ms, totalSlot: 1, currentSlotIndex: 0
[INFO] 2025-10-13 10:09:53.486 +0800 o.a.d.s.m.c.IdSlotBasedCommandFetcher:[67] - Fetch commands: 0 success, cost: 0ms, totalSlot: 1, currentSlotIndex: 0
[INFO] 2025-10-13 10:09:54.486 +0800 o.a.d.s.m.c.IdSlotBasedCommandFetcher:[67] - Fetch commands: 0 success, cost: 0ms, totalSlot: 1, currentSlotIndex: 0
[INFO] 2025-10-13 10:09:55.487 +0800 o.a.d.s.m.c.IdSlotBasedCommandFetcher:[67] - Fetch commands: 0 success, cost: 0ms, totalSlot: 1, currentSlotIndex: 0
[INFO] 2025-10-13 10:09:56.487 +0800 o.a.d.s.m.c.IdSlotBasedCommandFetcher:[67] - Fetch commands: 0 success, cost: 0ms, totalSlot: 1, currentSlotIndex: 0
[INFO] 2025-10-13 10:09:57.085 +0800 o.a.d.s.m.r.t.TaskGroupCoordinator:[187] - Success amend TaskGroupQueue status cost: 0/ms
[INFO] 2025-10-13 10:09:57.085 +0800 o.a.d.s.m.r.t.TaskGroupCoordinator:[241] - Success deal with force start TaskGroupQueue cost: 0/ms
[INFO] 2025-10-13 10:09:57.085 +0800 o.a.d.s.m.r.t.TaskGroupCoordinator:[129] - TaskGroupCoordinator round time cost: 0/ms
[INFO] 2025-10-13 10:09:57.659 +0800 o.a.d.s.m.c.IdSlotBasedCommandFetcher:[67] - Fetch commands: 0 success, cost: 0ms, totalSlot: 1, currentSlotIndex: 0
[INFO] 2025-10-13 10:09:58.726 +0800 o.a.d.s.m.c.IdSlotBasedCommandFetcher:[67] - Fetch commands: 0 success, cost: 0ms, totalSlot: 1, currentSlotIndex: 0
[INFO] 2025-10-13 10:09:59.808 +0800 o.a.d.s.m.c.IdSlotBasedCommandFetcher:[67] - Fetch commands: 0 success, cost: 1ms, totalSlot: 1, currentSlotIndex: 0
[INFO] 2025-10-13 10:10:00.891 +0800 o.a.d.s.m.c.IdSlotBasedCommandFetcher:[67] - Fetch commands: 0 success, cost: 0ms, totalSlot: 1, currentSlotIndex: 0
[INFO] 2025-10-13 10:10:01.981 +0800 o.a.d.s.m.c.IdSlotBasedCommandFetcher:[67] - Fetch commands: 0 success, cost: 0ms, totalSlot: 1, currentSlotIndex: 0
[INFO] 2025-10-13 10:10:02.096 +0800 o.a.d.s.m.r.t.TaskGroupCoordinator:[187] - Success amend TaskGroupQueue status cost: 0/ms
[INFO] 2025-10-13 10:10:02.097 +0800 o.a.d.s.m.r.t.TaskGroupCoordinator:[241] - Success deal with force start TaskGroupQueue cost: 0/ms
[INFO] 2025-10-13 10:10:02.097 +0800 o.a.d.s.m.r.t.TaskGroupCoordinator:[129] - TaskGroupCoordinator round time cost: 1/ms
[INFO] 2025-10-13 10:10:03.071 +0800 o.a.d.s.m.c.IdSlotBasedCommandFetcher:[67] - Fetch commands: 0 success, cost: 0ms, totalSlot: 1, currentSlotIndex: 0
[INFO] 2025-10-13 10:10:04.152 +0800 o.a.d.s.m.c.IdSlotBasedCommandFetcher:[67] - Fetch commands: 0 success, cost: 0ms, totalSlot: 1, currentSlotIndex: 0
[INFO] 2025-10-13 10:10:05.307 +0800 o.a.d.s.m.c.IdSlotBasedCommandFetcher:[67] - Fetch commands: 0 success, cost: 0ms, totalSlot: 1, currentSlotIndex: 0
[INFO] 2025-10-13 10:10:06.313 +0800 o.a.d.s.m.c.IdSlotBasedCommandFetcher:[67] - Fetch commands: 0 success, cost: 0ms, totalSlot: 1, currentSlotIndex: 0
[INFO] 2025-10-13 10:10:07.110 +0800 o.a.d.s.m.r.t.TaskGroupCoordinator:[187] - Success amend TaskGroupQueue status cost: 0/ms
[INFO] 2025-10-13 10:10:07.110 +0800 o.a.d.s.m.r.t.TaskGroupCoordinator:[241] - Success deal with force start TaskGroupQueue cost: 0/ms
[INFO] 2025-10-13 10:10:07.110 +0800 o.a.d.s.m.r.t.TaskGroupCoordinator:[129] - TaskGroupCoordinator round time cost: 0/ms
[INFO] 2025-10-13 10:10:07.318 +0800 o.a.d.s.m.c.IdSlotBasedCommandFetcher:[67] - Fetch commands: 0 success, cost: 0ms, totalSlot: 1, currentSlotIndex: 0
[INFO] 2025-10-13 10:10:08.319 +0800 o.a.d.s.m.c.IdSlotBasedCommandFetcher:[67] - Fetch commands: 0 success, cost: 0ms, totalSlot: 1, currentSlotIndex: 0
[INFO] 2025-10-13 10:10:09.322 +0800 o.a.d.s.m.c.IdSlotBasedCommandFetcher:[67] - Fetch commands: 0 success, cost: 0ms, totalSlot: 1, currentSlotIndex: 0
[INFO] 2025-10-13 10:10:10.336 +0800 o.a.d.s.m.c.IdSlotBasedCommandFetcher:[67] - Fetch commands: 0 success, cost: 0ms, totalSlot: 1, currentSlotIndex: 0
[INFO] 2025-10-13 10:10:11.341 +0800 o.a.d.s.m.c.IdSlotBasedCommandFetcher:[67] - Fetch commands: 0 success, cost: 0ms, totalSlot: 1, currentSlotIndex: 0
[INFO] 2025-10-13 10:10:12.125 +0800 o.a.d.s.m.r.t.TaskGroupCoordinator:[187] - Success amend TaskGroupQueue status cost: 0/ms
[INFO] 2025-10-13 10:10:12.125 +0800 o.a.d.s.m.r.t.TaskGroupCoordinator:[241] - Success deal with force start TaskGroupQueue cost: 0/ms
[INFO] 2025-10-13 10:10:12.125 +0800 o.a.d.s.m.r.t.TaskGroupCoordinator:[129] - TaskGroupCoordinator round time cost: 1/ms
[INFO] 2025-10-13 10:10:12.345 +0800 o.a.d.s.m.c.IdSlotBasedCommandFetcher:[67] - Fetch commands: 0 success, cost: 0ms, totalSlot: 1, currentSlotIndex: 0
[INFO] 2025-10-13 10:10:13.347 +0800 o.a.d.s.m.c.IdSlotBasedCommandFetcher:[67] - Fetch commands: 0 success, cost: 1ms, totalSlot: 1, currentSlotIndex: 0
[INFO] 2025-10-13 10:10:14.348 +0800 o.a.d.s.m.c.IdSlotBasedCommandFetcher:[67] - Fetch commands: 0 success, cost: 0ms, totalSlot: 1, currentSlotIndex: 0
[INFO] 2025-10-13 10:10:15.350 +0800 o.a.d.s.m.c.IdSlotBasedCommandFetcher:[67] - Fetch commands: 0 success, cost: 0ms, totalSlot: 1, currentSlotIndex: 0
[INFO] 2025-10-13 10:10:16.352 +0800 o.a.d.s.m.c.IdSlotBasedCommandFetcher:[67] - Fetch commands: 0 success, cost: 0ms, totalSlot: 1, currentSlotIndex: 0
[INFO] 2025-10-13 10:10:17.133 +0800 o.a.d.s.m.r.t.TaskGroupCoordinator:[187] - Success amend TaskGroupQueue status cost: 0/ms
[INFO] 2025-10-13 10:10:17.133 +0800 o.a.d.s.m.r.t.TaskGroupCoordinator:[241] - Success deal with force start TaskGroupQueue cost: 0/ms
[INFO] 2025-10-13 10:10:17.133 +0800 o.a.d.s.m.r.t.TaskGroupCoordinator:[129] - TaskGroupCoordinator round time cost: 1/ms
[INFO] 2025-10-13 10:10:17.495 +0800 o.a.d.s.m.c.IdSlotBasedCommandFetcher:[67] - Fetch commands: 0 success, cost: 0ms, totalSlot: 1, currentSlotIndex: 0
[INFO] 2025-10-13 10:10:18.586 +0800 o.a.d.s.m.c.IdSlotBasedCommandFetcher:[67] - Fetch commands: 0 success, cost: 1ms, totalSlot: 1, currentSlotIndex: 0
[INFO] 2025-10-13 10:10:19.695 +0800 o.a.d.s.m.c.IdSlotBasedCommandFetcher:[67] - Fetch commands: 0 success, cost: 0ms, totalSlot: 1, currentSlotIndex: 0
[INFO] 2025-10-13 10:10:20.896 +0800 o.a.d.s.m.c.IdSlotBasedCommandFetcher:[67] - Fetch commands: 0 success, cost: 0ms, totalSlot: 1, currentSlotIndex: 0
[INFO] 2025-10-13 10:10:21.911 +0800 o.a.d.s.m.c.IdSlotBasedCommandFetcher:[67] - Fetch commands: 0 success, cost: 0ms, totalSlot: 1, currentSlotIndex: 0
[INFO] 2025-10-13 10:10:22.138 +0800 o.a.d.s.m.r.t.TaskGroupCoordinator:[187] - Success amend TaskGroupQueue status cost: 0/ms
[INFO] 2025-10-13 10:10:22.138 +0800 o.a.d.s.m.r.t.TaskGroupCoordinator:[241] - Success deal with force start TaskGroupQueue cost: 0/ms
[INFO] 2025-10-13 10:10:22.138 +0800 o.a.d.s.m.r.t.TaskGroupCoordinator:[129] - TaskGroupCoordinator round time cost: 1/ms
[INFO] 2025-10-13 10:10:22.915 +0800 o.a.d.s.m.c.IdSlotBasedCommandFetcher:[67] - Fetch commands: 0 success, cost: 1ms, totalSlot: 1, currentSlotIndex: 0
[INFO] 2025-10-13 10:10:23.926 +0800 o.a.d.s.m.c.IdSlotBasedCommandFetcher:[67] - Fetch commands: 0 success, cost: 0ms, totalSlot: 1, currentSlotIndex: 0
[INFO] 2025-10-13 10:10:24.927 +0800 o.a.d.s.m.c.IdSlotBasedCommandFetcher:[67] - Fetch commands: 0 success, cost: 0ms, totalSlot: 1, currentSlotIndex: 0
[INFO] 2025-10-13 10:10:25.937 +0800 o.a.d.s.m.c.IdSlotBasedCommandFetcher:[67] - Fetch commands: 0 success, cost: 0ms, totalSlot: 1, currentSlotIndex: 0
[INFO] 2025-10-13 10:10:26.942 +0800 o.a.d.s.m.c.IdSlotBasedCommandFetcher:[67] - Fetch commands: 0 success, cost: 0ms, totalSlot: 1, currentSlotIndex: 0
[INFO] 2025-10-13 10:10:27.149 +0800 o.a.d.s.m.r.t.TaskGroupCoordinator:[187] - Success amend TaskGroupQueue status cost: 0/ms
[INFO] 2025-10-13 10:10:27.149 +0800 o.a.d.s.m.r.t.TaskGroupCoordinator:[241] - Success deal with force start TaskGroupQueue cost: 0/ms
[INFO] 2025-10-13 10:10:27.149 +0800 o.a.d.s.m.r.t.TaskGroupCoordinator:[129] - TaskGroupCoordinator round time cost: 1/ms
[INFO] 2025-10-13 10:10:27.951 +0800 o.a.d.s.m.c.IdSlotBasedCommandFetcher:[67] - Fetch commands: 0 success, cost: 0ms, totalSlot: 1, currentSlotIndex: 0
[INFO] 2025-10-13 10:10:28.959 +0800 o.a.d.s.m.c.IdSlotBasedCommandFetcher:[67] - Fetch commands: 0 success, cost: 0ms, totalSlot: 1, currentSlotIndex: 0
[INFO] 2025-10-13 10:10:29.974 +0800 o.a.d.s.m.c.IdSlotBasedCommandFetcher:[67] - Fetch commands: 0 success, cost: 0ms, totalSlot: 1, currentSlotIndex: 0
[INFO] 2025-10-13 10:10:30.986 +0800 o.a.d.s.m.c.IdSlotBasedCommandFetcher:[67] - Fetch commands: 0 success, cost: 0ms, totalSlot: 1, currentSlotIndex: 0
[INFO] 2025-10-13 10:10:32.156 +0800 o.a.d.s.m.r.t.TaskGroupCoordinator:[187] - Success amend TaskGroupQueue status cost: 0/ms
[INFO] 2025-10-13 10:10:32.156 +0800 o.a.d.s.m.r.t.TaskGroupCoordinator:[241] - Success deal with force start TaskGroupQueue cost: 0/ms
[INFO] 2025-10-13 10:10:32.156 +0800 o.a.d.s.m.r.t.TaskGroupCoordinator:[129] - TaskGroupCoordinator round time cost: 1/ms
[INFO] 2025-10-13 10:10:32.197 +0800 o.a.d.s.m.c.IdSlotBasedCommandFetcher:[67] - Fetch commands: 0 success, cost: 0ms, totalSlot: 1, currentSlotIndex: 0
[INFO] 2025-10-13 10:10:33.207 +0800 o.a.d.s.m.c.IdSlotBasedCommandFetcher:[67] - Fetch commands: 0 success, cost: 0ms, totalSlot: 1, currentSlotIndex: 0
[INFO] 2025-10-13 10:10:34.222 +0800 o.a.d.s.m.c.IdSlotBasedCommandFetcher:[67] - Fetch commands: 0 success, cost: 0ms, totalSlot: 1, currentSlotIndex: 0
[INFO] 2025-10-13 10:10:35.229 +0800 o.a.d.s.m.c.IdSlotBasedCommandFetcher:[67] - Fetch commands: 0 success, cost: 0ms, totalSlot: 1, currentSlotIndex: 0
[INFO] 2025-10-13 10:10:36.240 +0800 o.a.d.s.m.c.IdSlotBasedCommandFetcher:[67] - Fetch commands: 0 success, cost: 0ms, totalSlot: 1, currentSlotIndex: 0
[INFO] 2025-10-13 10:10:37.178 +0800 o.a.d.s.m.r.t.TaskGroupCoordinator:[187] - Success amend TaskGroupQueue status cost: 0/ms
[INFO] 2025-10-13 10:10:37.178 +0800 o.a.d.s.m.r.t.TaskGroupCoordinator:[241] - Success deal with force start TaskGroupQueue cost: 0/ms
[INFO] 2025-10-13 10:10:37.178 +0800 o.a.d.s.m.r.t.TaskGroupCoordinator:[129] - TaskGroupCoordinator round time cost: 0/ms
[INFO] 2025-10-13 10:10:37.253 +0800 o.a.d.s.m.c.IdSlotBasedCommandFetcher:[67] - Fetch commands: 0 success, cost: 0ms, totalSlot: 1, currentSlotIndex: 0
[INFO] 2025-10-13 10:10:38.259 +0800 o.a.d.s.m.c.IdSlotBasedCommandFetcher:[67] - Fetch commands: 0 success, cost: 0ms, totalSlot: 1, currentSlotIndex: 0
[INFO] 2025-10-13 10:10:39.267 +0800 o.a.d.s.m.c.IdSlotBasedCommandFetcher:[67] - Fetch commands: 0 success, cost: 0ms, totalSlot: 1, currentSlotIndex: 0
[INFO] 2025-10-13 10:10:40.276 +0800 o.a.d.s.m.c.IdSlotBasedCommandFetcher:[67] - Fetch commands: 0 success, cost: 0ms, totalSlot: 1, currentSlotIndex: 0
[INFO] 2025-10-13 10:10:41.282 +0800 o.a.d.s.m.c.IdSlotBasedCommandFetcher:[67] - Fetch commands: 0 success, cost: 0ms, totalSlot: 1, currentSlotIndex: 0
[INFO] 2025-10-13 10:10:42.200 +0800 o.a.d.s.m.r.t.TaskGroupCoordinator:[187] - Success amend TaskGroupQueue status cost: 0/ms
[INFO] 2025-10-13 10:10:42.200 +0800 o.a.d.s.m.r.t.TaskGroupCoordinator:[241] - Success deal with force start TaskGroupQueue cost: 0/ms
[INFO] 2025-10-13 10:10:42.201 +0800 o.a.d.s.m.r.t.TaskGroupCoordinator:[129] - TaskGroupCoordinator round time cost: 1/ms
[INFO] 2025-10-13 10:10:42.290 +0800 o.a.d.s.m.c.IdSlotBasedCommandFetcher:[67] - Fetch commands: 0 success, cost: 0ms, totalSlot: 1, currentSlotIndex: 0
[INFO] 2025-10-13 10:10:43.295 +0800 o.a.d.s.m.c.IdSlotBasedCommandFetcher:[67] - Fetch commands: 0 success, cost: 0ms, totalSlot: 1, currentSlotIndex: 0
[INFO] 2025-10-13 10:10:44.494 +0800 o.a.d.s.m.c.IdSlotBasedCommandFetcher:[67] - Fetch commands: 0 success, cost: 0ms, totalSlot: 1, currentSlotIndex: 0
[INFO] 2025-10-13 10:10:45.571 +0800 o.a.d.s.m.c.IdSlotBasedCommandFetcher:[67] - Fetch commands: 0 success, cost: 0ms, totalSlot: 1, currentSlotIndex: 0
[INFO] 2025-10-13 10:10:46.655 +0800 o.a.d.s.m.c.IdSlotBasedCommandFetcher:[67] - Fetch commands: 0 success, cost: 0ms, totalSlot: 1, currentSlotIndex: 0
[INFO] 2025-10-13 10:10:47.219 +0800 o.a.d.s.m.r.t.TaskGroupCoordinator:[187] - Success amend TaskGroupQueue status cost: 0/ms
[INFO] 2025-10-13 10:10:47.219 +0800 o.a.d.s.m.r.t.TaskGroupCoordinator:[241] - Success deal with force start TaskGroupQueue cost: 0/ms
[INFO] 2025-10-13 10:10:47.219 +0800 o.a.d.s.m.r.t.TaskGroupCoordinator:[129] - TaskGroupCoordinator round time cost: 0/ms
[INFO] 2025-10-13 10:10:47.743 +0800 o.a.d.s.m.c.IdSlotBasedCommandFetcher:[67] - Fetch commands: 0 success, cost: 1ms, totalSlot: 1, currentSlotIndex: 0
[INFO] 2025-10-13 10:10:48.829 +0800 o.a.d.s.m.c.IdSlotBasedCommandFetcher:[67] - Fetch commands: 0 success, cost: 0ms, totalSlot: 1, currentSlotIndex: 0
[INFO] 2025-10-13 10:10:49.918 +0800 o.a.d.s.m.c.IdSlotBasedCommandFetcher:[67] - Fetch commands: 0 success, cost: 1ms, totalSlot: 1, currentSlotIndex: 0
[INFO] 2025-10-13 10:10:51.007 +0800 o.a.d.s.m.c.IdSlotBasedCommandFetcher:[67] - Fetch commands: 0 success, cost: 1ms, totalSlot: 1, currentSlotIndex: 0
[INFO] 2025-10-13 10:10:52.090 +0800 o.a.d.s.m.c.IdSlotBasedCommandFetcher:[67] - Fetch commands: 0 success, cost: 0ms, totalSlot: 1, currentSlotIndex: 0
[INFO] 2025-10-13 10:10:52.242 +0800 o.a.d.s.m.r.t.TaskGroupCoordinator:[187] - Success amend TaskGroupQueue status cost: 0/ms
[INFO] 2025-10-13 10:10:52.242 +0800 o.a.d.s.m.r.t.TaskGroupCoordinator:[241] - Success deal with force start TaskGroupQueue cost: 0/ms
[INFO] 2025-10-13 10:10:52.242 +0800 o.a.d.s.m.r.t.TaskGroupCoordinator:[129] - TaskGroupCoordinator round time cost: 1/ms
[INFO] 2025-10-13 10:10:53.198 +0800 o.a.d.s.m.c.IdSlotBasedCommandFetcher:[67] - Fetch commands: 0 success, cost: 0ms, totalSlot: 1, currentSlotIndex: 0
[INFO] 2025-10-13 10:10:54.360 +0800 o.a.d.s.m.c.IdSlotBasedCommandFetcher:[67] - Fetch commands: 0 success, cost: 0ms, totalSlot: 1, currentSlotIndex: 0
[INFO] 2025-10-13 10:10:55.544 +0800 o.a.d.s.m.c.IdSlotBasedCommandFetcher:[67] - Fetch commands: 0 success, cost: 0ms, totalSlot: 1, currentSlotIndex: 0
[INFO] 2025-10-13 10:10:56.555 +0800 o.a.d.s.m.c.IdSlotBasedCommandFetcher:[67] - Fetch commands: 0 success, cost: 0ms, totalSlot: 1, currentSlotIndex: 0
[INFO] 2025-10-13 10:10:57.248 +0800 o.a.d.s.m.r.t.TaskGroupCoordinator:[187] - Success amend TaskGroupQueue status cost: 0/ms
[INFO] 2025-10-13 10:10:57.248 +0800 o.a.d.s.m.r.t.TaskGroupCoordinator:[241] - Success deal with force start TaskGroupQueue cost: 0/ms
[INFO] 2025-10-13 10:10:57.249 +0800 o.a.d.s.m.r.t.TaskGroupCoordinator:[129] - TaskGroupCoordinator round time cost: 1/ms
[INFO] 2025-10-13 10:10:57.562 +0800 o.a.d.s.m.c.IdSlotBasedCommandFetcher:[67] - Fetch commands: 0 success, cost: 0ms, totalSlot: 1, currentSlotIndex: 0
[INFO] 2025-10-13 10:10:58.572 +0800 o.a.d.s.m.c.IdSlotBasedCommandFetcher:[67] - Fetch commands: 0 success, cost: 0ms, totalSlot: 1, currentSlotIndex: 0
[INFO] 2025-10-13 10:10:59.585 +0800 o.a.d.s.m.c.IdSlotBasedCommandFetcher:[67] - Fetch commands: 0 success, cost: 0ms, totalSlot: 1, currentSlotIndex: 0
[INFO] 2025-10-13 10:11:00.593 +0800 o.a.d.s.m.c.IdSlotBasedCommandFetcher:[67] - Fetch commands: 0 success, cost: 0ms, totalSlot: 1, currentSlotIndex: 0
[INFO] 2025-10-13 10:11:01.604 +0800 o.a.d.s.m.c.IdSlotBasedCommandFetcher:[67] - Fetch commands: 0 success, cost: 1ms, totalSlot: 1, currentSlotIndex: 0
[INFO] 2025-10-13 10:11:02.266 +0800 o.a.d.s.m.r.t.TaskGroupCoordinator:[187] - Success amend TaskGroupQueue status cost: 0/ms
[INFO] 2025-10-13 10:11:02.267 +0800 o.a.d.s.m.r.t.TaskGroupCoordinator:[241] - Success deal with force start TaskGroupQueue cost: 0/ms
[INFO] 2025-10-13 10:11:02.267 +0800 o.a.d.s.m.r.t.TaskGroupCoordinator:[129] - TaskGroupCoordinator round time cost: 1/ms
[INFO] 2025-10-13 10:11:02.612 +0800 o.a.d.s.m.c.IdSlotBasedCommandFetcher:[67] - Fetch commands: 0 success, cost: 0ms, totalSlot: 1, currentSlotIndex: 0
[INFO] 2025-10-13 10:11:03.620 +0800 o.a.d.s.m.c.IdSlotBasedCommandFetcher:[67] - Fetch commands: 0 success, cost: 0ms, totalSlot: 1, currentSlotIndex: 0
[INFO] 2025-10-13 10:11:04.631 +0800 o.a.d.s.m.c.IdSlotBasedCommandFetcher:[67] - Fetch commands: 0 success, cost: 0ms, totalSlot: 1, currentSlotIndex: 0
[INFO] 2025-10-13 10:11:05.640 +0800 o.a.d.s.m.c.IdSlotBasedCommandFetcher:[67] - Fetch commands: 0 success, cost: 0ms, totalSlot: 1, currentSlotIndex: 0
[INFO] 2025-10-13 10:11:06.729 +0800 o.a.d.s.m.c.IdSlotBasedCommandFetcher:[67] - Fetch commands: 0 success, cost: 0ms, totalSlot: 1, currentSlotIndex: 0
[INFO] 2025-10-13 10:11:07.288 +0800 o.a.d.s.m.r.t.TaskGroupCoordinator:[187] - Success amend TaskGroupQueue status cost: 0/ms
[INFO] 2025-10-13 10:11:07.289 +0800 o.a.d.s.m.r.t.TaskGroupCoordinator:[241] - Success deal with force start TaskGroupQueue cost: 0/ms
[INFO] 2025-10-13 10:11:07.289 +0800 o.a.d.s.m.r.t.TaskGroupCoordinator:[129] - TaskGroupCoordinator round time cost: 1/ms
[INFO] 2025-10-13 10:11:07.850 +0800 o.a.d.s.m.c.IdSlotBasedCommandFetcher:[67] - Fetch commands: 0 success, cost: 0ms, totalSlot: 1, currentSlotIndex: 0
[INFO] 2025-10-13 10:11:08.857 +0800 o.a.d.s.m.c.IdSlotBasedCommandFetcher:[67] - Fetch commands: 0 success, cost: 0ms, totalSlot: 1, currentSlotIndex: 0
[INFO] 2025-10-13 10:11:09.859 +0800 o.a.d.s.m.c.IdSlotBasedCommandFetcher:[67] - Fetch commands: 0 success, cost: 0ms, totalSlot: 1, currentSlotIndex: 0
[INFO] 2025-10-13 10:11:10.872 +0800 o.a.d.s.m.c.IdSlotBasedCommandFetcher:[67] - Fetch commands: 0 success, cost: 1ms, totalSlot: 1, currentSlotIndex: 0
[INFO] 2025-10-13 10:11:11.873 +0800 o.a.d.s.m.c.IdSlotBasedCommandFetcher:[67] - Fetch commands: 0 success, cost: 0ms, totalSlot: 1, currentSlotIndex: 0
[INFO] 2025-10-13 10:11:12.311 +0800 o.a.d.s.m.r.t.TaskGroupCoordinator:[187] - Success amend TaskGroupQueue status cost: 0/ms
[INFO] 2025-10-13 10:11:12.311 +0800 o.a.d.s.m.r.t.TaskGroupCoordinator:[241] - Success deal with force start TaskGroupQueue cost: 0/ms
[INFO] 2025-10-13 10:11:12.312 +0800 o.a.d.s.m.r.t.TaskGroupCoordinator:[129] - TaskGroupCoordinator round time cost: 2/ms
[INFO] 2025-10-13 10:11:12.879 +0800 o.a.d.s.m.c.IdSlotBasedCommandFetcher:[67] - Fetch commands: 0 success, cost: 0ms, totalSlot: 1, currentSlotIndex: 0
[INFO] 2025-10-13 10:11:13.893 +0800 o.a.d.s.m.c.IdSlotBasedCommandFetcher:[67] - Fetch commands: 0 success, cost: 0ms, totalSlot: 1, currentSlotIndex: 0
[INFO] 2025-10-13 10:11:14.901 +0800 o.a.d.s.m.c.IdSlotBasedCommandFetcher:[67] - Fetch commands: 0 success, cost: 0ms, totalSlot: 1, currentSlotIndex: 0
[INFO] 2025-10-13 10:11:15.905 +0800 o.a.d.s.m.c.IdSlotBasedCommandFetcher:[67] - Fetch commands: 0 success, cost: 0ms, totalSlot: 1, currentSlotIndex: 0
[INFO] 2025-10-13 10:11:16.915 +0800 o.a.d.s.m.c.IdSlotBasedCommandFetcher:[67] - Fetch commands: 0 success, cost: 0ms, totalSlot: 1, currentSlotIndex: 0
[INFO] 2025-10-13 10:11:17.320 +0800 o.a.d.s.m.r.t.TaskGroupCoordinator:[187] - Success amend TaskGroupQueue status cost: 0/ms
[INFO] 2025-10-13 10:11:17.321 +0800 o.a.d.s.m.r.t.TaskGroupCoordinator:[241] - Success deal with force start TaskGroupQueue cost: 0/ms
[INFO] 2025-10-13 10:11:17.321 +0800 o.a.d.s.m.r.t.TaskGroupCoordinator:[129] - TaskGroupCoordinator round time cost: 0/ms
[INFO] 2025-10-13 10:11:17.919 +0800 o.a.d.s.m.c.IdSlotBasedCommandFetcher:[67] - Fetch commands: 0 success, cost: 0ms, totalSlot: 1, currentSlotIndex: 0
[INFO] 2025-10-13 10:11:18.927 +0800 o.a.d.s.m.c.IdSlotBasedCommandFetcher:[67] - Fetch commands: 0 success, cost: 0ms, totalSlot: 1, currentSlotIndex: 0
[INFO] 2025-10-13 10:11:19.942 +0800 o.a.d.s.m.c.IdSlotBasedCommandFetcher:[67] - Fetch commands: 0 success, cost: 0ms, totalSlot: 1, currentSlotIndex: 0
[INFO] 2025-10-13 10:11:20.946 +0800 o.a.d.s.m.c.IdSlotBasedCommandFetcher:[67] - Fetch commands: 0 success, cost: 0ms, totalSlot: 1, currentSlotIndex: 0
[INFO] 2025-10-13 10:11:21.954 +0800 o.a.d.s.m.c.IdSlotBasedCommandFetcher:[67] - Fetch commands: 0 success, cost: 0ms, totalSlot: 1, currentSlotIndex: 0
[INFO] 2025-10-13 10:11:22.343 +0800 o.a.d.s.m.r.t.TaskGroupCoordinator:[187] - Success amend TaskGroupQueue status cost: 0/ms
[INFO] 2025-10-13 10:11:22.344 +0800 o.a.d.s.m.r.t.TaskGroupCoordinator:[241] - Success deal with force start TaskGroupQueue cost: 0/ms
[INFO] 2025-10-13 10:11:22.344 +0800 o.a.d.s.m.r.t.TaskGroupCoordinator:[129] - TaskGroupCoordinator round time cost: 2/ms
[INFO] 2025-10-13 10:11:22.961 +0800 o.a.d.s.m.c.IdSlotBasedCommandFetcher:[67] - Fetch commands: 0 success, cost: 0ms, totalSlot: 1, currentSlotIndex: 0
[INFO] 2025-10-13 10:11:23.965 +0800 o.a.d.s.m.c.IdSlotBasedCommandFetcher:[67] - Fetch commands: 0 success, cost: 0ms, totalSlot: 1, currentSlotIndex: 0
[INFO] 2025-10-13 10:11:24.971 +0800 o.a.d.s.m.c.IdSlotBasedCommandFetcher:[67] - Fetch commands: 0 success, cost: 0ms, totalSlot: 1, currentSlotIndex: 0
[INFO] 2025-10-13 10:11:25.980 +0800 o.a.d.s.m.c.IdSlotBasedCommandFetcher:[67] - Fetch commands: 0 success, cost: 0ms, totalSlot: 1, currentSlotIndex: 0
[INFO] 2025-10-13 10:11:26.984 +0800 o.a.d.s.m.c.IdSlotBasedCommandFetcher:[67] - Fetch commands: 0 success, cost: 0ms, totalSlot: 1, currentSlotIndex: 0
[INFO] 2025-10-13 10:11:27.364 +0800 o.a.d.s.m.r.t.TaskGroupCoordinator:[187] - Success amend TaskGroupQueue status cost: 0/ms
[INFO] 2025-10-13 10:11:27.364 +0800 o.a.d.s.m.r.t.TaskGroupCoordinator:[241] - Success deal with force start TaskGroupQueue cost: 0/ms
[INFO] 2025-10-13 10:11:27.365 +0800 o.a.d.s.m.r.t.TaskGroupCoordinator:[129] - TaskGroupCoordinator round time cost: 0/ms
[INFO] 2025-10-13 10:11:27.986 +0800 o.a.d.s.m.c.IdSlotBasedCommandFetcher:[67] - Fetch commands: 0 success, cost: 0ms, totalSlot: 1, currentSlotIndex: 0
[INFO] 2025-10-13 10:11:28.998 +0800 o.a.d.s.m.c.IdSlotBasedCommandFetcher:[67] - Fetch commands: 0 success, cost: 1ms, totalSlot: 1, currentSlotIndex: 0
[INFO] 2025-10-13 10:11:30.002 +0800 o.a.d.s.m.c.IdSlotBasedCommandFetcher:[67] - Fetch commands: 0 success, cost: 0ms, totalSlot: 1, currentSlotIndex: 0
[INFO] 2025-10-13 10:11:31.014 +0800 o.a.d.s.m.c.IdSlotBasedCommandFetcher:[67] - Fetch commands: 0 success, cost: 0ms, totalSlot: 1, currentSlotIndex: 0
[INFO] 2025-10-13 10:11:32.020 +0800 o.a.d.s.m.c.IdSlotBasedCommandFetcher:[67] - Fetch commands: 0 success, cost: 0ms, totalSlot: 1, currentSlotIndex: 0
[INFO] 2025-10-13 10:11:32.380 +0800 o.a.d.s.m.r.t.TaskGroupCoordinator:[187] - Success amend TaskGroupQueue status cost: 0/ms
[INFO] 2025-10-13 10:11:32.381 +0800 o.a.d.s.m.r.t.TaskGroupCoordinator:[241] - Success deal with force start TaskGroupQueue cost: 0/ms
[INFO] 2025-10-13 10:11:32.382 +0800 o.a.d.s.m.r.t.TaskGroupCoordinator:[129] - TaskGroupCoordinator round time cost: 2/ms
[INFO] 2025-10-13 10:11:33.028 +0800 o.a.d.s.m.c.IdSlotBasedCommandFetcher:[67] - Fetch commands: 0 success, cost: 0ms, totalSlot: 1, currentSlotIndex: 0
[INFO] 2025-10-13 10:11:34.037 +0800 o.a.d.s.m.c.IdSlotBasedCommandFetcher:[67] - Fetch commands: 0 success, cost: 0ms, totalSlot: 1, currentSlotIndex: 0
[INFO] 2025-10-13 10:11:35.042 +0800 o.a.d.s.m.c.IdSlotBasedCommandFetcher:[67] - Fetch commands: 0 success, cost: 0ms, totalSlot: 1, currentSlotIndex: 0
[INFO] 2025-10-13 10:11:36.047 +0800 o.a.d.s.m.c.IdSlotBasedCommandFetcher:[67] - Fetch commands: 0 success, cost: 0ms, totalSlot: 1, currentSlotIndex: 0
[INFO] 2025-10-13 10:11:37.060 +0800 o.a.d.s.m.c.IdSlotBasedCommandFetcher:[67] - Fetch commands: 0 success, cost: 0ms, totalSlot: 1, currentSlotIndex: 0
[INFO] 2025-10-13 10:11:37.391 +0800 o.a.d.s.m.r.t.TaskGroupCoordinator:[187] - Success amend TaskGroupQueue status cost: 0/ms
[INFO] 2025-10-13 10:11:37.392 +0800 o.a.d.s.m.r.t.TaskGroupCoordinator:[241] - Success deal with force start TaskGroupQueue cost: 0/ms
[INFO] 2025-10-13 10:11:37.392 +0800 o.a.d.s.m.r.t.TaskGroupCoordinator:[129] - TaskGroupCoordinator round time cost: 1/ms
[INFO] 2025-10-13 10:11:38.063 +0800 o.a.d.s.m.c.IdSlotBasedCommandFetcher:[67] - Fetch commands: 0 success, cost: 0ms, totalSlot: 1, currentSlotIndex: 0
[INFO] 2025-10-13 10:11:39.073 +0800 o.a.d.s.m.c.IdSlotBasedCommandFetcher:[67] - Fetch commands: 0 success, cost: 0ms, totalSlot: 1, currentSlotIndex: 0
[INFO] 2025-10-13 10:11:40.073 +0800 o.a.d.s.m.c.IdSlotBasedCommandFetcher:[67] - Fetch commands: 0 success, cost: 0ms, totalSlot: 1, currentSlotIndex: 0
[INFO] 2025-10-13 10:11:41.086 +0800 o.a.d.s.m.c.IdSlotBasedCommandFetcher:[67] - Fetch commands: 0 success, cost: 0ms, totalSlot: 1, currentSlotIndex: 0
[INFO] 2025-10-13 10:11:42.093 +0800 o.a.d.s.m.c.IdSlotBasedCommandFetcher:[67] - Fetch commands: 0 success, cost: 0ms, totalSlot: 1, currentSlotIndex: 0
[INFO] 2025-10-13 10:11:42.402 +0800 o.a.d.s.m.r.t.TaskGroupCoordinator:[187] - Success amend TaskGroupQueue status cost: 0/ms
[INFO] 2025-10-13 10:11:42.402 +0800 o.a.d.s.m.r.t.TaskGroupCoordinator:[241] - Success deal with force start TaskGroupQueue cost: 0/ms
[INFO] 2025-10-13 10:11:42.402 +0800 o.a.d.s.m.r.t.TaskGroupCoordinator:[129] - TaskGroupCoordinator round time cost: 1/ms
[INFO] 2025-10-13 10:11:43.103 +0800 o.a.d.s.m.c.IdSlotBasedCommandFetcher:[67] - Fetch commands: 0 success, cost: 0ms, totalSlot: 1, currentSlotIndex: 0
[INFO] 2025-10-13 10:11:44.117 +0800 o.a.d.s.m.c.IdSlotBasedCommandFetcher:[67] - Fetch commands: 0 success, cost: 0ms, totalSlot: 1, currentSlotIndex: 0
[INFO] 2025-10-13 10:11:45.128 +0800 o.a.d.s.m.c.IdSlotBasedCommandFetcher:[67] - Fetch commands: 0 success, cost: 1ms, totalSlot: 1, currentSlotIndex: 0
[INFO] 2025-10-13 10:11:46.136 +0800 o.a.d.s.m.c.IdSlotBasedCommandFetcher:[67] - Fetch commands: 0 success, cost: 0ms, totalSlot: 1, currentSlotIndex: 0
[INFO] 2025-10-13 10:11:47.146 +0800 o.a.d.s.m.c.IdSlotBasedCommandFetcher:[67] - Fetch commands: 0 success, cost: 0ms, totalSlot: 1, currentSlotIndex: 0
[INFO] 2025-10-13 10:11:47.417 +0800 o.a.d.s.m.r.t.TaskGroupCoordinator:[187] - Success amend TaskGroupQueue status cost: 0/ms
[INFO] 2025-10-13 10:11:47.417 +0800 o.a.d.s.m.r.t.TaskGroupCoordinator:[241] - Success deal with force start TaskGroupQueue cost: 0/ms
[INFO] 2025-10-13 10:11:47.417 +0800 o.a.d.s.m.r.t.TaskGroupCoordinator:[129] - TaskGroupCoordinator round time cost: 0/ms
[INFO] 2025-10-13 10:11:48.160 +0800 o.a.d.s.m.c.IdSlotBasedCommandFetcher:[67] - Fetch commands: 0 success, cost: 0ms, totalSlot: 1, currentSlotIndex: 0
[INFO] 2025-10-13 10:11:49.175 +0800 o.a.d.s.m.c.IdSlotBasedCommandFetcher:[67] - Fetch commands: 0 success, cost: 0ms, totalSlot: 1, currentSlotIndex: 0
[INFO] 2025-10-13 10:11:50.177 +0800 o.a.d.s.m.c.IdSlotBasedCommandFetcher:[67] - Fetch commands: 0 success, cost: 0ms, totalSlot: 1, currentSlotIndex: 0
[INFO] 2025-10-13 10:11:51.186 +0800 o.a.d.s.m.c.IdSlotBasedCommandFetcher:[67] - Fetch commands: 0 success, cost: 0ms, totalSlot: 1, currentSlotIndex: 0
[INFO] 2025-10-13 10:11:52.201 +0800 o.a.d.s.m.c.IdSlotBasedCommandFetcher:[67] - Fetch commands: 0 success, cost: 0ms, totalSlot: 1, currentSlotIndex: 0
[INFO] 2025-10-13 10:11:52.437 +0800 o.a.d.s.m.r.t.TaskGroupCoordinator:[187] - Success amend TaskGroupQueue status cost: 0/ms
[INFO] 2025-10-13 10:11:52.438 +0800 o.a.d.s.m.r.t.TaskGroupCoordinator:[241] - Success deal with force start TaskGroupQueue cost: 0/ms
[INFO] 2025-10-13 10:11:52.438 +0800 o.a.d.s.m.r.t.TaskGroupCoordinator:[129] - TaskGroupCoordinator round time cost: 1/ms
[INFO] 2025-10-13 10:11:53.210 +0800 o.a.d.s.m.c.IdSlotBasedCommandFetcher:[67] - Fetch commands: 0 success, cost: 1ms, totalSlot: 1, currentSlotIndex: 0
[INFO] 2025-10-13 10:11:54.224 +0800 o.a.d.s.m.c.IdSlotBasedCommandFetcher:[67] - Fetch commands: 0 success, cost: 0ms, totalSlot: 1, currentSlotIndex: 0
[INFO] 2025-10-13 10:11:55.481 +0800 o.a.d.s.m.c.IdSlotBasedCommandFetcher:[67] - Fetch commands: 0 success, cost: 0ms, totalSlot: 1, currentSlotIndex: 0
[INFO] 2025-10-13 10:11:56.484 +0800 o.a.d.s.m.c.IdSlotBasedCommandFetcher:[67] - Fetch commands: 0 success, cost: 0ms, totalSlot: 1, currentSlotIndex: 0
[INFO] 2025-10-13 10:11:57.455 +0800 o.a.d.s.m.r.t.TaskGroupCoordinator:[187] - Success amend TaskGroupQueue status cost: 0/ms
[INFO] 2025-10-13 10:11:57.455 +0800 o.a.d.s.m.r.t.TaskGroupCoordinator:[241] - Success deal with force start TaskGroupQueue cost: 0/ms
[INFO] 2025-10-13 10:11:57.455 +0800 o.a.d.s.m.r.t.TaskGroupCoordinator:[129] - TaskGroupCoordinator round time cost: 0/ms
[INFO] 2025-10-13 10:11:57.494 +0800 o.a.d.s.m.c.IdSlotBasedCommandFetcher:[67] - Fetch commands: 0 success, cost: 0ms, totalSlot: 1, currentSlotIndex: 0
[INFO] 2025-10-13 10:11:58.501 +0800 o.a.d.s.m.c.IdSlotBasedCommandFetcher:[67] - Fetch commands: 0 success, cost: 0ms, totalSlot: 1, currentSlotIndex: 0
[INFO] 2025-10-13 10:11:59.513 +0800 o.a.d.s.m.c.IdSlotBasedCommandFetcher:[67] - Fetch commands: 0 success, cost: 0ms, totalSlot: 1, currentSlotIndex: 0
[INFO] 2025-10-13 10:12:00.528 +0800 o.a.d.s.m.c.IdSlotBasedCommandFetcher:[67] - Fetch commands: 0 success, cost: 0ms, totalSlot: 1, currentSlotIndex: 0
[INFO] 2025-10-13 10:12:01.540 +0800 o.a.d.s.m.c.IdSlotBasedCommandFetcher:[67] - Fetch commands: 0 success, cost: 0ms, totalSlot: 1, currentSlotIndex: 0
[INFO] 2025-10-13 10:12:02.473 +0800 o.a.d.s.m.r.t.TaskGroupCoordinator:[187] - Success amend TaskGroupQueue status cost: 0/ms
[INFO] 2025-10-13 10:12:02.473 +0800 o.a.d.s.m.r.t.TaskGroupCoordinator:[241] - Success deal with force start TaskGroupQueue cost: 0/ms
[INFO] 2025-10-13 10:12:02.473 +0800 o.a.d.s.m.r.t.TaskGroupCoordinator:[129] - TaskGroupCoordinator round time cost: 1/ms
[INFO] 2025-10-13 10:12:02.543 +0800 o.a.d.s.m.c.IdSlotBasedCommandFetcher:[67] - Fetch commands: 0 success, cost: 0ms, totalSlot: 1, currentSlotIndex: 0
[INFO] 2025-10-13 10:12:03.552 +0800 o.a.d.s.m.c.IdSlotBasedCommandFetcher:[67] - Fetch commands: 0 success, cost: 1ms, totalSlot: 1, currentSlotIndex: 0
[INFO] 2025-10-13 10:12:04.553 +0800 o.a.d.s.m.c.IdSlotBasedCommandFetcher:[67] - Fetch commands: 0 success, cost: 0ms, totalSlot: 1, currentSlotIndex: 0
[INFO] 2025-10-13 10:12:05.561 +0800 o.a.d.s.m.c.IdSlotBasedCommandFetcher:[67] - Fetch commands: 0 success, cost: 0ms, totalSlot: 1, currentSlotIndex: 0
[INFO] 2025-10-13 10:12:06.725 +0800 o.a.d.s.m.c.IdSlotBasedCommandFetcher:[67] - Fetch commands: 0 success, cost: 0ms, totalSlot: 1, currentSlotIndex: 0
[INFO] 2025-10-13 10:12:07.497 +0800 o.a.d.s.m.r.t.TaskGroupCoordinator:[187] - Success amend TaskGroupQueue status cost: 0/ms
[INFO] 2025-10-13 10:12:07.497 +0800 o.a.d.s.m.r.t.TaskGroupCoordinator:[241] - Success deal with force start TaskGroupQueue cost: 0/ms
[INFO] 2025-10-13 10:12:07.497 +0800 o.a.d.s.m.r.t.TaskGroupCoordinator:[129] - TaskGroupCoordinator round time cost: 1/ms
[INFO] 2025-10-13 10:12:07.812 +0800 o.a.d.s.m.c.IdSlotBasedCommandFetcher:[67] - Fetch commands: 0 success, cost: 1ms, totalSlot: 1, currentSlotIndex: 0
[INFO] 2025-10-13 10:12:08.924 +0800 o.a.d.s.m.c.IdSlotBasedCommandFetcher:[67] - Fetch commands: 0 success, cost: 0ms, totalSlot: 1, currentSlotIndex: 0
[INFO] 2025-10-13 10:12:10.017 +0800 o.a.d.s.m.c.IdSlotBasedCommandFetcher:[67] - Fetch commands: 0 success, cost: 0ms, totalSlot: 1, currentSlotIndex: 0
[INFO] 2025-10-13 10:12:11.106 +0800 o.a.d.s.m.c.IdSlotBasedCommandFetcher:[67] - Fetch commands: 0 success, cost: 1ms, totalSlot: 1, currentSlotIndex: 0
[INFO] 2025-10-13 10:12:12.186 +0800 o.a.d.s.m.c.IdSlotBasedCommandFetcher:[67] - Fetch commands: 0 success, cost: 0ms, totalSlot: 1, currentSlotIndex: 0
[INFO] 2025-10-13 10:12:12.512 +0800 o.a.d.s.m.r.t.TaskGroupCoordinator:[187] - Success amend TaskGroupQueue status cost: 0/ms
[INFO] 2025-10-13 10:12:12.512 +0800 o.a.d.s.m.r.t.TaskGroupCoordinator:[241] - Success deal with force start TaskGroupQueue cost: 0/ms
[INFO] 2025-10-13 10:12:12.512 +0800 o.a.d.s.m.r.t.TaskGroupCoordinator:[129] - TaskGroupCoordinator round time cost: 1/ms
[INFO] 2025-10-13 10:12:13.278 +0800 o.a.d.s.m.c.IdSlotBasedCommandFetcher:[67] - Fetch commands: 0 success, cost: 0ms, totalSlot: 1, currentSlotIndex: 0
[INFO] 2025-10-13 10:12:14.385 +0800 o.a.d.s.m.c.IdSlotBasedCommandFetcher:[67] - Fetch commands: 0 success, cost: 0ms, totalSlot: 1, currentSlotIndex: 0
[INFO] 2025-10-13 10:12:15.483 +0800 o.a.d.s.m.c.IdSlotBasedCommandFetcher:[67] - Fetch commands: 0 success, cost: 1ms, totalSlot: 1, currentSlotIndex: 0
[INFO] 2025-10-13 10:12:16.681 +0800 o.a.d.m.m.BaseServerLoadProtection:[43] - OverLoad: the system cpu usage: 1.0 is over then the maxSystemCpuUsagePercentageThresholds 0.9
[WARN] 2025-10-13 10:12:16.681 +0800 o.a.d.s.m.r.MasterSchedulerBootstrap:[120] - The current server is overload, cannot consumes commands.
[INFO] 2025-10-13 10:12:16.693 +0800 o.a.d.m.m.BaseServerLoadProtection:[43] - OverLoad: the system cpu usage: 1.0 is over then the maxSystemCpuUsagePercentageThresholds 0.9
[INFO] 2025-10-13 10:12:16.739 +0800 o.a.d.m.m.BaseServerLoadProtection:[43] - OverLoad: the system cpu usage: 1.0 is over then the maxSystemCpuUsagePercentageThresholds 0.9
[INFO] 2025-10-13 10:12:17.522 +0800 o.a.d.s.m.r.t.TaskGroupCoordinator:[187] - Success amend TaskGroupQueue status cost: 0/ms
[INFO] 2025-10-13 10:12:17.522 +0800 o.a.d.s.m.r.t.TaskGroupCoordinator:[241] - Success deal with force start TaskGroupQueue cost: 0/ms
[INFO] 2025-10-13 10:12:17.523 +0800 o.a.d.s.m.r.t.TaskGroupCoordinator:[129] - TaskGroupCoordinator round time cost: 0/ms
[WARN] 2025-10-13 10:12:17.537 +0800 o.a.d.s.m.d.h.LowerWeightHostManager:[139] - Worker 10.1.35.13:1234 in workerGroup default is Busy, heartbeat is WorkerHeartBeat(workerHostWeight=100, threadPoolUsage=0)
[WARN] 2025-10-13 10:12:17.539 +0800 o.a.d.s.m.r.MasterSlotManager:[91] - Current master is not in active master list
[WARN] 2025-10-13 10:12:17.912 +0800 o.a.d.s.m.c.IdSlotBasedCommandFetcher:[57] - Slot is validated, current master slots: 0, the current slot index is 0
[WARN] 2025-10-13 10:12:18.916 +0800 o.a.d.s.m.c.IdSlotBasedCommandFetcher:[57] - Slot is validated, current master slots: 0, the current slot index is 0
[WARN] 2025-10-13 10:12:19.931 +0800 o.a.d.s.m.c.IdSlotBasedCommandFetcher:[57] - Slot is validated, current master slots: 0, the current slot index is 0
[WARN] 2025-10-13 10:12:20.939 +0800 o.a.d.s.m.c.IdSlotBasedCommandFetcher:[57] - Slot is validated, current master slots: 0, the current slot index is 0
[WARN] 2025-10-13 10:12:21.952 +0800 o.a.d.s.m.c.IdSlotBasedCommandFetcher:[57] - Slot is validated, current master slots: 0, the current slot index is 0
[INFO] 2025-10-13 10:12:22.538 +0800 o.a.d.s.m.r.t.TaskGroupCoordinator:[187] - Success amend TaskGroupQueue status cost: 0/ms
[INFO] 2025-10-13 10:12:22.538 +0800 o.a.d.s.m.r.t.TaskGroupCoordinator:[241] - Success deal with force start TaskGroupQueue cost: 0/ms
[INFO] 2025-10-13 10:12:22.538 +0800 o.a.d.s.m.r.t.TaskGroupCoordinator:[129] - TaskGroupCoordinator round time cost: 0/ms
[WARN] 2025-10-13 10:12:22.956 +0800 o.a.d.s.m.c.IdSlotBasedCommandFetcher:[57] - Slot is validated, current master slots: 0, the current slot index is 0
[WARN] 2025-10-13 10:12:23.971 +0800 o.a.d.s.m.c.IdSlotBasedCommandFetcher:[57] - Slot is validated, current master slots: 0, the current slot index is 0
[WARN] 2025-10-13 10:12:24.981 +0800 o.a.d.s.m.c.IdSlotBasedCommandFetcher:[57] - Slot is validated, current master slots: 0, the current slot index is 0
[WARN] 2025-10-13 10:12:25.986 +0800 o.a.d.s.m.c.IdSlotBasedCommandFetcher:[57] - Slot is validated, current master slots: 0, the current slot index is 0
[WARN] 2025-10-13 10:12:26.996 +0800 o.a.d.s.m.c.IdSlotBasedCommandFetcher:[57] - Slot is validated, current master slots: 0, the current slot index is 0
[INFO] 2025-10-13 10:12:27.555 +0800 o.a.d.s.m.r.t.TaskGroupCoordinator:[187] - Success amend TaskGroupQueue status cost: 0/ms
[INFO] 2025-10-13 10:12:27.555 +0800 o.a.d.s.m.r.t.TaskGroupCoordinator:[241] - Success deal with force start TaskGroupQueue cost: 0/ms
[INFO] 2025-10-13 10:12:27.555 +0800 o.a.d.s.m.r.t.TaskGroupCoordinator:[129] - TaskGroupCoordinator round time cost: 0/ms
[INFO] 2025-10-13 10:12:27.556 +0800 o.a.d.s.m.r.MasterSlotManager:[95] - Update master nodes, total master size: 1, current slot: 0
[INFO] 2025-10-13 10:12:28.006 +0800 o.a.d.s.m.c.IdSlotBasedCommandFetcher:[67] - Fetch commands: 0 success, cost: 0ms, totalSlot: 1, currentSlotIndex: 0
[INFO] 2025-10-13 10:12:29.016 +0800 o.a.d.s.m.c.IdSlotBasedCommandFetcher:[67] - Fetch commands: 0 success, cost: 0ms, totalSlot: 1, currentSlotIndex: 0
[INFO] 2025-10-13 10:12:30.243 +0800 o.a.d.s.m.c.IdSlotBasedCommandFetcher:[67] - Fetch commands: 0 success, cost: 0ms, totalSlot: 1, currentSlotIndex: 0
[INFO] 2025-10-13 10:12:31.255 +0800 o.a.d.s.m.c.IdSlotBasedCommandFetcher:[67] - Fetch commands: 0 success, cost: 0ms, totalSlot: 1, currentSlotIndex: 0
[INFO] 2025-10-13 10:12:32.267 +0800 o.a.d.s.m.c.IdSlotBasedCommandFetcher:[67] - Fetch commands: 0 success, cost: 0ms, totalSlot: 1, currentSlotIndex: 0
[INFO] 2025-10-13 10:12:32.570 +0800 o.a.d.s.m.r.t.TaskGroupCoordinator:[187] - Success amend TaskGroupQueue status cost: 0/ms
[INFO] 2025-10-13 10:12:32.570 +0800 o.a.d.s.m.r.t.TaskGroupCoordinator:[241] - Success deal with force start TaskGroupQueue cost: 0/ms
[INFO] 2025-10-13 10:12:32.571 +0800 o.a.d.s.m.r.t.TaskGroupCoordinator:[129] - TaskGroupCoordinator round time cost: 1/ms
[INFO] 2025-10-13 10:12:33.272 +0800 o.a.d.s.m.c.IdSlotBasedCommandFetcher:[67] - Fetch commands: 0 success, cost: 0ms, totalSlot: 1, currentSlotIndex: 0
[INFO] 2025-10-13 10:12:34.286 +0800 o.a.d.s.m.c.IdSlotBasedCommandFetcher:[67] - Fetch commands: 0 success, cost: 0ms, totalSlot: 1, currentSlotIndex: 0
[INFO] 2025-10-13 10:12:35.291 +0800 o.a.d.s.m.c.IdSlotBasedCommandFetcher:[67] - Fetch commands: 0 success, cost: 0ms, totalSlot: 1, currentSlotIndex: 0
[INFO] 2025-10-13 10:12:36.302 +0800 o.a.d.s.m.c.IdSlotBasedCommandFetcher:[67] - Fetch commands: 0 success, cost: 0ms, totalSlot: 1, currentSlotIndex: 0
[INFO] 2025-10-13 10:12:37.308 +0800 o.a.d.s.m.c.IdSlotBasedCommandFetcher:[67] - Fetch commands: 0 success, cost: 0ms, totalSlot: 1, currentSlotIndex: 0
[INFO] 2025-10-13 10:12:37.589 +0800 o.a.d.s.m.r.t.TaskGroupCoordinator:[187] - Success amend TaskGroupQueue status cost: 0/ms
[INFO] 2025-10-13 10:12:37.589 +0800 o.a.d.s.m.r.t.TaskGroupCoordinator:[241] - Success deal with force start TaskGroupQueue cost: 0/ms
[INFO] 2025-10-13 10:12:37.589 +0800 o.a.d.s.m.r.t.TaskGroupCoordinator:[129] - TaskGroupCoordinator round time cost: 1/ms
[INFO] 2025-10-13 10:12:38.323 +0800 o.a.d.s.m.c.IdSlotBasedCommandFetcher:[67] - Fetch commands: 0 success, cost: 0ms, totalSlot: 1, currentSlotIndex: 0
[INFO] 2025-10-13 10:12:39.332 +0800 o.a.d.s.m.c.IdSlotBasedCommandFetcher:[67] - Fetch commands: 0 success, cost: 0ms, totalSlot: 1, currentSlotIndex: 0
[INFO] 2025-10-13 10:12:40.342 +0800 o.a.d.s.m.c.IdSlotBasedCommandFetcher:[67] - Fetch commands: 0 success, cost: 0ms, totalSlot: 1, currentSlotIndex: 0
[INFO] 2025-10-13 10:12:41.568 +0800 o.a.d.s.m.c.IdSlotBasedCommandFetcher:[67] - Fetch commands: 0 success, cost: 0ms, totalSlot: 1, currentSlotIndex: 0
[INFO] 2025-10-13 10:12:42.599 +0800 o.a.d.s.m.r.t.TaskGroupCoordinator:[187] - Success amend TaskGroupQueue status cost: 0/ms
[INFO] 2025-10-13 10:12:42.599 +0800 o.a.d.s.m.r.t.TaskGroupCoordinator:[241] - Success deal with force start TaskGroupQueue cost: 0/ms
[INFO] 2025-10-13 10:12:42.599 +0800 o.a.d.s.m.r.t.TaskGroupCoordinator:[129] - TaskGroupCoordinator round time cost: 0/ms
[INFO] 2025-10-13 10:12:42.655 +0800 o.a.d.s.m.c.IdSlotBasedCommandFetcher:[67] - Fetch commands: 0 success, cost: 0ms, totalSlot: 1, currentSlotIndex: 0
[INFO] 2025-10-13 10:12:43.748 +0800 o.a.d.s.m.c.IdSlotBasedCommandFetcher:[67] - Fetch commands: 0 success, cost: 1ms, totalSlot: 1, currentSlotIndex: 0
[INFO] 2025-10-13 10:12:44.825 +0800 o.a.d.s.m.c.IdSlotBasedCommandFetcher:[67] - Fetch commands: 0 success, cost: 0ms, totalSlot: 1, currentSlotIndex: 0
[INFO] 2025-10-13 10:12:45.910 +0800 o.a.d.s.m.c.IdSlotBasedCommandFetcher:[67] - Fetch commands: 0 success, cost: 1ms, totalSlot: 1, currentSlotIndex: 0
[INFO] 2025-10-13 10:12:47.000 +0800 o.a.d.s.m.c.IdSlotBasedCommandFetcher:[67] - Fetch commands: 0 success, cost: 1ms, totalSlot: 1, currentSlotIndex: 0
[INFO] 2025-10-13 10:12:47.615 +0800 o.a.d.s.m.r.t.TaskGroupCoordinator:[187] - Success amend TaskGroupQueue status cost: 0/ms
[INFO] 2025-10-13 10:12:47.616 +0800 o.a.d.s.m.r.t.TaskGroupCoordinator:[241] - Success deal with force start TaskGroupQueue cost: 0/ms
[INFO] 2025-10-13 10:12:47.616 +0800 o.a.d.s.m.r.t.TaskGroupCoordinator:[129] - TaskGroupCoordinator round time cost: 2/ms
[INFO] 2025-10-13 10:12:48.102 +0800 o.a.d.s.m.c.IdSlotBasedCommandFetcher:[67] - Fetch commands: 0 success, cost: 0ms, totalSlot: 1, currentSlotIndex: 0
[INFO] 2025-10-13 10:12:49.188 +0800 o.a.d.s.m.c.IdSlotBasedCommandFetcher:[67] - Fetch commands: 0 success, cost: 0ms, totalSlot: 1, currentSlotIndex: 0
[INFO] 2025-10-13 10:12:50.201 +0800 o.a.d.s.m.c.IdSlotBasedCommandFetcher:[67] - Fetch commands: 0 success, cost: 0ms, totalSlot: 1, currentSlotIndex: 0
[INFO] 2025-10-13 10:12:51.217 +0800 o.a.d.s.m.c.IdSlotBasedCommandFetcher:[67] - Fetch commands: 0 success, cost: 1ms, totalSlot: 1, currentSlotIndex: 0
[INFO] 2025-10-13 10:12:52.219 +0800 o.a.d.s.m.c.IdSlotBasedCommandFetcher:[67] - Fetch commands: 0 success, cost: 0ms, totalSlot: 1, currentSlotIndex: 0
[INFO] 2025-10-13 10:12:52.631 +0800 o.a.d.s.m.r.t.TaskGroupCoordinator:[187] - Success amend TaskGroupQueue status cost: 0/ms
[INFO] 2025-10-13 10:12:52.631 +0800 o.a.d.s.m.r.t.TaskGroupCoordinator:[241] - Success deal with force start TaskGroupQueue cost: 0/ms
[INFO] 2025-10-13 10:12:52.631 +0800 o.a.d.s.m.r.t.TaskGroupCoordinator:[129] - TaskGroupCoordinator round time cost: 1/ms
[INFO] 2025-10-13 10:12:53.224 +0800 o.a.d.s.m.c.IdSlotBasedCommandFetcher:[67] - Fetch commands: 0 success, cost: 0ms, totalSlot: 1, currentSlotIndex: 0
[INFO] 2025-10-13 10:12:54.234 +0800 o.a.d.s.m.c.IdSlotBasedCommandFetcher:[67] - Fetch commands: 0 success, cost: 0ms, totalSlot: 1, currentSlotIndex: 0
[INFO] 2025-10-13 10:12:55.238 +0800 o.a.d.s.m.c.IdSlotBasedCommandFetcher:[67] - Fetch commands: 0 success, cost: 0ms, totalSlot: 1, currentSlotIndex: 0
[INFO] 2025-10-13 10:12:56.250 +0800 o.a.d.s.m.c.IdSlotBasedCommandFetcher:[67] - Fetch commands: 0 success, cost: 0ms, totalSlot: 1, currentSlotIndex: 0
[INFO] 2025-10-13 10:12:57.258 +0800 o.a.d.s.m.c.IdSlotBasedCommandFetcher:[67] - Fetch commands: 0 success, cost: 0ms, totalSlot: 1, currentSlotIndex: 0
[INFO] 2025-10-13 10:12:57.648 +0800 o.a.d.s.m.r.t.TaskGroupCoordinator:[187] - Success amend TaskGroupQueue status cost: 0/ms
[INFO] 2025-10-13 10:12:57.649 +0800 o.a.d.s.m.r.t.TaskGroupCoordinator:[241] - Success deal with force start TaskGroupQueue cost: 0/ms
[INFO] 2025-10-13 10:12:57.649 +0800 o.a.d.s.m.r.t.TaskGroupCoordinator:[129] - TaskGroupCoordinator round time cost: 1/ms
[INFO] 2025-10-13 10:12:58.263 +0800 o.a.d.s.m.c.IdSlotBasedCommandFetcher:[67] - Fetch commands: 0 success, cost: 1ms, totalSlot: 1, currentSlotIndex: 0
[INFO] 2025-10-13 10:12:59.272 +0800 o.a.d.s.m.c.IdSlotBasedCommandFetcher:[67] - Fetch commands: 0 success, cost: 0ms, totalSlot: 1, currentSlotIndex: 0
[INFO] 2025-10-13 10:13:00.283 +0800 o.a.d.s.m.c.IdSlotBasedCommandFetcher:[67] - Fetch commands: 0 success, cost: 0ms, totalSlot: 1, currentSlotIndex: 0
[INFO] 2025-10-13 10:13:01.367 +0800 o.a.d.s.m.c.IdSlotBasedCommandFetcher:[67] - Fetch commands: 0 success, cost: 0ms, totalSlot: 1, currentSlotIndex: 0
[INFO] 2025-10-13 10:13:02.457 +0800 o.a.d.s.m.c.IdSlotBasedCommandFetcher:[67] - Fetch commands: 0 success, cost: 0ms, totalSlot: 1, currentSlotIndex: 0
[INFO] 2025-10-13 10:13:02.662 +0800 o.a.d.s.m.r.t.TaskGroupCoordinator:[187] - Success amend TaskGroupQueue status cost: 0/ms
[INFO] 2025-10-13 10:13:02.662 +0800 o.a.d.s.m.r.t.TaskGroupCoordinator:[241] - Success deal with force start TaskGroupQueue cost: 0/ms
[INFO] 2025-10-13 10:13:02.662 +0800 o.a.d.s.m.r.t.TaskGroupCoordinator:[129] - TaskGroupCoordinator round time cost: 1/ms
[INFO] 2025-10-13 10:13:03.531 +0800 o.a.d.s.m.c.IdSlotBasedCommandFetcher:[67] - Fetch commands: 0 success, cost: 0ms, totalSlot: 1, currentSlotIndex: 0
[INFO] 2025-10-13 10:13:04.598 +0800 o.a.d.s.m.c.IdSlotBasedCommandFetcher:[67] - Fetch commands: 0 success, cost: 0ms, totalSlot: 1, currentSlotIndex: 0
[INFO] 2025-10-13 10:13:05.668 +0800 o.a.d.s.m.c.IdSlotBasedCommandFetcher:[67] - Fetch commands: 0 success, cost: 0ms, totalSlot: 1, currentSlotIndex: 0
[INFO] 2025-10-13 10:13:06.829 +0800 o.a.d.s.m.c.IdSlotBasedCommandFetcher:[67] - Fetch commands: 0 success, cost: 1ms, totalSlot: 1, currentSlotIndex: 0
[INFO] 2025-10-13 10:13:07.670 +0800 o.a.d.s.m.r.t.TaskGroupCoordinator:[187] - Success amend TaskGroupQueue status cost: 0/ms
[INFO] 2025-10-13 10:13:07.670 +0800 o.a.d.s.m.r.t.TaskGroupCoordinator:[241] - Success deal with force start TaskGroupQueue cost: 0/ms
[INFO] 2025-10-13 10:13:07.670 +0800 o.a.d.s.m.r.t.TaskGroupCoordinator:[129] - TaskGroupCoordinator round time cost: 1/ms
[INFO] 2025-10-13 10:13:07.832 +0800 o.a.d.s.m.c.IdSlotBasedCommandFetcher:[67] - Fetch commands: 0 success, cost: 0ms, totalSlot: 1, currentSlotIndex: 0
[INFO] 2025-10-13 10:13:08.844 +0800 o.a.d.s.m.c.IdSlotBasedCommandFetcher:[67] - Fetch commands: 0 success, cost: 0ms, totalSlot: 1, currentSlotIndex: 0
[INFO] 2025-10-13 10:13:09.856 +0800 o.a.d.s.m.c.IdSlotBasedCommandFetcher:[67] - Fetch commands: 0 success, cost: 0ms, totalSlot: 1, currentSlotIndex: 0
[INFO] 2025-10-13 10:13:10.869 +0800 o.a.d.s.m.c.IdSlotBasedCommandFetcher:[67] - Fetch commands: 0 success, cost: 0ms, totalSlot: 1, currentSlotIndex: 0
[INFO] 2025-10-13 10:13:11.875 +0800 o.a.d.s.m.c.IdSlotBasedCommandFetcher:[67] - Fetch commands: 0 success, cost: 0ms, totalSlot: 1, currentSlotIndex: 0
[INFO] 2025-10-13 10:13:12.676 +0800 o.a.d.s.m.r.t.TaskGroupCoordinator:[187] - Success amend TaskGroupQueue status cost: 0/ms
[INFO] 2025-10-13 10:13:12.677 +0800 o.a.d.s.m.r.t.TaskGroupCoordinator:[241] - Success deal with force start TaskGroupQueue cost: 0/ms
[INFO] 2025-10-13 10:13:12.677 +0800 o.a.d.s.m.r.t.TaskGroupCoordinator:[129] - TaskGroupCoordinator round time cost: 0/ms
[INFO] 2025-10-13 10:13:12.877 +0800 o.a.d.s.m.c.IdSlotBasedCommandFetcher:[67] - Fetch commands: 0 success, cost: 0ms, totalSlot: 1, currentSlotIndex: 0
[INFO] 2025-10-13 10:13:13.886 +0800 o.a.d.s.m.c.IdSlotBasedCommandFetcher:[67] - Fetch commands: 0 success, cost: 0ms, totalSlot: 1, currentSlotIndex: 0
[INFO] 2025-10-13 10:13:14.897 +0800 o.a.d.s.m.c.IdSlotBasedCommandFetcher:[67] - Fetch commands: 0 success, cost: 0ms, totalSlot: 1, currentSlotIndex: 0
[INFO] 2025-10-13 10:13:15.912 +0800 o.a.d.s.m.c.IdSlotBasedCommandFetcher:[67] - Fetch commands: 0 success, cost: 0ms, totalSlot: 1, currentSlotIndex: 0
[INFO] 2025-10-13 10:13:16.916 +0800 o.a.d.s.m.c.IdSlotBasedCommandFetcher:[67] - Fetch commands: 0 success, cost: 0ms, totalSlot: 1, currentSlotIndex: 0
[INFO] 2025-10-13 10:13:17.688 +0800 o.a.d.s.m.r.t.TaskGroupCoordinator:[187] - Success amend TaskGroupQueue status cost: 0/ms
[INFO] 2025-10-13 10:13:17.688 +0800 o.a.d.s.m.r.t.TaskGroupCoordinator:[241] - Success deal with force start TaskGroupQueue cost: 0/ms
[INFO] 2025-10-13 10:13:17.688 +0800 o.a.d.s.m.r.t.TaskGroupCoordinator:[129] - TaskGroupCoordinator round time cost: 1/ms
[INFO] 2025-10-13 10:13:17.916 +0800 o.a.d.s.m.c.IdSlotBasedCommandFetcher:[67] - Fetch commands: 0 success, cost: 0ms, totalSlot: 1, currentSlotIndex: 0
[INFO] 2025-10-13 10:13:19.114 +0800 o.a.d.s.m.c.IdSlotBasedCommandFetcher:[67] - Fetch commands: 0 success, cost: 1ms, totalSlot: 1, currentSlotIndex: 0
[INFO] 2025-10-13 10:13:20.115 +0800 o.a.d.s.m.c.IdSlotBasedCommandFetcher:[67] - Fetch commands: 0 success, cost: 0ms, totalSlot: 1, currentSlotIndex: 0
[INFO] 2025-10-13 10:13:21.123 +0800 o.a.d.s.m.c.IdSlotBasedCommandFetcher:[67] - Fetch commands: 0 success, cost: 0ms, totalSlot: 1, currentSlotIndex: 0
[INFO] 2025-10-13 10:13:22.135 +0800 o.a.d.s.m.c.IdSlotBasedCommandFetcher:[67] - Fetch commands: 0 success, cost: 0ms, totalSlot: 1, currentSlotIndex: 0
[INFO] 2025-10-13 10:13:22.698 +0800 o.a.d.s.m.r.t.TaskGroupCoordinator:[187] - Success amend TaskGroupQueue status cost: 0/ms
[INFO] 2025-10-13 10:13:22.699 +0800 o.a.d.s.m.r.t.TaskGroupCoordinator:[241] - Success deal with force start TaskGroupQueue cost: 0/ms
[INFO] 2025-10-13 10:13:22.699 +0800 o.a.d.s.m.r.t.TaskGroupCoordinator:[129] - TaskGroupCoordinator round time cost: 0/ms
[INFO] 2025-10-13 10:13:23.136 +0800 o.a.d.s.m.c.IdSlotBasedCommandFetcher:[67] - Fetch commands: 0 success, cost: 0ms, totalSlot: 1, currentSlotIndex: 0
[INFO] 2025-10-13 10:13:24.149 +0800 o.a.d.s.m.c.IdSlotBasedCommandFetcher:[67] - Fetch commands: 0 success, cost: 0ms, totalSlot: 1, currentSlotIndex: 0
[INFO] 2025-10-13 10:13:25.151 +0800 o.a.d.s.m.c.IdSlotBasedCommandFetcher:[67] - Fetch commands: 0 success, cost: 0ms, totalSlot: 1, currentSlotIndex: 0
[INFO] 2025-10-13 10:13:26.161 +0800 o.a.d.s.m.c.IdSlotBasedCommandFetcher:[67] - Fetch commands: 0 success, cost: 0ms, totalSlot: 1, currentSlotIndex: 0
[INFO] 2025-10-13 10:13:27.162 +0800 o.a.d.s.m.c.IdSlotBasedCommandFetcher:[67] - Fetch commands: 0 success, cost: 0ms, totalSlot: 1, currentSlotIndex: 0
[INFO] 2025-10-13 10:13:27.718 +0800 o.a.d.s.m.r.t.TaskGroupCoordinator:[187] - Success amend TaskGroupQueue status cost: 0/ms
[INFO] 2025-10-13 10:13:27.719 +0800 o.a.d.s.m.r.t.TaskGroupCoordinator:[241] - Success deal with force start TaskGroupQueue cost: 0/ms
[INFO] 2025-10-13 10:13:27.719 +0800 o.a.d.s.m.r.t.TaskGroupCoordinator:[129] - TaskGroupCoordinator round time cost: 2/ms
[INFO] 2025-10-13 10:13:28.164 +0800 o.a.d.s.m.c.IdSlotBasedCommandFetcher:[67] - Fetch commands: 0 success, cost: 0ms, totalSlot: 1, currentSlotIndex: 0
[INFO] 2025-10-13 10:13:29.173 +0800 o.a.d.s.m.c.IdSlotBasedCommandFetcher:[67] - Fetch commands: 0 success, cost: 0ms, totalSlot: 1, currentSlotIndex: 0
[INFO] 2025-10-13 10:13:30.181 +0800 o.a.d.s.m.c.IdSlotBasedCommandFetcher:[67] - Fetch commands: 0 success, cost: 0ms, totalSlot: 1, currentSlotIndex: 0
[INFO] 2025-10-13 10:13:31.191 +0800 o.a.d.s.m.c.IdSlotBasedCommandFetcher:[67] - Fetch commands: 0 success, cost: 1ms, totalSlot: 1, currentSlotIndex: 0
[INFO] 2025-10-13 10:13:32.195 +0800 o.a.d.s.m.c.IdSlotBasedCommandFetcher:[67] - Fetch commands: 0 success, cost: 0ms, totalSlot: 1, currentSlotIndex: 0
[INFO] 2025-10-13 10:13:32.730 +0800 o.a.d.s.m.r.t.TaskGroupCoordinator:[187] - Success amend TaskGroupQueue status cost: 0/ms
[INFO] 2025-10-13 10:13:32.730 +0800 o.a.d.s.m.r.t.TaskGroupCoordinator:[241] - Success deal with force start TaskGroupQueue cost: 0/ms
[INFO] 2025-10-13 10:13:32.731 +0800 o.a.d.s.m.r.t.TaskGroupCoordinator:[129] - TaskGroupCoordinator round time cost: 0/ms
[INFO] 2025-10-13 10:13:33.206 +0800 o.a.d.s.m.c.IdSlotBasedCommandFetcher:[67] - Fetch commands: 0 success, cost: 0ms, totalSlot: 1, currentSlotIndex: 0
[INFO] 2025-10-13 10:13:34.207 +0800 o.a.d.s.m.c.IdSlotBasedCommandFetcher:[67] - Fetch commands: 0 success, cost: 0ms, totalSlot: 1, currentSlotIndex: 0
[INFO] 2025-10-13 10:13:35.222 +0800 o.a.d.s.m.c.IdSlotBasedCommandFetcher:[67] - Fetch commands: 0 success, cost: 0ms, totalSlot: 1, currentSlotIndex: 0
[INFO] 2025-10-13 10:13:36.222 +0800 o.a.d.s.m.c.IdSlotBasedCommandFetcher:[67] - Fetch commands: 0 success, cost: 0ms, totalSlot: 1, currentSlotIndex: 0
[INFO] 2025-10-13 10:13:37.223 +0800 o.a.d.s.m.c.IdSlotBasedCommandFetcher:[67] - Fetch commands: 0 success, cost: 0ms, totalSlot: 1, currentSlotIndex: 0
[INFO] 2025-10-13 10:13:37.745 +0800 o.a.d.s.m.r.t.TaskGroupCoordinator:[187] - Success amend TaskGroupQueue status cost: 0/ms
[INFO] 2025-10-13 10:13:37.746 +0800 o.a.d.s.m.r.t.TaskGroupCoordinator:[241] - Success deal with force start TaskGroupQueue cost: 0/ms
[INFO] 2025-10-13 10:13:37.746 +0800 o.a.d.s.m.r.t.TaskGroupCoordinator:[129] - TaskGroupCoordinator round time cost: 1/ms
[INFO] 2025-10-13 10:13:38.224 +0800 o.a.d.s.m.c.IdSlotBasedCommandFetcher:[67] - Fetch commands: 0 success, cost: 0ms, totalSlot: 1, currentSlotIndex: 0
[INFO] 2025-10-13 10:13:39.225 +0800 o.a.d.s.m.c.IdSlotBasedCommandFetcher:[67] - Fetch commands: 0 success, cost: 0ms, totalSlot: 1, currentSlotIndex: 0
[INFO] 2025-10-13 10:13:40.226 +0800 o.a.d.s.m.c.IdSlotBasedCommandFetcher:[67] - Fetch commands: 0 success, cost: 0ms, totalSlot: 1, currentSlotIndex: 0
[INFO] 2025-10-13 10:13:41.226 +0800 o.a.d.s.m.c.IdSlotBasedCommandFetcher:[67] - Fetch commands: 0 success, cost: 0ms, totalSlot: 1, currentSlotIndex: 0
[INFO] 2025-10-13 10:13:42.227 +0800 o.a.d.s.m.c.IdSlotBasedCommandFetcher:[67] - Fetch commands: 0 success, cost: 0ms, totalSlot: 1, currentSlotIndex: 0
[INFO] 2025-10-13 10:13:42.756 +0800 o.a.d.s.m.r.t.TaskGroupCoordinator:[187] - Success amend TaskGroupQueue status cost: 0/ms
[INFO] 2025-10-13 10:13:42.757 +0800 o.a.d.s.m.r.t.TaskGroupCoordinator:[241] - Success deal with force start TaskGroupQueue cost: 0/ms
[INFO] 2025-10-13 10:13:42.757 +0800 o.a.d.s.m.r.t.TaskGroupCoordinator:[129] - TaskGroupCoordinator round time cost: 0/ms
[INFO] 2025-10-13 10:13:43.369 +0800 o.a.d.s.m.c.IdSlotBasedCommandFetcher:[67] - Fetch commands: 0 success, cost: 1ms, totalSlot: 1, currentSlotIndex: 0
[INFO] 2025-10-13 10:13:44.435 +0800 o.a.d.s.m.c.IdSlotBasedCommandFetcher:[67] - Fetch commands: 0 success, cost: 1ms, totalSlot: 1, currentSlotIndex: 0
[INFO] 2025-10-13 10:13:45.504 +0800 o.a.d.s.m.c.IdSlotBasedCommandFetcher:[67] - Fetch commands: 0 success, cost: 0ms, totalSlot: 1, currentSlotIndex: 0
[INFO] 2025-10-13 10:13:46.570 +0800 o.a.d.s.m.c.IdSlotBasedCommandFetcher:[67] - Fetch commands: 0 success, cost: 0ms, totalSlot: 1, currentSlotIndex: 0
[INFO] 2025-10-13 10:13:47.637 +0800 o.a.d.s.m.c.IdSlotBasedCommandFetcher:[67] - Fetch commands: 0 success, cost: 0ms, totalSlot: 1, currentSlotIndex: 0
[INFO] 2025-10-13 10:13:47.764 +0800 o.a.d.s.m.r.t.TaskGroupCoordinator:[187] - Success amend TaskGroupQueue status cost: 0/ms
[INFO] 2025-10-13 10:13:47.764 +0800 o.a.d.s.m.r.t.TaskGroupCoordinator:[241] - Success deal with force start TaskGroupQueue cost: 0/ms
[INFO] 2025-10-13 10:13:47.764 +0800 o.a.d.s.m.r.t.TaskGroupCoordinator:[129] - TaskGroupCoordinator round time cost: 1/ms
[INFO] 2025-10-13 10:13:48.704 +0800 o.a.d.s.m.c.IdSlotBasedCommandFetcher:[67] - Fetch commands: 0 success, cost: 0ms, totalSlot: 1, currentSlotIndex: 0
[INFO] 2025-10-13 10:13:49.779 +0800 o.a.d.s.m.c.IdSlotBasedCommandFetcher:[67] - Fetch commands: 0 success, cost: 0ms, totalSlot: 1, currentSlotIndex: 0
[INFO] 2025-10-13 10:13:50.907 +0800 o.a.d.s.m.c.IdSlotBasedCommandFetcher:[67] - Fetch commands: 0 success, cost: 0ms, totalSlot: 1, currentSlotIndex: 0
[INFO] 2025-10-13 10:13:51.909 +0800 o.a.d.s.m.c.IdSlotBasedCommandFetcher:[67] - Fetch commands: 0 success, cost: 0ms, totalSlot: 1, currentSlotIndex: 0
[INFO] 2025-10-13 10:13:52.774 +0800 o.a.d.s.m.r.t.TaskGroupCoordinator:[187] - Success amend TaskGroupQueue status cost: 0/ms
[INFO] 2025-10-13 10:13:52.774 +0800 o.a.d.s.m.r.t.TaskGroupCoordinator:[241] - Success deal with force start TaskGroupQueue cost: 0/ms
[INFO] 2025-10-13 10:13:52.775 +0800 o.a.d.s.m.r.t.TaskGroupCoordinator:[129] - TaskGroupCoordinator round time cost: 0/ms
[INFO] 2025-10-13 10:13:52.924 +0800 o.a.d.s.m.c.IdSlotBasedCommandFetcher:[67] - Fetch commands: 0 success, cost: 0ms, totalSlot: 1, currentSlotIndex: 0
[INFO] 2025-10-13 10:13:53.925 +0800 o.a.d.s.m.c.IdSlotBasedCommandFetcher:[67] - Fetch commands: 0 success, cost: 0ms, totalSlot: 1, currentSlotIndex: 0
[INFO] 2025-10-13 10:13:54.939 +0800 o.a.d.s.m.c.IdSlotBasedCommandFetcher:[67] - Fetch commands: 0 success, cost: 1ms, totalSlot: 1, currentSlotIndex: 0
[INFO] 2025-10-13 10:13:55.944 +0800 o.a.d.s.m.c.IdSlotBasedCommandFetcher:[67] - Fetch commands: 0 success, cost: 0ms, totalSlot: 1, currentSlotIndex: 0
[INFO] 2025-10-13 10:13:56.944 +0800 o.a.d.s.m.c.IdSlotBasedCommandFetcher:[67] - Fetch commands: 0 success, cost: 0ms, totalSlot: 1, currentSlotIndex: 0
[INFO] 2025-10-13 10:13:57.785 +0800 o.a.d.s.m.r.t.TaskGroupCoordinator:[187] - Success amend TaskGroupQueue status cost: 0/ms
[INFO] 2025-10-13 10:13:57.785 +0800 o.a.d.s.m.r.t.TaskGroupCoordinator:[241] - Success deal with force start TaskGroupQueue cost: 0/ms
[INFO] 2025-10-13 10:13:57.785 +0800 o.a.d.s.m.r.t.TaskGroupCoordinator:[129] - TaskGroupCoordinator round time cost: 1/ms
[INFO] 2025-10-13 10:13:57.948 +0800 o.a.d.s.m.c.IdSlotBasedCommandFetcher:[67] - Fetch commands: 0 success, cost: 0ms, totalSlot: 1, currentSlotIndex: 0
[INFO] 2025-10-13 10:13:58.951 +0800 o.a.d.s.m.c.IdSlotBasedCommandFetcher:[67] - Fetch commands: 0 success, cost: 0ms, totalSlot: 1, currentSlotIndex: 0
[INFO] 2025-10-13 10:13:59.952 +0800 o.a.d.s.m.c.IdSlotBasedCommandFetcher:[67] - Fetch commands: 0 success, cost: 0ms, totalSlot: 1, currentSlotIndex: 0
[INFO] 2025-10-13 10:14:00.955 +0800 o.a.d.s.m.c.IdSlotBasedCommandFetcher:[67] - Fetch commands: 0 success, cost: 0ms, totalSlot: 1, currentSlotIndex: 0
[INFO] 2025-10-13 10:14:01.956 +0800 o.a.d.s.m.c.IdSlotBasedCommandFetcher:[67] - Fetch commands: 0 success, cost: 0ms, totalSlot: 1, currentSlotIndex: 0
[INFO] 2025-10-13 10:14:02.790 +0800 o.a.d.s.m.r.t.TaskGroupCoordinator:[187] - Success amend TaskGroupQueue status cost: 0/ms
[INFO] 2025-10-13 10:14:02.791 +0800 o.a.d.s.m.r.t.TaskGroupCoordinator:[241] - Success deal with force start TaskGroupQueue cost: 0/ms
[INFO] 2025-10-13 10:14:02.791 +0800 o.a.d.s.m.r.t.TaskGroupCoordinator:[129] - TaskGroupCoordinator round time cost: 1/ms
[INFO] 2025-10-13 10:14:02.956 +0800 o.a.d.s.m.c.IdSlotBasedCommandFetcher:[67] - Fetch commands: 0 success, cost: 0ms, totalSlot: 1, currentSlotIndex: 0
[INFO] 2025-10-13 10:14:03.957 +0800 o.a.d.s.m.c.IdSlotBasedCommandFetcher:[67] - Fetch commands: 0 success, cost: 0ms, totalSlot: 1, currentSlotIndex: 0
[INFO] 2025-10-13 10:14:05.098 +0800 o.a.d.s.m.c.IdSlotBasedCommandFetcher:[67] - Fetch commands: 0 success, cost: 0ms, totalSlot: 1, currentSlotIndex: 0
[INFO] 2025-10-13 10:14:06.170 +0800 o.a.d.s.m.c.IdSlotBasedCommandFetcher:[67] - Fetch commands: 0 success, cost: 1ms, totalSlot: 1, currentSlotIndex: 0
[INFO] 2025-10-13 10:14:07.238 +0800 o.a.d.s.m.c.IdSlotBasedCommandFetcher:[67] - Fetch commands: 0 success, cost: 0ms, totalSlot: 1, currentSlotIndex: 0
[INFO] 2025-10-13 10:14:07.797 +0800 o.a.d.s.m.r.t.TaskGroupCoordinator:[187] - Success amend TaskGroupQueue status cost: 0/ms
[INFO] 2025-10-13 10:14:07.797 +0800 o.a.d.s.m.r.t.TaskGroupCoordinator:[241] - Success deal with force start TaskGroupQueue cost: 0/ms
[INFO] 2025-10-13 10:14:07.798 +0800 o.a.d.s.m.r.t.TaskGroupCoordinator:[129] - TaskGroupCoordinator round time cost: 1/ms
[INFO] 2025-10-13 10:14:08.307 +0800 o.a.d.s.m.c.IdSlotBasedCommandFetcher:[67] - Fetch commands: 0 success, cost: 1ms, totalSlot: 1, currentSlotIndex: 0
[INFO] 2025-10-13 10:14:09.431 +0800 o.a.d.s.m.c.IdSlotBasedCommandFetcher:[67] - Fetch commands: 0 success, cost: 0ms, totalSlot: 1, currentSlotIndex: 0
[INFO] 2025-10-13 10:14:10.432 +0800 o.a.d.s.m.c.IdSlotBasedCommandFetcher:[67] - Fetch commands: 0 success, cost: 0ms, totalSlot: 1, currentSlotIndex: 0
[INFO] 2025-10-13 10:14:11.432 +0800 o.a.d.s.m.c.IdSlotBasedCommandFetcher:[67] - Fetch commands: 0 success, cost: 0ms, totalSlot: 1, currentSlotIndex: 0
[INFO] 2025-10-13 10:14:12.433 +0800 o.a.d.s.m.c.IdSlotBasedCommandFetcher:[67] - Fetch commands: 0 success, cost: 0ms, totalSlot: 1, currentSlotIndex: 0
[INFO] 2025-10-13 10:14:12.804 +0800 o.a.d.s.m.r.t.TaskGroupCoordinator:[187] - Success amend TaskGroupQueue status cost: 0/ms
[INFO] 2025-10-13 10:14:12.804 +0800 o.a.d.s.m.r.t.TaskGroupCoordinator:[241] - Success deal with force start TaskGroupQueue cost: 0/ms
[INFO] 2025-10-13 10:14:12.804 +0800 o.a.d.s.m.r.t.TaskGroupCoordinator:[129] - TaskGroupCoordinator round time cost: 0/ms
[INFO] 2025-10-13 10:14:13.433 +0800 o.a.d.s.m.c.IdSlotBasedCommandFetcher:[67] - Fetch commands: 0 success, cost: 0ms, totalSlot: 1, currentSlotIndex: 0
[INFO] 2025-10-13 10:14:14.434 +0800 o.a.d.s.m.c.IdSlotBasedCommandFetcher:[67] - Fetch commands: 0 success, cost: 0ms, totalSlot: 1, currentSlotIndex: 0
[INFO] 2025-10-13 10:14:15.434 +0800 o.a.d.s.m.c.IdSlotBasedCommandFetcher:[67] - Fetch commands: 0 success, cost: 0ms, totalSlot: 1, currentSlotIndex: 0
[INFO] 2025-10-13 10:14:16.435 +0800 o.a.d.s.m.c.IdSlotBasedCommandFetcher:[67] - Fetch commands: 0 success, cost: 0ms, totalSlot: 1, currentSlotIndex: 0
[INFO] 2025-10-13 10:14:17.435 +0800 o.a.d.s.m.c.IdSlotBasedCommandFetcher:[67] - Fetch commands: 0 success, cost: 0ms, totalSlot: 1, currentSlotIndex: 0
[INFO] 2025-10-13 10:14:17.810 +0800 o.a.d.s.m.r.t.TaskGroupCoordinator:[187] - Success amend TaskGroupQueue status cost: 0/ms
[INFO] 2025-10-13 10:14:17.810 +0800 o.a.d.s.m.r.t.TaskGroupCoordinator:[241] - Success deal with force start TaskGroupQueue cost: 0/ms
[INFO] 2025-10-13 10:14:17.810 +0800 o.a.d.s.m.r.t.TaskGroupCoordinator:[129] - TaskGroupCoordinator round time cost: 0/ms
[INFO] 2025-10-13 10:14:18.436 +0800 o.a.d.s.m.c.IdSlotBasedCommandFetcher:[67] - Fetch commands: 0 success, cost: 0ms, totalSlot: 1, currentSlotIndex: 0
[INFO] 2025-10-13 10:14:19.437 +0800 o.a.d.s.m.c.IdSlotBasedCommandFetcher:[67] - Fetch commands: 0 success, cost: 0ms, totalSlot: 1, currentSlotIndex: 0
[INFO] 2025-10-13 10:14:20.438 +0800 o.a.d.s.m.c.IdSlotBasedCommandFetcher:[67] - Fetch commands: 0 success, cost: 0ms, totalSlot: 1, currentSlotIndex: 0
[INFO] 2025-10-13 10:14:21.439 +0800 o.a.d.s.m.c.IdSlotBasedCommandFetcher:[67] - Fetch commands: 0 success, cost: 0ms, totalSlot: 1, currentSlotIndex: 0
[INFO] 2025-10-13 10:14:22.543 +0800 o.a.d.s.m.c.IdSlotBasedCommandFetcher:[67] - Fetch commands: 0 success, cost: 0ms, totalSlot: 1, currentSlotIndex: 0
[INFO] 2025-10-13 10:14:22.815 +0800 o.a.d.s.m.r.t.TaskGroupCoordinator:[187] - Success amend TaskGroupQueue status cost: 0/ms
[INFO] 2025-10-13 10:14:22.815 +0800 o.a.d.s.m.r.t.TaskGroupCoordinator:[241] - Success deal with force start TaskGroupQueue cost: 0/ms
[INFO] 2025-10-13 10:14:22.815 +0800 o.a.d.s.m.r.t.TaskGroupCoordinator:[129] - TaskGroupCoordinator round time cost: 0/ms
[INFO] 2025-10-13 10:14:23.701 +0800 o.a.d.m.m.BaseServerLoadProtection:[43] - OverLoad: the system cpu usage: 1.0 is over then the maxSystemCpuUsagePercentageThresholds 0.9
[WARN] 2025-10-13 10:14:23.701 +0800 o.a.d.s.m.r.MasterSchedulerBootstrap:[120] - The current server is overload, cannot consumes commands.
[INFO] 2025-10-13 10:14:23.709 +0800 o.a.d.m.m.BaseServerLoadProtection:[43] - OverLoad: the system cpu usage: 1.0 is over then the maxSystemCpuUsagePercentageThresholds 0.9
[INFO] 2025-10-13 10:14:24.147 +0800 o.a.d.m.m.BaseServerLoadProtection:[43] - OverLoad: the system cpu usage: 1.0 is over then the maxSystemCpuUsagePercentageThresholds 0.9
[INFO] 2025-10-13 10:14:24.702 +0800 o.a.d.m.m.BaseServerLoadProtection:[43] - OverLoad: the system cpu usage: 1.0 is over then the maxSystemCpuUsagePercentageThresholds 0.9
[WARN] 2025-10-13 10:14:24.702 +0800 o.a.d.s.m.r.MasterSchedulerBootstrap:[120] - The current server is overload, cannot consumes commands.
[INFO] 2025-10-13 10:14:25.702 +0800 o.a.d.s.m.c.IdSlotBasedCommandFetcher:[67] - Fetch commands: 0 success, cost: 0ms, totalSlot: 1, currentSlotIndex: 0
[INFO] 2025-10-13 10:14:26.702 +0800 o.a.d.s.m.c.IdSlotBasedCommandFetcher:[67] - Fetch commands: 0 success, cost: 0ms, totalSlot: 1, currentSlotIndex: 0
[INFO] 2025-10-13 10:14:27.703 +0800 o.a.d.s.m.c.IdSlotBasedCommandFetcher:[67] - Fetch commands: 0 success, cost: 0ms, totalSlot: 1, currentSlotIndex: 0
[INFO] 2025-10-13 10:14:27.820 +0800 o.a.d.s.m.r.t.TaskGroupCoordinator:[187] - Success amend TaskGroupQueue status cost: 0/ms
[INFO] 2025-10-13 10:14:27.820 +0800 o.a.d.s.m.r.t.TaskGroupCoordinator:[241] - Success deal with force start TaskGroupQueue cost: 0/ms
[INFO] 2025-10-13 10:14:27.821 +0800 o.a.d.s.m.r.t.TaskGroupCoordinator:[129] - TaskGroupCoordinator round time cost: 1/ms
[INFO] 2025-10-13 10:14:28.705 +0800 o.a.d.s.m.c.IdSlotBasedCommandFetcher:[67] - Fetch commands: 0 success, cost: 0ms, totalSlot: 1, currentSlotIndex: 0
[INFO] 2025-10-13 10:14:29.705 +0800 o.a.d.s.m.c.IdSlotBasedCommandFetcher:[67] - Fetch commands: 0 success, cost: 0ms, totalSlot: 1, currentSlotIndex: 0
[INFO] 2025-10-13 10:14:30.705 +0800 o.a.d.s.m.c.IdSlotBasedCommandFetcher:[67] - Fetch commands: 0 success, cost: 0ms, totalSlot: 1, currentSlotIndex: 0
[INFO] 2025-10-13 10:14:31.706 +0800 o.a.d.s.m.c.IdSlotBasedCommandFetcher:[67] - Fetch commands: 0 success, cost: 0ms, totalSlot: 1, currentSlotIndex: 0
[INFO] 2025-10-13 10:14:32.707 +0800 o.a.d.s.m.c.IdSlotBasedCommandFetcher:[67] - Fetch commands: 0 success, cost: 0ms, totalSlot: 1, currentSlotIndex: 0
[INFO] 2025-10-13 10:14:32.827 +0800 o.a.d.s.m.r.t.TaskGroupCoordinator:[187] - Success amend TaskGroupQueue status cost: 0/ms
[INFO] 2025-10-13 10:14:32.827 +0800 o.a.d.s.m.r.t.TaskGroupCoordinator:[241] - Success deal with force start TaskGroupQueue cost: 0/ms
[INFO] 2025-10-13 10:14:32.827 +0800 o.a.d.s.m.r.t.TaskGroupCoordinator:[129] - TaskGroupCoordinator round time cost: 0/ms
[INFO] 2025-10-13 10:14:33.708 +0800 o.a.d.s.m.c.IdSlotBasedCommandFetcher:[67] - Fetch commands: 0 success, cost: 0ms, totalSlot: 1, currentSlotIndex: 0
[INFO] 2025-10-13 10:14:34.708 +0800 o.a.d.s.m.c.IdSlotBasedCommandFetcher:[67] - Fetch commands: 0 success, cost: 0ms, totalSlot: 1, currentSlotIndex: 0
[INFO] 2025-10-13 10:14:35.708 +0800 o.a.d.s.m.c.IdSlotBasedCommandFetcher:[67] - Fetch commands: 0 success, cost: 0ms, totalSlot: 1, currentSlotIndex: 0
[INFO] 2025-10-13 10:14:36.774 +0800 o.a.d.s.m.c.IdSlotBasedCommandFetcher:[67] - Fetch commands: 0 success, cost: 1ms, totalSlot: 1, currentSlotIndex: 0
[INFO] 2025-10-13 10:14:37.832 +0800 o.a.d.s.m.r.t.TaskGroupCoordinator:[187] - Success amend TaskGroupQueue status cost: 0/ms
[INFO] 2025-10-13 10:14:37.832 +0800 o.a.d.s.m.r.t.TaskGroupCoordinator:[241] - Success deal with force start TaskGroupQueue cost: 0/ms
[INFO] 2025-10-13 10:14:37.832 +0800 o.a.d.s.m.r.t.TaskGroupCoordinator:[129] - TaskGroupCoordinator round time cost: 0/ms
[INFO] 2025-10-13 10:14:37.854 +0800 o.a.d.s.m.c.IdSlotBasedCommandFetcher:[67] - Fetch commands: 0 success, cost: 1ms, totalSlot: 1, currentSlotIndex: 0
[INFO] 2025-10-13 10:14:38.922 +0800 o.a.d.s.m.c.IdSlotBasedCommandFetcher:[67] - Fetch commands: 0 success, cost: 0ms, totalSlot: 1, currentSlotIndex: 0
[INFO] 2025-10-13 10:14:39.992 +0800 o.a.d.s.m.c.IdSlotBasedCommandFetcher:[67] - Fetch commands: 0 success, cost: 0ms, totalSlot: 1, currentSlotIndex: 0
[INFO] 2025-10-13 10:14:41.066 +0800 o.a.d.s.m.c.IdSlotBasedCommandFetcher:[67] - Fetch commands: 0 success, cost: 0ms, totalSlot: 1, currentSlotIndex: 0
[INFO] 2025-10-13 10:14:42.129 +0800 o.a.d.s.m.c.IdSlotBasedCommandFetcher:[67] - Fetch commands: 0 success, cost: 1ms, totalSlot: 1, currentSlotIndex: 0
[INFO] 2025-10-13 10:14:42.841 +0800 o.a.d.s.m.r.t.TaskGroupCoordinator:[187] - Success amend TaskGroupQueue status cost: 0/ms
[INFO] 2025-10-13 10:14:42.842 +0800 o.a.d.s.m.r.t.TaskGroupCoordinator:[241] - Success deal with force start TaskGroupQueue cost: 0/ms
[INFO] 2025-10-13 10:14:42.842 +0800 o.a.d.s.m.r.t.TaskGroupCoordinator:[129] - TaskGroupCoordinator round time cost: 0/ms
[INFO] 2025-10-13 10:14:43.196 +0800 o.a.d.s.m.c.IdSlotBasedCommandFetcher:[67] - Fetch commands: 0 success, cost: 0ms, totalSlot: 1, currentSlotIndex: 0
[INFO] 2025-10-13 10:14:44.265 +0800 o.a.d.s.m.c.IdSlotBasedCommandFetcher:[67] - Fetch commands: 0 success, cost: 0ms, totalSlot: 1, currentSlotIndex: 0
[INFO] 2025-10-13 10:14:45.402 +0800 o.a.d.s.m.c.IdSlotBasedCommandFetcher:[67] - Fetch commands: 0 success, cost: 0ms, totalSlot: 1, currentSlotIndex: 0
[INFO] 2025-10-13 10:14:46.402 +0800 o.a.d.s.m.c.IdSlotBasedCommandFetcher:[67] - Fetch commands: 0 success, cost: 0ms, totalSlot: 1, currentSlotIndex: 0
[INFO] 2025-10-13 10:14:47.403 +0800 o.a.d.s.m.c.IdSlotBasedCommandFetcher:[67] - Fetch commands: 0 success, cost: 0ms, totalSlot: 1, currentSlotIndex: 0
[INFO] 2025-10-13 10:14:47.846 +0800 o.a.d.s.m.r.t.TaskGroupCoordinator:[187] - Success amend TaskGroupQueue status cost: 0/ms
[INFO] 2025-10-13 10:14:47.846 +0800 o.a.d.s.m.r.t.TaskGroupCoordinator:[241] - Success deal with force start TaskGroupQueue cost: 0/ms
[INFO] 2025-10-13 10:14:47.846 +0800 o.a.d.s.m.r.t.TaskGroupCoordinator:[129] - TaskGroupCoordinator round time cost: 1/ms
[INFO] 2025-10-13 10:14:48.403 +0800 o.a.d.s.m.c.IdSlotBasedCommandFetcher:[67] - Fetch commands: 0 success, cost: 0ms, totalSlot: 1, currentSlotIndex: 0
[INFO] 2025-10-13 10:14:49.403 +0800 o.a.d.s.m.c.IdSlotBasedCommandFetcher:[67] - Fetch commands: 0 success, cost: 0ms, totalSlot: 1, currentSlotIndex: 0
[INFO] 2025-10-13 10:14:50.404 +0800 o.a.d.s.m.c.IdSlotBasedCommandFetcher:[67] - Fetch commands: 0 success, cost: 0ms, totalSlot: 1, currentSlotIndex: 0
[INFO] 2025-10-13 10:14:51.404 +0800 o.a.d.s.m.c.IdSlotBasedCommandFetcher:[67] - Fetch commands: 0 success, cost: 0ms, totalSlot: 1, currentSlotIndex: 0
[INFO] 2025-10-13 10:14:52.405 +0800 o.a.d.s.m.c.IdSlotBasedCommandFetcher:[67] - Fetch commands: 0 success, cost: 0ms, totalSlot: 1, currentSlotIndex: 0
[INFO] 2025-10-13 10:14:52.851 +0800 o.a.d.s.m.r.t.TaskGroupCoordinator:[187] - Success amend TaskGroupQueue status cost: 0/ms
[INFO] 2025-10-13 10:14:52.851 +0800 o.a.d.s.m.r.t.TaskGroupCoordinator:[241] - Success deal with force start TaskGroupQueue cost: 0/ms
[INFO] 2025-10-13 10:14:52.852 +0800 o.a.d.s.m.r.t.TaskGroupCoordinator:[129] - TaskGroupCoordinator round time cost: 0/ms
[INFO] 2025-10-13 10:14:53.406 +0800 o.a.d.s.m.c.IdSlotBasedCommandFetcher:[67] - Fetch commands: 0 success, cost: 0ms, totalSlot: 1, currentSlotIndex: 0
[INFO] 2025-10-13 10:14:54.406 +0800 o.a.d.s.m.c.IdSlotBasedCommandFetcher:[67] - Fetch commands: 0 success, cost: 0ms, totalSlot: 1, currentSlotIndex: 0
[INFO] 2025-10-13 10:14:55.406 +0800 o.a.d.s.m.c.IdSlotBasedCommandFetcher:[67] - Fetch commands: 0 success, cost: 0ms, totalSlot: 1, currentSlotIndex: 0
[INFO] 2025-10-13 10:14:56.408 +0800 o.a.d.s.m.c.IdSlotBasedCommandFetcher:[67] - Fetch commands: 0 success, cost: 0ms, totalSlot: 1, currentSlotIndex: 0
[INFO] 2025-10-13 10:14:57.408 +0800 o.a.d.s.m.c.IdSlotBasedCommandFetcher:[67] - Fetch commands: 0 success, cost: 0ms, totalSlot: 1, currentSlotIndex: 0
[INFO] 2025-10-13 10:14:57.856 +0800 o.a.d.s.m.r.t.TaskGroupCoordinator:[187] - Success amend TaskGroupQueue status cost: 0/ms
[INFO] 2025-10-13 10:14:57.856 +0800 o.a.d.s.m.r.t.TaskGroupCoordinator:[241] - Success deal with force start TaskGroupQueue cost: 0/ms
[INFO] 2025-10-13 10:14:57.856 +0800 o.a.d.s.m.r.t.TaskGroupCoordinator:[129] - TaskGroupCoordinator round time cost: 0/ms
[INFO] 2025-10-13 10:14:58.553 +0800 o.a.d.s.m.c.IdSlotBasedCommandFetcher:[67] - Fetch commands: 0 success, cost: 1ms, totalSlot: 1, currentSlotIndex: 0
[INFO] 2025-10-13 10:14:59.619 +0800 o.a.d.s.m.c.IdSlotBasedCommandFetcher:[67] - Fetch commands: 0 success, cost: 0ms, totalSlot: 1, currentSlotIndex: 0
[INFO] 2025-10-13 10:15:00.702 +0800 o.a.d.s.m.c.IdSlotBasedCommandFetcher:[67] - Fetch commands: 0 success, cost: 0ms, totalSlot: 1, currentSlotIndex: 0
[INFO] 2025-10-13 10:15:01.784 +0800 o.a.d.s.m.c.IdSlotBasedCommandFetcher:[67] - Fetch commands: 0 success, cost: 0ms, totalSlot: 1, currentSlotIndex: 0
[INFO] 2025-10-13 10:15:02.857 +0800 o.a.d.s.m.c.IdSlotBasedCommandFetcher:[67] - Fetch commands: 0 success, cost: 0ms, totalSlot: 1, currentSlotIndex: 0
[INFO] 2025-10-13 10:15:02.863 +0800 o.a.d.s.m.r.t.TaskGroupCoordinator:[187] - Success amend TaskGroupQueue status cost: 0/ms
[INFO] 2025-10-13 10:15:02.863 +0800 o.a.d.s.m.r.t.TaskGroupCoordinator:[241] - Success deal with force start TaskGroupQueue cost: 0/ms
[INFO] 2025-10-13 10:15:02.863 +0800 o.a.d.s.m.r.t.TaskGroupCoordinator:[129] - TaskGroupCoordinator round time cost: 1/ms
[INFO] 2025-10-13 10:15:03.972 +0800 o.a.d.s.m.c.IdSlotBasedCommandFetcher:[67] - Fetch commands: 0 success, cost: 1ms, totalSlot: 1, currentSlotIndex: 0
[INFO] 2025-10-13 10:15:04.972 +0800 o.a.d.s.m.c.IdSlotBasedCommandFetcher:[67] - Fetch commands: 0 success, cost: 0ms, totalSlot: 1, currentSlotIndex: 0
[INFO] 2025-10-13 10:15:05.973 +0800 o.a.d.s.m.c.IdSlotBasedCommandFetcher:[67] - Fetch commands: 0 success, cost: 0ms, totalSlot: 1, currentSlotIndex: 0
[INFO] 2025-10-13 10:15:06.988 +0800 o.a.d.s.m.c.IdSlotBasedCommandFetcher:[67] - Fetch commands: 0 success, cost: 0ms, totalSlot: 1, currentSlotIndex: 0
[INFO] 2025-10-13 10:15:07.875 +0800 o.a.d.s.m.r.t.TaskGroupCoordinator:[187] - Success amend TaskGroupQueue status cost: 0/ms
[INFO] 2025-10-13 10:15:07.876 +0800 o.a.d.s.m.r.t.TaskGroupCoordinator:[241] - Success deal with force start TaskGroupQueue cost: 0/ms
[INFO] 2025-10-13 10:15:07.877 +0800 o.a.d.s.m.r.t.TaskGroupCoordinator:[129] - TaskGroupCoordinator round time cost: 1/ms
[INFO] 2025-10-13 10:15:07.997 +0800 o.a.d.s.m.c.IdSlotBasedCommandFetcher:[67] - Fetch commands: 0 success, cost: 0ms, totalSlot: 1, currentSlotIndex: 0
[INFO] 2025-10-13 10:15:09.000 +0800 o.a.d.s.m.c.IdSlotBasedCommandFetcher:[67] - Fetch commands: 0 success, cost: 0ms, totalSlot: 1, currentSlotIndex: 0
[INFO] 2025-10-13 10:15:10.006 +0800 o.a.d.s.m.c.IdSlotBasedCommandFetcher:[67] - Fetch commands: 0 success, cost: 0ms, totalSlot: 1, currentSlotIndex: 0
[INFO] 2025-10-13 10:15:11.014 +0800 o.a.d.s.m.c.IdSlotBasedCommandFetcher:[67] - Fetch commands: 0 success, cost: 0ms, totalSlot: 1, currentSlotIndex: 0
[INFO] 2025-10-13 10:15:12.018 +0800 o.a.d.s.m.c.IdSlotBasedCommandFetcher:[67] - Fetch commands: 0 success, cost: 0ms, totalSlot: 1, currentSlotIndex: 0
[INFO] 2025-10-13 10:15:12.895 +0800 o.a.d.s.m.r.t.TaskGroupCoordinator:[187] - Success amend TaskGroupQueue status cost: 0/ms
[INFO] 2025-10-13 10:15:12.895 +0800 o.a.d.s.m.r.t.TaskGroupCoordinator:[241] - Success deal with force start TaskGroupQueue cost: 0/ms
[INFO] 2025-10-13 10:15:12.895 +0800 o.a.d.s.m.r.t.TaskGroupCoordinator:[129] - TaskGroupCoordinator round time cost: 0/ms
[INFO] 2025-10-13 10:15:13.023 +0800 o.a.d.s.m.c.IdSlotBasedCommandFetcher:[67] - Fetch commands: 0 success, cost: 0ms, totalSlot: 1, currentSlotIndex: 0
[INFO] 2025-10-13 10:15:14.029 +0800 o.a.d.s.m.c.IdSlotBasedCommandFetcher:[67] - Fetch commands: 0 success, cost: 0ms, totalSlot: 1, currentSlotIndex: 0
[INFO] 2025-10-13 10:15:15.140 +0800 o.a.d.s.m.c.IdSlotBasedCommandFetcher:[67] - Fetch commands: 0 success, cost: 0ms, totalSlot: 1, currentSlotIndex: 0
[INFO] 2025-10-13 10:15:16.231 +0800 o.a.d.s.m.c.IdSlotBasedCommandFetcher:[67] - Fetch commands: 0 success, cost: 0ms, totalSlot: 1, currentSlotIndex: 0
[INFO] 2025-10-13 10:15:17.308 +0800 o.a.d.s.m.c.IdSlotBasedCommandFetcher:[67] - Fetch commands: 0 success, cost: 0ms, totalSlot: 1, currentSlotIndex: 0
[INFO] 2025-10-13 10:15:17.902 +0800 o.a.d.s.m.r.t.TaskGroupCoordinator:[187] - Success amend TaskGroupQueue status cost: 0/ms
[INFO] 2025-10-13 10:15:17.902 +0800 o.a.d.s.m.r.t.TaskGroupCoordinator:[241] - Success deal with force start TaskGroupQueue cost: 0/ms
[INFO] 2025-10-13 10:15:17.902 +0800 o.a.d.s.m.r.t.TaskGroupCoordinator:[129] - TaskGroupCoordinator round time cost: 1/ms
[INFO] 2025-10-13 10:15:18.397 +0800 o.a.d.s.m.c.IdSlotBasedCommandFetcher:[67] - Fetch commands: 0 success, cost: 0ms, totalSlot: 1, currentSlotIndex: 0
[INFO] 2025-10-13 10:15:19.493 +0800 o.a.d.s.m.c.IdSlotBasedCommandFetcher:[67] - Fetch commands: 0 success, cost: 0ms, totalSlot: 1, currentSlotIndex: 0
[INFO] 2025-10-13 10:15:20.557 +0800 o.a.d.s.m.c.IdSlotBasedCommandFetcher:[67] - Fetch commands: 0 success, cost: 1ms, totalSlot: 1, currentSlotIndex: 0
[INFO] 2025-10-13 10:15:21.623 +0800 o.a.d.s.m.c.IdSlotBasedCommandFetcher:[67] - Fetch commands: 0 success, cost: 0ms, totalSlot: 1, currentSlotIndex: 0
[INFO] 2025-10-13 10:15:22.702 +0800 o.a.d.s.m.c.IdSlotBasedCommandFetcher:[67] - Fetch commands: 0 success, cost: 0ms, totalSlot: 1, currentSlotIndex: 0
[INFO] 2025-10-13 10:15:22.915 +0800 o.a.d.s.m.r.t.TaskGroupCoordinator:[187] - Success amend TaskGroupQueue status cost: 0/ms
[INFO] 2025-10-13 10:15:22.915 +0800 o.a.d.s.m.r.t.TaskGroupCoordinator:[241] - Success deal with force start TaskGroupQueue cost: 0/ms
[INFO] 2025-10-13 10:15:22.915 +0800 o.a.d.s.m.r.t.TaskGroupCoordinator:[129] - TaskGroupCoordinator round time cost: 0/ms
[INFO] 2025-10-13 10:15:23.704 +0800 o.a.d.s.m.c.IdSlotBasedCommandFetcher:[67] - Fetch commands: 0 success, cost: 0ms, totalSlot: 1, currentSlotIndex: 0
[INFO] 2025-10-13 10:15:24.705 +0800 o.a.d.s.m.c.IdSlotBasedCommandFetcher:[67] - Fetch commands: 0 success, cost: 0ms, totalSlot: 1, currentSlotIndex: 0
[INFO] 2025-10-13 10:15:25.706 +0800 o.a.d.s.m.c.IdSlotBasedCommandFetcher:[67] - Fetch commands: 0 success, cost: 0ms, totalSlot: 1, currentSlotIndex: 0
[INFO] 2025-10-13 10:15:26.706 +0800 o.a.d.s.m.c.IdSlotBasedCommandFetcher:[67] - Fetch commands: 0 success, cost: 0ms, totalSlot: 1, currentSlotIndex: 0
[INFO] 2025-10-13 10:15:27.706 +0800 o.a.d.s.m.c.IdSlotBasedCommandFetcher:[67] - Fetch commands: 0 success, cost: 0ms, totalSlot: 1, currentSlotIndex: 0
[INFO] 2025-10-13 10:15:27.921 +0800 o.a.d.s.m.r.t.TaskGroupCoordinator:[187] - Success amend TaskGroupQueue status cost: 0/ms
[INFO] 2025-10-13 10:15:27.921 +0800 o.a.d.s.m.r.t.TaskGroupCoordinator:[241] - Success deal with force start TaskGroupQueue cost: 0/ms
[INFO] 2025-10-13 10:15:27.921 +0800 o.a.d.s.m.r.t.TaskGroupCoordinator:[129] - TaskGroupCoordinator round time cost: 0/ms
[INFO] 2025-10-13 10:15:28.706 +0800 o.a.d.s.m.c.IdSlotBasedCommandFetcher:[67] - Fetch commands: 0 success, cost: 0ms, totalSlot: 1, currentSlotIndex: 0
[INFO] 2025-10-13 10:15:29.706 +0800 o.a.d.s.m.c.IdSlotBasedCommandFetcher:[67] - Fetch commands: 0 success, cost: 0ms, totalSlot: 1, currentSlotIndex: 0
[INFO] 2025-10-13 10:15:30.706 +0800 o.a.d.s.m.c.IdSlotBasedCommandFetcher:[67] - Fetch commands: 0 success, cost: 0ms, totalSlot: 1, currentSlotIndex: 0
[INFO] 2025-10-13 10:15:31.707 +0800 o.a.d.s.m.c.IdSlotBasedCommandFetcher:[67] - Fetch commands: 0 success, cost: 0ms, totalSlot: 1, currentSlotIndex: 0
[INFO] 2025-10-13 10:15:32.708 +0800 o.a.d.s.m.c.IdSlotBasedCommandFetcher:[67] - Fetch commands: 0 success, cost: 0ms, totalSlot: 1, currentSlotIndex: 0
[INFO] 2025-10-13 10:15:32.926 +0800 o.a.d.s.m.r.t.TaskGroupCoordinator:[187] - Success amend TaskGroupQueue status cost: 0/ms
[INFO] 2025-10-13 10:15:32.926 +0800 o.a.d.s.m.r.t.TaskGroupCoordinator:[241] - Success deal with force start TaskGroupQueue cost: 0/ms
[INFO] 2025-10-13 10:15:32.927 +0800 o.a.d.s.m.r.t.TaskGroupCoordinator:[129] - TaskGroupCoordinator round time cost: 0/ms
[INFO] 2025-10-13 10:15:33.708 +0800 o.a.d.s.m.c.IdSlotBasedCommandFetcher:[67] - Fetch commands: 0 success, cost: 0ms, totalSlot: 1, currentSlotIndex: 0
[INFO] 2025-10-13 10:15:34.709 +0800 o.a.d.s.m.c.IdSlotBasedCommandFetcher:[67] - Fetch commands: 0 success, cost: 0ms, totalSlot: 1, currentSlotIndex: 0
[INFO] 2025-10-13 10:15:35.710 +0800 o.a.d.s.m.c.IdSlotBasedCommandFetcher:[67] - Fetch commands: 0 success, cost: 0ms, totalSlot: 1, currentSlotIndex: 0
[INFO] 2025-10-13 10:15:36.854 +0800 o.a.d.s.m.c.IdSlotBasedCommandFetcher:[67] - Fetch commands: 0 success, cost: 0ms, totalSlot: 1, currentSlotIndex: 0
[INFO] 2025-10-13 10:15:37.933 +0800 o.a.d.s.m.r.t.TaskGroupCoordinator:[187] - Success amend TaskGroupQueue status cost: 0/ms
[INFO] 2025-10-13 10:15:37.933 +0800 o.a.d.s.m.r.t.TaskGroupCoordinator:[241] - Success deal with force start TaskGroupQueue cost: 0/ms
[INFO] 2025-10-13 10:15:37.933 +0800 o.a.d.s.m.r.t.TaskGroupCoordinator:[129] - TaskGroupCoordinator round time cost: 0/ms
[INFO] 2025-10-13 10:15:37.955 +0800 o.a.d.s.m.c.IdSlotBasedCommandFetcher:[67] - Fetch commands: 0 success, cost: 0ms, totalSlot: 1, currentSlotIndex: 0
[INFO] 2025-10-13 10:15:38.959 +0800 o.a.d.s.m.c.IdSlotBasedCommandFetcher:[67] - Fetch commands: 0 success, cost: 0ms, totalSlot: 1, currentSlotIndex: 0
[INFO] 2025-10-13 10:15:39.961 +0800 o.a.d.s.m.c.IdSlotBasedCommandFetcher:[67] - Fetch commands: 0 success, cost: 0ms, totalSlot: 1, currentSlotIndex: 0
[INFO] 2025-10-13 10:15:40.962 +0800 o.a.d.s.m.c.IdSlotBasedCommandFetcher:[67] - Fetch commands: 0 success, cost: 0ms, totalSlot: 1, currentSlotIndex: 0
[INFO] 2025-10-13 10:15:41.962 +0800 o.a.d.s.m.c.IdSlotBasedCommandFetcher:[67] - Fetch commands: 0 success, cost: 0ms, totalSlot: 1, currentSlotIndex: 0
[INFO] 2025-10-13 10:15:42.941 +0800 o.a.d.s.m.r.t.TaskGroupCoordinator:[187] - Success amend TaskGroupQueue status cost: 0/ms
[INFO] 2025-10-13 10:15:42.941 +0800 o.a.d.s.m.r.t.TaskGroupCoordinator:[241] - Success deal with force start TaskGroupQueue cost: 0/ms
[INFO] 2025-10-13 10:15:42.941 +0800 o.a.d.s.m.r.t.TaskGroupCoordinator:[129] - TaskGroupCoordinator round time cost: 0/ms
[INFO] 2025-10-13 10:15:42.966 +0800 o.a.d.s.m.c.IdSlotBasedCommandFetcher:[67] - Fetch commands: 0 success, cost: 0ms, totalSlot: 1, currentSlotIndex: 0
[INFO] 2025-10-13 10:15:43.967 +0800 o.a.d.s.m.c.IdSlotBasedCommandFetcher:[67] - Fetch commands: 0 success, cost: 0ms, totalSlot: 1, currentSlotIndex: 0
[INFO] 2025-10-13 10:15:44.968 +0800 o.a.d.s.m.c.IdSlotBasedCommandFetcher:[67] - Fetch commands: 0 success, cost: 0ms, totalSlot: 1, currentSlotIndex: 0
[INFO] 2025-10-13 10:15:45.969 +0800 o.a.d.s.m.c.IdSlotBasedCommandFetcher:[67] - Fetch commands: 0 success, cost: 0ms, totalSlot: 1, currentSlotIndex: 0
[INFO] 2025-10-13 10:15:46.970 +0800 o.a.d.s.m.c.IdSlotBasedCommandFetcher:[67] - Fetch commands: 0 success, cost: 0ms, totalSlot: 1, currentSlotIndex: 0
[INFO] 2025-10-13 10:15:47.946 +0800 o.a.d.s.m.r.t.TaskGroupCoordinator:[187] - Success amend TaskGroupQueue status cost: 0/ms
[INFO] 2025-10-13 10:15:47.946 +0800 o.a.d.s.m.r.t.TaskGroupCoordinator:[241] - Success deal with force start TaskGroupQueue cost: 0/ms
[INFO] 2025-10-13 10:15:47.946 +0800 o.a.d.s.m.r.t.TaskGroupCoordinator:[129] - TaskGroupCoordinator round time cost: 1/ms
[INFO] 2025-10-13 10:15:47.971 +0800 o.a.d.s.m.c.IdSlotBasedCommandFetcher:[67] - Fetch commands: 0 success, cost: 0ms, totalSlot: 1, currentSlotIndex: 0
[INFO] 2025-10-13 10:15:48.972 +0800 o.a.d.s.m.c.IdSlotBasedCommandFetcher:[67] - Fetch commands: 0 success, cost: 0ms, totalSlot: 1, currentSlotIndex: 0
[INFO] 2025-10-13 10:15:49.973 +0800 o.a.d.s.m.c.IdSlotBasedCommandFetcher:[67] - Fetch commands: 0 success, cost: 0ms, totalSlot: 1, currentSlotIndex: 0
[INFO] 2025-10-13 10:15:50.974 +0800 o.a.d.s.m.c.IdSlotBasedCommandFetcher:[67] - Fetch commands: 0 success, cost: 0ms, totalSlot: 1, currentSlotIndex: 0
[INFO] 2025-10-13 10:15:52.095 +0800 o.a.d.s.m.c.IdSlotBasedCommandFetcher:[67] - Fetch commands: 0 success, cost: 0ms, totalSlot: 1, currentSlotIndex: 0
[INFO] 2025-10-13 10:15:52.953 +0800 o.a.d.s.m.r.t.TaskGroupCoordinator:[187] - Success amend TaskGroupQueue status cost: 0/ms
[INFO] 2025-10-13 10:15:52.954 +0800 o.a.d.s.m.r.t.TaskGroupCoordinator:[241] - Success deal with force start TaskGroupQueue cost: 0/ms
[INFO] 2025-10-13 10:15:52.954 +0800 o.a.d.s.m.r.t.TaskGroupCoordinator:[129] - TaskGroupCoordinator round time cost: 1/ms
[INFO] 2025-10-13 10:15:53.170 +0800 o.a.d.s.m.c.IdSlotBasedCommandFetcher:[67] - Fetch commands: 0 success, cost: 0ms, totalSlot: 1, currentSlotIndex: 0
[INFO] 2025-10-13 10:15:54.295 +0800 o.a.d.s.m.c.IdSlotBasedCommandFetcher:[67] - Fetch commands: 0 success, cost: 0ms, totalSlot: 1, currentSlotIndex: 0
[INFO] 2025-10-13 10:15:55.296 +0800 o.a.d.s.m.c.IdSlotBasedCommandFetcher:[67] - Fetch commands: 0 success, cost: 0ms, totalSlot: 1, currentSlotIndex: 0
[INFO] 2025-10-13 10:15:56.297 +0800 o.a.d.s.m.c.IdSlotBasedCommandFetcher:[67] - Fetch commands: 0 success, cost: 0ms, totalSlot: 1, currentSlotIndex: 0
[INFO] 2025-10-13 10:15:57.298 +0800 o.a.d.s.m.c.IdSlotBasedCommandFetcher:[67] - Fetch commands: 0 success, cost: 0ms, totalSlot: 1, currentSlotIndex: 0
[INFO] 2025-10-13 10:15:57.959 +0800 o.a.d.s.m.r.t.TaskGroupCoordinator:[187] - Success amend TaskGroupQueue status cost: 0/ms
[INFO] 2025-10-13 10:15:57.960 +0800 o.a.d.s.m.r.t.TaskGroupCoordinator:[241] - Success deal with force start TaskGroupQueue cost: 0/ms
[INFO] 2025-10-13 10:15:57.960 +0800 o.a.d.s.m.r.t.TaskGroupCoordinator:[129] - TaskGroupCoordinator round time cost: 1/ms
[INFO] 2025-10-13 10:15:58.311 +0800 o.a.d.s.m.c.IdSlotBasedCommandFetcher:[67] - Fetch commands: 0 success, cost: 0ms, totalSlot: 1, currentSlotIndex: 0
[INFO] 2025-10-13 10:15:59.312 +0800 o.a.d.s.m.c.IdSlotBasedCommandFetcher:[67] - Fetch commands: 0 success, cost: 0ms, totalSlot: 1, currentSlotIndex: 0
[INFO] 2025-10-13 10:16:00.312 +0800 o.a.d.s.m.c.IdSlotBasedCommandFetcher:[67] - Fetch commands: 0 success, cost: 0ms, totalSlot: 1, currentSlotIndex: 0
[INFO] 2025-10-13 10:16:01.312 +0800 o.a.d.s.m.c.IdSlotBasedCommandFetcher:[67] - Fetch commands: 0 success, cost: 0ms, totalSlot: 1, currentSlotIndex: 0
[INFO] 2025-10-13 10:16:02.313 +0800 o.a.d.s.m.c.IdSlotBasedCommandFetcher:[67] - Fetch commands: 0 success, cost: 0ms, totalSlot: 1, currentSlotIndex: 0
[INFO] 2025-10-13 10:16:02.965 +0800 o.a.d.s.m.r.t.TaskGroupCoordinator:[187] - Success amend TaskGroupQueue status cost: 0/ms
[INFO] 2025-10-13 10:16:02.965 +0800 o.a.d.s.m.r.t.TaskGroupCoordinator:[241] - Success deal with force start TaskGroupQueue cost: 0/ms
[INFO] 2025-10-13 10:16:02.966 +0800 o.a.d.s.m.r.t.TaskGroupCoordinator:[129] - TaskGroupCoordinator round time cost: 1/ms
[INFO] 2025-10-13 10:16:03.314 +0800 o.a.d.s.m.c.IdSlotBasedCommandFetcher:[67] - Fetch commands: 0 success, cost: 0ms, totalSlot: 1, currentSlotIndex: 0
[INFO] 2025-10-13 10:16:04.314 +0800 o.a.d.s.m.c.IdSlotBasedCommandFetcher:[67] - Fetch commands: 0 success, cost: 0ms, totalSlot: 1, currentSlotIndex: 0
[INFO] 2025-10-13 10:16:05.314 +0800 o.a.d.s.m.c.IdSlotBasedCommandFetcher:[67] - Fetch commands: 0 success, cost: 0ms, totalSlot: 1, currentSlotIndex: 0
[INFO] 2025-10-13 10:16:06.315 +0800 o.a.d.s.m.c.IdSlotBasedCommandFetcher:[67] - Fetch commands: 0 success, cost: 0ms, totalSlot: 1, currentSlotIndex: 0
[INFO] 2025-10-13 10:16:07.450 +0800 o.a.d.s.m.c.IdSlotBasedCommandFetcher:[67] - Fetch commands: 0 success, cost: 0ms, totalSlot: 1, currentSlotIndex: 0
[INFO] 2025-10-13 10:16:07.971 +0800 o.a.d.s.m.r.t.TaskGroupCoordinator:[187] - Success amend TaskGroupQueue status cost: 0/ms
[INFO] 2025-10-13 10:16:07.971 +0800 o.a.d.s.m.r.t.TaskGroupCoordinator:[241] - Success deal with force start TaskGroupQueue cost: 0/ms
[INFO] 2025-10-13 10:16:07.971 +0800 o.a.d.s.m.r.t.TaskGroupCoordinator:[129] - TaskGroupCoordinator round time cost: 1/ms
[INFO] 2025-10-13 10:16:08.524 +0800 o.a.d.s.m.c.IdSlotBasedCommandFetcher:[67] - Fetch commands: 0 success, cost: 0ms, totalSlot: 1, currentSlotIndex: 0
[INFO] 2025-10-13 10:16:09.592 +0800 o.a.d.s.m.c.IdSlotBasedCommandFetcher:[67] - Fetch commands: 0 success, cost: 0ms, totalSlot: 1, currentSlotIndex: 0
[INFO] 2025-10-13 10:16:10.657 +0800 o.a.d.s.m.c.IdSlotBasedCommandFetcher:[67] - Fetch commands: 0 success, cost: 0ms, totalSlot: 1, currentSlotIndex: 0
[INFO] 2025-10-13 10:16:11.728 +0800 o.a.d.s.m.c.IdSlotBasedCommandFetcher:[67] - Fetch commands: 0 success, cost: 0ms, totalSlot: 1, currentSlotIndex: 0
[INFO] 2025-10-13 10:16:12.796 +0800 o.a.d.s.m.c.IdSlotBasedCommandFetcher:[67] - Fetch commands: 0 success, cost: 0ms, totalSlot: 1, currentSlotIndex: 0
[INFO] 2025-10-13 10:16:12.977 +0800 o.a.d.s.m.r.t.TaskGroupCoordinator:[187] - Success amend TaskGroupQueue status cost: 0/ms
[INFO] 2025-10-13 10:16:12.977 +0800 o.a.d.s.m.r.t.TaskGroupCoordinator:[241] - Success deal with force start TaskGroupQueue cost: 0/ms
[INFO] 2025-10-13 10:16:12.977 +0800 o.a.d.s.m.r.t.TaskGroupCoordinator:[129] - TaskGroupCoordinator round time cost: 0/ms
[INFO] 2025-10-13 10:16:13.860 +0800 o.a.d.s.m.c.IdSlotBasedCommandFetcher:[67] - Fetch commands: 0 success, cost: 0ms, totalSlot: 1, currentSlotIndex: 0
[INFO] 2025-10-13 10:16:14.923 +0800 o.a.d.s.m.c.IdSlotBasedCommandFetcher:[67] - Fetch commands: 0 success, cost: 0ms, totalSlot: 1, currentSlotIndex: 0
[INFO] 2025-10-13 10:16:16.051 +0800 o.a.d.s.m.c.IdSlotBasedCommandFetcher:[67] - Fetch commands: 0 success, cost: 0ms, totalSlot: 1, currentSlotIndex: 0
[INFO] 2025-10-13 10:16:17.052 +0800 o.a.d.s.m.c.IdSlotBasedCommandFetcher:[67] - Fetch commands: 0 success, cost: 0ms, totalSlot: 1, currentSlotIndex: 0
[INFO] 2025-10-13 10:16:17.982 +0800 o.a.d.s.m.r.t.TaskGroupCoordinator:[187] - Success amend TaskGroupQueue status cost: 0/ms
[INFO] 2025-10-13 10:16:17.982 +0800 o.a.d.s.m.r.t.TaskGroupCoordinator:[241] - Success deal with force start TaskGroupQueue cost: 0/ms
[INFO] 2025-10-13 10:16:17.982 +0800 o.a.d.s.m.r.t.TaskGroupCoordinator:[129] - TaskGroupCoordinator round time cost: 1/ms
[INFO] 2025-10-13 10:16:18.053 +0800 o.a.d.s.m.c.IdSlotBasedCommandFetcher:[67] - Fetch commands: 0 success, cost: 0ms, totalSlot: 1, currentSlotIndex: 0
[INFO] 2025-10-13 10:16:19.063 +0800 o.a.d.s.m.c.IdSlotBasedCommandFetcher:[67] - Fetch commands: 0 success, cost: 0ms, totalSlot: 1, currentSlotIndex: 0
[INFO] 2025-10-13 10:16:20.064 +0800 o.a.d.s.m.c.IdSlotBasedCommandFetcher:[67] - Fetch commands: 0 success, cost: 0ms, totalSlot: 1, currentSlotIndex: 0
[INFO] 2025-10-13 10:16:21.065 +0800 o.a.d.s.m.c.IdSlotBasedCommandFetcher:[67] - Fetch commands: 0 success, cost: 0ms, totalSlot: 1, currentSlotIndex: 0
[INFO] 2025-10-13 10:16:22.066 +0800 o.a.d.s.m.c.IdSlotBasedCommandFetcher:[67] - Fetch commands: 0 success, cost: 0ms, totalSlot: 1, currentSlotIndex: 0
[INFO] 2025-10-13 10:16:22.999 +0800 o.a.d.s.m.r.t.TaskGroupCoordinator:[187] - Success amend TaskGroupQueue status cost: 0/ms
[INFO] 2025-10-13 10:16:22.999 +0800 o.a.d.s.m.r.t.TaskGroupCoordinator:[241] - Success deal with force start TaskGroupQueue cost: 0/ms
[INFO] 2025-10-13 10:16:23.000 +0800 o.a.d.s.m.r.t.TaskGroupCoordinator:[129] - TaskGroupCoordinator round time cost: 0/ms
[INFO] 2025-10-13 10:16:23.066 +0800 o.a.d.s.m.c.IdSlotBasedCommandFetcher:[67] - Fetch commands: 0 success, cost: 0ms, totalSlot: 1, currentSlotIndex: 0
[INFO] 2025-10-13 10:16:24.067 +0800 o.a.d.s.m.c.IdSlotBasedCommandFetcher:[67] - Fetch commands: 0 success, cost: 0ms, totalSlot: 1, currentSlotIndex: 0
[INFO] 2025-10-13 10:16:25.070 +0800 o.a.d.s.m.c.IdSlotBasedCommandFetcher:[67] - Fetch commands: 0 success, cost: 0ms, totalSlot: 1, currentSlotIndex: 0
[INFO] 2025-10-13 10:16:26.077 +0800 o.a.d.s.m.c.IdSlotBasedCommandFetcher:[67] - Fetch commands: 0 success, cost: 0ms, totalSlot: 1, currentSlotIndex: 0
[INFO] 2025-10-13 10:16:27.078 +0800 o.a.d.s.m.c.IdSlotBasedCommandFetcher:[67] - Fetch commands: 0 success, cost: 0ms, totalSlot: 1, currentSlotIndex: 0
[INFO] 2025-10-13 10:16:28.006 +0800 o.a.d.s.m.r.t.TaskGroupCoordinator:[187] - Success amend TaskGroupQueue status cost: 0/ms
[INFO] 2025-10-13 10:16:28.007 +0800 o.a.d.s.m.r.t.TaskGroupCoordinator:[241] - Success deal with force start TaskGroupQueue cost: 0/ms
[INFO] 2025-10-13 10:16:28.007 +0800 o.a.d.s.m.r.t.TaskGroupCoordinator:[129] - TaskGroupCoordinator round time cost: 1/ms
[INFO] 2025-10-13 10:16:28.079 +0800 o.a.d.s.m.c.IdSlotBasedCommandFetcher:[67] - Fetch commands: 0 success, cost: 0ms, totalSlot: 1, currentSlotIndex: 0
[INFO] 2025-10-13 10:16:29.079 +0800 o.a.d.s.m.c.IdSlotBasedCommandFetcher:[67] - Fetch commands: 0 success, cost: 0ms, totalSlot: 1, currentSlotIndex: 0
[INFO] 2025-10-13 10:16:30.214 +0800 o.a.d.s.m.c.IdSlotBasedCommandFetcher:[67] - Fetch commands: 0 success, cost: 1ms, totalSlot: 1, currentSlotIndex: 0
[INFO] 2025-10-13 10:16:31.281 +0800 o.a.d.s.m.c.IdSlotBasedCommandFetcher:[67] - Fetch commands: 0 success, cost: 0ms, totalSlot: 1, currentSlotIndex: 0
[INFO] 2025-10-13 10:16:32.343 +0800 o.a.d.s.m.c.IdSlotBasedCommandFetcher:[67] - Fetch commands: 0 success, cost: 0ms, totalSlot: 1, currentSlotIndex: 0
[INFO] 2025-10-13 10:16:33.012 +0800 o.a.d.s.m.r.t.TaskGroupCoordinator:[187] - Success amend TaskGroupQueue status cost: 0/ms
[INFO] 2025-10-13 10:16:33.014 +0800 o.a.d.s.m.r.t.TaskGroupCoordinator:[241] - Success deal with force start TaskGroupQueue cost: 0/ms
[INFO] 2025-10-13 10:16:33.014 +0800 o.a.d.s.m.r.t.TaskGroupCoordinator:[129] - TaskGroupCoordinator round time cost: 0/ms
[INFO] 2025-10-13 10:16:33.482 +0800 o.a.d.s.m.c.IdSlotBasedCommandFetcher:[67] - Fetch commands: 0 success, cost: 0ms, totalSlot: 1, currentSlotIndex: 0
[INFO] 2025-10-13 10:16:34.483 +0800 o.a.d.s.m.c.IdSlotBasedCommandFetcher:[67] - Fetch commands: 0 success, cost: 0ms, totalSlot: 1, currentSlotIndex: 0
[INFO] 2025-10-13 10:16:35.484 +0800 o.a.d.s.m.c.IdSlotBasedCommandFetcher:[67] - Fetch commands: 0 success, cost: 0ms, totalSlot: 1, currentSlotIndex: 0
[INFO] 2025-10-13 10:16:36.485 +0800 o.a.d.s.m.c.IdSlotBasedCommandFetcher:[67] - Fetch commands: 0 success, cost: 0ms, totalSlot: 1, currentSlotIndex: 0
[INFO] 2025-10-13 10:16:37.485 +0800 o.a.d.s.m.c.IdSlotBasedCommandFetcher:[67] - Fetch commands: 0 success, cost: 0ms, totalSlot: 1, currentSlotIndex: 0
[INFO] 2025-10-13 10:16:38.019 +0800 o.a.d.s.m.r.t.TaskGroupCoordinator:[187] - Success amend TaskGroupQueue status cost: 0/ms
[INFO] 2025-10-13 10:16:38.019 +0800 o.a.d.s.m.r.t.TaskGroupCoordinator:[241] - Success deal with force start TaskGroupQueue cost: 0/ms
[INFO] 2025-10-13 10:16:38.020 +0800 o.a.d.s.m.r.t.TaskGroupCoordinator:[129] - TaskGroupCoordinator round time cost: 0/ms
[INFO] 2025-10-13 10:16:38.496 +0800 o.a.d.s.m.c.IdSlotBasedCommandFetcher:[67] - Fetch commands: 0 success, cost: 0ms, totalSlot: 1, currentSlotIndex: 0
[INFO] 2025-10-13 10:16:39.500 +0800 o.a.d.s.m.c.IdSlotBasedCommandFetcher:[67] - Fetch commands: 0 success, cost: 0ms, totalSlot: 1, currentSlotIndex: 0
[INFO] 2025-10-13 10:16:40.503 +0800 o.a.d.s.m.c.IdSlotBasedCommandFetcher:[67] - Fetch commands: 0 success, cost: 0ms, totalSlot: 1, currentSlotIndex: 0
[INFO] 2025-10-13 10:16:41.504 +0800 o.a.d.s.m.c.IdSlotBasedCommandFetcher:[67] - Fetch commands: 0 success, cost: 0ms, totalSlot: 1, currentSlotIndex: 0
[INFO] 2025-10-13 10:16:42.507 +0800 o.a.d.s.m.c.IdSlotBasedCommandFetcher:[67] - Fetch commands: 0 success, cost: 0ms, totalSlot: 1, currentSlotIndex: 0
[INFO] 2025-10-13 10:16:43.029 +0800 o.a.d.s.m.r.t.TaskGroupCoordinator:[187] - Success amend TaskGroupQueue status cost: 0/ms
[INFO] 2025-10-13 10:16:43.029 +0800 o.a.d.s.m.r.t.TaskGroupCoordinator:[241] - Success deal with force start TaskGroupQueue cost: 0/ms
[INFO] 2025-10-13 10:16:43.030 +0800 o.a.d.s.m.r.t.TaskGroupCoordinator:[129] - TaskGroupCoordinator round time cost: 0/ms
[INFO] 2025-10-13 10:16:43.508 +0800 o.a.d.s.m.c.IdSlotBasedCommandFetcher:[67] - Fetch commands: 0 success, cost: 0ms, totalSlot: 1, currentSlotIndex: 0
[INFO] 2025-10-13 10:16:44.509 +0800 o.a.d.s.m.c.IdSlotBasedCommandFetcher:[67] - Fetch commands: 0 success, cost: 0ms, totalSlot: 1, currentSlotIndex: 0
[INFO] 2025-10-13 10:16:45.518 +0800 o.a.d.s.m.c.IdSlotBasedCommandFetcher:[67] - Fetch commands: 0 success, cost: 0ms, totalSlot: 1, currentSlotIndex: 0
[INFO] 2025-10-13 10:16:46.519 +0800 o.a.d.s.m.c.IdSlotBasedCommandFetcher:[67] - Fetch commands: 0 success, cost: 0ms, totalSlot: 1, currentSlotIndex: 0
[INFO] 2025-10-13 10:16:47.519 +0800 o.a.d.s.m.c.IdSlotBasedCommandFetcher:[67] - Fetch commands: 0 success, cost: 0ms, totalSlot: 1, currentSlotIndex: 0
[INFO] 2025-10-13 10:16:48.034 +0800 o.a.d.s.m.r.t.TaskGroupCoordinator:[187] - Success amend TaskGroupQueue status cost: 0/ms
[INFO] 2025-10-13 10:16:48.035 +0800 o.a.d.s.m.r.t.TaskGroupCoordinator:[241] - Success deal with force start TaskGroupQueue cost: 0/ms
[INFO] 2025-10-13 10:16:48.035 +0800 o.a.d.s.m.r.t.TaskGroupCoordinator:[129] - TaskGroupCoordinator round time cost: 1/ms
[INFO] 2025-10-13 10:16:48.665 +0800 o.a.d.s.m.c.IdSlotBasedCommandFetcher:[67] - Fetch commands: 0 success, cost: 0ms, totalSlot: 1, currentSlotIndex: 0
[INFO] 2025-10-13 10:16:49.724 +0800 o.a.d.s.m.c.IdSlotBasedCommandFetcher:[67] - Fetch commands: 0 success, cost: 0ms, totalSlot: 1, currentSlotIndex: 0
[INFO] 2025-10-13 10:16:50.858 +0800 o.a.d.s.m.c.IdSlotBasedCommandFetcher:[67] - Fetch commands: 0 success, cost: 0ms, totalSlot: 1, currentSlotIndex: 0
[INFO] 2025-10-13 10:16:51.858 +0800 o.a.d.s.m.c.IdSlotBasedCommandFetcher:[67] - Fetch commands: 0 success, cost: 0ms, totalSlot: 1, currentSlotIndex: 0
[INFO] 2025-10-13 10:16:52.859 +0800 o.a.d.s.m.c.IdSlotBasedCommandFetcher:[67] - Fetch commands: 0 success, cost: 0ms, totalSlot: 1, currentSlotIndex: 0
[INFO] 2025-10-13 10:16:53.040 +0800 o.a.d.s.m.r.t.TaskGroupCoordinator:[187] - Success amend TaskGroupQueue status cost: 0/ms
[INFO] 2025-10-13 10:16:53.041 +0800 o.a.d.s.m.r.t.TaskGroupCoordinator:[241] - Success deal with force start TaskGroupQueue cost: 0/ms
[INFO] 2025-10-13 10:16:53.041 +0800 o.a.d.s.m.r.t.TaskGroupCoordinator:[129] - TaskGroupCoordinator round time cost: 1/ms
[INFO] 2025-10-13 10:16:53.860 +0800 o.a.d.s.m.c.IdSlotBasedCommandFetcher:[67] - Fetch commands: 0 success, cost: 0ms, totalSlot: 1, currentSlotIndex: 0
[INFO] 2025-10-13 10:16:54.860 +0800 o.a.d.s.m.c.IdSlotBasedCommandFetcher:[67] - Fetch commands: 0 success, cost: 0ms, totalSlot: 1, currentSlotIndex: 0
[INFO] 2025-10-13 10:16:55.862 +0800 o.a.d.s.m.c.IdSlotBasedCommandFetcher:[67] - Fetch commands: 0 success, cost: 0ms, totalSlot: 1, currentSlotIndex: 0
[INFO] 2025-10-13 10:16:56.862 +0800 o.a.d.s.m.c.IdSlotBasedCommandFetcher:[67] - Fetch commands: 0 success, cost: 0ms, totalSlot: 1, currentSlotIndex: 0
[INFO] 2025-10-13 10:16:57.867 +0800 o.a.d.s.m.c.IdSlotBasedCommandFetcher:[67] - Fetch commands: 0 success, cost: 0ms, totalSlot: 1, currentSlotIndex: 0
[INFO] 2025-10-13 10:16:58.050 +0800 o.a.d.s.m.r.t.TaskGroupCoordinator:[187] - Success amend TaskGroupQueue status cost: 0/ms
[INFO] 2025-10-13 10:16:58.051 +0800 o.a.d.s.m.r.t.TaskGroupCoordinator:[241] - Success deal with force start TaskGroupQueue cost: 0/ms
[INFO] 2025-10-13 10:16:58.051 +0800 o.a.d.s.m.r.t.TaskGroupCoordinator:[129] - TaskGroupCoordinator round time cost: 1/ms
[INFO] 2025-10-13 10:16:58.878 +0800 o.a.d.s.m.c.IdSlotBasedCommandFetcher:[67] - Fetch commands: 0 success, cost: 0ms, totalSlot: 1, currentSlotIndex: 0
[INFO] 2025-10-13 10:16:59.888 +0800 o.a.d.s.m.c.IdSlotBasedCommandFetcher:[67] - Fetch commands: 0 success, cost: 1ms, totalSlot: 1, currentSlotIndex: 0
[INFO] 2025-10-13 10:17:00.891 +0800 o.a.d.s.m.c.IdSlotBasedCommandFetcher:[67] - Fetch commands: 0 success, cost: 0ms, totalSlot: 1, currentSlotIndex: 0
[INFO] 2025-10-13 10:17:01.906 +0800 o.a.d.s.m.c.IdSlotBasedCommandFetcher:[67] - Fetch commands: 0 success, cost: 0ms, totalSlot: 1, currentSlotIndex: 0
[INFO] 2025-10-13 10:17:02.906 +0800 o.a.d.s.m.c.IdSlotBasedCommandFetcher:[67] - Fetch commands: 0 success, cost: 0ms, totalSlot: 1, currentSlotIndex: 0
[INFO] 2025-10-13 10:17:03.058 +0800 o.a.d.s.m.r.t.TaskGroupCoordinator:[187] - Success amend TaskGroupQueue status cost: 0/ms
[INFO] 2025-10-13 10:17:03.058 +0800 o.a.d.s.m.r.t.TaskGroupCoordinator:[241] - Success deal with force start TaskGroupQueue cost: 0/ms
[INFO] 2025-10-13 10:17:03.058 +0800 o.a.d.s.m.r.t.TaskGroupCoordinator:[129] - TaskGroupCoordinator round time cost: 1/ms
[INFO] 2025-10-13 10:17:03.906 +0800 o.a.d.s.m.c.IdSlotBasedCommandFetcher:[67] - Fetch commands: 0 success, cost: 0ms, totalSlot: 1, currentSlotIndex: 0
[INFO] 2025-10-13 10:17:05.032 +0800 o.a.d.s.m.c.IdSlotBasedCommandFetcher:[67] - Fetch commands: 0 success, cost: 0ms, totalSlot: 1, currentSlotIndex: 0
[INFO] 2025-10-13 10:17:06.125 +0800 o.a.d.s.m.c.IdSlotBasedCommandFetcher:[67] - Fetch commands: 0 success, cost: 0ms, totalSlot: 1, currentSlotIndex: 0
[INFO] 2025-10-13 10:17:07.202 +0800 o.a.d.s.m.c.IdSlotBasedCommandFetcher:[67] - Fetch commands: 0 success, cost: 0ms, totalSlot: 1, currentSlotIndex: 0
[INFO] 2025-10-13 10:17:08.068 +0800 o.a.d.s.m.r.t.TaskGroupCoordinator:[187] - Success amend TaskGroupQueue status cost: 0/ms
[INFO] 2025-10-13 10:17:08.068 +0800 o.a.d.s.m.r.t.TaskGroupCoordinator:[241] - Success deal with force start TaskGroupQueue cost: 0/ms
[INFO] 2025-10-13 10:17:08.068 +0800 o.a.d.s.m.r.t.TaskGroupCoordinator:[129] - TaskGroupCoordinator round time cost: 1/ms
[INFO] 2025-10-13 10:17:08.270 +0800 o.a.d.s.m.c.IdSlotBasedCommandFetcher:[67] - Fetch commands: 0 success, cost: 0ms, totalSlot: 1, currentSlotIndex: 0
[INFO] 2025-10-13 10:17:09.331 +0800 o.a.d.s.m.c.IdSlotBasedCommandFetcher:[67] - Fetch commands: 0 success, cost: 1ms, totalSlot: 1, currentSlotIndex: 0
[INFO] 2025-10-13 10:17:10.397 +0800 o.a.d.s.m.c.IdSlotBasedCommandFetcher:[67] - Fetch commands: 0 success, cost: 0ms, totalSlot: 1, currentSlotIndex: 0
[INFO] 2025-10-13 10:17:11.548 +0800 o.a.d.s.m.c.IdSlotBasedCommandFetcher:[67] - Fetch commands: 0 success, cost: 0ms, totalSlot: 1, currentSlotIndex: 0
[INFO] 2025-10-13 10:17:12.549 +0800 o.a.d.s.m.c.IdSlotBasedCommandFetcher:[67] - Fetch commands: 0 success, cost: 0ms, totalSlot: 1, currentSlotIndex: 0
[INFO] 2025-10-13 10:17:13.076 +0800 o.a.d.s.m.r.t.TaskGroupCoordinator:[187] - Success amend TaskGroupQueue status cost: 0/ms
[INFO] 2025-10-13 10:17:13.076 +0800 o.a.d.s.m.r.t.TaskGroupCoordinator:[241] - Success deal with force start TaskGroupQueue cost: 0/ms
[INFO] 2025-10-13 10:17:13.076 +0800 o.a.d.s.m.r.t.TaskGroupCoordinator:[129] - TaskGroupCoordinator round time cost: 1/ms
[INFO] 2025-10-13 10:17:13.549 +0800 o.a.d.s.m.c.IdSlotBasedCommandFetcher:[67] - Fetch commands: 0 success, cost: 0ms, totalSlot: 1, currentSlotIndex: 0
[INFO] 2025-10-13 10:17:14.550 +0800 o.a.d.s.m.c.IdSlotBasedCommandFetcher:[67] - Fetch commands: 0 success, cost: 0ms, totalSlot: 1, currentSlotIndex: 0
[INFO] 2025-10-13 10:17:15.551 +0800 o.a.d.s.m.c.IdSlotBasedCommandFetcher:[67] - Fetch commands: 0 success, cost: 0ms, totalSlot: 1, currentSlotIndex: 0
[INFO] 2025-10-13 10:17:16.551 +0800 o.a.d.s.m.c.IdSlotBasedCommandFetcher:[67] - Fetch commands: 0 success, cost: 0ms, totalSlot: 1, currentSlotIndex: 0
[INFO] 2025-10-13 10:17:17.552 +0800 o.a.d.s.m.c.IdSlotBasedCommandFetcher:[67] - Fetch commands: 0 success, cost: 0ms, totalSlot: 1, currentSlotIndex: 0
[INFO] 2025-10-13 10:17:18.082 +0800 o.a.d.s.m.r.t.TaskGroupCoordinator:[187] - Success amend TaskGroupQueue status cost: 0/ms
[INFO] 2025-10-13 10:17:18.082 +0800 o.a.d.s.m.r.t.TaskGroupCoordinator:[241] - Success deal with force start TaskGroupQueue cost: 0/ms
[INFO] 2025-10-13 10:17:18.083 +0800 o.a.d.s.m.r.t.TaskGroupCoordinator:[129] - TaskGroupCoordinator round time cost: 1/ms
[INFO] 2025-10-13 10:17:18.556 +0800 o.a.d.s.m.c.IdSlotBasedCommandFetcher:[67] - Fetch commands: 0 success, cost: 0ms, totalSlot: 1, currentSlotIndex: 0
[INFO] 2025-10-13 10:17:19.557 +0800 o.a.d.s.m.c.IdSlotBasedCommandFetcher:[67] - Fetch commands: 0 success, cost: 0ms, totalSlot: 1, currentSlotIndex: 0
[INFO] 2025-10-13 10:17:20.569 +0800 o.a.d.s.m.c.IdSlotBasedCommandFetcher:[67] - Fetch commands: 0 success, cost: 0ms, totalSlot: 1, currentSlotIndex: 0
[INFO] 2025-10-13 10:17:21.571 +0800 o.a.d.s.m.c.IdSlotBasedCommandFetcher:[67] - Fetch commands: 0 success, cost: 0ms, totalSlot: 1, currentSlotIndex: 0
[INFO] 2025-10-13 10:17:22.571 +0800 o.a.d.s.m.c.IdSlotBasedCommandFetcher:[67] - Fetch commands: 0 success, cost: 0ms, totalSlot: 1, currentSlotIndex: 0
[INFO] 2025-10-13 10:17:23.088 +0800 o.a.d.s.m.r.t.TaskGroupCoordinator:[187] - Success amend TaskGroupQueue status cost: 0/ms
[INFO] 2025-10-13 10:17:23.088 +0800 o.a.d.s.m.r.t.TaskGroupCoordinator:[241] - Success deal with force start TaskGroupQueue cost: 0/ms
[INFO] 2025-10-13 10:17:23.088 +0800 o.a.d.s.m.r.t.TaskGroupCoordinator:[129] - TaskGroupCoordinator round time cost: 0/ms
[INFO] 2025-10-13 10:17:23.583 +0800 o.a.d.s.m.c.IdSlotBasedCommandFetcher:[67] - Fetch commands: 0 success, cost: 0ms, totalSlot: 1, currentSlotIndex: 0
[INFO] 2025-10-13 10:17:24.737 +0800 o.a.d.s.m.c.IdSlotBasedCommandFetcher:[67] - Fetch commands: 0 success, cost: 1ms, totalSlot: 1, currentSlotIndex: 0
[INFO] 2025-10-13 10:17:25.811 +0800 o.a.d.s.m.c.IdSlotBasedCommandFetcher:[67] - Fetch commands: 0 success, cost: 1ms, totalSlot: 1, currentSlotIndex: 0
[INFO] 2025-10-13 10:17:26.877 +0800 o.a.d.s.m.c.IdSlotBasedCommandFetcher:[67] - Fetch commands: 0 success, cost: 0ms, totalSlot: 1, currentSlotIndex: 0
[INFO] 2025-10-13 10:17:27.943 +0800 o.a.d.s.m.c.IdSlotBasedCommandFetcher:[67] - Fetch commands: 0 success, cost: 0ms, totalSlot: 1, currentSlotIndex: 0
[INFO] 2025-10-13 10:17:28.094 +0800 o.a.d.s.m.r.t.TaskGroupCoordinator:[187] - Success amend TaskGroupQueue status cost: 0/ms
[INFO] 2025-10-13 10:17:28.094 +0800 o.a.d.s.m.r.t.TaskGroupCoordinator:[241] - Success deal with force start TaskGroupQueue cost: 0/ms
[INFO] 2025-10-13 10:17:28.095 +0800 o.a.d.s.m.r.t.TaskGroupCoordinator:[129] - TaskGroupCoordinator round time cost: 1/ms
[INFO] 2025-10-13 10:17:29.086 +0800 o.a.d.s.m.c.IdSlotBasedCommandFetcher:[67] - Fetch commands: 0 success, cost: 0ms, totalSlot: 1, currentSlotIndex: 0
[INFO] 2025-10-13 10:17:30.087 +0800 o.a.d.s.m.c.IdSlotBasedCommandFetcher:[67] - Fetch commands: 0 success, cost: 0ms, totalSlot: 1, currentSlotIndex: 0
[INFO] 2025-10-13 10:17:31.087 +0800 o.a.d.s.m.c.IdSlotBasedCommandFetcher:[67] - Fetch commands: 0 success, cost: 0ms, totalSlot: 1, currentSlotIndex: 0
[INFO] 2025-10-13 10:17:32.088 +0800 o.a.d.s.m.c.IdSlotBasedCommandFetcher:[67] - Fetch commands: 0 success, cost: 0ms, totalSlot: 1, currentSlotIndex: 0
[INFO] 2025-10-13 10:17:33.088 +0800 o.a.d.s.m.c.IdSlotBasedCommandFetcher:[67] - Fetch commands: 0 success, cost: 0ms, totalSlot: 1, currentSlotIndex: 0
[INFO] 2025-10-13 10:17:33.101 +0800 o.a.d.s.m.r.t.TaskGroupCoordinator:[187] - Success amend TaskGroupQueue status cost: 0/ms
[INFO] 2025-10-13 10:17:33.101 +0800 o.a.d.s.m.r.t.TaskGroupCoordinator:[241] - Success deal with force start TaskGroupQueue cost: 0/ms
[INFO] 2025-10-13 10:17:33.101 +0800 o.a.d.s.m.r.t.TaskGroupCoordinator:[129] - TaskGroupCoordinator round time cost: 0/ms
[INFO] 2025-10-13 10:17:34.088 +0800 o.a.d.s.m.c.IdSlotBasedCommandFetcher:[67] - Fetch commands: 0 success, cost: 0ms, totalSlot: 1, currentSlotIndex: 0
[INFO] 2025-10-13 10:17:35.089 +0800 o.a.d.s.m.c.IdSlotBasedCommandFetcher:[67] - Fetch commands: 0 success, cost: 0ms, totalSlot: 1, currentSlotIndex: 0
[INFO] 2025-10-13 10:17:36.090 +0800 o.a.d.s.m.c.IdSlotBasedCommandFetcher:[67] - Fetch commands: 0 success, cost: 0ms, totalSlot: 1, currentSlotIndex: 0
[INFO] 2025-10-13 10:17:37.090 +0800 o.a.d.s.m.c.IdSlotBasedCommandFetcher:[67] - Fetch commands: 0 success, cost: 0ms, totalSlot: 1, currentSlotIndex: 0
[INFO] 2025-10-13 10:17:38.091 +0800 o.a.d.s.m.c.IdSlotBasedCommandFetcher:[67] - Fetch commands: 0 success, cost: 0ms, totalSlot: 1, currentSlotIndex: 0
[INFO] 2025-10-13 10:17:38.106 +0800 o.a.d.s.m.r.t.TaskGroupCoordinator:[187] - Success amend TaskGroupQueue status cost: 0/ms
[INFO] 2025-10-13 10:17:38.106 +0800 o.a.d.s.m.r.t.TaskGroupCoordinator:[241] - Success deal with force start TaskGroupQueue cost: 0/ms
[INFO] 2025-10-13 10:17:38.106 +0800 o.a.d.s.m.r.t.TaskGroupCoordinator:[129] - TaskGroupCoordinator round time cost: 1/ms
[INFO] 2025-10-13 10:17:39.091 +0800 o.a.d.s.m.c.IdSlotBasedCommandFetcher:[67] - Fetch commands: 0 success, cost: 0ms, totalSlot: 1, currentSlotIndex: 0
[INFO] 2025-10-13 10:17:40.107 +0800 o.a.d.s.m.c.IdSlotBasedCommandFetcher:[67] - Fetch commands: 0 success, cost: 0ms, totalSlot: 1, currentSlotIndex: 0
[INFO] 2025-10-13 10:17:41.226 +0800 o.a.d.s.m.c.IdSlotBasedCommandFetcher:[67] - Fetch commands: 0 success, cost: 0ms, totalSlot: 1, currentSlotIndex: 0
[INFO] 2025-10-13 10:17:42.318 +0800 o.a.d.s.m.c.IdSlotBasedCommandFetcher:[67] - Fetch commands: 0 success, cost: 0ms, totalSlot: 1, currentSlotIndex: 0
[INFO] 2025-10-13 10:17:43.117 +0800 o.a.d.s.m.r.t.TaskGroupCoordinator:[187] - Success amend TaskGroupQueue status cost: 0/ms
[INFO] 2025-10-13 10:17:43.117 +0800 o.a.d.s.m.r.t.TaskGroupCoordinator:[241] - Success deal with force start TaskGroupQueue cost: 0/ms
[INFO] 2025-10-13 10:17:43.117 +0800 o.a.d.s.m.r.t.TaskGroupCoordinator:[129] - TaskGroupCoordinator round time cost: 0/ms
[INFO] 2025-10-13 10:17:43.438 +0800 o.a.d.s.m.c.IdSlotBasedCommandFetcher:[67] - Fetch commands: 0 success, cost: 0ms, totalSlot: 1, currentSlotIndex: 0
[INFO] 2025-10-13 10:17:44.439 +0800 o.a.d.s.m.c.IdSlotBasedCommandFetcher:[67] - Fetch commands: 0 success, cost: 0ms, totalSlot: 1, currentSlotIndex: 0
[INFO] 2025-10-13 10:17:45.445 +0800 o.a.d.s.m.c.IdSlotBasedCommandFetcher:[67] - Fetch commands: 0 success, cost: 0ms, totalSlot: 1, currentSlotIndex: 0
[INFO] 2025-10-13 10:17:46.446 +0800 o.a.d.s.m.c.IdSlotBasedCommandFetcher:[67] - Fetch commands: 0 success, cost: 0ms, totalSlot: 1, currentSlotIndex: 0
[INFO] 2025-10-13 10:17:47.462 +0800 o.a.d.s.m.c.IdSlotBasedCommandFetcher:[67] - Fetch commands: 0 success, cost: 0ms, totalSlot: 1, currentSlotIndex: 0
[INFO] 2025-10-13 10:17:48.121 +0800 o.a.d.s.m.r.t.TaskGroupCoordinator:[187] - Success amend TaskGroupQueue status cost: 0/ms
[INFO] 2025-10-13 10:17:48.122 +0800 o.a.d.s.m.r.t.TaskGroupCoordinator:[241] - Success deal with force start TaskGroupQueue cost: 0/ms
[INFO] 2025-10-13 10:17:48.122 +0800 o.a.d.s.m.r.t.TaskGroupCoordinator:[129] - TaskGroupCoordinator round time cost: 1/ms
[INFO] 2025-10-13 10:17:48.462 +0800 o.a.d.s.m.c.IdSlotBasedCommandFetcher:[67] - Fetch commands: 0 success, cost: 0ms, totalSlot: 1, currentSlotIndex: 0
[INFO] 2025-10-13 10:17:49.469 +0800 o.a.d.s.m.c.IdSlotBasedCommandFetcher:[67] - Fetch commands: 0 success, cost: 0ms, totalSlot: 1, currentSlotIndex: 0
[INFO] 2025-10-13 10:17:50.470 +0800 o.a.d.s.m.c.IdSlotBasedCommandFetcher:[67] - Fetch commands: 0 success, cost: 0ms, totalSlot: 1, currentSlotIndex: 0
[INFO] 2025-10-13 10:17:51.470 +0800 o.a.d.s.m.c.IdSlotBasedCommandFetcher:[67] - Fetch commands: 0 success, cost: 0ms, totalSlot: 1, currentSlotIndex: 0
[INFO] 2025-10-13 10:17:52.480 +0800 o.a.d.s.m.c.IdSlotBasedCommandFetcher:[67] - Fetch commands: 0 success, cost: 0ms, totalSlot: 1, currentSlotIndex: 0
[INFO] 2025-10-13 10:17:53.144 +0800 o.a.d.s.m.r.t.TaskGroupCoordinator:[187] - Success amend TaskGroupQueue status cost: 0/ms
[INFO] 2025-10-13 10:17:53.144 +0800 o.a.d.s.m.r.t.TaskGroupCoordinator:[241] - Success deal with force start TaskGroupQueue cost: 0/ms
[INFO] 2025-10-13 10:17:53.144 +0800 o.a.d.s.m.r.t.TaskGroupCoordinator:[129] - TaskGroupCoordinator round time cost: 0/ms
[INFO] 2025-10-13 10:17:53.480 +0800 o.a.d.s.m.c.IdSlotBasedCommandFetcher:[67] - Fetch commands: 0 success, cost: 0ms, totalSlot: 1, currentSlotIndex: 0
[INFO] 2025-10-13 10:17:54.492 +0800 o.a.d.s.m.c.IdSlotBasedCommandFetcher:[67] - Fetch commands: 0 success, cost: 0ms, totalSlot: 1, currentSlotIndex: 0
[INFO] 2025-10-13 10:17:55.493 +0800 o.a.d.s.m.c.IdSlotBasedCommandFetcher:[67] - Fetch commands: 0 success, cost: 0ms, totalSlot: 1, currentSlotIndex: 0
[INFO] 2025-10-13 10:17:56.626 +0800 o.a.d.s.m.c.IdSlotBasedCommandFetcher:[67] - Fetch commands: 0 success, cost: 0ms, totalSlot: 1, currentSlotIndex: 0
[INFO] 2025-10-13 10:17:57.701 +0800 o.a.d.s.m.c.IdSlotBasedCommandFetcher:[67] - Fetch commands: 0 success, cost: 0ms, totalSlot: 1, currentSlotIndex: 0
[INFO] 2025-10-13 10:17:58.150 +0800 o.a.d.s.m.r.t.TaskGroupCoordinator:[187] - Success amend TaskGroupQueue status cost: 0/ms
[INFO] 2025-10-13 10:17:58.151 +0800 o.a.d.s.m.r.t.TaskGroupCoordinator:[241] - Success deal with force start TaskGroupQueue cost: 0/ms
[INFO] 2025-10-13 10:17:58.151 +0800 o.a.d.s.m.r.t.TaskGroupCoordinator:[129] - TaskGroupCoordinator round time cost: 1/ms
[INFO] 2025-10-13 10:17:58.777 +0800 o.a.d.s.m.c.IdSlotBasedCommandFetcher:[67] - Fetch commands: 0 success, cost: 0ms, totalSlot: 1, currentSlotIndex: 0
[INFO] 2025-10-13 10:17:59.841 +0800 o.a.d.s.m.c.IdSlotBasedCommandFetcher:[67] - Fetch commands: 0 success, cost: 0ms, totalSlot: 1, currentSlotIndex: 0
[INFO] 2025-10-13 10:18:00.906 +0800 o.a.d.s.m.c.IdSlotBasedCommandFetcher:[67] - Fetch commands: 0 success, cost: 1ms, totalSlot: 1, currentSlotIndex: 0
[INFO] 2025-10-13 10:18:02.021 +0800 o.a.d.s.m.c.IdSlotBasedCommandFetcher:[67] - Fetch commands: 0 success, cost: 1ms, totalSlot: 1, currentSlotIndex: 0
[INFO] 2025-10-13 10:18:03.021 +0800 o.a.d.s.m.c.IdSlotBasedCommandFetcher:[67] - Fetch commands: 0 success, cost: 0ms, totalSlot: 1, currentSlotIndex: 0
[INFO] 2025-10-13 10:18:03.159 +0800 o.a.d.s.m.r.t.TaskGroupCoordinator:[187] - Success amend TaskGroupQueue status cost: 0/ms
[INFO] 2025-10-13 10:18:03.159 +0800 o.a.d.s.m.r.t.TaskGroupCoordinator:[241] - Success deal with force start TaskGroupQueue cost: 0/ms
[INFO] 2025-10-13 10:18:03.159 +0800 o.a.d.s.m.r.t.TaskGroupCoordinator:[129] - TaskGroupCoordinator round time cost: 1/ms
[INFO] 2025-10-13 10:18:04.023 +0800 o.a.d.s.m.c.IdSlotBasedCommandFetcher:[67] - Fetch commands: 0 success, cost: 0ms, totalSlot: 1, currentSlotIndex: 0
[INFO] 2025-10-13 10:18:05.023 +0800 o.a.d.s.m.c.IdSlotBasedCommandFetcher:[67] - Fetch commands: 0 success, cost: 0ms, totalSlot: 1, currentSlotIndex: 0
[INFO] 2025-10-13 10:18:06.024 +0800 o.a.d.s.m.c.IdSlotBasedCommandFetcher:[67] - Fetch commands: 0 success, cost: 0ms, totalSlot: 1, currentSlotIndex: 0
[INFO] 2025-10-13 10:18:07.025 +0800 o.a.d.s.m.c.IdSlotBasedCommandFetcher:[67] - Fetch commands: 0 success, cost: 0ms, totalSlot: 1, currentSlotIndex: 0
[INFO] 2025-10-13 10:18:08.025 +0800 o.a.d.s.m.c.IdSlotBasedCommandFetcher:[67] - Fetch commands: 0 success, cost: 0ms, totalSlot: 1, currentSlotIndex: 0
[INFO] 2025-10-13 10:18:08.164 +0800 o.a.d.s.m.r.t.TaskGroupCoordinator:[187] - Success amend TaskGroupQueue status cost: 0/ms
[INFO] 2025-10-13 10:18:08.165 +0800 o.a.d.s.m.r.t.TaskGroupCoordinator:[241] - Success deal with force start TaskGroupQueue cost: 0/ms
[INFO] 2025-10-13 10:18:08.165 +0800 o.a.d.s.m.r.t.TaskGroupCoordinator:[129] - TaskGroupCoordinator round time cost: 1/ms
[INFO] 2025-10-13 10:18:09.026 +0800 o.a.d.s.m.c.IdSlotBasedCommandFetcher:[67] - Fetch commands: 0 success, cost: 0ms, totalSlot: 1, currentSlotIndex: 0
[INFO] 2025-10-13 10:18:10.026 +0800 o.a.d.s.m.c.IdSlotBasedCommandFetcher:[67] - Fetch commands: 0 success, cost: 0ms, totalSlot: 1, currentSlotIndex: 0
[INFO] 2025-10-13 10:18:11.027 +0800 o.a.d.s.m.c.IdSlotBasedCommandFetcher:[67] - Fetch commands: 0 success, cost: 0ms, totalSlot: 1, currentSlotIndex: 0
[INFO] 2025-10-13 10:18:12.028 +0800 o.a.d.s.m.c.IdSlotBasedCommandFetcher:[67] - Fetch commands: 0 success, cost: 0ms, totalSlot: 1, currentSlotIndex: 0
[INFO] 2025-10-13 10:18:13.028 +0800 o.a.d.s.m.c.IdSlotBasedCommandFetcher:[67] - Fetch commands: 0 success, cost: 0ms, totalSlot: 1, currentSlotIndex: 0
[INFO] 2025-10-13 10:18:13.171 +0800 o.a.d.s.m.r.t.TaskGroupCoordinator:[187] - Success amend TaskGroupQueue status cost: 0/ms
[INFO] 2025-10-13 10:18:13.171 +0800 o.a.d.s.m.r.t.TaskGroupCoordinator:[241] - Success deal with force start TaskGroupQueue cost: 0/ms
[INFO] 2025-10-13 10:18:13.172 +0800 o.a.d.s.m.r.t.TaskGroupCoordinator:[129] - TaskGroupCoordinator round time cost: 1/ms
[INFO] 2025-10-13 10:18:14.028 +0800 o.a.d.s.m.c.IdSlotBasedCommandFetcher:[67] - Fetch commands: 0 success, cost: 0ms, totalSlot: 1, currentSlotIndex: 0
[INFO] 2025-10-13 10:18:15.028 +0800 o.a.d.s.m.c.IdSlotBasedCommandFetcher:[67] - Fetch commands: 0 success, cost: 0ms, totalSlot: 1, currentSlotIndex: 0
[INFO] 2025-10-13 10:18:16.137 +0800 o.a.d.s.m.c.IdSlotBasedCommandFetcher:[67] - Fetch commands: 0 success, cost: 0ms, totalSlot: 1, currentSlotIndex: 0
[INFO] 2025-10-13 10:18:17.219 +0800 o.a.d.s.m.c.IdSlotBasedCommandFetcher:[67] - Fetch commands: 0 success, cost: 0ms, totalSlot: 1, currentSlotIndex: 0
[INFO] 2025-10-13 10:18:18.177 +0800 o.a.d.s.m.r.t.TaskGroupCoordinator:[187] - Success amend TaskGroupQueue status cost: 0/ms
[INFO] 2025-10-13 10:18:18.177 +0800 o.a.d.s.m.r.t.TaskGroupCoordinator:[241] - Success deal with force start TaskGroupQueue cost: 0/ms
[INFO] 2025-10-13 10:18:18.177 +0800 o.a.d.s.m.r.t.TaskGroupCoordinator:[129] - TaskGroupCoordinator round time cost: 1/ms
[INFO] 2025-10-13 10:18:18.285 +0800 o.a.d.s.m.c.IdSlotBasedCommandFetcher:[67] - Fetch commands: 0 success, cost: 0ms, totalSlot: 1, currentSlotIndex: 0
[INFO] 2025-10-13 10:18:19.387 +0800 o.a.d.s.m.c.IdSlotBasedCommandFetcher:[67] - Fetch commands: 0 success, cost: 0ms, totalSlot: 1, currentSlotIndex: 0
[INFO] 2025-10-13 10:18:20.555 +0800 o.a.d.s.m.c.IdSlotBasedCommandFetcher:[67] - Fetch commands: 0 success, cost: 0ms, totalSlot: 1, currentSlotIndex: 0
[INFO] 2025-10-13 10:18:21.555 +0800 o.a.d.s.m.c.IdSlotBasedCommandFetcher:[67] - Fetch commands: 0 success, cost: 0ms, totalSlot: 1, currentSlotIndex: 0
[INFO] 2025-10-13 10:18:22.557 +0800 o.a.d.s.m.c.IdSlotBasedCommandFetcher:[67] - Fetch commands: 0 success, cost: 0ms, totalSlot: 1, currentSlotIndex: 0
[INFO] 2025-10-13 10:18:23.183 +0800 o.a.d.s.m.r.t.TaskGroupCoordinator:[187] - Success amend TaskGroupQueue status cost: 0/ms
[INFO] 2025-10-13 10:18:23.183 +0800 o.a.d.s.m.r.t.TaskGroupCoordinator:[241] - Success deal with force start TaskGroupQueue cost: 0/ms
[INFO] 2025-10-13 10:18:23.183 +0800 o.a.d.s.m.r.t.TaskGroupCoordinator:[129] - TaskGroupCoordinator round time cost: 0/ms
[INFO] 2025-10-13 10:18:23.558 +0800 o.a.d.s.m.c.IdSlotBasedCommandFetcher:[67] - Fetch commands: 0 success, cost: 0ms, totalSlot: 1, currentSlotIndex: 0
[INFO] 2025-10-13 10:18:24.558 +0800 o.a.d.s.m.c.IdSlotBasedCommandFetcher:[67] - Fetch commands: 0 success, cost: 0ms, totalSlot: 1, currentSlotIndex: 0
[INFO] 2025-10-13 10:18:25.559 +0800 o.a.d.s.m.c.IdSlotBasedCommandFetcher:[67] - Fetch commands: 0 success, cost: 0ms, totalSlot: 1, currentSlotIndex: 0
[INFO] 2025-10-13 10:18:26.559 +0800 o.a.d.s.m.c.IdSlotBasedCommandFetcher:[67] - Fetch commands: 0 success, cost: 0ms, totalSlot: 1, currentSlotIndex: 0
[INFO] 2025-10-13 10:18:27.560 +0800 o.a.d.s.m.c.IdSlotBasedCommandFetcher:[67] - Fetch commands: 0 success, cost: 0ms, totalSlot: 1, currentSlotIndex: 0
[INFO] 2025-10-13 10:18:28.190 +0800 o.a.d.s.m.r.t.TaskGroupCoordinator:[187] - Success amend TaskGroupQueue status cost: 0/ms
[INFO] 2025-10-13 10:18:28.191 +0800 o.a.d.s.m.r.t.TaskGroupCoordinator:[241] - Success deal with force start TaskGroupQueue cost: 0/ms
[INFO] 2025-10-13 10:18:28.191 +0800 o.a.d.s.m.r.t.TaskGroupCoordinator:[129] - TaskGroupCoordinator round time cost: 1/ms
[INFO] 2025-10-13 10:18:28.560 +0800 o.a.d.s.m.c.IdSlotBasedCommandFetcher:[67] - Fetch commands: 0 success, cost: 0ms, totalSlot: 1, currentSlotIndex: 0
[INFO] 2025-10-13 10:18:29.560 +0800 o.a.d.s.m.c.IdSlotBasedCommandFetcher:[67] - Fetch commands: 0 success, cost: 0ms, totalSlot: 1, currentSlotIndex: 0
[INFO] 2025-10-13 10:18:30.561 +0800 o.a.d.s.m.c.IdSlotBasedCommandFetcher:[67] - Fetch commands: 0 success, cost: 0ms, totalSlot: 1, currentSlotIndex: 0
[INFO] 2025-10-13 10:18:31.561 +0800 o.a.d.s.m.c.IdSlotBasedCommandFetcher:[67] - Fetch commands: 0 success, cost: 0ms, totalSlot: 1, currentSlotIndex: 0
[INFO] 2025-10-13 10:18:32.562 +0800 o.a.d.s.m.c.IdSlotBasedCommandFetcher:[67] - Fetch commands: 0 success, cost: 0ms, totalSlot: 1, currentSlotIndex: 0
[INFO] 2025-10-13 10:18:33.196 +0800 o.a.d.s.m.r.t.TaskGroupCoordinator:[187] - Success amend TaskGroupQueue status cost: 0/ms
[INFO] 2025-10-13 10:18:33.197 +0800 o.a.d.s.m.r.t.TaskGroupCoordinator:[241] - Success deal with force start TaskGroupQueue cost: 0/ms
[INFO] 2025-10-13 10:18:33.197 +0800 o.a.d.s.m.r.t.TaskGroupCoordinator:[129] - TaskGroupCoordinator round time cost: 0/ms
[INFO] 2025-10-13 10:18:33.563 +0800 o.a.d.s.m.c.IdSlotBasedCommandFetcher:[67] - Fetch commands: 0 success, cost: 0ms, totalSlot: 1, currentSlotIndex: 0
[INFO] 2025-10-13 10:18:34.674 +0800 o.a.d.s.m.c.IdSlotBasedCommandFetcher:[67] - Fetch commands: 0 success, cost: 0ms, totalSlot: 1, currentSlotIndex: 0
[INFO] 2025-10-13 10:18:35.796 +0800 o.a.d.s.m.c.IdSlotBasedCommandFetcher:[67] - Fetch commands: 0 success, cost: 0ms, totalSlot: 1, currentSlotIndex: 0
[INFO] 2025-10-13 10:18:36.797 +0800 o.a.d.s.m.c.IdSlotBasedCommandFetcher:[67] - Fetch commands: 0 success, cost: 0ms, totalSlot: 1, currentSlotIndex: 0
[INFO] 2025-10-13 10:18:37.798 +0800 o.a.d.s.m.c.IdSlotBasedCommandFetcher:[67] - Fetch commands: 0 success, cost: 0ms, totalSlot: 1, currentSlotIndex: 0
[INFO] 2025-10-13 10:18:38.203 +0800 o.a.d.s.m.r.t.TaskGroupCoordinator:[187] - Success amend TaskGroupQueue status cost: 0/ms
[INFO] 2025-10-13 10:18:38.204 +0800 o.a.d.s.m.r.t.TaskGroupCoordinator:[241] - Success deal with force start TaskGroupQueue cost: 0/ms
[INFO] 2025-10-13 10:18:38.204 +0800 o.a.d.s.m.r.t.TaskGroupCoordinator:[129] - TaskGroupCoordinator round time cost: 1/ms
[INFO] 2025-10-13 10:18:38.798 +0800 o.a.d.s.m.c.IdSlotBasedCommandFetcher:[67] - Fetch commands: 0 success, cost: 0ms, totalSlot: 1, currentSlotIndex: 0
[INFO] 2025-10-13 10:18:39.798 +0800 o.a.d.s.m.c.IdSlotBasedCommandFetcher:[67] - Fetch commands: 0 success, cost: 0ms, totalSlot: 1, currentSlotIndex: 0
[INFO] 2025-10-13 10:18:40.799 +0800 o.a.d.s.m.c.IdSlotBasedCommandFetcher:[67] - Fetch commands: 0 success, cost: 0ms, totalSlot: 1, currentSlotIndex: 0
[INFO] 2025-10-13 10:18:41.799 +0800 o.a.d.s.m.c.IdSlotBasedCommandFetcher:[67] - Fetch commands: 0 success, cost: 0ms, totalSlot: 1, currentSlotIndex: 0
[INFO] 2025-10-13 10:18:42.800 +0800 o.a.d.s.m.c.IdSlotBasedCommandFetcher:[67] - Fetch commands: 0 success, cost: 0ms, totalSlot: 1, currentSlotIndex: 0
[INFO] 2025-10-13 10:18:43.215 +0800 o.a.d.s.m.r.t.TaskGroupCoordinator:[187] - Success amend TaskGroupQueue status cost: 0/ms
[INFO] 2025-10-13 10:18:43.216 +0800 o.a.d.s.m.r.t.TaskGroupCoordinator:[241] - Success deal with force start TaskGroupQueue cost: 0/ms
[INFO] 2025-10-13 10:18:43.216 +0800 o.a.d.s.m.r.t.TaskGroupCoordinator:[129] - TaskGroupCoordinator round time cost: 0/ms
[INFO] 2025-10-13 10:18:43.800 +0800 o.a.d.s.m.c.IdSlotBasedCommandFetcher:[67] - Fetch commands: 0 success, cost: 0ms, totalSlot: 1, currentSlotIndex: 0
[INFO] 2025-10-13 10:18:44.801 +0800 o.a.d.s.m.c.IdSlotBasedCommandFetcher:[67] - Fetch commands: 0 success, cost: 0ms, totalSlot: 1, currentSlotIndex: 0
[INFO] 2025-10-13 10:18:45.801 +0800 o.a.d.s.m.c.IdSlotBasedCommandFetcher:[67] - Fetch commands: 0 success, cost: 0ms, totalSlot: 1, currentSlotIndex: 0
[INFO] 2025-10-13 10:18:46.803 +0800 o.a.d.s.m.c.IdSlotBasedCommandFetcher:[67] - Fetch commands: 0 success, cost: 0ms, totalSlot: 1, currentSlotIndex: 0
[INFO] 2025-10-13 10:18:47.805 +0800 o.a.d.s.m.c.IdSlotBasedCommandFetcher:[67] - Fetch commands: 0 success, cost: 0ms, totalSlot: 1, currentSlotIndex: 0
[INFO] 2025-10-13 10:18:48.224 +0800 o.a.d.s.m.r.t.TaskGroupCoordinator:[187] - Success amend TaskGroupQueue status cost: 0/ms
[INFO] 2025-10-13 10:18:48.224 +0800 o.a.d.s.m.r.t.TaskGroupCoordinator:[241] - Success deal with force start TaskGroupQueue cost: 0/ms
[INFO] 2025-10-13 10:18:48.224 +0800 o.a.d.s.m.r.t.TaskGroupCoordinator:[129] - TaskGroupCoordinator round time cost: 0/ms
[INFO] 2025-10-13 10:18:48.929 +0800 o.a.d.s.m.c.IdSlotBasedCommandFetcher:[67] - Fetch commands: 0 success, cost: 0ms, totalSlot: 1, currentSlotIndex: 0
[INFO] 2025-10-13 10:18:49.996 +0800 o.a.d.s.m.c.IdSlotBasedCommandFetcher:[67] - Fetch commands: 0 success, cost: 0ms, totalSlot: 1, currentSlotIndex: 0
[INFO] 2025-10-13 10:18:51.063 +0800 o.a.d.s.m.c.IdSlotBasedCommandFetcher:[67] - Fetch commands: 0 success, cost: 1ms, totalSlot: 1, currentSlotIndex: 0
[INFO] 2025-10-13 10:18:52.132 +0800 o.a.d.s.m.c.IdSlotBasedCommandFetcher:[67] - Fetch commands: 0 success, cost: 0ms, totalSlot: 1, currentSlotIndex: 0
[INFO] 2025-10-13 10:18:53.201 +0800 o.a.d.s.m.c.IdSlotBasedCommandFetcher:[67] - Fetch commands: 0 success, cost: 0ms, totalSlot: 1, currentSlotIndex: 0
[INFO] 2025-10-13 10:18:53.230 +0800 o.a.d.s.m.r.t.TaskGroupCoordinator:[187] - Success amend TaskGroupQueue status cost: 0/ms
[INFO] 2025-10-13 10:18:53.231 +0800 o.a.d.s.m.r.t.TaskGroupCoordinator:[241] - Success deal with force start TaskGroupQueue cost: 0/ms
[INFO] 2025-10-13 10:18:53.231 +0800 o.a.d.s.m.r.t.TaskGroupCoordinator:[129] - TaskGroupCoordinator round time cost: 1/ms
[INFO] 2025-10-13 10:18:54.275 +0800 o.a.d.s.m.c.IdSlotBasedCommandFetcher:[67] - Fetch commands: 0 success, cost: 0ms, totalSlot: 1, currentSlotIndex: 0
[INFO] 2025-10-13 10:18:55.340 +0800 o.a.d.s.m.c.IdSlotBasedCommandFetcher:[67] - Fetch commands: 0 success, cost: 1ms, totalSlot: 1, currentSlotIndex: 0
[INFO] 2025-10-13 10:18:56.440 +0800 o.a.d.s.m.c.IdSlotBasedCommandFetcher:[67] - Fetch commands: 0 success, cost: 0ms, totalSlot: 1, currentSlotIndex: 0
[INFO] 2025-10-13 10:18:57.440 +0800 o.a.d.s.m.c.IdSlotBasedCommandFetcher:[67] - Fetch commands: 0 success, cost: 0ms, totalSlot: 1, currentSlotIndex: 0
[INFO] 2025-10-13 10:18:58.238 +0800 o.a.d.s.m.r.t.TaskGroupCoordinator:[187] - Success amend TaskGroupQueue status cost: 0/ms
[INFO] 2025-10-13 10:18:58.238 +0800 o.a.d.s.m.r.t.TaskGroupCoordinator:[241] - Success deal with force start TaskGroupQueue cost: 0/ms
[INFO] 2025-10-13 10:18:58.238 +0800 o.a.d.s.m.r.t.TaskGroupCoordinator:[129] - TaskGroupCoordinator round time cost: 0/ms
[INFO] 2025-10-13 10:18:58.441 +0800 o.a.d.s.m.c.IdSlotBasedCommandFetcher:[67] - Fetch commands: 0 success, cost: 0ms, totalSlot: 1, currentSlotIndex: 0
[INFO] 2025-10-13 10:18:59.442 +0800 o.a.d.s.m.c.IdSlotBasedCommandFetcher:[67] - Fetch commands: 0 success, cost: 0ms, totalSlot: 1, currentSlotIndex: 0
[INFO] 2025-10-13 10:19:00.443 +0800 o.a.d.s.m.c.IdSlotBasedCommandFetcher:[67] - Fetch commands: 0 success, cost: 0ms, totalSlot: 1, currentSlotIndex: 0
[INFO] 2025-10-13 10:19:01.443 +0800 o.a.d.s.m.c.IdSlotBasedCommandFetcher:[67] - Fetch commands: 0 success, cost: 0ms, totalSlot: 1, currentSlotIndex: 0
[INFO] 2025-10-13 10:19:02.443 +0800 o.a.d.s.m.c.IdSlotBasedCommandFetcher:[67] - Fetch commands: 0 success, cost: 0ms, totalSlot: 1, currentSlotIndex: 0
[INFO] 2025-10-13 10:19:03.243 +0800 o.a.d.s.m.r.t.TaskGroupCoordinator:[187] - Success amend TaskGroupQueue status cost: 0/ms
[INFO] 2025-10-13 10:19:03.244 +0800 o.a.d.s.m.r.t.TaskGroupCoordinator:[241] - Success deal with force start TaskGroupQueue cost: 0/ms
[INFO] 2025-10-13 10:19:03.244 +0800 o.a.d.s.m.r.t.TaskGroupCoordinator:[129] - TaskGroupCoordinator round time cost: 0/ms
[INFO] 2025-10-13 10:19:03.443 +0800 o.a.d.s.m.c.IdSlotBasedCommandFetcher:[67] - Fetch commands: 0 success, cost: 0ms, totalSlot: 1, currentSlotIndex: 0
[INFO] 2025-10-13 10:19:04.444 +0800 o.a.d.s.m.c.IdSlotBasedCommandFetcher:[67] - Fetch commands: 0 success, cost: 0ms, totalSlot: 1, currentSlotIndex: 0
[INFO] 2025-10-13 10:19:05.445 +0800 o.a.d.s.m.c.IdSlotBasedCommandFetcher:[67] - Fetch commands: 0 success, cost: 0ms, totalSlot: 1, currentSlotIndex: 0
[INFO] 2025-10-13 10:19:06.446 +0800 o.a.d.s.m.c.IdSlotBasedCommandFetcher:[67] - Fetch commands: 0 success, cost: 0ms, totalSlot: 1, currentSlotIndex: 0
[INFO] 2025-10-13 10:19:07.446 +0800 o.a.d.s.m.c.IdSlotBasedCommandFetcher:[67] - Fetch commands: 0 success, cost: 0ms, totalSlot: 1, currentSlotIndex: 0
[INFO] 2025-10-13 10:19:08.249 +0800 o.a.d.s.m.r.t.TaskGroupCoordinator:[187] - Success amend TaskGroupQueue status cost: 0/ms
[INFO] 2025-10-13 10:19:08.250 +0800 o.a.d.s.m.r.t.TaskGroupCoordinator:[241] - Success deal with force start TaskGroupQueue cost: 0/ms
[INFO] 2025-10-13 10:19:08.250 +0800 o.a.d.s.m.r.t.TaskGroupCoordinator:[129] - TaskGroupCoordinator round time cost: 0/ms
[INFO] 2025-10-13 10:19:08.569 +0800 o.a.d.s.m.c.IdSlotBasedCommandFetcher:[67] - Fetch commands: 0 success, cost: 0ms, totalSlot: 1, currentSlotIndex: 0
[INFO] 2025-10-13 10:19:09.663 +0800 o.a.d.s.m.c.IdSlotBasedCommandFetcher:[67] - Fetch commands: 0 success, cost: 1ms, totalSlot: 1, currentSlotIndex: 0
[INFO] 2025-10-13 10:19:10.755 +0800 o.a.d.s.m.c.IdSlotBasedCommandFetcher:[67] - Fetch commands: 0 success, cost: 0ms, totalSlot: 1, currentSlotIndex: 0
[INFO] 2025-10-13 10:19:11.863 +0800 o.a.d.s.m.c.IdSlotBasedCommandFetcher:[67] - Fetch commands: 0 success, cost: 0ms, totalSlot: 1, currentSlotIndex: 0
[INFO] 2025-10-13 10:19:12.871 +0800 o.a.d.s.m.c.IdSlotBasedCommandFetcher:[67] - Fetch commands: 0 success, cost: 0ms, totalSlot: 1, currentSlotIndex: 0
[INFO] 2025-10-13 10:19:13.270 +0800 o.a.d.s.m.r.t.TaskGroupCoordinator:[187] - Success amend TaskGroupQueue status cost: 0/ms
[INFO] 2025-10-13 10:19:13.270 +0800 o.a.d.s.m.r.t.TaskGroupCoordinator:[241] - Success deal with force start TaskGroupQueue cost: 0/ms
[INFO] 2025-10-13 10:19:13.270 +0800 o.a.d.s.m.r.t.TaskGroupCoordinator:[129] - TaskGroupCoordinator round time cost: 0/ms
[INFO] 2025-10-13 10:19:13.872 +0800 o.a.d.s.m.c.IdSlotBasedCommandFetcher:[67] - Fetch commands: 0 success, cost: 0ms, totalSlot: 1, currentSlotIndex: 0
[INFO] 2025-10-13 10:19:14.884 +0800 o.a.d.s.m.c.IdSlotBasedCommandFetcher:[67] - Fetch commands: 0 success, cost: 0ms, totalSlot: 1, currentSlotIndex: 0
[INFO] 2025-10-13 10:19:15.893 +0800 o.a.d.s.m.c.IdSlotBasedCommandFetcher:[67] - Fetch commands: 0 success, cost: 1ms, totalSlot: 1, currentSlotIndex: 0
[INFO] 2025-10-13 10:19:16.895 +0800 o.a.d.s.m.c.IdSlotBasedCommandFetcher:[67] - Fetch commands: 0 success, cost: 0ms, totalSlot: 1, currentSlotIndex: 0
[INFO] 2025-10-13 10:19:17.902 +0800 o.a.d.s.m.c.IdSlotBasedCommandFetcher:[67] - Fetch commands: 0 success, cost: 0ms, totalSlot: 1, currentSlotIndex: 0
[INFO] 2025-10-13 10:19:18.286 +0800 o.a.d.s.m.r.t.TaskGroupCoordinator:[187] - Success amend TaskGroupQueue status cost: 0/ms
[INFO] 2025-10-13 10:19:18.287 +0800 o.a.d.s.m.r.t.TaskGroupCoordinator:[241] - Success deal with force start TaskGroupQueue cost: 0/ms
[INFO] 2025-10-13 10:19:18.287 +0800 o.a.d.s.m.r.t.TaskGroupCoordinator:[129] - TaskGroupCoordinator round time cost: 1/ms
[INFO] 2025-10-13 10:19:18.911 +0800 o.a.d.s.m.c.IdSlotBasedCommandFetcher:[67] - Fetch commands: 0 success, cost: 0ms, totalSlot: 1, currentSlotIndex: 0
[INFO] 2025-10-13 10:19:19.926 +0800 o.a.d.s.m.c.IdSlotBasedCommandFetcher:[67] - Fetch commands: 0 success, cost: 0ms, totalSlot: 1, currentSlotIndex: 0
[INFO] 2025-10-13 10:19:20.928 +0800 o.a.d.s.m.c.IdSlotBasedCommandFetcher:[67] - Fetch commands: 0 success, cost: 0ms, totalSlot: 1, currentSlotIndex: 0
[INFO] 2025-10-13 10:19:22.100 +0800 o.a.d.s.m.c.IdSlotBasedCommandFetcher:[67] - Fetch commands: 0 success, cost: 1ms, totalSlot: 1, currentSlotIndex: 0
[INFO] 2025-10-13 10:19:23.173 +0800 o.a.d.s.m.c.IdSlotBasedCommandFetcher:[67] - Fetch commands: 0 success, cost: 0ms, totalSlot: 1, currentSlotIndex: 0
[INFO] 2025-10-13 10:19:23.306 +0800 o.a.d.s.m.r.t.TaskGroupCoordinator:[187] - Success amend TaskGroupQueue status cost: 0/ms
[INFO] 2025-10-13 10:19:23.306 +0800 o.a.d.s.m.r.t.TaskGroupCoordinator:[241] - Success deal with force start TaskGroupQueue cost: 0/ms
[INFO] 2025-10-13 10:19:23.306 +0800 o.a.d.s.m.r.t.TaskGroupCoordinator:[129] - TaskGroupCoordinator round time cost: 0/ms
[INFO] 2025-10-13 10:19:24.358 +0800 o.a.d.s.m.c.IdSlotBasedCommandFetcher:[67] - Fetch commands: 0 success, cost: 0ms, totalSlot: 1, currentSlotIndex: 0
[INFO] 2025-10-13 10:19:25.558 +0800 o.a.d.s.m.c.IdSlotBasedCommandFetcher:[67] - Fetch commands: 0 success, cost: 0ms, totalSlot: 1, currentSlotIndex: 0
[INFO] 2025-10-13 10:19:26.650 +0800 o.a.d.s.m.c.IdSlotBasedCommandFetcher:[67] - Fetch commands: 0 success, cost: 0ms, totalSlot: 1, currentSlotIndex: 0
[INFO] 2025-10-13 10:19:27.742 +0800 o.a.d.s.m.c.IdSlotBasedCommandFetcher:[67] - Fetch commands: 0 success, cost: 0ms, totalSlot: 1, currentSlotIndex: 0
[INFO] 2025-10-13 10:19:28.321 +0800 o.a.d.s.m.r.t.TaskGroupCoordinator:[187] - Success amend TaskGroupQueue status cost: 0/ms
[INFO] 2025-10-13 10:19:28.321 +0800 o.a.d.s.m.r.t.TaskGroupCoordinator:[241] - Success deal with force start TaskGroupQueue cost: 0/ms
[INFO] 2025-10-13 10:19:28.323 +0800 o.a.d.s.m.r.t.TaskGroupCoordinator:[129] - TaskGroupCoordinator round time cost: 0/ms
[INFO] 2025-10-13 10:19:28.939 +0800 o.a.d.s.m.c.IdSlotBasedCommandFetcher:[67] - Fetch commands: 0 success, cost: 0ms, totalSlot: 1, currentSlotIndex: 0
[INFO] 2025-10-13 10:19:30.143 +0800 o.a.d.s.m.c.IdSlotBasedCommandFetcher:[67] - Fetch commands: 0 success, cost: 0ms, totalSlot: 1, currentSlotIndex: 0
[INFO] 2025-10-13 10:19:31.460 +0800 o.a.d.s.m.c.IdSlotBasedCommandFetcher:[67] - Fetch commands: 0 success, cost: 0ms, totalSlot: 1, currentSlotIndex: 0
[INFO] 2025-10-13 10:19:32.684 +0800 o.a.d.m.m.BaseServerLoadProtection:[43] - OverLoad: the system cpu usage: 1.0 is over then the maxSystemCpuUsagePercentageThresholds 0.9
[WARN] 2025-10-13 10:19:32.684 +0800 o.a.d.s.m.r.MasterSchedulerBootstrap:[120] - The current server is overload, cannot consumes commands.
[INFO] 2025-10-13 10:19:33.329 +0800 o.a.d.s.m.r.t.TaskGroupCoordinator:[187] - Success amend TaskGroupQueue status cost: 0/ms
[INFO] 2025-10-13 10:19:33.329 +0800 o.a.d.s.m.r.t.TaskGroupCoordinator:[241] - Success deal with force start TaskGroupQueue cost: 0/ms
[INFO] 2025-10-13 10:19:33.329 +0800 o.a.d.s.m.r.t.TaskGroupCoordinator:[129] - TaskGroupCoordinator round time cost: 0/ms
[INFO] 2025-10-13 10:19:33.453 +0800 o.a.d.m.m.BaseServerLoadProtection:[43] - OverLoad: the system cpu usage: 1.0 is over then the maxSystemCpuUsagePercentageThresholds 0.9
[INFO] 2025-10-13 10:19:33.656 +0800 o.a.d.m.m.BaseServerLoadProtection:[43] - OverLoad: the system cpu usage: 1.0 is over then the maxSystemCpuUsagePercentageThresholds 0.9
[INFO] 2025-10-13 10:19:33.694 +0800 o.a.d.m.m.BaseServerLoadProtection:[43] - OverLoad: the system cpu usage: 1.0 is over then the maxSystemCpuUsagePercentageThresholds 0.9
[WARN] 2025-10-13 10:19:33.694 +0800 o.a.d.s.m.r.MasterSchedulerBootstrap:[120] - The current server is overload, cannot consumes commands.
[INFO] 2025-10-13 10:19:34.697 +0800 o.a.d.s.m.c.IdSlotBasedCommandFetcher:[67] - Fetch commands: 0 success, cost: 0ms, totalSlot: 1, currentSlotIndex: 0
[INFO] 2025-10-13 10:19:35.713 +0800 o.a.d.s.m.c.IdSlotBasedCommandFetcher:[67] - Fetch commands: 0 success, cost: 0ms, totalSlot: 1, currentSlotIndex: 0
[INFO] 2025-10-13 10:19:36.716 +0800 o.a.d.s.m.c.IdSlotBasedCommandFetcher:[67] - Fetch commands: 0 success, cost: 0ms, totalSlot: 1, currentSlotIndex: 0
[INFO] 2025-10-13 10:19:37.730 +0800 o.a.d.s.m.c.IdSlotBasedCommandFetcher:[67] - Fetch commands: 0 success, cost: 0ms, totalSlot: 1, currentSlotIndex: 0
[INFO] 2025-10-13 10:19:38.346 +0800 o.a.d.s.m.r.t.TaskGroupCoordinator:[187] - Success amend TaskGroupQueue status cost: 0/ms
[INFO] 2025-10-13 10:19:38.347 +0800 o.a.d.s.m.r.t.TaskGroupCoordinator:[241] - Success deal with force start TaskGroupQueue cost: 0/ms
[INFO] 2025-10-13 10:19:38.347 +0800 o.a.d.s.m.r.t.TaskGroupCoordinator:[129] - TaskGroupCoordinator round time cost: 1/ms
[INFO] 2025-10-13 10:19:38.733 +0800 o.a.d.s.m.c.IdSlotBasedCommandFetcher:[67] - Fetch commands: 0 success, cost: 0ms, totalSlot: 1, currentSlotIndex: 0
[INFO] 2025-10-13 10:19:39.748 +0800 o.a.d.s.m.c.IdSlotBasedCommandFetcher:[67] - Fetch commands: 0 success, cost: 0ms, totalSlot: 1, currentSlotIndex: 0
[INFO] 2025-10-13 10:19:40.750 +0800 o.a.d.s.m.c.IdSlotBasedCommandFetcher:[67] - Fetch commands: 0 success, cost: 0ms, totalSlot: 1, currentSlotIndex: 0
[INFO] 2025-10-13 10:19:41.752 +0800 o.a.d.s.m.c.IdSlotBasedCommandFetcher:[67] - Fetch commands: 0 success, cost: 0ms, totalSlot: 1, currentSlotIndex: 0
[INFO] 2025-10-13 10:19:42.766 +0800 o.a.d.s.m.c.IdSlotBasedCommandFetcher:[67] - Fetch commands: 0 success, cost: 0ms, totalSlot: 1, currentSlotIndex: 0
[INFO] 2025-10-13 10:19:43.368 +0800 o.a.d.s.m.r.t.TaskGroupCoordinator:[187] - Success amend TaskGroupQueue status cost: 0/ms
[INFO] 2025-10-13 10:19:43.368 +0800 o.a.d.s.m.r.t.TaskGroupCoordinator:[241] - Success deal with force start TaskGroupQueue cost: 0/ms
[INFO] 2025-10-13 10:19:43.368 +0800 o.a.d.s.m.r.t.TaskGroupCoordinator:[129] - TaskGroupCoordinator round time cost: 0/ms
[INFO] 2025-10-13 10:19:44.023 +0800 o.a.d.s.m.c.IdSlotBasedCommandFetcher:[67] - Fetch commands: 0 success, cost: 0ms, totalSlot: 1, currentSlotIndex: 0
[INFO] 2025-10-13 10:19:45.123 +0800 o.a.d.s.m.c.IdSlotBasedCommandFetcher:[67] - Fetch commands: 0 success, cost: 1ms, totalSlot: 1, currentSlotIndex: 0
[INFO] 2025-10-13 10:19:46.222 +0800 o.a.d.s.m.c.IdSlotBasedCommandFetcher:[67] - Fetch commands: 0 success, cost: 1ms, totalSlot: 1, currentSlotIndex: 0
[INFO] 2025-10-13 10:19:47.301 +0800 o.a.d.s.m.c.IdSlotBasedCommandFetcher:[67] - Fetch commands: 0 success, cost: 0ms, totalSlot: 1, currentSlotIndex: 0
[INFO] 2025-10-13 10:19:48.381 +0800 o.a.d.s.m.r.t.TaskGroupCoordinator:[187] - Success amend TaskGroupQueue status cost: 0/ms
[INFO] 2025-10-13 10:19:48.381 +0800 o.a.d.s.m.r.t.TaskGroupCoordinator:[241] - Success deal with force start TaskGroupQueue cost: 0/ms
[INFO] 2025-10-13 10:19:48.383 +0800 o.a.d.s.m.r.t.TaskGroupCoordinator:[129] - TaskGroupCoordinator round time cost: 1/ms
[INFO] 2025-10-13 10:19:48.413 +0800 o.a.d.s.m.c.IdSlotBasedCommandFetcher:[67] - Fetch commands: 0 success, cost: 0ms, totalSlot: 1, currentSlotIndex: 0
[INFO] 2025-10-13 10:19:49.516 +0800 o.a.d.s.m.c.IdSlotBasedCommandFetcher:[67] - Fetch commands: 0 success, cost: 1ms, totalSlot: 1, currentSlotIndex: 0
[INFO] 2025-10-13 10:19:50.715 +0800 o.a.d.s.m.c.IdSlotBasedCommandFetcher:[67] - Fetch commands: 0 success, cost: 0ms, totalSlot: 1, currentSlotIndex: 0
[INFO] 2025-10-13 10:19:51.730 +0800 o.a.d.s.m.c.IdSlotBasedCommandFetcher:[67] - Fetch commands: 0 success, cost: 0ms, totalSlot: 1, currentSlotIndex: 0
[INFO] 2025-10-13 10:19:52.743 +0800 o.a.d.s.m.c.IdSlotBasedCommandFetcher:[67] - Fetch commands: 0 success, cost: 0ms, totalSlot: 1, currentSlotIndex: 0
[INFO] 2025-10-13 10:19:53.392 +0800 o.a.d.s.m.r.t.TaskGroupCoordinator:[187] - Success amend TaskGroupQueue status cost: 0/ms
[INFO] 2025-10-13 10:19:53.392 +0800 o.a.d.s.m.r.t.TaskGroupCoordinator:[241] - Success deal with force start TaskGroupQueue cost: 0/ms
[INFO] 2025-10-13 10:19:53.392 +0800 o.a.d.s.m.r.t.TaskGroupCoordinator:[129] - TaskGroupCoordinator round time cost: 0/ms
[INFO] 2025-10-13 10:19:53.758 +0800 o.a.d.s.m.c.IdSlotBasedCommandFetcher:[67] - Fetch commands: 0 success, cost: 0ms, totalSlot: 1, currentSlotIndex: 0
[INFO] 2025-10-13 10:19:54.759 +0800 o.a.d.s.m.c.IdSlotBasedCommandFetcher:[67] - Fetch commands: 0 success, cost: 0ms, totalSlot: 1, currentSlotIndex: 0
[INFO] 2025-10-13 10:19:55.773 +0800 o.a.d.s.m.c.IdSlotBasedCommandFetcher:[67] - Fetch commands: 0 success, cost: 0ms, totalSlot: 1, currentSlotIndex: 0
[INFO] 2025-10-13 10:19:56.778 +0800 o.a.d.s.m.c.IdSlotBasedCommandFetcher:[67] - Fetch commands: 0 success, cost: 0ms, totalSlot: 1, currentSlotIndex: 0
[INFO] 2025-10-13 10:19:57.781 +0800 o.a.d.s.m.c.IdSlotBasedCommandFetcher:[67] - Fetch commands: 0 success, cost: 0ms, totalSlot: 1, currentSlotIndex: 0
[INFO] 2025-10-13 10:19:58.405 +0800 o.a.d.s.m.r.t.TaskGroupCoordinator:[187] - Success amend TaskGroupQueue status cost: 0/ms
[INFO] 2025-10-13 10:19:58.406 +0800 o.a.d.s.m.r.t.TaskGroupCoordinator:[241] - Success deal with force start TaskGroupQueue cost: 0/ms
[INFO] 2025-10-13 10:19:58.406 +0800 o.a.d.s.m.r.t.TaskGroupCoordinator:[129] - TaskGroupCoordinator round time cost: 1/ms
[INFO] 2025-10-13 10:19:58.791 +0800 o.a.d.s.m.c.IdSlotBasedCommandFetcher:[67] - Fetch commands: 0 success, cost: 1ms, totalSlot: 1, currentSlotIndex: 0
[INFO] 2025-10-13 10:19:59.800 +0800 o.a.d.s.m.c.IdSlotBasedCommandFetcher:[67] - Fetch commands: 0 success, cost: 0ms, totalSlot: 1, currentSlotIndex: 0
[INFO] 2025-10-13 10:20:00.932 +0800 o.a.d.s.m.c.IdSlotBasedCommandFetcher:[67] - Fetch commands: 0 success, cost: 0ms, totalSlot: 1, currentSlotIndex: 0
[INFO] 2025-10-13 10:20:02.018 +0800 o.a.d.s.m.c.IdSlotBasedCommandFetcher:[67] - Fetch commands: 0 success, cost: 0ms, totalSlot: 1, currentSlotIndex: 0
[INFO] 2025-10-13 10:20:03.099 +0800 o.a.d.s.m.c.IdSlotBasedCommandFetcher:[67] - Fetch commands: 0 success, cost: 0ms, totalSlot: 1, currentSlotIndex: 0
[INFO] 2025-10-13 10:20:03.414 +0800 o.a.d.s.m.r.t.TaskGroupCoordinator:[187] - Success amend TaskGroupQueue status cost: 0/ms
[INFO] 2025-10-13 10:20:03.414 +0800 o.a.d.s.m.r.t.TaskGroupCoordinator:[241] - Success deal with force start TaskGroupQueue cost: 0/ms
[INFO] 2025-10-13 10:20:03.415 +0800 o.a.d.s.m.r.t.TaskGroupCoordinator:[129] - TaskGroupCoordinator round time cost: 1/ms
[INFO] 2025-10-13 10:20:04.203 +0800 o.a.d.s.m.c.IdSlotBasedCommandFetcher:[67] - Fetch commands: 0 success, cost: 0ms, totalSlot: 1, currentSlotIndex: 0
[INFO] 2025-10-13 10:20:05.493 +0800 o.a.d.s.m.c.IdSlotBasedCommandFetcher:[67] - Fetch commands: 0 success, cost: 0ms, totalSlot: 1, currentSlotIndex: 0
[INFO] 2025-10-13 10:20:06.496 +0800 o.a.d.s.m.c.IdSlotBasedCommandFetcher:[67] - Fetch commands: 0 success, cost: 0ms, totalSlot: 1, currentSlotIndex: 0
[INFO] 2025-10-13 10:20:07.503 +0800 o.a.d.s.m.c.IdSlotBasedCommandFetcher:[67] - Fetch commands: 0 success, cost: 1ms, totalSlot: 1, currentSlotIndex: 0
[INFO] 2025-10-13 10:20:08.432 +0800 o.a.d.s.m.r.t.TaskGroupCoordinator:[187] - Success amend TaskGroupQueue status cost: 0/ms
[INFO] 2025-10-13 10:20:08.432 +0800 o.a.d.s.m.r.t.TaskGroupCoordinator:[241] - Success deal with force start TaskGroupQueue cost: 0/ms
[INFO] 2025-10-13 10:20:08.432 +0800 o.a.d.s.m.r.t.TaskGroupCoordinator:[129] - TaskGroupCoordinator round time cost: 1/ms
[INFO] 2025-10-13 10:20:08.511 +0800 o.a.d.s.m.c.IdSlotBasedCommandFetcher:[67] - Fetch commands: 0 success, cost: 0ms, totalSlot: 1, currentSlotIndex: 0
[INFO] 2025-10-13 10:20:09.512 +0800 o.a.d.s.m.c.IdSlotBasedCommandFetcher:[67] - Fetch commands: 0 success, cost: 0ms, totalSlot: 1, currentSlotIndex: 0
[INFO] 2025-10-13 10:20:10.527 +0800 o.a.d.s.m.c.IdSlotBasedCommandFetcher:[67] - Fetch commands: 0 success, cost: 0ms, totalSlot: 1, currentSlotIndex: 0
[INFO] 2025-10-13 10:20:11.532 +0800 o.a.d.s.m.c.IdSlotBasedCommandFetcher:[67] - Fetch commands: 0 success, cost: 0ms, totalSlot: 1, currentSlotIndex: 0
[INFO] 2025-10-13 10:20:12.542 +0800 o.a.d.s.m.c.IdSlotBasedCommandFetcher:[67] - Fetch commands: 0 success, cost: 0ms, totalSlot: 1, currentSlotIndex: 0
[INFO] 2025-10-13 10:20:13.442 +0800 o.a.d.s.m.r.t.TaskGroupCoordinator:[187] - Success amend TaskGroupQueue status cost: 0/ms
[INFO] 2025-10-13 10:20:13.443 +0800 o.a.d.s.m.r.t.TaskGroupCoordinator:[241] - Success deal with force start TaskGroupQueue cost: 0/ms
[INFO] 2025-10-13 10:20:13.443 +0800 o.a.d.s.m.r.t.TaskGroupCoordinator:[129] - TaskGroupCoordinator round time cost: 0/ms
[INFO] 2025-10-13 10:20:13.543 +0800 o.a.d.s.m.c.IdSlotBasedCommandFetcher:[67] - Fetch commands: 0 success, cost: 0ms, totalSlot: 1, currentSlotIndex: 0
[INFO] 2025-10-13 10:20:14.557 +0800 o.a.d.s.m.c.IdSlotBasedCommandFetcher:[67] - Fetch commands: 0 success, cost: 0ms, totalSlot: 1, currentSlotIndex: 0
[INFO] 2025-10-13 10:20:15.558 +0800 o.a.d.s.m.c.IdSlotBasedCommandFetcher:[67] - Fetch commands: 0 success, cost: 0ms, totalSlot: 1, currentSlotIndex: 0
[INFO] 2025-10-13 10:20:16.566 +0800 o.a.d.s.m.c.IdSlotBasedCommandFetcher:[67] - Fetch commands: 0 success, cost: 0ms, totalSlot: 1, currentSlotIndex: 0
[INFO] 2025-10-13 10:20:17.807 +0800 o.a.d.s.m.c.IdSlotBasedCommandFetcher:[67] - Fetch commands: 0 success, cost: 1ms, totalSlot: 1, currentSlotIndex: 0
[INFO] 2025-10-13 10:20:18.456 +0800 o.a.d.s.m.r.t.TaskGroupCoordinator:[187] - Success amend TaskGroupQueue status cost: 0/ms
[INFO] 2025-10-13 10:20:18.456 +0800 o.a.d.s.m.r.t.TaskGroupCoordinator:[241] - Success deal with force start TaskGroupQueue cost: 0/ms
[INFO] 2025-10-13 10:20:18.456 +0800 o.a.d.s.m.r.t.TaskGroupCoordinator:[129] - TaskGroupCoordinator round time cost: 1/ms
[INFO] 2025-10-13 10:20:18.898 +0800 o.a.d.s.m.c.IdSlotBasedCommandFetcher:[67] - Fetch commands: 0 success, cost: 1ms, totalSlot: 1, currentSlotIndex: 0
[INFO] 2025-10-13 10:20:19.982 +0800 o.a.d.s.m.c.IdSlotBasedCommandFetcher:[67] - Fetch commands: 0 success, cost: 0ms, totalSlot: 1, currentSlotIndex: 0
[INFO] 2025-10-13 10:20:21.069 +0800 o.a.d.s.m.c.IdSlotBasedCommandFetcher:[67] - Fetch commands: 0 success, cost: 1ms, totalSlot: 1, currentSlotIndex: 0
[INFO] 2025-10-13 10:20:22.146 +0800 o.a.d.s.m.c.IdSlotBasedCommandFetcher:[67] - Fetch commands: 0 success, cost: 0ms, totalSlot: 1, currentSlotIndex: 0
[INFO] 2025-10-13 10:20:23.321 +0800 o.a.d.s.m.c.IdSlotBasedCommandFetcher:[67] - Fetch commands: 0 success, cost: 1ms, totalSlot: 1, currentSlotIndex: 0
[INFO] 2025-10-13 10:20:23.468 +0800 o.a.d.s.m.r.t.TaskGroupCoordinator:[187] - Success amend TaskGroupQueue status cost: 0/ms
[INFO] 2025-10-13 10:20:23.468 +0800 o.a.d.s.m.r.t.TaskGroupCoordinator:[241] - Success deal with force start TaskGroupQueue cost: 0/ms
[INFO] 2025-10-13 10:20:23.468 +0800 o.a.d.s.m.r.t.TaskGroupCoordinator:[129] - TaskGroupCoordinator round time cost: 0/ms
[INFO] 2025-10-13 10:20:24.324 +0800 o.a.d.s.m.c.IdSlotBasedCommandFetcher:[67] - Fetch commands: 0 success, cost: 0ms, totalSlot: 1, currentSlotIndex: 0
[INFO] 2025-10-13 10:20:25.327 +0800 o.a.d.s.m.c.IdSlotBasedCommandFetcher:[67] - Fetch commands: 0 success, cost: 1ms, totalSlot: 1, currentSlotIndex: 0
[INFO] 2025-10-13 10:20:26.328 +0800 o.a.d.s.m.c.IdSlotBasedCommandFetcher:[67] - Fetch commands: 0 success, cost: 0ms, totalSlot: 1, currentSlotIndex: 0
[INFO] 2025-10-13 10:20:27.339 +0800 o.a.d.s.m.c.IdSlotBasedCommandFetcher:[67] - Fetch commands: 0 success, cost: 0ms, totalSlot: 1, currentSlotIndex: 0
[INFO] 2025-10-13 10:20:28.340 +0800 o.a.d.s.m.c.IdSlotBasedCommandFetcher:[67] - Fetch commands: 0 success, cost: 0ms, totalSlot: 1, currentSlotIndex: 0
[INFO] 2025-10-13 10:20:28.482 +0800 o.a.d.s.m.r.t.TaskGroupCoordinator:[187] - Success amend TaskGroupQueue status cost: 0/ms
[INFO] 2025-10-13 10:20:28.483 +0800 o.a.d.s.m.r.t.TaskGroupCoordinator:[241] - Success deal with force start TaskGroupQueue cost: 0/ms
[INFO] 2025-10-13 10:20:28.483 +0800 o.a.d.s.m.r.t.TaskGroupCoordinator:[129] - TaskGroupCoordinator round time cost: 0/ms
[INFO] 2025-10-13 10:20:29.341 +0800 o.a.d.s.m.c.IdSlotBasedCommandFetcher:[67] - Fetch commands: 0 success, cost: 0ms, totalSlot: 1, currentSlotIndex: 0
[INFO] 2025-10-13 10:20:30.342 +0800 o.a.d.s.m.c.IdSlotBasedCommandFetcher:[67] - Fetch commands: 0 success, cost: 0ms, totalSlot: 1, currentSlotIndex: 0
[INFO] 2025-10-13 10:20:31.342 +0800 o.a.d.s.m.c.IdSlotBasedCommandFetcher:[67] - Fetch commands: 0 success, cost: 0ms, totalSlot: 1, currentSlotIndex: 0
[INFO] 2025-10-13 10:20:32.343 +0800 o.a.d.s.m.c.IdSlotBasedCommandFetcher:[67] - Fetch commands: 0 success, cost: 0ms, totalSlot: 1, currentSlotIndex: 0
[INFO] 2025-10-13 10:20:33.343 +0800 o.a.d.s.m.c.IdSlotBasedCommandFetcher:[67] - Fetch commands: 0 success, cost: 0ms, totalSlot: 1, currentSlotIndex: 0
[INFO] 2025-10-13 10:20:33.492 +0800 o.a.d.s.m.r.t.TaskGroupCoordinator:[187] - Success amend TaskGroupQueue status cost: 0/ms
[INFO] 2025-10-13 10:20:33.492 +0800 o.a.d.s.m.r.t.TaskGroupCoordinator:[241] - Success deal with force start TaskGroupQueue cost: 0/ms
[INFO] 2025-10-13 10:20:33.492 +0800 o.a.d.s.m.r.t.TaskGroupCoordinator:[129] - TaskGroupCoordinator round time cost: 0/ms
[INFO] 2025-10-13 10:20:34.344 +0800 o.a.d.s.m.c.IdSlotBasedCommandFetcher:[67] - Fetch commands: 0 success, cost: 0ms, totalSlot: 1, currentSlotIndex: 0
[INFO] 2025-10-13 10:20:35.344 +0800 o.a.d.s.m.c.IdSlotBasedCommandFetcher:[67] - Fetch commands: 0 success, cost: 0ms, totalSlot: 1, currentSlotIndex: 0
[INFO] 2025-10-13 10:20:36.468 +0800 o.a.d.s.m.c.IdSlotBasedCommandFetcher:[67] - Fetch commands: 0 success, cost: 0ms, totalSlot: 1, currentSlotIndex: 0
[INFO] 2025-10-13 10:20:37.554 +0800 o.a.d.s.m.c.IdSlotBasedCommandFetcher:[67] - Fetch commands: 0 success, cost: 0ms, totalSlot: 1, currentSlotIndex: 0
[INFO] 2025-10-13 10:20:38.498 +0800 o.a.d.s.m.r.t.TaskGroupCoordinator:[187] - Success amend TaskGroupQueue status cost: 0/ms
[INFO] 2025-10-13 10:20:38.498 +0800 o.a.d.s.m.r.t.TaskGroupCoordinator:[241] - Success deal with force start TaskGroupQueue cost: 0/ms
[INFO] 2025-10-13 10:20:38.498 +0800 o.a.d.s.m.r.t.TaskGroupCoordinator:[129] - TaskGroupCoordinator round time cost: 0/ms
[INFO] 2025-10-13 10:20:38.625 +0800 o.a.d.s.m.c.IdSlotBasedCommandFetcher:[67] - Fetch commands: 0 success, cost: 1ms, totalSlot: 1, currentSlotIndex: 0
[INFO] 2025-10-13 10:20:39.699 +0800 o.a.d.s.m.c.IdSlotBasedCommandFetcher:[67] - Fetch commands: 0 success, cost: 0ms, totalSlot: 1, currentSlotIndex: 0
[INFO] 2025-10-13 10:20:40.788 +0800 o.a.d.s.m.c.IdSlotBasedCommandFetcher:[67] - Fetch commands: 0 success, cost: 1ms, totalSlot: 1, currentSlotIndex: 0
[INFO] 2025-10-13 10:20:41.850 +0800 o.a.d.s.m.c.IdSlotBasedCommandFetcher:[67] - Fetch commands: 0 success, cost: 0ms, totalSlot: 1, currentSlotIndex: 0
[INFO] 2025-10-13 10:20:42.918 +0800 o.a.d.s.m.c.IdSlotBasedCommandFetcher:[67] - Fetch commands: 0 success, cost: 0ms, totalSlot: 1, currentSlotIndex: 0
[INFO] 2025-10-13 10:20:43.507 +0800 o.a.d.s.m.r.t.TaskGroupCoordinator:[187] - Success amend TaskGroupQueue status cost: 0/ms
[INFO] 2025-10-13 10:20:43.507 +0800 o.a.d.s.m.r.t.TaskGroupCoordinator:[241] - Success deal with force start TaskGroupQueue cost: 0/ms
[INFO] 2025-10-13 10:20:43.507 +0800 o.a.d.s.m.r.t.TaskGroupCoordinator:[129] - TaskGroupCoordinator round time cost: 0/ms
[INFO] 2025-10-13 10:20:44.089 +0800 o.a.d.s.m.c.IdSlotBasedCommandFetcher:[67] - Fetch commands: 0 success, cost: 0ms, totalSlot: 1, currentSlotIndex: 0
[INFO] 2025-10-13 10:20:45.090 +0800 o.a.d.s.m.c.IdSlotBasedCommandFetcher:[67] - Fetch commands: 0 success, cost: 0ms, totalSlot: 1, currentSlotIndex: 0
[INFO] 2025-10-13 10:20:46.091 +0800 o.a.d.s.m.c.IdSlotBasedCommandFetcher:[67] - Fetch commands: 0 success, cost: 0ms, totalSlot: 1, currentSlotIndex: 0
[INFO] 2025-10-13 10:20:47.092 +0800 o.a.d.s.m.c.IdSlotBasedCommandFetcher:[67] - Fetch commands: 0 success, cost: 0ms, totalSlot: 1, currentSlotIndex: 0
[INFO] 2025-10-13 10:20:48.092 +0800 o.a.d.s.m.c.IdSlotBasedCommandFetcher:[67] - Fetch commands: 0 success, cost: 0ms, totalSlot: 1, currentSlotIndex: 0
[INFO] 2025-10-13 10:20:48.514 +0800 o.a.d.s.m.r.t.TaskGroupCoordinator:[187] - Success amend TaskGroupQueue status cost: 0/ms
[INFO] 2025-10-13 10:20:48.515 +0800 o.a.d.s.m.r.t.TaskGroupCoordinator:[241] - Success deal with force start TaskGroupQueue cost: 0/ms
[INFO] 2025-10-13 10:20:48.515 +0800 o.a.d.s.m.r.t.TaskGroupCoordinator:[129] - TaskGroupCoordinator round time cost: 1/ms
[INFO] 2025-10-13 10:20:49.092 +0800 o.a.d.s.m.c.IdSlotBasedCommandFetcher:[67] - Fetch commands: 0 success, cost: 0ms, totalSlot: 1, currentSlotIndex: 0
[INFO] 2025-10-13 10:20:50.092 +0800 o.a.d.s.m.c.IdSlotBasedCommandFetcher:[67] - Fetch commands: 0 success, cost: 0ms, totalSlot: 1, currentSlotIndex: 0
[INFO] 2025-10-13 10:20:51.093 +0800 o.a.d.s.m.c.IdSlotBasedCommandFetcher:[67] - Fetch commands: 0 success, cost: 0ms, totalSlot: 1, currentSlotIndex: 0
[INFO] 2025-10-13 10:20:52.094 +0800 o.a.d.s.m.c.IdSlotBasedCommandFetcher:[67] - Fetch commands: 0 success, cost: 0ms, totalSlot: 1, currentSlotIndex: 0
[INFO] 2025-10-13 10:20:53.095 +0800 o.a.d.s.m.c.IdSlotBasedCommandFetcher:[67] - Fetch commands: 0 success, cost: 0ms, totalSlot: 1, currentSlotIndex: 0
[INFO] 2025-10-13 10:20:53.519 +0800 o.a.d.s.m.r.t.TaskGroupCoordinator:[187] - Success amend TaskGroupQueue status cost: 0/ms
[INFO] 2025-10-13 10:20:53.520 +0800 o.a.d.s.m.r.t.TaskGroupCoordinator:[241] - Success deal with force start TaskGroupQueue cost: 0/ms
[INFO] 2025-10-13 10:20:53.520 +0800 o.a.d.s.m.r.t.TaskGroupCoordinator:[129] - TaskGroupCoordinator round time cost: 0/ms
[INFO] 2025-10-13 10:20:54.096 +0800 o.a.d.s.m.c.IdSlotBasedCommandFetcher:[67] - Fetch commands: 0 success, cost: 0ms, totalSlot: 1, currentSlotIndex: 0
[INFO] 2025-10-13 10:20:55.097 +0800 o.a.d.s.m.c.IdSlotBasedCommandFetcher:[67] - Fetch commands: 0 success, cost: 0ms, totalSlot: 1, currentSlotIndex: 0
[INFO] 2025-10-13 10:20:56.097 +0800 o.a.d.s.m.c.IdSlotBasedCommandFetcher:[67] - Fetch commands: 0 success, cost: 0ms, totalSlot: 1, currentSlotIndex: 0
[INFO] 2025-10-13 10:20:57.099 +0800 o.a.d.s.m.c.IdSlotBasedCommandFetcher:[67] - Fetch commands: 0 success, cost: 0ms, totalSlot: 1, currentSlotIndex: 0
[INFO] 2025-10-13 10:20:58.164 +0800 o.a.d.s.m.c.IdSlotBasedCommandFetcher:[67] - Fetch commands: 0 success, cost: 0ms, totalSlot: 1, currentSlotIndex: 0
[INFO] 2025-10-13 10:20:58.524 +0800 o.a.d.s.m.r.t.TaskGroupCoordinator:[187] - Success amend TaskGroupQueue status cost: 0/ms
[INFO] 2025-10-13 10:20:58.525 +0800 o.a.d.s.m.r.t.TaskGroupCoordinator:[241] - Success deal with force start TaskGroupQueue cost: 0/ms
[INFO] 2025-10-13 10:20:58.525 +0800 o.a.d.s.m.r.t.TaskGroupCoordinator:[129] - TaskGroupCoordinator round time cost: 1/ms
[INFO] 2025-10-13 10:20:59.232 +0800 o.a.d.s.m.c.IdSlotBasedCommandFetcher:[67] - Fetch commands: 0 success, cost: 1ms, totalSlot: 1, currentSlotIndex: 0
[INFO] 2025-10-13 10:21:00.298 +0800 o.a.d.s.m.c.IdSlotBasedCommandFetcher:[67] - Fetch commands: 0 success, cost: 1ms, totalSlot: 1, currentSlotIndex: 0
[INFO] 2025-10-13 10:21:01.358 +0800 o.a.d.s.m.c.IdSlotBasedCommandFetcher:[67] - Fetch commands: 0 success, cost: 0ms, totalSlot: 1, currentSlotIndex: 0
[INFO] 2025-10-13 10:21:02.420 +0800 o.a.d.s.m.c.IdSlotBasedCommandFetcher:[67] - Fetch commands: 0 success, cost: 0ms, totalSlot: 1, currentSlotIndex: 0
[INFO] 2025-10-13 10:21:03.488 +0800 o.a.d.s.m.c.IdSlotBasedCommandFetcher:[67] - Fetch commands: 0 success, cost: 0ms, totalSlot: 1, currentSlotIndex: 0
[INFO] 2025-10-13 10:21:03.529 +0800 o.a.d.s.m.r.t.TaskGroupCoordinator:[187] - Success amend TaskGroupQueue status cost: 0/ms
[INFO] 2025-10-13 10:21:03.530 +0800 o.a.d.s.m.r.t.TaskGroupCoordinator:[241] - Success deal with force start TaskGroupQueue cost: 0/ms
[INFO] 2025-10-13 10:21:03.530 +0800 o.a.d.s.m.r.t.TaskGroupCoordinator:[129] - TaskGroupCoordinator round time cost: 0/ms
[INFO] 2025-10-13 10:21:04.556 +0800 o.a.d.s.m.c.IdSlotBasedCommandFetcher:[67] - Fetch commands: 0 success, cost: 0ms, totalSlot: 1, currentSlotIndex: 0
[INFO] 2025-10-13 10:21:05.671 +0800 o.a.d.s.m.c.IdSlotBasedCommandFetcher:[67] - Fetch commands: 0 success, cost: 0ms, totalSlot: 1, currentSlotIndex: 0
[INFO] 2025-10-13 10:21:06.672 +0800 o.a.d.s.m.c.IdSlotBasedCommandFetcher:[67] - Fetch commands: 0 success, cost: 0ms, totalSlot: 1, currentSlotIndex: 0
[INFO] 2025-10-13 10:21:07.674 +0800 o.a.d.s.m.c.IdSlotBasedCommandFetcher:[67] - Fetch commands: 0 success, cost: 0ms, totalSlot: 1, currentSlotIndex: 0
[INFO] 2025-10-13 10:21:08.534 +0800 o.a.d.s.m.r.t.TaskGroupCoordinator:[187] - Success amend TaskGroupQueue status cost: 0/ms
[INFO] 2025-10-13 10:21:08.534 +0800 o.a.d.s.m.r.t.TaskGroupCoordinator:[241] - Success deal with force start TaskGroupQueue cost: 0/ms
[INFO] 2025-10-13 10:21:08.536 +0800 o.a.d.s.m.r.t.TaskGroupCoordinator:[129] - TaskGroupCoordinator round time cost: 0/ms
[INFO] 2025-10-13 10:21:08.674 +0800 o.a.d.s.m.c.IdSlotBasedCommandFetcher:[67] - Fetch commands: 0 success, cost: 0ms, totalSlot: 1, currentSlotIndex: 0
[INFO] 2025-10-13 10:21:09.675 +0800 o.a.d.s.m.c.IdSlotBasedCommandFetcher:[67] - Fetch commands: 0 success, cost: 0ms, totalSlot: 1, currentSlotIndex: 0
[INFO] 2025-10-13 10:21:10.675 +0800 o.a.d.s.m.c.IdSlotBasedCommandFetcher:[67] - Fetch commands: 0 success, cost: 0ms, totalSlot: 1, currentSlotIndex: 0
[INFO] 2025-10-13 10:21:11.676 +0800 o.a.d.s.m.c.IdSlotBasedCommandFetcher:[67] - Fetch commands: 0 success, cost: 0ms, totalSlot: 1, currentSlotIndex: 0
[INFO] 2025-10-13 10:21:12.677 +0800 o.a.d.s.m.c.IdSlotBasedCommandFetcher:[67] - Fetch commands: 0 success, cost: 0ms, totalSlot: 1, currentSlotIndex: 0
[INFO] 2025-10-13 10:21:13.540 +0800 o.a.d.s.m.r.t.TaskGroupCoordinator:[187] - Success amend TaskGroupQueue status cost: 0/ms
[INFO] 2025-10-13 10:21:13.540 +0800 o.a.d.s.m.r.t.TaskGroupCoordinator:[241] - Success deal with force start TaskGroupQueue cost: 0/ms
[INFO] 2025-10-13 10:21:13.541 +0800 o.a.d.s.m.r.t.TaskGroupCoordinator:[129] - TaskGroupCoordinator round time cost: 0/ms
[INFO] 2025-10-13 10:21:13.677 +0800 o.a.d.s.m.c.IdSlotBasedCommandFetcher:[67] - Fetch commands: 0 success, cost: 0ms, totalSlot: 1, currentSlotIndex: 0
[INFO] 2025-10-13 10:21:14.678 +0800 o.a.d.s.m.c.IdSlotBasedCommandFetcher:[67] - Fetch commands: 0 success, cost: 0ms, totalSlot: 1, currentSlotIndex: 0
[INFO] 2025-10-13 10:21:15.678 +0800 o.a.d.s.m.c.IdSlotBasedCommandFetcher:[67] - Fetch commands: 0 success, cost: 0ms, totalSlot: 1, currentSlotIndex: 0
[INFO] 2025-10-13 10:21:16.678 +0800 o.a.d.s.m.c.IdSlotBasedCommandFetcher:[67] - Fetch commands: 0 success, cost: 0ms, totalSlot: 1, currentSlotIndex: 0
[INFO] 2025-10-13 10:21:17.678 +0800 o.a.d.s.m.c.IdSlotBasedCommandFetcher:[67] - Fetch commands: 0 success, cost: 0ms, totalSlot: 1, currentSlotIndex: 0
[INFO] 2025-10-13 10:21:18.546 +0800 o.a.d.s.m.r.t.TaskGroupCoordinator:[187] - Success amend TaskGroupQueue status cost: 0/ms
[INFO] 2025-10-13 10:21:18.546 +0800 o.a.d.s.m.r.t.TaskGroupCoordinator:[241] - Success deal with force start TaskGroupQueue cost: 0/ms
[INFO] 2025-10-13 10:21:18.546 +0800 o.a.d.s.m.r.t.TaskGroupCoordinator:[129] - TaskGroupCoordinator round time cost: 0/ms
[INFO] 2025-10-13 10:21:18.752 +0800 o.a.d.s.m.c.IdSlotBasedCommandFetcher:[67] - Fetch commands: 0 success, cost: 0ms, totalSlot: 1, currentSlotIndex: 0
[INFO] 2025-10-13 10:21:19.818 +0800 o.a.d.s.m.c.IdSlotBasedCommandFetcher:[67] - Fetch commands: 0 success, cost: 0ms, totalSlot: 1, currentSlotIndex: 0
[INFO] 2025-10-13 10:21:20.904 +0800 o.a.d.s.m.c.IdSlotBasedCommandFetcher:[67] - Fetch commands: 0 success, cost: 0ms, totalSlot: 1, currentSlotIndex: 0
[INFO] 2025-10-13 10:21:21.976 +0800 o.a.d.s.m.c.IdSlotBasedCommandFetcher:[67] - Fetch commands: 0 success, cost: 1ms, totalSlot: 1, currentSlotIndex: 0
[INFO] 2025-10-13 10:21:23.049 +0800 o.a.d.s.m.c.IdSlotBasedCommandFetcher:[67] - Fetch commands: 0 success, cost: 1ms, totalSlot: 1, currentSlotIndex: 0
[INFO] 2025-10-13 10:21:23.553 +0800 o.a.d.s.m.r.t.TaskGroupCoordinator:[187] - Success amend TaskGroupQueue status cost: 0/ms
[INFO] 2025-10-13 10:21:23.553 +0800 o.a.d.s.m.r.t.TaskGroupCoordinator:[241] - Success deal with force start TaskGroupQueue cost: 0/ms
[INFO] 2025-10-13 10:21:23.553 +0800 o.a.d.s.m.r.t.TaskGroupCoordinator:[129] - TaskGroupCoordinator round time cost: 1/ms
[INFO] 2025-10-13 10:21:24.115 +0800 o.a.d.s.m.c.IdSlotBasedCommandFetcher:[67] - Fetch commands: 0 success, cost: 0ms, totalSlot: 1, currentSlotIndex: 0
[INFO] 2025-10-13 10:21:25.182 +0800 o.a.d.s.m.c.IdSlotBasedCommandFetcher:[67] - Fetch commands: 0 success, cost: 0ms, totalSlot: 1, currentSlotIndex: 0
[INFO] 2025-10-13 10:21:26.349 +0800 o.a.d.s.m.c.IdSlotBasedCommandFetcher:[67] - Fetch commands: 0 success, cost: 0ms, totalSlot: 1, currentSlotIndex: 0
[INFO] 2025-10-13 10:21:27.357 +0800 o.a.d.s.m.c.IdSlotBasedCommandFetcher:[67] - Fetch commands: 0 success, cost: 0ms, totalSlot: 1, currentSlotIndex: 0
[INFO] 2025-10-13 10:21:28.358 +0800 o.a.d.s.m.c.IdSlotBasedCommandFetcher:[67] - Fetch commands: 0 success, cost: 0ms, totalSlot: 1, currentSlotIndex: 0
[INFO] 2025-10-13 10:21:28.559 +0800 o.a.d.s.m.r.t.TaskGroupCoordinator:[187] - Success amend TaskGroupQueue status cost: 0/ms
[INFO] 2025-10-13 10:21:28.560 +0800 o.a.d.s.m.r.t.TaskGroupCoordinator:[241] - Success deal with force start TaskGroupQueue cost: 0/ms
[INFO] 2025-10-13 10:21:28.560 +0800 o.a.d.s.m.r.t.TaskGroupCoordinator:[129] - TaskGroupCoordinator round time cost: 1/ms
[INFO] 2025-10-13 10:21:29.358 +0800 o.a.d.s.m.c.IdSlotBasedCommandFetcher:[67] - Fetch commands: 0 success, cost: 0ms, totalSlot: 1, currentSlotIndex: 0
[INFO] 2025-10-13 10:21:30.359 +0800 o.a.d.s.m.c.IdSlotBasedCommandFetcher:[67] - Fetch commands: 0 success, cost: 0ms, totalSlot: 1, currentSlotIndex: 0
[INFO] 2025-10-13 10:21:31.360 +0800 o.a.d.s.m.c.IdSlotBasedCommandFetcher:[67] - Fetch commands: 0 success, cost: 0ms, totalSlot: 1, currentSlotIndex: 0
[INFO] 2025-10-13 10:21:32.360 +0800 o.a.d.s.m.c.IdSlotBasedCommandFetcher:[67] - Fetch commands: 0 success, cost: 0ms, totalSlot: 1, currentSlotIndex: 0
[INFO] 2025-10-13 10:21:33.360 +0800 o.a.d.s.m.c.IdSlotBasedCommandFetcher:[67] - Fetch commands: 0 success, cost: 0ms, totalSlot: 1, currentSlotIndex: 0
[INFO] 2025-10-13 10:21:33.567 +0800 o.a.d.s.m.r.t.TaskGroupCoordinator:[187] - Success amend TaskGroupQueue status cost: 0/ms
[INFO] 2025-10-13 10:21:33.567 +0800 o.a.d.s.m.r.t.TaskGroupCoordinator:[241] - Success deal with force start TaskGroupQueue cost: 0/ms
[INFO] 2025-10-13 10:21:33.567 +0800 o.a.d.s.m.r.t.TaskGroupCoordinator:[129] - TaskGroupCoordinator round time cost: 0/ms
[INFO] 2025-10-13 10:21:34.362 +0800 o.a.d.s.m.c.IdSlotBasedCommandFetcher:[67] - Fetch commands: 0 success, cost: 0ms, totalSlot: 1, currentSlotIndex: 0
[INFO] 2025-10-13 10:21:35.363 +0800 o.a.d.s.m.c.IdSlotBasedCommandFetcher:[67] - Fetch commands: 0 success, cost: 0ms, totalSlot: 1, currentSlotIndex: 0
[INFO] 2025-10-13 10:21:36.363 +0800 o.a.d.s.m.c.IdSlotBasedCommandFetcher:[67] - Fetch commands: 0 success, cost: 0ms, totalSlot: 1, currentSlotIndex: 0
[INFO] 2025-10-13 10:21:37.365 +0800 o.a.d.s.m.c.IdSlotBasedCommandFetcher:[67] - Fetch commands: 0 success, cost: 0ms, totalSlot: 1, currentSlotIndex: 0
[INFO] 2025-10-13 10:21:38.365 +0800 o.a.d.s.m.c.IdSlotBasedCommandFetcher:[67] - Fetch commands: 0 success, cost: 0ms, totalSlot: 1, currentSlotIndex: 0
[INFO] 2025-10-13 10:21:38.574 +0800 o.a.d.s.m.r.t.TaskGroupCoordinator:[187] - Success amend TaskGroupQueue status cost: 0/ms
[INFO] 2025-10-13 10:21:38.574 +0800 o.a.d.s.m.r.t.TaskGroupCoordinator:[241] - Success deal with force start TaskGroupQueue cost: 0/ms
[INFO] 2025-10-13 10:21:38.574 +0800 o.a.d.s.m.r.t.TaskGroupCoordinator:[129] - TaskGroupCoordinator round time cost: 0/ms
[INFO] 2025-10-13 10:21:39.366 +0800 o.a.d.s.m.c.IdSlotBasedCommandFetcher:[67] - Fetch commands: 0 success, cost: 0ms, totalSlot: 1, currentSlotIndex: 0
[INFO] 2025-10-13 10:21:40.443 +0800 o.a.d.s.m.c.IdSlotBasedCommandFetcher:[67] - Fetch commands: 0 success, cost: 0ms, totalSlot: 1, currentSlotIndex: 0
[INFO] 2025-10-13 10:21:41.515 +0800 o.a.d.s.m.c.IdSlotBasedCommandFetcher:[67] - Fetch commands: 0 success, cost: 0ms, totalSlot: 1, currentSlotIndex: 0
[INFO] 2025-10-13 10:21:42.575 +0800 o.a.d.s.m.c.IdSlotBasedCommandFetcher:[67] - Fetch commands: 0 success, cost: 0ms, totalSlot: 1, currentSlotIndex: 0
[INFO] 2025-10-13 10:21:43.584 +0800 o.a.d.s.m.r.t.TaskGroupCoordinator:[187] - Success amend TaskGroupQueue status cost: 0/ms
[INFO] 2025-10-13 10:21:43.584 +0800 o.a.d.s.m.r.t.TaskGroupCoordinator:[241] - Success deal with force start TaskGroupQueue cost: 0/ms
[INFO] 2025-10-13 10:21:43.584 +0800 o.a.d.s.m.r.t.TaskGroupCoordinator:[129] - TaskGroupCoordinator round time cost: 0/ms
[INFO] 2025-10-13 10:21:43.641 +0800 o.a.d.s.m.c.IdSlotBasedCommandFetcher:[67] - Fetch commands: 0 success, cost: 0ms, totalSlot: 1, currentSlotIndex: 0
[INFO] 2025-10-13 10:21:44.707 +0800 o.a.d.s.m.c.IdSlotBasedCommandFetcher:[67] - Fetch commands: 0 success, cost: 0ms, totalSlot: 1, currentSlotIndex: 0
[INFO] 2025-10-13 10:21:45.780 +0800 o.a.d.s.m.c.IdSlotBasedCommandFetcher:[67] - Fetch commands: 0 success, cost: 1ms, totalSlot: 1, currentSlotIndex: 0
[INFO] 2025-10-13 10:21:46.886 +0800 o.a.d.s.m.c.IdSlotBasedCommandFetcher:[67] - Fetch commands: 0 success, cost: 0ms, totalSlot: 1, currentSlotIndex: 0
[INFO] 2025-10-13 10:21:47.887 +0800 o.a.d.s.m.c.IdSlotBasedCommandFetcher:[67] - Fetch commands: 0 success, cost: 0ms, totalSlot: 1, currentSlotIndex: 0
[INFO] 2025-10-13 10:21:48.590 +0800 o.a.d.s.m.r.t.TaskGroupCoordinator:[187] - Success amend TaskGroupQueue status cost: 0/ms
[INFO] 2025-10-13 10:21:48.590 +0800 o.a.d.s.m.r.t.TaskGroupCoordinator:[241] - Success deal with force start TaskGroupQueue cost: 0/ms
[INFO] 2025-10-13 10:21:48.590 +0800 o.a.d.s.m.r.t.TaskGroupCoordinator:[129] - TaskGroupCoordinator round time cost: 1/ms
[INFO] 2025-10-13 10:21:48.887 +0800 o.a.d.s.m.c.IdSlotBasedCommandFetcher:[67] - Fetch commands: 0 success, cost: 0ms, totalSlot: 1, currentSlotIndex: 0
[INFO] 2025-10-13 10:21:49.888 +0800 o.a.d.s.m.c.IdSlotBasedCommandFetcher:[67] - Fetch commands: 0 success, cost: 0ms, totalSlot: 1, currentSlotIndex: 0
[INFO] 2025-10-13 10:21:50.888 +0800 o.a.d.s.m.c.IdSlotBasedCommandFetcher:[67] - Fetch commands: 0 success, cost: 0ms, totalSlot: 1, currentSlotIndex: 0
[INFO] 2025-10-13 10:21:51.888 +0800 o.a.d.s.m.c.IdSlotBasedCommandFetcher:[67] - Fetch commands: 0 success, cost: 0ms, totalSlot: 1, currentSlotIndex: 0
[INFO] 2025-10-13 10:21:52.890 +0800 o.a.d.s.m.c.IdSlotBasedCommandFetcher:[67] - Fetch commands: 0 success, cost: 0ms, totalSlot: 1, currentSlotIndex: 0
[INFO] 2025-10-13 10:21:53.597 +0800 o.a.d.s.m.r.t.TaskGroupCoordinator:[187] - Success amend TaskGroupQueue status cost: 0/ms
[INFO] 2025-10-13 10:21:53.597 +0800 o.a.d.s.m.r.t.TaskGroupCoordinator:[241] - Success deal with force start TaskGroupQueue cost: 0/ms
[INFO] 2025-10-13 10:21:53.597 +0800 o.a.d.s.m.r.t.TaskGroupCoordinator:[129] - TaskGroupCoordinator round time cost: 0/ms
[INFO] 2025-10-13 10:21:53.900 +0800 o.a.d.s.m.c.IdSlotBasedCommandFetcher:[67] - Fetch commands: 0 success, cost: 0ms, totalSlot: 1, currentSlotIndex: 0
[INFO] 2025-10-13 10:21:54.913 +0800 o.a.d.s.m.c.IdSlotBasedCommandFetcher:[67] - Fetch commands: 0 success, cost: 0ms, totalSlot: 1, currentSlotIndex: 0
[INFO] 2025-10-13 10:21:55.914 +0800 o.a.d.s.m.c.IdSlotBasedCommandFetcher:[67] - Fetch commands: 0 success, cost: 0ms, totalSlot: 1, currentSlotIndex: 0
[INFO] 2025-10-13 10:21:56.916 +0800 o.a.d.s.m.c.IdSlotBasedCommandFetcher:[67] - Fetch commands: 0 success, cost: 0ms, totalSlot: 1, currentSlotIndex: 0
[INFO] 2025-10-13 10:21:57.917 +0800 o.a.d.s.m.c.IdSlotBasedCommandFetcher:[67] - Fetch commands: 0 success, cost: 0ms, totalSlot: 1, currentSlotIndex: 0
[INFO] 2025-10-13 10:21:58.605 +0800 o.a.d.s.m.r.t.TaskGroupCoordinator:[187] - Success amend TaskGroupQueue status cost: 0/ms
[INFO] 2025-10-13 10:21:58.605 +0800 o.a.d.s.m.r.t.TaskGroupCoordinator:[241] - Success deal with force start TaskGroupQueue cost: 0/ms
[INFO] 2025-10-13 10:21:58.605 +0800 o.a.d.s.m.r.t.TaskGroupCoordinator:[129] - TaskGroupCoordinator round time cost: 1/ms
[INFO] 2025-10-13 10:21:59.017 +0800 o.a.d.s.m.c.IdSlotBasedCommandFetcher:[67] - Fetch commands: 0 success, cost: 0ms, totalSlot: 1, currentSlotIndex: 0
[INFO] 2025-10-13 10:22:00.102 +0800 o.a.d.s.m.c.IdSlotBasedCommandFetcher:[67] - Fetch commands: 0 success, cost: 1ms, totalSlot: 1, currentSlotIndex: 0
[INFO] 2025-10-13 10:22:01.201 +0800 o.a.d.s.m.c.IdSlotBasedCommandFetcher:[67] - Fetch commands: 0 success, cost: 1ms, totalSlot: 1, currentSlotIndex: 0
[INFO] 2025-10-13 10:22:02.325 +0800 o.a.d.s.m.c.IdSlotBasedCommandFetcher:[67] - Fetch commands: 0 success, cost: 0ms, totalSlot: 1, currentSlotIndex: 0
[INFO] 2025-10-13 10:22:03.416 +0800 o.a.d.s.m.c.IdSlotBasedCommandFetcher:[67] - Fetch commands: 0 success, cost: 0ms, totalSlot: 1, currentSlotIndex: 0
[INFO] 2025-10-13 10:22:03.620 +0800 o.a.d.s.m.r.t.TaskGroupCoordinator:[187] - Success amend TaskGroupQueue status cost: 0/ms
[INFO] 2025-10-13 10:22:03.620 +0800 o.a.d.s.m.r.t.TaskGroupCoordinator:[241] - Success deal with force start TaskGroupQueue cost: 0/ms
[INFO] 2025-10-13 10:22:03.620 +0800 o.a.d.s.m.r.t.TaskGroupCoordinator:[129] - TaskGroupCoordinator round time cost: 1/ms
[INFO] 2025-10-13 10:22:04.507 +0800 o.a.d.s.m.c.IdSlotBasedCommandFetcher:[67] - Fetch commands: 0 success, cost: 0ms, totalSlot: 1, currentSlotIndex: 0
[INFO] 2025-10-13 10:22:05.681 +0800 o.a.d.s.m.c.IdSlotBasedCommandFetcher:[67] - Fetch commands: 0 success, cost: 1ms, totalSlot: 1, currentSlotIndex: 0
[INFO] 2025-10-13 10:22:06.688 +0800 o.a.d.s.m.c.IdSlotBasedCommandFetcher:[67] - Fetch commands: 0 success, cost: 0ms, totalSlot: 1, currentSlotIndex: 0
[INFO] 2025-10-13 10:22:07.690 +0800 o.a.d.s.m.c.IdSlotBasedCommandFetcher:[67] - Fetch commands: 0 success, cost: 1ms, totalSlot: 1, currentSlotIndex: 0
[INFO] 2025-10-13 10:22:08.638 +0800 o.a.d.s.m.r.t.TaskGroupCoordinator:[187] - Success amend TaskGroupQueue status cost: 0/ms
[INFO] 2025-10-13 10:22:08.638 +0800 o.a.d.s.m.r.t.TaskGroupCoordinator:[241] - Success deal with force start TaskGroupQueue cost: 0/ms
[INFO] 2025-10-13 10:22:08.638 +0800 o.a.d.s.m.r.t.TaskGroupCoordinator:[129] - TaskGroupCoordinator round time cost: 1/ms
[INFO] 2025-10-13 10:22:08.693 +0800 o.a.d.s.m.c.IdSlotBasedCommandFetcher:[67] - Fetch commands: 0 success, cost: 0ms, totalSlot: 1, currentSlotIndex: 0
[INFO] 2025-10-13 10:22:09.703 +0800 o.a.d.s.m.c.IdSlotBasedCommandFetcher:[67] - Fetch commands: 0 success, cost: 0ms, totalSlot: 1, currentSlotIndex: 0
[INFO] 2025-10-13 10:22:10.711 +0800 o.a.d.s.m.c.IdSlotBasedCommandFetcher:[67] - Fetch commands: 0 success, cost: 0ms, totalSlot: 1, currentSlotIndex: 0
[INFO] 2025-10-13 10:22:11.718 +0800 o.a.d.s.m.c.IdSlotBasedCommandFetcher:[67] - Fetch commands: 0 success, cost: 0ms, totalSlot: 1, currentSlotIndex: 0
[INFO] 2025-10-13 10:22:12.721 +0800 o.a.d.s.m.c.IdSlotBasedCommandFetcher:[67] - Fetch commands: 0 success, cost: 0ms, totalSlot: 1, currentSlotIndex: 0
[INFO] 2025-10-13 10:22:13.655 +0800 o.a.d.s.m.r.t.TaskGroupCoordinator:[187] - Success amend TaskGroupQueue status cost: 0/ms
[INFO] 2025-10-13 10:22:13.655 +0800 o.a.d.s.m.r.t.TaskGroupCoordinator:[241] - Success deal with force start TaskGroupQueue cost: 0/ms
[INFO] 2025-10-13 10:22:13.655 +0800 o.a.d.s.m.r.t.TaskGroupCoordinator:[129] - TaskGroupCoordinator round time cost: 0/ms
[INFO] 2025-10-13 10:22:13.723 +0800 o.a.d.s.m.c.IdSlotBasedCommandFetcher:[67] - Fetch commands: 0 success, cost: 0ms, totalSlot: 1, currentSlotIndex: 0
[INFO] 2025-10-13 10:22:14.725 +0800 o.a.d.s.m.c.IdSlotBasedCommandFetcher:[67] - Fetch commands: 0 success, cost: 1ms, totalSlot: 1, currentSlotIndex: 0
[INFO] 2025-10-13 10:22:15.961 +0800 o.a.d.s.m.c.IdSlotBasedCommandFetcher:[67] - Fetch commands: 0 success, cost: 0ms, totalSlot: 1, currentSlotIndex: 0
[INFO] 2025-10-13 10:22:16.976 +0800 o.a.d.s.m.c.IdSlotBasedCommandFetcher:[67] - Fetch commands: 0 success, cost: 0ms, totalSlot: 1, currentSlotIndex: 0
[INFO] 2025-10-13 10:22:17.979 +0800 o.a.d.s.m.c.IdSlotBasedCommandFetcher:[67] - Fetch commands: 0 success, cost: 0ms, totalSlot: 1, currentSlotIndex: 0
[INFO] 2025-10-13 10:22:18.663 +0800 o.a.d.s.m.r.t.TaskGroupCoordinator:[187] - Success amend TaskGroupQueue status cost: 0/ms
[INFO] 2025-10-13 10:22:18.663 +0800 o.a.d.s.m.r.t.TaskGroupCoordinator:[241] - Success deal with force start TaskGroupQueue cost: 0/ms
[INFO] 2025-10-13 10:22:18.663 +0800 o.a.d.s.m.r.t.TaskGroupCoordinator:[129] - TaskGroupCoordinator round time cost: 1/ms
[INFO] 2025-10-13 10:22:18.988 +0800 o.a.d.s.m.c.IdSlotBasedCommandFetcher:[67] - Fetch commands: 0 success, cost: 0ms, totalSlot: 1, currentSlotIndex: 0
[INFO] 2025-10-13 10:22:20.001 +0800 o.a.d.s.m.c.IdSlotBasedCommandFetcher:[67] - Fetch commands: 0 success, cost: 0ms, totalSlot: 1, currentSlotIndex: 0
[INFO] 2025-10-13 10:22:21.011 +0800 o.a.d.s.m.c.IdSlotBasedCommandFetcher:[67] - Fetch commands: 0 success, cost: 0ms, totalSlot: 1, currentSlotIndex: 0
[INFO] 2025-10-13 10:22:22.022 +0800 o.a.d.s.m.c.IdSlotBasedCommandFetcher:[67] - Fetch commands: 0 success, cost: 0ms, totalSlot: 1, currentSlotIndex: 0
[INFO] 2025-10-13 10:22:23.022 +0800 o.a.d.s.m.c.IdSlotBasedCommandFetcher:[67] - Fetch commands: 0 success, cost: 0ms, totalSlot: 1, currentSlotIndex: 0
[INFO] 2025-10-13 10:22:23.674 +0800 o.a.d.s.m.r.t.TaskGroupCoordinator:[187] - Success amend TaskGroupQueue status cost: 0/ms
[INFO] 2025-10-13 10:22:23.675 +0800 o.a.d.s.m.r.t.TaskGroupCoordinator:[241] - Success deal with force start TaskGroupQueue cost: 0/ms
[INFO] 2025-10-13 10:22:23.675 +0800 o.a.d.s.m.r.t.TaskGroupCoordinator:[129] - TaskGroupCoordinator round time cost: 0/ms
[INFO] 2025-10-13 10:22:24.032 +0800 o.a.d.s.m.c.IdSlotBasedCommandFetcher:[67] - Fetch commands: 0 success, cost: 0ms, totalSlot: 1, currentSlotIndex: 0
[INFO] 2025-10-13 10:22:25.047 +0800 o.a.d.s.m.c.IdSlotBasedCommandFetcher:[67] - Fetch commands: 0 success, cost: 0ms, totalSlot: 1, currentSlotIndex: 0
[INFO] 2025-10-13 10:22:26.050 +0800 o.a.d.s.m.c.IdSlotBasedCommandFetcher:[67] - Fetch commands: 0 success, cost: 0ms, totalSlot: 1, currentSlotIndex: 0
[INFO] 2025-10-13 10:22:27.175 +0800 o.a.d.s.m.c.IdSlotBasedCommandFetcher:[67] - Fetch commands: 0 success, cost: 0ms, totalSlot: 1, currentSlotIndex: 0
[INFO] 2025-10-13 10:22:28.240 +0800 o.a.d.s.m.c.IdSlotBasedCommandFetcher:[67] - Fetch commands: 0 success, cost: 0ms, totalSlot: 1, currentSlotIndex: 0
[INFO] 2025-10-13 10:22:28.687 +0800 o.a.d.s.m.r.t.TaskGroupCoordinator:[187] - Success amend TaskGroupQueue status cost: 0/ms
[INFO] 2025-10-13 10:22:28.688 +0800 o.a.d.s.m.r.t.TaskGroupCoordinator:[241] - Success deal with force start TaskGroupQueue cost: 0/ms
[INFO] 2025-10-13 10:22:28.688 +0800 o.a.d.s.m.r.t.TaskGroupCoordinator:[129] - TaskGroupCoordinator round time cost: 0/ms
[INFO] 2025-10-13 10:22:29.303 +0800 o.a.d.s.m.c.IdSlotBasedCommandFetcher:[67] - Fetch commands: 0 success, cost: 0ms, totalSlot: 1, currentSlotIndex: 0
[INFO] 2025-10-13 10:22:30.368 +0800 o.a.d.s.m.c.IdSlotBasedCommandFetcher:[67] - Fetch commands: 0 success, cost: 0ms, totalSlot: 1, currentSlotIndex: 0
[INFO] 2025-10-13 10:22:31.505 +0800 o.a.d.s.m.c.IdSlotBasedCommandFetcher:[67] - Fetch commands: 0 success, cost: 0ms, totalSlot: 1, currentSlotIndex: 0
[INFO] 2025-10-13 10:22:32.507 +0800 o.a.d.s.m.c.IdSlotBasedCommandFetcher:[67] - Fetch commands: 0 success, cost: 0ms, totalSlot: 1, currentSlotIndex: 0
[INFO] 2025-10-13 10:22:33.508 +0800 o.a.d.s.m.c.IdSlotBasedCommandFetcher:[67] - Fetch commands: 0 success, cost: 0ms, totalSlot: 1, currentSlotIndex: 0
[INFO] 2025-10-13 10:22:33.693 +0800 o.a.d.s.m.r.t.TaskGroupCoordinator:[187] - Success amend TaskGroupQueue status cost: 0/ms
[INFO] 2025-10-13 10:22:33.693 +0800 o.a.d.s.m.r.t.TaskGroupCoordinator:[241] - Success deal with force start TaskGroupQueue cost: 0/ms
[INFO] 2025-10-13 10:22:33.694 +0800 o.a.d.s.m.r.t.TaskGroupCoordinator:[129] - TaskGroupCoordinator round time cost: 0/ms
[INFO] 2025-10-13 10:22:34.508 +0800 o.a.d.s.m.c.IdSlotBasedCommandFetcher:[67] - Fetch commands: 0 success, cost: 0ms, totalSlot: 1, currentSlotIndex: 0
[INFO] 2025-10-13 10:22:35.508 +0800 o.a.d.s.m.c.IdSlotBasedCommandFetcher:[67] - Fetch commands: 0 success, cost: 0ms, totalSlot: 1, currentSlotIndex: 0
[INFO] 2025-10-13 10:22:36.509 +0800 o.a.d.s.m.c.IdSlotBasedCommandFetcher:[67] - Fetch commands: 0 success, cost: 0ms, totalSlot: 1, currentSlotIndex: 0
[INFO] 2025-10-13 10:22:37.510 +0800 o.a.d.s.m.c.IdSlotBasedCommandFetcher:[67] - Fetch commands: 0 success, cost: 0ms, totalSlot: 1, currentSlotIndex: 0
[INFO] 2025-10-13 10:22:38.510 +0800 o.a.d.s.m.c.IdSlotBasedCommandFetcher:[67] - Fetch commands: 0 success, cost: 0ms, totalSlot: 1, currentSlotIndex: 0
[INFO] 2025-10-13 10:22:38.699 +0800 o.a.d.s.m.r.t.TaskGroupCoordinator:[187] - Success amend TaskGroupQueue status cost: 0/ms
[INFO] 2025-10-13 10:22:38.699 +0800 o.a.d.s.m.r.t.TaskGroupCoordinator:[241] - Success deal with force start TaskGroupQueue cost: 0/ms
[INFO] 2025-10-13 10:22:38.700 +0800 o.a.d.s.m.r.t.TaskGroupCoordinator:[129] - TaskGroupCoordinator round time cost: 0/ms
[INFO] 2025-10-13 10:22:39.511 +0800 o.a.d.s.m.c.IdSlotBasedCommandFetcher:[67] - Fetch commands: 0 success, cost: 0ms, totalSlot: 1, currentSlotIndex: 0
[INFO] 2025-10-13 10:22:40.512 +0800 o.a.d.s.m.c.IdSlotBasedCommandFetcher:[67] - Fetch commands: 0 success, cost: 0ms, totalSlot: 1, currentSlotIndex: 0
[INFO] 2025-10-13 10:22:41.512 +0800 o.a.d.s.m.c.IdSlotBasedCommandFetcher:[67] - Fetch commands: 0 success, cost: 0ms, totalSlot: 1, currentSlotIndex: 0
[INFO] 2025-10-13 10:22:42.513 +0800 o.a.d.s.m.c.IdSlotBasedCommandFetcher:[67] - Fetch commands: 0 success, cost: 0ms, totalSlot: 1, currentSlotIndex: 0
[INFO] 2025-10-13 10:22:43.514 +0800 o.a.d.s.m.c.IdSlotBasedCommandFetcher:[67] - Fetch commands: 0 success, cost: 0ms, totalSlot: 1, currentSlotIndex: 0
[INFO] 2025-10-13 10:22:43.709 +0800 o.a.d.s.m.r.t.TaskGroupCoordinator:[187] - Success amend TaskGroupQueue status cost: 0/ms
[INFO] 2025-10-13 10:22:43.709 +0800 o.a.d.s.m.r.t.TaskGroupCoordinator:[241] - Success deal with force start TaskGroupQueue cost: 0/ms
[INFO] 2025-10-13 10:22:43.709 +0800 o.a.d.s.m.r.t.TaskGroupCoordinator:[129] - TaskGroupCoordinator round time cost: 0/ms
[INFO] 2025-10-13 10:22:44.515 +0800 o.a.d.s.m.c.IdSlotBasedCommandFetcher:[67] - Fetch commands: 0 success, cost: 0ms, totalSlot: 1, currentSlotIndex: 0
[INFO] 2025-10-13 10:22:45.637 +0800 o.a.d.s.m.c.IdSlotBasedCommandFetcher:[67] - Fetch commands: 0 success, cost: 0ms, totalSlot: 1, currentSlotIndex: 0
[INFO] 2025-10-13 10:22:46.708 +0800 o.a.d.s.m.c.IdSlotBasedCommandFetcher:[67] - Fetch commands: 0 success, cost: 1ms, totalSlot: 1, currentSlotIndex: 0
[INFO] 2025-10-13 10:22:47.779 +0800 o.a.d.s.m.c.IdSlotBasedCommandFetcher:[67] - Fetch commands: 0 success, cost: 0ms, totalSlot: 1, currentSlotIndex: 0
[INFO] 2025-10-13 10:22:48.714 +0800 o.a.d.s.m.r.t.TaskGroupCoordinator:[187] - Success amend TaskGroupQueue status cost: 0/ms
[INFO] 2025-10-13 10:22:48.714 +0800 o.a.d.s.m.r.t.TaskGroupCoordinator:[241] - Success deal with force start TaskGroupQueue cost: 0/ms
[INFO] 2025-10-13 10:22:48.714 +0800 o.a.d.s.m.r.t.TaskGroupCoordinator:[129] - TaskGroupCoordinator round time cost: 0/ms
[INFO] 2025-10-13 10:22:48.848 +0800 o.a.d.s.m.c.IdSlotBasedCommandFetcher:[67] - Fetch commands: 0 success, cost: 0ms, totalSlot: 1, currentSlotIndex: 0
[INFO] 2025-10-13 10:22:49.914 +0800 o.a.d.s.m.c.IdSlotBasedCommandFetcher:[67] - Fetch commands: 0 success, cost: 0ms, totalSlot: 1, currentSlotIndex: 0
[INFO] 2025-10-13 10:22:50.984 +0800 o.a.d.s.m.c.IdSlotBasedCommandFetcher:[67] - Fetch commands: 0 success, cost: 0ms, totalSlot: 1, currentSlotIndex: 0
[INFO] 2025-10-13 10:22:52.047 +0800 o.a.d.s.m.c.IdSlotBasedCommandFetcher:[67] - Fetch commands: 0 success, cost: 0ms, totalSlot: 1, currentSlotIndex: 0
[INFO] 2025-10-13 10:22:53.161 +0800 o.a.d.s.m.c.IdSlotBasedCommandFetcher:[67] - Fetch commands: 0 success, cost: 0ms, totalSlot: 1, currentSlotIndex: 0
[INFO] 2025-10-13 10:22:53.718 +0800 o.a.d.s.m.r.t.TaskGroupCoordinator:[187] - Success amend TaskGroupQueue status cost: 0/ms
[INFO] 2025-10-13 10:22:53.718 +0800 o.a.d.s.m.r.t.TaskGroupCoordinator:[241] - Success deal with force start TaskGroupQueue cost: 0/ms
[INFO] 2025-10-13 10:22:53.719 +0800 o.a.d.s.m.r.t.TaskGroupCoordinator:[129] - TaskGroupCoordinator round time cost: 0/ms
[INFO] 2025-10-13 10:22:54.162 +0800 o.a.d.s.m.c.IdSlotBasedCommandFetcher:[67] - Fetch commands: 0 success, cost: 0ms, totalSlot: 1, currentSlotIndex: 0
[INFO] 2025-10-13 10:22:55.163 +0800 o.a.d.s.m.c.IdSlotBasedCommandFetcher:[67] - Fetch commands: 0 success, cost: 0ms, totalSlot: 1, currentSlotIndex: 0
[INFO] 2025-10-13 10:22:56.164 +0800 o.a.d.s.m.c.IdSlotBasedCommandFetcher:[67] - Fetch commands: 0 success, cost: 0ms, totalSlot: 1, currentSlotIndex: 0
[INFO] 2025-10-13 10:22:57.164 +0800 o.a.d.s.m.c.IdSlotBasedCommandFetcher:[67] - Fetch commands: 0 success, cost: 0ms, totalSlot: 1, currentSlotIndex: 0
[INFO] 2025-10-13 10:22:58.165 +0800 o.a.d.s.m.c.IdSlotBasedCommandFetcher:[67] - Fetch commands: 0 success, cost: 0ms, totalSlot: 1, currentSlotIndex: 0
[INFO] 2025-10-13 10:22:58.723 +0800 o.a.d.s.m.r.t.TaskGroupCoordinator:[187] - Success amend TaskGroupQueue status cost: 0/ms
[INFO] 2025-10-13 10:22:58.724 +0800 o.a.d.s.m.r.t.TaskGroupCoordinator:[241] - Success deal with force start TaskGroupQueue cost: 0/ms
[INFO] 2025-10-13 10:22:58.724 +0800 o.a.d.s.m.r.t.TaskGroupCoordinator:[129] - TaskGroupCoordinator round time cost: 0/ms
[INFO] 2025-10-13 10:22:59.165 +0800 o.a.d.s.m.c.IdSlotBasedCommandFetcher:[67] - Fetch commands: 0 success, cost: 0ms, totalSlot: 1, currentSlotIndex: 0
[INFO] 2025-10-13 10:23:00.166 +0800 o.a.d.s.m.c.IdSlotBasedCommandFetcher:[67] - Fetch commands: 0 success, cost: 0ms, totalSlot: 1, currentSlotIndex: 0
[INFO] 2025-10-13 10:23:01.166 +0800 o.a.d.s.m.c.IdSlotBasedCommandFetcher:[67] - Fetch commands: 0 success, cost: 0ms, totalSlot: 1, currentSlotIndex: 0
[INFO] 2025-10-13 10:23:02.167 +0800 o.a.d.s.m.c.IdSlotBasedCommandFetcher:[67] - Fetch commands: 0 success, cost: 0ms, totalSlot: 1, currentSlotIndex: 0
[INFO] 2025-10-13 10:23:03.168 +0800 o.a.d.s.m.c.IdSlotBasedCommandFetcher:[67] - Fetch commands: 0 success, cost: 0ms, totalSlot: 1, currentSlotIndex: 0
[INFO] 2025-10-13 10:23:03.729 +0800 o.a.d.s.m.r.t.TaskGroupCoordinator:[187] - Success amend TaskGroupQueue status cost: 0/ms
[INFO] 2025-10-13 10:23:03.729 +0800 o.a.d.s.m.r.t.TaskGroupCoordinator:[241] - Success deal with force start TaskGroupQueue cost: 0/ms
[INFO] 2025-10-13 10:23:03.729 +0800 o.a.d.s.m.r.t.TaskGroupCoordinator:[129] - TaskGroupCoordinator round time cost: 0/ms
[INFO] 2025-10-13 10:23:04.169 +0800 o.a.d.s.m.c.IdSlotBasedCommandFetcher:[67] - Fetch commands: 0 success, cost: 0ms, totalSlot: 1, currentSlotIndex: 0
[INFO] 2025-10-13 10:23:05.169 +0800 o.a.d.s.m.c.IdSlotBasedCommandFetcher:[67] - Fetch commands: 0 success, cost: 0ms, totalSlot: 1, currentSlotIndex: 0
[INFO] 2025-10-13 10:23:06.318 +0800 o.a.d.s.m.c.IdSlotBasedCommandFetcher:[67] - Fetch commands: 0 success, cost: 0ms, totalSlot: 1, currentSlotIndex: 0
[INFO] 2025-10-13 10:23:07.383 +0800 o.a.d.s.m.c.IdSlotBasedCommandFetcher:[67] - Fetch commands: 0 success, cost: 0ms, totalSlot: 1, currentSlotIndex: 0
[INFO] 2025-10-13 10:23:08.481 +0800 o.a.d.s.m.c.IdSlotBasedCommandFetcher:[67] - Fetch commands: 0 success, cost: 1ms, totalSlot: 1, currentSlotIndex: 0
[INFO] 2025-10-13 10:23:08.736 +0800 o.a.d.s.m.r.t.TaskGroupCoordinator:[187] - Success amend TaskGroupQueue status cost: 0/ms
[INFO] 2025-10-13 10:23:08.736 +0800 o.a.d.s.m.r.t.TaskGroupCoordinator:[241] - Success deal with force start TaskGroupQueue cost: 0/ms
[INFO] 2025-10-13 10:23:08.736 +0800 o.a.d.s.m.r.t.TaskGroupCoordinator:[129] - TaskGroupCoordinator round time cost: 0/ms
[INFO] 2025-10-13 10:23:09.481 +0800 o.a.d.s.m.c.IdSlotBasedCommandFetcher:[67] - Fetch commands: 0 success, cost: 0ms, totalSlot: 1, currentSlotIndex: 0
[INFO] 2025-10-13 10:23:10.482 +0800 o.a.d.s.m.c.IdSlotBasedCommandFetcher:[67] - Fetch commands: 0 success, cost: 0ms, totalSlot: 1, currentSlotIndex: 0
[INFO] 2025-10-13 10:23:11.483 +0800 o.a.d.s.m.c.IdSlotBasedCommandFetcher:[67] - Fetch commands: 0 success, cost: 0ms, totalSlot: 1, currentSlotIndex: 0
[INFO] 2025-10-13 10:23:12.485 +0800 o.a.d.s.m.c.IdSlotBasedCommandFetcher:[67] - Fetch commands: 0 success, cost: 1ms, totalSlot: 1, currentSlotIndex: 0
[INFO] 2025-10-13 10:23:13.485 +0800 o.a.d.s.m.c.IdSlotBasedCommandFetcher:[67] - Fetch commands: 0 success, cost: 0ms, totalSlot: 1, currentSlotIndex: 0
[INFO] 2025-10-13 10:23:13.740 +0800 o.a.d.s.m.r.t.TaskGroupCoordinator:[187] - Success amend TaskGroupQueue status cost: 0/ms
[INFO] 2025-10-13 10:23:13.741 +0800 o.a.d.s.m.r.t.TaskGroupCoordinator:[241] - Success deal with force start TaskGroupQueue cost: 0/ms
[INFO] 2025-10-13 10:23:13.741 +0800 o.a.d.s.m.r.t.TaskGroupCoordinator:[129] - TaskGroupCoordinator round time cost: 0/ms
[INFO] 2025-10-13 10:23:14.486 +0800 o.a.d.s.m.c.IdSlotBasedCommandFetcher:[67] - Fetch commands: 0 success, cost: 0ms, totalSlot: 1, currentSlotIndex: 0
[INFO] 2025-10-13 10:23:15.486 +0800 o.a.d.s.m.c.IdSlotBasedCommandFetcher:[67] - Fetch commands: 0 success, cost: 0ms, totalSlot: 1, currentSlotIndex: 0
[INFO] 2025-10-13 10:23:16.487 +0800 o.a.d.s.m.c.IdSlotBasedCommandFetcher:[67] - Fetch commands: 0 success, cost: 0ms, totalSlot: 1, currentSlotIndex: 0
[INFO] 2025-10-13 10:23:17.488 +0800 o.a.d.s.m.c.IdSlotBasedCommandFetcher:[67] - Fetch commands: 0 success, cost: 0ms, totalSlot: 1, currentSlotIndex: 0
[INFO] 2025-10-13 10:23:18.489 +0800 o.a.d.s.m.c.IdSlotBasedCommandFetcher:[67] - Fetch commands: 0 success, cost: 0ms, totalSlot: 1, currentSlotIndex: 0
[INFO] 2025-10-13 10:23:18.746 +0800 o.a.d.s.m.r.t.TaskGroupCoordinator:[187] - Success amend TaskGroupQueue status cost: 0/ms
[INFO] 2025-10-13 10:23:18.747 +0800 o.a.d.s.m.r.t.TaskGroupCoordinator:[241] - Success deal with force start TaskGroupQueue cost: 0/ms
[INFO] 2025-10-13 10:23:18.747 +0800 o.a.d.s.m.r.t.TaskGroupCoordinator:[129] - TaskGroupCoordinator round time cost: 1/ms
[INFO] 2025-10-13 10:23:19.489 +0800 o.a.d.s.m.c.IdSlotBasedCommandFetcher:[67] - Fetch commands: 0 success, cost: 0ms, totalSlot: 1, currentSlotIndex: 0
[INFO] 2025-10-13 10:23:20.490 +0800 o.a.d.s.m.c.IdSlotBasedCommandFetcher:[67] - Fetch commands: 0 success, cost: 0ms, totalSlot: 1, currentSlotIndex: 0
[INFO] 2025-10-13 10:23:21.491 +0800 o.a.d.s.m.c.IdSlotBasedCommandFetcher:[67] - Fetch commands: 0 success, cost: 0ms, totalSlot: 1, currentSlotIndex: 0
[INFO] 2025-10-13 10:23:22.602 +0800 o.a.d.s.m.c.IdSlotBasedCommandFetcher:[67] - Fetch commands: 0 success, cost: 0ms, totalSlot: 1, currentSlotIndex: 0
[INFO] 2025-10-13 10:23:23.671 +0800 o.a.d.s.m.c.IdSlotBasedCommandFetcher:[67] - Fetch commands: 0 success, cost: 0ms, totalSlot: 1, currentSlotIndex: 0
[INFO] 2025-10-13 10:23:23.752 +0800 o.a.d.s.m.r.t.TaskGroupCoordinator:[187] - Success amend TaskGroupQueue status cost: 0/ms
[INFO] 2025-10-13 10:23:23.752 +0800 o.a.d.s.m.r.t.TaskGroupCoordinator:[241] - Success deal with force start TaskGroupQueue cost: 0/ms
[INFO] 2025-10-13 10:23:23.752 +0800 o.a.d.s.m.r.t.TaskGroupCoordinator:[129] - TaskGroupCoordinator round time cost: 0/ms
[INFO] 2025-10-13 10:23:24.735 +0800 o.a.d.s.m.c.IdSlotBasedCommandFetcher:[67] - Fetch commands: 0 success, cost: 0ms, totalSlot: 1, currentSlotIndex: 0
[INFO] 2025-10-13 10:23:25.872 +0800 o.a.d.s.m.c.IdSlotBasedCommandFetcher:[67] - Fetch commands: 0 success, cost: 1ms, totalSlot: 1, currentSlotIndex: 0
[INFO] 2025-10-13 10:23:26.873 +0800 o.a.d.s.m.c.IdSlotBasedCommandFetcher:[67] - Fetch commands: 0 success, cost: 0ms, totalSlot: 1, currentSlotIndex: 0
[INFO] 2025-10-13 10:23:27.874 +0800 o.a.d.s.m.c.IdSlotBasedCommandFetcher:[67] - Fetch commands: 0 success, cost: 0ms, totalSlot: 1, currentSlotIndex: 0
[INFO] 2025-10-13 10:23:28.759 +0800 o.a.d.s.m.r.t.TaskGroupCoordinator:[187] - Success amend TaskGroupQueue status cost: 0/ms
[INFO] 2025-10-13 10:23:28.759 +0800 o.a.d.s.m.r.t.TaskGroupCoordinator:[241] - Success deal with force start TaskGroupQueue cost: 0/ms
[INFO] 2025-10-13 10:23:28.759 +0800 o.a.d.s.m.r.t.TaskGroupCoordinator:[129] - TaskGroupCoordinator round time cost: 1/ms
[INFO] 2025-10-13 10:23:28.874 +0800 o.a.d.s.m.c.IdSlotBasedCommandFetcher:[67] - Fetch commands: 0 success, cost: 0ms, totalSlot: 1, currentSlotIndex: 0
[INFO] 2025-10-13 10:23:29.874 +0800 o.a.d.s.m.c.IdSlotBasedCommandFetcher:[67] - Fetch commands: 0 success, cost: 0ms, totalSlot: 1, currentSlotIndex: 0
[INFO] 2025-10-13 10:23:30.874 +0800 o.a.d.s.m.c.IdSlotBasedCommandFetcher:[67] - Fetch commands: 0 success, cost: 0ms, totalSlot: 1, currentSlotIndex: 0
[INFO] 2025-10-13 10:23:31.874 +0800 o.a.d.s.m.c.IdSlotBasedCommandFetcher:[67] - Fetch commands: 0 success, cost: 0ms, totalSlot: 1, currentSlotIndex: 0
[INFO] 2025-10-13 10:23:32.875 +0800 o.a.d.s.m.c.IdSlotBasedCommandFetcher:[67] - Fetch commands: 0 success, cost: 0ms, totalSlot: 1, currentSlotIndex: 0
[INFO] 2025-10-13 10:23:33.765 +0800 o.a.d.s.m.r.t.TaskGroupCoordinator:[187] - Success amend TaskGroupQueue status cost: 0/ms
[INFO] 2025-10-13 10:23:33.765 +0800 o.a.d.s.m.r.t.TaskGroupCoordinator:[241] - Success deal with force start TaskGroupQueue cost: 0/ms
[INFO] 2025-10-13 10:23:33.765 +0800 o.a.d.s.m.r.t.TaskGroupCoordinator:[129] - TaskGroupCoordinator round time cost: 0/ms
[INFO] 2025-10-13 10:23:33.875 +0800 o.a.d.s.m.c.IdSlotBasedCommandFetcher:[67] - Fetch commands: 0 success, cost: 0ms, totalSlot: 1, currentSlotIndex: 0
[INFO] 2025-10-13 10:23:34.875 +0800 o.a.d.s.m.c.IdSlotBasedCommandFetcher:[67] - Fetch commands: 0 success, cost: 0ms, totalSlot: 1, currentSlotIndex: 0
[INFO] 2025-10-13 10:23:35.875 +0800 o.a.d.s.m.c.IdSlotBasedCommandFetcher:[67] - Fetch commands: 0 success, cost: 0ms, totalSlot: 1, currentSlotIndex: 0
[INFO] 2025-10-13 10:23:36.876 +0800 o.a.d.s.m.c.IdSlotBasedCommandFetcher:[67] - Fetch commands: 0 success, cost: 0ms, totalSlot: 1, currentSlotIndex: 0
[INFO] 2025-10-13 10:23:37.876 +0800 o.a.d.s.m.c.IdSlotBasedCommandFetcher:[67] - Fetch commands: 0 success, cost: 0ms, totalSlot: 1, currentSlotIndex: 0
[INFO] 2025-10-13 10:23:38.769 +0800 o.a.d.s.m.r.t.TaskGroupCoordinator:[187] - Success amend TaskGroupQueue status cost: 0/ms
[INFO] 2025-10-13 10:23:38.770 +0800 o.a.d.s.m.r.t.TaskGroupCoordinator:[241] - Success deal with force start TaskGroupQueue cost: 0/ms
[INFO] 2025-10-13 10:23:38.770 +0800 o.a.d.s.m.r.t.TaskGroupCoordinator:[129] - TaskGroupCoordinator round time cost: 0/ms
[INFO] 2025-10-13 10:23:38.877 +0800 o.a.d.s.m.c.IdSlotBasedCommandFetcher:[67] - Fetch commands: 0 success, cost: 0ms, totalSlot: 1, currentSlotIndex: 0
[INFO] 2025-10-13 10:23:39.950 +0800 o.a.d.s.m.c.IdSlotBasedCommandFetcher:[67] - Fetch commands: 0 success, cost: 0ms, totalSlot: 1, currentSlotIndex: 0
[INFO] 2025-10-13 10:23:41.018 +0800 o.a.d.s.m.c.IdSlotBasedCommandFetcher:[67] - Fetch commands: 0 success, cost: 0ms, totalSlot: 1, currentSlotIndex: 0
[INFO] 2025-10-13 10:23:42.093 +0800 o.a.d.s.m.c.IdSlotBasedCommandFetcher:[67] - Fetch commands: 0 success, cost: 1ms, totalSlot: 1, currentSlotIndex: 0
[INFO] 2025-10-13 10:23:43.159 +0800 o.a.d.s.m.c.IdSlotBasedCommandFetcher:[67] - Fetch commands: 0 success, cost: 0ms, totalSlot: 1, currentSlotIndex: 0
[INFO] 2025-10-13 10:23:43.779 +0800 o.a.d.s.m.r.t.TaskGroupCoordinator:[187] - Success amend TaskGroupQueue status cost: 0/ms
[INFO] 2025-10-13 10:23:43.779 +0800 o.a.d.s.m.r.t.TaskGroupCoordinator:[241] - Success deal with force start TaskGroupQueue cost: 0/ms
[INFO] 2025-10-13 10:23:43.779 +0800 o.a.d.s.m.r.t.TaskGroupCoordinator:[129] - TaskGroupCoordinator round time cost: 0/ms
[INFO] 2025-10-13 10:23:44.221 +0800 o.a.d.s.m.c.IdSlotBasedCommandFetcher:[67] - Fetch commands: 0 success, cost: 0ms, totalSlot: 1, currentSlotIndex: 0
[INFO] 2025-10-13 10:23:45.293 +0800 o.a.d.s.m.c.IdSlotBasedCommandFetcher:[67] - Fetch commands: 0 success, cost: 0ms, totalSlot: 1, currentSlotIndex: 0
[INFO] 2025-10-13 10:23:46.358 +0800 o.a.d.s.m.c.IdSlotBasedCommandFetcher:[67] - Fetch commands: 0 success, cost: 0ms, totalSlot: 1, currentSlotIndex: 0
[INFO] 2025-10-13 10:23:47.359 +0800 o.a.d.s.m.c.IdSlotBasedCommandFetcher:[67] - Fetch commands: 0 success, cost: 0ms, totalSlot: 1, currentSlotIndex: 0
[INFO] 2025-10-13 10:23:48.360 +0800 o.a.d.s.m.c.IdSlotBasedCommandFetcher:[67] - Fetch commands: 0 success, cost: 0ms, totalSlot: 1, currentSlotIndex: 0
[INFO] 2025-10-13 10:23:48.782 +0800 o.a.d.s.m.r.t.TaskGroupCoordinator:[187] - Success amend TaskGroupQueue status cost: 0/ms
[INFO] 2025-10-13 10:23:48.783 +0800 o.a.d.s.m.r.t.TaskGroupCoordinator:[241] - Success deal with force start TaskGroupQueue cost: 0/ms
[INFO] 2025-10-13 10:23:48.783 +0800 o.a.d.s.m.r.t.TaskGroupCoordinator:[129] - TaskGroupCoordinator round time cost: 0/ms
[INFO] 2025-10-13 10:23:49.361 +0800 o.a.d.s.m.c.IdSlotBasedCommandFetcher:[67] - Fetch commands: 0 success, cost: 0ms, totalSlot: 1, currentSlotIndex: 0
[INFO] 2025-10-13 10:23:50.361 +0800 o.a.d.s.m.c.IdSlotBasedCommandFetcher:[67] - Fetch commands: 0 success, cost: 0ms, totalSlot: 1, currentSlotIndex: 0
[INFO] 2025-10-13 10:23:51.362 +0800 o.a.d.s.m.c.IdSlotBasedCommandFetcher:[67] - Fetch commands: 0 success, cost: 0ms, totalSlot: 1, currentSlotIndex: 0
[INFO] 2025-10-13 10:23:52.363 +0800 o.a.d.s.m.c.IdSlotBasedCommandFetcher:[67] - Fetch commands: 0 success, cost: 0ms, totalSlot: 1, currentSlotIndex: 0
[INFO] 2025-10-13 10:23:53.364 +0800 o.a.d.s.m.c.IdSlotBasedCommandFetcher:[67] - Fetch commands: 0 success, cost: 0ms, totalSlot: 1, currentSlotIndex: 0
[INFO] 2025-10-13 10:23:53.787 +0800 o.a.d.s.m.r.t.TaskGroupCoordinator:[187] - Success amend TaskGroupQueue status cost: 0/ms
[INFO] 2025-10-13 10:23:53.787 +0800 o.a.d.s.m.r.t.TaskGroupCoordinator:[241] - Success deal with force start TaskGroupQueue cost: 0/ms
[INFO] 2025-10-13 10:23:53.787 +0800 o.a.d.s.m.r.t.TaskGroupCoordinator:[129] - TaskGroupCoordinator round time cost: 0/ms
[INFO] 2025-10-13 10:23:54.364 +0800 o.a.d.s.m.c.IdSlotBasedCommandFetcher:[67] - Fetch commands: 0 success, cost: 0ms, totalSlot: 1, currentSlotIndex: 0
[INFO] 2025-10-13 10:23:55.365 +0800 o.a.d.s.m.c.IdSlotBasedCommandFetcher:[67] - Fetch commands: 0 success, cost: 0ms, totalSlot: 1, currentSlotIndex: 0
[INFO] 2025-10-13 10:23:56.366 +0800 o.a.d.s.m.c.IdSlotBasedCommandFetcher:[67] - Fetch commands: 0 success, cost: 0ms, totalSlot: 1, currentSlotIndex: 0
[INFO] 2025-10-13 10:23:57.367 +0800 o.a.d.s.m.c.IdSlotBasedCommandFetcher:[67] - Fetch commands: 0 success, cost: 0ms, totalSlot: 1, currentSlotIndex: 0
[INFO] 2025-10-13 10:23:58.368 +0800 o.a.d.s.m.c.IdSlotBasedCommandFetcher:[67] - Fetch commands: 0 success, cost: 0ms, totalSlot: 1, currentSlotIndex: 0
[INFO] 2025-10-13 10:23:58.794 +0800 o.a.d.s.m.r.t.TaskGroupCoordinator:[187] - Success amend TaskGroupQueue status cost: 0/ms
[INFO] 2025-10-13 10:23:58.794 +0800 o.a.d.s.m.r.t.TaskGroupCoordinator:[241] - Success deal with force start TaskGroupQueue cost: 0/ms
[INFO] 2025-10-13 10:23:58.794 +0800 o.a.d.s.m.r.t.TaskGroupCoordinator:[129] - TaskGroupCoordinator round time cost: 1/ms
[INFO] 2025-10-13 10:23:59.444 +0800 o.a.d.s.m.c.IdSlotBasedCommandFetcher:[67] - Fetch commands: 0 success, cost: 0ms, totalSlot: 1, currentSlotIndex: 0
[INFO] 2025-10-13 10:24:00.510 +0800 o.a.d.s.m.c.IdSlotBasedCommandFetcher:[67] - Fetch commands: 0 success, cost: 0ms, totalSlot: 1, currentSlotIndex: 0
[INFO] 2025-10-13 10:24:01.582 +0800 o.a.d.s.m.c.IdSlotBasedCommandFetcher:[67] - Fetch commands: 0 success, cost: 0ms, totalSlot: 1, currentSlotIndex: 0
[INFO] 2025-10-13 10:24:02.653 +0800 o.a.d.s.m.c.IdSlotBasedCommandFetcher:[67] - Fetch commands: 0 success, cost: 0ms, totalSlot: 1, currentSlotIndex: 0
[INFO] 2025-10-13 10:24:03.720 +0800 o.a.d.s.m.c.IdSlotBasedCommandFetcher:[67] - Fetch commands: 0 success, cost: 0ms, totalSlot: 1, currentSlotIndex: 0
[INFO] 2025-10-13 10:24:03.800 +0800 o.a.d.s.m.r.t.TaskGroupCoordinator:[187] - Success amend TaskGroupQueue status cost: 0/ms
[INFO] 2025-10-13 10:24:03.800 +0800 o.a.d.s.m.r.t.TaskGroupCoordinator:[241] - Success deal with force start TaskGroupQueue cost: 0/ms
[INFO] 2025-10-13 10:24:03.800 +0800 o.a.d.s.m.r.t.TaskGroupCoordinator:[129] - TaskGroupCoordinator round time cost: 0/ms
[INFO] 2025-10-13 10:24:04.864 +0800 o.a.d.s.m.c.IdSlotBasedCommandFetcher:[67] - Fetch commands: 0 success, cost: 0ms, totalSlot: 1, currentSlotIndex: 0
[INFO] 2025-10-13 10:24:05.865 +0800 o.a.d.s.m.c.IdSlotBasedCommandFetcher:[67] - Fetch commands: 0 success, cost: 0ms, totalSlot: 1, currentSlotIndex: 0
[INFO] 2025-10-13 10:24:06.865 +0800 o.a.d.s.m.c.IdSlotBasedCommandFetcher:[67] - Fetch commands: 0 success, cost: 0ms, totalSlot: 1, currentSlotIndex: 0
[INFO] 2025-10-13 10:24:07.867 +0800 o.a.d.s.m.c.IdSlotBasedCommandFetcher:[67] - Fetch commands: 0 success, cost: 0ms, totalSlot: 1, currentSlotIndex: 0
[INFO] 2025-10-13 10:24:08.806 +0800 o.a.d.s.m.r.t.TaskGroupCoordinator:[187] - Success amend TaskGroupQueue status cost: 0/ms
[INFO] 2025-10-13 10:24:08.808 +0800 o.a.d.s.m.r.t.TaskGroupCoordinator:[241] - Success deal with force start TaskGroupQueue cost: 0/ms
[INFO] 2025-10-13 10:24:08.808 +0800 o.a.d.s.m.r.t.TaskGroupCoordinator:[129] - TaskGroupCoordinator round time cost: 1/ms
[INFO] 2025-10-13 10:24:08.867 +0800 o.a.d.s.m.c.IdSlotBasedCommandFetcher:[67] - Fetch commands: 0 success, cost: 0ms, totalSlot: 1, currentSlotIndex: 0
[INFO] 2025-10-13 10:24:09.868 +0800 o.a.d.s.m.c.IdSlotBasedCommandFetcher:[67] - Fetch commands: 0 success, cost: 0ms, totalSlot: 1, currentSlotIndex: 0
[INFO] 2025-10-13 10:24:10.869 +0800 o.a.d.s.m.c.IdSlotBasedCommandFetcher:[67] - Fetch commands: 0 success, cost: 0ms, totalSlot: 1, currentSlotIndex: 0
[INFO] 2025-10-13 10:24:11.870 +0800 o.a.d.s.m.c.IdSlotBasedCommandFetcher:[67] - Fetch commands: 0 success, cost: 0ms, totalSlot: 1, currentSlotIndex: 0
[INFO] 2025-10-13 10:24:12.870 +0800 o.a.d.s.m.c.IdSlotBasedCommandFetcher:[67] - Fetch commands: 0 success, cost: 0ms, totalSlot: 1, currentSlotIndex: 0
[INFO] 2025-10-13 10:24:13.816 +0800 o.a.d.s.m.r.t.TaskGroupCoordinator:[187] - Success amend TaskGroupQueue status cost: 0/ms
[INFO] 2025-10-13 10:24:13.816 +0800 o.a.d.s.m.r.t.TaskGroupCoordinator:[241] - Success deal with force start TaskGroupQueue cost: 0/ms
[INFO] 2025-10-13 10:24:13.816 +0800 o.a.d.s.m.r.t.TaskGroupCoordinator:[129] - TaskGroupCoordinator round time cost: 1/ms
[INFO] 2025-10-13 10:24:13.871 +0800 o.a.d.s.m.c.IdSlotBasedCommandFetcher:[67] - Fetch commands: 0 success, cost: 0ms, totalSlot: 1, currentSlotIndex: 0
[INFO] 2025-10-13 10:24:14.871 +0800 o.a.d.s.m.c.IdSlotBasedCommandFetcher:[67] - Fetch commands: 0 success, cost: 0ms, totalSlot: 1, currentSlotIndex: 0
[INFO] 2025-10-13 10:24:15.871 +0800 o.a.d.s.m.c.IdSlotBasedCommandFetcher:[67] - Fetch commands: 0 success, cost: 0ms, totalSlot: 1, currentSlotIndex: 0
[INFO] 2025-10-13 10:24:16.872 +0800 o.a.d.s.m.c.IdSlotBasedCommandFetcher:[67] - Fetch commands: 0 success, cost: 0ms, totalSlot: 1, currentSlotIndex: 0
[INFO] 2025-10-13 10:24:17.879 +0800 o.a.d.s.m.c.IdSlotBasedCommandFetcher:[67] - Fetch commands: 0 success, cost: 0ms, totalSlot: 1, currentSlotIndex: 0
[INFO] 2025-10-13 10:24:18.822 +0800 o.a.d.s.m.r.t.TaskGroupCoordinator:[187] - Success amend TaskGroupQueue status cost: 0/ms
[INFO] 2025-10-13 10:24:18.823 +0800 o.a.d.s.m.r.t.TaskGroupCoordinator:[241] - Success deal with force start TaskGroupQueue cost: 0/ms
[INFO] 2025-10-13 10:24:18.823 +0800 o.a.d.s.m.r.t.TaskGroupCoordinator:[129] - TaskGroupCoordinator round time cost: 0/ms
[INFO] 2025-10-13 10:24:18.981 +0800 o.a.d.s.m.c.IdSlotBasedCommandFetcher:[67] - Fetch commands: 0 success, cost: 0ms, totalSlot: 1, currentSlotIndex: 0
[INFO] 2025-10-13 10:24:20.068 +0800 o.a.d.s.m.c.IdSlotBasedCommandFetcher:[67] - Fetch commands: 0 success, cost: 1ms, totalSlot: 1, currentSlotIndex: 0
[INFO] 2025-10-13 10:24:21.143 +0800 o.a.d.s.m.c.IdSlotBasedCommandFetcher:[67] - Fetch commands: 0 success, cost: 1ms, totalSlot: 1, currentSlotIndex: 0
[INFO] 2025-10-13 10:24:22.223 +0800 o.a.d.s.m.c.IdSlotBasedCommandFetcher:[67] - Fetch commands: 0 success, cost: 0ms, totalSlot: 1, currentSlotIndex: 0
[INFO] 2025-10-13 10:24:23.284 +0800 o.a.d.s.m.c.IdSlotBasedCommandFetcher:[67] - Fetch commands: 0 success, cost: 0ms, totalSlot: 1, currentSlotIndex: 0
[INFO] 2025-10-13 10:24:23.827 +0800 o.a.d.s.m.r.t.TaskGroupCoordinator:[187] - Success amend TaskGroupQueue status cost: 0/ms
[INFO] 2025-10-13 10:24:23.828 +0800 o.a.d.s.m.r.t.TaskGroupCoordinator:[241] - Success deal with force start TaskGroupQueue cost: 0/ms
[INFO] 2025-10-13 10:24:23.828 +0800 o.a.d.s.m.r.t.TaskGroupCoordinator:[129] - TaskGroupCoordinator round time cost: 0/ms
[INFO] 2025-10-13 10:24:24.348 +0800 o.a.d.s.m.c.IdSlotBasedCommandFetcher:[67] - Fetch commands: 0 success, cost: 0ms, totalSlot: 1, currentSlotIndex: 0
[INFO] 2025-10-13 10:24:25.434 +0800 o.a.d.s.m.c.IdSlotBasedCommandFetcher:[67] - Fetch commands: 0 success, cost: 0ms, totalSlot: 1, currentSlotIndex: 0
[INFO] 2025-10-13 10:24:26.544 +0800 o.a.d.s.m.c.IdSlotBasedCommandFetcher:[67] - Fetch commands: 0 success, cost: 0ms, totalSlot: 1, currentSlotIndex: 0
[INFO] 2025-10-13 10:24:27.548 +0800 o.a.d.s.m.c.IdSlotBasedCommandFetcher:[67] - Fetch commands: 0 success, cost: 0ms, totalSlot: 1, currentSlotIndex: 0
[INFO] 2025-10-13 10:24:28.549 +0800 o.a.d.s.m.c.IdSlotBasedCommandFetcher:[67] - Fetch commands: 0 success, cost: 0ms, totalSlot: 1, currentSlotIndex: 0
[INFO] 2025-10-13 10:24:28.835 +0800 o.a.d.s.m.r.t.TaskGroupCoordinator:[187] - Success amend TaskGroupQueue status cost: 0/ms
[INFO] 2025-10-13 10:24:28.835 +0800 o.a.d.s.m.r.t.TaskGroupCoordinator:[241] - Success deal with force start TaskGroupQueue cost: 0/ms
[INFO] 2025-10-13 10:24:28.835 +0800 o.a.d.s.m.r.t.TaskGroupCoordinator:[129] - TaskGroupCoordinator round time cost: 1/ms
[INFO] 2025-10-13 10:24:29.550 +0800 o.a.d.s.m.c.IdSlotBasedCommandFetcher:[67] - Fetch commands: 0 success, cost: 0ms, totalSlot: 1, currentSlotIndex: 0
[INFO] 2025-10-13 10:24:30.551 +0800 o.a.d.s.m.c.IdSlotBasedCommandFetcher:[67] - Fetch commands: 0 success, cost: 0ms, totalSlot: 1, currentSlotIndex: 0
[INFO] 2025-10-13 10:24:31.551 +0800 o.a.d.s.m.c.IdSlotBasedCommandFetcher:[67] - Fetch commands: 0 success, cost: 0ms, totalSlot: 1, currentSlotIndex: 0
[INFO] 2025-10-13 10:24:32.552 +0800 o.a.d.s.m.c.IdSlotBasedCommandFetcher:[67] - Fetch commands: 0 success, cost: 0ms, totalSlot: 1, currentSlotIndex: 0
[INFO] 2025-10-13 10:24:33.552 +0800 o.a.d.s.m.c.IdSlotBasedCommandFetcher:[67] - Fetch commands: 0 success, cost: 0ms, totalSlot: 1, currentSlotIndex: 0
[INFO] 2025-10-13 10:24:33.843 +0800 o.a.d.s.m.r.t.TaskGroupCoordinator:[187] - Success amend TaskGroupQueue status cost: 0/ms
[INFO] 2025-10-13 10:24:33.843 +0800 o.a.d.s.m.r.t.TaskGroupCoordinator:[241] - Success deal with force start TaskGroupQueue cost: 0/ms
[INFO] 2025-10-13 10:24:33.843 +0800 o.a.d.s.m.r.t.TaskGroupCoordinator:[129] - TaskGroupCoordinator round time cost: 0/ms
[INFO] 2025-10-13 10:24:34.552 +0800 o.a.d.s.m.c.IdSlotBasedCommandFetcher:[67] - Fetch commands: 0 success, cost: 0ms, totalSlot: 1, currentSlotIndex: 0
[INFO] 2025-10-13 10:24:35.552 +0800 o.a.d.s.m.c.IdSlotBasedCommandFetcher:[67] - Fetch commands: 0 success, cost: 0ms, totalSlot: 1, currentSlotIndex: 0
[INFO] 2025-10-13 10:24:36.553 +0800 o.a.d.s.m.c.IdSlotBasedCommandFetcher:[67] - Fetch commands: 0 success, cost: 0ms, totalSlot: 1, currentSlotIndex: 0
[INFO] 2025-10-13 10:24:37.554 +0800 o.a.d.s.m.c.IdSlotBasedCommandFetcher:[67] - Fetch commands: 0 success, cost: 0ms, totalSlot: 1, currentSlotIndex: 0
[INFO] 2025-10-13 10:24:38.555 +0800 o.a.d.s.m.c.IdSlotBasedCommandFetcher:[67] - Fetch commands: 0 success, cost: 0ms, totalSlot: 1, currentSlotIndex: 0
[INFO] 2025-10-13 10:24:38.849 +0800 o.a.d.s.m.r.t.TaskGroupCoordinator:[187] - Success amend TaskGroupQueue status cost: 0/ms
[INFO] 2025-10-13 10:24:38.849 +0800 o.a.d.s.m.r.t.TaskGroupCoordinator:[241] - Success deal with force start TaskGroupQueue cost: 0/ms
[INFO] 2025-10-13 10:24:38.849 +0800 o.a.d.s.m.r.t.TaskGroupCoordinator:[129] - TaskGroupCoordinator round time cost: 1/ms
[INFO] 2025-10-13 10:24:39.556 +0800 o.a.d.s.m.c.IdSlotBasedCommandFetcher:[67] - Fetch commands: 0 success, cost: 0ms, totalSlot: 1, currentSlotIndex: 0
[INFO] 2025-10-13 10:24:40.664 +0800 o.a.d.s.m.c.IdSlotBasedCommandFetcher:[67] - Fetch commands: 0 success, cost: 0ms, totalSlot: 1, currentSlotIndex: 0
[INFO] 2025-10-13 10:24:41.733 +0800 o.a.d.s.m.c.IdSlotBasedCommandFetcher:[67] - Fetch commands: 0 success, cost: 0ms, totalSlot: 1, currentSlotIndex: 0
[INFO] 2025-10-13 10:24:42.798 +0800 o.a.d.s.m.c.IdSlotBasedCommandFetcher:[67] - Fetch commands: 0 success, cost: 0ms, totalSlot: 1, currentSlotIndex: 0
[INFO] 2025-10-13 10:24:43.858 +0800 o.a.d.s.m.r.t.TaskGroupCoordinator:[187] - Success amend TaskGroupQueue status cost: 0/ms
[INFO] 2025-10-13 10:24:43.859 +0800 o.a.d.s.m.r.t.TaskGroupCoordinator:[241] - Success deal with force start TaskGroupQueue cost: 0/ms
[INFO] 2025-10-13 10:24:43.859 +0800 o.a.d.s.m.r.t.TaskGroupCoordinator:[129] - TaskGroupCoordinator round time cost: 0/ms
[INFO] 2025-10-13 10:24:43.880 +0800 o.a.d.s.m.c.IdSlotBasedCommandFetcher:[67] - Fetch commands: 0 success, cost: 1ms, totalSlot: 1, currentSlotIndex: 0
[INFO] 2025-10-13 10:24:44.956 +0800 o.a.d.s.m.c.IdSlotBasedCommandFetcher:[67] - Fetch commands: 0 success, cost: 0ms, totalSlot: 1, currentSlotIndex: 0
[INFO] 2025-10-13 10:24:46.124 +0800 o.a.d.s.m.c.IdSlotBasedCommandFetcher:[67] - Fetch commands: 0 success, cost: 0ms, totalSlot: 1, currentSlotIndex: 0
[INFO] 2025-10-13 10:24:47.124 +0800 o.a.d.s.m.c.IdSlotBasedCommandFetcher:[67] - Fetch commands: 0 success, cost: 0ms, totalSlot: 1, currentSlotIndex: 0
[INFO] 2025-10-13 10:24:48.125 +0800 o.a.d.s.m.c.IdSlotBasedCommandFetcher:[67] - Fetch commands: 0 success, cost: 0ms, totalSlot: 1, currentSlotIndex: 0
[INFO] 2025-10-13 10:24:48.863 +0800 o.a.d.s.m.r.t.TaskGroupCoordinator:[187] - Success amend TaskGroupQueue status cost: 0/ms
[INFO] 2025-10-13 10:24:48.863 +0800 o.a.d.s.m.r.t.TaskGroupCoordinator:[241] - Success deal with force start TaskGroupQueue cost: 0/ms
[INFO] 2025-10-13 10:24:48.863 +0800 o.a.d.s.m.r.t.TaskGroupCoordinator:[129] - TaskGroupCoordinator round time cost: 0/ms
[INFO] 2025-10-13 10:24:49.126 +0800 o.a.d.s.m.c.IdSlotBasedCommandFetcher:[67] - Fetch commands: 0 success, cost: 0ms, totalSlot: 1, currentSlotIndex: 0
[INFO] 2025-10-13 10:24:50.128 +0800 o.a.d.s.m.c.IdSlotBasedCommandFetcher:[67] - Fetch commands: 0 success, cost: 0ms, totalSlot: 1, currentSlotIndex: 0
[INFO] 2025-10-13 10:24:51.129 +0800 o.a.d.s.m.c.IdSlotBasedCommandFetcher:[67] - Fetch commands: 0 success, cost: 0ms, totalSlot: 1, currentSlotIndex: 0
[INFO] 2025-10-13 10:24:52.129 +0800 o.a.d.s.m.c.IdSlotBasedCommandFetcher:[67] - Fetch commands: 0 success, cost: 0ms, totalSlot: 1, currentSlotIndex: 0
[INFO] 2025-10-13 10:24:53.129 +0800 o.a.d.s.m.c.IdSlotBasedCommandFetcher:[67] - Fetch commands: 0 success, cost: 0ms, totalSlot: 1, currentSlotIndex: 0
[INFO] 2025-10-13 10:24:53.870 +0800 o.a.d.s.m.r.t.TaskGroupCoordinator:[187] - Success amend TaskGroupQueue status cost: 0/ms
[INFO] 2025-10-13 10:24:53.870 +0800 o.a.d.s.m.r.t.TaskGroupCoordinator:[241] - Success deal with force start TaskGroupQueue cost: 0/ms
[INFO] 2025-10-13 10:24:53.870 +0800 o.a.d.s.m.r.t.TaskGroupCoordinator:[129] - TaskGroupCoordinator round time cost: 1/ms
[INFO] 2025-10-13 10:24:54.135 +0800 o.a.d.s.m.c.IdSlotBasedCommandFetcher:[67] - Fetch commands: 0 success, cost: 0ms, totalSlot: 1, currentSlotIndex: 0
[INFO] 2025-10-13 10:24:55.135 +0800 o.a.d.s.m.c.IdSlotBasedCommandFetcher:[67] - Fetch commands: 0 success, cost: 0ms, totalSlot: 1, currentSlotIndex: 0
[INFO] 2025-10-13 10:24:56.148 +0800 o.a.d.s.m.c.IdSlotBasedCommandFetcher:[67] - Fetch commands: 0 success, cost: 0ms, totalSlot: 1, currentSlotIndex: 0
[INFO] 2025-10-13 10:24:57.149 +0800 o.a.d.s.m.c.IdSlotBasedCommandFetcher:[67] - Fetch commands: 0 success, cost: 0ms, totalSlot: 1, currentSlotIndex: 0
[INFO] 2025-10-13 10:24:58.150 +0800 o.a.d.s.m.c.IdSlotBasedCommandFetcher:[67] - Fetch commands: 0 success, cost: 0ms, totalSlot: 1, currentSlotIndex: 0
[INFO] 2025-10-13 10:24:58.875 +0800 o.a.d.s.m.r.t.TaskGroupCoordinator:[187] - Success amend TaskGroupQueue status cost: 0/ms
[INFO] 2025-10-13 10:24:58.876 +0800 o.a.d.s.m.r.t.TaskGroupCoordinator:[241] - Success deal with force start TaskGroupQueue cost: 0/ms
[INFO] 2025-10-13 10:24:58.876 +0800 o.a.d.s.m.r.t.TaskGroupCoordinator:[129] - TaskGroupCoordinator round time cost: 1/ms
[INFO] 2025-10-13 10:24:59.150 +0800 o.a.d.s.m.c.IdSlotBasedCommandFetcher:[67] - Fetch commands: 0 success, cost: 0ms, totalSlot: 1, currentSlotIndex: 0
[INFO] 2025-10-13 10:25:00.307 +0800 o.a.d.s.m.c.IdSlotBasedCommandFetcher:[67] - Fetch commands: 0 success, cost: 1ms, totalSlot: 1, currentSlotIndex: 0
[INFO] 2025-10-13 10:25:01.308 +0800 o.a.d.s.m.c.IdSlotBasedCommandFetcher:[67] - Fetch commands: 0 success, cost: 0ms, totalSlot: 1, currentSlotIndex: 0
[INFO] 2025-10-13 10:25:02.308 +0800 o.a.d.s.m.c.IdSlotBasedCommandFetcher:[67] - Fetch commands: 0 success, cost: 0ms, totalSlot: 1, currentSlotIndex: 0
[INFO] 2025-10-13 10:25:03.308 +0800 o.a.d.s.m.c.IdSlotBasedCommandFetcher:[67] - Fetch commands: 0 success, cost: 0ms, totalSlot: 1, currentSlotIndex: 0
[INFO] 2025-10-13 10:25:03.881 +0800 o.a.d.s.m.r.t.TaskGroupCoordinator:[187] - Success amend TaskGroupQueue status cost: 0/ms
[INFO] 2025-10-13 10:25:03.881 +0800 o.a.d.s.m.r.t.TaskGroupCoordinator:[241] - Success deal with force start TaskGroupQueue cost: 0/ms
[INFO] 2025-10-13 10:25:03.881 +0800 o.a.d.s.m.r.t.TaskGroupCoordinator:[129] - TaskGroupCoordinator round time cost: 0/ms
[INFO] 2025-10-13 10:25:04.309 +0800 o.a.d.s.m.c.IdSlotBasedCommandFetcher:[67] - Fetch commands: 0 success, cost: 0ms, totalSlot: 1, currentSlotIndex: 0
[INFO] 2025-10-13 10:25:05.310 +0800 o.a.d.s.m.c.IdSlotBasedCommandFetcher:[67] - Fetch commands: 0 success, cost: 0ms, totalSlot: 1, currentSlotIndex: 0
[INFO] 2025-10-13 10:25:06.310 +0800 o.a.d.s.m.c.IdSlotBasedCommandFetcher:[67] - Fetch commands: 0 success, cost: 0ms, totalSlot: 1, currentSlotIndex: 0
[INFO] 2025-10-13 10:25:07.311 +0800 o.a.d.s.m.c.IdSlotBasedCommandFetcher:[67] - Fetch commands: 0 success, cost: 0ms, totalSlot: 1, currentSlotIndex: 0
[INFO] 2025-10-13 10:25:08.311 +0800 o.a.d.s.m.c.IdSlotBasedCommandFetcher:[67] - Fetch commands: 0 success, cost: 0ms, totalSlot: 1, currentSlotIndex: 0
[INFO] 2025-10-13 10:25:08.888 +0800 o.a.d.s.m.r.t.TaskGroupCoordinator:[187] - Success amend TaskGroupQueue status cost: 0/ms
[INFO] 2025-10-13 10:25:08.888 +0800 o.a.d.s.m.r.t.TaskGroupCoordinator:[241] - Success deal with force start TaskGroupQueue cost: 0/ms
[INFO] 2025-10-13 10:25:08.888 +0800 o.a.d.s.m.r.t.TaskGroupCoordinator:[129] - TaskGroupCoordinator round time cost: 0/ms
[INFO] 2025-10-13 10:25:09.312 +0800 o.a.d.s.m.c.IdSlotBasedCommandFetcher:[67] - Fetch commands: 0 success, cost: 1ms, totalSlot: 1, currentSlotIndex: 0
[INFO] 2025-10-13 10:25:10.313 +0800 o.a.d.s.m.c.IdSlotBasedCommandFetcher:[67] - Fetch commands: 0 success, cost: 0ms, totalSlot: 1, currentSlotIndex: 0
[INFO] 2025-10-13 10:25:11.313 +0800 o.a.d.s.m.c.IdSlotBasedCommandFetcher:[67] - Fetch commands: 0 success, cost: 0ms, totalSlot: 1, currentSlotIndex: 0
[INFO] 2025-10-13 10:25:12.314 +0800 o.a.d.s.m.c.IdSlotBasedCommandFetcher:[67] - Fetch commands: 0 success, cost: 0ms, totalSlot: 1, currentSlotIndex: 0
[INFO] 2025-10-13 10:25:13.315 +0800 o.a.d.s.m.c.IdSlotBasedCommandFetcher:[67] - Fetch commands: 0 success, cost: 0ms, totalSlot: 1, currentSlotIndex: 0
[INFO] 2025-10-13 10:25:13.893 +0800 o.a.d.s.m.r.t.TaskGroupCoordinator:[187] - Success amend TaskGroupQueue status cost: 0/ms
[INFO] 2025-10-13 10:25:13.894 +0800 o.a.d.s.m.r.t.TaskGroupCoordinator:[241] - Success deal with force start TaskGroupQueue cost: 0/ms
[INFO] 2025-10-13 10:25:13.894 +0800 o.a.d.s.m.r.t.TaskGroupCoordinator:[129] - TaskGroupCoordinator round time cost: 0/ms
[INFO] 2025-10-13 10:25:14.440 +0800 o.a.d.s.m.c.IdSlotBasedCommandFetcher:[67] - Fetch commands: 0 success, cost: 1ms, totalSlot: 1, currentSlotIndex: 0
[INFO] 2025-10-13 10:25:15.508 +0800 o.a.d.s.m.c.IdSlotBasedCommandFetcher:[67] - Fetch commands: 0 success, cost: 0ms, totalSlot: 1, currentSlotIndex: 0
[INFO] 2025-10-13 10:25:16.577 +0800 o.a.d.s.m.c.IdSlotBasedCommandFetcher:[67] - Fetch commands: 0 success, cost: 0ms, totalSlot: 1, currentSlotIndex: 0
[INFO] 2025-10-13 10:25:17.643 +0800 o.a.d.s.m.c.IdSlotBasedCommandFetcher:[67] - Fetch commands: 0 success, cost: 0ms, totalSlot: 1, currentSlotIndex: 0
[INFO] 2025-10-13 10:25:18.712 +0800 o.a.d.s.m.c.IdSlotBasedCommandFetcher:[67] - Fetch commands: 0 success, cost: 0ms, totalSlot: 1, currentSlotIndex: 0
[INFO] 2025-10-13 10:25:18.900 +0800 o.a.d.s.m.r.t.TaskGroupCoordinator:[187] - Success amend TaskGroupQueue status cost: 0/ms
[INFO] 2025-10-13 10:25:18.900 +0800 o.a.d.s.m.r.t.TaskGroupCoordinator:[241] - Success deal with force start TaskGroupQueue cost: 0/ms
[INFO] 2025-10-13 10:25:18.900 +0800 o.a.d.s.m.r.t.TaskGroupCoordinator:[129] - TaskGroupCoordinator round time cost: 0/ms
[INFO] 2025-10-13 10:25:19.820 +0800 o.a.d.s.m.c.IdSlotBasedCommandFetcher:[67] - Fetch commands: 0 success, cost: 0ms, totalSlot: 1, currentSlotIndex: 0
[INFO] 2025-10-13 10:25:20.821 +0800 o.a.d.s.m.c.IdSlotBasedCommandFetcher:[67] - Fetch commands: 0 success, cost: 0ms, totalSlot: 1, currentSlotIndex: 0
[INFO] 2025-10-13 10:25:21.822 +0800 o.a.d.s.m.c.IdSlotBasedCommandFetcher:[67] - Fetch commands: 0 success, cost: 0ms, totalSlot: 1, currentSlotIndex: 0
[INFO] 2025-10-13 10:25:22.822 +0800 o.a.d.s.m.c.IdSlotBasedCommandFetcher:[67] - Fetch commands: 0 success, cost: 0ms, totalSlot: 1, currentSlotIndex: 0
[INFO] 2025-10-13 10:25:23.822 +0800 o.a.d.s.m.c.IdSlotBasedCommandFetcher:[67] - Fetch commands: 0 success, cost: 0ms, totalSlot: 1, currentSlotIndex: 0
[INFO] 2025-10-13 10:25:23.905 +0800 o.a.d.s.m.r.t.TaskGroupCoordinator:[187] - Success amend TaskGroupQueue status cost: 0/ms
[INFO] 2025-10-13 10:25:23.905 +0800 o.a.d.s.m.r.t.TaskGroupCoordinator:[241] - Success deal with force start TaskGroupQueue cost: 0/ms
[INFO] 2025-10-13 10:25:23.905 +0800 o.a.d.s.m.r.t.TaskGroupCoordinator:[129] - TaskGroupCoordinator round time cost: 0/ms
[INFO] 2025-10-13 10:25:24.823 +0800 o.a.d.s.m.c.IdSlotBasedCommandFetcher:[67] - Fetch commands: 0 success, cost: 0ms, totalSlot: 1, currentSlotIndex: 0
[INFO] 2025-10-13 10:25:25.824 +0800 o.a.d.s.m.c.IdSlotBasedCommandFetcher:[67] - Fetch commands: 0 success, cost: 0ms, totalSlot: 1, currentSlotIndex: 0
[INFO] 2025-10-13 10:25:26.824 +0800 o.a.d.s.m.c.IdSlotBasedCommandFetcher:[67] - Fetch commands: 0 success, cost: 0ms, totalSlot: 1, currentSlotIndex: 0
[INFO] 2025-10-13 10:25:27.825 +0800 o.a.d.s.m.c.IdSlotBasedCommandFetcher:[67] - Fetch commands: 0 success, cost: 0ms, totalSlot: 1, currentSlotIndex: 0
[INFO] 2025-10-13 10:25:28.834 +0800 o.a.d.s.m.c.IdSlotBasedCommandFetcher:[67] - Fetch commands: 0 success, cost: 0ms, totalSlot: 1, currentSlotIndex: 0
[INFO] 2025-10-13 10:25:28.911 +0800 o.a.d.s.m.r.t.TaskGroupCoordinator:[187] - Success amend TaskGroupQueue status cost: 0/ms
[INFO] 2025-10-13 10:25:28.912 +0800 o.a.d.s.m.r.t.TaskGroupCoordinator:[241] - Success deal with force start TaskGroupQueue cost: 0/ms
[INFO] 2025-10-13 10:25:28.912 +0800 o.a.d.s.m.r.t.TaskGroupCoordinator:[129] - TaskGroupCoordinator round time cost: 1/ms
[INFO] 2025-10-13 10:25:29.835 +0800 o.a.d.s.m.c.IdSlotBasedCommandFetcher:[67] - Fetch commands: 0 success, cost: 0ms, totalSlot: 1, currentSlotIndex: 0
[INFO] 2025-10-13 10:25:30.836 +0800 o.a.d.s.m.c.IdSlotBasedCommandFetcher:[67] - Fetch commands: 0 success, cost: 0ms, totalSlot: 1, currentSlotIndex: 0
[INFO] 2025-10-13 10:25:31.850 +0800 o.a.d.s.m.c.IdSlotBasedCommandFetcher:[67] - Fetch commands: 0 success, cost: 0ms, totalSlot: 1, currentSlotIndex: 0
[INFO] 2025-10-13 10:25:32.927 +0800 o.a.d.s.m.c.IdSlotBasedCommandFetcher:[67] - Fetch commands: 0 success, cost: 0ms, totalSlot: 1, currentSlotIndex: 0
[INFO] 2025-10-13 10:25:33.918 +0800 o.a.d.s.m.r.t.TaskGroupCoordinator:[187] - Success amend TaskGroupQueue status cost: 0/ms
[INFO] 2025-10-13 10:25:33.919 +0800 o.a.d.s.m.r.t.TaskGroupCoordinator:[241] - Success deal with force start TaskGroupQueue cost: 0/ms
[INFO] 2025-10-13 10:25:33.919 +0800 o.a.d.s.m.r.t.TaskGroupCoordinator:[129] - TaskGroupCoordinator round time cost: 0/ms
[INFO] 2025-10-13 10:25:33.996 +0800 o.a.d.s.m.c.IdSlotBasedCommandFetcher:[67] - Fetch commands: 0 success, cost: 0ms, totalSlot: 1, currentSlotIndex: 0
[INFO] 2025-10-13 10:25:35.061 +0800 o.a.d.s.m.c.IdSlotBasedCommandFetcher:[67] - Fetch commands: 0 success, cost: 0ms, totalSlot: 1, currentSlotIndex: 0
[INFO] 2025-10-13 10:25:36.134 +0800 o.a.d.s.m.c.IdSlotBasedCommandFetcher:[67] - Fetch commands: 0 success, cost: 0ms, totalSlot: 1, currentSlotIndex: 0
[INFO] 2025-10-13 10:25:37.199 +0800 o.a.d.s.m.c.IdSlotBasedCommandFetcher:[67] - Fetch commands: 0 success, cost: 0ms, totalSlot: 1, currentSlotIndex: 0
[INFO] 2025-10-13 10:25:38.267 +0800 o.a.d.s.m.c.IdSlotBasedCommandFetcher:[67] - Fetch commands: 0 success, cost: 1ms, totalSlot: 1, currentSlotIndex: 0
[INFO] 2025-10-13 10:25:38.924 +0800 o.a.d.s.m.r.t.TaskGroupCoordinator:[187] - Success amend TaskGroupQueue status cost: 0/ms
[INFO] 2025-10-13 10:25:38.925 +0800 o.a.d.s.m.r.t.TaskGroupCoordinator:[241] - Success deal with force start TaskGroupQueue cost: 0/ms
[INFO] 2025-10-13 10:25:38.925 +0800 o.a.d.s.m.r.t.TaskGroupCoordinator:[129] - TaskGroupCoordinator round time cost: 0/ms
[INFO] 2025-10-13 10:25:39.333 +0800 o.a.d.s.m.c.IdSlotBasedCommandFetcher:[67] - Fetch commands: 0 success, cost: 0ms, totalSlot: 1, currentSlotIndex: 0
[INFO] 2025-10-13 10:25:40.456 +0800 o.a.d.s.m.c.IdSlotBasedCommandFetcher:[67] - Fetch commands: 0 success, cost: 0ms, totalSlot: 1, currentSlotIndex: 0
[INFO] 2025-10-13 10:25:41.456 +0800 o.a.d.s.m.c.IdSlotBasedCommandFetcher:[67] - Fetch commands: 0 success, cost: 0ms, totalSlot: 1, currentSlotIndex: 0
[INFO] 2025-10-13 10:25:42.458 +0800 o.a.d.s.m.c.IdSlotBasedCommandFetcher:[67] - Fetch commands: 0 success, cost: 0ms, totalSlot: 1, currentSlotIndex: 0
[INFO] 2025-10-13 10:25:43.458 +0800 o.a.d.s.m.c.IdSlotBasedCommandFetcher:[67] - Fetch commands: 0 success, cost: 0ms, totalSlot: 1, currentSlotIndex: 0
[INFO] 2025-10-13 10:25:43.937 +0800 o.a.d.s.m.r.t.TaskGroupCoordinator:[187] - Success amend TaskGroupQueue status cost: 0/ms
[INFO] 2025-10-13 10:25:43.937 +0800 o.a.d.s.m.r.t.TaskGroupCoordinator:[241] - Success deal with force start TaskGroupQueue cost: 0/ms
[INFO] 2025-10-13 10:25:43.937 +0800 o.a.d.s.m.r.t.TaskGroupCoordinator:[129] - TaskGroupCoordinator round time cost: 0/ms
[INFO] 2025-10-13 10:25:44.459 +0800 o.a.d.s.m.c.IdSlotBasedCommandFetcher:[67] - Fetch commands: 0 success, cost: 0ms, totalSlot: 1, currentSlotIndex: 0
[INFO] 2025-10-13 10:25:45.460 +0800 o.a.d.s.m.c.IdSlotBasedCommandFetcher:[67] - Fetch commands: 0 success, cost: 0ms, totalSlot: 1, currentSlotIndex: 0
[INFO] 2025-10-13 10:25:46.460 +0800 o.a.d.s.m.c.IdSlotBasedCommandFetcher:[67] - Fetch commands: 0 success, cost: 0ms, totalSlot: 1, currentSlotIndex: 0
[INFO] 2025-10-13 10:25:47.461 +0800 o.a.d.s.m.c.IdSlotBasedCommandFetcher:[67] - Fetch commands: 0 success, cost: 0ms, totalSlot: 1, currentSlotIndex: 0
[INFO] 2025-10-13 10:25:48.461 +0800 o.a.d.s.m.c.IdSlotBasedCommandFetcher:[67] - Fetch commands: 0 success, cost: 0ms, totalSlot: 1, currentSlotIndex: 0
[INFO] 2025-10-13 10:25:48.943 +0800 o.a.d.s.m.r.t.TaskGroupCoordinator:[187] - Success amend TaskGroupQueue status cost: 0/ms
[INFO] 2025-10-13 10:25:48.943 +0800 o.a.d.s.m.r.t.TaskGroupCoordinator:[241] - Success deal with force start TaskGroupQueue cost: 0/ms
[INFO] 2025-10-13 10:25:48.943 +0800 o.a.d.s.m.r.t.TaskGroupCoordinator:[129] - TaskGroupCoordinator round time cost: 1/ms
[INFO] 2025-10-13 10:25:49.475 +0800 o.a.d.s.m.c.IdSlotBasedCommandFetcher:[67] - Fetch commands: 0 success, cost: 0ms, totalSlot: 1, currentSlotIndex: 0
[INFO] 2025-10-13 10:25:50.479 +0800 o.a.d.s.m.c.IdSlotBasedCommandFetcher:[67] - Fetch commands: 0 success, cost: 0ms, totalSlot: 1, currentSlotIndex: 0
[INFO] 2025-10-13 10:25:51.488 +0800 o.a.d.s.m.c.IdSlotBasedCommandFetcher:[67] - Fetch commands: 0 success, cost: 0ms, totalSlot: 1, currentSlotIndex: 0
[INFO] 2025-10-13 10:25:52.489 +0800 o.a.d.s.m.c.IdSlotBasedCommandFetcher:[67] - Fetch commands: 0 success, cost: 0ms, totalSlot: 1, currentSlotIndex: 0
[INFO] 2025-10-13 10:25:53.490 +0800 o.a.d.s.m.c.IdSlotBasedCommandFetcher:[67] - Fetch commands: 0 success, cost: 0ms, totalSlot: 1, currentSlotIndex: 0
[INFO] 2025-10-13 10:25:53.950 +0800 o.a.d.s.m.r.t.TaskGroupCoordinator:[187] - Success amend TaskGroupQueue status cost: 0/ms
[INFO] 2025-10-13 10:25:53.950 +0800 o.a.d.s.m.r.t.TaskGroupCoordinator:[241] - Success deal with force start TaskGroupQueue cost: 0/ms
[INFO] 2025-10-13 10:25:53.950 +0800 o.a.d.s.m.r.t.TaskGroupCoordinator:[129] - TaskGroupCoordinator round time cost: 1/ms
[INFO] 2025-10-13 10:25:54.622 +0800 o.a.d.s.m.c.IdSlotBasedCommandFetcher:[67] - Fetch commands: 0 success, cost: 1ms, totalSlot: 1, currentSlotIndex: 0
[INFO] 2025-10-13 10:25:55.623 +0800 o.a.d.s.m.c.IdSlotBasedCommandFetcher:[67] - Fetch commands: 0 success, cost: 0ms, totalSlot: 1, currentSlotIndex: 0
[INFO] 2025-10-13 10:25:56.624 +0800 o.a.d.s.m.c.IdSlotBasedCommandFetcher:[67] - Fetch commands: 0 success, cost: 0ms, totalSlot: 1, currentSlotIndex: 0
[INFO] 2025-10-13 10:25:57.624 +0800 o.a.d.s.m.c.IdSlotBasedCommandFetcher:[67] - Fetch commands: 0 success, cost: 0ms, totalSlot: 1, currentSlotIndex: 0
[INFO] 2025-10-13 10:25:58.639 +0800 o.a.d.s.m.c.IdSlotBasedCommandFetcher:[67] - Fetch commands: 0 success, cost: 1ms, totalSlot: 1, currentSlotIndex: 0
[INFO] 2025-10-13 10:25:58.956 +0800 o.a.d.s.m.r.t.TaskGroupCoordinator:[187] - Success amend TaskGroupQueue status cost: 0/ms
[INFO] 2025-10-13 10:25:58.956 +0800 o.a.d.s.m.r.t.TaskGroupCoordinator:[241] - Success deal with force start TaskGroupQueue cost: 0/ms
[INFO] 2025-10-13 10:25:58.956 +0800 o.a.d.s.m.r.t.TaskGroupCoordinator:[129] - TaskGroupCoordinator round time cost: 0/ms
[INFO] 2025-10-13 10:25:59.644 +0800 o.a.d.s.m.c.IdSlotBasedCommandFetcher:[67] - Fetch commands: 0 success, cost: 0ms, totalSlot: 1, currentSlotIndex: 0
[INFO] 2025-10-13 10:26:00.644 +0800 o.a.d.s.m.c.IdSlotBasedCommandFetcher:[67] - Fetch commands: 0 success, cost: 0ms, totalSlot: 1, currentSlotIndex: 0
[INFO] 2025-10-13 10:26:01.652 +0800 o.a.d.s.m.c.IdSlotBasedCommandFetcher:[67] - Fetch commands: 0 success, cost: 0ms, totalSlot: 1, currentSlotIndex: 0
[INFO] 2025-10-13 10:26:02.656 +0800 o.a.d.s.m.c.IdSlotBasedCommandFetcher:[67] - Fetch commands: 0 success, cost: 0ms, totalSlot: 1, currentSlotIndex: 0
[INFO] 2025-10-13 10:26:03.656 +0800 o.a.d.s.m.c.IdSlotBasedCommandFetcher:[67] - Fetch commands: 0 success, cost: 0ms, totalSlot: 1, currentSlotIndex: 0
[INFO] 2025-10-13 10:26:03.961 +0800 o.a.d.s.m.r.t.TaskGroupCoordinator:[187] - Success amend TaskGroupQueue status cost: 0/ms
[INFO] 2025-10-13 10:26:03.962 +0800 o.a.d.s.m.r.t.TaskGroupCoordinator:[241] - Success deal with force start TaskGroupQueue cost: 0/ms
[INFO] 2025-10-13 10:26:03.962 +0800 o.a.d.s.m.r.t.TaskGroupCoordinator:[129] - TaskGroupCoordinator round time cost: 1/ms
[INFO] 2025-10-13 10:26:04.665 +0800 o.a.d.s.m.c.IdSlotBasedCommandFetcher:[67] - Fetch commands: 0 success, cost: 0ms, totalSlot: 1, currentSlotIndex: 0
[INFO] 2025-10-13 10:26:05.666 +0800 o.a.d.s.m.c.IdSlotBasedCommandFetcher:[67] - Fetch commands: 0 success, cost: 0ms, totalSlot: 1, currentSlotIndex: 0
[INFO] 2025-10-13 10:26:06.672 +0800 o.a.d.s.m.c.IdSlotBasedCommandFetcher:[67] - Fetch commands: 0 success, cost: 0ms, totalSlot: 1, currentSlotIndex: 0
[INFO] 2025-10-13 10:26:07.767 +0800 o.a.d.s.m.c.IdSlotBasedCommandFetcher:[67] - Fetch commands: 0 success, cost: 1ms, totalSlot: 1, currentSlotIndex: 0
[INFO] 2025-10-13 10:26:08.882 +0800 o.a.d.s.m.c.IdSlotBasedCommandFetcher:[67] - Fetch commands: 0 success, cost: 0ms, totalSlot: 1, currentSlotIndex: 0
[INFO] 2025-10-13 10:26:08.970 +0800 o.a.d.s.m.r.t.TaskGroupCoordinator:[187] - Success amend TaskGroupQueue status cost: 0/ms
[INFO] 2025-10-13 10:26:08.970 +0800 o.a.d.s.m.r.t.TaskGroupCoordinator:[241] - Success deal with force start TaskGroupQueue cost: 0/ms
[INFO] 2025-10-13 10:26:08.970 +0800 o.a.d.s.m.r.t.TaskGroupCoordinator:[129] - TaskGroupCoordinator round time cost: 0/ms
[INFO] 2025-10-13 10:26:09.897 +0800 o.a.d.s.m.c.IdSlotBasedCommandFetcher:[67] - Fetch commands: 0 success, cost: 0ms, totalSlot: 1, currentSlotIndex: 0
[INFO] 2025-10-13 10:26:10.901 +0800 o.a.d.s.m.c.IdSlotBasedCommandFetcher:[67] - Fetch commands: 0 success, cost: 0ms, totalSlot: 1, currentSlotIndex: 0
[INFO] 2025-10-13 10:26:11.901 +0800 o.a.d.s.m.c.IdSlotBasedCommandFetcher:[67] - Fetch commands: 0 success, cost: 0ms, totalSlot: 1, currentSlotIndex: 0
[INFO] 2025-10-13 10:26:12.902 +0800 o.a.d.s.m.c.IdSlotBasedCommandFetcher:[67] - Fetch commands: 0 success, cost: 0ms, totalSlot: 1, currentSlotIndex: 0
[INFO] 2025-10-13 10:26:13.903 +0800 o.a.d.s.m.c.IdSlotBasedCommandFetcher:[67] - Fetch commands: 0 success, cost: 0ms, totalSlot: 1, currentSlotIndex: 0
[INFO] 2025-10-13 10:26:13.976 +0800 o.a.d.s.m.r.t.TaskGroupCoordinator:[187] - Success amend TaskGroupQueue status cost: 0/ms
[INFO] 2025-10-13 10:26:13.976 +0800 o.a.d.s.m.r.t.TaskGroupCoordinator:[241] - Success deal with force start TaskGroupQueue cost: 0/ms
[INFO] 2025-10-13 10:26:13.976 +0800 o.a.d.s.m.r.t.TaskGroupCoordinator:[129] - TaskGroupCoordinator round time cost: 0/ms
[INFO] 2025-10-13 10:26:14.903 +0800 o.a.d.s.m.c.IdSlotBasedCommandFetcher:[67] - Fetch commands: 0 success, cost: 0ms, totalSlot: 1, currentSlotIndex: 0
[INFO] 2025-10-13 10:26:15.903 +0800 o.a.d.s.m.c.IdSlotBasedCommandFetcher:[67] - Fetch commands: 0 success, cost: 0ms, totalSlot: 1, currentSlotIndex: 0
[INFO] 2025-10-13 10:26:16.904 +0800 o.a.d.s.m.c.IdSlotBasedCommandFetcher:[67] - Fetch commands: 0 success, cost: 0ms, totalSlot: 1, currentSlotIndex: 0
[INFO] 2025-10-13 10:26:17.904 +0800 o.a.d.s.m.c.IdSlotBasedCommandFetcher:[67] - Fetch commands: 0 success, cost: 0ms, totalSlot: 1, currentSlotIndex: 0
[INFO] 2025-10-13 10:26:18.905 +0800 o.a.d.s.m.c.IdSlotBasedCommandFetcher:[67] - Fetch commands: 0 success, cost: 0ms, totalSlot: 1, currentSlotIndex: 0
[INFO] 2025-10-13 10:26:18.982 +0800 o.a.d.s.m.r.t.TaskGroupCoordinator:[187] - Success amend TaskGroupQueue status cost: 0/ms
[INFO] 2025-10-13 10:26:18.982 +0800 o.a.d.s.m.r.t.TaskGroupCoordinator:[241] - Success deal with force start TaskGroupQueue cost: 0/ms
[INFO] 2025-10-13 10:26:18.982 +0800 o.a.d.s.m.r.t.TaskGroupCoordinator:[129] - TaskGroupCoordinator round time cost: 0/ms
[INFO] 2025-10-13 10:26:19.906 +0800 o.a.d.s.m.c.IdSlotBasedCommandFetcher:[67] - Fetch commands: 0 success, cost: 0ms, totalSlot: 1, currentSlotIndex: 0
[INFO] 2025-10-13 10:26:20.920 +0800 o.a.d.s.m.c.IdSlotBasedCommandFetcher:[67] - Fetch commands: 0 success, cost: 0ms, totalSlot: 1, currentSlotIndex: 0
[INFO] 2025-10-13 10:26:21.995 +0800 o.a.d.s.m.c.IdSlotBasedCommandFetcher:[67] - Fetch commands: 0 success, cost: 0ms, totalSlot: 1, currentSlotIndex: 0
[INFO] 2025-10-13 10:26:23.067 +0800 o.a.d.s.m.c.IdSlotBasedCommandFetcher:[67] - Fetch commands: 0 success, cost: 0ms, totalSlot: 1, currentSlotIndex: 0
[INFO] 2025-10-13 10:26:23.984 +0800 o.a.d.s.m.r.t.TaskGroupCoordinator:[187] - Success amend TaskGroupQueue status cost: 0/ms
[INFO] 2025-10-13 10:26:23.984 +0800 o.a.d.s.m.r.t.TaskGroupCoordinator:[241] - Success deal with force start TaskGroupQueue cost: 0/ms
[INFO] 2025-10-13 10:26:23.987 +0800 o.a.d.s.m.r.t.TaskGroupCoordinator:[129] - TaskGroupCoordinator round time cost: 0/ms
[INFO] 2025-10-13 10:26:24.134 +0800 o.a.d.s.m.c.IdSlotBasedCommandFetcher:[67] - Fetch commands: 0 success, cost: 0ms, totalSlot: 1, currentSlotIndex: 0
[INFO] 2025-10-13 10:26:25.256 +0800 o.a.d.s.m.c.IdSlotBasedCommandFetcher:[67] - Fetch commands: 0 success, cost: 0ms, totalSlot: 1, currentSlotIndex: 0
[INFO] 2025-10-13 10:26:26.258 +0800 o.a.d.s.m.c.IdSlotBasedCommandFetcher:[67] - Fetch commands: 0 success, cost: 0ms, totalSlot: 1, currentSlotIndex: 0
[INFO] 2025-10-13 10:26:27.260 +0800 o.a.d.s.m.c.IdSlotBasedCommandFetcher:[67] - Fetch commands: 0 success, cost: 0ms, totalSlot: 1, currentSlotIndex: 0
[INFO] 2025-10-13 10:26:28.260 +0800 o.a.d.s.m.c.IdSlotBasedCommandFetcher:[67] - Fetch commands: 0 success, cost: 0ms, totalSlot: 1, currentSlotIndex: 0
[INFO] 2025-10-13 10:26:29.003 +0800 o.a.d.s.m.r.t.TaskGroupCoordinator:[187] - Success amend TaskGroupQueue status cost: 0/ms
[INFO] 2025-10-13 10:26:29.003 +0800 o.a.d.s.m.r.t.TaskGroupCoordinator:[241] - Success deal with force start TaskGroupQueue cost: 0/ms
[INFO] 2025-10-13 10:26:29.005 +0800 o.a.d.s.m.r.t.TaskGroupCoordinator:[129] - TaskGroupCoordinator round time cost: 1/ms
[INFO] 2025-10-13 10:26:29.261 +0800 o.a.d.s.m.c.IdSlotBasedCommandFetcher:[67] - Fetch commands: 0 success, cost: 0ms, totalSlot: 1, currentSlotIndex: 0
[INFO] 2025-10-13 10:26:30.262 +0800 o.a.d.s.m.c.IdSlotBasedCommandFetcher:[67] - Fetch commands: 0 success, cost: 0ms, totalSlot: 1, currentSlotIndex: 0
[INFO] 2025-10-13 10:26:31.263 +0800 o.a.d.s.m.c.IdSlotBasedCommandFetcher:[67] - Fetch commands: 0 success, cost: 0ms, totalSlot: 1, currentSlotIndex: 0
[INFO] 2025-10-13 10:26:32.263 +0800 o.a.d.s.m.c.IdSlotBasedCommandFetcher:[67] - Fetch commands: 0 success, cost: 0ms, totalSlot: 1, currentSlotIndex: 0
[INFO] 2025-10-13 10:26:33.264 +0800 o.a.d.s.m.c.IdSlotBasedCommandFetcher:[67] - Fetch commands: 0 success, cost: 0ms, totalSlot: 1, currentSlotIndex: 0
[INFO] 2025-10-13 10:26:34.010 +0800 o.a.d.s.m.r.t.TaskGroupCoordinator:[187] - Success amend TaskGroupQueue status cost: 0/ms
[INFO] 2025-10-13 10:26:34.011 +0800 o.a.d.s.m.r.t.TaskGroupCoordinator:[241] - Success deal with force start TaskGroupQueue cost: 0/ms
[INFO] 2025-10-13 10:26:34.011 +0800 o.a.d.s.m.r.t.TaskGroupCoordinator:[129] - TaskGroupCoordinator round time cost: 0/ms
[INFO] 2025-10-13 10:26:34.265 +0800 o.a.d.s.m.c.IdSlotBasedCommandFetcher:[67] - Fetch commands: 0 success, cost: 0ms, totalSlot: 1, currentSlotIndex: 0
[INFO] 2025-10-13 10:26:35.266 +0800 o.a.d.s.m.c.IdSlotBasedCommandFetcher:[67] - Fetch commands: 0 success, cost: 0ms, totalSlot: 1, currentSlotIndex: 0
[INFO] 2025-10-13 10:26:36.266 +0800 o.a.d.s.m.c.IdSlotBasedCommandFetcher:[67] - Fetch commands: 0 success, cost: 0ms, totalSlot: 1, currentSlotIndex: 0
[INFO] 2025-10-13 10:26:37.267 +0800 o.a.d.s.m.c.IdSlotBasedCommandFetcher:[67] - Fetch commands: 0 success, cost: 0ms, totalSlot: 1, currentSlotIndex: 0
[INFO] 2025-10-13 10:26:38.268 +0800 o.a.d.s.m.c.IdSlotBasedCommandFetcher:[67] - Fetch commands: 0 success, cost: 0ms, totalSlot: 1, currentSlotIndex: 0
[INFO] 2025-10-13 10:26:39.017 +0800 o.a.d.s.m.r.t.TaskGroupCoordinator:[187] - Success amend TaskGroupQueue status cost: 0/ms
[INFO] 2025-10-13 10:26:39.017 +0800 o.a.d.s.m.r.t.TaskGroupCoordinator:[241] - Success deal with force start TaskGroupQueue cost: 0/ms
[INFO] 2025-10-13 10:26:39.018 +0800 o.a.d.s.m.r.t.TaskGroupCoordinator:[129] - TaskGroupCoordinator round time cost: 0/ms
[INFO] 2025-10-13 10:26:39.426 +0800 o.a.d.s.m.c.IdSlotBasedCommandFetcher:[67] - Fetch commands: 0 success, cost: 0ms, totalSlot: 1, currentSlotIndex: 0
[INFO] 2025-10-13 10:26:40.501 +0800 o.a.d.s.m.c.IdSlotBasedCommandFetcher:[67] - Fetch commands: 0 success, cost: 1ms, totalSlot: 1, currentSlotIndex: 0
[INFO] 2025-10-13 10:26:41.571 +0800 o.a.d.s.m.c.IdSlotBasedCommandFetcher:[67] - Fetch commands: 0 success, cost: 0ms, totalSlot: 1, currentSlotIndex: 0
[INFO] 2025-10-13 10:26:42.652 +0800 o.a.d.s.m.c.IdSlotBasedCommandFetcher:[67] - Fetch commands: 0 success, cost: 0ms, totalSlot: 1, currentSlotIndex: 0
[INFO] 2025-10-13 10:26:43.721 +0800 o.a.d.s.m.c.IdSlotBasedCommandFetcher:[67] - Fetch commands: 0 success, cost: 0ms, totalSlot: 1, currentSlotIndex: 0
[INFO] 2025-10-13 10:26:44.028 +0800 o.a.d.s.m.r.t.TaskGroupCoordinator:[187] - Success amend TaskGroupQueue status cost: 0/ms
[INFO] 2025-10-13 10:26:44.028 +0800 o.a.d.s.m.r.t.TaskGroupCoordinator:[241] - Success deal with force start TaskGroupQueue cost: 0/ms
[INFO] 2025-10-13 10:26:44.028 +0800 o.a.d.s.m.r.t.TaskGroupCoordinator:[129] - TaskGroupCoordinator round time cost: 0/ms
[INFO] 2025-10-13 10:26:44.793 +0800 o.a.d.s.m.c.IdSlotBasedCommandFetcher:[67] - Fetch commands: 0 success, cost: 0ms, totalSlot: 1, currentSlotIndex: 0
[INFO] 2025-10-13 10:26:45.872 +0800 o.a.d.s.m.c.IdSlotBasedCommandFetcher:[67] - Fetch commands: 0 success, cost: 0ms, totalSlot: 1, currentSlotIndex: 0
[INFO] 2025-10-13 10:26:46.998 +0800 o.a.d.s.m.c.IdSlotBasedCommandFetcher:[67] - Fetch commands: 0 success, cost: 0ms, totalSlot: 1, currentSlotIndex: 0
[INFO] 2025-10-13 10:26:47.999 +0800 o.a.d.s.m.c.IdSlotBasedCommandFetcher:[67] - Fetch commands: 0 success, cost: 0ms, totalSlot: 1, currentSlotIndex: 0
[INFO] 2025-10-13 10:26:49.000 +0800 o.a.d.s.m.c.IdSlotBasedCommandFetcher:[67] - Fetch commands: 0 success, cost: 0ms, totalSlot: 1, currentSlotIndex: 0
[INFO] 2025-10-13 10:26:49.042 +0800 o.a.d.s.m.r.t.TaskGroupCoordinator:[187] - Success amend TaskGroupQueue status cost: 0/ms
[INFO] 2025-10-13 10:26:49.043 +0800 o.a.d.s.m.r.t.TaskGroupCoordinator:[241] - Success deal with force start TaskGroupQueue cost: 0/ms
[INFO] 2025-10-13 10:26:49.043 +0800 o.a.d.s.m.r.t.TaskGroupCoordinator:[129] - TaskGroupCoordinator round time cost: 1/ms
[INFO] 2025-10-13 10:26:50.001 +0800 o.a.d.s.m.c.IdSlotBasedCommandFetcher:[67] - Fetch commands: 0 success, cost: 0ms, totalSlot: 1, currentSlotIndex: 0
[INFO] 2025-10-13 10:26:51.001 +0800 o.a.d.s.m.c.IdSlotBasedCommandFetcher:[67] - Fetch commands: 0 success, cost: 0ms, totalSlot: 1, currentSlotIndex: 0
[INFO] 2025-10-13 10:26:52.002 +0800 o.a.d.s.m.c.IdSlotBasedCommandFetcher:[67] - Fetch commands: 0 success, cost: 0ms, totalSlot: 1, currentSlotIndex: 0
[INFO] 2025-10-13 10:26:53.002 +0800 o.a.d.s.m.c.IdSlotBasedCommandFetcher:[67] - Fetch commands: 0 success, cost: 0ms, totalSlot: 1, currentSlotIndex: 0
[INFO] 2025-10-13 10:26:54.004 +0800 o.a.d.s.m.c.IdSlotBasedCommandFetcher:[67] - Fetch commands: 0 success, cost: 0ms, totalSlot: 1, currentSlotIndex: 0
[INFO] 2025-10-13 10:26:54.052 +0800 o.a.d.s.m.r.t.TaskGroupCoordinator:[187] - Success amend TaskGroupQueue status cost: 0/ms
[INFO] 2025-10-13 10:26:54.052 +0800 o.a.d.s.m.r.t.TaskGroupCoordinator:[241] - Success deal with force start TaskGroupQueue cost: 0/ms
[INFO] 2025-10-13 10:26:54.052 +0800 o.a.d.s.m.r.t.TaskGroupCoordinator:[129] - TaskGroupCoordinator round time cost: 0/ms
[INFO] 2025-10-13 10:26:55.004 +0800 o.a.d.s.m.c.IdSlotBasedCommandFetcher:[67] - Fetch commands: 0 success, cost: 0ms, totalSlot: 1, currentSlotIndex: 0
[INFO] 2025-10-13 10:26:56.004 +0800 o.a.d.s.m.c.IdSlotBasedCommandFetcher:[67] - Fetch commands: 0 success, cost: 0ms, totalSlot: 1, currentSlotIndex: 0
[INFO] 2025-10-13 10:26:57.005 +0800 o.a.d.s.m.c.IdSlotBasedCommandFetcher:[67] - Fetch commands: 0 success, cost: 0ms, totalSlot: 1, currentSlotIndex: 0
[INFO] 2025-10-13 10:26:58.005 +0800 o.a.d.s.m.c.IdSlotBasedCommandFetcher:[67] - Fetch commands: 0 success, cost: 0ms, totalSlot: 1, currentSlotIndex: 0
[INFO] 2025-10-13 10:26:59.014 +0800 o.a.d.s.m.c.IdSlotBasedCommandFetcher:[67] - Fetch commands: 0 success, cost: 0ms, totalSlot: 1, currentSlotIndex: 0
[INFO] 2025-10-13 10:26:59.060 +0800 o.a.d.s.m.r.t.TaskGroupCoordinator:[187] - Success amend TaskGroupQueue status cost: 0/ms
[INFO] 2025-10-13 10:26:59.060 +0800 o.a.d.s.m.r.t.TaskGroupCoordinator:[241] - Success deal with force start TaskGroupQueue cost: 0/ms
[INFO] 2025-10-13 10:26:59.060 +0800 o.a.d.s.m.r.t.TaskGroupCoordinator:[129] - TaskGroupCoordinator round time cost: 1/ms
[INFO] 2025-10-13 10:27:00.015 +0800 o.a.d.s.m.c.IdSlotBasedCommandFetcher:[67] - Fetch commands: 0 success, cost: 0ms, totalSlot: 1, currentSlotIndex: 0
[INFO] 2025-10-13 10:27:01.194 +0800 o.a.d.s.m.c.IdSlotBasedCommandFetcher:[67] - Fetch commands: 0 success, cost: 1ms, totalSlot: 1, currentSlotIndex: 0
[INFO] 2025-10-13 10:27:02.194 +0800 o.a.d.s.m.c.IdSlotBasedCommandFetcher:[67] - Fetch commands: 0 success, cost: 0ms, totalSlot: 1, currentSlotIndex: 0
[INFO] 2025-10-13 10:27:03.195 +0800 o.a.d.s.m.c.IdSlotBasedCommandFetcher:[67] - Fetch commands: 0 success, cost: 0ms, totalSlot: 1, currentSlotIndex: 0
[INFO] 2025-10-13 10:27:04.065 +0800 o.a.d.s.m.r.t.TaskGroupCoordinator:[187] - Success amend TaskGroupQueue status cost: 0/ms
[INFO] 2025-10-13 10:27:04.066 +0800 o.a.d.s.m.r.t.TaskGroupCoordinator:[241] - Success deal with force start TaskGroupQueue cost: 0/ms
[INFO] 2025-10-13 10:27:04.066 +0800 o.a.d.s.m.r.t.TaskGroupCoordinator:[129] - TaskGroupCoordinator round time cost: 0/ms
[INFO] 2025-10-13 10:27:04.204 +0800 o.a.d.s.m.c.IdSlotBasedCommandFetcher:[67] - Fetch commands: 0 success, cost: 0ms, totalSlot: 1, currentSlotIndex: 0
[INFO] 2025-10-13 10:27:05.206 +0800 o.a.d.s.m.c.IdSlotBasedCommandFetcher:[67] - Fetch commands: 0 success, cost: 0ms, totalSlot: 1, currentSlotIndex: 0
[INFO] 2025-10-13 10:27:06.206 +0800 o.a.d.s.m.c.IdSlotBasedCommandFetcher:[67] - Fetch commands: 0 success, cost: 0ms, totalSlot: 1, currentSlotIndex: 0
[INFO] 2025-10-13 10:27:07.218 +0800 o.a.d.s.m.c.IdSlotBasedCommandFetcher:[67] - Fetch commands: 0 success, cost: 0ms, totalSlot: 1, currentSlotIndex: 0
[INFO] 2025-10-13 10:27:08.218 +0800 o.a.d.s.m.c.IdSlotBasedCommandFetcher:[67] - Fetch commands: 0 success, cost: 0ms, totalSlot: 1, currentSlotIndex: 0
[INFO] 2025-10-13 10:27:09.076 +0800 o.a.d.s.m.r.t.TaskGroupCoordinator:[187] - Success amend TaskGroupQueue status cost: 0/ms
[INFO] 2025-10-13 10:27:09.076 +0800 o.a.d.s.m.r.t.TaskGroupCoordinator:[241] - Success deal with force start TaskGroupQueue cost: 0/ms
[INFO] 2025-10-13 10:27:09.076 +0800 o.a.d.s.m.r.t.TaskGroupCoordinator:[129] - TaskGroupCoordinator round time cost: 1/ms
[INFO] 2025-10-13 10:27:09.219 +0800 o.a.d.s.m.c.IdSlotBasedCommandFetcher:[67] - Fetch commands: 0 success, cost: 0ms, totalSlot: 1, currentSlotIndex: 0
[INFO] 2025-10-13 10:27:10.219 +0800 o.a.d.s.m.c.IdSlotBasedCommandFetcher:[67] - Fetch commands: 0 success, cost: 0ms, totalSlot: 1, currentSlotIndex: 0
[INFO] 2025-10-13 10:27:11.221 +0800 o.a.d.s.m.c.IdSlotBasedCommandFetcher:[67] - Fetch commands: 0 success, cost: 0ms, totalSlot: 1, currentSlotIndex: 0
[INFO] 2025-10-13 10:27:12.223 +0800 o.a.d.s.m.c.IdSlotBasedCommandFetcher:[67] - Fetch commands: 0 success, cost: 0ms, totalSlot: 1, currentSlotIndex: 0
[INFO] 2025-10-13 10:27:13.223 +0800 o.a.d.s.m.c.IdSlotBasedCommandFetcher:[67] - Fetch commands: 0 success, cost: 0ms, totalSlot: 1, currentSlotIndex: 0
[INFO] 2025-10-13 10:27:14.081 +0800 o.a.d.s.m.r.t.TaskGroupCoordinator:[187] - Success amend TaskGroupQueue status cost: 0/ms
[INFO] 2025-10-13 10:27:14.081 +0800 o.a.d.s.m.r.t.TaskGroupCoordinator:[241] - Success deal with force start TaskGroupQueue cost: 0/ms
[INFO] 2025-10-13 10:27:14.081 +0800 o.a.d.s.m.r.t.TaskGroupCoordinator:[129] - TaskGroupCoordinator round time cost: 0/ms
[INFO] 2025-10-13 10:27:14.224 +0800 o.a.d.s.m.c.IdSlotBasedCommandFetcher:[67] - Fetch commands: 0 success, cost: 0ms, totalSlot: 1, currentSlotIndex: 0
[INFO] 2025-10-13 10:27:15.345 +0800 o.a.d.s.m.c.IdSlotBasedCommandFetcher:[67] - Fetch commands: 0 success, cost: 0ms, totalSlot: 1, currentSlotIndex: 0
[INFO] 2025-10-13 10:27:16.408 +0800 o.a.d.s.m.c.IdSlotBasedCommandFetcher:[67] - Fetch commands: 0 success, cost: 0ms, totalSlot: 1, currentSlotIndex: 0
[INFO] 2025-10-13 10:27:17.475 +0800 o.a.d.s.m.c.IdSlotBasedCommandFetcher:[67] - Fetch commands: 0 success, cost: 0ms, totalSlot: 1, currentSlotIndex: 0
[INFO] 2025-10-13 10:27:18.542 +0800 o.a.d.s.m.c.IdSlotBasedCommandFetcher:[67] - Fetch commands: 0 success, cost: 0ms, totalSlot: 1, currentSlotIndex: 0
[INFO] 2025-10-13 10:27:19.086 +0800 o.a.d.s.m.r.t.TaskGroupCoordinator:[187] - Success amend TaskGroupQueue status cost: 0/ms
[INFO] 2025-10-13 10:27:19.087 +0800 o.a.d.s.m.r.t.TaskGroupCoordinator:[241] - Success deal with force start TaskGroupQueue cost: 0/ms
[INFO] 2025-10-13 10:27:19.087 +0800 o.a.d.s.m.r.t.TaskGroupCoordinator:[129] - TaskGroupCoordinator round time cost: 0/ms
[INFO] 2025-10-13 10:27:19.618 +0800 o.a.d.s.m.c.IdSlotBasedCommandFetcher:[67] - Fetch commands: 0 success, cost: 1ms, totalSlot: 1, currentSlotIndex: 0
[INFO] 2025-10-13 10:27:20.618 +0800 o.a.d.s.m.c.IdSlotBasedCommandFetcher:[67] - Fetch commands: 0 success, cost: 0ms, totalSlot: 1, currentSlotIndex: 0
[INFO] 2025-10-13 10:27:21.626 +0800 o.a.d.s.m.c.IdSlotBasedCommandFetcher:[67] - Fetch commands: 0 success, cost: 0ms, totalSlot: 1, currentSlotIndex: 0
[INFO] 2025-10-13 10:27:22.628 +0800 o.a.d.s.m.c.IdSlotBasedCommandFetcher:[67] - Fetch commands: 0 success, cost: 0ms, totalSlot: 1, currentSlotIndex: 0
[INFO] 2025-10-13 10:27:23.628 +0800 o.a.d.s.m.c.IdSlotBasedCommandFetcher:[67] - Fetch commands: 0 success, cost: 0ms, totalSlot: 1, currentSlotIndex: 0
[INFO] 2025-10-13 10:27:24.090 +0800 o.a.d.s.m.r.t.TaskGroupCoordinator:[187] - Success amend TaskGroupQueue status cost: 0/ms
[INFO] 2025-10-13 10:27:24.090 +0800 o.a.d.s.m.r.t.TaskGroupCoordinator:[241] - Success deal with force start TaskGroupQueue cost: 0/ms
[INFO] 2025-10-13 10:27:24.090 +0800 o.a.d.s.m.r.t.TaskGroupCoordinator:[129] - TaskGroupCoordinator round time cost: 0/ms
[INFO] 2025-10-13 10:27:24.636 +0800 o.a.d.s.m.c.IdSlotBasedCommandFetcher:[67] - Fetch commands: 0 success, cost: 0ms, totalSlot: 1, currentSlotIndex: 0
[INFO] 2025-10-13 10:27:25.636 +0800 o.a.d.s.m.c.IdSlotBasedCommandFetcher:[67] - Fetch commands: 0 success, cost: 0ms, totalSlot: 1, currentSlotIndex: 0
[INFO] 2025-10-13 10:27:26.641 +0800 o.a.d.s.m.c.IdSlotBasedCommandFetcher:[67] - Fetch commands: 0 success, cost: 0ms, totalSlot: 1, currentSlotIndex: 0
[INFO] 2025-10-13 10:27:27.642 +0800 o.a.d.s.m.c.IdSlotBasedCommandFetcher:[67] - Fetch commands: 0 success, cost: 0ms, totalSlot: 1, currentSlotIndex: 0
[INFO] 2025-10-13 10:27:28.649 +0800 o.a.d.s.m.c.IdSlotBasedCommandFetcher:[67] - Fetch commands: 0 success, cost: 0ms, totalSlot: 1, currentSlotIndex: 0
[INFO] 2025-10-13 10:27:29.097 +0800 o.a.d.s.m.r.t.TaskGroupCoordinator:[187] - Success amend TaskGroupQueue status cost: 0/ms
[INFO] 2025-10-13 10:27:29.097 +0800 o.a.d.s.m.r.t.TaskGroupCoordinator:[241] - Success deal with force start TaskGroupQueue cost: 0/ms
[INFO] 2025-10-13 10:27:29.097 +0800 o.a.d.s.m.r.t.TaskGroupCoordinator:[129] - TaskGroupCoordinator round time cost: 0/ms
[INFO] 2025-10-13 10:27:29.652 +0800 o.a.d.s.m.c.IdSlotBasedCommandFetcher:[67] - Fetch commands: 0 success, cost: 0ms, totalSlot: 1, currentSlotIndex: 0
[INFO] 2025-10-13 10:27:30.663 +0800 o.a.d.s.m.c.IdSlotBasedCommandFetcher:[67] - Fetch commands: 0 success, cost: 1ms, totalSlot: 1, currentSlotIndex: 0
[INFO] 2025-10-13 10:27:31.678 +0800 o.a.d.s.m.c.IdSlotBasedCommandFetcher:[67] - Fetch commands: 0 success, cost: 0ms, totalSlot: 1, currentSlotIndex: 0
[INFO] 2025-10-13 10:27:32.877 +0800 o.a.d.s.m.c.IdSlotBasedCommandFetcher:[67] - Fetch commands: 0 success, cost: 0ms, totalSlot: 1, currentSlotIndex: 0
[INFO] 2025-10-13 10:27:33.966 +0800 o.a.d.s.m.c.IdSlotBasedCommandFetcher:[67] - Fetch commands: 0 success, cost: 0ms, totalSlot: 1, currentSlotIndex: 0
[INFO] 2025-10-13 10:27:34.106 +0800 o.a.d.s.m.r.t.TaskGroupCoordinator:[187] - Success amend TaskGroupQueue status cost: 0/ms
[INFO] 2025-10-13 10:27:34.106 +0800 o.a.d.s.m.r.t.TaskGroupCoordinator:[241] - Success deal with force start TaskGroupQueue cost: 0/ms
[INFO] 2025-10-13 10:27:34.107 +0800 o.a.d.s.m.r.t.TaskGroupCoordinator:[129] - TaskGroupCoordinator round time cost: 0/ms
[INFO] 2025-10-13 10:27:35.065 +0800 o.a.d.s.m.c.IdSlotBasedCommandFetcher:[67] - Fetch commands: 0 success, cost: 1ms, totalSlot: 1, currentSlotIndex: 0
[INFO] 2025-10-13 10:27:36.150 +0800 o.a.d.s.m.c.IdSlotBasedCommandFetcher:[67] - Fetch commands: 0 success, cost: 0ms, totalSlot: 1, currentSlotIndex: 0
[INFO] 2025-10-13 10:27:37.235 +0800 o.a.d.s.m.c.IdSlotBasedCommandFetcher:[67] - Fetch commands: 0 success, cost: 0ms, totalSlot: 1, currentSlotIndex: 0
[INFO] 2025-10-13 10:27:38.321 +0800 o.a.d.s.m.c.IdSlotBasedCommandFetcher:[67] - Fetch commands: 0 success, cost: 0ms, totalSlot: 1, currentSlotIndex: 0
[INFO] 2025-10-13 10:27:39.113 +0800 o.a.d.s.m.r.t.TaskGroupCoordinator:[187] - Success amend TaskGroupQueue status cost: 0/ms
[INFO] 2025-10-13 10:27:39.113 +0800 o.a.d.s.m.r.t.TaskGroupCoordinator:[241] - Success deal with force start TaskGroupQueue cost: 0/ms
[INFO] 2025-10-13 10:27:39.114 +0800 o.a.d.s.m.r.t.TaskGroupCoordinator:[129] - TaskGroupCoordinator round time cost: 1/ms
[INFO] 2025-10-13 10:27:39.405 +0800 o.a.d.s.m.c.IdSlotBasedCommandFetcher:[67] - Fetch commands: 0 success, cost: 0ms, totalSlot: 1, currentSlotIndex: 0
[INFO] 2025-10-13 10:27:40.691 +0800 o.a.d.s.m.c.IdSlotBasedCommandFetcher:[67] - Fetch commands: 0 success, cost: 0ms, totalSlot: 1, currentSlotIndex: 0
[INFO] 2025-10-13 10:27:41.698 +0800 o.a.d.s.m.c.IdSlotBasedCommandFetcher:[67] - Fetch commands: 0 success, cost: 0ms, totalSlot: 1, currentSlotIndex: 0
[INFO] 2025-10-13 10:27:42.709 +0800 o.a.d.s.m.c.IdSlotBasedCommandFetcher:[67] - Fetch commands: 0 success, cost: 0ms, totalSlot: 1, currentSlotIndex: 0
[INFO] 2025-10-13 10:27:43.722 +0800 o.a.d.s.m.c.IdSlotBasedCommandFetcher:[67] - Fetch commands: 0 success, cost: 1ms, totalSlot: 1, currentSlotIndex: 0
[INFO] 2025-10-13 10:27:44.140 +0800 o.a.d.s.m.r.t.TaskGroupCoordinator:[187] - Success amend TaskGroupQueue status cost: 0/ms
[INFO] 2025-10-13 10:27:44.140 +0800 o.a.d.s.m.r.t.TaskGroupCoordinator:[241] - Success deal with force start TaskGroupQueue cost: 0/ms
[INFO] 2025-10-13 10:27:44.140 +0800 o.a.d.s.m.r.t.TaskGroupCoordinator:[129] - TaskGroupCoordinator round time cost: 0/ms
[INFO] 2025-10-13 10:27:44.724 +0800 o.a.d.s.m.c.IdSlotBasedCommandFetcher:[67] - Fetch commands: 0 success, cost: 0ms, totalSlot: 1, currentSlotIndex: 0
[INFO] 2025-10-13 10:27:45.738 +0800 o.a.d.s.m.c.IdSlotBasedCommandFetcher:[67] - Fetch commands: 0 success, cost: 0ms, totalSlot: 1, currentSlotIndex: 0
[INFO] 2025-10-13 10:27:46.748 +0800 o.a.d.s.m.c.IdSlotBasedCommandFetcher:[67] - Fetch commands: 0 success, cost: 0ms, totalSlot: 1, currentSlotIndex: 0
[INFO] 2025-10-13 10:27:47.757 +0800 o.a.d.s.m.c.IdSlotBasedCommandFetcher:[67] - Fetch commands: 0 success, cost: 0ms, totalSlot: 1, currentSlotIndex: 0
[INFO] 2025-10-13 10:27:48.763 +0800 o.a.d.s.m.c.IdSlotBasedCommandFetcher:[67] - Fetch commands: 0 success, cost: 0ms, totalSlot: 1, currentSlotIndex: 0
[INFO] 2025-10-13 10:27:49.148 +0800 o.a.d.s.m.r.t.TaskGroupCoordinator:[187] - Success amend TaskGroupQueue status cost: 0/ms
[INFO] 2025-10-13 10:27:49.149 +0800 o.a.d.s.m.r.t.TaskGroupCoordinator:[241] - Success deal with force start TaskGroupQueue cost: 0/ms
[INFO] 2025-10-13 10:27:49.149 +0800 o.a.d.s.m.r.t.TaskGroupCoordinator:[129] - TaskGroupCoordinator round time cost: 1/ms
[INFO] 2025-10-13 10:27:49.767 +0800 o.a.d.s.m.c.IdSlotBasedCommandFetcher:[67] - Fetch commands: 0 success, cost: 0ms, totalSlot: 1, currentSlotIndex: 0
[INFO] 2025-10-13 10:27:50.770 +0800 o.a.d.s.m.c.IdSlotBasedCommandFetcher:[67] - Fetch commands: 0 success, cost: 0ms, totalSlot: 1, currentSlotIndex: 0
[INFO] 2025-10-13 10:27:51.905 +0800 o.a.d.s.m.c.IdSlotBasedCommandFetcher:[67] - Fetch commands: 0 success, cost: 0ms, totalSlot: 1, currentSlotIndex: 0
[INFO] 2025-10-13 10:27:53.079 +0800 o.a.d.s.m.c.IdSlotBasedCommandFetcher:[67] - Fetch commands: 0 success, cost: 0ms, totalSlot: 1, currentSlotIndex: 0
[INFO] 2025-10-13 10:27:54.089 +0800 o.a.d.s.m.c.IdSlotBasedCommandFetcher:[67] - Fetch commands: 0 success, cost: 0ms, totalSlot: 1, currentSlotIndex: 0
[INFO] 2025-10-13 10:27:54.169 +0800 o.a.d.s.m.r.t.TaskGroupCoordinator:[187] - Success amend TaskGroupQueue status cost: 0/ms
[INFO] 2025-10-13 10:27:54.169 +0800 o.a.d.s.m.r.t.TaskGroupCoordinator:[241] - Success deal with force start TaskGroupQueue cost: 0/ms
[INFO] 2025-10-13 10:27:54.169 +0800 o.a.d.s.m.r.t.TaskGroupCoordinator:[129] - TaskGroupCoordinator round time cost: 0/ms
[INFO] 2025-10-13 10:27:55.101 +0800 o.a.d.s.m.c.IdSlotBasedCommandFetcher:[67] - Fetch commands: 0 success, cost: 0ms, totalSlot: 1, currentSlotIndex: 0
[INFO] 2025-10-13 10:27:56.103 +0800 o.a.d.s.m.c.IdSlotBasedCommandFetcher:[67] - Fetch commands: 0 success, cost: 0ms, totalSlot: 1, currentSlotIndex: 0
[INFO] 2025-10-13 10:27:57.112 +0800 o.a.d.s.m.c.IdSlotBasedCommandFetcher:[67] - Fetch commands: 0 success, cost: 0ms, totalSlot: 1, currentSlotIndex: 0
[INFO] 2025-10-13 10:27:58.125 +0800 o.a.d.s.m.c.IdSlotBasedCommandFetcher:[67] - Fetch commands: 0 success, cost: 0ms, totalSlot: 1, currentSlotIndex: 0
[INFO] 2025-10-13 10:27:59.130 +0800 o.a.d.s.m.c.IdSlotBasedCommandFetcher:[67] - Fetch commands: 0 success, cost: 0ms, totalSlot: 1, currentSlotIndex: 0
[INFO] 2025-10-13 10:27:59.179 +0800 o.a.d.s.m.r.t.TaskGroupCoordinator:[187] - Success amend TaskGroupQueue status cost: 0/ms
[INFO] 2025-10-13 10:27:59.180 +0800 o.a.d.s.m.r.t.TaskGroupCoordinator:[241] - Success deal with force start TaskGroupQueue cost: 0/ms
[INFO] 2025-10-13 10:27:59.180 +0800 o.a.d.s.m.r.t.TaskGroupCoordinator:[129] - TaskGroupCoordinator round time cost: 1/ms
[INFO] 2025-10-13 10:28:00.143 +0800 o.a.d.s.m.c.IdSlotBasedCommandFetcher:[67] - Fetch commands: 0 success, cost: 0ms, totalSlot: 1, currentSlotIndex: 0
[INFO] 2025-10-13 10:28:01.158 +0800 o.a.d.s.m.c.IdSlotBasedCommandFetcher:[67] - Fetch commands: 0 success, cost: 0ms, totalSlot: 1, currentSlotIndex: 0
[INFO] 2025-10-13 10:28:02.167 +0800 o.a.d.s.m.c.IdSlotBasedCommandFetcher:[67] - Fetch commands: 0 success, cost: 0ms, totalSlot: 1, currentSlotIndex: 0
[INFO] 2025-10-13 10:28:03.171 +0800 o.a.d.s.m.c.IdSlotBasedCommandFetcher:[67] - Fetch commands: 0 success, cost: 0ms, totalSlot: 1, currentSlotIndex: 0
[INFO] 2025-10-13 10:28:04.172 +0800 o.a.d.s.m.c.IdSlotBasedCommandFetcher:[67] - Fetch commands: 0 success, cost: 0ms, totalSlot: 1, currentSlotIndex: 0
[INFO] 2025-10-13 10:28:04.191 +0800 o.a.d.s.m.r.t.TaskGroupCoordinator:[187] - Success amend TaskGroupQueue status cost: 0/ms
[INFO] 2025-10-13 10:28:04.191 +0800 o.a.d.s.m.r.t.TaskGroupCoordinator:[241] - Success deal with force start TaskGroupQueue cost: 0/ms
[INFO] 2025-10-13 10:28:04.191 +0800 o.a.d.s.m.r.t.TaskGroupCoordinator:[129] - TaskGroupCoordinator round time cost: 1/ms
[INFO] 2025-10-13 10:28:05.525 +0800 o.a.d.s.m.c.IdSlotBasedCommandFetcher:[67] - Fetch commands: 0 success, cost: 0ms, totalSlot: 1, currentSlotIndex: 0
[INFO] 2025-10-13 10:28:06.644 +0800 o.a.d.s.m.c.IdSlotBasedCommandFetcher:[67] - Fetch commands: 0 success, cost: 0ms, totalSlot: 1, currentSlotIndex: 0
[INFO] 2025-10-13 10:28:07.728 +0800 o.a.d.s.m.c.IdSlotBasedCommandFetcher:[67] - Fetch commands: 0 success, cost: 0ms, totalSlot: 1, currentSlotIndex: 0
[INFO] 2025-10-13 10:28:08.812 +0800 o.a.d.s.m.c.IdSlotBasedCommandFetcher:[67] - Fetch commands: 0 success, cost: 0ms, totalSlot: 1, currentSlotIndex: 0
[INFO] 2025-10-13 10:28:09.209 +0800 o.a.d.s.m.r.t.TaskGroupCoordinator:[187] - Success amend TaskGroupQueue status cost: 0/ms
[INFO] 2025-10-13 10:28:09.209 +0800 o.a.d.s.m.r.t.TaskGroupCoordinator:[241] - Success deal with force start TaskGroupQueue cost: 0/ms
[INFO] 2025-10-13 10:28:09.210 +0800 o.a.d.s.m.r.t.TaskGroupCoordinator:[129] - TaskGroupCoordinator round time cost: 1/ms
[INFO] 2025-10-13 10:28:09.905 +0800 o.a.d.s.m.c.IdSlotBasedCommandFetcher:[67] - Fetch commands: 0 success, cost: 0ms, totalSlot: 1, currentSlotIndex: 0
[INFO] 2025-10-13 10:28:10.986 +0800 o.a.d.s.m.c.IdSlotBasedCommandFetcher:[67] - Fetch commands: 0 success, cost: 0ms, totalSlot: 1, currentSlotIndex: 0
[INFO] 2025-10-13 10:28:12.080 +0800 o.a.d.s.m.c.IdSlotBasedCommandFetcher:[67] - Fetch commands: 0 success, cost: 0ms, totalSlot: 1, currentSlotIndex: 0
[INFO] 2025-10-13 10:28:13.167 +0800 o.a.d.s.m.c.IdSlotBasedCommandFetcher:[67] - Fetch commands: 0 success, cost: 0ms, totalSlot: 1, currentSlotIndex: 0
[INFO] 2025-10-13 10:28:14.222 +0800 o.a.d.s.m.r.t.TaskGroupCoordinator:[187] - Success amend TaskGroupQueue status cost: 0/ms
[INFO] 2025-10-13 10:28:14.222 +0800 o.a.d.s.m.r.t.TaskGroupCoordinator:[241] - Success deal with force start TaskGroupQueue cost: 0/ms
[INFO] 2025-10-13 10:28:14.222 +0800 o.a.d.s.m.r.t.TaskGroupCoordinator:[129] - TaskGroupCoordinator round time cost: 0/ms
[INFO] 2025-10-13 10:28:14.249 +0800 o.a.d.s.m.c.IdSlotBasedCommandFetcher:[67] - Fetch commands: 0 success, cost: 1ms, totalSlot: 1, currentSlotIndex: 0
[INFO] 2025-10-13 10:28:15.331 +0800 o.a.d.s.m.c.IdSlotBasedCommandFetcher:[67] - Fetch commands: 0 success, cost: 0ms, totalSlot: 1, currentSlotIndex: 0
[INFO] 2025-10-13 10:28:16.418 +0800 o.a.d.s.m.c.IdSlotBasedCommandFetcher:[67] - Fetch commands: 0 success, cost: 0ms, totalSlot: 1, currentSlotIndex: 0
[INFO] 2025-10-13 10:28:17.499 +0800 o.a.d.s.m.c.IdSlotBasedCommandFetcher:[67] - Fetch commands: 0 success, cost: 1ms, totalSlot: 1, currentSlotIndex: 0
[INFO] 2025-10-13 10:28:18.519 +0800 o.a.d.s.m.c.IdSlotBasedCommandFetcher:[67] - Fetch commands: 0 success, cost: 0ms, totalSlot: 1, currentSlotIndex: 0
[INFO] 2025-10-13 10:28:18.892 +0800 o.a.d.m.m.BaseServerLoadProtection:[43] - OverLoad: the system cpu usage: 1.0 is over then the maxSystemCpuUsagePercentageThresholds 0.9
[INFO] 2025-10-13 10:28:19.231 +0800 o.a.d.s.m.r.t.TaskGroupCoordinator:[187] - Success amend TaskGroupQueue status cost: 0/ms
[INFO] 2025-10-13 10:28:19.231 +0800 o.a.d.s.m.r.t.TaskGroupCoordinator:[241] - Success deal with force start TaskGroupQueue cost: 0/ms
[INFO] 2025-10-13 10:28:19.231 +0800 o.a.d.s.m.r.t.TaskGroupCoordinator:[129] - TaskGroupCoordinator round time cost: 1/ms
[INFO] 2025-10-13 10:28:19.522 +0800 o.a.d.m.m.BaseServerLoadProtection:[43] - OverLoad: the system cpu usage: 1.0 is over then the maxSystemCpuUsagePercentageThresholds 0.9
[WARN] 2025-10-13 10:28:19.522 +0800 o.a.d.s.m.r.MasterSchedulerBootstrap:[120] - The current server is overload, cannot consumes commands.
[INFO] 2025-10-13 10:28:19.865 +0800 o.a.d.m.m.BaseServerLoadProtection:[43] - OverLoad: the system cpu usage: 1.0 is over then the maxSystemCpuUsagePercentageThresholds 0.9
[INFO] 2025-10-13 10:28:20.535 +0800 o.a.d.s.m.c.IdSlotBasedCommandFetcher:[67] - Fetch commands: 0 success, cost: 0ms, totalSlot: 1, currentSlotIndex: 0
[INFO] 2025-10-13 10:28:21.547 +0800 o.a.d.s.m.c.IdSlotBasedCommandFetcher:[67] - Fetch commands: 0 success, cost: 0ms, totalSlot: 1, currentSlotIndex: 0
[INFO] 2025-10-13 10:28:22.551 +0800 o.a.d.s.m.c.IdSlotBasedCommandFetcher:[67] - Fetch commands: 0 success, cost: 0ms, totalSlot: 1, currentSlotIndex: 0
[INFO] 2025-10-13 10:28:23.561 +0800 o.a.d.s.m.c.IdSlotBasedCommandFetcher:[67] - Fetch commands: 0 success, cost: 0ms, totalSlot: 1, currentSlotIndex: 0
[INFO] 2025-10-13 10:28:24.245 +0800 o.a.d.s.m.r.t.TaskGroupCoordinator:[187] - Success amend TaskGroupQueue status cost: 0/ms
[INFO] 2025-10-13 10:28:24.245 +0800 o.a.d.s.m.r.t.TaskGroupCoordinator:[241] - Success deal with force start TaskGroupQueue cost: 0/ms
[INFO] 2025-10-13 10:28:24.245 +0800 o.a.d.s.m.r.t.TaskGroupCoordinator:[129] - TaskGroupCoordinator round time cost: 0/ms
[INFO] 2025-10-13 10:28:24.564 +0800 o.a.d.s.m.c.IdSlotBasedCommandFetcher:[67] - Fetch commands: 0 success, cost: 0ms, totalSlot: 1, currentSlotIndex: 0
[INFO] 2025-10-13 10:28:25.571 +0800 o.a.d.s.m.c.IdSlotBasedCommandFetcher:[67] - Fetch commands: 0 success, cost: 0ms, totalSlot: 1, currentSlotIndex: 0
[INFO] 2025-10-13 10:28:26.587 +0800 o.a.d.s.m.c.IdSlotBasedCommandFetcher:[67] - Fetch commands: 0 success, cost: 0ms, totalSlot: 1, currentSlotIndex: 0
[INFO] 2025-10-13 10:28:27.596 +0800 o.a.d.s.m.c.IdSlotBasedCommandFetcher:[67] - Fetch commands: 0 success, cost: 0ms, totalSlot: 1, currentSlotIndex: 0
[INFO] 2025-10-13 10:28:28.791 +0800 o.a.d.s.m.c.IdSlotBasedCommandFetcher:[67] - Fetch commands: 0 success, cost: 0ms, totalSlot: 1, currentSlotIndex: 0
[INFO] 2025-10-13 10:28:29.256 +0800 o.a.d.s.m.r.t.TaskGroupCoordinator:[187] - Success amend TaskGroupQueue status cost: 0/ms
[INFO] 2025-10-13 10:28:29.256 +0800 o.a.d.s.m.r.t.TaskGroupCoordinator:[241] - Success deal with force start TaskGroupQueue cost: 0/ms
[INFO] 2025-10-13 10:28:29.257 +0800 o.a.d.s.m.r.t.TaskGroupCoordinator:[129] - TaskGroupCoordinator round time cost: 1/ms
[INFO] 2025-10-13 10:28:29.879 +0800 o.a.d.s.m.c.IdSlotBasedCommandFetcher:[67] - Fetch commands: 0 success, cost: 0ms, totalSlot: 1, currentSlotIndex: 0
[INFO] 2025-10-13 10:28:30.973 +0800 o.a.d.s.m.c.IdSlotBasedCommandFetcher:[67] - Fetch commands: 0 success, cost: 5ms, totalSlot: 1, currentSlotIndex: 0
[INFO] 2025-10-13 10:28:31.977 +0800 o.a.d.s.m.c.IdSlotBasedCommandFetcher:[67] - Fetch commands: 0 success, cost: 0ms, totalSlot: 1, currentSlotIndex: 0
[INFO] 2025-10-13 10:28:32.985 +0800 o.a.d.s.m.c.IdSlotBasedCommandFetcher:[67] - Fetch commands: 0 success, cost: 1ms, totalSlot: 1, currentSlotIndex: 0
[INFO] 2025-10-13 10:28:33.994 +0800 o.a.d.s.m.c.IdSlotBasedCommandFetcher:[67] - Fetch commands: 0 success, cost: 0ms, totalSlot: 1, currentSlotIndex: 0
[INFO] 2025-10-13 10:28:34.267 +0800 o.a.d.s.m.r.t.TaskGroupCoordinator:[187] - Success amend TaskGroupQueue status cost: 0/ms
[INFO] 2025-10-13 10:28:34.268 +0800 o.a.d.s.m.r.t.TaskGroupCoordinator:[241] - Success deal with force start TaskGroupQueue cost: 0/ms
[INFO] 2025-10-13 10:28:34.268 +0800 o.a.d.s.m.r.t.TaskGroupCoordinator:[129] - TaskGroupCoordinator round time cost: 0/ms
[INFO] 2025-10-13 10:28:35.008 +0800 o.a.d.s.m.c.IdSlotBasedCommandFetcher:[67] - Fetch commands: 0 success, cost: 0ms, totalSlot: 1, currentSlotIndex: 0
[INFO] 2025-10-13 10:28:36.019 +0800 o.a.d.s.m.c.IdSlotBasedCommandFetcher:[67] - Fetch commands: 0 success, cost: 0ms, totalSlot: 1, currentSlotIndex: 0
[INFO] 2025-10-13 10:28:37.020 +0800 o.a.d.s.m.c.IdSlotBasedCommandFetcher:[67] - Fetch commands: 0 success, cost: 0ms, totalSlot: 1, currentSlotIndex: 0
[INFO] 2025-10-13 10:28:38.030 +0800 o.a.d.s.m.c.IdSlotBasedCommandFetcher:[67] - Fetch commands: 0 success, cost: 0ms, totalSlot: 1, currentSlotIndex: 0
[INFO] 2025-10-13 10:28:39.041 +0800 o.a.d.s.m.c.IdSlotBasedCommandFetcher:[67] - Fetch commands: 0 success, cost: 0ms, totalSlot: 1, currentSlotIndex: 0
[INFO] 2025-10-13 10:28:39.283 +0800 o.a.d.s.m.r.t.TaskGroupCoordinator:[187] - Success amend TaskGroupQueue status cost: 0/ms
[INFO] 2025-10-13 10:28:39.284 +0800 o.a.d.s.m.r.t.TaskGroupCoordinator:[241] - Success deal with force start TaskGroupQueue cost: 0/ms
[INFO] 2025-10-13 10:28:39.284 +0800 o.a.d.s.m.r.t.TaskGroupCoordinator:[129] - TaskGroupCoordinator round time cost: 1/ms
[INFO] 2025-10-13 10:28:40.052 +0800 o.a.d.s.m.c.IdSlotBasedCommandFetcher:[67] - Fetch commands: 0 success, cost: 1ms, totalSlot: 1, currentSlotIndex: 0
[INFO] 2025-10-13 10:28:41.067 +0800 o.a.d.s.m.c.IdSlotBasedCommandFetcher:[67] - Fetch commands: 0 success, cost: 0ms, totalSlot: 1, currentSlotIndex: 0
[INFO] 2025-10-13 10:28:42.070 +0800 o.a.d.s.m.c.IdSlotBasedCommandFetcher:[67] - Fetch commands: 0 success, cost: 0ms, totalSlot: 1, currentSlotIndex: 0
[INFO] 2025-10-13 10:28:43.306 +0800 o.a.d.s.m.c.IdSlotBasedCommandFetcher:[67] - Fetch commands: 0 success, cost: 1ms, totalSlot: 1, currentSlotIndex: 0
[INFO] 2025-10-13 10:28:44.298 +0800 o.a.d.s.m.r.t.TaskGroupCoordinator:[187] - Success amend TaskGroupQueue status cost: 0/ms
[INFO] 2025-10-13 10:28:44.299 +0800 o.a.d.s.m.r.t.TaskGroupCoordinator:[241] - Success deal with force start TaskGroupQueue cost: 0/ms
[INFO] 2025-10-13 10:28:44.299 +0800 o.a.d.s.m.r.t.TaskGroupCoordinator:[129] - TaskGroupCoordinator round time cost: 0/ms
[INFO] 2025-10-13 10:28:44.307 +0800 o.a.d.s.m.c.IdSlotBasedCommandFetcher:[67] - Fetch commands: 0 success, cost: 0ms, totalSlot: 1, currentSlotIndex: 0
[INFO] 2025-10-13 10:28:45.316 +0800 o.a.d.s.m.c.IdSlotBasedCommandFetcher:[67] - Fetch commands: 0 success, cost: 0ms, totalSlot: 1, currentSlotIndex: 0
[INFO] 2025-10-13 10:28:46.319 +0800 o.a.d.s.m.c.IdSlotBasedCommandFetcher:[67] - Fetch commands: 0 success, cost: 0ms, totalSlot: 1, currentSlotIndex: 0
[INFO] 2025-10-13 10:28:47.333 +0800 o.a.d.s.m.c.IdSlotBasedCommandFetcher:[67] - Fetch commands: 0 success, cost: 0ms, totalSlot: 1, currentSlotIndex: 0
[INFO] 2025-10-13 10:28:48.336 +0800 o.a.d.s.m.c.IdSlotBasedCommandFetcher:[67] - Fetch commands: 0 success, cost: 0ms, totalSlot: 1, currentSlotIndex: 0
[INFO] 2025-10-13 10:28:49.303 +0800 o.a.d.s.m.r.t.TaskGroupCoordinator:[187] - Success amend TaskGroupQueue status cost: 0/ms
[INFO] 2025-10-13 10:28:49.303 +0800 o.a.d.s.m.r.t.TaskGroupCoordinator:[241] - Success deal with force start TaskGroupQueue cost: 0/ms
[INFO] 2025-10-13 10:28:49.303 +0800 o.a.d.s.m.r.t.TaskGroupCoordinator:[129] - TaskGroupCoordinator round time cost: 1/ms
[INFO] 2025-10-13 10:28:49.349 +0800 o.a.d.s.m.c.IdSlotBasedCommandFetcher:[67] - Fetch commands: 0 success, cost: 0ms, totalSlot: 1, currentSlotIndex: 0
[INFO] 2025-10-13 10:28:50.355 +0800 o.a.d.s.m.c.IdSlotBasedCommandFetcher:[67] - Fetch commands: 0 success, cost: 0ms, totalSlot: 1, currentSlotIndex: 0
[INFO] 2025-10-13 10:28:51.369 +0800 o.a.d.s.m.c.IdSlotBasedCommandFetcher:[67] - Fetch commands: 0 success, cost: 0ms, totalSlot: 1, currentSlotIndex: 0
[INFO] 2025-10-13 10:28:52.378 +0800 o.a.d.s.m.c.IdSlotBasedCommandFetcher:[67] - Fetch commands: 0 success, cost: 0ms, totalSlot: 1, currentSlotIndex: 0
[INFO] 2025-10-13 10:28:53.391 +0800 o.a.d.s.m.c.IdSlotBasedCommandFetcher:[67] - Fetch commands: 0 success, cost: 0ms, totalSlot: 1, currentSlotIndex: 0
[INFO] 2025-10-13 10:28:54.311 +0800 o.a.d.s.m.r.t.TaskGroupCoordinator:[187] - Success amend TaskGroupQueue status cost: 0/ms
[INFO] 2025-10-13 10:28:54.311 +0800 o.a.d.s.m.r.t.TaskGroupCoordinator:[241] - Success deal with force start TaskGroupQueue cost: 0/ms
[INFO] 2025-10-13 10:28:54.312 +0800 o.a.d.s.m.r.t.TaskGroupCoordinator:[129] - TaskGroupCoordinator round time cost: 0/ms
[INFO] 2025-10-13 10:28:54.394 +0800 o.a.d.s.m.c.IdSlotBasedCommandFetcher:[67] - Fetch commands: 0 success, cost: 0ms, totalSlot: 1, currentSlotIndex: 0
[INFO] 2025-10-13 10:28:55.409 +0800 o.a.d.s.m.c.IdSlotBasedCommandFetcher:[67] - Fetch commands: 0 success, cost: 0ms, totalSlot: 1, currentSlotIndex: 0
[INFO] 2025-10-13 10:28:56.656 +0800 o.a.d.m.m.BaseServerLoadProtection:[43] - OverLoad: the system cpu usage: 1.0 is over then the maxSystemCpuUsagePercentageThresholds 0.9
[WARN] 2025-10-13 10:28:56.657 +0800 o.a.d.s.m.r.MasterSchedulerBootstrap:[120] - The current server is overload, cannot consumes commands.
[INFO] 2025-10-13 10:28:56.682 +0800 o.a.d.m.m.BaseServerLoadProtection:[43] - OverLoad: the system cpu usage: 0.9114293747902513 is over then the maxSystemCpuUsagePercentageThresholds 0.9
[INFO] 2025-10-13 10:28:57.657 +0800 o.a.d.m.m.BaseServerLoadProtection:[43] - OverLoad: the system cpu usage: 0.9114293747902513 is over then the maxSystemCpuUsagePercentageThresholds 0.9
[INFO] 2025-10-13 10:28:57.657 +0800 o.a.d.m.m.BaseServerLoadProtection:[43] - OverLoad: the system cpu usage: 0.9114293747902513 is over then the maxSystemCpuUsagePercentageThresholds 0.9
[WARN] 2025-10-13 10:28:57.657 +0800 o.a.d.s.m.r.MasterSchedulerBootstrap:[120] - The current server is overload, cannot consumes commands.
[WARN] 2025-10-13 10:28:58.333 +0800 o.a.d.s.m.d.h.LowerWeightHostManager:[139] - Worker 10.1.35.13:1234 in workerGroup default is Busy, heartbeat is WorkerHeartBeat(workerHostWeight=100, threadPoolUsage=0)
[INFO] 2025-10-13 10:28:58.668 +0800 o.a.d.s.m.c.IdSlotBasedCommandFetcher:[67] - Fetch commands: 0 success, cost: 0ms, totalSlot: 1, currentSlotIndex: 0
[INFO] 2025-10-13 10:28:59.326 +0800 o.a.d.s.m.r.t.TaskGroupCoordinator:[187] - Success amend TaskGroupQueue status cost: 0/ms
[INFO] 2025-10-13 10:28:59.326 +0800 o.a.d.s.m.r.t.TaskGroupCoordinator:[241] - Success deal with force start TaskGroupQueue cost: 0/ms
[INFO] 2025-10-13 10:28:59.326 +0800 o.a.d.s.m.r.t.TaskGroupCoordinator:[129] - TaskGroupCoordinator round time cost: 1/ms
[INFO] 2025-10-13 10:28:59.670 +0800 o.a.d.s.m.c.IdSlotBasedCommandFetcher:[67] - Fetch commands: 0 success, cost: 0ms, totalSlot: 1, currentSlotIndex: 0
[INFO] 2025-10-13 10:29:00.678 +0800 o.a.d.s.m.c.IdSlotBasedCommandFetcher:[67] - Fetch commands: 0 success, cost: 0ms, totalSlot: 1, currentSlotIndex: 0
[INFO] 2025-10-13 10:29:01.695 +0800 o.a.d.s.m.c.IdSlotBasedCommandFetcher:[67] - Fetch commands: 0 success, cost: 0ms, totalSlot: 1, currentSlotIndex: 0
[INFO] 2025-10-13 10:29:02.697 +0800 o.a.d.s.m.c.IdSlotBasedCommandFetcher:[67] - Fetch commands: 0 success, cost: 0ms, totalSlot: 1, currentSlotIndex: 0
[INFO] 2025-10-13 10:29:03.712 +0800 o.a.d.s.m.c.IdSlotBasedCommandFetcher:[67] - Fetch commands: 0 success, cost: 0ms, totalSlot: 1, currentSlotIndex: 0
[INFO] 2025-10-13 10:29:04.347 +0800 o.a.d.s.m.r.t.TaskGroupCoordinator:[187] - Success amend TaskGroupQueue status cost: 0/ms
[INFO] 2025-10-13 10:29:04.347 +0800 o.a.d.s.m.r.t.TaskGroupCoordinator:[241] - Success deal with force start TaskGroupQueue cost: 0/ms
[INFO] 2025-10-13 10:29:04.348 +0800 o.a.d.s.m.r.t.TaskGroupCoordinator:[129] - TaskGroupCoordinator round time cost: 1/ms
[INFO] 2025-10-13 10:29:04.727 +0800 o.a.d.s.m.c.IdSlotBasedCommandFetcher:[67] - Fetch commands: 0 success, cost: 0ms, totalSlot: 1, currentSlotIndex: 0
[INFO] 2025-10-13 10:29:05.739 +0800 o.a.d.s.m.c.IdSlotBasedCommandFetcher:[67] - Fetch commands: 0 success, cost: 0ms, totalSlot: 1, currentSlotIndex: 0
[INFO] 2025-10-13 10:29:06.742 +0800 o.a.d.s.m.c.IdSlotBasedCommandFetcher:[67] - Fetch commands: 0 success, cost: 1ms, totalSlot: 1, currentSlotIndex: 0
[INFO] 2025-10-13 10:29:07.743 +0800 o.a.d.s.m.c.IdSlotBasedCommandFetcher:[67] - Fetch commands: 0 success, cost: 0ms, totalSlot: 1, currentSlotIndex: 0
[INFO] 2025-10-13 10:29:08.747 +0800 o.a.d.s.m.c.IdSlotBasedCommandFetcher:[67] - Fetch commands: 0 success, cost: 0ms, totalSlot: 1, currentSlotIndex: 0
[INFO] 2025-10-13 10:29:09.360 +0800 o.a.d.s.m.r.t.TaskGroupCoordinator:[187] - Success amend TaskGroupQueue status cost: 0/ms
[INFO] 2025-10-13 10:29:09.360 +0800 o.a.d.s.m.r.t.TaskGroupCoordinator:[241] - Success deal with force start TaskGroupQueue cost: 0/ms
[INFO] 2025-10-13 10:29:09.361 +0800 o.a.d.s.m.r.t.TaskGroupCoordinator:[129] - TaskGroupCoordinator round time cost: 1/ms
[INFO] 2025-10-13 10:29:09.979 +0800 o.a.d.s.m.c.IdSlotBasedCommandFetcher:[67] - Fetch commands: 0 success, cost: 1ms, totalSlot: 1, currentSlotIndex: 0
[INFO] 2025-10-13 10:29:10.987 +0800 o.a.d.s.m.c.IdSlotBasedCommandFetcher:[67] - Fetch commands: 0 success, cost: 0ms, totalSlot: 1, currentSlotIndex: 0
[INFO] 2025-10-13 10:29:11.994 +0800 o.a.d.s.m.c.IdSlotBasedCommandFetcher:[67] - Fetch commands: 0 success, cost: 1ms, totalSlot: 1, currentSlotIndex: 0
[INFO] 2025-10-13 10:29:13.006 +0800 o.a.d.s.m.c.IdSlotBasedCommandFetcher:[67] - Fetch commands: 0 success, cost: 0ms, totalSlot: 1, currentSlotIndex: 0
[INFO] 2025-10-13 10:29:14.014 +0800 o.a.d.s.m.c.IdSlotBasedCommandFetcher:[67] - Fetch commands: 0 success, cost: 0ms, totalSlot: 1, currentSlotIndex: 0
[INFO] 2025-10-13 10:29:14.380 +0800 o.a.d.s.m.r.t.TaskGroupCoordinator:[187] - Success amend TaskGroupQueue status cost: 0/ms
[INFO] 2025-10-13 10:29:14.380 +0800 o.a.d.s.m.r.t.TaskGroupCoordinator:[241] - Success deal with force start TaskGroupQueue cost: 0/ms
[INFO] 2025-10-13 10:29:14.380 +0800 o.a.d.s.m.r.t.TaskGroupCoordinator:[129] - TaskGroupCoordinator round time cost: 0/ms
[INFO] 2025-10-13 10:29:15.025 +0800 o.a.d.s.m.c.IdSlotBasedCommandFetcher:[67] - Fetch commands: 0 success, cost: 0ms, totalSlot: 1, currentSlotIndex: 0
[INFO] 2025-10-13 10:29:16.040 +0800 o.a.d.s.m.c.IdSlotBasedCommandFetcher:[67] - Fetch commands: 0 success, cost: 1ms, totalSlot: 1, currentSlotIndex: 0
[INFO] 2025-10-13 10:29:17.043 +0800 o.a.d.s.m.c.IdSlotBasedCommandFetcher:[67] - Fetch commands: 0 success, cost: 0ms, totalSlot: 1, currentSlotIndex: 0
[INFO] 2025-10-13 10:29:18.053 +0800 o.a.d.s.m.c.IdSlotBasedCommandFetcher:[67] - Fetch commands: 0 success, cost: 0ms, totalSlot: 1, currentSlotIndex: 0
[INFO] 2025-10-13 10:29:19.058 +0800 o.a.d.s.m.c.IdSlotBasedCommandFetcher:[67] - Fetch commands: 0 success, cost: 0ms, totalSlot: 1, currentSlotIndex: 0
[INFO] 2025-10-13 10:29:19.385 +0800 o.a.d.s.m.r.t.TaskGroupCoordinator:[187] - Success amend TaskGroupQueue status cost: 0/ms
[INFO] 2025-10-13 10:29:19.386 +0800 o.a.d.s.m.r.t.TaskGroupCoordinator:[241] - Success deal with force start TaskGroupQueue cost: 0/ms
[INFO] 2025-10-13 10:29:19.386 +0800 o.a.d.s.m.r.t.TaskGroupCoordinator:[129] - TaskGroupCoordinator round time cost: 1/ms
[INFO] 2025-10-13 10:29:20.072 +0800 o.a.d.s.m.c.IdSlotBasedCommandFetcher:[67] - Fetch commands: 0 success, cost: 0ms, totalSlot: 1, currentSlotIndex: 0
[INFO] 2025-10-13 10:29:21.084 +0800 o.a.d.s.m.c.IdSlotBasedCommandFetcher:[67] - Fetch commands: 0 success, cost: 0ms, totalSlot: 1, currentSlotIndex: 0
[INFO] 2025-10-13 10:29:22.095 +0800 o.a.d.s.m.c.IdSlotBasedCommandFetcher:[67] - Fetch commands: 0 success, cost: 0ms, totalSlot: 1, currentSlotIndex: 0
[INFO] 2025-10-13 10:29:23.106 +0800 o.a.d.s.m.c.IdSlotBasedCommandFetcher:[67] - Fetch commands: 0 success, cost: 0ms, totalSlot: 1, currentSlotIndex: 0
[INFO] 2025-10-13 10:29:24.109 +0800 o.a.d.s.m.c.IdSlotBasedCommandFetcher:[67] - Fetch commands: 0 success, cost: 0ms, totalSlot: 1, currentSlotIndex: 0
[INFO] 2025-10-13 10:29:24.404 +0800 o.a.d.s.m.r.t.TaskGroupCoordinator:[187] - Success amend TaskGroupQueue status cost: 0/ms
[INFO] 2025-10-13 10:29:24.404 +0800 o.a.d.s.m.r.t.TaskGroupCoordinator:[241] - Success deal with force start TaskGroupQueue cost: 0/ms
[INFO] 2025-10-13 10:29:24.404 +0800 o.a.d.s.m.r.t.TaskGroupCoordinator:[129] - TaskGroupCoordinator round time cost: 0/ms
[INFO] 2025-10-13 10:29:25.120 +0800 o.a.d.s.m.c.IdSlotBasedCommandFetcher:[67] - Fetch commands: 0 success, cost: 0ms, totalSlot: 1, currentSlotIndex: 0
[INFO] 2025-10-13 10:29:26.129 +0800 o.a.d.s.m.c.IdSlotBasedCommandFetcher:[67] - Fetch commands: 0 success, cost: 0ms, totalSlot: 1, currentSlotIndex: 0
[INFO] 2025-10-13 10:29:27.135 +0800 o.a.d.s.m.c.IdSlotBasedCommandFetcher:[67] - Fetch commands: 0 success, cost: 0ms, totalSlot: 1, currentSlotIndex: 0
[INFO] 2025-10-13 10:29:28.141 +0800 o.a.d.s.m.c.IdSlotBasedCommandFetcher:[67] - Fetch commands: 0 success, cost: 0ms, totalSlot: 1, currentSlotIndex: 0
[INFO] 2025-10-13 10:29:29.154 +0800 o.a.d.s.m.c.IdSlotBasedCommandFetcher:[67] - Fetch commands: 0 success, cost: 1ms, totalSlot: 1, currentSlotIndex: 0
[INFO] 2025-10-13 10:29:29.410 +0800 o.a.d.s.m.r.t.TaskGroupCoordinator:[187] - Success amend TaskGroupQueue status cost: 0/ms
[INFO] 2025-10-13 10:29:29.411 +0800 o.a.d.s.m.r.t.TaskGroupCoordinator:[241] - Success deal with force start TaskGroupQueue cost: 0/ms
[INFO] 2025-10-13 10:29:29.411 +0800 o.a.d.s.m.r.t.TaskGroupCoordinator:[129] - TaskGroupCoordinator round time cost: 1/ms
[INFO] 2025-10-13 10:29:30.162 +0800 o.a.d.s.m.c.IdSlotBasedCommandFetcher:[67] - Fetch commands: 0 success, cost: 0ms, totalSlot: 1, currentSlotIndex: 0
[INFO] 2025-10-13 10:29:31.176 +0800 o.a.d.s.m.c.IdSlotBasedCommandFetcher:[67] - Fetch commands: 0 success, cost: 0ms, totalSlot: 1, currentSlotIndex: 0
[INFO] 2025-10-13 10:29:32.179 +0800 o.a.d.s.m.c.IdSlotBasedCommandFetcher:[67] - Fetch commands: 0 success, cost: 0ms, totalSlot: 1, currentSlotIndex: 0
[INFO] 2025-10-13 10:29:33.184 +0800 o.a.d.s.m.c.IdSlotBasedCommandFetcher:[67] - Fetch commands: 0 success, cost: 0ms, totalSlot: 1, currentSlotIndex: 0
[INFO] 2025-10-13 10:29:34.396 +0800 o.a.d.s.m.c.IdSlotBasedCommandFetcher:[67] - Fetch commands: 0 success, cost: 0ms, totalSlot: 1, currentSlotIndex: 0
[INFO] 2025-10-13 10:29:34.421 +0800 o.a.d.s.m.r.t.TaskGroupCoordinator:[187] - Success amend TaskGroupQueue status cost: 0/ms
[INFO] 2025-10-13 10:29:34.421 +0800 o.a.d.s.m.r.t.TaskGroupCoordinator:[241] - Success deal with force start TaskGroupQueue cost: 0/ms
[INFO] 2025-10-13 10:29:34.421 +0800 o.a.d.s.m.r.t.TaskGroupCoordinator:[129] - TaskGroupCoordinator round time cost: 1/ms
[INFO] 2025-10-13 10:29:35.482 +0800 o.a.d.s.m.c.IdSlotBasedCommandFetcher:[67] - Fetch commands: 0 success, cost: 0ms, totalSlot: 1, currentSlotIndex: 0
[INFO] 2025-10-13 10:29:36.563 +0800 o.a.d.s.m.c.IdSlotBasedCommandFetcher:[67] - Fetch commands: 0 success, cost: 0ms, totalSlot: 1, currentSlotIndex: 0
[INFO] 2025-10-13 10:29:37.651 +0800 o.a.d.s.m.c.IdSlotBasedCommandFetcher:[67] - Fetch commands: 0 success, cost: 0ms, totalSlot: 1, currentSlotIndex: 0
[INFO] 2025-10-13 10:29:38.808 +0800 o.a.d.s.m.c.IdSlotBasedCommandFetcher:[67] - Fetch commands: 0 success, cost: 0ms, totalSlot: 1, currentSlotIndex: 0
[INFO] 2025-10-13 10:29:39.440 +0800 o.a.d.s.m.r.t.TaskGroupCoordinator:[187] - Success amend TaskGroupQueue status cost: 0/ms
[INFO] 2025-10-13 10:29:39.440 +0800 o.a.d.s.m.r.t.TaskGroupCoordinator:[241] - Success deal with force start TaskGroupQueue cost: 0/ms
[INFO] 2025-10-13 10:29:39.441 +0800 o.a.d.s.m.r.t.TaskGroupCoordinator:[129] - TaskGroupCoordinator round time cost: 1/ms
[INFO] 2025-10-13 10:29:39.817 +0800 o.a.d.s.m.c.IdSlotBasedCommandFetcher:[67] - Fetch commands: 0 success, cost: 0ms, totalSlot: 1, currentSlotIndex: 0
[INFO] 2025-10-13 10:29:40.822 +0800 o.a.d.s.m.c.IdSlotBasedCommandFetcher:[67] - Fetch commands: 0 success, cost: 0ms, totalSlot: 1, currentSlotIndex: 0
[INFO] 2025-10-13 10:29:41.833 +0800 o.a.d.s.m.c.IdSlotBasedCommandFetcher:[67] - Fetch commands: 0 success, cost: 0ms, totalSlot: 1, currentSlotIndex: 0
[INFO] 2025-10-13 10:29:42.837 +0800 o.a.d.s.m.c.IdSlotBasedCommandFetcher:[67] - Fetch commands: 0 success, cost: 0ms, totalSlot: 1, currentSlotIndex: 0
[INFO] 2025-10-13 10:29:43.850 +0800 o.a.d.s.m.c.IdSlotBasedCommandFetcher:[67] - Fetch commands: 0 success, cost: 0ms, totalSlot: 1, currentSlotIndex: 0
[INFO] 2025-10-13 10:29:44.465 +0800 o.a.d.s.m.r.t.TaskGroupCoordinator:[187] - Success amend TaskGroupQueue status cost: 0/ms
[INFO] 2025-10-13 10:29:44.465 +0800 o.a.d.s.m.r.t.TaskGroupCoordinator:[241] - Success deal with force start TaskGroupQueue cost: 0/ms
[INFO] 2025-10-13 10:29:44.465 +0800 o.a.d.s.m.r.t.TaskGroupCoordinator:[129] - TaskGroupCoordinator round time cost: 0/ms
[INFO] 2025-10-13 10:29:44.857 +0800 o.a.d.s.m.c.IdSlotBasedCommandFetcher:[67] - Fetch commands: 0 success, cost: 0ms, totalSlot: 1, currentSlotIndex: 0
[INFO] 2025-10-13 10:29:45.862 +0800 o.a.d.s.m.c.IdSlotBasedCommandFetcher:[67] - Fetch commands: 0 success, cost: 0ms, totalSlot: 1, currentSlotIndex: 0
[INFO] 2025-10-13 10:29:46.876 +0800 o.a.d.s.m.c.IdSlotBasedCommandFetcher:[67] - Fetch commands: 0 success, cost: 0ms, totalSlot: 1, currentSlotIndex: 0
[INFO] 2025-10-13 10:29:47.887 +0800 o.a.d.s.m.c.IdSlotBasedCommandFetcher:[67] - Fetch commands: 0 success, cost: 0ms, totalSlot: 1, currentSlotIndex: 0
[INFO] 2025-10-13 10:29:48.890 +0800 o.a.d.s.m.c.IdSlotBasedCommandFetcher:[67] - Fetch commands: 0 success, cost: 1ms, totalSlot: 1, currentSlotIndex: 0
[INFO] 2025-10-13 10:29:49.475 +0800 o.a.d.s.m.r.t.TaskGroupCoordinator:[187] - Success amend TaskGroupQueue status cost: 0/ms
[INFO] 2025-10-13 10:29:49.475 +0800 o.a.d.s.m.r.t.TaskGroupCoordinator:[241] - Success deal with force start TaskGroupQueue cost: 0/ms
[INFO] 2025-10-13 10:29:49.475 +0800 o.a.d.s.m.r.t.TaskGroupCoordinator:[129] - TaskGroupCoordinator round time cost: 0/ms
[INFO] 2025-10-13 10:29:49.973 +0800 o.a.d.s.m.c.IdSlotBasedCommandFetcher:[67] - Fetch commands: 0 success, cost: 1ms, totalSlot: 1, currentSlotIndex: 0
[INFO] 2025-10-13 10:29:51.065 +0800 o.a.d.s.m.c.IdSlotBasedCommandFetcher:[67] - Fetch commands: 0 success, cost: 0ms, totalSlot: 1, currentSlotIndex: 0
[INFO] 2025-10-13 10:29:52.151 +0800 o.a.d.s.m.c.IdSlotBasedCommandFetcher:[67] - Fetch commands: 0 success, cost: 1ms, totalSlot: 1, currentSlotIndex: 0
[INFO] 2025-10-13 10:29:53.245 +0800 o.a.d.s.m.c.IdSlotBasedCommandFetcher:[67] - Fetch commands: 0 success, cost: 0ms, totalSlot: 1, currentSlotIndex: 0
[INFO] 2025-10-13 10:29:54.330 +0800 o.a.d.s.m.c.IdSlotBasedCommandFetcher:[67] - Fetch commands: 0 success, cost: 0ms, totalSlot: 1, currentSlotIndex: 0
[INFO] 2025-10-13 10:29:54.483 +0800 o.a.d.s.m.r.t.TaskGroupCoordinator:[187] - Success amend TaskGroupQueue status cost: 0/ms
[INFO] 2025-10-13 10:29:54.484 +0800 o.a.d.s.m.r.t.TaskGroupCoordinator:[241] - Success deal with force start TaskGroupQueue cost: 0/ms
[INFO] 2025-10-13 10:29:54.484 +0800 o.a.d.s.m.r.t.TaskGroupCoordinator:[129] - TaskGroupCoordinator round time cost: 0/ms
[INFO] 2025-10-13 10:29:55.403 +0800 o.a.d.s.m.c.IdSlotBasedCommandFetcher:[67] - Fetch commands: 0 success, cost: 1ms, totalSlot: 1, currentSlotIndex: 0
[INFO] 2025-10-13 10:29:56.495 +0800 o.a.d.s.m.c.IdSlotBasedCommandFetcher:[67] - Fetch commands: 0 success, cost: 0ms, totalSlot: 1, currentSlotIndex: 0
[INFO] 2025-10-13 10:29:57.578 +0800 o.a.d.s.m.c.IdSlotBasedCommandFetcher:[67] - Fetch commands: 0 success, cost: 0ms, totalSlot: 1, currentSlotIndex: 0
[INFO] 2025-10-13 10:29:58.676 +0800 o.a.d.s.m.c.IdSlotBasedCommandFetcher:[67] - Fetch commands: 0 success, cost: 0ms, totalSlot: 1, currentSlotIndex: 0
[INFO] 2025-10-13 10:29:59.501 +0800 o.a.d.s.m.r.t.TaskGroupCoordinator:[187] - Success amend TaskGroupQueue status cost: 0/ms
[INFO] 2025-10-13 10:29:59.501 +0800 o.a.d.s.m.r.t.TaskGroupCoordinator:[241] - Success deal with force start TaskGroupQueue cost: 0/ms
[INFO] 2025-10-13 10:29:59.502 +0800 o.a.d.s.m.r.t.TaskGroupCoordinator:[129] - TaskGroupCoordinator round time cost: 1/ms
[INFO] 2025-10-13 10:29:59.919 +0800 o.a.d.s.m.c.IdSlotBasedCommandFetcher:[67] - Fetch commands: 0 success, cost: 2ms, totalSlot: 1, currentSlotIndex: 0
[INFO] 2025-10-13 10:30:00.920 +0800 o.a.d.s.m.c.IdSlotBasedCommandFetcher:[67] - Fetch commands: 0 success, cost: 0ms, totalSlot: 1, currentSlotIndex: 0
[INFO] 2025-10-13 10:30:01.922 +0800 o.a.d.s.m.c.IdSlotBasedCommandFetcher:[67] - Fetch commands: 0 success, cost: 0ms, totalSlot: 1, currentSlotIndex: 0
[INFO] 2025-10-13 10:30:02.925 +0800 o.a.d.s.m.c.IdSlotBasedCommandFetcher:[67] - Fetch commands: 0 success, cost: 1ms, totalSlot: 1, currentSlotIndex: 0
[INFO] 2025-10-13 10:30:03.935 +0800 o.a.d.s.m.c.IdSlotBasedCommandFetcher:[67] - Fetch commands: 0 success, cost: 0ms, totalSlot: 1, currentSlotIndex: 0
[INFO] 2025-10-13 10:30:04.513 +0800 o.a.d.s.m.r.t.TaskGroupCoordinator:[187] - Success amend TaskGroupQueue status cost: 0/ms
[INFO] 2025-10-13 10:30:04.514 +0800 o.a.d.s.m.r.t.TaskGroupCoordinator:[241] - Success deal with force start TaskGroupQueue cost: 0/ms
[INFO] 2025-10-13 10:30:04.514 +0800 o.a.d.s.m.r.t.TaskGroupCoordinator:[129] - TaskGroupCoordinator round time cost: 0/ms
[INFO] 2025-10-13 10:30:04.942 +0800 o.a.d.s.m.c.IdSlotBasedCommandFetcher:[67] - Fetch commands: 0 success, cost: 0ms, totalSlot: 1, currentSlotIndex: 0
[INFO] 2025-10-13 10:30:05.947 +0800 o.a.d.s.m.c.IdSlotBasedCommandFetcher:[67] - Fetch commands: 0 success, cost: 0ms, totalSlot: 1, currentSlotIndex: 0
[INFO] 2025-10-13 10:30:06.956 +0800 o.a.d.s.m.c.IdSlotBasedCommandFetcher:[67] - Fetch commands: 0 success, cost: 0ms, totalSlot: 1, currentSlotIndex: 0
[INFO] 2025-10-13 10:30:07.957 +0800 o.a.d.s.m.c.IdSlotBasedCommandFetcher:[67] - Fetch commands: 0 success, cost: 0ms, totalSlot: 1, currentSlotIndex: 0
[INFO] 2025-10-13 10:30:08.959 +0800 o.a.d.s.m.c.IdSlotBasedCommandFetcher:[67] - Fetch commands: 0 success, cost: 0ms, totalSlot: 1, currentSlotIndex: 0
[INFO] 2025-10-13 10:30:09.521 +0800 o.a.d.s.m.r.t.TaskGroupCoordinator:[187] - Success amend TaskGroupQueue status cost: 0/ms
[INFO] 2025-10-13 10:30:09.522 +0800 o.a.d.s.m.r.t.TaskGroupCoordinator:[241] - Success deal with force start TaskGroupQueue cost: 0/ms
[INFO] 2025-10-13 10:30:09.522 +0800 o.a.d.s.m.r.t.TaskGroupCoordinator:[129] - TaskGroupCoordinator round time cost: 0/ms
[INFO] 2025-10-13 10:30:09.959 +0800 o.a.d.s.m.c.IdSlotBasedCommandFetcher:[67] - Fetch commands: 0 success, cost: 0ms, totalSlot: 1, currentSlotIndex: 0
[INFO] 2025-10-13 10:30:10.959 +0800 o.a.d.s.m.c.IdSlotBasedCommandFetcher:[67] - Fetch commands: 0 success, cost: 0ms, totalSlot: 1, currentSlotIndex: 0
[INFO] 2025-10-13 10:30:11.960 +0800 o.a.d.s.m.c.IdSlotBasedCommandFetcher:[67] - Fetch commands: 0 success, cost: 0ms, totalSlot: 1, currentSlotIndex: 0
[INFO] 2025-10-13 10:30:13.134 +0800 o.a.d.s.m.c.IdSlotBasedCommandFetcher:[67] - Fetch commands: 0 success, cost: 0ms, totalSlot: 1, currentSlotIndex: 0
[INFO] 2025-10-13 10:30:14.134 +0800 o.a.d.s.m.c.IdSlotBasedCommandFetcher:[67] - Fetch commands: 0 success, cost: 0ms, totalSlot: 1, currentSlotIndex: 0
[INFO] 2025-10-13 10:30:14.526 +0800 o.a.d.s.m.r.t.TaskGroupCoordinator:[187] - Success amend TaskGroupQueue status cost: 0/ms
[INFO] 2025-10-13 10:30:14.528 +0800 o.a.d.s.m.r.t.TaskGroupCoordinator:[241] - Success deal with force start TaskGroupQueue cost: 0/ms
[INFO] 2025-10-13 10:30:14.528 +0800 o.a.d.s.m.r.t.TaskGroupCoordinator:[129] - TaskGroupCoordinator round time cost: 0/ms
[INFO] 2025-10-13 10:30:15.134 +0800 o.a.d.s.m.c.IdSlotBasedCommandFetcher:[67] - Fetch commands: 0 success, cost: 0ms, totalSlot: 1, currentSlotIndex: 0
[INFO] 2025-10-13 10:30:16.149 +0800 o.a.d.s.m.c.IdSlotBasedCommandFetcher:[67] - Fetch commands: 0 success, cost: 0ms, totalSlot: 1, currentSlotIndex: 0
[INFO] 2025-10-13 10:30:17.165 +0800 o.a.d.s.m.c.IdSlotBasedCommandFetcher:[67] - Fetch commands: 0 success, cost: 0ms, totalSlot: 1, currentSlotIndex: 0
[INFO] 2025-10-13 10:30:18.173 +0800 o.a.d.s.m.c.IdSlotBasedCommandFetcher:[67] - Fetch commands: 0 success, cost: 0ms, totalSlot: 1, currentSlotIndex: 0
[INFO] 2025-10-13 10:30:19.189 +0800 o.a.d.s.m.c.IdSlotBasedCommandFetcher:[67] - Fetch commands: 0 success, cost: 0ms, totalSlot: 1, currentSlotIndex: 0
[INFO] 2025-10-13 10:30:19.532 +0800 o.a.d.s.m.r.t.TaskGroupCoordinator:[187] - Success amend TaskGroupQueue status cost: 0/ms
[INFO] 2025-10-13 10:30:19.532 +0800 o.a.d.s.m.r.t.TaskGroupCoordinator:[241] - Success deal with force start TaskGroupQueue cost: 0/ms
[INFO] 2025-10-13 10:30:19.532 +0800 o.a.d.s.m.r.t.TaskGroupCoordinator:[129] - TaskGroupCoordinator round time cost: 0/ms
[INFO] 2025-10-13 10:30:20.197 +0800 o.a.d.s.m.c.IdSlotBasedCommandFetcher:[67] - Fetch commands: 0 success, cost: 0ms, totalSlot: 1, currentSlotIndex: 0
[INFO] 2025-10-13 10:30:21.210 +0800 o.a.d.s.m.c.IdSlotBasedCommandFetcher:[67] - Fetch commands: 0 success, cost: 1ms, totalSlot: 1, currentSlotIndex: 0
[INFO] 2025-10-13 10:30:22.211 +0800 o.a.d.s.m.c.IdSlotBasedCommandFetcher:[67] - Fetch commands: 0 success, cost: 0ms, totalSlot: 1, currentSlotIndex: 0
[INFO] 2025-10-13 10:30:23.220 +0800 o.a.d.s.m.c.IdSlotBasedCommandFetcher:[67] - Fetch commands: 0 success, cost: 0ms, totalSlot: 1, currentSlotIndex: 0
[INFO] 2025-10-13 10:30:24.230 +0800 o.a.d.s.m.c.IdSlotBasedCommandFetcher:[67] - Fetch commands: 0 success, cost: 0ms, totalSlot: 1, currentSlotIndex: 0
[INFO] 2025-10-13 10:30:24.548 +0800 o.a.d.s.m.r.t.TaskGroupCoordinator:[187] - Success amend TaskGroupQueue status cost: 0/ms
[INFO] 2025-10-13 10:30:24.549 +0800 o.a.d.s.m.r.t.TaskGroupCoordinator:[241] - Success deal with force start TaskGroupQueue cost: 0/ms
[INFO] 2025-10-13 10:30:24.549 +0800 o.a.d.s.m.r.t.TaskGroupCoordinator:[129] - TaskGroupCoordinator round time cost: 0/ms
[INFO] 2025-10-13 10:30:25.242 +0800 o.a.d.s.m.c.IdSlotBasedCommandFetcher:[67] - Fetch commands: 0 success, cost: 0ms, totalSlot: 1, currentSlotIndex: 0
[INFO] 2025-10-13 10:30:26.456 +0800 o.a.d.s.m.c.IdSlotBasedCommandFetcher:[67] - Fetch commands: 0 success, cost: 1ms, totalSlot: 1, currentSlotIndex: 0
[INFO] 2025-10-13 10:30:27.541 +0800 o.a.d.s.m.c.IdSlotBasedCommandFetcher:[67] - Fetch commands: 0 success, cost: 0ms, totalSlot: 1, currentSlotIndex: 0
[INFO] 2025-10-13 10:30:28.644 +0800 o.a.d.s.m.c.IdSlotBasedCommandFetcher:[67] - Fetch commands: 0 success, cost: 0ms, totalSlot: 1, currentSlotIndex: 0
[INFO] 2025-10-13 10:30:29.567 +0800 o.a.d.s.m.r.t.TaskGroupCoordinator:[187] - Success amend TaskGroupQueue status cost: 0/ms
[INFO] 2025-10-13 10:30:29.568 +0800 o.a.d.s.m.r.t.TaskGroupCoordinator:[241] - Success deal with force start TaskGroupQueue cost: 0/ms
[INFO] 2025-10-13 10:30:29.568 +0800 o.a.d.s.m.r.t.TaskGroupCoordinator:[129] - TaskGroupCoordinator round time cost: 1/ms
[INFO] 2025-10-13 10:30:29.737 +0800 o.a.d.s.m.c.IdSlotBasedCommandFetcher:[67] - Fetch commands: 0 success, cost: 0ms, totalSlot: 1, currentSlotIndex: 0
[INFO] 2025-10-13 10:30:30.818 +0800 o.a.d.s.m.c.IdSlotBasedCommandFetcher:[67] - Fetch commands: 0 success, cost: 0ms, totalSlot: 1, currentSlotIndex: 0
[INFO] 2025-10-13 10:30:31.918 +0800 o.a.d.s.m.c.IdSlotBasedCommandFetcher:[67] - Fetch commands: 0 success, cost: 0ms, totalSlot: 1, currentSlotIndex: 0
[INFO] 2025-10-13 10:30:32.999 +0800 o.a.d.s.m.c.IdSlotBasedCommandFetcher:[67] - Fetch commands: 0 success, cost: 1ms, totalSlot: 1, currentSlotIndex: 0
[INFO] 2025-10-13 10:30:34.079 +0800 o.a.d.s.m.c.IdSlotBasedCommandFetcher:[67] - Fetch commands: 0 success, cost: 0ms, totalSlot: 1, currentSlotIndex: 0
[INFO] 2025-10-13 10:30:34.582 +0800 o.a.d.s.m.r.t.TaskGroupCoordinator:[187] - Success amend TaskGroupQueue status cost: 0/ms
[INFO] 2025-10-13 10:30:34.582 +0800 o.a.d.s.m.r.t.TaskGroupCoordinator:[241] - Success deal with force start TaskGroupQueue cost: 0/ms
[INFO] 2025-10-13 10:30:34.582 +0800 o.a.d.s.m.r.t.TaskGroupCoordinator:[129] - TaskGroupCoordinator round time cost: 1/ms
[INFO] 2025-10-13 10:30:35.162 +0800 o.a.d.s.m.c.IdSlotBasedCommandFetcher:[67] - Fetch commands: 0 success, cost: 0ms, totalSlot: 1, currentSlotIndex: 0
[INFO] 2025-10-13 10:30:36.246 +0800 o.a.d.s.m.c.IdSlotBasedCommandFetcher:[67] - Fetch commands: 0 success, cost: 0ms, totalSlot: 1, currentSlotIndex: 0
[INFO] 2025-10-13 10:30:37.330 +0800 o.a.d.s.m.c.IdSlotBasedCommandFetcher:[67] - Fetch commands: 0 success, cost: 0ms, totalSlot: 1, currentSlotIndex: 0
[INFO] 2025-10-13 10:30:38.516 +0800 o.a.d.s.m.c.IdSlotBasedCommandFetcher:[67] - Fetch commands: 0 success, cost: 0ms, totalSlot: 1, currentSlotIndex: 0
[INFO] 2025-10-13 10:30:39.518 +0800 o.a.d.s.m.c.IdSlotBasedCommandFetcher:[67] - Fetch commands: 0 success, cost: 0ms, totalSlot: 1, currentSlotIndex: 0
[INFO] 2025-10-13 10:30:39.594 +0800 o.a.d.s.m.r.t.TaskGroupCoordinator:[187] - Success amend TaskGroupQueue status cost: 0/ms
[INFO] 2025-10-13 10:30:39.595 +0800 o.a.d.s.m.r.t.TaskGroupCoordinator:[241] - Success deal with force start TaskGroupQueue cost: 0/ms
[INFO] 2025-10-13 10:30:39.595 +0800 o.a.d.s.m.r.t.TaskGroupCoordinator:[129] - TaskGroupCoordinator round time cost: 1/ms
[INFO] 2025-10-13 10:30:40.519 +0800 o.a.d.s.m.c.IdSlotBasedCommandFetcher:[67] - Fetch commands: 0 success, cost: 0ms, totalSlot: 1, currentSlotIndex: 0
[INFO] 2025-10-13 10:30:41.528 +0800 o.a.d.s.m.c.IdSlotBasedCommandFetcher:[67] - Fetch commands: 0 success, cost: 0ms, totalSlot: 1, currentSlotIndex: 0
[INFO] 2025-10-13 10:30:42.532 +0800 o.a.d.s.m.c.IdSlotBasedCommandFetcher:[67] - Fetch commands: 0 success, cost: 0ms, totalSlot: 1, currentSlotIndex: 0
[INFO] 2025-10-13 10:30:43.535 +0800 o.a.d.s.m.c.IdSlotBasedCommandFetcher:[67] - Fetch commands: 0 success, cost: 0ms, totalSlot: 1, currentSlotIndex: 0
[INFO] 2025-10-13 10:30:44.549 +0800 o.a.d.s.m.c.IdSlotBasedCommandFetcher:[67] - Fetch commands: 0 success, cost: 0ms, totalSlot: 1, currentSlotIndex: 0
[INFO] 2025-10-13 10:30:44.619 +0800 o.a.d.s.m.r.t.TaskGroupCoordinator:[187] - Success amend TaskGroupQueue status cost: 0/ms
[INFO] 2025-10-13 10:30:44.619 +0800 o.a.d.s.m.r.t.TaskGroupCoordinator:[241] - Success deal with force start TaskGroupQueue cost: 0/ms
[INFO] 2025-10-13 10:30:44.619 +0800 o.a.d.s.m.r.t.TaskGroupCoordinator:[129] - TaskGroupCoordinator round time cost: 0/ms
[INFO] 2025-10-13 10:30:45.563 +0800 o.a.d.s.m.c.IdSlotBasedCommandFetcher:[67] - Fetch commands: 0 success, cost: 1ms, totalSlot: 1, currentSlotIndex: 0
[INFO] 2025-10-13 10:30:46.571 +0800 o.a.d.s.m.c.IdSlotBasedCommandFetcher:[67] - Fetch commands: 0 success, cost: 0ms, totalSlot: 1, currentSlotIndex: 0
[INFO] 2025-10-13 10:30:47.581 +0800 o.a.d.s.m.c.IdSlotBasedCommandFetcher:[67] - Fetch commands: 0 success, cost: 0ms, totalSlot: 1, currentSlotIndex: 0
[INFO] 2025-10-13 10:30:48.583 +0800 o.a.d.s.m.c.IdSlotBasedCommandFetcher:[67] - Fetch commands: 0 success, cost: 0ms, totalSlot: 1, currentSlotIndex: 0
[INFO] 2025-10-13 10:30:49.593 +0800 o.a.d.s.m.c.IdSlotBasedCommandFetcher:[67] - Fetch commands: 0 success, cost: 0ms, totalSlot: 1, currentSlotIndex: 0
[INFO] 2025-10-13 10:30:49.632 +0800 o.a.d.s.m.r.t.TaskGroupCoordinator:[187] - Success amend TaskGroupQueue status cost: 0/ms
[INFO] 2025-10-13 10:30:49.636 +0800 o.a.d.s.m.r.t.TaskGroupCoordinator:[241] - Success deal with force start TaskGroupQueue cost: 0/ms
[INFO] 2025-10-13 10:30:49.636 +0800 o.a.d.s.m.r.t.TaskGroupCoordinator:[129] - TaskGroupCoordinator round time cost: 1/ms
[INFO] 2025-10-13 10:30:50.604 +0800 o.a.d.s.m.c.IdSlotBasedCommandFetcher:[67] - Fetch commands: 0 success, cost: 0ms, totalSlot: 1, currentSlotIndex: 0
[INFO] 2025-10-13 10:30:51.973 +0800 o.a.d.s.m.c.IdSlotBasedCommandFetcher:[67] - Fetch commands: 0 success, cost: 0ms, totalSlot: 1, currentSlotIndex: 0
[INFO] 2025-10-13 10:30:53.066 +0800 o.a.d.s.m.c.IdSlotBasedCommandFetcher:[67] - Fetch commands: 0 success, cost: 0ms, totalSlot: 1, currentSlotIndex: 0
[INFO] 2025-10-13 10:30:54.166 +0800 o.a.d.s.m.c.IdSlotBasedCommandFetcher:[67] - Fetch commands: 0 success, cost: 0ms, totalSlot: 1, currentSlotIndex: 0
[INFO] 2025-10-13 10:30:54.650 +0800 o.a.d.s.m.r.t.TaskGroupCoordinator:[187] - Success amend TaskGroupQueue status cost: 0/ms
[INFO] 2025-10-13 10:30:54.650 +0800 o.a.d.s.m.r.t.TaskGroupCoordinator:[241] - Success deal with force start TaskGroupQueue cost: 0/ms
[INFO] 2025-10-13 10:30:54.650 +0800 o.a.d.s.m.r.t.TaskGroupCoordinator:[129] - TaskGroupCoordinator round time cost: 0/ms
[INFO] 2025-10-13 10:30:55.257 +0800 o.a.d.s.m.c.IdSlotBasedCommandFetcher:[67] - Fetch commands: 0 success, cost: 0ms, totalSlot: 1, currentSlotIndex: 0
[INFO] 2025-10-13 10:30:56.342 +0800 o.a.d.s.m.c.IdSlotBasedCommandFetcher:[67] - Fetch commands: 0 success, cost: 2ms, totalSlot: 1, currentSlotIndex: 0
[INFO] 2025-10-13 10:30:57.447 +0800 o.a.d.s.m.c.IdSlotBasedCommandFetcher:[67] - Fetch commands: 0 success, cost: 0ms, totalSlot: 1, currentSlotIndex: 0
[INFO] 2025-10-13 10:30:58.536 +0800 o.a.d.s.m.c.IdSlotBasedCommandFetcher:[67] - Fetch commands: 0 success, cost: 0ms, totalSlot: 1, currentSlotIndex: 0
[INFO] 2025-10-13 10:30:59.626 +0800 o.a.d.s.m.c.IdSlotBasedCommandFetcher:[67] - Fetch commands: 0 success, cost: 0ms, totalSlot: 1, currentSlotIndex: 0
[INFO] 2025-10-13 10:30:59.662 +0800 o.a.d.s.m.r.t.TaskGroupCoordinator:[187] - Success amend TaskGroupQueue status cost: 0/ms
[INFO] 2025-10-13 10:30:59.662 +0800 o.a.d.s.m.r.t.TaskGroupCoordinator:[241] - Success deal with force start TaskGroupQueue cost: 0/ms
[INFO] 2025-10-13 10:30:59.663 +0800 o.a.d.s.m.r.t.TaskGroupCoordinator:[129] - TaskGroupCoordinator round time cost: 1/ms
[INFO] 2025-10-13 10:31:00.723 +0800 o.a.d.s.m.c.IdSlotBasedCommandFetcher:[67] - Fetch commands: 0 success, cost: 5ms, totalSlot: 1, currentSlotIndex: 0
[INFO] 2025-10-13 10:31:01.837 +0800 o.a.d.s.m.c.IdSlotBasedCommandFetcher:[67] - Fetch commands: 0 success, cost: 0ms, totalSlot: 1, currentSlotIndex: 0
[INFO] 2025-10-13 10:31:02.913 +0800 o.a.d.s.m.c.IdSlotBasedCommandFetcher:[67] - Fetch commands: 0 success, cost: 0ms, totalSlot: 1, currentSlotIndex: 0
[INFO] 2025-10-13 10:31:04.002 +0800 o.a.d.s.m.c.IdSlotBasedCommandFetcher:[67] - Fetch commands: 0 success, cost: 0ms, totalSlot: 1, currentSlotIndex: 0
[INFO] 2025-10-13 10:31:04.676 +0800 o.a.d.s.m.r.t.TaskGroupCoordinator:[187] - Success amend TaskGroupQueue status cost: 0/ms
[INFO] 2025-10-13 10:31:04.677 +0800 o.a.d.s.m.r.t.TaskGroupCoordinator:[241] - Success deal with force start TaskGroupQueue cost: 0/ms
[INFO] 2025-10-13 10:31:04.677 +0800 o.a.d.s.m.r.t.TaskGroupCoordinator:[129] - TaskGroupCoordinator round time cost: 1/ms
[INFO] 2025-10-13 10:31:05.237 +0800 o.a.d.s.m.c.IdSlotBasedCommandFetcher:[67] - Fetch commands: 0 success, cost: 5ms, totalSlot: 1, currentSlotIndex: 0
[INFO] 2025-10-13 10:31:06.238 +0800 o.a.d.s.m.c.IdSlotBasedCommandFetcher:[67] - Fetch commands: 0 success, cost: 0ms, totalSlot: 1, currentSlotIndex: 0
[INFO] 2025-10-13 10:31:07.246 +0800 o.a.d.s.m.c.IdSlotBasedCommandFetcher:[67] - Fetch commands: 0 success, cost: 0ms, totalSlot: 1, currentSlotIndex: 0
[INFO] 2025-10-13 10:31:08.248 +0800 o.a.d.s.m.c.IdSlotBasedCommandFetcher:[67] - Fetch commands: 0 success, cost: 0ms, totalSlot: 1, currentSlotIndex: 0
[INFO] 2025-10-13 10:31:09.249 +0800 o.a.d.s.m.c.IdSlotBasedCommandFetcher:[67] - Fetch commands: 0 success, cost: 0ms, totalSlot: 1, currentSlotIndex: 0
[INFO] 2025-10-13 10:31:09.687 +0800 o.a.d.s.m.r.t.TaskGroupCoordinator:[187] - Success amend TaskGroupQueue status cost: 0/ms
[INFO] 2025-10-13 10:31:09.687 +0800 o.a.d.s.m.r.t.TaskGroupCoordinator:[241] - Success deal with force start TaskGroupQueue cost: 0/ms
[INFO] 2025-10-13 10:31:09.687 +0800 o.a.d.s.m.r.t.TaskGroupCoordinator:[129] - TaskGroupCoordinator round time cost: 1/ms
[INFO] 2025-10-13 10:31:10.249 +0800 o.a.d.s.m.c.IdSlotBasedCommandFetcher:[67] - Fetch commands: 0 success, cost: 0ms, totalSlot: 1, currentSlotIndex: 0
[INFO] 2025-10-13 10:31:11.262 +0800 o.a.d.s.m.c.IdSlotBasedCommandFetcher:[67] - Fetch commands: 0 success, cost: 0ms, totalSlot: 1, currentSlotIndex: 0
[INFO] 2025-10-13 10:31:12.270 +0800 o.a.d.s.m.c.IdSlotBasedCommandFetcher:[67] - Fetch commands: 0 success, cost: 0ms, totalSlot: 1, currentSlotIndex: 0
[INFO] 2025-10-13 10:31:13.282 +0800 o.a.d.s.m.c.IdSlotBasedCommandFetcher:[67] - Fetch commands: 0 success, cost: 0ms, totalSlot: 1, currentSlotIndex: 0
[INFO] 2025-10-13 10:31:14.292 +0800 o.a.d.s.m.c.IdSlotBasedCommandFetcher:[67] - Fetch commands: 0 success, cost: 0ms, totalSlot: 1, currentSlotIndex: 0
[INFO] 2025-10-13 10:31:14.709 +0800 o.a.d.s.m.r.t.TaskGroupCoordinator:[187] - Success amend TaskGroupQueue status cost: 0/ms
[INFO] 2025-10-13 10:31:14.709 +0800 o.a.d.s.m.r.t.TaskGroupCoordinator:[241] - Success deal with force start TaskGroupQueue cost: 0/ms
[INFO] 2025-10-13 10:31:14.709 +0800 o.a.d.s.m.r.t.TaskGroupCoordinator:[129] - TaskGroupCoordinator round time cost: 0/ms
[INFO] 2025-10-13 10:31:15.297 +0800 o.a.d.s.m.c.IdSlotBasedCommandFetcher:[67] - Fetch commands: 0 success, cost: 0ms, totalSlot: 1, currentSlotIndex: 0
[INFO] 2025-10-13 10:31:16.302 +0800 o.a.d.s.m.c.IdSlotBasedCommandFetcher:[67] - Fetch commands: 0 success, cost: 0ms, totalSlot: 1, currentSlotIndex: 0
[INFO] 2025-10-13 10:31:17.542 +0800 o.a.d.s.m.c.IdSlotBasedCommandFetcher:[67] - Fetch commands: 0 success, cost: 0ms, totalSlot: 1, currentSlotIndex: 0
[INFO] 2025-10-13 10:31:18.548 +0800 o.a.d.s.m.c.IdSlotBasedCommandFetcher:[67] - Fetch commands: 0 success, cost: 0ms, totalSlot: 1, currentSlotIndex: 0
[INFO] 2025-10-13 10:31:19.560 +0800 o.a.d.s.m.c.IdSlotBasedCommandFetcher:[67] - Fetch commands: 0 success, cost: 0ms, totalSlot: 1, currentSlotIndex: 0
[INFO] 2025-10-13 10:31:19.716 +0800 o.a.d.s.m.r.t.TaskGroupCoordinator:[187] - Success amend TaskGroupQueue status cost: 0/ms
[INFO] 2025-10-13 10:31:19.717 +0800 o.a.d.s.m.r.t.TaskGroupCoordinator:[241] - Success deal with force start TaskGroupQueue cost: 0/ms
[INFO] 2025-10-13 10:31:19.717 +0800 o.a.d.s.m.r.t.TaskGroupCoordinator:[129] - TaskGroupCoordinator round time cost: 0/ms
[INFO] 2025-10-13 10:31:20.567 +0800 o.a.d.s.m.c.IdSlotBasedCommandFetcher:[67] - Fetch commands: 0 success, cost: 0ms, totalSlot: 1, currentSlotIndex: 0
[INFO] 2025-10-13 10:31:21.576 +0800 o.a.d.s.m.c.IdSlotBasedCommandFetcher:[67] - Fetch commands: 0 success, cost: 0ms, totalSlot: 1, currentSlotIndex: 0
[INFO] 2025-10-13 10:31:22.589 +0800 o.a.d.s.m.c.IdSlotBasedCommandFetcher:[67] - Fetch commands: 0 success, cost: 0ms, totalSlot: 1, currentSlotIndex: 0
[INFO] 2025-10-13 10:31:23.601 +0800 o.a.d.s.m.c.IdSlotBasedCommandFetcher:[67] - Fetch commands: 0 success, cost: 0ms, totalSlot: 1, currentSlotIndex: 0
[INFO] 2025-10-13 10:31:24.612 +0800 o.a.d.s.m.c.IdSlotBasedCommandFetcher:[67] - Fetch commands: 0 success, cost: 0ms, totalSlot: 1, currentSlotIndex: 0
[INFO] 2025-10-13 10:31:24.732 +0800 o.a.d.s.m.r.t.TaskGroupCoordinator:[187] - Success amend TaskGroupQueue status cost: 0/ms
[INFO] 2025-10-13 10:31:24.733 +0800 o.a.d.s.m.r.t.TaskGroupCoordinator:[241] - Success deal with force start TaskGroupQueue cost: 0/ms
[INFO] 2025-10-13 10:31:24.733 +0800 o.a.d.s.m.r.t.TaskGroupCoordinator:[129] - TaskGroupCoordinator round time cost: 0/ms
[INFO] 2025-10-13 10:31:25.614 +0800 o.a.d.s.m.c.IdSlotBasedCommandFetcher:[67] - Fetch commands: 0 success, cost: 0ms, totalSlot: 1, currentSlotIndex: 0
[INFO] 2025-10-13 10:31:26.616 +0800 o.a.d.s.m.c.IdSlotBasedCommandFetcher:[67] - Fetch commands: 0 success, cost: 0ms, totalSlot: 1, currentSlotIndex: 0
[INFO] 2025-10-13 10:31:27.632 +0800 o.a.d.s.m.c.IdSlotBasedCommandFetcher:[67] - Fetch commands: 0 success, cost: 0ms, totalSlot: 1, currentSlotIndex: 0
[INFO] 2025-10-13 10:31:28.645 +0800 o.a.d.s.m.c.IdSlotBasedCommandFetcher:[67] - Fetch commands: 0 success, cost: 0ms, totalSlot: 1, currentSlotIndex: 0
[INFO] 2025-10-13 10:31:29.653 +0800 o.a.d.s.m.c.IdSlotBasedCommandFetcher:[67] - Fetch commands: 0 success, cost: 0ms, totalSlot: 1, currentSlotIndex: 0
[INFO] 2025-10-13 10:31:29.739 +0800 o.a.d.s.m.r.t.TaskGroupCoordinator:[187] - Success amend TaskGroupQueue status cost: 0/ms
[INFO] 2025-10-13 10:31:29.739 +0800 o.a.d.s.m.r.t.TaskGroupCoordinator:[241] - Success deal with force start TaskGroupQueue cost: 0/ms
[INFO] 2025-10-13 10:31:29.739 +0800 o.a.d.s.m.r.t.TaskGroupCoordinator:[129] - TaskGroupCoordinator round time cost: 0/ms
[INFO] 2025-10-13 10:31:30.662 +0800 o.a.d.s.m.c.IdSlotBasedCommandFetcher:[67] - Fetch commands: 0 success, cost: 0ms, totalSlot: 1, currentSlotIndex: 0
[INFO] 2025-10-13 10:31:31.673 +0800 o.a.d.s.m.c.IdSlotBasedCommandFetcher:[67] - Fetch commands: 0 success, cost: 0ms, totalSlot: 1, currentSlotIndex: 0
[INFO] 2025-10-13 10:31:32.678 +0800 o.a.d.s.m.c.IdSlotBasedCommandFetcher:[67] - Fetch commands: 0 success, cost: 1ms, totalSlot: 1, currentSlotIndex: 0
[INFO] 2025-10-13 10:31:33.687 +0800 o.a.d.s.m.c.IdSlotBasedCommandFetcher:[67] - Fetch commands: 0 success, cost: 0ms, totalSlot: 1, currentSlotIndex: 0
[INFO] 2025-10-13 10:31:34.689 +0800 o.a.d.s.m.c.IdSlotBasedCommandFetcher:[67] - Fetch commands: 0 success, cost: 0ms, totalSlot: 1, currentSlotIndex: 0
[INFO] 2025-10-13 10:31:34.757 +0800 o.a.d.s.m.r.t.TaskGroupCoordinator:[187] - Success amend TaskGroupQueue status cost: 0/ms
[INFO] 2025-10-13 10:31:34.758 +0800 o.a.d.s.m.r.t.TaskGroupCoordinator:[241] - Success deal with force start TaskGroupQueue cost: 0/ms
[INFO] 2025-10-13 10:31:34.758 +0800 o.a.d.s.m.r.t.TaskGroupCoordinator:[129] - TaskGroupCoordinator round time cost: 0/ms
[INFO] 2025-10-13 10:31:35.690 +0800 o.a.d.s.m.c.IdSlotBasedCommandFetcher:[67] - Fetch commands: 0 success, cost: 0ms, totalSlot: 1, currentSlotIndex: 0
[INFO] 2025-10-13 10:31:36.692 +0800 o.a.d.s.m.c.IdSlotBasedCommandFetcher:[67] - Fetch commands: 0 success, cost: 0ms, totalSlot: 1, currentSlotIndex: 0
[INFO] 2025-10-13 10:31:37.695 +0800 o.a.d.s.m.c.IdSlotBasedCommandFetcher:[67] - Fetch commands: 0 success, cost: 0ms, totalSlot: 1, currentSlotIndex: 0
[INFO] 2025-10-13 10:31:38.703 +0800 o.a.d.s.m.c.IdSlotBasedCommandFetcher:[67] - Fetch commands: 0 success, cost: 0ms, totalSlot: 1, currentSlotIndex: 0
[INFO] 2025-10-13 10:31:39.707 +0800 o.a.d.s.m.c.IdSlotBasedCommandFetcher:[67] - Fetch commands: 0 success, cost: 0ms, totalSlot: 1, currentSlotIndex: 0
[INFO] 2025-10-13 10:31:39.769 +0800 o.a.d.s.m.r.t.TaskGroupCoordinator:[187] - Success amend TaskGroupQueue status cost: 0/ms
[INFO] 2025-10-13 10:31:39.769 +0800 o.a.d.s.m.r.t.TaskGroupCoordinator:[241] - Success deal with force start TaskGroupQueue cost: 0/ms
[INFO] 2025-10-13 10:31:39.769 +0800 o.a.d.s.m.r.t.TaskGroupCoordinator:[129] - TaskGroupCoordinator round time cost: 0/ms
[INFO] 2025-10-13 10:31:40.900 +0800 o.a.d.s.m.c.IdSlotBasedCommandFetcher:[67] - Fetch commands: 0 success, cost: 0ms, totalSlot: 1, currentSlotIndex: 0
[INFO] 2025-10-13 10:31:42.077 +0800 o.a.d.s.m.c.IdSlotBasedCommandFetcher:[67] - Fetch commands: 0 success, cost: 0ms, totalSlot: 1, currentSlotIndex: 0
[INFO] 2025-10-13 10:31:43.174 +0800 o.a.d.s.m.c.IdSlotBasedCommandFetcher:[67] - Fetch commands: 0 success, cost: 0ms, totalSlot: 1, currentSlotIndex: 0
[INFO] 2025-10-13 10:31:44.258 +0800 o.a.d.s.m.c.IdSlotBasedCommandFetcher:[67] - Fetch commands: 0 success, cost: 0ms, totalSlot: 1, currentSlotIndex: 0
[INFO] 2025-10-13 10:31:44.784 +0800 o.a.d.s.m.r.t.TaskGroupCoordinator:[187] - Success amend TaskGroupQueue status cost: 0/ms
[INFO] 2025-10-13 10:31:44.784 +0800 o.a.d.s.m.r.t.TaskGroupCoordinator:[241] - Success deal with force start TaskGroupQueue cost: 0/ms
[INFO] 2025-10-13 10:31:44.784 +0800 o.a.d.s.m.r.t.TaskGroupCoordinator:[129] - TaskGroupCoordinator round time cost: 1/ms
[INFO] 2025-10-13 10:31:45.342 +0800 o.a.d.s.m.c.IdSlotBasedCommandFetcher:[67] - Fetch commands: 0 success, cost: 0ms, totalSlot: 1, currentSlotIndex: 0
[INFO] 2025-10-13 10:31:46.429 +0800 o.a.d.s.m.c.IdSlotBasedCommandFetcher:[67] - Fetch commands: 0 success, cost: 0ms, totalSlot: 1, currentSlotIndex: 0
[INFO] 2025-10-13 10:31:47.520 +0800 o.a.d.s.m.c.IdSlotBasedCommandFetcher:[67] - Fetch commands: 0 success, cost: 1ms, totalSlot: 1, currentSlotIndex: 0
[INFO] 2025-10-13 10:31:48.612 +0800 o.a.d.s.m.c.IdSlotBasedCommandFetcher:[67] - Fetch commands: 0 success, cost: 0ms, totalSlot: 1, currentSlotIndex: 0
[INFO] 2025-10-13 10:31:49.694 +0800 o.a.d.s.m.c.IdSlotBasedCommandFetcher:[67] - Fetch commands: 0 success, cost: 0ms, totalSlot: 1, currentSlotIndex: 0
[INFO] 2025-10-13 10:31:49.795 +0800 o.a.d.s.m.r.t.TaskGroupCoordinator:[187] - Success amend TaskGroupQueue status cost: 0/ms
[INFO] 2025-10-13 10:31:49.796 +0800 o.a.d.s.m.r.t.TaskGroupCoordinator:[241] - Success deal with force start TaskGroupQueue cost: 0/ms
[INFO] 2025-10-13 10:31:49.796 +0800 o.a.d.s.m.r.t.TaskGroupCoordinator:[129] - TaskGroupCoordinator round time cost: 1/ms
[INFO] 2025-10-13 10:31:50.786 +0800 o.a.d.s.m.c.IdSlotBasedCommandFetcher:[67] - Fetch commands: 0 success, cost: 0ms, totalSlot: 1, currentSlotIndex: 0
[INFO] 2025-10-13 10:31:51.869 +0800 o.a.d.s.m.c.IdSlotBasedCommandFetcher:[67] - Fetch commands: 0 success, cost: 0ms, totalSlot: 1, currentSlotIndex: 0
[INFO] 2025-10-13 10:31:52.879 +0800 o.a.d.s.m.c.IdSlotBasedCommandFetcher:[67] - Fetch commands: 0 success, cost: 0ms, totalSlot: 1, currentSlotIndex: 0
[INFO] 2025-10-13 10:31:53.881 +0800 o.a.d.s.m.c.IdSlotBasedCommandFetcher:[67] - Fetch commands: 0 success, cost: 0ms, totalSlot: 1, currentSlotIndex: 0
[INFO] 2025-10-13 10:31:54.809 +0800 o.a.d.s.m.r.t.TaskGroupCoordinator:[187] - Success amend TaskGroupQueue status cost: 0/ms
[INFO] 2025-10-13 10:31:54.809 +0800 o.a.d.s.m.r.t.TaskGroupCoordinator:[241] - Success deal with force start TaskGroupQueue cost: 0/ms
[INFO] 2025-10-13 10:31:54.809 +0800 o.a.d.s.m.r.t.TaskGroupCoordinator:[129] - TaskGroupCoordinator round time cost: 0/ms
[INFO] 2025-10-13 10:31:54.882 +0800 o.a.d.s.m.c.IdSlotBasedCommandFetcher:[67] - Fetch commands: 0 success, cost: 0ms, totalSlot: 1, currentSlotIndex: 0
[INFO] 2025-10-13 10:31:55.896 +0800 o.a.d.s.m.c.IdSlotBasedCommandFetcher:[67] - Fetch commands: 0 success, cost: 0ms, totalSlot: 1, currentSlotIndex: 0
[INFO] 2025-10-13 10:31:56.899 +0800 o.a.d.s.m.c.IdSlotBasedCommandFetcher:[67] - Fetch commands: 0 success, cost: 0ms, totalSlot: 1, currentSlotIndex: 0
[INFO] 2025-10-13 10:31:57.910 +0800 o.a.d.s.m.c.IdSlotBasedCommandFetcher:[67] - Fetch commands: 0 success, cost: 1ms, totalSlot: 1, currentSlotIndex: 0
[INFO] 2025-10-13 10:31:58.917 +0800 o.a.d.s.m.c.IdSlotBasedCommandFetcher:[67] - Fetch commands: 0 success, cost: 0ms, totalSlot: 1, currentSlotIndex: 0
[INFO] 2025-10-13 10:31:59.818 +0800 o.a.d.s.m.r.t.TaskGroupCoordinator:[187] - Success amend TaskGroupQueue status cost: 0/ms
[INFO] 2025-10-13 10:31:59.819 +0800 o.a.d.s.m.r.t.TaskGroupCoordinator:[241] - Success deal with force start TaskGroupQueue cost: 0/ms
[INFO] 2025-10-13 10:31:59.819 +0800 o.a.d.s.m.r.t.TaskGroupCoordinator:[129] - TaskGroupCoordinator round time cost: 0/ms
[INFO] 2025-10-13 10:31:59.924 +0800 o.a.d.s.m.c.IdSlotBasedCommandFetcher:[67] - Fetch commands: 0 success, cost: 0ms, totalSlot: 1, currentSlotIndex: 0
[INFO] 2025-10-13 10:32:00.930 +0800 o.a.d.s.m.c.IdSlotBasedCommandFetcher:[67] - Fetch commands: 0 success, cost: 0ms, totalSlot: 1, currentSlotIndex: 0
[INFO] 2025-10-13 10:32:01.931 +0800 o.a.d.s.m.c.IdSlotBasedCommandFetcher:[67] - Fetch commands: 0 success, cost: 0ms, totalSlot: 1, currentSlotIndex: 0
[INFO] 2025-10-13 10:32:02.943 +0800 o.a.d.s.m.c.IdSlotBasedCommandFetcher:[67] - Fetch commands: 0 success, cost: 0ms, totalSlot: 1, currentSlotIndex: 0
[INFO] 2025-10-13 10:32:04.182 +0800 o.a.d.s.m.c.IdSlotBasedCommandFetcher:[67] - Fetch commands: 0 success, cost: 0ms, totalSlot: 1, currentSlotIndex: 0
[INFO] 2025-10-13 10:32:04.829 +0800 o.a.d.s.m.r.t.TaskGroupCoordinator:[187] - Success amend TaskGroupQueue status cost: 0/ms
[INFO] 2025-10-13 10:32:04.829 +0800 o.a.d.s.m.r.t.TaskGroupCoordinator:[241] - Success deal with force start TaskGroupQueue cost: 0/ms
[INFO] 2025-10-13 10:32:04.829 +0800 o.a.d.s.m.r.t.TaskGroupCoordinator:[129] - TaskGroupCoordinator round time cost: 0/ms
[INFO] 2025-10-13 10:32:05.188 +0800 o.a.d.s.m.c.IdSlotBasedCommandFetcher:[67] - Fetch commands: 0 success, cost: 0ms, totalSlot: 1, currentSlotIndex: 0
[INFO] 2025-10-13 10:32:06.199 +0800 o.a.d.s.m.c.IdSlotBasedCommandFetcher:[67] - Fetch commands: 0 success, cost: 0ms, totalSlot: 1, currentSlotIndex: 0
[INFO] 2025-10-13 10:32:07.201 +0800 o.a.d.s.m.c.IdSlotBasedCommandFetcher:[67] - Fetch commands: 0 success, cost: 0ms, totalSlot: 1, currentSlotIndex: 0
[INFO] 2025-10-13 10:32:08.203 +0800 o.a.d.s.m.c.IdSlotBasedCommandFetcher:[67] - Fetch commands: 0 success, cost: 0ms, totalSlot: 1, currentSlotIndex: 0
[INFO] 2025-10-13 10:32:09.215 +0800 o.a.d.s.m.c.IdSlotBasedCommandFetcher:[67] - Fetch commands: 0 success, cost: 0ms, totalSlot: 1, currentSlotIndex: 0
[INFO] 2025-10-13 10:32:09.841 +0800 o.a.d.s.m.r.t.TaskGroupCoordinator:[187] - Success amend TaskGroupQueue status cost: 0/ms
[INFO] 2025-10-13 10:32:09.841 +0800 o.a.d.s.m.r.t.TaskGroupCoordinator:[241] - Success deal with force start TaskGroupQueue cost: 0/ms
[INFO] 2025-10-13 10:32:09.841 +0800 o.a.d.s.m.r.t.TaskGroupCoordinator:[129] - TaskGroupCoordinator round time cost: 0/ms
[INFO] 2025-10-13 10:32:10.222 +0800 o.a.d.s.m.c.IdSlotBasedCommandFetcher:[67] - Fetch commands: 0 success, cost: 1ms, totalSlot: 1, currentSlotIndex: 0
[INFO] 2025-10-13 10:32:11.222 +0800 o.a.d.s.m.c.IdSlotBasedCommandFetcher:[67] - Fetch commands: 0 success, cost: 0ms, totalSlot: 1, currentSlotIndex: 0
[INFO] 2025-10-13 10:32:12.235 +0800 o.a.d.s.m.c.IdSlotBasedCommandFetcher:[67] - Fetch commands: 0 success, cost: 0ms, totalSlot: 1, currentSlotIndex: 0
[INFO] 2025-10-13 10:32:13.241 +0800 o.a.d.s.m.c.IdSlotBasedCommandFetcher:[67] - Fetch commands: 0 success, cost: 0ms, totalSlot: 1, currentSlotIndex: 0
[INFO] 2025-10-13 10:32:14.243 +0800 o.a.d.s.m.c.IdSlotBasedCommandFetcher:[67] - Fetch commands: 0 success, cost: 0ms, totalSlot: 1, currentSlotIndex: 0
[INFO] 2025-10-13 10:32:14.850 +0800 o.a.d.s.m.r.t.TaskGroupCoordinator:[187] - Success amend TaskGroupQueue status cost: 0/ms
[INFO] 2025-10-13 10:32:14.850 +0800 o.a.d.s.m.r.t.TaskGroupCoordinator:[241] - Success deal with force start TaskGroupQueue cost: 0/ms
[INFO] 2025-10-13 10:32:14.850 +0800 o.a.d.s.m.r.t.TaskGroupCoordinator:[129] - TaskGroupCoordinator round time cost: 1/ms
[INFO] 2025-10-13 10:32:15.255 +0800 o.a.d.s.m.c.IdSlotBasedCommandFetcher:[67] - Fetch commands: 0 success, cost: 0ms, totalSlot: 1, currentSlotIndex: 0
[INFO] 2025-10-13 10:32:16.432 +0800 o.a.d.s.m.c.IdSlotBasedCommandFetcher:[67] - Fetch commands: 0 success, cost: 0ms, totalSlot: 1, currentSlotIndex: 0
[INFO] 2025-10-13 10:32:17.436 +0800 o.a.d.s.m.c.IdSlotBasedCommandFetcher:[67] - Fetch commands: 0 success, cost: 0ms, totalSlot: 1, currentSlotIndex: 0
[INFO] 2025-10-13 10:32:18.442 +0800 o.a.d.s.m.c.IdSlotBasedCommandFetcher:[67] - Fetch commands: 0 success, cost: 0ms, totalSlot: 1, currentSlotIndex: 0
[INFO] 2025-10-13 10:32:19.443 +0800 o.a.d.s.m.c.IdSlotBasedCommandFetcher:[67] - Fetch commands: 0 success, cost: 0ms, totalSlot: 1, currentSlotIndex: 0
[INFO] 2025-10-13 10:32:19.871 +0800 o.a.d.s.m.r.t.TaskGroupCoordinator:[187] - Success amend TaskGroupQueue status cost: 0/ms
[INFO] 2025-10-13 10:32:19.872 +0800 o.a.d.s.m.r.t.TaskGroupCoordinator:[241] - Success deal with force start TaskGroupQueue cost: 0/ms
[INFO] 2025-10-13 10:32:19.872 +0800 o.a.d.s.m.r.t.TaskGroupCoordinator:[129] - TaskGroupCoordinator round time cost: 0/ms
[INFO] 2025-10-13 10:32:20.460 +0800 o.a.d.s.m.c.IdSlotBasedCommandFetcher:[67] - Fetch commands: 0 success, cost: 1ms, totalSlot: 1, currentSlotIndex: 0
[INFO] 2025-10-13 10:32:21.462 +0800 o.a.d.s.m.c.IdSlotBasedCommandFetcher:[67] - Fetch commands: 0 success, cost: 1ms, totalSlot: 1, currentSlotIndex: 0
[INFO] 2025-10-13 10:32:22.462 +0800 o.a.d.s.m.c.IdSlotBasedCommandFetcher:[67] - Fetch commands: 0 success, cost: 0ms, totalSlot: 1, currentSlotIndex: 0
[INFO] 2025-10-13 10:32:23.475 +0800 o.a.d.s.m.c.IdSlotBasedCommandFetcher:[67] - Fetch commands: 0 success, cost: 0ms, totalSlot: 1, currentSlotIndex: 0
[INFO] 2025-10-13 10:32:24.491 +0800 o.a.d.s.m.c.IdSlotBasedCommandFetcher:[67] - Fetch commands: 0 success, cost: 0ms, totalSlot: 1, currentSlotIndex: 0
[INFO] 2025-10-13 10:32:24.876 +0800 o.a.d.s.m.r.t.TaskGroupCoordinator:[187] - Success amend TaskGroupQueue status cost: 0/ms
[INFO] 2025-10-13 10:32:24.876 +0800 o.a.d.s.m.r.t.TaskGroupCoordinator:[241] - Success deal with force start TaskGroupQueue cost: 0/ms
[INFO] 2025-10-13 10:32:24.876 +0800 o.a.d.s.m.r.t.TaskGroupCoordinator:[129] - TaskGroupCoordinator round time cost: 0/ms
[INFO] 2025-10-13 10:32:25.494 +0800 o.a.d.s.m.c.IdSlotBasedCommandFetcher:[67] - Fetch commands: 0 success, cost: 0ms, totalSlot: 1, currentSlotIndex: 0
[INFO] 2025-10-13 10:32:26.496 +0800 o.a.d.s.m.c.IdSlotBasedCommandFetcher:[67] - Fetch commands: 0 success, cost: 0ms, totalSlot: 1, currentSlotIndex: 0
[INFO] 2025-10-13 10:32:27.602 +0800 o.a.d.s.m.c.IdSlotBasedCommandFetcher:[67] - Fetch commands: 0 success, cost: 0ms, totalSlot: 1, currentSlotIndex: 0
[INFO] 2025-10-13 10:32:28.700 +0800 o.a.d.s.m.c.IdSlotBasedCommandFetcher:[67] - Fetch commands: 0 success, cost: 0ms, totalSlot: 1, currentSlotIndex: 0
[INFO] 2025-10-13 10:32:29.704 +0800 o.a.d.s.m.c.IdSlotBasedCommandFetcher:[67] - Fetch commands: 0 success, cost: 0ms, totalSlot: 1, currentSlotIndex: 0
[INFO] 2025-10-13 10:32:29.889 +0800 o.a.d.s.m.r.t.TaskGroupCoordinator:[187] - Success amend TaskGroupQueue status cost: 0/ms
[INFO] 2025-10-13 10:32:29.889 +0800 o.a.d.s.m.r.t.TaskGroupCoordinator:[241] - Success deal with force start TaskGroupQueue cost: 0/ms
[INFO] 2025-10-13 10:32:29.889 +0800 o.a.d.s.m.r.t.TaskGroupCoordinator:[129] - TaskGroupCoordinator round time cost: 0/ms
[INFO] 2025-10-13 10:32:30.715 +0800 o.a.d.s.m.c.IdSlotBasedCommandFetcher:[67] - Fetch commands: 0 success, cost: 0ms, totalSlot: 1, currentSlotIndex: 0
[INFO] 2025-10-13 10:32:31.720 +0800 o.a.d.s.m.c.IdSlotBasedCommandFetcher:[67] - Fetch commands: 0 success, cost: 0ms, totalSlot: 1, currentSlotIndex: 0
[INFO] 2025-10-13 10:32:32.731 +0800 o.a.d.s.m.c.IdSlotBasedCommandFetcher:[67] - Fetch commands: 0 success, cost: 0ms, totalSlot: 1, currentSlotIndex: 0
[INFO] 2025-10-13 10:32:33.735 +0800 o.a.d.s.m.c.IdSlotBasedCommandFetcher:[67] - Fetch commands: 0 success, cost: 0ms, totalSlot: 1, currentSlotIndex: 0
[INFO] 2025-10-13 10:32:34.740 +0800 o.a.d.s.m.c.IdSlotBasedCommandFetcher:[67] - Fetch commands: 0 success, cost: 0ms, totalSlot: 1, currentSlotIndex: 0
[INFO] 2025-10-13 10:32:34.898 +0800 o.a.d.s.m.r.t.TaskGroupCoordinator:[187] - Success amend TaskGroupQueue status cost: 0/ms
[INFO] 2025-10-13 10:32:34.898 +0800 o.a.d.s.m.r.t.TaskGroupCoordinator:[241] - Success deal with force start TaskGroupQueue cost: 0/ms
[INFO] 2025-10-13 10:32:34.898 +0800 o.a.d.s.m.r.t.TaskGroupCoordinator:[129] - TaskGroupCoordinator round time cost: 0/ms
[INFO] 2025-10-13 10:32:35.754 +0800 o.a.d.s.m.c.IdSlotBasedCommandFetcher:[67] - Fetch commands: 0 success, cost: 0ms, totalSlot: 1, currentSlotIndex: 0
[INFO] 2025-10-13 10:32:36.765 +0800 o.a.d.s.m.c.IdSlotBasedCommandFetcher:[67] - Fetch commands: 0 success, cost: 0ms, totalSlot: 1, currentSlotIndex: 0
[INFO] 2025-10-13 10:32:37.771 +0800 o.a.d.s.m.c.IdSlotBasedCommandFetcher:[67] - Fetch commands: 0 success, cost: 0ms, totalSlot: 1, currentSlotIndex: 0
[INFO] 2025-10-13 10:32:38.867 +0800 o.a.d.s.m.c.IdSlotBasedCommandFetcher:[67] - Fetch commands: 0 success, cost: 0ms, totalSlot: 1, currentSlotIndex: 0
[INFO] 2025-10-13 10:32:39.918 +0800 o.a.d.s.m.r.t.TaskGroupCoordinator:[187] - Success amend TaskGroupQueue status cost: 0/ms
[INFO] 2025-10-13 10:32:39.918 +0800 o.a.d.s.m.r.t.TaskGroupCoordinator:[241] - Success deal with force start TaskGroupQueue cost: 0/ms
[INFO] 2025-10-13 10:32:39.918 +0800 o.a.d.s.m.r.t.TaskGroupCoordinator:[129] - TaskGroupCoordinator round time cost: 0/ms
[INFO] 2025-10-13 10:32:39.955 +0800 o.a.d.s.m.c.IdSlotBasedCommandFetcher:[67] - Fetch commands: 0 success, cost: 0ms, totalSlot: 1, currentSlotIndex: 0
[INFO] 2025-10-13 10:32:41.052 +0800 o.a.d.s.m.c.IdSlotBasedCommandFetcher:[67] - Fetch commands: 0 success, cost: 0ms, totalSlot: 1, currentSlotIndex: 0
[INFO] 2025-10-13 10:32:42.166 +0800 o.a.d.s.m.c.IdSlotBasedCommandFetcher:[67] - Fetch commands: 0 success, cost: 0ms, totalSlot: 1, currentSlotIndex: 0
[INFO] 2025-10-13 10:32:43.277 +0800 o.a.d.s.m.c.IdSlotBasedCommandFetcher:[67] - Fetch commands: 0 success, cost: 0ms, totalSlot: 1, currentSlotIndex: 0
[INFO] 2025-10-13 10:32:44.356 +0800 o.a.d.s.m.c.IdSlotBasedCommandFetcher:[67] - Fetch commands: 0 success, cost: 0ms, totalSlot: 1, currentSlotIndex: 0
[INFO] 2025-10-13 10:32:44.931 +0800 o.a.d.s.m.r.t.TaskGroupCoordinator:[187] - Success amend TaskGroupQueue status cost: 0/ms
[INFO] 2025-10-13 10:32:44.931 +0800 o.a.d.s.m.r.t.TaskGroupCoordinator:[241] - Success deal with force start TaskGroupQueue cost: 0/ms
[INFO] 2025-10-13 10:32:44.931 +0800 o.a.d.s.m.r.t.TaskGroupCoordinator:[129] - TaskGroupCoordinator round time cost: 0/ms
[INFO] 2025-10-13 10:32:45.435 +0800 o.a.d.s.m.c.IdSlotBasedCommandFetcher:[67] - Fetch commands: 0 success, cost: 1ms, totalSlot: 1, currentSlotIndex: 0
[INFO] 2025-10-13 10:32:46.526 +0800 o.a.d.s.m.c.IdSlotBasedCommandFetcher:[67] - Fetch commands: 0 success, cost: 0ms, totalSlot: 1, currentSlotIndex: 0
[INFO] 2025-10-13 10:32:47.617 +0800 o.a.d.s.m.c.IdSlotBasedCommandFetcher:[67] - Fetch commands: 0 success, cost: 0ms, totalSlot: 1, currentSlotIndex: 0
[INFO] 2025-10-13 10:32:48.621 +0800 o.a.d.s.m.c.IdSlotBasedCommandFetcher:[67] - Fetch commands: 0 success, cost: 1ms, totalSlot: 1, currentSlotIndex: 0
[INFO] 2025-10-13 10:32:49.627 +0800 o.a.d.s.m.c.IdSlotBasedCommandFetcher:[67] - Fetch commands: 0 success, cost: 0ms, totalSlot: 1, currentSlotIndex: 0
[INFO] 2025-10-13 10:32:49.941 +0800 o.a.d.s.m.r.t.TaskGroupCoordinator:[187] - Success amend TaskGroupQueue status cost: 0/ms
[INFO] 2025-10-13 10:32:49.941 +0800 o.a.d.s.m.r.t.TaskGroupCoordinator:[241] - Success deal with force start TaskGroupQueue cost: 0/ms
[INFO] 2025-10-13 10:32:49.942 +0800 o.a.d.s.m.r.t.TaskGroupCoordinator:[129] - TaskGroupCoordinator round time cost: 0/ms
[INFO] 2025-10-13 10:32:50.631 +0800 o.a.d.s.m.c.IdSlotBasedCommandFetcher:[67] - Fetch commands: 0 success, cost: 0ms, totalSlot: 1, currentSlotIndex: 0
[INFO] 2025-10-13 10:32:51.646 +0800 o.a.d.s.m.c.IdSlotBasedCommandFetcher:[67] - Fetch commands: 0 success, cost: 0ms, totalSlot: 1, currentSlotIndex: 0
[INFO] 2025-10-13 10:32:52.653 +0800 o.a.d.s.m.c.IdSlotBasedCommandFetcher:[67] - Fetch commands: 0 success, cost: 0ms, totalSlot: 1, currentSlotIndex: 0
[INFO] 2025-10-13 10:32:53.654 +0800 o.a.d.s.m.c.IdSlotBasedCommandFetcher:[67] - Fetch commands: 0 success, cost: 0ms, totalSlot: 1, currentSlotIndex: 0
[INFO] 2025-10-13 10:32:54.656 +0800 o.a.d.s.m.c.IdSlotBasedCommandFetcher:[67] - Fetch commands: 0 success, cost: 0ms, totalSlot: 1, currentSlotIndex: 0
[INFO] 2025-10-13 10:32:54.953 +0800 o.a.d.s.m.r.t.TaskGroupCoordinator:[187] - Success amend TaskGroupQueue status cost: 0/ms
[INFO] 2025-10-13 10:32:54.954 +0800 o.a.d.s.m.r.t.TaskGroupCoordinator:[241] - Success deal with force start TaskGroupQueue cost: 0/ms
[INFO] 2025-10-13 10:32:54.954 +0800 o.a.d.s.m.r.t.TaskGroupCoordinator:[129] - TaskGroupCoordinator round time cost: 0/ms
[INFO] 2025-10-13 10:32:55.659 +0800 o.a.d.s.m.c.IdSlotBasedCommandFetcher:[67] - Fetch commands: 0 success, cost: 0ms, totalSlot: 1, currentSlotIndex: 0
[INFO] 2025-10-13 10:32:56.660 +0800 o.a.d.s.m.c.IdSlotBasedCommandFetcher:[67] - Fetch commands: 0 success, cost: 0ms, totalSlot: 1, currentSlotIndex: 0
[INFO] 2025-10-13 10:32:57.670 +0800 o.a.d.s.m.c.IdSlotBasedCommandFetcher:[67] - Fetch commands: 0 success, cost: 0ms, totalSlot: 1, currentSlotIndex: 0
[INFO] 2025-10-13 10:32:58.940 +0800 o.a.d.s.m.c.IdSlotBasedCommandFetcher:[67] - Fetch commands: 0 success, cost: 0ms, totalSlot: 1, currentSlotIndex: 0
[INFO] 2025-10-13 10:32:59.943 +0800 o.a.d.s.m.c.IdSlotBasedCommandFetcher:[67] - Fetch commands: 0 success, cost: 0ms, totalSlot: 1, currentSlotIndex: 0
[INFO] 2025-10-13 10:32:59.963 +0800 o.a.d.s.m.r.t.TaskGroupCoordinator:[187] - Success amend TaskGroupQueue status cost: 0/ms
[INFO] 2025-10-13 10:32:59.963 +0800 o.a.d.s.m.r.t.TaskGroupCoordinator:[241] - Success deal with force start TaskGroupQueue cost: 0/ms
[INFO] 2025-10-13 10:32:59.963 +0800 o.a.d.s.m.r.t.TaskGroupCoordinator:[129] - TaskGroupCoordinator round time cost: 1/ms
[INFO] 2025-10-13 10:33:00.950 +0800 o.a.d.s.m.c.IdSlotBasedCommandFetcher:[67] - Fetch commands: 0 success, cost: 0ms, totalSlot: 1, currentSlotIndex: 0
[INFO] 2025-10-13 10:33:01.954 +0800 o.a.d.s.m.c.IdSlotBasedCommandFetcher:[67] - Fetch commands: 0 success, cost: 0ms, totalSlot: 1, currentSlotIndex: 0
[INFO] 2025-10-13 10:33:02.966 +0800 o.a.d.s.m.c.IdSlotBasedCommandFetcher:[67] - Fetch commands: 0 success, cost: 1ms, totalSlot: 1, currentSlotIndex: 0
[INFO] 2025-10-13 10:33:03.967 +0800 o.a.d.s.m.c.IdSlotBasedCommandFetcher:[67] - Fetch commands: 0 success, cost: 0ms, totalSlot: 1, currentSlotIndex: 0
[INFO] 2025-10-13 10:33:04.977 +0800 o.a.d.s.m.c.IdSlotBasedCommandFetcher:[67] - Fetch commands: 0 success, cost: 0ms, totalSlot: 1, currentSlotIndex: 0
[INFO] 2025-10-13 10:33:04.980 +0800 o.a.d.s.m.r.t.TaskGroupCoordinator:[187] - Success amend TaskGroupQueue status cost: 0/ms
[INFO] 2025-10-13 10:33:04.980 +0800 o.a.d.s.m.r.t.TaskGroupCoordinator:[241] - Success deal with force start TaskGroupQueue cost: 0/ms
[INFO] 2025-10-13 10:33:04.980 +0800 o.a.d.s.m.r.t.TaskGroupCoordinator:[129] - TaskGroupCoordinator round time cost: 0/ms
[INFO] 2025-10-13 10:33:05.978 +0800 o.a.d.s.m.c.IdSlotBasedCommandFetcher:[67] - Fetch commands: 0 success, cost: 0ms, totalSlot: 1, currentSlotIndex: 0
[INFO] 2025-10-13 10:33:06.992 +0800 o.a.d.s.m.c.IdSlotBasedCommandFetcher:[67] - Fetch commands: 0 success, cost: 0ms, totalSlot: 1, currentSlotIndex: 0
[INFO] 2025-10-13 10:33:07.995 +0800 o.a.d.s.m.c.IdSlotBasedCommandFetcher:[67] - Fetch commands: 0 success, cost: 0ms, totalSlot: 1, currentSlotIndex: 0
[INFO] 2025-10-13 10:33:09.009 +0800 o.a.d.s.m.c.IdSlotBasedCommandFetcher:[67] - Fetch commands: 0 success, cost: 0ms, totalSlot: 1, currentSlotIndex: 0
[INFO] 2025-10-13 10:33:09.986 +0800 o.a.d.s.m.r.t.TaskGroupCoordinator:[187] - Success amend TaskGroupQueue status cost: 0/ms
[INFO] 2025-10-13 10:33:09.987 +0800 o.a.d.s.m.r.t.TaskGroupCoordinator:[241] - Success deal with force start TaskGroupQueue cost: 0/ms
[INFO] 2025-10-13 10:33:09.987 +0800 o.a.d.s.m.r.t.TaskGroupCoordinator:[129] - TaskGroupCoordinator round time cost: 0/ms
[INFO] 2025-10-13 10:33:10.014 +0800 o.a.d.s.m.c.IdSlotBasedCommandFetcher:[67] - Fetch commands: 0 success, cost: 0ms, totalSlot: 1, currentSlotIndex: 0
[INFO] 2025-10-13 10:33:11.260 +0800 o.a.d.s.m.c.IdSlotBasedCommandFetcher:[67] - Fetch commands: 0 success, cost: 0ms, totalSlot: 1, currentSlotIndex: 0
[INFO] 2025-10-13 10:33:12.431 +0800 o.a.d.s.m.c.IdSlotBasedCommandFetcher:[67] - Fetch commands: 0 success, cost: 0ms, totalSlot: 1, currentSlotIndex: 0
[INFO] 2025-10-13 10:33:13.437 +0800 o.a.d.s.m.c.IdSlotBasedCommandFetcher:[67] - Fetch commands: 0 success, cost: 0ms, totalSlot: 1, currentSlotIndex: 0
[INFO] 2025-10-13 10:33:14.447 +0800 o.a.d.s.m.c.IdSlotBasedCommandFetcher:[67] - Fetch commands: 0 success, cost: 0ms, totalSlot: 1, currentSlotIndex: 0
[INFO] 2025-10-13 10:33:15.008 +0800 o.a.d.s.m.r.t.TaskGroupCoordinator:[187] - Success amend TaskGroupQueue status cost: 0/ms
[INFO] 2025-10-13 10:33:15.008 +0800 o.a.d.s.m.r.t.TaskGroupCoordinator:[241] - Success deal with force start TaskGroupQueue cost: 0/ms
[INFO] 2025-10-13 10:33:15.008 +0800 o.a.d.s.m.r.t.TaskGroupCoordinator:[129] - TaskGroupCoordinator round time cost: 0/ms
[INFO] 2025-10-13 10:33:15.457 +0800 o.a.d.s.m.c.IdSlotBasedCommandFetcher:[67] - Fetch commands: 0 success, cost: 0ms, totalSlot: 1, currentSlotIndex: 0
[INFO] 2025-10-13 10:33:16.464 +0800 o.a.d.s.m.c.IdSlotBasedCommandFetcher:[67] - Fetch commands: 0 success, cost: 0ms, totalSlot: 1, currentSlotIndex: 0
[INFO] 2025-10-13 10:33:17.474 +0800 o.a.d.s.m.c.IdSlotBasedCommandFetcher:[67] - Fetch commands: 0 success, cost: 0ms, totalSlot: 1, currentSlotIndex: 0
[INFO] 2025-10-13 10:33:18.484 +0800 o.a.d.s.m.c.IdSlotBasedCommandFetcher:[67] - Fetch commands: 0 success, cost: 0ms, totalSlot: 1, currentSlotIndex: 0
[INFO] 2025-10-13 10:33:19.494 +0800 o.a.d.s.m.c.IdSlotBasedCommandFetcher:[67] - Fetch commands: 0 success, cost: 0ms, totalSlot: 1, currentSlotIndex: 0
[INFO] 2025-10-13 10:33:20.026 +0800 o.a.d.s.m.r.t.TaskGroupCoordinator:[187] - Success amend TaskGroupQueue status cost: 0/ms
[INFO] 2025-10-13 10:33:20.026 +0800 o.a.d.s.m.r.t.TaskGroupCoordinator:[241] - Success deal with force start TaskGroupQueue cost: 0/ms
[INFO] 2025-10-13 10:33:20.026 +0800 o.a.d.s.m.r.t.TaskGroupCoordinator:[129] - TaskGroupCoordinator round time cost: 0/ms
[INFO] 2025-10-13 10:33:20.507 +0800 o.a.d.s.m.c.IdSlotBasedCommandFetcher:[67] - Fetch commands: 0 success, cost: 0ms, totalSlot: 1, currentSlotIndex: 0
[INFO] 2025-10-13 10:33:21.517 +0800 o.a.d.s.m.c.IdSlotBasedCommandFetcher:[67] - Fetch commands: 0 success, cost: 0ms, totalSlot: 1, currentSlotIndex: 0
[INFO] 2025-10-13 10:33:22.528 +0800 o.a.d.s.m.c.IdSlotBasedCommandFetcher:[67] - Fetch commands: 0 success, cost: 0ms, totalSlot: 1, currentSlotIndex: 0
[INFO] 2025-10-13 10:33:23.540 +0800 o.a.d.s.m.c.IdSlotBasedCommandFetcher:[67] - Fetch commands: 0 success, cost: 0ms, totalSlot: 1, currentSlotIndex: 0
[INFO] 2025-10-13 10:33:24.686 +0800 o.a.d.s.m.c.IdSlotBasedCommandFetcher:[67] - Fetch commands: 0 success, cost: 0ms, totalSlot: 1, currentSlotIndex: 0
[INFO] 2025-10-13 10:33:25.043 +0800 o.a.d.s.m.r.t.TaskGroupCoordinator:[187] - Success amend TaskGroupQueue status cost: 0/ms
[INFO] 2025-10-13 10:33:25.043 +0800 o.a.d.s.m.r.t.TaskGroupCoordinator:[241] - Success deal with force start TaskGroupQueue cost: 0/ms
[INFO] 2025-10-13 10:33:25.044 +0800 o.a.d.s.m.r.t.TaskGroupCoordinator:[129] - TaskGroupCoordinator round time cost: 0/ms
[INFO] 2025-10-13 10:33:25.774 +0800 o.a.d.s.m.c.IdSlotBasedCommandFetcher:[67] - Fetch commands: 0 success, cost: 0ms, totalSlot: 1, currentSlotIndex: 0
[INFO] 2025-10-13 10:33:26.868 +0800 o.a.d.s.m.c.IdSlotBasedCommandFetcher:[67] - Fetch commands: 0 success, cost: 0ms, totalSlot: 1, currentSlotIndex: 0
[INFO] 2025-10-13 10:33:27.947 +0800 o.a.d.s.m.c.IdSlotBasedCommandFetcher:[67] - Fetch commands: 0 success, cost: 0ms, totalSlot: 1, currentSlotIndex: 0
[INFO] 2025-10-13 10:33:29.033 +0800 o.a.d.s.m.c.IdSlotBasedCommandFetcher:[67] - Fetch commands: 0 success, cost: 0ms, totalSlot: 1, currentSlotIndex: 0
[INFO] 2025-10-13 10:33:30.059 +0800 o.a.d.s.m.r.t.TaskGroupCoordinator:[187] - Success amend TaskGroupQueue status cost: 0/ms
[INFO] 2025-10-13 10:33:30.059 +0800 o.a.d.s.m.r.t.TaskGroupCoordinator:[241] - Success deal with force start TaskGroupQueue cost: 0/ms
[INFO] 2025-10-13 10:33:30.059 +0800 o.a.d.s.m.r.t.TaskGroupCoordinator:[129] - TaskGroupCoordinator round time cost: 0/ms
[INFO] 2025-10-13 10:33:30.113 +0800 o.a.d.s.m.c.IdSlotBasedCommandFetcher:[67] - Fetch commands: 0 success, cost: 0ms, totalSlot: 1, currentSlotIndex: 0
[INFO] 2025-10-13 10:33:31.185 +0800 o.a.d.s.m.c.IdSlotBasedCommandFetcher:[67] - Fetch commands: 0 success, cost: 0ms, totalSlot: 1, currentSlotIndex: 0
[INFO] 2025-10-13 10:33:32.268 +0800 o.a.d.s.m.c.IdSlotBasedCommandFetcher:[67] - Fetch commands: 0 success, cost: 0ms, totalSlot: 1, currentSlotIndex: 0
[INFO] 2025-10-13 10:33:33.348 +0800 o.a.d.s.m.c.IdSlotBasedCommandFetcher:[67] - Fetch commands: 0 success, cost: 0ms, totalSlot: 1, currentSlotIndex: 0
[INFO] 2025-10-13 10:33:34.440 +0800 o.a.d.s.m.c.IdSlotBasedCommandFetcher:[67] - Fetch commands: 0 success, cost: 0ms, totalSlot: 1, currentSlotIndex: 0
[INFO] 2025-10-13 10:33:35.077 +0800 o.a.d.s.m.r.t.TaskGroupCoordinator:[187] - Success amend TaskGroupQueue status cost: 0/ms
[INFO] 2025-10-13 10:33:35.078 +0800 o.a.d.s.m.r.t.TaskGroupCoordinator:[241] - Success deal with force start TaskGroupQueue cost: 0/ms
[INFO] 2025-10-13 10:33:35.078 +0800 o.a.d.s.m.r.t.TaskGroupCoordinator:[129] - TaskGroupCoordinator round time cost: 0/ms
[INFO] 2025-10-13 10:33:35.690 +0800 o.a.d.m.m.BaseServerLoadProtection:[43] - OverLoad: the system cpu usage: 1.0 is over then the maxSystemCpuUsagePercentageThresholds 0.9
[WARN] 2025-10-13 10:33:35.690 +0800 o.a.d.s.m.r.MasterSchedulerBootstrap:[120] - The current server is overload, cannot consumes commands.
[INFO] 2025-10-13 10:33:35.723 +0800 o.a.d.m.m.BaseServerLoadProtection:[43] - OverLoad: the system cpu usage: 1.0 is over then the maxSystemCpuUsagePercentageThresholds 0.9
[INFO] 2025-10-13 10:33:36.670 +0800 o.a.d.m.m.BaseServerLoadProtection:[43] - OverLoad: the system cpu usage: 1.0 is over then the maxSystemCpuUsagePercentageThresholds 0.9
[INFO] 2025-10-13 10:33:36.702 +0800 o.a.d.m.m.BaseServerLoadProtection:[43] - OverLoad: the system cpu usage: 1.0 is over then the maxSystemCpuUsagePercentageThresholds 0.9
[WARN] 2025-10-13 10:33:36.702 +0800 o.a.d.s.m.r.MasterSchedulerBootstrap:[120] - The current server is overload, cannot consumes commands.
[INFO] 2025-10-13 10:33:37.704 +0800 o.a.d.s.m.c.IdSlotBasedCommandFetcher:[67] - Fetch commands: 0 success, cost: 0ms, totalSlot: 1, currentSlotIndex: 0
[INFO] 2025-10-13 10:33:38.707 +0800 o.a.d.s.m.c.IdSlotBasedCommandFetcher:[67] - Fetch commands: 0 success, cost: 0ms, totalSlot: 1, currentSlotIndex: 0
[INFO] 2025-10-13 10:33:39.716 +0800 o.a.d.s.m.c.IdSlotBasedCommandFetcher:[67] - Fetch commands: 0 success, cost: 0ms, totalSlot: 1, currentSlotIndex: 0
[INFO] 2025-10-13 10:33:40.086 +0800 o.a.d.s.m.r.t.TaskGroupCoordinator:[187] - Success amend TaskGroupQueue status cost: 0/ms
[INFO] 2025-10-13 10:33:40.086 +0800 o.a.d.s.m.r.t.TaskGroupCoordinator:[241] - Success deal with force start TaskGroupQueue cost: 0/ms
[INFO] 2025-10-13 10:33:40.086 +0800 o.a.d.s.m.r.t.TaskGroupCoordinator:[129] - TaskGroupCoordinator round time cost: 0/ms
[INFO] 2025-10-13 10:33:40.719 +0800 o.a.d.s.m.c.IdSlotBasedCommandFetcher:[67] - Fetch commands: 0 success, cost: 0ms, totalSlot: 1, currentSlotIndex: 0
[INFO] 2025-10-13 10:33:41.728 +0800 o.a.d.s.m.c.IdSlotBasedCommandFetcher:[67] - Fetch commands: 0 success, cost: 0ms, totalSlot: 1, currentSlotIndex: 0
[INFO] 2025-10-13 10:33:42.732 +0800 o.a.d.s.m.c.IdSlotBasedCommandFetcher:[67] - Fetch commands: 0 success, cost: 0ms, totalSlot: 1, currentSlotIndex: 0
[INFO] 2025-10-13 10:33:43.742 +0800 o.a.d.s.m.c.IdSlotBasedCommandFetcher:[67] - Fetch commands: 0 success, cost: 0ms, totalSlot: 1, currentSlotIndex: 0
[INFO] 2025-10-13 10:33:44.751 +0800 o.a.d.s.m.c.IdSlotBasedCommandFetcher:[67] - Fetch commands: 0 success, cost: 0ms, totalSlot: 1, currentSlotIndex: 0
[INFO] 2025-10-13 10:33:45.105 +0800 o.a.d.s.m.r.t.TaskGroupCoordinator:[187] - Success amend TaskGroupQueue status cost: 0/ms
[INFO] 2025-10-13 10:33:45.105 +0800 o.a.d.s.m.r.t.TaskGroupCoordinator:[241] - Success deal with force start TaskGroupQueue cost: 0/ms
[INFO] 2025-10-13 10:33:45.105 +0800 o.a.d.s.m.r.t.TaskGroupCoordinator:[129] - TaskGroupCoordinator round time cost: 0/ms
[INFO] 2025-10-13 10:33:45.761 +0800 o.a.d.s.m.c.IdSlotBasedCommandFetcher:[67] - Fetch commands: 0 success, cost: 0ms, totalSlot: 1, currentSlotIndex: 0
[INFO] 2025-10-13 10:33:46.764 +0800 o.a.d.s.m.c.IdSlotBasedCommandFetcher:[67] - Fetch commands: 0 success, cost: 0ms, totalSlot: 1, currentSlotIndex: 0
[INFO] 2025-10-13 10:33:47.766 +0800 o.a.d.s.m.c.IdSlotBasedCommandFetcher:[67] - Fetch commands: 0 success, cost: 0ms, totalSlot: 1, currentSlotIndex: 0
[INFO] 2025-10-13 10:33:48.980 +0800 o.a.d.s.m.c.IdSlotBasedCommandFetcher:[67] - Fetch commands: 0 success, cost: 0ms, totalSlot: 1, currentSlotIndex: 0
[INFO] 2025-10-13 10:33:49.987 +0800 o.a.d.s.m.c.IdSlotBasedCommandFetcher:[67] - Fetch commands: 0 success, cost: 0ms, totalSlot: 1, currentSlotIndex: 0
[INFO] 2025-10-13 10:33:50.120 +0800 o.a.d.s.m.r.t.TaskGroupCoordinator:[187] - Success amend TaskGroupQueue status cost: 0/ms
[INFO] 2025-10-13 10:33:50.120 +0800 o.a.d.s.m.r.t.TaskGroupCoordinator:[241] - Success deal with force start TaskGroupQueue cost: 0/ms
[INFO] 2025-10-13 10:33:50.120 +0800 o.a.d.s.m.r.t.TaskGroupCoordinator:[129] - TaskGroupCoordinator round time cost: 0/ms
[INFO] 2025-10-13 10:33:50.996 +0800 o.a.d.s.m.c.IdSlotBasedCommandFetcher:[67] - Fetch commands: 0 success, cost: 0ms, totalSlot: 1, currentSlotIndex: 0
[INFO] 2025-10-13 10:33:52.006 +0800 o.a.d.s.m.c.IdSlotBasedCommandFetcher:[67] - Fetch commands: 0 success, cost: 0ms, totalSlot: 1, currentSlotIndex: 0
[INFO] 2025-10-13 10:33:53.011 +0800 o.a.d.s.m.c.IdSlotBasedCommandFetcher:[67] - Fetch commands: 0 success, cost: 0ms, totalSlot: 1, currentSlotIndex: 0
[INFO] 2025-10-13 10:33:54.025 +0800 o.a.d.s.m.c.IdSlotBasedCommandFetcher:[67] - Fetch commands: 0 success, cost: 0ms, totalSlot: 1, currentSlotIndex: 0
[INFO] 2025-10-13 10:33:55.037 +0800 o.a.d.s.m.c.IdSlotBasedCommandFetcher:[67] - Fetch commands: 0 success, cost: 0ms, totalSlot: 1, currentSlotIndex: 0
[INFO] 2025-10-13 10:33:55.139 +0800 o.a.d.s.m.r.t.TaskGroupCoordinator:[187] - Success amend TaskGroupQueue status cost: 0/ms
[INFO] 2025-10-13 10:33:55.139 +0800 o.a.d.s.m.r.t.TaskGroupCoordinator:[241] - Success deal with force start TaskGroupQueue cost: 0/ms
[INFO] 2025-10-13 10:33:55.139 +0800 o.a.d.s.m.r.t.TaskGroupCoordinator:[129] - TaskGroupCoordinator round time cost: 0/ms
[INFO] 2025-10-13 10:33:56.052 +0800 o.a.d.s.m.c.IdSlotBasedCommandFetcher:[67] - Fetch commands: 0 success, cost: 0ms, totalSlot: 1, currentSlotIndex: 0
[INFO] 2025-10-13 10:33:57.056 +0800 o.a.d.s.m.c.IdSlotBasedCommandFetcher:[67] - Fetch commands: 0 success, cost: 0ms, totalSlot: 1, currentSlotIndex: 0
[INFO] 2025-10-13 10:33:58.060 +0800 o.a.d.s.m.c.IdSlotBasedCommandFetcher:[67] - Fetch commands: 0 success, cost: 0ms, totalSlot: 1, currentSlotIndex: 0
[INFO] 2025-10-13 10:33:59.063 +0800 o.a.d.s.m.c.IdSlotBasedCommandFetcher:[67] - Fetch commands: 0 success, cost: 0ms, totalSlot: 1, currentSlotIndex: 0
[INFO] 2025-10-13 10:34:00.070 +0800 o.a.d.s.m.c.IdSlotBasedCommandFetcher:[67] - Fetch commands: 0 success, cost: 0ms, totalSlot: 1, currentSlotIndex: 0
[INFO] 2025-10-13 10:34:00.146 +0800 o.a.d.s.m.r.t.TaskGroupCoordinator:[187] - Success amend TaskGroupQueue status cost: 0/ms
[INFO] 2025-10-13 10:34:00.147 +0800 o.a.d.s.m.r.t.TaskGroupCoordinator:[241] - Success deal with force start TaskGroupQueue cost: 0/ms
[INFO] 2025-10-13 10:34:00.147 +0800 o.a.d.s.m.r.t.TaskGroupCoordinator:[129] - TaskGroupCoordinator round time cost: 0/ms
[INFO] 2025-10-13 10:34:01.073 +0800 o.a.d.s.m.c.IdSlotBasedCommandFetcher:[67] - Fetch commands: 0 success, cost: 0ms, totalSlot: 1, currentSlotIndex: 0
[INFO] 2025-10-13 10:34:02.076 +0800 o.a.d.s.m.c.IdSlotBasedCommandFetcher:[67] - Fetch commands: 0 success, cost: 0ms, totalSlot: 1, currentSlotIndex: 0
[INFO] 2025-10-13 10:34:03.085 +0800 o.a.d.s.m.c.IdSlotBasedCommandFetcher:[67] - Fetch commands: 0 success, cost: 0ms, totalSlot: 1, currentSlotIndex: 0
[INFO] 2025-10-13 10:34:04.088 +0800 o.a.d.s.m.c.IdSlotBasedCommandFetcher:[67] - Fetch commands: 0 success, cost: 0ms, totalSlot: 1, currentSlotIndex: 0
[INFO] 2025-10-13 10:34:05.090 +0800 o.a.d.s.m.c.IdSlotBasedCommandFetcher:[67] - Fetch commands: 0 success, cost: 0ms, totalSlot: 1, currentSlotIndex: 0
[INFO] 2025-10-13 10:34:05.160 +0800 o.a.d.s.m.r.t.TaskGroupCoordinator:[187] - Success amend TaskGroupQueue status cost: 0/ms
[INFO] 2025-10-13 10:34:05.160 +0800 o.a.d.s.m.r.t.TaskGroupCoordinator:[241] - Success deal with force start TaskGroupQueue cost: 0/ms
[INFO] 2025-10-13 10:34:05.160 +0800 o.a.d.s.m.r.t.TaskGroupCoordinator:[129] - TaskGroupCoordinator round time cost: 0/ms
[INFO] 2025-10-13 10:34:06.092 +0800 o.a.d.s.m.c.IdSlotBasedCommandFetcher:[67] - Fetch commands: 0 success, cost: 0ms, totalSlot: 1, currentSlotIndex: 0
[INFO] 2025-10-13 10:34:07.093 +0800 o.a.d.s.m.c.IdSlotBasedCommandFetcher:[67] - Fetch commands: 0 success, cost: 0ms, totalSlot: 1, currentSlotIndex: 0
[INFO] 2025-10-13 10:34:08.103 +0800 o.a.d.s.m.c.IdSlotBasedCommandFetcher:[67] - Fetch commands: 0 success, cost: 0ms, totalSlot: 1, currentSlotIndex: 0
[INFO] 2025-10-13 10:34:09.105 +0800 o.a.d.s.m.c.IdSlotBasedCommandFetcher:[67] - Fetch commands: 0 success, cost: 0ms, totalSlot: 1, currentSlotIndex: 0
[INFO] 2025-10-13 10:34:10.107 +0800 o.a.d.s.m.c.IdSlotBasedCommandFetcher:[67] - Fetch commands: 0 success, cost: 1ms, totalSlot: 1, currentSlotIndex: 0
[INFO] 2025-10-13 10:34:10.166 +0800 o.a.d.s.m.r.t.TaskGroupCoordinator:[187] - Success amend TaskGroupQueue status cost: 0/ms
[INFO] 2025-10-13 10:34:10.166 +0800 o.a.d.s.m.r.t.TaskGroupCoordinator:[241] - Success deal with force start TaskGroupQueue cost: 0/ms
[INFO] 2025-10-13 10:34:10.166 +0800 o.a.d.s.m.r.t.TaskGroupCoordinator:[129] - TaskGroupCoordinator round time cost: 0/ms
[INFO] 2025-10-13 10:34:11.118 +0800 o.a.d.s.m.c.IdSlotBasedCommandFetcher:[67] - Fetch commands: 0 success, cost: 0ms, totalSlot: 1, currentSlotIndex: 0
[INFO] 2025-10-13 10:34:12.121 +0800 o.a.d.s.m.c.IdSlotBasedCommandFetcher:[67] - Fetch commands: 0 success, cost: 0ms, totalSlot: 1, currentSlotIndex: 0
[INFO] 2025-10-13 10:34:13.122 +0800 o.a.d.s.m.c.IdSlotBasedCommandFetcher:[67] - Fetch commands: 0 success, cost: 0ms, totalSlot: 1, currentSlotIndex: 0
[INFO] 2025-10-13 10:34:14.131 +0800 o.a.d.s.m.c.IdSlotBasedCommandFetcher:[67] - Fetch commands: 0 success, cost: 0ms, totalSlot: 1, currentSlotIndex: 0
[INFO] 2025-10-13 10:34:15.134 +0800 o.a.d.s.m.c.IdSlotBasedCommandFetcher:[67] - Fetch commands: 0 success, cost: 0ms, totalSlot: 1, currentSlotIndex: 0
[INFO] 2025-10-13 10:34:15.177 +0800 o.a.d.s.m.r.t.TaskGroupCoordinator:[187] - Success amend TaskGroupQueue status cost: 0/ms
[INFO] 2025-10-13 10:34:15.177 +0800 o.a.d.s.m.r.t.TaskGroupCoordinator:[241] - Success deal with force start TaskGroupQueue cost: 0/ms
[INFO] 2025-10-13 10:34:15.177 +0800 o.a.d.s.m.r.t.TaskGroupCoordinator:[129] - TaskGroupCoordinator round time cost: 0/ms
[INFO] 2025-10-13 10:34:16.145 +0800 o.a.d.s.m.c.IdSlotBasedCommandFetcher:[67] - Fetch commands: 0 success, cost: 0ms, totalSlot: 1, currentSlotIndex: 0
[INFO] 2025-10-13 10:34:17.149 +0800 o.a.d.s.m.c.IdSlotBasedCommandFetcher:[67] - Fetch commands: 0 success, cost: 0ms, totalSlot: 1, currentSlotIndex: 0
[INFO] 2025-10-13 10:34:18.151 +0800 o.a.d.s.m.c.IdSlotBasedCommandFetcher:[67] - Fetch commands: 0 success, cost: 0ms, totalSlot: 1, currentSlotIndex: 0
[INFO] 2025-10-13 10:34:19.157 +0800 o.a.d.s.m.c.IdSlotBasedCommandFetcher:[67] - Fetch commands: 0 success, cost: 0ms, totalSlot: 1, currentSlotIndex: 0
[INFO] 2025-10-13 10:34:20.161 +0800 o.a.d.s.m.c.IdSlotBasedCommandFetcher:[67] - Fetch commands: 0 success, cost: 0ms, totalSlot: 1, currentSlotIndex: 0
[INFO] 2025-10-13 10:34:20.192 +0800 o.a.d.s.m.r.t.TaskGroupCoordinator:[187] - Success amend TaskGroupQueue status cost: 0/ms
[INFO] 2025-10-13 10:34:20.193 +0800 o.a.d.s.m.r.t.TaskGroupCoordinator:[241] - Success deal with force start TaskGroupQueue cost: 0/ms
[INFO] 2025-10-13 10:34:20.193 +0800 o.a.d.s.m.r.t.TaskGroupCoordinator:[129] - TaskGroupCoordinator round time cost: 0/ms
[INFO] 2025-10-13 10:34:21.176 +0800 o.a.d.s.m.c.IdSlotBasedCommandFetcher:[67] - Fetch commands: 0 success, cost: 0ms, totalSlot: 1, currentSlotIndex: 0
[INFO] 2025-10-13 10:34:22.189 +0800 o.a.d.s.m.c.IdSlotBasedCommandFetcher:[67] - Fetch commands: 0 success, cost: 0ms, totalSlot: 1, currentSlotIndex: 0
[INFO] 2025-10-13 10:34:23.191 +0800 o.a.d.s.m.c.IdSlotBasedCommandFetcher:[67] - Fetch commands: 0 success, cost: 0ms, totalSlot: 1, currentSlotIndex: 0
[INFO] 2025-10-13 10:34:24.192 +0800 o.a.d.s.m.c.IdSlotBasedCommandFetcher:[67] - Fetch commands: 0 success, cost: 0ms, totalSlot: 1, currentSlotIndex: 0
[INFO] 2025-10-13 10:34:25.195 +0800 o.a.d.s.m.c.IdSlotBasedCommandFetcher:[67] - Fetch commands: 0 success, cost: 0ms, totalSlot: 1, currentSlotIndex: 0
[INFO] 2025-10-13 10:34:25.210 +0800 o.a.d.s.m.r.t.TaskGroupCoordinator:[187] - Success amend TaskGroupQueue status cost: 0/ms
[INFO] 2025-10-13 10:34:25.210 +0800 o.a.d.s.m.r.t.TaskGroupCoordinator:[241] - Success deal with force start TaskGroupQueue cost: 0/ms
[INFO] 2025-10-13 10:34:25.210 +0800 o.a.d.s.m.r.t.TaskGroupCoordinator:[129] - TaskGroupCoordinator round time cost: 0/ms
[INFO] 2025-10-13 10:34:26.196 +0800 o.a.d.s.m.c.IdSlotBasedCommandFetcher:[67] - Fetch commands: 0 success, cost: 0ms, totalSlot: 1, currentSlotIndex: 0
[INFO] 2025-10-13 10:34:26.425 +0800 o.a.d.m.m.BaseServerLoadProtection:[43] - OverLoad: the system cpu usage: 1.0 is over then the maxSystemCpuUsagePercentageThresholds 0.9
[INFO] 2025-10-13 10:34:27.199 +0800 o.a.d.m.m.BaseServerLoadProtection:[43] - OverLoad: the system cpu usage: 1.0 is over then the maxSystemCpuUsagePercentageThresholds 0.9
[WARN] 2025-10-13 10:34:27.199 +0800 o.a.d.s.m.r.MasterSchedulerBootstrap:[120] - The current server is overload, cannot consumes commands.
[INFO] 2025-10-13 10:34:27.418 +0800 o.a.d.m.m.BaseServerLoadProtection:[43] - OverLoad: the system cpu usage: 1.0 is over then the maxSystemCpuUsagePercentageThresholds 0.9
[INFO] 2025-10-13 10:34:28.206 +0800 o.a.d.s.m.c.IdSlotBasedCommandFetcher:[67] - Fetch commands: 0 success, cost: 0ms, totalSlot: 1, currentSlotIndex: 0
[INFO] 2025-10-13 10:34:29.217 +0800 o.a.d.s.m.c.IdSlotBasedCommandFetcher:[67] - Fetch commands: 0 success, cost: 0ms, totalSlot: 1, currentSlotIndex: 0
[INFO] 2025-10-13 10:34:30.216 +0800 o.a.d.s.m.r.t.TaskGroupCoordinator:[187] - Success amend TaskGroupQueue status cost: 0/ms
[INFO] 2025-10-13 10:34:30.216 +0800 o.a.d.s.m.r.t.TaskGroupCoordinator:[241] - Success deal with force start TaskGroupQueue cost: 0/ms
[INFO] 2025-10-13 10:34:30.217 +0800 o.a.d.s.m.r.t.TaskGroupCoordinator:[129] - TaskGroupCoordinator round time cost: 0/ms
[INFO] 2025-10-13 10:34:30.229 +0800 o.a.d.s.m.c.IdSlotBasedCommandFetcher:[67] - Fetch commands: 0 success, cost: 0ms, totalSlot: 1, currentSlotIndex: 0
[INFO] 2025-10-13 10:34:31.231 +0800 o.a.d.s.m.c.IdSlotBasedCommandFetcher:[67] - Fetch commands: 0 success, cost: 0ms, totalSlot: 1, currentSlotIndex: 0
[INFO] 2025-10-13 10:34:32.233 +0800 o.a.d.s.m.c.IdSlotBasedCommandFetcher:[67] - Fetch commands: 0 success, cost: 0ms, totalSlot: 1, currentSlotIndex: 0
[INFO] 2025-10-13 10:34:33.239 +0800 o.a.d.s.m.c.IdSlotBasedCommandFetcher:[67] - Fetch commands: 0 success, cost: 0ms, totalSlot: 1, currentSlotIndex: 0
[INFO] 2025-10-13 10:34:34.244 +0800 o.a.d.s.m.c.IdSlotBasedCommandFetcher:[67] - Fetch commands: 0 success, cost: 0ms, totalSlot: 1, currentSlotIndex: 0
[INFO] 2025-10-13 10:34:35.232 +0800 o.a.d.s.m.r.t.TaskGroupCoordinator:[187] - Success amend TaskGroupQueue status cost: 0/ms
[INFO] 2025-10-13 10:34:35.232 +0800 o.a.d.s.m.r.t.TaskGroupCoordinator:[241] - Success deal with force start TaskGroupQueue cost: 0/ms
[INFO] 2025-10-13 10:34:35.233 +0800 o.a.d.s.m.r.t.TaskGroupCoordinator:[129] - TaskGroupCoordinator round time cost: 0/ms
[INFO] 2025-10-13 10:34:35.247 +0800 o.a.d.s.m.c.IdSlotBasedCommandFetcher:[67] - Fetch commands: 0 success, cost: 0ms, totalSlot: 1, currentSlotIndex: 0
[INFO] 2025-10-13 10:34:36.256 +0800 o.a.d.s.m.c.IdSlotBasedCommandFetcher:[67] - Fetch commands: 0 success, cost: 0ms, totalSlot: 1, currentSlotIndex: 0
[INFO] 2025-10-13 10:34:37.451 +0800 o.a.d.s.m.c.IdSlotBasedCommandFetcher:[67] - Fetch commands: 0 success, cost: 0ms, totalSlot: 1, currentSlotIndex: 0
[INFO] 2025-10-13 10:34:38.691 +0800 o.a.d.s.m.c.IdSlotBasedCommandFetcher:[67] - Fetch commands: 0 success, cost: 0ms, totalSlot: 1, currentSlotIndex: 0
[INFO] 2025-10-13 10:34:39.694 +0800 o.a.d.s.m.c.IdSlotBasedCommandFetcher:[67] - Fetch commands: 0 success, cost: 0ms, totalSlot: 1, currentSlotIndex: 0
[INFO] 2025-10-13 10:34:40.241 +0800 o.a.d.s.m.r.t.TaskGroupCoordinator:[187] - Success amend TaskGroupQueue status cost: 0/ms
[INFO] 2025-10-13 10:34:40.241 +0800 o.a.d.s.m.r.t.TaskGroupCoordinator:[241] - Success deal with force start TaskGroupQueue cost: 0/ms
[INFO] 2025-10-13 10:34:40.241 +0800 o.a.d.s.m.r.t.TaskGroupCoordinator:[129] - TaskGroupCoordinator round time cost: 0/ms
[INFO] 2025-10-13 10:34:40.707 +0800 o.a.d.s.m.c.IdSlotBasedCommandFetcher:[67] - Fetch commands: 0 success, cost: 1ms, totalSlot: 1, currentSlotIndex: 0
[INFO] 2025-10-13 10:34:41.708 +0800 o.a.d.s.m.c.IdSlotBasedCommandFetcher:[67] - Fetch commands: 0 success, cost: 0ms, totalSlot: 1, currentSlotIndex: 0
[INFO] 2025-10-13 10:34:42.718 +0800 o.a.d.s.m.c.IdSlotBasedCommandFetcher:[67] - Fetch commands: 0 success, cost: 0ms, totalSlot: 1, currentSlotIndex: 0
[INFO] 2025-10-13 10:34:43.721 +0800 o.a.d.s.m.c.IdSlotBasedCommandFetcher:[67] - Fetch commands: 0 success, cost: 0ms, totalSlot: 1, currentSlotIndex: 0
[INFO] 2025-10-13 10:34:44.723 +0800 o.a.d.s.m.c.IdSlotBasedCommandFetcher:[67] - Fetch commands: 0 success, cost: 0ms, totalSlot: 1, currentSlotIndex: 0
[INFO] 2025-10-13 10:34:45.264 +0800 o.a.d.s.m.r.t.TaskGroupCoordinator:[187] - Success amend TaskGroupQueue status cost: 0/ms
[INFO] 2025-10-13 10:34:45.264 +0800 o.a.d.s.m.r.t.TaskGroupCoordinator:[241] - Success deal with force start TaskGroupQueue cost: 0/ms
[INFO] 2025-10-13 10:34:45.264 +0800 o.a.d.s.m.r.t.TaskGroupCoordinator:[129] - TaskGroupCoordinator round time cost: 0/ms
[INFO] 2025-10-13 10:34:45.734 +0800 o.a.d.s.m.c.IdSlotBasedCommandFetcher:[67] - Fetch commands: 0 success, cost: 0ms, totalSlot: 1, currentSlotIndex: 0
[INFO] 2025-10-13 10:34:46.743 +0800 o.a.d.s.m.c.IdSlotBasedCommandFetcher:[67] - Fetch commands: 0 success, cost: 0ms, totalSlot: 1, currentSlotIndex: 0
[INFO] 2025-10-13 10:34:47.752 +0800 o.a.d.s.m.c.IdSlotBasedCommandFetcher:[67] - Fetch commands: 0 success, cost: 0ms, totalSlot: 1, currentSlotIndex: 0
[INFO] 2025-10-13 10:34:48.753 +0800 o.a.d.s.m.c.IdSlotBasedCommandFetcher:[67] - Fetch commands: 0 success, cost: 0ms, totalSlot: 1, currentSlotIndex: 0
[INFO] 2025-10-13 10:34:49.757 +0800 o.a.d.s.m.c.IdSlotBasedCommandFetcher:[67] - Fetch commands: 0 success, cost: 0ms, totalSlot: 1, currentSlotIndex: 0
[INFO] 2025-10-13 10:34:50.271 +0800 o.a.d.s.m.r.t.TaskGroupCoordinator:[187] - Success amend TaskGroupQueue status cost: 0/ms
[INFO] 2025-10-13 10:34:50.271 +0800 o.a.d.s.m.r.t.TaskGroupCoordinator:[241] - Success deal with force start TaskGroupQueue cost: 0/ms
[INFO] 2025-10-13 10:34:50.271 +0800 o.a.d.s.m.r.t.TaskGroupCoordinator:[129] - TaskGroupCoordinator round time cost: 0/ms
[INFO] 2025-10-13 10:34:50.951 +0800 o.a.d.s.m.c.IdSlotBasedCommandFetcher:[67] - Fetch commands: 0 success, cost: 1ms, totalSlot: 1, currentSlotIndex: 0
[INFO] 2025-10-13 10:34:52.026 +0800 o.a.d.s.m.c.IdSlotBasedCommandFetcher:[67] - Fetch commands: 0 success, cost: 0ms, totalSlot: 1, currentSlotIndex: 0
[INFO] 2025-10-13 10:34:53.108 +0800 o.a.d.s.m.c.IdSlotBasedCommandFetcher:[67] - Fetch commands: 0 success, cost: 0ms, totalSlot: 1, currentSlotIndex: 0
[INFO] 2025-10-13 10:34:54.202 +0800 o.a.d.s.m.c.IdSlotBasedCommandFetcher:[67] - Fetch commands: 0 success, cost: 1ms, totalSlot: 1, currentSlotIndex: 0
[INFO] 2025-10-13 10:34:55.284 +0800 o.a.d.s.m.r.t.TaskGroupCoordinator:[187] - Success amend TaskGroupQueue status cost: 0/ms
[INFO] 2025-10-13 10:34:55.284 +0800 o.a.d.s.m.r.t.TaskGroupCoordinator:[241] - Success deal with force start TaskGroupQueue cost: 0/ms
[INFO] 2025-10-13 10:34:55.284 +0800 o.a.d.s.m.r.t.TaskGroupCoordinator:[129] - TaskGroupCoordinator round time cost: 0/ms
[INFO] 2025-10-13 10:34:55.296 +0800 o.a.d.s.m.c.IdSlotBasedCommandFetcher:[67] - Fetch commands: 0 success, cost: 0ms, totalSlot: 1, currentSlotIndex: 0
[INFO] 2025-10-13 10:34:56.383 +0800 o.a.d.s.m.c.IdSlotBasedCommandFetcher:[67] - Fetch commands: 0 success, cost: 0ms, totalSlot: 1, currentSlotIndex: 0
[INFO] 2025-10-13 10:34:57.539 +0800 o.a.d.s.m.c.IdSlotBasedCommandFetcher:[67] - Fetch commands: 0 success, cost: 1ms, totalSlot: 1, currentSlotIndex: 0
[INFO] 2025-10-13 10:34:58.545 +0800 o.a.d.s.m.c.IdSlotBasedCommandFetcher:[67] - Fetch commands: 0 success, cost: 0ms, totalSlot: 1, currentSlotIndex: 0
[INFO] 2025-10-13 10:34:59.558 +0800 o.a.d.s.m.c.IdSlotBasedCommandFetcher:[67] - Fetch commands: 0 success, cost: 0ms, totalSlot: 1, currentSlotIndex: 0
[INFO] 2025-10-13 10:35:00.293 +0800 o.a.d.s.m.r.t.TaskGroupCoordinator:[187] - Success amend TaskGroupQueue status cost: 0/ms
[INFO] 2025-10-13 10:35:00.293 +0800 o.a.d.s.m.r.t.TaskGroupCoordinator:[241] - Success deal with force start TaskGroupQueue cost: 0/ms
[INFO] 2025-10-13 10:35:00.293 +0800 o.a.d.s.m.r.t.TaskGroupCoordinator:[129] - TaskGroupCoordinator round time cost: 0/ms
[INFO] 2025-10-13 10:35:00.573 +0800 o.a.d.s.m.c.IdSlotBasedCommandFetcher:[67] - Fetch commands: 0 success, cost: 0ms, totalSlot: 1, currentSlotIndex: 0
[INFO] 2025-10-13 10:35:01.587 +0800 o.a.d.s.m.c.IdSlotBasedCommandFetcher:[67] - Fetch commands: 0 success, cost: 0ms, totalSlot: 1, currentSlotIndex: 0
[INFO] 2025-10-13 10:35:02.591 +0800 o.a.d.s.m.c.IdSlotBasedCommandFetcher:[67] - Fetch commands: 0 success, cost: 1ms, totalSlot: 1, currentSlotIndex: 0
[INFO] 2025-10-13 10:35:03.598 +0800 o.a.d.s.m.c.IdSlotBasedCommandFetcher:[67] - Fetch commands: 0 success, cost: 0ms, totalSlot: 1, currentSlotIndex: 0
[INFO] 2025-10-13 10:35:04.602 +0800 o.a.d.s.m.c.IdSlotBasedCommandFetcher:[67] - Fetch commands: 0 success, cost: 0ms, totalSlot: 1, currentSlotIndex: 0
[INFO] 2025-10-13 10:35:05.307 +0800 o.a.d.s.m.r.t.TaskGroupCoordinator:[187] - Success amend TaskGroupQueue status cost: 0/ms
[INFO] 2025-10-13 10:35:05.307 +0800 o.a.d.s.m.r.t.TaskGroupCoordinator:[241] - Success deal with force start TaskGroupQueue cost: 0/ms
[INFO] 2025-10-13 10:35:05.307 +0800 o.a.d.s.m.r.t.TaskGroupCoordinator:[129] - TaskGroupCoordinator round time cost: 0/ms
[INFO] 2025-10-13 10:35:05.615 +0800 o.a.d.s.m.c.IdSlotBasedCommandFetcher:[67] - Fetch commands: 0 success, cost: 0ms, totalSlot: 1, currentSlotIndex: 0
[INFO] 2025-10-13 10:35:06.623 +0800 o.a.d.s.m.c.IdSlotBasedCommandFetcher:[67] - Fetch commands: 0 success, cost: 0ms, totalSlot: 1, currentSlotIndex: 0
[INFO] 2025-10-13 10:35:07.625 +0800 o.a.d.s.m.c.IdSlotBasedCommandFetcher:[67] - Fetch commands: 0 success, cost: 0ms, totalSlot: 1, currentSlotIndex: 0
[INFO] 2025-10-13 10:35:08.625 +0800 o.a.d.s.m.c.IdSlotBasedCommandFetcher:[67] - Fetch commands: 0 success, cost: 0ms, totalSlot: 1, currentSlotIndex: 0
[INFO] 2025-10-13 10:35:09.629 +0800 o.a.d.s.m.c.IdSlotBasedCommandFetcher:[67] - Fetch commands: 0 success, cost: 0ms, totalSlot: 1, currentSlotIndex: 0
[INFO] 2025-10-13 10:35:10.322 +0800 o.a.d.s.m.r.t.TaskGroupCoordinator:[187] - Success amend TaskGroupQueue status cost: 0/ms
[INFO] 2025-10-13 10:35:10.322 +0800 o.a.d.s.m.r.t.TaskGroupCoordinator:[241] - Success deal with force start TaskGroupQueue cost: 0/ms
[INFO] 2025-10-13 10:35:10.322 +0800 o.a.d.s.m.r.t.TaskGroupCoordinator:[129] - TaskGroupCoordinator round time cost: 0/ms
[INFO] 2025-10-13 10:35:10.819 +0800 o.a.d.s.m.c.IdSlotBasedCommandFetcher:[67] - Fetch commands: 0 success, cost: 0ms, totalSlot: 1, currentSlotIndex: 0
[INFO] 2025-10-13 10:35:12.009 +0800 o.a.d.s.m.c.IdSlotBasedCommandFetcher:[67] - Fetch commands: 0 success, cost: 0ms, totalSlot: 1, currentSlotIndex: 0
[INFO] 2025-10-13 10:35:13.310 +0800 o.a.d.s.m.c.IdSlotBasedCommandFetcher:[67] - Fetch commands: 0 success, cost: 0ms, totalSlot: 1, currentSlotIndex: 0
[INFO] 2025-10-13 10:35:14.486 +0800 o.a.d.m.m.BaseServerLoadProtection:[43] - OverLoad: the system cpu usage: 1.0 is over then the maxSystemCpuUsagePercentageThresholds 0.9
[WARN] 2025-10-13 10:35:14.486 +0800 o.a.d.s.m.r.MasterSchedulerBootstrap:[120] - The current server is overload, cannot consumes commands.
[INFO] 2025-10-13 10:35:15.021 +0800 o.a.d.m.m.BaseServerLoadProtection:[43] - OverLoad: the system cpu usage: 1.0 is over then the maxSystemCpuUsagePercentageThresholds 0.9
[INFO] 2025-10-13 10:35:15.284 +0800 o.a.d.m.m.BaseServerLoadProtection:[43] - OverLoad: the system cpu usage: 1.0 is over then the maxSystemCpuUsagePercentageThresholds 0.9
[INFO] 2025-10-13 10:35:15.333 +0800 o.a.d.s.m.r.t.TaskGroupCoordinator:[187] - Success amend TaskGroupQueue status cost: 0/ms
[INFO] 2025-10-13 10:35:15.333 +0800 o.a.d.s.m.r.t.TaskGroupCoordinator:[241] - Success deal with force start TaskGroupQueue cost: 0/ms
[INFO] 2025-10-13 10:35:15.333 +0800 o.a.d.s.m.r.t.TaskGroupCoordinator:[129] - TaskGroupCoordinator round time cost: 0/ms
[INFO] 2025-10-13 10:35:15.576 +0800 o.a.d.s.m.c.IdSlotBasedCommandFetcher:[67] - Fetch commands: 0 success, cost: 0ms, totalSlot: 1, currentSlotIndex: 0
[INFO] 2025-10-13 10:35:16.674 +0800 o.a.d.s.m.c.IdSlotBasedCommandFetcher:[67] - Fetch commands: 0 success, cost: 0ms, totalSlot: 1, currentSlotIndex: 0
[INFO] 2025-10-13 10:35:17.758 +0800 o.a.d.s.m.c.IdSlotBasedCommandFetcher:[67] - Fetch commands: 0 success, cost: 0ms, totalSlot: 1, currentSlotIndex: 0
[INFO] 2025-10-13 10:35:18.840 +0800 o.a.d.s.m.c.IdSlotBasedCommandFetcher:[67] - Fetch commands: 0 success, cost: 1ms, totalSlot: 1, currentSlotIndex: 0
[INFO] 2025-10-13 10:35:19.919 +0800 o.a.d.s.m.c.IdSlotBasedCommandFetcher:[67] - Fetch commands: 0 success, cost: 0ms, totalSlot: 1, currentSlotIndex: 0
[INFO] 2025-10-13 10:35:20.341 +0800 o.a.d.s.m.r.t.TaskGroupCoordinator:[187] - Success amend TaskGroupQueue status cost: 0/ms
[INFO] 2025-10-13 10:35:20.341 +0800 o.a.d.s.m.r.t.TaskGroupCoordinator:[241] - Success deal with force start TaskGroupQueue cost: 0/ms
[INFO] 2025-10-13 10:35:20.341 +0800 o.a.d.s.m.r.t.TaskGroupCoordinator:[129] - TaskGroupCoordinator round time cost: 0/ms
[INFO] 2025-10-13 10:35:21.020 +0800 o.a.d.s.m.c.IdSlotBasedCommandFetcher:[67] - Fetch commands: 0 success, cost: 0ms, totalSlot: 1, currentSlotIndex: 0
[INFO] 2025-10-13 10:35:22.173 +0800 o.a.d.s.m.c.IdSlotBasedCommandFetcher:[67] - Fetch commands: 0 success, cost: 0ms, totalSlot: 1, currentSlotIndex: 0
[INFO] 2025-10-13 10:35:23.190 +0800 o.a.d.s.m.c.IdSlotBasedCommandFetcher:[67] - Fetch commands: 0 success, cost: 0ms, totalSlot: 1, currentSlotIndex: 0
[INFO] 2025-10-13 10:35:24.196 +0800 o.a.d.s.m.c.IdSlotBasedCommandFetcher:[67] - Fetch commands: 0 success, cost: 0ms, totalSlot: 1, currentSlotIndex: 0
[INFO] 2025-10-13 10:35:25.198 +0800 o.a.d.s.m.c.IdSlotBasedCommandFetcher:[67] - Fetch commands: 0 success, cost: 0ms, totalSlot: 1, currentSlotIndex: 0
[INFO] 2025-10-13 10:35:25.360 +0800 o.a.d.s.m.r.t.TaskGroupCoordinator:[187] - Success amend TaskGroupQueue status cost: 0/ms
[INFO] 2025-10-13 10:35:25.360 +0800 o.a.d.s.m.r.t.TaskGroupCoordinator:[241] - Success deal with force start TaskGroupQueue cost: 0/ms
[INFO] 2025-10-13 10:35:25.360 +0800 o.a.d.s.m.r.t.TaskGroupCoordinator:[129] - TaskGroupCoordinator round time cost: 0/ms
[INFO] 2025-10-13 10:35:26.202 +0800 o.a.d.s.m.c.IdSlotBasedCommandFetcher:[67] - Fetch commands: 0 success, cost: 0ms, totalSlot: 1, currentSlotIndex: 0
[INFO] 2025-10-13 10:35:27.204 +0800 o.a.d.s.m.c.IdSlotBasedCommandFetcher:[67] - Fetch commands: 0 success, cost: 1ms, totalSlot: 1, currentSlotIndex: 0
[INFO] 2025-10-13 10:35:28.217 +0800 o.a.d.s.m.c.IdSlotBasedCommandFetcher:[67] - Fetch commands: 0 success, cost: 0ms, totalSlot: 1, currentSlotIndex: 0
[INFO] 2025-10-13 10:35:29.223 +0800 o.a.d.s.m.c.IdSlotBasedCommandFetcher:[67] - Fetch commands: 0 success, cost: 0ms, totalSlot: 1, currentSlotIndex: 0
[INFO] 2025-10-13 10:35:30.226 +0800 o.a.d.s.m.c.IdSlotBasedCommandFetcher:[67] - Fetch commands: 0 success, cost: 0ms, totalSlot: 1, currentSlotIndex: 0
[INFO] 2025-10-13 10:35:30.367 +0800 o.a.d.s.m.r.t.TaskGroupCoordinator:[187] - Success amend TaskGroupQueue status cost: 0/ms
[INFO] 2025-10-13 10:35:30.367 +0800 o.a.d.s.m.r.t.TaskGroupCoordinator:[241] - Success deal with force start TaskGroupQueue cost: 0/ms
[INFO] 2025-10-13 10:35:30.367 +0800 o.a.d.s.m.r.t.TaskGroupCoordinator:[129] - TaskGroupCoordinator round time cost: 0/ms
[INFO] 2025-10-13 10:35:31.235 +0800 o.a.d.s.m.c.IdSlotBasedCommandFetcher:[67] - Fetch commands: 0 success, cost: 0ms, totalSlot: 1, currentSlotIndex: 0
[INFO] 2025-10-13 10:35:32.241 +0800 o.a.d.s.m.c.IdSlotBasedCommandFetcher:[67] - Fetch commands: 0 success, cost: 0ms, totalSlot: 1, currentSlotIndex: 0
[INFO] 2025-10-13 10:35:33.391 +0800 o.a.d.s.m.c.IdSlotBasedCommandFetcher:[67] - Fetch commands: 0 success, cost: 0ms, totalSlot: 1, currentSlotIndex: 0
[INFO] 2025-10-13 10:35:34.474 +0800 o.a.d.s.m.c.IdSlotBasedCommandFetcher:[67] - Fetch commands: 0 success, cost: 0ms, totalSlot: 1, currentSlotIndex: 0
[INFO] 2025-10-13 10:35:35.378 +0800 o.a.d.s.m.r.t.TaskGroupCoordinator:[187] - Success amend TaskGroupQueue status cost: 0/ms
[INFO] 2025-10-13 10:35:35.378 +0800 o.a.d.s.m.r.t.TaskGroupCoordinator:[241] - Success deal with force start TaskGroupQueue cost: 0/ms
[INFO] 2025-10-13 10:35:35.378 +0800 o.a.d.s.m.r.t.TaskGroupCoordinator:[129] - TaskGroupCoordinator round time cost: 0/ms
[INFO] 2025-10-13 10:35:35.621 +0800 o.a.d.s.m.c.IdSlotBasedCommandFetcher:[67] - Fetch commands: 0 success, cost: 0ms, totalSlot: 1, currentSlotIndex: 0
[INFO] 2025-10-13 10:35:36.637 +0800 o.a.d.s.m.c.IdSlotBasedCommandFetcher:[67] - Fetch commands: 0 success, cost: 0ms, totalSlot: 1, currentSlotIndex: 0
[INFO] 2025-10-13 10:35:37.638 +0800 o.a.d.s.m.c.IdSlotBasedCommandFetcher:[67] - Fetch commands: 0 success, cost: 0ms, totalSlot: 1, currentSlotIndex: 0
[INFO] 2025-10-13 10:35:38.641 +0800 o.a.d.s.m.c.IdSlotBasedCommandFetcher:[67] - Fetch commands: 0 success, cost: 0ms, totalSlot: 1, currentSlotIndex: 0
[INFO] 2025-10-13 10:35:39.651 +0800 o.a.d.s.m.c.IdSlotBasedCommandFetcher:[67] - Fetch commands: 0 success, cost: 0ms, totalSlot: 1, currentSlotIndex: 0
[INFO] 2025-10-13 10:35:40.389 +0800 o.a.d.s.m.r.t.TaskGroupCoordinator:[187] - Success amend TaskGroupQueue status cost: 0/ms
[INFO] 2025-10-13 10:35:40.389 +0800 o.a.d.s.m.r.t.TaskGroupCoordinator:[241] - Success deal with force start TaskGroupQueue cost: 0/ms
[INFO] 2025-10-13 10:35:40.390 +0800 o.a.d.s.m.r.t.TaskGroupCoordinator:[129] - TaskGroupCoordinator round time cost: 0/ms
[INFO] 2025-10-13 10:35:40.661 +0800 o.a.d.s.m.c.IdSlotBasedCommandFetcher:[67] - Fetch commands: 0 success, cost: 0ms, totalSlot: 1, currentSlotIndex: 0
[INFO] 2025-10-13 10:35:41.667 +0800 o.a.d.s.m.c.IdSlotBasedCommandFetcher:[67] - Fetch commands: 0 success, cost: 0ms, totalSlot: 1, currentSlotIndex: 0
[INFO] 2025-10-13 10:35:42.672 +0800 o.a.d.s.m.c.IdSlotBasedCommandFetcher:[67] - Fetch commands: 0 success, cost: 0ms, totalSlot: 1, currentSlotIndex: 0
[INFO] 2025-10-13 10:35:43.673 +0800 o.a.d.s.m.c.IdSlotBasedCommandFetcher:[67] - Fetch commands: 0 success, cost: 0ms, totalSlot: 1, currentSlotIndex: 0
[INFO] 2025-10-13 10:35:44.678 +0800 o.a.d.s.m.c.IdSlotBasedCommandFetcher:[67] - Fetch commands: 0 success, cost: 0ms, totalSlot: 1, currentSlotIndex: 0
[INFO] 2025-10-13 10:35:45.408 +0800 o.a.d.s.m.r.t.TaskGroupCoordinator:[187] - Success amend TaskGroupQueue status cost: 0/ms
[INFO] 2025-10-13 10:35:45.408 +0800 o.a.d.s.m.r.t.TaskGroupCoordinator:[241] - Success deal with force start TaskGroupQueue cost: 0/ms
[INFO] 2025-10-13 10:35:45.409 +0800 o.a.d.s.m.r.t.TaskGroupCoordinator:[129] - TaskGroupCoordinator round time cost: 0/ms
[INFO] 2025-10-13 10:35:45.680 +0800 o.a.d.s.m.c.IdSlotBasedCommandFetcher:[67] - Fetch commands: 0 success, cost: 0ms, totalSlot: 1, currentSlotIndex: 0
[INFO] 2025-10-13 10:35:46.817 +0800 o.a.d.s.m.c.IdSlotBasedCommandFetcher:[67] - Fetch commands: 0 success, cost: 0ms, totalSlot: 1, currentSlotIndex: 0
[INFO] 2025-10-13 10:35:47.901 +0800 o.a.d.s.m.c.IdSlotBasedCommandFetcher:[67] - Fetch commands: 0 success, cost: 0ms, totalSlot: 1, currentSlotIndex: 0
[INFO] 2025-10-13 10:35:49.049 +0800 o.a.d.s.m.c.IdSlotBasedCommandFetcher:[67] - Fetch commands: 0 success, cost: 0ms, totalSlot: 1, currentSlotIndex: 0
[INFO] 2025-10-13 10:35:50.053 +0800 o.a.d.s.m.c.IdSlotBasedCommandFetcher:[67] - Fetch commands: 0 success, cost: 0ms, totalSlot: 1, currentSlotIndex: 0
[INFO] 2025-10-13 10:35:50.418 +0800 o.a.d.s.m.r.t.TaskGroupCoordinator:[187] - Success amend TaskGroupQueue status cost: 0/ms
[INFO] 2025-10-13 10:35:50.418 +0800 o.a.d.s.m.r.t.TaskGroupCoordinator:[241] - Success deal with force start TaskGroupQueue cost: 0/ms
[INFO] 2025-10-13 10:35:50.418 +0800 o.a.d.s.m.r.t.TaskGroupCoordinator:[129] - TaskGroupCoordinator round time cost: 1/ms
[INFO] 2025-10-13 10:35:51.055 +0800 o.a.d.s.m.c.IdSlotBasedCommandFetcher:[67] - Fetch commands: 0 success, cost: 0ms, totalSlot: 1, currentSlotIndex: 0
[INFO] 2025-10-13 10:35:52.059 +0800 o.a.d.s.m.c.IdSlotBasedCommandFetcher:[67] - Fetch commands: 0 success, cost: 1ms, totalSlot: 1, currentSlotIndex: 0
[INFO] 2025-10-13 10:35:53.062 +0800 o.a.d.s.m.c.IdSlotBasedCommandFetcher:[67] - Fetch commands: 0 success, cost: 0ms, totalSlot: 1, currentSlotIndex: 0
[INFO] 2025-10-13 10:35:54.070 +0800 o.a.d.s.m.c.IdSlotBasedCommandFetcher:[67] - Fetch commands: 0 success, cost: 0ms, totalSlot: 1, currentSlotIndex: 0
[INFO] 2025-10-13 10:35:55.074 +0800 o.a.d.s.m.c.IdSlotBasedCommandFetcher:[67] - Fetch commands: 0 success, cost: 0ms, totalSlot: 1, currentSlotIndex: 0
[INFO] 2025-10-13 10:35:55.427 +0800 o.a.d.s.m.r.t.TaskGroupCoordinator:[187] - Success amend TaskGroupQueue status cost: 0/ms
[INFO] 2025-10-13 10:35:55.427 +0800 o.a.d.s.m.r.t.TaskGroupCoordinator:[241] - Success deal with force start TaskGroupQueue cost: 0/ms
[INFO] 2025-10-13 10:35:55.427 +0800 o.a.d.s.m.r.t.TaskGroupCoordinator:[129] - TaskGroupCoordinator round time cost: 0/ms
[INFO] 2025-10-13 10:35:56.083 +0800 o.a.d.s.m.c.IdSlotBasedCommandFetcher:[67] - Fetch commands: 0 success, cost: 0ms, totalSlot: 1, currentSlotIndex: 0
[INFO] 2025-10-13 10:35:57.085 +0800 o.a.d.s.m.c.IdSlotBasedCommandFetcher:[67] - Fetch commands: 0 success, cost: 0ms, totalSlot: 1, currentSlotIndex: 0
[INFO] 2025-10-13 10:35:58.086 +0800 o.a.d.s.m.c.IdSlotBasedCommandFetcher:[67] - Fetch commands: 0 success, cost: 1ms, totalSlot: 1, currentSlotIndex: 0
[INFO] 2025-10-13 10:35:59.199 +0800 o.a.d.s.m.c.IdSlotBasedCommandFetcher:[67] - Fetch commands: 0 success, cost: 0ms, totalSlot: 1, currentSlotIndex: 0
[INFO] 2025-10-13 10:36:00.289 +0800 o.a.d.s.m.c.IdSlotBasedCommandFetcher:[67] - Fetch commands: 0 success, cost: 0ms, totalSlot: 1, currentSlotIndex: 0
[INFO] 2025-10-13 10:36:00.434 +0800 o.a.d.s.m.r.t.TaskGroupCoordinator:[187] - Success amend TaskGroupQueue status cost: 0/ms
[INFO] 2025-10-13 10:36:00.434 +0800 o.a.d.s.m.r.t.TaskGroupCoordinator:[241] - Success deal with force start TaskGroupQueue cost: 0/ms
[INFO] 2025-10-13 10:36:00.435 +0800 o.a.d.s.m.r.t.TaskGroupCoordinator:[129] - TaskGroupCoordinator round time cost: 0/ms
[INFO] 2025-10-13 10:36:01.378 +0800 o.a.d.s.m.c.IdSlotBasedCommandFetcher:[67] - Fetch commands: 0 success, cost: 0ms, totalSlot: 1, currentSlotIndex: 0
[INFO] 2025-10-13 10:36:02.467 +0800 o.a.d.s.m.c.IdSlotBasedCommandFetcher:[67] - Fetch commands: 0 success, cost: 0ms, totalSlot: 1, currentSlotIndex: 0
[INFO] 2025-10-13 10:36:03.564 +0800 o.a.d.s.m.c.IdSlotBasedCommandFetcher:[67] - Fetch commands: 0 success, cost: 0ms, totalSlot: 1, currentSlotIndex: 0
[INFO] 2025-10-13 10:36:04.685 +0800 o.a.d.s.m.c.IdSlotBasedCommandFetcher:[67] - Fetch commands: 0 success, cost: 0ms, totalSlot: 1, currentSlotIndex: 0
[INFO] 2025-10-13 10:36:05.448 +0800 o.a.d.s.m.r.t.TaskGroupCoordinator:[187] - Success amend TaskGroupQueue status cost: 0/ms
[INFO] 2025-10-13 10:36:05.451 +0800 o.a.d.s.m.r.t.TaskGroupCoordinator:[241] - Success deal with force start TaskGroupQueue cost: 0/ms
[INFO] 2025-10-13 10:36:05.451 +0800 o.a.d.s.m.r.t.TaskGroupCoordinator:[129] - TaskGroupCoordinator round time cost: 0/ms
[INFO] 2025-10-13 10:36:05.695 +0800 o.a.d.s.m.c.IdSlotBasedCommandFetcher:[67] - Fetch commands: 0 success, cost: 0ms, totalSlot: 1, currentSlotIndex: 0
[INFO] 2025-10-13 10:36:06.703 +0800 o.a.d.s.m.c.IdSlotBasedCommandFetcher:[67] - Fetch commands: 0 success, cost: 0ms, totalSlot: 1, currentSlotIndex: 0
[INFO] 2025-10-13 10:36:07.710 +0800 o.a.d.s.m.c.IdSlotBasedCommandFetcher:[67] - Fetch commands: 0 success, cost: 0ms, totalSlot: 1, currentSlotIndex: 0
[INFO] 2025-10-13 10:36:08.712 +0800 o.a.d.s.m.c.IdSlotBasedCommandFetcher:[67] - Fetch commands: 0 success, cost: 0ms, totalSlot: 1, currentSlotIndex: 0
[INFO] 2025-10-13 10:36:09.721 +0800 o.a.d.s.m.c.IdSlotBasedCommandFetcher:[67] - Fetch commands: 0 success, cost: 0ms, totalSlot: 1, currentSlotIndex: 0
[INFO] 2025-10-13 10:36:10.463 +0800 o.a.d.s.m.r.t.TaskGroupCoordinator:[187] - Success amend TaskGroupQueue status cost: 0/ms
[INFO] 2025-10-13 10:36:10.463 +0800 o.a.d.s.m.r.t.TaskGroupCoordinator:[241] - Success deal with force start TaskGroupQueue cost: 0/ms
[INFO] 2025-10-13 10:36:10.463 +0800 o.a.d.s.m.r.t.TaskGroupCoordinator:[129] - TaskGroupCoordinator round time cost: 0/ms
[INFO] 2025-10-13 10:36:10.726 +0800 o.a.d.s.m.c.IdSlotBasedCommandFetcher:[67] - Fetch commands: 0 success, cost: 0ms, totalSlot: 1, currentSlotIndex: 0
[INFO] 2025-10-13 10:36:11.734 +0800 o.a.d.s.m.c.IdSlotBasedCommandFetcher:[67] - Fetch commands: 0 success, cost: 1ms, totalSlot: 1, currentSlotIndex: 0
[INFO] 2025-10-13 10:36:12.738 +0800 o.a.d.s.m.c.IdSlotBasedCommandFetcher:[67] - Fetch commands: 0 success, cost: 0ms, totalSlot: 1, currentSlotIndex: 0
[INFO] 2025-10-13 10:36:13.744 +0800 o.a.d.s.m.c.IdSlotBasedCommandFetcher:[67] - Fetch commands: 0 success, cost: 0ms, totalSlot: 1, currentSlotIndex: 0
[INFO] 2025-10-13 10:36:14.756 +0800 o.a.d.s.m.c.IdSlotBasedCommandFetcher:[67] - Fetch commands: 0 success, cost: 0ms, totalSlot: 1, currentSlotIndex: 0
[INFO] 2025-10-13 10:36:15.480 +0800 o.a.d.s.m.r.t.TaskGroupCoordinator:[187] - Success amend TaskGroupQueue status cost: 0/ms
[INFO] 2025-10-13 10:36:15.480 +0800 o.a.d.s.m.r.t.TaskGroupCoordinator:[241] - Success deal with force start TaskGroupQueue cost: 0/ms
[INFO] 2025-10-13 10:36:15.480 +0800 o.a.d.s.m.r.t.TaskGroupCoordinator:[129] - TaskGroupCoordinator round time cost: 1/ms
[INFO] 2025-10-13 10:36:15.921 +0800 o.a.d.s.m.c.IdSlotBasedCommandFetcher:[67] - Fetch commands: 0 success, cost: 0ms, totalSlot: 1, currentSlotIndex: 0
[INFO] 2025-10-13 10:36:17.020 +0800 o.a.d.s.m.c.IdSlotBasedCommandFetcher:[67] - Fetch commands: 0 success, cost: 1ms, totalSlot: 1, currentSlotIndex: 0
[INFO] 2025-10-13 10:36:18.120 +0800 o.a.d.s.m.c.IdSlotBasedCommandFetcher:[67] - Fetch commands: 0 success, cost: 0ms, totalSlot: 1, currentSlotIndex: 0
[INFO] 2025-10-13 10:36:19.130 +0800 o.a.d.s.m.c.IdSlotBasedCommandFetcher:[67] - Fetch commands: 0 success, cost: 0ms, totalSlot: 1, currentSlotIndex: 0
[INFO] 2025-10-13 10:36:20.137 +0800 o.a.d.s.m.c.IdSlotBasedCommandFetcher:[67] - Fetch commands: 0 success, cost: 0ms, totalSlot: 1, currentSlotIndex: 0
[INFO] 2025-10-13 10:36:20.494 +0800 o.a.d.s.m.r.t.TaskGroupCoordinator:[187] - Success amend TaskGroupQueue status cost: 0/ms
[INFO] 2025-10-13 10:36:20.494 +0800 o.a.d.s.m.r.t.TaskGroupCoordinator:[241] - Success deal with force start TaskGroupQueue cost: 0/ms
[INFO] 2025-10-13 10:36:20.494 +0800 o.a.d.s.m.r.t.TaskGroupCoordinator:[129] - TaskGroupCoordinator round time cost: 1/ms
[INFO] 2025-10-13 10:36:21.139 +0800 o.a.d.s.m.c.IdSlotBasedCommandFetcher:[67] - Fetch commands: 0 success, cost: 1ms, totalSlot: 1, currentSlotIndex: 0
[INFO] 2025-10-13 10:36:22.141 +0800 o.a.d.s.m.c.IdSlotBasedCommandFetcher:[67] - Fetch commands: 0 success, cost: 1ms, totalSlot: 1, currentSlotIndex: 0
[INFO] 2025-10-13 10:36:23.149 +0800 o.a.d.s.m.c.IdSlotBasedCommandFetcher:[67] - Fetch commands: 0 success, cost: 0ms, totalSlot: 1, currentSlotIndex: 0
[INFO] 2025-10-13 10:36:24.159 +0800 o.a.d.s.m.c.IdSlotBasedCommandFetcher:[67] - Fetch commands: 0 success, cost: 0ms, totalSlot: 1, currentSlotIndex: 0
[INFO] 2025-10-13 10:36:25.163 +0800 o.a.d.s.m.c.IdSlotBasedCommandFetcher:[67] - Fetch commands: 0 success, cost: 0ms, totalSlot: 1, currentSlotIndex: 0
[INFO] 2025-10-13 10:36:25.501 +0800 o.a.d.s.m.r.t.TaskGroupCoordinator:[187] - Success amend TaskGroupQueue status cost: 0/ms
[INFO] 2025-10-13 10:36:25.501 +0800 o.a.d.s.m.r.t.TaskGroupCoordinator:[241] - Success deal with force start TaskGroupQueue cost: 0/ms
[INFO] 2025-10-13 10:36:25.501 +0800 o.a.d.s.m.r.t.TaskGroupCoordinator:[129] - TaskGroupCoordinator round time cost: 1/ms
[INFO] 2025-10-13 10:36:26.165 +0800 o.a.d.s.m.c.IdSlotBasedCommandFetcher:[67] - Fetch commands: 0 success, cost: 0ms, totalSlot: 1, currentSlotIndex: 0
[INFO] 2025-10-13 10:36:27.300 +0800 o.a.d.s.m.c.IdSlotBasedCommandFetcher:[67] - Fetch commands: 0 success, cost: 0ms, totalSlot: 1, currentSlotIndex: 0
[INFO] 2025-10-13 10:36:28.390 +0800 o.a.d.s.m.c.IdSlotBasedCommandFetcher:[67] - Fetch commands: 0 success, cost: 0ms, totalSlot: 1, currentSlotIndex: 0
[INFO] 2025-10-13 10:36:29.577 +0800 o.a.d.s.m.c.IdSlotBasedCommandFetcher:[67] - Fetch commands: 0 success, cost: 0ms, totalSlot: 1, currentSlotIndex: 0
[INFO] 2025-10-13 10:36:30.513 +0800 o.a.d.s.m.r.t.TaskGroupCoordinator:[187] - Success amend TaskGroupQueue status cost: 0/ms
[INFO] 2025-10-13 10:36:30.513 +0800 o.a.d.s.m.r.t.TaskGroupCoordinator:[241] - Success deal with force start TaskGroupQueue cost: 0/ms
[INFO] 2025-10-13 10:36:30.514 +0800 o.a.d.s.m.r.t.TaskGroupCoordinator:[129] - TaskGroupCoordinator round time cost: 0/ms
[INFO] 2025-10-13 10:36:30.758 +0800 o.a.d.m.m.BaseServerLoadProtection:[43] - OverLoad: the system cpu usage: 1.0 is over then the maxSystemCpuUsagePercentageThresholds 0.9
[WARN] 2025-10-13 10:36:30.758 +0800 o.a.d.s.m.r.MasterSchedulerBootstrap:[120] - The current server is overload, cannot consumes commands.
[INFO] 2025-10-13 10:36:31.073 +0800 o.a.d.m.m.BaseServerLoadProtection:[43] - OverLoad: the system cpu usage: 1.0 is over then the maxSystemCpuUsagePercentageThresholds 0.9
[INFO] 2025-10-13 10:36:31.751 +0800 o.a.d.m.m.BaseServerLoadProtection:[43] - OverLoad: the system cpu usage: 1.0 is over then the maxSystemCpuUsagePercentageThresholds 0.9
[INFO] 2025-10-13 10:36:31.843 +0800 o.a.d.s.m.c.IdSlotBasedCommandFetcher:[67] - Fetch commands: 0 success, cost: 0ms, totalSlot: 1, currentSlotIndex: 0
[INFO] 2025-10-13 10:36:32.938 +0800 o.a.d.s.m.c.IdSlotBasedCommandFetcher:[67] - Fetch commands: 0 success, cost: 0ms, totalSlot: 1, currentSlotIndex: 0
[INFO] 2025-10-13 10:36:34.034 +0800 o.a.d.s.m.c.IdSlotBasedCommandFetcher:[67] - Fetch commands: 0 success, cost: 0ms, totalSlot: 1, currentSlotIndex: 0
[INFO] 2025-10-13 10:36:35.178 +0800 o.a.d.s.m.c.IdSlotBasedCommandFetcher:[67] - Fetch commands: 0 success, cost: 0ms, totalSlot: 1, currentSlotIndex: 0
[INFO] 2025-10-13 10:36:35.519 +0800 o.a.d.s.m.r.t.TaskGroupCoordinator:[187] - Success amend TaskGroupQueue status cost: 0/ms
[INFO] 2025-10-13 10:36:35.520 +0800 o.a.d.s.m.r.t.TaskGroupCoordinator:[241] - Success deal with force start TaskGroupQueue cost: 0/ms
[INFO] 2025-10-13 10:36:35.520 +0800 o.a.d.s.m.r.t.TaskGroupCoordinator:[129] - TaskGroupCoordinator round time cost: 1/ms
[INFO] 2025-10-13 10:36:36.191 +0800 o.a.d.s.m.c.IdSlotBasedCommandFetcher:[67] - Fetch commands: 0 success, cost: 0ms, totalSlot: 1, currentSlotIndex: 0
[INFO] 2025-10-13 10:36:37.201 +0800 o.a.d.s.m.c.IdSlotBasedCommandFetcher:[67] - Fetch commands: 0 success, cost: 0ms, totalSlot: 1, currentSlotIndex: 0
[INFO] 2025-10-13 10:36:38.203 +0800 o.a.d.s.m.c.IdSlotBasedCommandFetcher:[67] - Fetch commands: 0 success, cost: 1ms, totalSlot: 1, currentSlotIndex: 0
[INFO] 2025-10-13 10:36:39.206 +0800 o.a.d.s.m.c.IdSlotBasedCommandFetcher:[67] - Fetch commands: 0 success, cost: 0ms, totalSlot: 1, currentSlotIndex: 0
[INFO] 2025-10-13 10:36:40.214 +0800 o.a.d.s.m.c.IdSlotBasedCommandFetcher:[67] - Fetch commands: 0 success, cost: 0ms, totalSlot: 1, currentSlotIndex: 0
[INFO] 2025-10-13 10:36:40.526 +0800 o.a.d.s.m.r.t.TaskGroupCoordinator:[187] - Success amend TaskGroupQueue status cost: 0/ms
[INFO] 2025-10-13 10:36:40.526 +0800 o.a.d.s.m.r.t.TaskGroupCoordinator:[241] - Success deal with force start TaskGroupQueue cost: 0/ms
[INFO] 2025-10-13 10:36:40.526 +0800 o.a.d.s.m.r.t.TaskGroupCoordinator:[129] - TaskGroupCoordinator round time cost: 1/ms
[INFO] 2025-10-13 10:36:41.222 +0800 o.a.d.s.m.c.IdSlotBasedCommandFetcher:[67] - Fetch commands: 0 success, cost: 0ms, totalSlot: 1, currentSlotIndex: 0
[INFO] 2025-10-13 10:36:42.236 +0800 o.a.d.s.m.c.IdSlotBasedCommandFetcher:[67] - Fetch commands: 0 success, cost: 0ms, totalSlot: 1, currentSlotIndex: 0
[INFO] 2025-10-13 10:36:43.237 +0800 o.a.d.s.m.c.IdSlotBasedCommandFetcher:[67] - Fetch commands: 0 success, cost: 0ms, totalSlot: 1, currentSlotIndex: 0
[INFO] 2025-10-13 10:36:44.252 +0800 o.a.d.s.m.c.IdSlotBasedCommandFetcher:[67] - Fetch commands: 0 success, cost: 0ms, totalSlot: 1, currentSlotIndex: 0
[INFO] 2025-10-13 10:36:45.416 +0800 o.a.d.s.m.c.IdSlotBasedCommandFetcher:[67] - Fetch commands: 0 success, cost: 0ms, totalSlot: 1, currentSlotIndex: 0
[INFO] 2025-10-13 10:36:45.549 +0800 o.a.d.s.m.r.t.TaskGroupCoordinator:[187] - Success amend TaskGroupQueue status cost: 0/ms
[INFO] 2025-10-13 10:36:45.549 +0800 o.a.d.s.m.r.t.TaskGroupCoordinator:[241] - Success deal with force start TaskGroupQueue cost: 0/ms
[INFO] 2025-10-13 10:36:45.552 +0800 o.a.d.s.m.r.t.TaskGroupCoordinator:[129] - TaskGroupCoordinator round time cost: 1/ms
[INFO] 2025-10-13 10:36:46.512 +0800 o.a.d.s.m.c.IdSlotBasedCommandFetcher:[67] - Fetch commands: 0 success, cost: 0ms, totalSlot: 1, currentSlotIndex: 0
[INFO] 2025-10-13 10:36:46.910 +0800 o.a.d.a.i.LoginHandlerInterceptor:[75] - user does not exist
[INFO] 2025-10-13 10:36:47.613 +0800 o.a.d.s.m.c.IdSlotBasedCommandFetcher:[67] - Fetch commands: 0 success, cost: 0ms, totalSlot: 1, currentSlotIndex: 0
[INFO] 2025-10-13 10:36:48.722 +0800 o.a.d.s.m.c.IdSlotBasedCommandFetcher:[67] - Fetch commands: 0 success, cost: 0ms, totalSlot: 1, currentSlotIndex: 0
[INFO] 2025-10-13 10:36:49.829 +0800 o.a.d.s.m.c.IdSlotBasedCommandFetcher:[67] - Fetch commands: 0 success, cost: 0ms, totalSlot: 1, currentSlotIndex: 0
[INFO] 2025-10-13 10:36:50.564 +0800 o.a.d.s.m.r.t.TaskGroupCoordinator:[187] - Success amend TaskGroupQueue status cost: 0/ms
[INFO] 2025-10-13 10:36:50.564 +0800 o.a.d.s.m.r.t.TaskGroupCoordinator:[241] - Success deal with force start TaskGroupQueue cost: 0/ms
[INFO] 2025-10-13 10:36:50.564 +0800 o.a.d.s.m.r.t.TaskGroupCoordinator:[129] - TaskGroupCoordinator round time cost: 1/ms
[INFO] 2025-10-13 10:36:50.926 +0800 o.a.d.s.m.c.IdSlotBasedCommandFetcher:[67] - Fetch commands: 0 success, cost: 0ms, totalSlot: 1, currentSlotIndex: 0
[INFO] 2025-10-13 10:36:52.030 +0800 o.a.d.s.m.c.IdSlotBasedCommandFetcher:[67] - Fetch commands: 0 success, cost: 0ms, totalSlot: 1, currentSlotIndex: 0
[INFO] 2025-10-13 10:36:53.032 +0800 o.a.d.s.m.c.IdSlotBasedCommandFetcher:[67] - Fetch commands: 0 success, cost: 0ms, totalSlot: 1, currentSlotIndex: 0
[INFO] 2025-10-13 10:36:54.034 +0800 o.a.d.s.m.c.IdSlotBasedCommandFetcher:[67] - Fetch commands: 0 success, cost: 0ms, totalSlot: 1, currentSlotIndex: 0
[INFO] 2025-10-13 10:36:55.037 +0800 o.a.d.s.m.c.IdSlotBasedCommandFetcher:[67] - Fetch commands: 0 success, cost: 0ms, totalSlot: 1, currentSlotIndex: 0
[INFO] 2025-10-13 10:36:55.583 +0800 o.a.d.s.m.r.t.TaskGroupCoordinator:[187] - Success amend TaskGroupQueue status cost: 0/ms
[INFO] 2025-10-13 10:36:55.584 +0800 o.a.d.s.m.r.t.TaskGroupCoordinator:[241] - Success deal with force start TaskGroupQueue cost: 0/ms
[INFO] 2025-10-13 10:36:55.584 +0800 o.a.d.s.m.r.t.TaskGroupCoordinator:[129] - TaskGroupCoordinator round time cost: 0/ms
[INFO] 2025-10-13 10:36:56.053 +0800 o.a.d.s.m.c.IdSlotBasedCommandFetcher:[67] - Fetch commands: 0 success, cost: 0ms, totalSlot: 1, currentSlotIndex: 0
[INFO] 2025-10-13 10:36:57.060 +0800 o.a.d.s.m.c.IdSlotBasedCommandFetcher:[67] - Fetch commands: 0 success, cost: 1ms, totalSlot: 1, currentSlotIndex: 0
[INFO] 2025-10-13 10:36:58.062 +0800 o.a.d.s.m.c.IdSlotBasedCommandFetcher:[67] - Fetch commands: 0 success, cost: 0ms, totalSlot: 1, currentSlotIndex: 0
[INFO] 2025-10-13 10:36:59.073 +0800 o.a.d.s.m.c.IdSlotBasedCommandFetcher:[67] - Fetch commands: 0 success, cost: 0ms, totalSlot: 1, currentSlotIndex: 0
[INFO] 2025-10-13 10:37:00.078 +0800 o.a.d.s.m.c.IdSlotBasedCommandFetcher:[67] - Fetch commands: 0 success, cost: 0ms, totalSlot: 1, currentSlotIndex: 0
[INFO] 2025-10-13 10:37:00.601 +0800 o.a.d.s.m.r.t.TaskGroupCoordinator:[187] - Success amend TaskGroupQueue status cost: 0/ms
[INFO] 2025-10-13 10:37:00.601 +0800 o.a.d.s.m.r.t.TaskGroupCoordinator:[241] - Success deal with force start TaskGroupQueue cost: 0/ms
[INFO] 2025-10-13 10:37:00.602 +0800 o.a.d.s.m.r.t.TaskGroupCoordinator:[129] - TaskGroupCoordinator round time cost: 1/ms
[INFO] 2025-10-13 10:37:01.088 +0800 o.a.d.s.m.c.IdSlotBasedCommandFetcher:[67] - Fetch commands: 0 success, cost: 1ms, totalSlot: 1, currentSlotIndex: 0
[INFO] 2025-10-13 10:37:02.099 +0800 o.a.d.s.m.c.IdSlotBasedCommandFetcher:[67] - Fetch commands: 0 success, cost: 0ms, totalSlot: 1, currentSlotIndex: 0
[INFO] 2025-10-13 10:37:03.268 +0800 o.a.d.s.m.c.IdSlotBasedCommandFetcher:[67] - Fetch commands: 0 success, cost: 0ms, totalSlot: 1, currentSlotIndex: 0
[INFO] 2025-10-13 10:37:04.348 +0800 o.a.d.s.m.c.IdSlotBasedCommandFetcher:[67] - Fetch commands: 0 success, cost: 0ms, totalSlot: 1, currentSlotIndex: 0
[INFO] 2025-10-13 10:37:05.465 +0800 o.a.d.s.m.c.IdSlotBasedCommandFetcher:[67] - Fetch commands: 0 success, cost: 0ms, totalSlot: 1, currentSlotIndex: 0
[INFO] 2025-10-13 10:37:05.609 +0800 o.a.d.s.m.r.t.TaskGroupCoordinator:[187] - Success amend TaskGroupQueue status cost: 0/ms
[INFO] 2025-10-13 10:37:05.609 +0800 o.a.d.s.m.r.t.TaskGroupCoordinator:[241] - Success deal with force start TaskGroupQueue cost: 0/ms
[INFO] 2025-10-13 10:37:05.609 +0800 o.a.d.s.m.r.t.TaskGroupCoordinator:[129] - TaskGroupCoordinator round time cost: 1/ms
[INFO] 2025-10-13 10:37:06.466 +0800 o.a.d.s.m.c.IdSlotBasedCommandFetcher:[67] - Fetch commands: 0 success, cost: 0ms, totalSlot: 1, currentSlotIndex: 0
[INFO] 2025-10-13 10:37:07.470 +0800 o.a.d.s.m.c.IdSlotBasedCommandFetcher:[67] - Fetch commands: 0 success, cost: 0ms, totalSlot: 1, currentSlotIndex: 0
[INFO] 2025-10-13 10:37:08.476 +0800 o.a.d.s.m.c.IdSlotBasedCommandFetcher:[67] - Fetch commands: 0 success, cost: 0ms, totalSlot: 1, currentSlotIndex: 0
[INFO] 2025-10-13 10:37:09.487 +0800 o.a.d.s.m.c.IdSlotBasedCommandFetcher:[67] - Fetch commands: 0 success, cost: 0ms, totalSlot: 1, currentSlotIndex: 0
[INFO] 2025-10-13 10:37:10.490 +0800 o.a.d.s.m.c.IdSlotBasedCommandFetcher:[67] - Fetch commands: 0 success, cost: 0ms, totalSlot: 1, currentSlotIndex: 0
[INFO] 2025-10-13 10:37:10.618 +0800 o.a.d.s.m.r.t.TaskGroupCoordinator:[187] - Success amend TaskGroupQueue status cost: 0/ms
[INFO] 2025-10-13 10:37:10.619 +0800 o.a.d.s.m.r.t.TaskGroupCoordinator:[241] - Success deal with force start TaskGroupQueue cost: 0/ms
[INFO] 2025-10-13 10:37:10.619 +0800 o.a.d.s.m.r.t.TaskGroupCoordinator:[129] - TaskGroupCoordinator round time cost: 1/ms
[INFO] 2025-10-13 10:37:11.499 +0800 o.a.d.s.m.c.IdSlotBasedCommandFetcher:[67] - Fetch commands: 0 success, cost: 0ms, totalSlot: 1, currentSlotIndex: 0
[INFO] 2025-10-13 10:37:12.509 +0800 o.a.d.s.m.c.IdSlotBasedCommandFetcher:[67] - Fetch commands: 0 success, cost: 0ms, totalSlot: 1, currentSlotIndex: 0
[INFO] 2025-10-13 10:37:13.523 +0800 o.a.d.s.m.c.IdSlotBasedCommandFetcher:[67] - Fetch commands: 0 success, cost: 0ms, totalSlot: 1, currentSlotIndex: 0
[INFO] 2025-10-13 10:37:14.526 +0800 o.a.d.s.m.c.IdSlotBasedCommandFetcher:[67] - Fetch commands: 0 success, cost: 0ms, totalSlot: 1, currentSlotIndex: 0
[INFO] 2025-10-13 10:37:15.530 +0800 o.a.d.s.m.c.IdSlotBasedCommandFetcher:[67] - Fetch commands: 0 success, cost: 0ms, totalSlot: 1, currentSlotIndex: 0
[INFO] 2025-10-13 10:37:15.627 +0800 o.a.d.s.m.r.t.TaskGroupCoordinator:[187] - Success amend TaskGroupQueue status cost: 0/ms
[INFO] 2025-10-13 10:37:15.628 +0800 o.a.d.s.m.r.t.TaskGroupCoordinator:[241] - Success deal with force start TaskGroupQueue cost: 0/ms
[INFO] 2025-10-13 10:37:15.628 +0800 o.a.d.s.m.r.t.TaskGroupCoordinator:[129] - TaskGroupCoordinator round time cost: 0/ms
[INFO] 2025-10-13 10:37:16.535 +0800 o.a.d.s.m.c.IdSlotBasedCommandFetcher:[67] - Fetch commands: 0 success, cost: 0ms, totalSlot: 1, currentSlotIndex: 0
[INFO] 2025-10-13 10:37:17.758 +0800 o.a.d.s.m.c.IdSlotBasedCommandFetcher:[67] - Fetch commands: 0 success, cost: 1ms, totalSlot: 1, currentSlotIndex: 0
[INFO] 2025-10-13 10:37:18.762 +0800 o.a.d.s.m.c.IdSlotBasedCommandFetcher:[67] - Fetch commands: 0 success, cost: 0ms, totalSlot: 1, currentSlotIndex: 0
[INFO] 2025-10-13 10:37:19.765 +0800 o.a.d.s.m.c.IdSlotBasedCommandFetcher:[67] - Fetch commands: 0 success, cost: 0ms, totalSlot: 1, currentSlotIndex: 0
[INFO] 2025-10-13 10:37:20.643 +0800 o.a.d.s.m.r.t.TaskGroupCoordinator:[187] - Success amend TaskGroupQueue status cost: 0/ms
[INFO] 2025-10-13 10:37:20.644 +0800 o.a.d.s.m.r.t.TaskGroupCoordinator:[241] - Success deal with force start TaskGroupQueue cost: 0/ms
[INFO] 2025-10-13 10:37:20.644 +0800 o.a.d.s.m.r.t.TaskGroupCoordinator:[129] - TaskGroupCoordinator round time cost: 0/ms
[INFO] 2025-10-13 10:37:20.768 +0800 o.a.d.s.m.c.IdSlotBasedCommandFetcher:[67] - Fetch commands: 0 success, cost: 0ms, totalSlot: 1, currentSlotIndex: 0
[INFO] 2025-10-13 10:37:21.772 +0800 o.a.d.s.m.c.IdSlotBasedCommandFetcher:[67] - Fetch commands: 0 success, cost: 0ms, totalSlot: 1, currentSlotIndex: 0
[INFO] 2025-10-13 10:37:22.787 +0800 o.a.d.s.m.c.IdSlotBasedCommandFetcher:[67] - Fetch commands: 0 success, cost: 0ms, totalSlot: 1, currentSlotIndex: 0
[INFO] 2025-10-13 10:37:23.787 +0800 o.a.d.s.m.c.IdSlotBasedCommandFetcher:[67] - Fetch commands: 0 success, cost: 0ms, totalSlot: 1, currentSlotIndex: 0
[INFO] 2025-10-13 10:37:24.792 +0800 o.a.d.s.m.c.IdSlotBasedCommandFetcher:[67] - Fetch commands: 0 success, cost: 0ms, totalSlot: 1, currentSlotIndex: 0
[INFO] 2025-10-13 10:37:25.653 +0800 o.a.d.s.m.r.t.TaskGroupCoordinator:[187] - Success amend TaskGroupQueue status cost: 0/ms
[INFO] 2025-10-13 10:37:25.654 +0800 o.a.d.s.m.r.t.TaskGroupCoordinator:[241] - Success deal with force start TaskGroupQueue cost: 0/ms
[INFO] 2025-10-13 10:37:25.654 +0800 o.a.d.s.m.r.t.TaskGroupCoordinator:[129] - TaskGroupCoordinator round time cost: 1/ms
[INFO] 2025-10-13 10:37:25.794 +0800 o.a.d.s.m.c.IdSlotBasedCommandFetcher:[67] - Fetch commands: 0 success, cost: 0ms, totalSlot: 1, currentSlotIndex: 0
[INFO] 2025-10-13 10:37:26.800 +0800 o.a.d.s.m.c.IdSlotBasedCommandFetcher:[67] - Fetch commands: 0 success, cost: 0ms, totalSlot: 1, currentSlotIndex: 0
[INFO] 2025-10-13 10:37:27.812 +0800 o.a.d.s.m.c.IdSlotBasedCommandFetcher:[67] - Fetch commands: 0 success, cost: 0ms, totalSlot: 1, currentSlotIndex: 0
[INFO] 2025-10-13 10:37:28.815 +0800 o.a.d.s.m.c.IdSlotBasedCommandFetcher:[67] - Fetch commands: 0 success, cost: 0ms, totalSlot: 1, currentSlotIndex: 0
[INFO] 2025-10-13 10:37:30.031 +0800 o.a.d.s.m.c.IdSlotBasedCommandFetcher:[67] - Fetch commands: 0 success, cost: 0ms, totalSlot: 1, currentSlotIndex: 0
[INFO] 2025-10-13 10:37:30.668 +0800 o.a.d.s.m.r.t.TaskGroupCoordinator:[187] - Success amend TaskGroupQueue status cost: 0/ms
[INFO] 2025-10-13 10:37:30.668 +0800 o.a.d.s.m.r.t.TaskGroupCoordinator:[241] - Success deal with force start TaskGroupQueue cost: 0/ms
[INFO] 2025-10-13 10:37:30.668 +0800 o.a.d.s.m.r.t.TaskGroupCoordinator:[129] - TaskGroupCoordinator round time cost: 0/ms
[INFO] 2025-10-13 10:37:31.110 +0800 o.a.d.s.m.c.IdSlotBasedCommandFetcher:[67] - Fetch commands: 0 success, cost: 0ms, totalSlot: 1, currentSlotIndex: 0
[INFO] 2025-10-13 10:37:32.207 +0800 o.a.d.s.m.c.IdSlotBasedCommandFetcher:[67] - Fetch commands: 0 success, cost: 0ms, totalSlot: 1, currentSlotIndex: 0
[INFO] 2025-10-13 10:37:33.283 +0800 o.a.d.s.m.c.IdSlotBasedCommandFetcher:[67] - Fetch commands: 0 success, cost: 0ms, totalSlot: 1, currentSlotIndex: 0
[INFO] 2025-10-13 10:37:34.377 +0800 o.a.d.s.m.c.IdSlotBasedCommandFetcher:[67] - Fetch commands: 0 success, cost: 0ms, totalSlot: 1, currentSlotIndex: 0
[INFO] 2025-10-13 10:37:35.454 +0800 o.a.d.s.m.c.IdSlotBasedCommandFetcher:[67] - Fetch commands: 0 success, cost: 0ms, totalSlot: 1, currentSlotIndex: 0
[INFO] 2025-10-13 10:37:35.675 +0800 o.a.d.s.m.r.t.TaskGroupCoordinator:[187] - Success amend TaskGroupQueue status cost: 0/ms
[INFO] 2025-10-13 10:37:35.675 +0800 o.a.d.s.m.r.t.TaskGroupCoordinator:[241] - Success deal with force start TaskGroupQueue cost: 0/ms
[INFO] 2025-10-13 10:37:35.675 +0800 o.a.d.s.m.r.t.TaskGroupCoordinator:[129] - TaskGroupCoordinator round time cost: 0/ms
[INFO] 2025-10-13 10:37:36.537 +0800 o.a.d.s.m.c.IdSlotBasedCommandFetcher:[67] - Fetch commands: 0 success, cost: 0ms, totalSlot: 1, currentSlotIndex: 0
[INFO] 2025-10-13 10:37:37.626 +0800 o.a.d.s.m.c.IdSlotBasedCommandFetcher:[67] - Fetch commands: 0 success, cost: 0ms, totalSlot: 1, currentSlotIndex: 0
[INFO] 2025-10-13 10:37:38.830 +0800 o.a.d.s.m.c.IdSlotBasedCommandFetcher:[67] - Fetch commands: 0 success, cost: 0ms, totalSlot: 1, currentSlotIndex: 0
[INFO] 2025-10-13 10:37:39.836 +0800 o.a.d.s.m.c.IdSlotBasedCommandFetcher:[67] - Fetch commands: 0 success, cost: 0ms, totalSlot: 1, currentSlotIndex: 0
[INFO] 2025-10-13 10:37:40.687 +0800 o.a.d.s.m.r.t.TaskGroupCoordinator:[187] - Success amend TaskGroupQueue status cost: 0/ms
[INFO] 2025-10-13 10:37:40.688 +0800 o.a.d.s.m.r.t.TaskGroupCoordinator:[241] - Success deal with force start TaskGroupQueue cost: 0/ms
[INFO] 2025-10-13 10:37:40.688 +0800 o.a.d.s.m.r.t.TaskGroupCoordinator:[129] - TaskGroupCoordinator round time cost: 1/ms
[INFO] 2025-10-13 10:37:40.846 +0800 o.a.d.s.m.c.IdSlotBasedCommandFetcher:[67] - Fetch commands: 0 success, cost: 1ms, totalSlot: 1, currentSlotIndex: 0
[INFO] 2025-10-13 10:37:41.860 +0800 o.a.d.s.m.c.IdSlotBasedCommandFetcher:[67] - Fetch commands: 0 success, cost: 0ms, totalSlot: 1, currentSlotIndex: 0
[INFO] 2025-10-13 10:37:42.877 +0800 o.a.d.s.m.c.IdSlotBasedCommandFetcher:[67] - Fetch commands: 0 success, cost: 1ms, totalSlot: 1, currentSlotIndex: 0
[INFO] 2025-10-13 10:37:43.889 +0800 o.a.d.s.m.c.IdSlotBasedCommandFetcher:[67] - Fetch commands: 0 success, cost: 0ms, totalSlot: 1, currentSlotIndex: 0
[INFO] 2025-10-13 10:37:44.891 +0800 o.a.d.s.m.c.IdSlotBasedCommandFetcher:[67] - Fetch commands: 0 success, cost: 0ms, totalSlot: 1, currentSlotIndex: 0
[INFO] 2025-10-13 10:37:45.707 +0800 o.a.d.s.m.r.t.TaskGroupCoordinator:[187] - Success amend TaskGroupQueue status cost: 0/ms
[INFO] 2025-10-13 10:37:45.707 +0800 o.a.d.s.m.r.t.TaskGroupCoordinator:[241] - Success deal with force start TaskGroupQueue cost: 0/ms
[INFO] 2025-10-13 10:37:45.708 +0800 o.a.d.s.m.r.t.TaskGroupCoordinator:[129] - TaskGroupCoordinator round time cost: 0/ms
[INFO] 2025-10-13 10:37:45.897 +0800 o.a.d.s.m.c.IdSlotBasedCommandFetcher:[67] - Fetch commands: 0 success, cost: 0ms, totalSlot: 1, currentSlotIndex: 0
[INFO] 2025-10-13 10:37:46.908 +0800 o.a.d.s.m.c.IdSlotBasedCommandFetcher:[67] - Fetch commands: 0 success, cost: 0ms, totalSlot: 1, currentSlotIndex: 0
[INFO] 2025-10-13 10:37:47.922 +0800 o.a.d.s.m.c.IdSlotBasedCommandFetcher:[67] - Fetch commands: 0 success, cost: 0ms, totalSlot: 1, currentSlotIndex: 0
[INFO] 2025-10-13 10:37:48.923 +0800 o.a.d.s.m.c.IdSlotBasedCommandFetcher:[67] - Fetch commands: 0 success, cost: 0ms, totalSlot: 1, currentSlotIndex: 0
[INFO] 2025-10-13 10:37:50.059 +0800 o.a.d.s.m.c.IdSlotBasedCommandFetcher:[67] - Fetch commands: 0 success, cost: 0ms, totalSlot: 1, currentSlotIndex: 0
[INFO] 2025-10-13 10:37:50.725 +0800 o.a.d.s.m.r.t.TaskGroupCoordinator:[187] - Success amend TaskGroupQueue status cost: 0/ms
[INFO] 2025-10-13 10:37:50.725 +0800 o.a.d.s.m.r.t.TaskGroupCoordinator:[241] - Success deal with force start TaskGroupQueue cost: 0/ms
[INFO] 2025-10-13 10:37:50.725 +0800 o.a.d.s.m.r.t.TaskGroupCoordinator:[129] - TaskGroupCoordinator round time cost: 1/ms
[INFO] 2025-10-13 10:37:51.148 +0800 o.a.d.s.m.c.IdSlotBasedCommandFetcher:[67] - Fetch commands: 0 success, cost: 1ms, totalSlot: 1, currentSlotIndex: 0
[INFO] 2025-10-13 10:37:52.227 +0800 o.a.d.s.m.c.IdSlotBasedCommandFetcher:[67] - Fetch commands: 0 success, cost: 0ms, totalSlot: 1, currentSlotIndex: 0
[INFO] 2025-10-13 10:37:53.368 +0800 o.a.d.s.m.c.IdSlotBasedCommandFetcher:[67] - Fetch commands: 0 success, cost: 0ms, totalSlot: 1, currentSlotIndex: 0
[INFO] 2025-10-13 10:37:54.373 +0800 o.a.d.s.m.c.IdSlotBasedCommandFetcher:[67] - Fetch commands: 0 success, cost: 0ms, totalSlot: 1, currentSlotIndex: 0
[INFO] 2025-10-13 10:37:55.380 +0800 o.a.d.s.m.c.IdSlotBasedCommandFetcher:[67] - Fetch commands: 0 success, cost: 0ms, totalSlot: 1, currentSlotIndex: 0
[INFO] 2025-10-13 10:37:55.736 +0800 o.a.d.s.m.r.t.TaskGroupCoordinator:[187] - Success amend TaskGroupQueue status cost: 0/ms
[INFO] 2025-10-13 10:37:55.736 +0800 o.a.d.s.m.r.t.TaskGroupCoordinator:[241] - Success deal with force start TaskGroupQueue cost: 0/ms
[INFO] 2025-10-13 10:37:55.737 +0800 o.a.d.s.m.r.t.TaskGroupCoordinator:[129] - TaskGroupCoordinator round time cost: 0/ms
[INFO] 2025-10-13 10:37:56.383 +0800 o.a.d.s.m.c.IdSlotBasedCommandFetcher:[67] - Fetch commands: 0 success, cost: 0ms, totalSlot: 1, currentSlotIndex: 0
[INFO] 2025-10-13 10:37:57.386 +0800 o.a.d.s.m.c.IdSlotBasedCommandFetcher:[67] - Fetch commands: 0 success, cost: 0ms, totalSlot: 1, currentSlotIndex: 0
[INFO] 2025-10-13 10:37:58.387 +0800 o.a.d.s.m.c.IdSlotBasedCommandFetcher:[67] - Fetch commands: 0 success, cost: 0ms, totalSlot: 1, currentSlotIndex: 0
[INFO] 2025-10-13 10:37:59.389 +0800 o.a.d.s.m.c.IdSlotBasedCommandFetcher:[67] - Fetch commands: 0 success, cost: 0ms, totalSlot: 1, currentSlotIndex: 0
[INFO] 2025-10-13 10:38:00.400 +0800 o.a.d.s.m.c.IdSlotBasedCommandFetcher:[67] - Fetch commands: 0 success, cost: 0ms, totalSlot: 1, currentSlotIndex: 0
[INFO] 2025-10-13 10:38:00.744 +0800 o.a.d.s.m.r.t.TaskGroupCoordinator:[187] - Success amend TaskGroupQueue status cost: 0/ms
[INFO] 2025-10-13 10:38:00.744 +0800 o.a.d.s.m.r.t.TaskGroupCoordinator:[241] - Success deal with force start TaskGroupQueue cost: 0/ms
[INFO] 2025-10-13 10:38:00.744 +0800 o.a.d.s.m.r.t.TaskGroupCoordinator:[129] - TaskGroupCoordinator round time cost: 0/ms
[INFO] 2025-10-13 10:38:01.411 +0800 o.a.d.s.m.c.IdSlotBasedCommandFetcher:[67] - Fetch commands: 0 success, cost: 0ms, totalSlot: 1, currentSlotIndex: 0
[INFO] 2025-10-13 10:38:02.422 +0800 o.a.d.s.m.c.IdSlotBasedCommandFetcher:[67] - Fetch commands: 0 success, cost: 0ms, totalSlot: 1, currentSlotIndex: 0
[INFO] 2025-10-13 10:38:03.674 +0800 o.a.d.s.m.c.IdSlotBasedCommandFetcher:[67] - Fetch commands: 0 success, cost: 0ms, totalSlot: 1, currentSlotIndex: 0
[INFO] 2025-10-13 10:38:04.675 +0800 o.a.d.s.m.c.IdSlotBasedCommandFetcher:[67] - Fetch commands: 0 success, cost: 0ms, totalSlot: 1, currentSlotIndex: 0
[INFO] 2025-10-13 10:38:05.677 +0800 o.a.d.s.m.c.IdSlotBasedCommandFetcher:[67] - Fetch commands: 0 success, cost: 0ms, totalSlot: 1, currentSlotIndex: 0
[INFO] 2025-10-13 10:38:05.761 +0800 o.a.d.s.m.r.t.TaskGroupCoordinator:[187] - Success amend TaskGroupQueue status cost: 0/ms
[INFO] 2025-10-13 10:38:05.762 +0800 o.a.d.s.m.r.t.TaskGroupCoordinator:[241] - Success deal with force start TaskGroupQueue cost: 0/ms
[INFO] 2025-10-13 10:38:05.762 +0800 o.a.d.s.m.r.t.TaskGroupCoordinator:[129] - TaskGroupCoordinator round time cost: 1/ms
[INFO] 2025-10-13 10:38:06.688 +0800 o.a.d.s.m.c.IdSlotBasedCommandFetcher:[67] - Fetch commands: 0 success, cost: 0ms, totalSlot: 1, currentSlotIndex: 0
[INFO] 2025-10-13 10:38:07.696 +0800 o.a.d.s.m.c.IdSlotBasedCommandFetcher:[67] - Fetch commands: 0 success, cost: 0ms, totalSlot: 1, currentSlotIndex: 0
[INFO] 2025-10-13 10:38:08.700 +0800 o.a.d.s.m.c.IdSlotBasedCommandFetcher:[67] - Fetch commands: 0 success, cost: 0ms, totalSlot: 1, currentSlotIndex: 0
[INFO] 2025-10-13 10:38:09.709 +0800 o.a.d.s.m.c.IdSlotBasedCommandFetcher:[67] - Fetch commands: 0 success, cost: 0ms, totalSlot: 1, currentSlotIndex: 0
[INFO] 2025-10-13 10:38:10.722 +0800 o.a.d.s.m.c.IdSlotBasedCommandFetcher:[67] - Fetch commands: 0 success, cost: 0ms, totalSlot: 1, currentSlotIndex: 0
[INFO] 2025-10-13 10:38:10.768 +0800 o.a.d.s.m.r.t.TaskGroupCoordinator:[187] - Success amend TaskGroupQueue status cost: 0/ms
[INFO] 2025-10-13 10:38:10.768 +0800 o.a.d.s.m.r.t.TaskGroupCoordinator:[241] - Success deal with force start TaskGroupQueue cost: 0/ms
[INFO] 2025-10-13 10:38:10.768 +0800 o.a.d.s.m.r.t.TaskGroupCoordinator:[129] - TaskGroupCoordinator round time cost: 0/ms
[INFO] 2025-10-13 10:38:11.737 +0800 o.a.d.s.m.c.IdSlotBasedCommandFetcher:[67] - Fetch commands: 0 success, cost: 0ms, totalSlot: 1, currentSlotIndex: 0
[INFO] 2025-10-13 10:38:12.740 +0800 o.a.d.s.m.c.IdSlotBasedCommandFetcher:[67] - Fetch commands: 0 success, cost: 0ms, totalSlot: 1, currentSlotIndex: 0
[INFO] 2025-10-13 10:38:13.941 +0800 o.a.d.s.m.c.IdSlotBasedCommandFetcher:[67] - Fetch commands: 0 success, cost: 0ms, totalSlot: 1, currentSlotIndex: 0
[INFO] 2025-10-13 10:38:15.032 +0800 o.a.d.s.m.c.IdSlotBasedCommandFetcher:[67] - Fetch commands: 0 success, cost: 0ms, totalSlot: 1, currentSlotIndex: 0
[INFO] 2025-10-13 10:38:15.774 +0800 o.a.d.s.m.r.t.TaskGroupCoordinator:[187] - Success amend TaskGroupQueue status cost: 0/ms
[INFO] 2025-10-13 10:38:15.774 +0800 o.a.d.s.m.r.t.TaskGroupCoordinator:[241] - Success deal with force start TaskGroupQueue cost: 0/ms
[INFO] 2025-10-13 10:38:15.774 +0800 o.a.d.s.m.r.t.TaskGroupCoordinator:[129] - TaskGroupCoordinator round time cost: 0/ms
[INFO] 2025-10-13 10:38:16.149 +0800 o.a.d.s.m.c.IdSlotBasedCommandFetcher:[67] - Fetch commands: 0 success, cost: 1ms, totalSlot: 1, currentSlotIndex: 0
[INFO] 2025-10-13 10:38:17.235 +0800 o.a.d.s.m.c.IdSlotBasedCommandFetcher:[67] - Fetch commands: 0 success, cost: 0ms, totalSlot: 1, currentSlotIndex: 0
[INFO] 2025-10-13 10:38:18.319 +0800 o.a.d.s.m.c.IdSlotBasedCommandFetcher:[67] - Fetch commands: 0 success, cost: 0ms, totalSlot: 1, currentSlotIndex: 0
[INFO] 2025-10-13 10:38:19.417 +0800 o.a.d.s.m.c.IdSlotBasedCommandFetcher:[67] - Fetch commands: 0 success, cost: 0ms, totalSlot: 1, currentSlotIndex: 0
[INFO] 2025-10-13 10:38:20.504 +0800 o.a.d.s.m.c.IdSlotBasedCommandFetcher:[67] - Fetch commands: 0 success, cost: 0ms, totalSlot: 1, currentSlotIndex: 0
[INFO] 2025-10-13 10:38:20.786 +0800 o.a.d.s.m.r.t.TaskGroupCoordinator:[187] - Success amend TaskGroupQueue status cost: 0/ms
[INFO] 2025-10-13 10:38:20.786 +0800 o.a.d.s.m.r.t.TaskGroupCoordinator:[241] - Success deal with force start TaskGroupQueue cost: 0/ms
[INFO] 2025-10-13 10:38:20.786 +0800 o.a.d.s.m.r.t.TaskGroupCoordinator:[129] - TaskGroupCoordinator round time cost: 0/ms
[INFO] 2025-10-13 10:38:21.593 +0800 o.a.d.s.m.c.IdSlotBasedCommandFetcher:[67] - Fetch commands: 0 success, cost: 1ms, totalSlot: 1, currentSlotIndex: 0
[INFO] 2025-10-13 10:38:22.702 +0800 o.a.d.s.m.c.IdSlotBasedCommandFetcher:[67] - Fetch commands: 0 success, cost: 0ms, totalSlot: 1, currentSlotIndex: 0
[INFO] 2025-10-13 10:38:23.710 +0800 o.a.d.s.m.c.IdSlotBasedCommandFetcher:[67] - Fetch commands: 0 success, cost: 0ms, totalSlot: 1, currentSlotIndex: 0
[INFO] 2025-10-13 10:38:24.711 +0800 o.a.d.s.m.c.IdSlotBasedCommandFetcher:[67] - Fetch commands: 0 success, cost: 0ms, totalSlot: 1, currentSlotIndex: 0
[INFO] 2025-10-13 10:38:25.717 +0800 o.a.d.s.m.c.IdSlotBasedCommandFetcher:[67] - Fetch commands: 0 success, cost: 0ms, totalSlot: 1, currentSlotIndex: 0
[INFO] 2025-10-13 10:38:25.795 +0800 o.a.d.s.m.r.t.TaskGroupCoordinator:[187] - Success amend TaskGroupQueue status cost: 0/ms
[INFO] 2025-10-13 10:38:25.796 +0800 o.a.d.s.m.r.t.TaskGroupCoordinator:[241] - Success deal with force start TaskGroupQueue cost: 0/ms
[INFO] 2025-10-13 10:38:25.796 +0800 o.a.d.s.m.r.t.TaskGroupCoordinator:[129] - TaskGroupCoordinator round time cost: 0/ms
[INFO] 2025-10-13 10:38:26.721 +0800 o.a.d.s.m.c.IdSlotBasedCommandFetcher:[67] - Fetch commands: 0 success, cost: 0ms, totalSlot: 1, currentSlotIndex: 0
[INFO] 2025-10-13 10:38:27.726 +0800 o.a.d.s.m.c.IdSlotBasedCommandFetcher:[67] - Fetch commands: 0 success, cost: 0ms, totalSlot: 1, currentSlotIndex: 0
[INFO] 2025-10-13 10:38:28.731 +0800 o.a.d.s.m.c.IdSlotBasedCommandFetcher:[67] - Fetch commands: 0 success, cost: 0ms, totalSlot: 1, currentSlotIndex: 0
[INFO] 2025-10-13 10:38:29.738 +0800 o.a.d.s.m.c.IdSlotBasedCommandFetcher:[67] - Fetch commands: 0 success, cost: 0ms, totalSlot: 1, currentSlotIndex: 0
[INFO] 2025-10-13 10:38:30.742 +0800 o.a.d.s.m.c.IdSlotBasedCommandFetcher:[67] - Fetch commands: 0 success, cost: 0ms, totalSlot: 1, currentSlotIndex: 0
[INFO] 2025-10-13 10:38:30.803 +0800 o.a.d.s.m.r.t.TaskGroupCoordinator:[187] - Success amend TaskGroupQueue status cost: 0/ms
[INFO] 2025-10-13 10:38:30.804 +0800 o.a.d.s.m.r.t.TaskGroupCoordinator:[241] - Success deal with force start TaskGroupQueue cost: 0/ms
[INFO] 2025-10-13 10:38:30.804 +0800 o.a.d.s.m.r.t.TaskGroupCoordinator:[129] - TaskGroupCoordinator round time cost: 0/ms
[INFO] 2025-10-13 10:38:31.749 +0800 o.a.d.s.m.c.IdSlotBasedCommandFetcher:[67] - Fetch commands: 0 success, cost: 0ms, totalSlot: 1, currentSlotIndex: 0
[INFO] 2025-10-13 10:38:32.888 +0800 o.a.d.s.m.c.IdSlotBasedCommandFetcher:[67] - Fetch commands: 0 success, cost: 0ms, totalSlot: 1, currentSlotIndex: 0
[INFO] 2025-10-13 10:38:34.016 +0800 o.a.d.s.m.c.IdSlotBasedCommandFetcher:[67] - Fetch commands: 0 success, cost: 0ms, totalSlot: 1, currentSlotIndex: 0
[INFO] 2025-10-13 10:38:35.026 +0800 o.a.d.s.m.c.IdSlotBasedCommandFetcher:[67] - Fetch commands: 0 success, cost: 0ms, totalSlot: 1, currentSlotIndex: 0
[INFO] 2025-10-13 10:38:35.824 +0800 o.a.d.s.m.r.t.TaskGroupCoordinator:[187] - Success amend TaskGroupQueue status cost: 0/ms
[INFO] 2025-10-13 10:38:35.824 +0800 o.a.d.s.m.r.t.TaskGroupCoordinator:[241] - Success deal with force start TaskGroupQueue cost: 0/ms
[INFO] 2025-10-13 10:38:35.824 +0800 o.a.d.s.m.r.t.TaskGroupCoordinator:[129] - TaskGroupCoordinator round time cost: 0/ms
[INFO] 2025-10-13 10:38:36.032 +0800 o.a.d.s.m.c.IdSlotBasedCommandFetcher:[67] - Fetch commands: 0 success, cost: 0ms, totalSlot: 1, currentSlotIndex: 0
[INFO] 2025-10-13 10:38:37.035 +0800 o.a.d.s.m.c.IdSlotBasedCommandFetcher:[67] - Fetch commands: 0 success, cost: 0ms, totalSlot: 1, currentSlotIndex: 0
[INFO] 2025-10-13 10:38:38.037 +0800 o.a.d.s.m.c.IdSlotBasedCommandFetcher:[67] - Fetch commands: 0 success, cost: 0ms, totalSlot: 1, currentSlotIndex: 0
[INFO] 2025-10-13 10:38:39.041 +0800 o.a.d.s.m.c.IdSlotBasedCommandFetcher:[67] - Fetch commands: 0 success, cost: 0ms, totalSlot: 1, currentSlotIndex: 0
[INFO] 2025-10-13 10:38:40.051 +0800 o.a.d.s.m.c.IdSlotBasedCommandFetcher:[67] - Fetch commands: 0 success, cost: 0ms, totalSlot: 1, currentSlotIndex: 0
[INFO] 2025-10-13 10:38:40.844 +0800 o.a.d.s.m.r.t.TaskGroupCoordinator:[187] - Success amend TaskGroupQueue status cost: 0/ms
[INFO] 2025-10-13 10:38:40.844 +0800 o.a.d.s.m.r.t.TaskGroupCoordinator:[241] - Success deal with force start TaskGroupQueue cost: 0/ms
[INFO] 2025-10-13 10:38:40.845 +0800 o.a.d.s.m.r.t.TaskGroupCoordinator:[129] - TaskGroupCoordinator round time cost: 1/ms
[INFO] 2025-10-13 10:38:41.051 +0800 o.a.d.s.m.c.IdSlotBasedCommandFetcher:[67] - Fetch commands: 0 success, cost: 0ms, totalSlot: 1, currentSlotIndex: 0
[INFO] 2025-10-13 10:38:42.057 +0800 o.a.d.s.m.c.IdSlotBasedCommandFetcher:[67] - Fetch commands: 0 success, cost: 0ms, totalSlot: 1, currentSlotIndex: 0
[INFO] 2025-10-13 10:38:43.058 +0800 o.a.d.s.m.c.IdSlotBasedCommandFetcher:[67] - Fetch commands: 0 success, cost: 0ms, totalSlot: 1, currentSlotIndex: 0
[INFO] 2025-10-13 10:38:44.058 +0800 o.a.d.s.m.c.IdSlotBasedCommandFetcher:[67] - Fetch commands: 0 success, cost: 0ms, totalSlot: 1, currentSlotIndex: 0
[INFO] 2025-10-13 10:38:45.176 +0800 o.a.d.s.m.c.IdSlotBasedCommandFetcher:[67] - Fetch commands: 0 success, cost: 0ms, totalSlot: 1, currentSlotIndex: 0
[INFO] 2025-10-13 10:38:45.868 +0800 o.a.d.s.m.r.t.TaskGroupCoordinator:[187] - Success amend TaskGroupQueue status cost: 0/ms
[INFO] 2025-10-13 10:38:45.869 +0800 o.a.d.s.m.r.t.TaskGroupCoordinator:[241] - Success deal with force start TaskGroupQueue cost: 0/ms
[INFO] 2025-10-13 10:38:45.869 +0800 o.a.d.s.m.r.t.TaskGroupCoordinator:[129] - TaskGroupCoordinator round time cost: 0/ms
[INFO] 2025-10-13 10:38:46.250 +0800 o.a.d.s.m.c.IdSlotBasedCommandFetcher:[67] - Fetch commands: 0 success, cost: 0ms, totalSlot: 1, currentSlotIndex: 0
[INFO] 2025-10-13 10:38:47.315 +0800 o.a.d.s.m.c.IdSlotBasedCommandFetcher:[67] - Fetch commands: 0 success, cost: 0ms, totalSlot: 1, currentSlotIndex: 0
[INFO] 2025-10-13 10:38:48.427 +0800 o.a.d.s.m.c.IdSlotBasedCommandFetcher:[67] - Fetch commands: 0 success, cost: 1ms, totalSlot: 1, currentSlotIndex: 0
[INFO] 2025-10-13 10:38:49.427 +0800 o.a.d.s.m.c.IdSlotBasedCommandFetcher:[67] - Fetch commands: 0 success, cost: 0ms, totalSlot: 1, currentSlotIndex: 0
[INFO] 2025-10-13 10:38:50.428 +0800 o.a.d.s.m.c.IdSlotBasedCommandFetcher:[67] - Fetch commands: 0 success, cost: 0ms, totalSlot: 1, currentSlotIndex: 0
[INFO] 2025-10-13 10:38:50.874 +0800 o.a.d.s.m.r.t.TaskGroupCoordinator:[187] - Success amend TaskGroupQueue status cost: 0/ms
[INFO] 2025-10-13 10:38:50.874 +0800 o.a.d.s.m.r.t.TaskGroupCoordinator:[241] - Success deal with force start TaskGroupQueue cost: 0/ms
[INFO] 2025-10-13 10:38:50.874 +0800 o.a.d.s.m.r.t.TaskGroupCoordinator:[129] - TaskGroupCoordinator round time cost: 0/ms
[INFO] 2025-10-13 10:38:51.429 +0800 o.a.d.s.m.c.IdSlotBasedCommandFetcher:[67] - Fetch commands: 0 success, cost: 0ms, totalSlot: 1, currentSlotIndex: 0
[INFO] 2025-10-13 10:38:52.429 +0800 o.a.d.s.m.c.IdSlotBasedCommandFetcher:[67] - Fetch commands: 0 success, cost: 0ms, totalSlot: 1, currentSlotIndex: 0
[INFO] 2025-10-13 10:38:53.430 +0800 o.a.d.s.m.c.IdSlotBasedCommandFetcher:[67] - Fetch commands: 0 success, cost: 0ms, totalSlot: 1, currentSlotIndex: 0
[INFO] 2025-10-13 10:38:54.430 +0800 o.a.d.s.m.c.IdSlotBasedCommandFetcher:[67] - Fetch commands: 0 success, cost: 0ms, totalSlot: 1, currentSlotIndex: 0
[INFO] 2025-10-13 10:38:55.432 +0800 o.a.d.s.m.c.IdSlotBasedCommandFetcher:[67] - Fetch commands: 0 success, cost: 0ms, totalSlot: 1, currentSlotIndex: 0
[INFO] 2025-10-13 10:38:55.883 +0800 o.a.d.s.m.r.t.TaskGroupCoordinator:[187] - Success amend TaskGroupQueue status cost: 0/ms
[INFO] 2025-10-13 10:38:55.884 +0800 o.a.d.s.m.r.t.TaskGroupCoordinator:[241] - Success deal with force start TaskGroupQueue cost: 0/ms
[INFO] 2025-10-13 10:38:55.884 +0800 o.a.d.s.m.r.t.TaskGroupCoordinator:[129] - TaskGroupCoordinator round time cost: 0/ms
[INFO] 2025-10-13 10:38:56.432 +0800 o.a.d.s.m.c.IdSlotBasedCommandFetcher:[67] - Fetch commands: 0 success, cost: 0ms, totalSlot: 1, currentSlotIndex: 0
[INFO] 2025-10-13 10:38:57.432 +0800 o.a.d.s.m.c.IdSlotBasedCommandFetcher:[67] - Fetch commands: 0 success, cost: 0ms, totalSlot: 1, currentSlotIndex: 0
[INFO] 2025-10-13 10:38:58.443 +0800 o.a.d.s.m.c.IdSlotBasedCommandFetcher:[67] - Fetch commands: 0 success, cost: 0ms, totalSlot: 1, currentSlotIndex: 0
[INFO] 2025-10-13 10:38:59.443 +0800 o.a.d.s.m.c.IdSlotBasedCommandFetcher:[67] - Fetch commands: 0 success, cost: 0ms, totalSlot: 1, currentSlotIndex: 0
[INFO] 2025-10-13 10:39:00.574 +0800 o.a.d.s.m.c.IdSlotBasedCommandFetcher:[67] - Fetch commands: 0 success, cost: 0ms, totalSlot: 1, currentSlotIndex: 0
[INFO] 2025-10-13 10:39:00.888 +0800 o.a.d.s.m.r.t.TaskGroupCoordinator:[187] - Success amend TaskGroupQueue status cost: 0/ms
[INFO] 2025-10-13 10:39:00.888 +0800 o.a.d.s.m.r.t.TaskGroupCoordinator:[241] - Success deal with force start TaskGroupQueue cost: 0/ms
[INFO] 2025-10-13 10:39:00.888 +0800 o.a.d.s.m.r.t.TaskGroupCoordinator:[129] - TaskGroupCoordinator round time cost: 0/ms
[INFO] 2025-10-13 10:39:01.658 +0800 o.a.d.s.m.c.IdSlotBasedCommandFetcher:[67] - Fetch commands: 0 success, cost: 1ms, totalSlot: 1, currentSlotIndex: 0
[INFO] 2025-10-13 10:39:02.726 +0800 o.a.d.s.m.c.IdSlotBasedCommandFetcher:[67] - Fetch commands: 0 success, cost: 0ms, totalSlot: 1, currentSlotIndex: 0
[INFO] 2025-10-13 10:39:03.797 +0800 o.a.d.s.m.c.IdSlotBasedCommandFetcher:[67] - Fetch commands: 0 success, cost: 1ms, totalSlot: 1, currentSlotIndex: 0
[INFO] 2025-10-13 10:39:04.866 +0800 o.a.d.s.m.c.IdSlotBasedCommandFetcher:[67] - Fetch commands: 0 success, cost: 0ms, totalSlot: 1, currentSlotIndex: 0
[INFO] 2025-10-13 10:39:05.893 +0800 o.a.d.s.m.r.t.TaskGroupCoordinator:[187] - Success amend TaskGroupQueue status cost: 0/ms
[INFO] 2025-10-13 10:39:05.893 +0800 o.a.d.s.m.r.t.TaskGroupCoordinator:[241] - Success deal with force start TaskGroupQueue cost: 0/ms
[INFO] 2025-10-13 10:39:05.893 +0800 o.a.d.s.m.r.t.TaskGroupCoordinator:[129] - TaskGroupCoordinator round time cost: 0/ms
[INFO] 2025-10-13 10:39:05.941 +0800 o.a.d.s.m.c.IdSlotBasedCommandFetcher:[67] - Fetch commands: 0 success, cost: 0ms, totalSlot: 1, currentSlotIndex: 0
[INFO] 2025-10-13 10:39:07.011 +0800 o.a.d.s.m.c.IdSlotBasedCommandFetcher:[67] - Fetch commands: 0 success, cost: 0ms, totalSlot: 1, currentSlotIndex: 0
[INFO] 2025-10-13 10:39:08.080 +0800 o.a.d.s.m.c.IdSlotBasedCommandFetcher:[67] - Fetch commands: 0 success, cost: 0ms, totalSlot: 1, currentSlotIndex: 0
[INFO] 2025-10-13 10:39:09.147 +0800 o.a.d.s.m.c.IdSlotBasedCommandFetcher:[67] - Fetch commands: 0 success, cost: 0ms, totalSlot: 1, currentSlotIndex: 0
[INFO] 2025-10-13 10:39:10.287 +0800 o.a.d.s.m.c.IdSlotBasedCommandFetcher:[67] - Fetch commands: 0 success, cost: 0ms, totalSlot: 1, currentSlotIndex: 0
[INFO] 2025-10-13 10:39:10.902 +0800 o.a.d.s.m.r.t.TaskGroupCoordinator:[187] - Success amend TaskGroupQueue status cost: 0/ms
[INFO] 2025-10-13 10:39:10.903 +0800 o.a.d.s.m.r.t.TaskGroupCoordinator:[241] - Success deal with force start TaskGroupQueue cost: 0/ms
[INFO] 2025-10-13 10:39:10.903 +0800 o.a.d.s.m.r.t.TaskGroupCoordinator:[129] - TaskGroupCoordinator round time cost: 0/ms
[INFO] 2025-10-13 10:39:11.000 +0800 o.a.d.a.i.LoginHandlerInterceptor:[75] - user does not exist
[INFO] 2025-10-13 10:39:11.288 +0800 o.a.d.s.m.c.IdSlotBasedCommandFetcher:[67] - Fetch commands: 0 success, cost: 0ms, totalSlot: 1, currentSlotIndex: 0
[INFO] 2025-10-13 10:39:12.289 +0800 o.a.d.s.m.c.IdSlotBasedCommandFetcher:[67] - Fetch commands: 0 success, cost: 0ms, totalSlot: 1, currentSlotIndex: 0
[INFO] 2025-10-13 10:39:12.784 +0800 o.a.d.a.i.LoginHandlerInterceptor:[75] - user does not exist
[INFO] 2025-10-13 10:39:13.290 +0800 o.a.d.s.m.c.IdSlotBasedCommandFetcher:[67] - Fetch commands: 0 success, cost: 0ms, totalSlot: 1, currentSlotIndex: 0
[INFO] 2025-10-13 10:39:14.203 +0800 o.a.d.a.i.LoginHandlerInterceptor:[75] - user does not exist
[INFO] 2025-10-13 10:39:14.290 +0800 o.a.d.s.m.c.IdSlotBasedCommandFetcher:[67] - Fetch commands: 0 success, cost: 0ms, totalSlot: 1, currentSlotIndex: 0
[INFO] 2025-10-13 10:39:15.291 +0800 o.a.d.s.m.c.IdSlotBasedCommandFetcher:[67] - Fetch commands: 0 success, cost: 0ms, totalSlot: 1, currentSlotIndex: 0
[INFO] 2025-10-13 10:39:15.910 +0800 o.a.d.s.m.r.t.TaskGroupCoordinator:[187] - Success amend TaskGroupQueue status cost: 0/ms
[INFO] 2025-10-13 10:39:15.910 +0800 o.a.d.s.m.r.t.TaskGroupCoordinator:[241] - Success deal with force start TaskGroupQueue cost: 0/ms
[INFO] 2025-10-13 10:39:15.910 +0800 o.a.d.s.m.r.t.TaskGroupCoordinator:[129] - TaskGroupCoordinator round time cost: 0/ms
[INFO] 2025-10-13 10:39:16.292 +0800 o.a.d.s.m.c.IdSlotBasedCommandFetcher:[67] - Fetch commands: 0 success, cost: 0ms, totalSlot: 1, currentSlotIndex: 0
[INFO] 2025-10-13 10:39:17.292 +0800 o.a.d.s.m.c.IdSlotBasedCommandFetcher:[67] - Fetch commands: 0 success, cost: 0ms, totalSlot: 1, currentSlotIndex: 0
[INFO] 2025-10-13 10:39:18.304 +0800 o.a.d.s.m.c.IdSlotBasedCommandFetcher:[67] - Fetch commands: 0 success, cost: 0ms, totalSlot: 1, currentSlotIndex: 0
[INFO] 2025-10-13 10:39:19.308 +0800 o.a.d.s.m.c.IdSlotBasedCommandFetcher:[67] - Fetch commands: 0 success, cost: 0ms, totalSlot: 1, currentSlotIndex: 0
[INFO] 2025-10-13 10:39:20.317 +0800 o.a.d.s.m.c.IdSlotBasedCommandFetcher:[67] - Fetch commands: 0 success, cost: 0ms, totalSlot: 1, currentSlotIndex: 0
[INFO] 2025-10-13 10:39:20.914 +0800 o.a.d.s.m.r.t.TaskGroupCoordinator:[187] - Success amend TaskGroupQueue status cost: 0/ms
[INFO] 2025-10-13 10:39:20.914 +0800 o.a.d.s.m.r.t.TaskGroupCoordinator:[241] - Success deal with force start TaskGroupQueue cost: 0/ms
[INFO] 2025-10-13 10:39:20.915 +0800 o.a.d.s.m.r.t.TaskGroupCoordinator:[129] - TaskGroupCoordinator round time cost: 0/ms
[INFO] 2025-10-13 10:39:21.318 +0800 o.a.d.s.m.c.IdSlotBasedCommandFetcher:[67] - Fetch commands: 0 success, cost: 0ms, totalSlot: 1, currentSlotIndex: 0
[INFO] 2025-10-13 10:39:22.327 +0800 o.a.d.s.m.c.IdSlotBasedCommandFetcher:[67] - Fetch commands: 0 success, cost: 1ms, totalSlot: 1, currentSlotIndex: 0
[INFO] 2025-10-13 10:39:23.341 +0800 o.a.d.s.m.c.IdSlotBasedCommandFetcher:[67] - Fetch commands: 0 success, cost: 0ms, totalSlot: 1, currentSlotIndex: 0
[INFO] 2025-10-13 10:39:24.517 +0800 o.a.d.s.m.c.IdSlotBasedCommandFetcher:[67] - Fetch commands: 0 success, cost: 1ms, totalSlot: 1, currentSlotIndex: 0
[INFO] 2025-10-13 10:39:25.518 +0800 o.a.d.s.m.c.IdSlotBasedCommandFetcher:[67] - Fetch commands: 0 success, cost: 1ms, totalSlot: 1, currentSlotIndex: 0
[INFO] 2025-10-13 10:39:25.922 +0800 o.a.d.s.m.r.t.TaskGroupCoordinator:[187] - Success amend TaskGroupQueue status cost: 0/ms
[INFO] 2025-10-13 10:39:25.929 +0800 o.a.d.s.m.r.t.TaskGroupCoordinator:[241] - Success deal with force start TaskGroupQueue cost: 0/ms
[INFO] 2025-10-13 10:39:25.929 +0800 o.a.d.s.m.r.t.TaskGroupCoordinator:[129] - TaskGroupCoordinator round time cost: 1/ms
[INFO] 2025-10-13 10:39:26.518 +0800 o.a.d.s.m.c.IdSlotBasedCommandFetcher:[67] - Fetch commands: 0 success, cost: 0ms, totalSlot: 1, currentSlotIndex: 0
[INFO] 2025-10-13 10:39:27.529 +0800 o.a.d.s.m.c.IdSlotBasedCommandFetcher:[67] - Fetch commands: 0 success, cost: 0ms, totalSlot: 1, currentSlotIndex: 0
[INFO] 2025-10-13 10:39:28.531 +0800 o.a.d.s.m.c.IdSlotBasedCommandFetcher:[67] - Fetch commands: 0 success, cost: 0ms, totalSlot: 1, currentSlotIndex: 0
[INFO] 2025-10-13 10:39:29.531 +0800 o.a.d.s.m.c.IdSlotBasedCommandFetcher:[67] - Fetch commands: 0 success, cost: 0ms, totalSlot: 1, currentSlotIndex: 0
[INFO] 2025-10-13 10:39:30.532 +0800 o.a.d.s.m.c.IdSlotBasedCommandFetcher:[67] - Fetch commands: 0 success, cost: 0ms, totalSlot: 1, currentSlotIndex: 0
[INFO] 2025-10-13 10:39:30.949 +0800 o.a.d.s.m.r.t.TaskGroupCoordinator:[187] - Success amend TaskGroupQueue status cost: 0/ms
[INFO] 2025-10-13 10:39:30.949 +0800 o.a.d.s.m.r.t.TaskGroupCoordinator:[241] - Success deal with force start TaskGroupQueue cost: 0/ms
[INFO] 2025-10-13 10:39:30.949 +0800 o.a.d.s.m.r.t.TaskGroupCoordinator:[129] - TaskGroupCoordinator round time cost: 1/ms
[INFO] 2025-10-13 10:39:31.533 +0800 o.a.d.s.m.c.IdSlotBasedCommandFetcher:[67] - Fetch commands: 0 success, cost: 0ms, totalSlot: 1, currentSlotIndex: 0
[INFO] 2025-10-13 10:39:32.533 +0800 o.a.d.s.m.c.IdSlotBasedCommandFetcher:[67] - Fetch commands: 0 success, cost: 0ms, totalSlot: 1, currentSlotIndex: 0
[INFO] 2025-10-13 10:39:33.540 +0800 o.a.d.s.m.c.IdSlotBasedCommandFetcher:[67] - Fetch commands: 0 success, cost: 0ms, totalSlot: 1, currentSlotIndex: 0
[INFO] 2025-10-13 10:39:34.545 +0800 o.a.d.s.m.c.IdSlotBasedCommandFetcher:[67] - Fetch commands: 0 success, cost: 0ms, totalSlot: 1, currentSlotIndex: 0
[INFO] 2025-10-13 10:39:35.556 +0800 o.a.d.s.m.c.IdSlotBasedCommandFetcher:[67] - Fetch commands: 0 success, cost: 0ms, totalSlot: 1, currentSlotIndex: 0
[INFO] 2025-10-13 10:39:35.953 +0800 o.a.d.s.m.r.t.TaskGroupCoordinator:[187] - Success amend TaskGroupQueue status cost: 0/ms
[INFO] 2025-10-13 10:39:35.954 +0800 o.a.d.s.m.r.t.TaskGroupCoordinator:[241] - Success deal with force start TaskGroupQueue cost: 0/ms
[INFO] 2025-10-13 10:39:35.954 +0800 o.a.d.s.m.r.t.TaskGroupCoordinator:[129] - TaskGroupCoordinator round time cost: 0/ms
[INFO] 2025-10-13 10:39:36.564 +0800 o.a.d.s.m.c.IdSlotBasedCommandFetcher:[67] - Fetch commands: 0 success, cost: 0ms, totalSlot: 1, currentSlotIndex: 0
[INFO] 2025-10-13 10:39:37.749 +0800 o.a.d.s.m.c.IdSlotBasedCommandFetcher:[67] - Fetch commands: 0 success, cost: 0ms, totalSlot: 1, currentSlotIndex: 0
[INFO] 2025-10-13 10:39:38.852 +0800 o.a.d.s.m.c.IdSlotBasedCommandFetcher:[67] - Fetch commands: 0 success, cost: 1ms, totalSlot: 1, currentSlotIndex: 0
[INFO] 2025-10-13 10:39:39.855 +0800 o.a.d.s.m.c.IdSlotBasedCommandFetcher:[67] - Fetch commands: 0 success, cost: 0ms, totalSlot: 1, currentSlotIndex: 0
[INFO] 2025-10-13 10:39:40.855 +0800 o.a.d.s.m.c.IdSlotBasedCommandFetcher:[67] - Fetch commands: 0 success, cost: 0ms, totalSlot: 1, currentSlotIndex: 0
[INFO] 2025-10-13 10:39:40.958 +0800 o.a.d.s.m.r.t.TaskGroupCoordinator:[187] - Success amend TaskGroupQueue status cost: 0/ms
[INFO] 2025-10-13 10:39:40.958 +0800 o.a.d.s.m.r.t.TaskGroupCoordinator:[241] - Success deal with force start TaskGroupQueue cost: 0/ms
[INFO] 2025-10-13 10:39:40.958 +0800 o.a.d.s.m.r.t.TaskGroupCoordinator:[129] - TaskGroupCoordinator round time cost: 0/ms
[INFO] 2025-10-13 10:39:41.859 +0800 o.a.d.s.m.c.IdSlotBasedCommandFetcher:[67] - Fetch commands: 0 success, cost: 0ms, totalSlot: 1, currentSlotIndex: 0
[INFO] 2025-10-13 10:39:42.867 +0800 o.a.d.s.m.c.IdSlotBasedCommandFetcher:[67] - Fetch commands: 0 success, cost: 0ms, totalSlot: 1, currentSlotIndex: 0
[INFO] 2025-10-13 10:39:43.871 +0800 o.a.d.s.m.c.IdSlotBasedCommandFetcher:[67] - Fetch commands: 0 success, cost: 0ms, totalSlot: 1, currentSlotIndex: 0
[INFO] 2025-10-13 10:39:44.872 +0800 o.a.d.s.m.c.IdSlotBasedCommandFetcher:[67] - Fetch commands: 0 success, cost: 0ms, totalSlot: 1, currentSlotIndex: 0
[INFO] 2025-10-13 10:39:45.874 +0800 o.a.d.s.m.c.IdSlotBasedCommandFetcher:[67] - Fetch commands: 0 success, cost: 1ms, totalSlot: 1, currentSlotIndex: 0
[INFO] 2025-10-13 10:39:45.971 +0800 o.a.d.s.m.r.t.TaskGroupCoordinator:[187] - Success amend TaskGroupQueue status cost: 0/ms
[INFO] 2025-10-13 10:39:45.972 +0800 o.a.d.s.m.r.t.TaskGroupCoordinator:[241] - Success deal with force start TaskGroupQueue cost: 0/ms
[INFO] 2025-10-13 10:39:45.972 +0800 o.a.d.s.m.r.t.TaskGroupCoordinator:[129] - TaskGroupCoordinator round time cost: 0/ms
[INFO] 2025-10-13 10:39:46.876 +0800 o.a.d.s.m.c.IdSlotBasedCommandFetcher:[67] - Fetch commands: 0 success, cost: 0ms, totalSlot: 1, currentSlotIndex: 0
[INFO] 2025-10-13 10:39:47.888 +0800 o.a.d.s.m.c.IdSlotBasedCommandFetcher:[67] - Fetch commands: 0 success, cost: 0ms, totalSlot: 1, currentSlotIndex: 0
[INFO] 2025-10-13 10:39:48.889 +0800 o.a.d.s.m.c.IdSlotBasedCommandFetcher:[67] - Fetch commands: 0 success, cost: 0ms, totalSlot: 1, currentSlotIndex: 0
[INFO] 2025-10-13 10:39:50.088 +0800 o.a.d.s.m.c.IdSlotBasedCommandFetcher:[67] - Fetch commands: 0 success, cost: 0ms, totalSlot: 1, currentSlotIndex: 0
[INFO] 2025-10-13 10:39:50.977 +0800 o.a.d.s.m.r.t.TaskGroupCoordinator:[187] - Success amend TaskGroupQueue status cost: 0/ms
[INFO] 2025-10-13 10:39:50.977 +0800 o.a.d.s.m.r.t.TaskGroupCoordinator:[241] - Success deal with force start TaskGroupQueue cost: 0/ms
[INFO] 2025-10-13 10:39:50.977 +0800 o.a.d.s.m.r.t.TaskGroupCoordinator:[129] - TaskGroupCoordinator round time cost: 0/ms
[INFO] 2025-10-13 10:39:51.174 +0800 o.a.d.s.m.c.IdSlotBasedCommandFetcher:[67] - Fetch commands: 0 success, cost: 0ms, totalSlot: 1, currentSlotIndex: 0
[INFO] 2025-10-13 10:39:52.266 +0800 o.a.d.s.m.c.IdSlotBasedCommandFetcher:[67] - Fetch commands: 0 success, cost: 0ms, totalSlot: 1, currentSlotIndex: 0
[INFO] 2025-10-13 10:39:53.381 +0800 o.a.d.s.m.c.IdSlotBasedCommandFetcher:[67] - Fetch commands: 0 success, cost: 0ms, totalSlot: 1, currentSlotIndex: 0
[INFO] 2025-10-13 10:39:54.473 +0800 o.a.d.s.m.c.IdSlotBasedCommandFetcher:[67] - Fetch commands: 0 success, cost: 0ms, totalSlot: 1, currentSlotIndex: 0
[INFO] 2025-10-13 10:39:55.581 +0800 o.a.d.s.m.c.IdSlotBasedCommandFetcher:[67] - Fetch commands: 0 success, cost: 1ms, totalSlot: 1, currentSlotIndex: 0
[INFO] 2025-10-13 10:39:55.988 +0800 o.a.d.s.m.r.t.TaskGroupCoordinator:[187] - Success amend TaskGroupQueue status cost: 0/ms
[INFO] 2025-10-13 10:39:55.988 +0800 o.a.d.s.m.r.t.TaskGroupCoordinator:[241] - Success deal with force start TaskGroupQueue cost: 0/ms
[INFO] 2025-10-13 10:39:55.988 +0800 o.a.d.s.m.r.t.TaskGroupCoordinator:[129] - TaskGroupCoordinator round time cost: 0/ms
[INFO] 2025-10-13 10:39:56.685 +0800 o.a.d.s.m.c.IdSlotBasedCommandFetcher:[67] - Fetch commands: 0 success, cost: 0ms, totalSlot: 1, currentSlotIndex: 0
[INFO] 2025-10-13 10:39:57.769 +0800 o.a.d.s.m.c.IdSlotBasedCommandFetcher:[67] - Fetch commands: 0 success, cost: 0ms, totalSlot: 1, currentSlotIndex: 0
[INFO] 2025-10-13 10:39:58.952 +0800 o.a.d.s.m.c.IdSlotBasedCommandFetcher:[67] - Fetch commands: 0 success, cost: 0ms, totalSlot: 1, currentSlotIndex: 0
[INFO] 2025-10-13 10:39:59.958 +0800 o.a.d.s.m.c.IdSlotBasedCommandFetcher:[67] - Fetch commands: 0 success, cost: 0ms, totalSlot: 1, currentSlotIndex: 0
[INFO] 2025-10-13 10:40:00.965 +0800 o.a.d.s.m.c.IdSlotBasedCommandFetcher:[67] - Fetch commands: 0 success, cost: 0ms, totalSlot: 1, currentSlotIndex: 0
[INFO] 2025-10-13 10:40:01.004 +0800 o.a.d.s.m.r.t.TaskGroupCoordinator:[187] - Success amend TaskGroupQueue status cost: 0/ms
[INFO] 2025-10-13 10:40:01.004 +0800 o.a.d.s.m.r.t.TaskGroupCoordinator:[241] - Success deal with force start TaskGroupQueue cost: 0/ms
[INFO] 2025-10-13 10:40:01.004 +0800 o.a.d.s.m.r.t.TaskGroupCoordinator:[129] - TaskGroupCoordinator round time cost: 0/ms
[INFO] 2025-10-13 10:40:01.972 +0800 o.a.d.s.m.c.IdSlotBasedCommandFetcher:[67] - Fetch commands: 0 success, cost: 0ms, totalSlot: 1, currentSlotIndex: 0
[INFO] 2025-10-13 10:40:02.978 +0800 o.a.d.s.m.c.IdSlotBasedCommandFetcher:[67] - Fetch commands: 0 success, cost: 0ms, totalSlot: 1, currentSlotIndex: 0
[INFO] 2025-10-13 10:40:03.989 +0800 o.a.d.s.m.c.IdSlotBasedCommandFetcher:[67] - Fetch commands: 0 success, cost: 0ms, totalSlot: 1, currentSlotIndex: 0
[INFO] 2025-10-13 10:40:04.993 +0800 o.a.d.s.m.c.IdSlotBasedCommandFetcher:[67] - Fetch commands: 0 success, cost: 0ms, totalSlot: 1, currentSlotIndex: 0
[INFO] 2025-10-13 10:40:06.003 +0800 o.a.d.s.m.c.IdSlotBasedCommandFetcher:[67] - Fetch commands: 0 success, cost: 0ms, totalSlot: 1, currentSlotIndex: 0
[INFO] 2025-10-13 10:40:06.021 +0800 o.a.d.s.m.r.t.TaskGroupCoordinator:[187] - Success amend TaskGroupQueue status cost: 0/ms
[INFO] 2025-10-13 10:40:06.022 +0800 o.a.d.s.m.r.t.TaskGroupCoordinator:[241] - Success deal with force start TaskGroupQueue cost: 0/ms
[INFO] 2025-10-13 10:40:06.022 +0800 o.a.d.s.m.r.t.TaskGroupCoordinator:[129] - TaskGroupCoordinator round time cost: 1/ms
[INFO] 2025-10-13 10:40:07.007 +0800 o.a.d.s.m.c.IdSlotBasedCommandFetcher:[67] - Fetch commands: 0 success, cost: 0ms, totalSlot: 1, currentSlotIndex: 0
[INFO] 2025-10-13 10:40:08.009 +0800 o.a.d.s.m.c.IdSlotBasedCommandFetcher:[67] - Fetch commands: 0 success, cost: 0ms, totalSlot: 1, currentSlotIndex: 0
[INFO] 2025-10-13 10:40:09.019 +0800 o.a.d.s.m.c.IdSlotBasedCommandFetcher:[67] - Fetch commands: 0 success, cost: 0ms, totalSlot: 1, currentSlotIndex: 0
[INFO] 2025-10-13 10:40:10.206 +0800 o.a.d.s.m.c.IdSlotBasedCommandFetcher:[67] - Fetch commands: 0 success, cost: 0ms, totalSlot: 1, currentSlotIndex: 0
[INFO] 2025-10-13 10:40:11.041 +0800 o.a.d.s.m.r.t.TaskGroupCoordinator:[187] - Success amend TaskGroupQueue status cost: 0/ms
[INFO] 2025-10-13 10:40:11.041 +0800 o.a.d.s.m.r.t.TaskGroupCoordinator:[241] - Success deal with force start TaskGroupQueue cost: 0/ms
[INFO] 2025-10-13 10:40:11.041 +0800 o.a.d.s.m.r.t.TaskGroupCoordinator:[129] - TaskGroupCoordinator round time cost: 0/ms
[INFO] 2025-10-13 10:40:11.213 +0800 o.a.d.s.m.c.IdSlotBasedCommandFetcher:[67] - Fetch commands: 0 success, cost: 0ms, totalSlot: 1, currentSlotIndex: 0
[INFO] 2025-10-13 10:40:12.215 +0800 o.a.d.s.m.c.IdSlotBasedCommandFetcher:[67] - Fetch commands: 0 success, cost: 0ms, totalSlot: 1, currentSlotIndex: 0
[INFO] 2025-10-13 10:40:13.223 +0800 o.a.d.s.m.c.IdSlotBasedCommandFetcher:[67] - Fetch commands: 0 success, cost: 0ms, totalSlot: 1, currentSlotIndex: 0
[INFO] 2025-10-13 10:40:14.229 +0800 o.a.d.s.m.c.IdSlotBasedCommandFetcher:[67] - Fetch commands: 0 success, cost: 0ms, totalSlot: 1, currentSlotIndex: 0
[INFO] 2025-10-13 10:40:15.236 +0800 o.a.d.s.m.c.IdSlotBasedCommandFetcher:[67] - Fetch commands: 0 success, cost: 0ms, totalSlot: 1, currentSlotIndex: 0
[INFO] 2025-10-13 10:40:16.057 +0800 o.a.d.s.m.r.t.TaskGroupCoordinator:[187] - Success amend TaskGroupQueue status cost: 0/ms
[INFO] 2025-10-13 10:40:16.057 +0800 o.a.d.s.m.r.t.TaskGroupCoordinator:[241] - Success deal with force start TaskGroupQueue cost: 0/ms
[INFO] 2025-10-13 10:40:16.058 +0800 o.a.d.s.m.r.t.TaskGroupCoordinator:[129] - TaskGroupCoordinator round time cost: 0/ms
[INFO] 2025-10-13 10:40:16.238 +0800 o.a.d.s.m.c.IdSlotBasedCommandFetcher:[67] - Fetch commands: 0 success, cost: 0ms, totalSlot: 1, currentSlotIndex: 0
[INFO] 2025-10-13 10:40:17.250 +0800 o.a.d.s.m.c.IdSlotBasedCommandFetcher:[67] - Fetch commands: 0 success, cost: 0ms, totalSlot: 1, currentSlotIndex: 0
[INFO] 2025-10-13 10:40:18.254 +0800 o.a.d.s.m.c.IdSlotBasedCommandFetcher:[67] - Fetch commands: 0 success, cost: 0ms, totalSlot: 1, currentSlotIndex: 0
[INFO] 2025-10-13 10:40:19.267 +0800 o.a.d.s.m.c.IdSlotBasedCommandFetcher:[67] - Fetch commands: 0 success, cost: 0ms, totalSlot: 1, currentSlotIndex: 0
[INFO] 2025-10-13 10:40:20.268 +0800 o.a.d.s.m.c.IdSlotBasedCommandFetcher:[67] - Fetch commands: 0 success, cost: 0ms, totalSlot: 1, currentSlotIndex: 0
[INFO] 2025-10-13 10:40:21.068 +0800 o.a.d.s.m.r.t.TaskGroupCoordinator:[187] - Success amend TaskGroupQueue status cost: 0/ms
[INFO] 2025-10-13 10:40:21.068 +0800 o.a.d.s.m.r.t.TaskGroupCoordinator:[241] - Success deal with force start TaskGroupQueue cost: 0/ms
[INFO] 2025-10-13 10:40:21.068 +0800 o.a.d.s.m.r.t.TaskGroupCoordinator:[129] - TaskGroupCoordinator round time cost: 0/ms
[INFO] 2025-10-13 10:40:21.509 +0800 o.a.d.s.m.c.IdSlotBasedCommandFetcher:[67] - Fetch commands: 0 success, cost: 0ms, totalSlot: 1, currentSlotIndex: 0
[INFO] 2025-10-13 10:40:22.619 +0800 o.a.d.s.m.c.IdSlotBasedCommandFetcher:[67] - Fetch commands: 0 success, cost: 1ms, totalSlot: 1, currentSlotIndex: 0
[INFO] 2025-10-13 10:40:23.722 +0800 o.a.d.s.m.c.IdSlotBasedCommandFetcher:[67] - Fetch commands: 0 success, cost: 0ms, totalSlot: 1, currentSlotIndex: 0
[INFO] 2025-10-13 10:40:24.807 +0800 o.a.d.s.m.c.IdSlotBasedCommandFetcher:[67] - Fetch commands: 0 success, cost: 0ms, totalSlot: 1, currentSlotIndex: 0
[INFO] 2025-10-13 10:40:25.906 +0800 o.a.d.s.m.c.IdSlotBasedCommandFetcher:[67] - Fetch commands: 0 success, cost: 0ms, totalSlot: 1, currentSlotIndex: 0
[INFO] 2025-10-13 10:40:26.079 +0800 o.a.d.s.m.r.t.TaskGroupCoordinator:[187] - Success amend TaskGroupQueue status cost: 0/ms
[INFO] 2025-10-13 10:40:26.079 +0800 o.a.d.s.m.r.t.TaskGroupCoordinator:[241] - Success deal with force start TaskGroupQueue cost: 0/ms
[INFO] 2025-10-13 10:40:26.080 +0800 o.a.d.s.m.r.t.TaskGroupCoordinator:[129] - TaskGroupCoordinator round time cost: 0/ms
[INFO] 2025-10-13 10:40:26.998 +0800 o.a.d.s.m.c.IdSlotBasedCommandFetcher:[67] - Fetch commands: 0 success, cost: 0ms, totalSlot: 1, currentSlotIndex: 0
[INFO] 2025-10-13 10:40:28.089 +0800 o.a.d.s.m.c.IdSlotBasedCommandFetcher:[67] - Fetch commands: 0 success, cost: 0ms, totalSlot: 1, currentSlotIndex: 0
[INFO] 2025-10-13 10:40:29.175 +0800 o.a.d.s.m.c.IdSlotBasedCommandFetcher:[67] - Fetch commands: 0 success, cost: 0ms, totalSlot: 1, currentSlotIndex: 0
[INFO] 2025-10-13 10:40:30.262 +0800 o.a.d.s.m.c.IdSlotBasedCommandFetcher:[67] - Fetch commands: 0 success, cost: 0ms, totalSlot: 1, currentSlotIndex: 0
[INFO] 2025-10-13 10:40:31.099 +0800 o.a.d.s.m.r.t.TaskGroupCoordinator:[187] - Success amend TaskGroupQueue status cost: 0/ms
[INFO] 2025-10-13 10:40:31.100 +0800 o.a.d.s.m.r.t.TaskGroupCoordinator:[241] - Success deal with force start TaskGroupQueue cost: 0/ms
[INFO] 2025-10-13 10:40:31.100 +0800 o.a.d.s.m.r.t.TaskGroupCoordinator:[129] - TaskGroupCoordinator round time cost: 0/ms
[INFO] 2025-10-13 10:40:31.344 +0800 o.a.d.s.m.c.IdSlotBasedCommandFetcher:[67] - Fetch commands: 0 success, cost: 0ms, totalSlot: 1, currentSlotIndex: 0
[INFO] 2025-10-13 10:40:32.436 +0800 o.a.d.s.m.c.IdSlotBasedCommandFetcher:[67] - Fetch commands: 0 success, cost: 0ms, totalSlot: 1, currentSlotIndex: 0
[INFO] 2025-10-13 10:40:33.675 +0800 o.a.d.s.m.c.IdSlotBasedCommandFetcher:[67] - Fetch commands: 0 success, cost: 0ms, totalSlot: 1, currentSlotIndex: 0
[INFO] 2025-10-13 10:40:34.685 +0800 o.a.d.s.m.c.IdSlotBasedCommandFetcher:[67] - Fetch commands: 0 success, cost: 1ms, totalSlot: 1, currentSlotIndex: 0
[INFO] 2025-10-13 10:40:35.686 +0800 o.a.d.s.m.c.IdSlotBasedCommandFetcher:[67] - Fetch commands: 0 success, cost: 0ms, totalSlot: 1, currentSlotIndex: 0
[INFO] 2025-10-13 10:40:36.115 +0800 o.a.d.s.m.r.t.TaskGroupCoordinator:[187] - Success amend TaskGroupQueue status cost: 0/ms
[INFO] 2025-10-13 10:40:36.115 +0800 o.a.d.s.m.r.t.TaskGroupCoordinator:[241] - Success deal with force start TaskGroupQueue cost: 0/ms
[INFO] 2025-10-13 10:40:36.115 +0800 o.a.d.s.m.r.t.TaskGroupCoordinator:[129] - TaskGroupCoordinator round time cost: 0/ms
[INFO] 2025-10-13 10:40:36.688 +0800 o.a.d.s.m.c.IdSlotBasedCommandFetcher:[67] - Fetch commands: 0 success, cost: 0ms, totalSlot: 1, currentSlotIndex: 0
[INFO] 2025-10-13 10:40:37.690 +0800 o.a.d.s.m.c.IdSlotBasedCommandFetcher:[67] - Fetch commands: 0 success, cost: 1ms, totalSlot: 1, currentSlotIndex: 0
[INFO] 2025-10-13 10:40:38.694 +0800 o.a.d.s.m.c.IdSlotBasedCommandFetcher:[67] - Fetch commands: 0 success, cost: 0ms, totalSlot: 1, currentSlotIndex: 0
[INFO] 2025-10-13 10:40:39.702 +0800 o.a.d.s.m.c.IdSlotBasedCommandFetcher:[67] - Fetch commands: 0 success, cost: 1ms, totalSlot: 1, currentSlotIndex: 0
[INFO] 2025-10-13 10:40:40.711 +0800 o.a.d.s.m.c.IdSlotBasedCommandFetcher:[67] - Fetch commands: 0 success, cost: 0ms, totalSlot: 1, currentSlotIndex: 0
[INFO] 2025-10-13 10:40:41.125 +0800 o.a.d.s.m.r.t.TaskGroupCoordinator:[187] - Success amend TaskGroupQueue status cost: 0/ms
[INFO] 2025-10-13 10:40:41.125 +0800 o.a.d.s.m.r.t.TaskGroupCoordinator:[241] - Success deal with force start TaskGroupQueue cost: 0/ms
[INFO] 2025-10-13 10:40:41.125 +0800 o.a.d.s.m.r.t.TaskGroupCoordinator:[129] - TaskGroupCoordinator round time cost: 1/ms
[INFO] 2025-10-13 10:40:41.720 +0800 o.a.d.s.m.c.IdSlotBasedCommandFetcher:[67] - Fetch commands: 0 success, cost: 0ms, totalSlot: 1, currentSlotIndex: 0
[INFO] 2025-10-13 10:40:42.722 +0800 o.a.d.s.m.c.IdSlotBasedCommandFetcher:[67] - Fetch commands: 0 success, cost: 0ms, totalSlot: 1, currentSlotIndex: 0
[INFO] 2025-10-13 10:40:43.726 +0800 o.a.d.s.m.c.IdSlotBasedCommandFetcher:[67] - Fetch commands: 0 success, cost: 0ms, totalSlot: 1, currentSlotIndex: 0
[INFO] 2025-10-13 10:40:44.728 +0800 o.a.d.s.m.c.IdSlotBasedCommandFetcher:[67] - Fetch commands: 0 success, cost: 0ms, totalSlot: 1, currentSlotIndex: 0
[INFO] 2025-10-13 10:40:45.956 +0800 o.a.d.s.m.c.IdSlotBasedCommandFetcher:[67] - Fetch commands: 0 success, cost: 0ms, totalSlot: 1, currentSlotIndex: 0
[INFO] 2025-10-13 10:40:46.139 +0800 o.a.d.s.m.r.t.TaskGroupCoordinator:[187] - Success amend TaskGroupQueue status cost: 0/ms
[INFO] 2025-10-13 10:40:46.139 +0800 o.a.d.s.m.r.t.TaskGroupCoordinator:[241] - Success deal with force start TaskGroupQueue cost: 0/ms
[INFO] 2025-10-13 10:40:46.139 +0800 o.a.d.s.m.r.t.TaskGroupCoordinator:[129] - TaskGroupCoordinator round time cost: 0/ms
[INFO] 2025-10-13 10:40:46.963 +0800 o.a.d.s.m.c.IdSlotBasedCommandFetcher:[67] - Fetch commands: 0 success, cost: 0ms, totalSlot: 1, currentSlotIndex: 0
[INFO] 2025-10-13 10:40:47.967 +0800 o.a.d.s.m.c.IdSlotBasedCommandFetcher:[67] - Fetch commands: 0 success, cost: 0ms, totalSlot: 1, currentSlotIndex: 0
[INFO] 2025-10-13 10:40:48.969 +0800 o.a.d.s.m.c.IdSlotBasedCommandFetcher:[67] - Fetch commands: 0 success, cost: 0ms, totalSlot: 1, currentSlotIndex: 0
[INFO] 2025-10-13 10:40:49.971 +0800 o.a.d.s.m.c.IdSlotBasedCommandFetcher:[67] - Fetch commands: 0 success, cost: 0ms, totalSlot: 1, currentSlotIndex: 0
[INFO] 2025-10-13 10:40:50.973 +0800 o.a.d.s.m.c.IdSlotBasedCommandFetcher:[67] - Fetch commands: 0 success, cost: 0ms, totalSlot: 1, currentSlotIndex: 0
[INFO] 2025-10-13 10:40:51.147 +0800 o.a.d.s.m.r.t.TaskGroupCoordinator:[187] - Success amend TaskGroupQueue status cost: 0/ms
[INFO] 2025-10-13 10:40:51.147 +0800 o.a.d.s.m.r.t.TaskGroupCoordinator:[241] - Success deal with force start TaskGroupQueue cost: 0/ms
[INFO] 2025-10-13 10:40:51.147 +0800 o.a.d.s.m.r.t.TaskGroupCoordinator:[129] - TaskGroupCoordinator round time cost: 0/ms
[INFO] 2025-10-13 10:40:51.980 +0800 o.a.d.s.m.c.IdSlotBasedCommandFetcher:[67] - Fetch commands: 0 success, cost: 0ms, totalSlot: 1, currentSlotIndex: 0
[INFO] 2025-10-13 10:40:52.982 +0800 o.a.d.s.m.c.IdSlotBasedCommandFetcher:[67] - Fetch commands: 0 success, cost: 0ms, totalSlot: 1, currentSlotIndex: 0
[INFO] 2025-10-13 10:40:53.987 +0800 o.a.d.s.m.c.IdSlotBasedCommandFetcher:[67] - Fetch commands: 0 success, cost: 0ms, totalSlot: 1, currentSlotIndex: 0
[INFO] 2025-10-13 10:40:54.998 +0800 o.a.d.s.m.c.IdSlotBasedCommandFetcher:[67] - Fetch commands: 0 success, cost: 1ms, totalSlot: 1, currentSlotIndex: 0
[INFO] 2025-10-13 10:40:55.999 +0800 o.a.d.s.m.c.IdSlotBasedCommandFetcher:[67] - Fetch commands: 0 success, cost: 0ms, totalSlot: 1, currentSlotIndex: 0
[INFO] 2025-10-13 10:40:56.153 +0800 o.a.d.s.m.r.t.TaskGroupCoordinator:[187] - Success amend TaskGroupQueue status cost: 0/ms
[INFO] 2025-10-13 10:40:56.154 +0800 o.a.d.s.m.r.t.TaskGroupCoordinator:[241] - Success deal with force start TaskGroupQueue cost: 0/ms
[INFO] 2025-10-13 10:40:56.154 +0800 o.a.d.s.m.r.t.TaskGroupCoordinator:[129] - TaskGroupCoordinator round time cost: 0/ms
[INFO] 2025-10-13 10:40:57.166 +0800 o.a.d.s.m.c.IdSlotBasedCommandFetcher:[67] - Fetch commands: 0 success, cost: 0ms, totalSlot: 1, currentSlotIndex: 0
[INFO] 2025-10-13 10:40:58.263 +0800 o.a.d.s.m.c.IdSlotBasedCommandFetcher:[67] - Fetch commands: 0 success, cost: 0ms, totalSlot: 1, currentSlotIndex: 0
[INFO] 2025-10-13 10:40:59.361 +0800 o.a.d.s.m.c.IdSlotBasedCommandFetcher:[67] - Fetch commands: 0 success, cost: 0ms, totalSlot: 1, currentSlotIndex: 0
[INFO] 2025-10-13 10:41:00.442 +0800 o.a.d.s.m.c.IdSlotBasedCommandFetcher:[67] - Fetch commands: 0 success, cost: 0ms, totalSlot: 1, currentSlotIndex: 0
[INFO] 2025-10-13 10:41:01.162 +0800 o.a.d.s.m.r.t.TaskGroupCoordinator:[187] - Success amend TaskGroupQueue status cost: 0/ms
[INFO] 2025-10-13 10:41:01.162 +0800 o.a.d.s.m.r.t.TaskGroupCoordinator:[241] - Success deal with force start TaskGroupQueue cost: 0/ms
[INFO] 2025-10-13 10:41:01.162 +0800 o.a.d.s.m.r.t.TaskGroupCoordinator:[129] - TaskGroupCoordinator round time cost: 0/ms
[INFO] 2025-10-13 10:41:01.536 +0800 o.a.d.s.m.c.IdSlotBasedCommandFetcher:[67] - Fetch commands: 0 success, cost: 0ms, totalSlot: 1, currentSlotIndex: 0
[INFO] 2025-10-13 10:41:02.624 +0800 o.a.d.s.m.c.IdSlotBasedCommandFetcher:[67] - Fetch commands: 0 success, cost: 0ms, totalSlot: 1, currentSlotIndex: 0
[INFO] 2025-10-13 10:41:03.727 +0800 o.a.d.s.m.c.IdSlotBasedCommandFetcher:[67] - Fetch commands: 0 success, cost: 0ms, totalSlot: 1, currentSlotIndex: 0
[INFO] 2025-10-13 10:41:04.818 +0800 o.a.d.s.m.c.IdSlotBasedCommandFetcher:[67] - Fetch commands: 0 success, cost: 0ms, totalSlot: 1, currentSlotIndex: 0
[INFO] 2025-10-13 10:41:05.924 +0800 o.a.d.s.m.c.IdSlotBasedCommandFetcher:[67] - Fetch commands: 0 success, cost: 0ms, totalSlot: 1, currentSlotIndex: 0
[INFO] 2025-10-13 10:41:06.172 +0800 o.a.d.s.m.r.t.TaskGroupCoordinator:[187] - Success amend TaskGroupQueue status cost: 0/ms
[INFO] 2025-10-13 10:41:06.172 +0800 o.a.d.s.m.r.t.TaskGroupCoordinator:[241] - Success deal with force start TaskGroupQueue cost: 0/ms
[INFO] 2025-10-13 10:41:06.172 +0800 o.a.d.s.m.r.t.TaskGroupCoordinator:[129] - TaskGroupCoordinator round time cost: 0/ms
[INFO] 2025-10-13 10:41:07.004 +0800 o.a.d.s.m.c.IdSlotBasedCommandFetcher:[67] - Fetch commands: 0 success, cost: 0ms, totalSlot: 1, currentSlotIndex: 0
[INFO] 2025-10-13 10:41:08.101 +0800 o.a.d.s.m.c.IdSlotBasedCommandFetcher:[67] - Fetch commands: 0 success, cost: 1ms, totalSlot: 1, currentSlotIndex: 0
[INFO] 2025-10-13 10:41:09.464 +0800 o.a.d.s.m.c.IdSlotBasedCommandFetcher:[67] - Fetch commands: 0 success, cost: 0ms, totalSlot: 1, currentSlotIndex: 0
[INFO] 2025-10-13 10:41:10.467 +0800 o.a.d.s.m.c.IdSlotBasedCommandFetcher:[67] - Fetch commands: 0 success, cost: 0ms, totalSlot: 1, currentSlotIndex: 0
[INFO] 2025-10-13 10:41:11.185 +0800 o.a.d.s.m.r.t.TaskGroupCoordinator:[187] - Success amend TaskGroupQueue status cost: 0/ms
[INFO] 2025-10-13 10:41:11.185 +0800 o.a.d.s.m.r.t.TaskGroupCoordinator:[241] - Success deal with force start TaskGroupQueue cost: 0/ms
[INFO] 2025-10-13 10:41:11.186 +0800 o.a.d.s.m.r.t.TaskGroupCoordinator:[129] - TaskGroupCoordinator round time cost: 0/ms
[INFO] 2025-10-13 10:41:11.470 +0800 o.a.d.s.m.c.IdSlotBasedCommandFetcher:[67] - Fetch commands: 0 success, cost: 0ms, totalSlot: 1, currentSlotIndex: 0
[INFO] 2025-10-13 10:41:12.471 +0800 o.a.d.s.m.c.IdSlotBasedCommandFetcher:[67] - Fetch commands: 0 success, cost: 0ms, totalSlot: 1, currentSlotIndex: 0
[INFO] 2025-10-13 10:41:13.473 +0800 o.a.d.s.m.c.IdSlotBasedCommandFetcher:[67] - Fetch commands: 0 success, cost: 0ms, totalSlot: 1, currentSlotIndex: 0
[INFO] 2025-10-13 10:41:14.478 +0800 o.a.d.s.m.c.IdSlotBasedCommandFetcher:[67] - Fetch commands: 0 success, cost: 0ms, totalSlot: 1, currentSlotIndex: 0
[INFO] 2025-10-13 10:41:15.481 +0800 o.a.d.s.m.c.IdSlotBasedCommandFetcher:[67] - Fetch commands: 0 success, cost: 0ms, totalSlot: 1, currentSlotIndex: 0
[INFO] 2025-10-13 10:41:16.197 +0800 o.a.d.s.m.r.t.TaskGroupCoordinator:[187] - Success amend TaskGroupQueue status cost: 0/ms
[INFO] 2025-10-13 10:41:16.197 +0800 o.a.d.s.m.r.t.TaskGroupCoordinator:[241] - Success deal with force start TaskGroupQueue cost: 0/ms
[INFO] 2025-10-13 10:41:16.198 +0800 o.a.d.s.m.r.t.TaskGroupCoordinator:[129] - TaskGroupCoordinator round time cost: 0/ms
[INFO] 2025-10-13 10:41:16.484 +0800 o.a.d.s.m.c.IdSlotBasedCommandFetcher:[67] - Fetch commands: 0 success, cost: 0ms, totalSlot: 1, currentSlotIndex: 0
[INFO] 2025-10-13 10:41:17.490 +0800 o.a.d.s.m.c.IdSlotBasedCommandFetcher:[67] - Fetch commands: 0 success, cost: 0ms, totalSlot: 1, currentSlotIndex: 0
[INFO] 2025-10-13 10:41:18.491 +0800 o.a.d.s.m.c.IdSlotBasedCommandFetcher:[67] - Fetch commands: 0 success, cost: 0ms, totalSlot: 1, currentSlotIndex: 0
[INFO] 2025-10-13 10:41:19.494 +0800 o.a.d.s.m.c.IdSlotBasedCommandFetcher:[67] - Fetch commands: 0 success, cost: 1ms, totalSlot: 1, currentSlotIndex: 0
[INFO] 2025-10-13 10:41:20.506 +0800 o.a.d.s.m.c.IdSlotBasedCommandFetcher:[67] - Fetch commands: 0 success, cost: 0ms, totalSlot: 1, currentSlotIndex: 0
[INFO] 2025-10-13 10:41:21.204 +0800 o.a.d.s.m.r.t.TaskGroupCoordinator:[187] - Success amend TaskGroupQueue status cost: 0/ms
[INFO] 2025-10-13 10:41:21.204 +0800 o.a.d.s.m.r.t.TaskGroupCoordinator:[241] - Success deal with force start TaskGroupQueue cost: 0/ms
[INFO] 2025-10-13 10:41:21.204 +0800 o.a.d.s.m.r.t.TaskGroupCoordinator:[129] - TaskGroupCoordinator round time cost: 0/ms
[INFO] 2025-10-13 10:41:21.511 +0800 o.a.d.s.m.c.IdSlotBasedCommandFetcher:[67] - Fetch commands: 0 success, cost: 0ms, totalSlot: 1, currentSlotIndex: 0
[INFO] 2025-10-13 10:41:22.871 +0800 o.a.d.s.m.c.IdSlotBasedCommandFetcher:[67] - Fetch commands: 0 success, cost: 1ms, totalSlot: 1, currentSlotIndex: 0
[INFO] 2025-10-13 10:41:23.872 +0800 o.a.d.s.m.c.IdSlotBasedCommandFetcher:[67] - Fetch commands: 0 success, cost: 0ms, totalSlot: 1, currentSlotIndex: 0
[INFO] 2025-10-13 10:41:24.879 +0800 o.a.d.s.m.c.IdSlotBasedCommandFetcher:[67] - Fetch commands: 0 success, cost: 0ms, totalSlot: 1, currentSlotIndex: 0
[INFO] 2025-10-13 10:41:25.880 +0800 o.a.d.s.m.c.IdSlotBasedCommandFetcher:[67] - Fetch commands: 0 success, cost: 0ms, totalSlot: 1, currentSlotIndex: 0
[INFO] 2025-10-13 10:41:26.226 +0800 o.a.d.s.m.r.t.TaskGroupCoordinator:[187] - Success amend TaskGroupQueue status cost: 0/ms
[INFO] 2025-10-13 10:41:26.227 +0800 o.a.d.s.m.r.t.TaskGroupCoordinator:[241] - Success deal with force start TaskGroupQueue cost: 0/ms
[INFO] 2025-10-13 10:41:26.227 +0800 o.a.d.s.m.r.t.TaskGroupCoordinator:[129] - TaskGroupCoordinator round time cost: 0/ms
[INFO] 2025-10-13 10:41:26.884 +0800 o.a.d.s.m.c.IdSlotBasedCommandFetcher:[67] - Fetch commands: 0 success, cost: 0ms, totalSlot: 1, currentSlotIndex: 0
[INFO] 2025-10-13 10:41:27.895 +0800 o.a.d.s.m.c.IdSlotBasedCommandFetcher:[67] - Fetch commands: 0 success, cost: 0ms, totalSlot: 1, currentSlotIndex: 0
[INFO] 2025-10-13 10:41:28.901 +0800 o.a.d.s.m.c.IdSlotBasedCommandFetcher:[67] - Fetch commands: 0 success, cost: 0ms, totalSlot: 1, currentSlotIndex: 0
[INFO] 2025-10-13 10:41:29.910 +0800 o.a.d.s.m.c.IdSlotBasedCommandFetcher:[67] - Fetch commands: 0 success, cost: 0ms, totalSlot: 1, currentSlotIndex: 0
[INFO] 2025-10-13 10:41:30.919 +0800 o.a.d.s.m.c.IdSlotBasedCommandFetcher:[67] - Fetch commands: 0 success, cost: 0ms, totalSlot: 1, currentSlotIndex: 0
[INFO] 2025-10-13 10:41:31.242 +0800 o.a.d.s.m.r.t.TaskGroupCoordinator:[187] - Success amend TaskGroupQueue status cost: 0/ms
[INFO] 2025-10-13 10:41:31.242 +0800 o.a.d.s.m.r.t.TaskGroupCoordinator:[241] - Success deal with force start TaskGroupQueue cost: 0/ms
[INFO] 2025-10-13 10:41:31.242 +0800 o.a.d.s.m.r.t.TaskGroupCoordinator:[129] - TaskGroupCoordinator round time cost: 1/ms
[INFO] 2025-10-13 10:41:31.933 +0800 o.a.d.s.m.c.IdSlotBasedCommandFetcher:[67] - Fetch commands: 0 success, cost: 0ms, totalSlot: 1, currentSlotIndex: 0
[INFO] 2025-10-13 10:41:32.947 +0800 o.a.d.s.m.c.IdSlotBasedCommandFetcher:[67] - Fetch commands: 0 success, cost: 0ms, totalSlot: 1, currentSlotIndex: 0
[INFO] 2025-10-13 10:41:33.948 +0800 o.a.d.s.m.c.IdSlotBasedCommandFetcher:[67] - Fetch commands: 0 success, cost: 0ms, totalSlot: 1, currentSlotIndex: 0
[INFO] 2025-10-13 10:41:35.238 +0800 o.a.d.s.m.c.IdSlotBasedCommandFetcher:[67] - Fetch commands: 0 success, cost: 1ms, totalSlot: 1, currentSlotIndex: 0
[INFO] 2025-10-13 10:41:36.245 +0800 o.a.d.s.m.r.t.TaskGroupCoordinator:[187] - Success amend TaskGroupQueue status cost: 0/ms
[INFO] 2025-10-13 10:41:36.245 +0800 o.a.d.s.m.r.t.TaskGroupCoordinator:[241] - Success deal with force start TaskGroupQueue cost: 0/ms
[INFO] 2025-10-13 10:41:36.248 +0800 o.a.d.s.m.r.t.TaskGroupCoordinator:[129] - TaskGroupCoordinator round time cost: 0/ms
[INFO] 2025-10-13 10:41:36.343 +0800 o.a.d.s.m.c.IdSlotBasedCommandFetcher:[67] - Fetch commands: 0 success, cost: 0ms, totalSlot: 1, currentSlotIndex: 0
[INFO] 2025-10-13 10:41:37.458 +0800 o.a.d.s.m.c.IdSlotBasedCommandFetcher:[67] - Fetch commands: 0 success, cost: 0ms, totalSlot: 1, currentSlotIndex: 0
[INFO] 2025-10-13 10:41:38.551 +0800 o.a.d.s.m.c.IdSlotBasedCommandFetcher:[67] - Fetch commands: 0 success, cost: 2ms, totalSlot: 1, currentSlotIndex: 0
[INFO] 2025-10-13 10:41:39.654 +0800 o.a.d.s.m.c.IdSlotBasedCommandFetcher:[67] - Fetch commands: 0 success, cost: 0ms, totalSlot: 1, currentSlotIndex: 0
[INFO] 2025-10-13 10:41:40.745 +0800 o.a.d.s.m.c.IdSlotBasedCommandFetcher:[67] - Fetch commands: 0 success, cost: 0ms, totalSlot: 1, currentSlotIndex: 0
[INFO] 2025-10-13 10:41:41.267 +0800 o.a.d.s.m.r.t.TaskGroupCoordinator:[187] - Success amend TaskGroupQueue status cost: 0/ms
[INFO] 2025-10-13 10:41:41.268 +0800 o.a.d.s.m.r.t.TaskGroupCoordinator:[241] - Success deal with force start TaskGroupQueue cost: 0/ms
[INFO] 2025-10-13 10:41:41.268 +0800 o.a.d.s.m.r.t.TaskGroupCoordinator:[129] - TaskGroupCoordinator round time cost: 0/ms
[INFO] 2025-10-13 10:41:41.851 +0800 o.a.d.s.m.c.IdSlotBasedCommandFetcher:[67] - Fetch commands: 0 success, cost: 0ms, totalSlot: 1, currentSlotIndex: 0
[INFO] 2025-10-13 10:41:42.947 +0800 o.a.d.s.m.c.IdSlotBasedCommandFetcher:[67] - Fetch commands: 0 success, cost: 0ms, totalSlot: 1, currentSlotIndex: 0
[INFO] 2025-10-13 10:41:44.054 +0800 o.a.d.s.m.c.IdSlotBasedCommandFetcher:[67] - Fetch commands: 0 success, cost: 0ms, totalSlot: 1, currentSlotIndex: 0
[INFO] 2025-10-13 10:41:45.200 +0800 o.a.d.s.m.c.IdSlotBasedCommandFetcher:[67] - Fetch commands: 0 success, cost: 1ms, totalSlot: 1, currentSlotIndex: 0
[INFO] 2025-10-13 10:41:46.202 +0800 o.a.d.s.m.c.IdSlotBasedCommandFetcher:[67] - Fetch commands: 0 success, cost: 0ms, totalSlot: 1, currentSlotIndex: 0
[INFO] 2025-10-13 10:41:46.287 +0800 o.a.d.s.m.r.t.TaskGroupCoordinator:[187] - Success amend TaskGroupQueue status cost: 0/ms
[INFO] 2025-10-13 10:41:46.287 +0800 o.a.d.s.m.r.t.TaskGroupCoordinator:[241] - Success deal with force start TaskGroupQueue cost: 0/ms
[INFO] 2025-10-13 10:41:46.287 +0800 o.a.d.s.m.r.t.TaskGroupCoordinator:[129] - TaskGroupCoordinator round time cost: 0/ms
[INFO] 2025-10-13 10:41:47.211 +0800 o.a.d.s.m.c.IdSlotBasedCommandFetcher:[67] - Fetch commands: 0 success, cost: 0ms, totalSlot: 1, currentSlotIndex: 0
[INFO] 2025-10-13 10:41:48.221 +0800 o.a.d.s.m.c.IdSlotBasedCommandFetcher:[67] - Fetch commands: 0 success, cost: 0ms, totalSlot: 1, currentSlotIndex: 0
[INFO] 2025-10-13 10:41:49.232 +0800 o.a.d.s.m.c.IdSlotBasedCommandFetcher:[67] - Fetch commands: 0 success, cost: 0ms, totalSlot: 1, currentSlotIndex: 0
[INFO] 2025-10-13 10:41:50.235 +0800 o.a.d.s.m.c.IdSlotBasedCommandFetcher:[67] - Fetch commands: 0 success, cost: 0ms, totalSlot: 1, currentSlotIndex: 0
[INFO] 2025-10-13 10:41:51.236 +0800 o.a.d.s.m.c.IdSlotBasedCommandFetcher:[67] - Fetch commands: 0 success, cost: 0ms, totalSlot: 1, currentSlotIndex: 0
[INFO] 2025-10-13 10:41:51.292 +0800 o.a.d.s.m.r.t.TaskGroupCoordinator:[187] - Success amend TaskGroupQueue status cost: 0/ms
[INFO] 2025-10-13 10:41:51.292 +0800 o.a.d.s.m.r.t.TaskGroupCoordinator:[241] - Success deal with force start TaskGroupQueue cost: 0/ms
[INFO] 2025-10-13 10:41:51.292 +0800 o.a.d.s.m.r.t.TaskGroupCoordinator:[129] - TaskGroupCoordinator round time cost: 0/ms
[INFO] 2025-10-13 10:41:52.240 +0800 o.a.d.s.m.c.IdSlotBasedCommandFetcher:[67] - Fetch commands: 0 success, cost: 0ms, totalSlot: 1, currentSlotIndex: 0
[INFO] 2025-10-13 10:41:53.248 +0800 o.a.d.s.m.c.IdSlotBasedCommandFetcher:[67] - Fetch commands: 0 success, cost: 0ms, totalSlot: 1, currentSlotIndex: 0
[INFO] 2025-10-13 10:41:54.257 +0800 o.a.d.s.m.c.IdSlotBasedCommandFetcher:[67] - Fetch commands: 0 success, cost: 0ms, totalSlot: 1, currentSlotIndex: 0
[INFO] 2025-10-13 10:41:55.260 +0800 o.a.d.s.m.c.IdSlotBasedCommandFetcher:[67] - Fetch commands: 0 success, cost: 0ms, totalSlot: 1, currentSlotIndex: 0
[INFO] 2025-10-13 10:41:56.299 +0800 o.a.d.s.m.r.t.TaskGroupCoordinator:[187] - Success amend TaskGroupQueue status cost: 0/ms
[INFO] 2025-10-13 10:41:56.299 +0800 o.a.d.s.m.r.t.TaskGroupCoordinator:[241] - Success deal with force start TaskGroupQueue cost: 0/ms
[INFO] 2025-10-13 10:41:56.299 +0800 o.a.d.s.m.r.t.TaskGroupCoordinator:[129] - TaskGroupCoordinator round time cost: 0/ms
[INFO] 2025-10-13 10:41:56.350 +0800 o.a.d.s.m.c.IdSlotBasedCommandFetcher:[67] - Fetch commands: 0 success, cost: 0ms, totalSlot: 1, currentSlotIndex: 0
[INFO] 2025-10-13 10:41:57.447 +0800 o.a.d.s.m.c.IdSlotBasedCommandFetcher:[67] - Fetch commands: 0 success, cost: 1ms, totalSlot: 1, currentSlotIndex: 0
[INFO] 2025-10-13 10:41:58.631 +0800 o.a.d.s.m.c.IdSlotBasedCommandFetcher:[67] - Fetch commands: 0 success, cost: 0ms, totalSlot: 1, currentSlotIndex: 0
[INFO] 2025-10-13 10:41:59.636 +0800 o.a.d.s.m.c.IdSlotBasedCommandFetcher:[67] - Fetch commands: 0 success, cost: 0ms, totalSlot: 1, currentSlotIndex: 0
[INFO] 2025-10-13 10:42:00.649 +0800 o.a.d.s.m.c.IdSlotBasedCommandFetcher:[67] - Fetch commands: 0 success, cost: 0ms, totalSlot: 1, currentSlotIndex: 0
[INFO] 2025-10-13 10:42:01.308 +0800 o.a.d.s.m.r.t.TaskGroupCoordinator:[187] - Success amend TaskGroupQueue status cost: 0/ms
[INFO] 2025-10-13 10:42:01.308 +0800 o.a.d.s.m.r.t.TaskGroupCoordinator:[241] - Success deal with force start TaskGroupQueue cost: 0/ms
[INFO] 2025-10-13 10:42:01.308 +0800 o.a.d.s.m.r.t.TaskGroupCoordinator:[129] - TaskGroupCoordinator round time cost: 0/ms
[INFO] 2025-10-13 10:42:01.650 +0800 o.a.d.s.m.c.IdSlotBasedCommandFetcher:[67] - Fetch commands: 0 success, cost: 0ms, totalSlot: 1, currentSlotIndex: 0
[INFO] 2025-10-13 10:42:02.659 +0800 o.a.d.s.m.c.IdSlotBasedCommandFetcher:[67] - Fetch commands: 0 success, cost: 1ms, totalSlot: 1, currentSlotIndex: 0
[INFO] 2025-10-13 10:42:03.660 +0800 o.a.d.s.m.c.IdSlotBasedCommandFetcher:[67] - Fetch commands: 0 success, cost: 0ms, totalSlot: 1, currentSlotIndex: 0
[INFO] 2025-10-13 10:42:04.677 +0800 o.a.d.s.m.c.IdSlotBasedCommandFetcher:[67] - Fetch commands: 0 success, cost: 0ms, totalSlot: 1, currentSlotIndex: 0
[INFO] 2025-10-13 10:42:05.678 +0800 o.a.d.s.m.c.IdSlotBasedCommandFetcher:[67] - Fetch commands: 0 success, cost: 0ms, totalSlot: 1, currentSlotIndex: 0
[INFO] 2025-10-13 10:42:06.326 +0800 o.a.d.s.m.r.t.TaskGroupCoordinator:[187] - Success amend TaskGroupQueue status cost: 0/ms
[INFO] 2025-10-13 10:42:06.326 +0800 o.a.d.s.m.r.t.TaskGroupCoordinator:[241] - Success deal with force start TaskGroupQueue cost: 0/ms
[INFO] 2025-10-13 10:42:06.326 +0800 o.a.d.s.m.r.t.TaskGroupCoordinator:[129] - TaskGroupCoordinator round time cost: 0/ms
[INFO] 2025-10-13 10:42:06.692 +0800 o.a.d.s.m.c.IdSlotBasedCommandFetcher:[67] - Fetch commands: 0 success, cost: 0ms, totalSlot: 1, currentSlotIndex: 0
[INFO] 2025-10-13 10:42:07.702 +0800 o.a.d.s.m.c.IdSlotBasedCommandFetcher:[67] - Fetch commands: 0 success, cost: 0ms, totalSlot: 1, currentSlotIndex: 0
[INFO] 2025-10-13 10:42:08.703 +0800 o.a.d.s.m.c.IdSlotBasedCommandFetcher:[67] - Fetch commands: 0 success, cost: 0ms, totalSlot: 1, currentSlotIndex: 0
[INFO] 2025-10-13 10:42:09.798 +0800 o.a.d.s.m.c.IdSlotBasedCommandFetcher:[67] - Fetch commands: 0 success, cost: 0ms, totalSlot: 1, currentSlotIndex: 0
[INFO] 2025-10-13 10:42:10.882 +0800 o.a.d.s.m.c.IdSlotBasedCommandFetcher:[67] - Fetch commands: 0 success, cost: 0ms, totalSlot: 1, currentSlotIndex: 0
[INFO] 2025-10-13 10:42:11.336 +0800 o.a.d.s.m.r.t.TaskGroupCoordinator:[187] - Success amend TaskGroupQueue status cost: 0/ms
[INFO] 2025-10-13 10:42:11.336 +0800 o.a.d.s.m.r.t.TaskGroupCoordinator:[241] - Success deal with force start TaskGroupQueue cost: 0/ms
[INFO] 2025-10-13 10:42:11.336 +0800 o.a.d.s.m.r.t.TaskGroupCoordinator:[129] - TaskGroupCoordinator round time cost: 0/ms
[INFO] 2025-10-13 10:42:11.974 +0800 o.a.d.s.m.c.IdSlotBasedCommandFetcher:[67] - Fetch commands: 0 success, cost: 0ms, totalSlot: 1, currentSlotIndex: 0
[INFO] 2025-10-13 10:42:13.070 +0800 o.a.d.s.m.c.IdSlotBasedCommandFetcher:[67] - Fetch commands: 0 success, cost: 0ms, totalSlot: 1, currentSlotIndex: 0
[INFO] 2025-10-13 10:42:14.145 +0800 o.a.d.s.m.c.IdSlotBasedCommandFetcher:[67] - Fetch commands: 0 success, cost: 0ms, totalSlot: 1, currentSlotIndex: 0
[INFO] 2025-10-13 10:42:15.224 +0800 o.a.d.s.m.c.IdSlotBasedCommandFetcher:[67] - Fetch commands: 0 success, cost: 0ms, totalSlot: 1, currentSlotIndex: 0
[INFO] 2025-10-13 10:42:16.318 +0800 o.a.d.s.m.c.IdSlotBasedCommandFetcher:[67] - Fetch commands: 0 success, cost: 0ms, totalSlot: 1, currentSlotIndex: 0
[INFO] 2025-10-13 10:42:16.345 +0800 o.a.d.s.m.r.t.TaskGroupCoordinator:[187] - Success amend TaskGroupQueue status cost: 0/ms
[INFO] 2025-10-13 10:42:16.345 +0800 o.a.d.s.m.r.t.TaskGroupCoordinator:[241] - Success deal with force start TaskGroupQueue cost: 0/ms
[INFO] 2025-10-13 10:42:16.345 +0800 o.a.d.s.m.r.t.TaskGroupCoordinator:[129] - TaskGroupCoordinator round time cost: 0/ms
[INFO] 2025-10-13 10:42:17.399 +0800 o.a.d.s.m.c.IdSlotBasedCommandFetcher:[67] - Fetch commands: 0 success, cost: 0ms, totalSlot: 1, currentSlotIndex: 0
[INFO] 2025-10-13 10:42:18.498 +0800 o.a.d.s.m.c.IdSlotBasedCommandFetcher:[67] - Fetch commands: 0 success, cost: 0ms, totalSlot: 1, currentSlotIndex: 0
[INFO] 2025-10-13 10:42:19.514 +0800 o.a.d.s.m.c.IdSlotBasedCommandFetcher:[67] - Fetch commands: 0 success, cost: 0ms, totalSlot: 1, currentSlotIndex: 0
[INFO] 2025-10-13 10:42:20.517 +0800 o.a.d.s.m.c.IdSlotBasedCommandFetcher:[67] - Fetch commands: 0 success, cost: 0ms, totalSlot: 1, currentSlotIndex: 0
[INFO] 2025-10-13 10:42:21.383 +0800 o.a.d.s.m.r.t.TaskGroupCoordinator:[187] - Success amend TaskGroupQueue status cost: 0/ms
[INFO] 2025-10-13 10:42:21.383 +0800 o.a.d.s.m.r.t.TaskGroupCoordinator:[241] - Success deal with force start TaskGroupQueue cost: 0/ms
[INFO] 2025-10-13 10:42:21.384 +0800 o.a.d.s.m.r.t.TaskGroupCoordinator:[129] - TaskGroupCoordinator round time cost: 1/ms
[INFO] 2025-10-13 10:42:21.519 +0800 o.a.d.s.m.c.IdSlotBasedCommandFetcher:[67] - Fetch commands: 0 success, cost: 0ms, totalSlot: 1, currentSlotIndex: 0
[INFO] 2025-10-13 10:42:22.521 +0800 o.a.d.s.m.c.IdSlotBasedCommandFetcher:[67] - Fetch commands: 0 success, cost: 0ms, totalSlot: 1, currentSlotIndex: 0
[INFO] 2025-10-13 10:42:23.523 +0800 o.a.d.s.m.c.IdSlotBasedCommandFetcher:[67] - Fetch commands: 0 success, cost: 0ms, totalSlot: 1, currentSlotIndex: 0
[INFO] 2025-10-13 10:42:24.525 +0800 o.a.d.s.m.c.IdSlotBasedCommandFetcher:[67] - Fetch commands: 0 success, cost: 0ms, totalSlot: 1, currentSlotIndex: 0
[INFO] 2025-10-13 10:42:25.526 +0800 o.a.d.s.m.c.IdSlotBasedCommandFetcher:[67] - Fetch commands: 0 success, cost: 0ms, totalSlot: 1, currentSlotIndex: 0
[INFO] 2025-10-13 10:42:26.440 +0800 o.a.d.s.m.r.t.TaskGroupCoordinator:[187] - Success amend TaskGroupQueue status cost: 0/ms
[INFO] 2025-10-13 10:42:26.441 +0800 o.a.d.s.m.r.t.TaskGroupCoordinator:[241] - Success deal with force start TaskGroupQueue cost: 0/ms
[INFO] 2025-10-13 10:42:26.441 +0800 o.a.d.s.m.r.t.TaskGroupCoordinator:[129] - TaskGroupCoordinator round time cost: 0/ms
[INFO] 2025-10-13 10:42:26.527 +0800 o.a.d.s.m.c.IdSlotBasedCommandFetcher:[67] - Fetch commands: 0 success, cost: 0ms, totalSlot: 1, currentSlotIndex: 0
[INFO] 2025-10-13 10:42:27.538 +0800 o.a.d.s.m.c.IdSlotBasedCommandFetcher:[67] - Fetch commands: 0 success, cost: 0ms, totalSlot: 1, currentSlotIndex: 0
[INFO] 2025-10-13 10:42:28.540 +0800 o.a.d.s.m.c.IdSlotBasedCommandFetcher:[67] - Fetch commands: 0 success, cost: 0ms, totalSlot: 1, currentSlotIndex: 0
[INFO] 2025-10-13 10:42:29.542 +0800 o.a.d.s.m.c.IdSlotBasedCommandFetcher:[67] - Fetch commands: 0 success, cost: 0ms, totalSlot: 1, currentSlotIndex: 0
[INFO] 2025-10-13 10:42:30.711 +0800 o.a.d.s.m.c.IdSlotBasedCommandFetcher:[67] - Fetch commands: 0 success, cost: 1ms, totalSlot: 1, currentSlotIndex: 0
[INFO] 2025-10-13 10:42:31.448 +0800 o.a.d.s.m.r.t.TaskGroupCoordinator:[187] - Success amend TaskGroupQueue status cost: 0/ms
[INFO] 2025-10-13 10:42:31.448 +0800 o.a.d.s.m.r.t.TaskGroupCoordinator:[241] - Success deal with force start TaskGroupQueue cost: 0/ms
[INFO] 2025-10-13 10:42:31.449 +0800 o.a.d.s.m.r.t.TaskGroupCoordinator:[129] - TaskGroupCoordinator round time cost: 0/ms
[INFO] 2025-10-13 10:42:31.712 +0800 o.a.d.s.m.c.IdSlotBasedCommandFetcher:[67] - Fetch commands: 0 success, cost: 0ms, totalSlot: 1, currentSlotIndex: 0
[INFO] 2025-10-13 10:42:32.714 +0800 o.a.d.s.m.c.IdSlotBasedCommandFetcher:[67] - Fetch commands: 0 success, cost: 0ms, totalSlot: 1, currentSlotIndex: 0
[INFO] 2025-10-13 10:42:33.717 +0800 o.a.d.s.m.c.IdSlotBasedCommandFetcher:[67] - Fetch commands: 0 success, cost: 0ms, totalSlot: 1, currentSlotIndex: 0
[INFO] 2025-10-13 10:42:34.718 +0800 o.a.d.s.m.c.IdSlotBasedCommandFetcher:[67] - Fetch commands: 0 success, cost: 0ms, totalSlot: 1, currentSlotIndex: 0
[INFO] 2025-10-13 10:42:35.731 +0800 o.a.d.s.m.c.IdSlotBasedCommandFetcher:[67] - Fetch commands: 0 success, cost: 0ms, totalSlot: 1, currentSlotIndex: 0
[INFO] 2025-10-13 10:42:36.458 +0800 o.a.d.s.m.r.t.TaskGroupCoordinator:[187] - Success amend TaskGroupQueue status cost: 0/ms
[INFO] 2025-10-13 10:42:36.459 +0800 o.a.d.s.m.r.t.TaskGroupCoordinator:[241] - Success deal with force start TaskGroupQueue cost: 0/ms
[INFO] 2025-10-13 10:42:36.459 +0800 o.a.d.s.m.r.t.TaskGroupCoordinator:[129] - TaskGroupCoordinator round time cost: 0/ms
[INFO] 2025-10-13 10:42:36.732 +0800 o.a.d.s.m.c.IdSlotBasedCommandFetcher:[67] - Fetch commands: 0 success, cost: 0ms, totalSlot: 1, currentSlotIndex: 0
[INFO] 2025-10-13 10:42:37.747 +0800 o.a.d.s.m.c.IdSlotBasedCommandFetcher:[67] - Fetch commands: 0 success, cost: 0ms, totalSlot: 1, currentSlotIndex: 0
[INFO] 2025-10-13 10:42:38.758 +0800 o.a.d.s.m.c.IdSlotBasedCommandFetcher:[67] - Fetch commands: 0 success, cost: 0ms, totalSlot: 1, currentSlotIndex: 0
[INFO] 2025-10-13 10:42:39.769 +0800 o.a.d.s.m.c.IdSlotBasedCommandFetcher:[67] - Fetch commands: 0 success, cost: 0ms, totalSlot: 1, currentSlotIndex: 0
[INFO] 2025-10-13 10:42:40.782 +0800 o.a.d.s.m.c.IdSlotBasedCommandFetcher:[67] - Fetch commands: 0 success, cost: 0ms, totalSlot: 1, currentSlotIndex: 0
[INFO] 2025-10-13 10:42:41.469 +0800 o.a.d.s.m.r.t.TaskGroupCoordinator:[187] - Success amend TaskGroupQueue status cost: 0/ms
[INFO] 2025-10-13 10:42:41.469 +0800 o.a.d.s.m.r.t.TaskGroupCoordinator:[241] - Success deal with force start TaskGroupQueue cost: 0/ms
[INFO] 2025-10-13 10:42:41.469 +0800 o.a.d.s.m.r.t.TaskGroupCoordinator:[129] - TaskGroupCoordinator round time cost: 0/ms
[INFO] 2025-10-13 10:42:41.798 +0800 o.a.d.s.m.c.IdSlotBasedCommandFetcher:[67] - Fetch commands: 0 success, cost: 0ms, totalSlot: 1, currentSlotIndex: 0
[INFO] 2025-10-13 10:42:42.801 +0800 o.a.d.s.m.c.IdSlotBasedCommandFetcher:[67] - Fetch commands: 0 success, cost: 0ms, totalSlot: 1, currentSlotIndex: 0
[INFO] 2025-10-13 10:42:43.801 +0800 o.a.d.s.m.c.IdSlotBasedCommandFetcher:[67] - Fetch commands: 0 success, cost: 0ms, totalSlot: 1, currentSlotIndex: 0
[INFO] 2025-10-13 10:42:44.803 +0800 o.a.d.s.m.c.IdSlotBasedCommandFetcher:[67] - Fetch commands: 0 success, cost: 0ms, totalSlot: 1, currentSlotIndex: 0
[INFO] 2025-10-13 10:42:45.803 +0800 o.a.d.s.m.c.IdSlotBasedCommandFetcher:[67] - Fetch commands: 0 success, cost: 0ms, totalSlot: 1, currentSlotIndex: 0
[INFO] 2025-10-13 10:42:46.490 +0800 o.a.d.s.m.r.t.TaskGroupCoordinator:[187] - Success amend TaskGroupQueue status cost: 0/ms
[INFO] 2025-10-13 10:42:46.490 +0800 o.a.d.s.m.r.t.TaskGroupCoordinator:[241] - Success deal with force start TaskGroupQueue cost: 0/ms
[INFO] 2025-10-13 10:42:46.490 +0800 o.a.d.s.m.r.t.TaskGroupCoordinator:[129] - TaskGroupCoordinator round time cost: 0/ms
[INFO] 2025-10-13 10:42:46.808 +0800 o.a.d.s.m.c.IdSlotBasedCommandFetcher:[67] - Fetch commands: 0 success, cost: 0ms, totalSlot: 1, currentSlotIndex: 0
[INFO] 2025-10-13 10:42:47.815 +0800 o.a.d.s.m.c.IdSlotBasedCommandFetcher:[67] - Fetch commands: 0 success, cost: 0ms, totalSlot: 1, currentSlotIndex: 0
[INFO] 2025-10-13 10:42:48.828 +0800 o.a.d.s.m.c.IdSlotBasedCommandFetcher:[67] - Fetch commands: 0 success, cost: 0ms, totalSlot: 1, currentSlotIndex: 0
[INFO] 2025-10-13 10:42:49.838 +0800 o.a.d.s.m.c.IdSlotBasedCommandFetcher:[67] - Fetch commands: 0 success, cost: 0ms, totalSlot: 1, currentSlotIndex: 0
[INFO] 2025-10-13 10:42:50.840 +0800 o.a.d.s.m.c.IdSlotBasedCommandFetcher:[67] - Fetch commands: 0 success, cost: 0ms, totalSlot: 1, currentSlotIndex: 0
[INFO] 2025-10-13 10:42:51.496 +0800 o.a.d.s.m.r.t.TaskGroupCoordinator:[187] - Success amend TaskGroupQueue status cost: 0/ms
[INFO] 2025-10-13 10:42:51.496 +0800 o.a.d.s.m.r.t.TaskGroupCoordinator:[241] - Success deal with force start TaskGroupQueue cost: 0/ms
[INFO] 2025-10-13 10:42:51.496 +0800 o.a.d.s.m.r.t.TaskGroupCoordinator:[129] - TaskGroupCoordinator round time cost: 0/ms
[INFO] 2025-10-13 10:42:51.843 +0800 o.a.d.s.m.c.IdSlotBasedCommandFetcher:[67] - Fetch commands: 0 success, cost: 0ms, totalSlot: 1, currentSlotIndex: 0
[INFO] 2025-10-13 10:42:52.858 +0800 o.a.d.s.m.c.IdSlotBasedCommandFetcher:[67] - Fetch commands: 0 success, cost: 0ms, totalSlot: 1, currentSlotIndex: 0
[INFO] 2025-10-13 10:42:54.093 +0800 o.a.d.s.m.c.IdSlotBasedCommandFetcher:[67] - Fetch commands: 0 success, cost: 0ms, totalSlot: 1, currentSlotIndex: 0
[INFO] 2025-10-13 10:42:55.096 +0800 o.a.d.s.m.c.IdSlotBasedCommandFetcher:[67] - Fetch commands: 0 success, cost: 0ms, totalSlot: 1, currentSlotIndex: 0
[INFO] 2025-10-13 10:42:56.099 +0800 o.a.d.s.m.c.IdSlotBasedCommandFetcher:[67] - Fetch commands: 0 success, cost: 0ms, totalSlot: 1, currentSlotIndex: 0
[INFO] 2025-10-13 10:42:56.511 +0800 o.a.d.s.m.r.t.TaskGroupCoordinator:[187] - Success amend TaskGroupQueue status cost: 0/ms
[INFO] 2025-10-13 10:42:56.512 +0800 o.a.d.s.m.r.t.TaskGroupCoordinator:[241] - Success deal with force start TaskGroupQueue cost: 0/ms
[INFO] 2025-10-13 10:42:56.512 +0800 o.a.d.s.m.r.t.TaskGroupCoordinator:[129] - TaskGroupCoordinator round time cost: 0/ms
[INFO] 2025-10-13 10:42:57.103 +0800 o.a.d.s.m.c.IdSlotBasedCommandFetcher:[67] - Fetch commands: 0 success, cost: 0ms, totalSlot: 1, currentSlotIndex: 0
[INFO] 2025-10-13 10:42:58.115 +0800 o.a.d.s.m.c.IdSlotBasedCommandFetcher:[67] - Fetch commands: 0 success, cost: 0ms, totalSlot: 1, currentSlotIndex: 0
[INFO] 2025-10-13 10:42:59.119 +0800 o.a.d.s.m.c.IdSlotBasedCommandFetcher:[67] - Fetch commands: 0 success, cost: 0ms, totalSlot: 1, currentSlotIndex: 0
[INFO] 2025-10-13 10:43:00.124 +0800 o.a.d.s.m.c.IdSlotBasedCommandFetcher:[67] - Fetch commands: 0 success, cost: 0ms, totalSlot: 1, currentSlotIndex: 0
[INFO] 2025-10-13 10:43:01.134 +0800 o.a.d.s.m.c.IdSlotBasedCommandFetcher:[67] - Fetch commands: 0 success, cost: 0ms, totalSlot: 1, currentSlotIndex: 0
[INFO] 2025-10-13 10:43:01.523 +0800 o.a.d.s.m.r.t.TaskGroupCoordinator:[187] - Success amend TaskGroupQueue status cost: 0/ms
[INFO] 2025-10-13 10:43:01.523 +0800 o.a.d.s.m.r.t.TaskGroupCoordinator:[241] - Success deal with force start TaskGroupQueue cost: 0/ms
[INFO] 2025-10-13 10:43:01.523 +0800 o.a.d.s.m.r.t.TaskGroupCoordinator:[129] - TaskGroupCoordinator round time cost: 0/ms
[INFO] 2025-10-13 10:43:02.138 +0800 o.a.d.s.m.c.IdSlotBasedCommandFetcher:[67] - Fetch commands: 0 success, cost: 0ms, totalSlot: 1, currentSlotIndex: 0
[INFO] 2025-10-13 10:43:03.139 +0800 o.a.d.s.m.c.IdSlotBasedCommandFetcher:[67] - Fetch commands: 0 success, cost: 0ms, totalSlot: 1, currentSlotIndex: 0
[INFO] 2025-10-13 10:43:04.148 +0800 o.a.d.s.m.c.IdSlotBasedCommandFetcher:[67] - Fetch commands: 0 success, cost: 0ms, totalSlot: 1, currentSlotIndex: 0
[INFO] 2025-10-13 10:43:05.286 +0800 o.a.d.s.m.c.IdSlotBasedCommandFetcher:[67] - Fetch commands: 0 success, cost: 0ms, totalSlot: 1, currentSlotIndex: 0
[INFO] 2025-10-13 10:43:06.404 +0800 o.a.d.s.m.c.IdSlotBasedCommandFetcher:[67] - Fetch commands: 0 success, cost: 0ms, totalSlot: 1, currentSlotIndex: 0
[INFO] 2025-10-13 10:43:06.539 +0800 o.a.d.s.m.r.t.TaskGroupCoordinator:[187] - Success amend TaskGroupQueue status cost: 0/ms
[INFO] 2025-10-13 10:43:06.539 +0800 o.a.d.s.m.r.t.TaskGroupCoordinator:[241] - Success deal with force start TaskGroupQueue cost: 0/ms
[INFO] 2025-10-13 10:43:06.539 +0800 o.a.d.s.m.r.t.TaskGroupCoordinator:[129] - TaskGroupCoordinator round time cost: 0/ms
[INFO] 2025-10-13 10:43:07.410 +0800 o.a.d.s.m.c.IdSlotBasedCommandFetcher:[67] - Fetch commands: 0 success, cost: 0ms, totalSlot: 1, currentSlotIndex: 0
[INFO] 2025-10-13 10:43:08.412 +0800 o.a.d.s.m.c.IdSlotBasedCommandFetcher:[67] - Fetch commands: 0 success, cost: 0ms, totalSlot: 1, currentSlotIndex: 0
[INFO] 2025-10-13 10:43:09.413 +0800 o.a.d.s.m.c.IdSlotBasedCommandFetcher:[67] - Fetch commands: 0 success, cost: 0ms, totalSlot: 1, currentSlotIndex: 0
[INFO] 2025-10-13 10:43:10.417 +0800 o.a.d.s.m.c.IdSlotBasedCommandFetcher:[67] - Fetch commands: 0 success, cost: 0ms, totalSlot: 1, currentSlotIndex: 0
[INFO] 2025-10-13 10:43:11.431 +0800 o.a.d.s.m.c.IdSlotBasedCommandFetcher:[67] - Fetch commands: 0 success, cost: 0ms, totalSlot: 1, currentSlotIndex: 0
[INFO] 2025-10-13 10:43:11.547 +0800 o.a.d.s.m.r.t.TaskGroupCoordinator:[187] - Success amend TaskGroupQueue status cost: 0/ms
[INFO] 2025-10-13 10:43:11.547 +0800 o.a.d.s.m.r.t.TaskGroupCoordinator:[241] - Success deal with force start TaskGroupQueue cost: 0/ms
[INFO] 2025-10-13 10:43:11.547 +0800 o.a.d.s.m.r.t.TaskGroupCoordinator:[129] - TaskGroupCoordinator round time cost: 0/ms
[INFO] 2025-10-13 10:43:12.435 +0800 o.a.d.s.m.c.IdSlotBasedCommandFetcher:[67] - Fetch commands: 0 success, cost: 0ms, totalSlot: 1, currentSlotIndex: 0
[INFO] 2025-10-13 10:43:13.442 +0800 o.a.d.s.m.c.IdSlotBasedCommandFetcher:[67] - Fetch commands: 0 success, cost: 0ms, totalSlot: 1, currentSlotIndex: 0
[INFO] 2025-10-13 10:43:14.444 +0800 o.a.d.s.m.c.IdSlotBasedCommandFetcher:[67] - Fetch commands: 0 success, cost: 0ms, totalSlot: 1, currentSlotIndex: 0
[INFO] 2025-10-13 10:43:15.444 +0800 o.a.d.s.m.c.IdSlotBasedCommandFetcher:[67] - Fetch commands: 0 success, cost: 0ms, totalSlot: 1, currentSlotIndex: 0
[INFO] 2025-10-13 10:43:16.454 +0800 o.a.d.s.m.c.IdSlotBasedCommandFetcher:[67] - Fetch commands: 0 success, cost: 0ms, totalSlot: 1, currentSlotIndex: 0
[INFO] 2025-10-13 10:43:16.552 +0800 o.a.d.s.m.r.t.TaskGroupCoordinator:[187] - Success amend TaskGroupQueue status cost: 0/ms
[INFO] 2025-10-13 10:43:16.552 +0800 o.a.d.s.m.r.t.TaskGroupCoordinator:[241] - Success deal with force start TaskGroupQueue cost: 0/ms
[INFO] 2025-10-13 10:43:16.552 +0800 o.a.d.s.m.r.t.TaskGroupCoordinator:[129] - TaskGroupCoordinator round time cost: 0/ms
[INFO] 2025-10-13 10:43:17.458 +0800 o.a.d.s.m.c.IdSlotBasedCommandFetcher:[67] - Fetch commands: 0 success, cost: 1ms, totalSlot: 1, currentSlotIndex: 0
[INFO] 2025-10-13 10:43:18.460 +0800 o.a.d.s.m.c.IdSlotBasedCommandFetcher:[67] - Fetch commands: 0 success, cost: 1ms, totalSlot: 1, currentSlotIndex: 0
[INFO] 2025-10-13 10:43:19.462 +0800 o.a.d.s.m.c.IdSlotBasedCommandFetcher:[67] - Fetch commands: 0 success, cost: 1ms, totalSlot: 1, currentSlotIndex: 0
[INFO] 2025-10-13 10:43:20.468 +0800 o.a.d.s.m.c.IdSlotBasedCommandFetcher:[67] - Fetch commands: 0 success, cost: 0ms, totalSlot: 1, currentSlotIndex: 0
[INFO] 2025-10-13 10:43:21.472 +0800 o.a.d.s.m.c.IdSlotBasedCommandFetcher:[67] - Fetch commands: 0 success, cost: 0ms, totalSlot: 1, currentSlotIndex: 0
[INFO] 2025-10-13 10:43:21.568 +0800 o.a.d.s.m.r.t.TaskGroupCoordinator:[187] - Success amend TaskGroupQueue status cost: 0/ms
[INFO] 2025-10-13 10:43:21.568 +0800 o.a.d.s.m.r.t.TaskGroupCoordinator:[241] - Success deal with force start TaskGroupQueue cost: 0/ms
[INFO] 2025-10-13 10:43:21.569 +0800 o.a.d.s.m.r.t.TaskGroupCoordinator:[129] - TaskGroupCoordinator round time cost: 0/ms
[INFO] 2025-10-13 10:43:22.482 +0800 o.a.d.s.m.c.IdSlotBasedCommandFetcher:[67] - Fetch commands: 0 success, cost: 0ms, totalSlot: 1, currentSlotIndex: 0
[INFO] 2025-10-13 10:43:23.493 +0800 o.a.d.s.m.c.IdSlotBasedCommandFetcher:[67] - Fetch commands: 0 success, cost: 0ms, totalSlot: 1, currentSlotIndex: 0
[INFO] 2025-10-13 10:43:24.495 +0800 o.a.d.s.m.c.IdSlotBasedCommandFetcher:[67] - Fetch commands: 0 success, cost: 0ms, totalSlot: 1, currentSlotIndex: 0
[INFO] 2025-10-13 10:43:25.498 +0800 o.a.d.s.m.c.IdSlotBasedCommandFetcher:[67] - Fetch commands: 0 success, cost: 0ms, totalSlot: 1, currentSlotIndex: 0
[INFO] 2025-10-13 10:43:26.503 +0800 o.a.d.s.m.c.IdSlotBasedCommandFetcher:[67] - Fetch commands: 0 success, cost: 0ms, totalSlot: 1, currentSlotIndex: 0
[INFO] 2025-10-13 10:43:26.583 +0800 o.a.d.s.m.r.t.TaskGroupCoordinator:[187] - Success amend TaskGroupQueue status cost: 0/ms
[INFO] 2025-10-13 10:43:26.583 +0800 o.a.d.s.m.r.t.TaskGroupCoordinator:[241] - Success deal with force start TaskGroupQueue cost: 0/ms
[INFO] 2025-10-13 10:43:26.583 +0800 o.a.d.s.m.r.t.TaskGroupCoordinator:[129] - TaskGroupCoordinator round time cost: 0/ms
[INFO] 2025-10-13 10:43:27.736 +0800 o.a.d.s.m.c.IdSlotBasedCommandFetcher:[67] - Fetch commands: 0 success, cost: 0ms, totalSlot: 1, currentSlotIndex: 0
[INFO] 2025-10-13 10:43:28.924 +0800 o.a.d.s.m.c.IdSlotBasedCommandFetcher:[67] - Fetch commands: 0 success, cost: 0ms, totalSlot: 1, currentSlotIndex: 0
[INFO] 2025-10-13 10:43:30.006 +0800 o.a.d.s.m.c.IdSlotBasedCommandFetcher:[67] - Fetch commands: 0 success, cost: 0ms, totalSlot: 1, currentSlotIndex: 0
[INFO] 2025-10-13 10:43:31.116 +0800 o.a.d.s.m.c.IdSlotBasedCommandFetcher:[67] - Fetch commands: 0 success, cost: 0ms, totalSlot: 1, currentSlotIndex: 0
[INFO] 2025-10-13 10:43:31.595 +0800 o.a.d.s.m.r.t.TaskGroupCoordinator:[187] - Success amend TaskGroupQueue status cost: 0/ms
[INFO] 2025-10-13 10:43:31.595 +0800 o.a.d.s.m.r.t.TaskGroupCoordinator:[241] - Success deal with force start TaskGroupQueue cost: 0/ms
[INFO] 2025-10-13 10:43:31.595 +0800 o.a.d.s.m.r.t.TaskGroupCoordinator:[129] - TaskGroupCoordinator round time cost: 0/ms
[INFO] 2025-10-13 10:43:32.204 +0800 o.a.d.s.m.c.IdSlotBasedCommandFetcher:[67] - Fetch commands: 0 success, cost: 0ms, totalSlot: 1, currentSlotIndex: 0
[INFO] 2025-10-13 10:43:33.294 +0800 o.a.d.s.m.c.IdSlotBasedCommandFetcher:[67] - Fetch commands: 0 success, cost: 0ms, totalSlot: 1, currentSlotIndex: 0
[INFO] 2025-10-13 10:43:34.379 +0800 o.a.d.s.m.c.IdSlotBasedCommandFetcher:[67] - Fetch commands: 0 success, cost: 1ms, totalSlot: 1, currentSlotIndex: 0
[INFO] 2025-10-13 10:43:35.477 +0800 o.a.d.s.m.c.IdSlotBasedCommandFetcher:[67] - Fetch commands: 0 success, cost: 1ms, totalSlot: 1, currentSlotIndex: 0
[INFO] 2025-10-13 10:43:36.570 +0800 o.a.d.s.m.c.IdSlotBasedCommandFetcher:[67] - Fetch commands: 0 success, cost: 1ms, totalSlot: 1, currentSlotIndex: 0
[INFO] 2025-10-13 10:43:36.611 +0800 o.a.d.s.m.r.t.TaskGroupCoordinator:[187] - Success amend TaskGroupQueue status cost: 0/ms
[INFO] 2025-10-13 10:43:36.611 +0800 o.a.d.s.m.r.t.TaskGroupCoordinator:[241] - Success deal with force start TaskGroupQueue cost: 0/ms
[INFO] 2025-10-13 10:43:36.611 +0800 o.a.d.s.m.r.t.TaskGroupCoordinator:[129] - TaskGroupCoordinator round time cost: 0/ms
[INFO] 2025-10-13 10:43:37.729 +0800 o.a.d.s.m.c.IdSlotBasedCommandFetcher:[67] - Fetch commands: 0 success, cost: 0ms, totalSlot: 1, currentSlotIndex: 0
[INFO] 2025-10-13 10:43:38.740 +0800 o.a.d.s.m.c.IdSlotBasedCommandFetcher:[67] - Fetch commands: 0 success, cost: 0ms, totalSlot: 1, currentSlotIndex: 0
[INFO] 2025-10-13 10:43:39.741 +0800 o.a.d.s.m.c.IdSlotBasedCommandFetcher:[67] - Fetch commands: 0 success, cost: 0ms, totalSlot: 1, currentSlotIndex: 0
[INFO] 2025-10-13 10:43:40.744 +0800 o.a.d.s.m.c.IdSlotBasedCommandFetcher:[67] - Fetch commands: 0 success, cost: 0ms, totalSlot: 1, currentSlotIndex: 0
[INFO] 2025-10-13 10:43:41.614 +0800 o.a.d.s.m.r.t.TaskGroupCoordinator:[187] - Success amend TaskGroupQueue status cost: 0/ms
[INFO] 2025-10-13 10:43:41.615 +0800 o.a.d.s.m.r.t.TaskGroupCoordinator:[241] - Success deal with force start TaskGroupQueue cost: 0/ms
[INFO] 2025-10-13 10:43:41.615 +0800 o.a.d.s.m.r.t.TaskGroupCoordinator:[129] - TaskGroupCoordinator round time cost: 0/ms
[INFO] 2025-10-13 10:43:41.752 +0800 o.a.d.s.m.c.IdSlotBasedCommandFetcher:[67] - Fetch commands: 0 success, cost: 0ms, totalSlot: 1, currentSlotIndex: 0
[INFO] 2025-10-13 10:43:42.756 +0800 o.a.d.s.m.c.IdSlotBasedCommandFetcher:[67] - Fetch commands: 0 success, cost: 0ms, totalSlot: 1, currentSlotIndex: 0
[INFO] 2025-10-13 10:43:43.766 +0800 o.a.d.s.m.c.IdSlotBasedCommandFetcher:[67] - Fetch commands: 0 success, cost: 0ms, totalSlot: 1, currentSlotIndex: 0
[INFO] 2025-10-13 10:43:44.776 +0800 o.a.d.s.m.c.IdSlotBasedCommandFetcher:[67] - Fetch commands: 0 success, cost: 0ms, totalSlot: 1, currentSlotIndex: 0
[INFO] 2025-10-13 10:43:45.778 +0800 o.a.d.s.m.c.IdSlotBasedCommandFetcher:[67] - Fetch commands: 0 success, cost: 0ms, totalSlot: 1, currentSlotIndex: 0
[INFO] 2025-10-13 10:43:46.623 +0800 o.a.d.s.m.r.t.TaskGroupCoordinator:[187] - Success amend TaskGroupQueue status cost: 0/ms
[INFO] 2025-10-13 10:43:46.623 +0800 o.a.d.s.m.r.t.TaskGroupCoordinator:[241] - Success deal with force start TaskGroupQueue cost: 0/ms
[INFO] 2025-10-13 10:43:46.624 +0800 o.a.d.s.m.r.t.TaskGroupCoordinator:[129] - TaskGroupCoordinator round time cost: 0/ms
[INFO] 2025-10-13 10:43:46.779 +0800 o.a.d.s.m.c.IdSlotBasedCommandFetcher:[67] - Fetch commands: 0 success, cost: 1ms, totalSlot: 1, currentSlotIndex: 0
[INFO] 2025-10-13 10:43:47.782 +0800 o.a.d.s.m.c.IdSlotBasedCommandFetcher:[67] - Fetch commands: 0 success, cost: 0ms, totalSlot: 1, currentSlotIndex: 0
[INFO] 2025-10-13 10:43:48.974 +0800 o.a.d.s.m.c.IdSlotBasedCommandFetcher:[67] - Fetch commands: 0 success, cost: 0ms, totalSlot: 1, currentSlotIndex: 0
[INFO] 2025-10-13 10:43:50.270 +0800 o.a.d.s.m.c.IdSlotBasedCommandFetcher:[67] - Fetch commands: 0 success, cost: 0ms, totalSlot: 1, currentSlotIndex: 0
[INFO] 2025-10-13 10:43:51.272 +0800 o.a.d.s.m.c.IdSlotBasedCommandFetcher:[67] - Fetch commands: 0 success, cost: 1ms, totalSlot: 1, currentSlotIndex: 0
[INFO] 2025-10-13 10:43:51.644 +0800 o.a.d.s.m.r.t.TaskGroupCoordinator:[187] - Success amend TaskGroupQueue status cost: 0/ms
[INFO] 2025-10-13 10:43:51.644 +0800 o.a.d.s.m.r.t.TaskGroupCoordinator:[241] - Success deal with force start TaskGroupQueue cost: 0/ms
[INFO] 2025-10-13 10:43:51.644 +0800 o.a.d.s.m.r.t.TaskGroupCoordinator:[129] - TaskGroupCoordinator round time cost: 0/ms
[INFO] 2025-10-13 10:43:52.273 +0800 o.a.d.s.m.c.IdSlotBasedCommandFetcher:[67] - Fetch commands: 0 success, cost: 0ms, totalSlot: 1, currentSlotIndex: 0
[INFO] 2025-10-13 10:43:53.276 +0800 o.a.d.s.m.c.IdSlotBasedCommandFetcher:[67] - Fetch commands: 0 success, cost: 0ms, totalSlot: 1, currentSlotIndex: 0
[INFO] 2025-10-13 10:43:54.285 +0800 o.a.d.s.m.c.IdSlotBasedCommandFetcher:[67] - Fetch commands: 0 success, cost: 0ms, totalSlot: 1, currentSlotIndex: 0
[INFO] 2025-10-13 10:43:55.287 +0800 o.a.d.s.m.c.IdSlotBasedCommandFetcher:[67] - Fetch commands: 0 success, cost: 0ms, totalSlot: 1, currentSlotIndex: 0
[INFO] 2025-10-13 10:43:56.289 +0800 o.a.d.s.m.c.IdSlotBasedCommandFetcher:[67] - Fetch commands: 0 success, cost: 0ms, totalSlot: 1, currentSlotIndex: 0
[INFO] 2025-10-13 10:43:56.661 +0800 o.a.d.s.m.r.t.TaskGroupCoordinator:[187] - Success amend TaskGroupQueue status cost: 0/ms
[INFO] 2025-10-13 10:43:56.661 +0800 o.a.d.s.m.r.t.TaskGroupCoordinator:[241] - Success deal with force start TaskGroupQueue cost: 0/ms
[INFO] 2025-10-13 10:43:56.661 +0800 o.a.d.s.m.r.t.TaskGroupCoordinator:[129] - TaskGroupCoordinator round time cost: 0/ms
[INFO] 2025-10-13 10:43:57.291 +0800 o.a.d.s.m.c.IdSlotBasedCommandFetcher:[67] - Fetch commands: 0 success, cost: 0ms, totalSlot: 1, currentSlotIndex: 0
[INFO] 2025-10-13 10:43:58.292 +0800 o.a.d.s.m.c.IdSlotBasedCommandFetcher:[67] - Fetch commands: 0 success, cost: 0ms, totalSlot: 1, currentSlotIndex: 0
[INFO] 2025-10-13 10:43:59.303 +0800 o.a.d.s.m.c.IdSlotBasedCommandFetcher:[67] - Fetch commands: 0 success, cost: 0ms, totalSlot: 1, currentSlotIndex: 0
[INFO] 2025-10-13 10:44:00.313 +0800 o.a.d.s.m.c.IdSlotBasedCommandFetcher:[67] - Fetch commands: 0 success, cost: 0ms, totalSlot: 1, currentSlotIndex: 0
[INFO] 2025-10-13 10:44:01.324 +0800 o.a.d.s.m.c.IdSlotBasedCommandFetcher:[67] - Fetch commands: 0 success, cost: 0ms, totalSlot: 1, currentSlotIndex: 0
[INFO] 2025-10-13 10:44:01.674 +0800 o.a.d.s.m.r.t.TaskGroupCoordinator:[187] - Success amend TaskGroupQueue status cost: 0/ms
[INFO] 2025-10-13 10:44:01.674 +0800 o.a.d.s.m.r.t.TaskGroupCoordinator:[241] - Success deal with force start TaskGroupQueue cost: 0/ms
[INFO] 2025-10-13 10:44:01.674 +0800 o.a.d.s.m.r.t.TaskGroupCoordinator:[129] - TaskGroupCoordinator round time cost: 0/ms
[INFO] 2025-10-13 10:44:02.569 +0800 o.a.d.s.m.c.IdSlotBasedCommandFetcher:[67] - Fetch commands: 0 success, cost: 0ms, totalSlot: 1, currentSlotIndex: 0
[INFO] 2025-10-13 10:44:03.637 +0800 o.a.d.s.m.c.IdSlotBasedCommandFetcher:[67] - Fetch commands: 0 success, cost: 0ms, totalSlot: 1, currentSlotIndex: 0
[INFO] 2025-10-13 10:44:04.726 +0800 o.a.d.s.m.c.IdSlotBasedCommandFetcher:[67] - Fetch commands: 0 success, cost: 1ms, totalSlot: 1, currentSlotIndex: 0
[INFO] 2025-10-13 10:44:05.839 +0800 o.a.d.s.m.c.IdSlotBasedCommandFetcher:[67] - Fetch commands: 0 success, cost: 1ms, totalSlot: 1, currentSlotIndex: 0
[INFO] 2025-10-13 10:44:06.682 +0800 o.a.d.s.m.r.t.TaskGroupCoordinator:[187] - Success amend TaskGroupQueue status cost: 0/ms
[INFO] 2025-10-13 10:44:06.682 +0800 o.a.d.s.m.r.t.TaskGroupCoordinator:[241] - Success deal with force start TaskGroupQueue cost: 0/ms
[INFO] 2025-10-13 10:44:06.682 +0800 o.a.d.s.m.r.t.TaskGroupCoordinator:[129] - TaskGroupCoordinator round time cost: 0/ms
[INFO] 2025-10-13 10:44:06.924 +0800 o.a.d.s.m.c.IdSlotBasedCommandFetcher:[67] - Fetch commands: 0 success, cost: 0ms, totalSlot: 1, currentSlotIndex: 0
[INFO] 2025-10-13 10:44:08.018 +0800 o.a.d.s.m.c.IdSlotBasedCommandFetcher:[67] - Fetch commands: 0 success, cost: 0ms, totalSlot: 1, currentSlotIndex: 0
[INFO] 2025-10-13 10:44:09.179 +0800 o.a.d.s.m.c.IdSlotBasedCommandFetcher:[67] - Fetch commands: 0 success, cost: 1ms, totalSlot: 1, currentSlotIndex: 0
[INFO] 2025-10-13 10:44:10.189 +0800 o.a.d.s.m.c.IdSlotBasedCommandFetcher:[67] - Fetch commands: 0 success, cost: 0ms, totalSlot: 1, currentSlotIndex: 0
[INFO] 2025-10-13 10:44:11.200 +0800 o.a.d.s.m.c.IdSlotBasedCommandFetcher:[67] - Fetch commands: 0 success, cost: 0ms, totalSlot: 1, currentSlotIndex: 0
[INFO] 2025-10-13 10:44:11.685 +0800 o.a.d.s.m.r.t.TaskGroupCoordinator:[187] - Success amend TaskGroupQueue status cost: 0/ms
[INFO] 2025-10-13 10:44:11.685 +0800 o.a.d.s.m.r.t.TaskGroupCoordinator:[241] - Success deal with force start TaskGroupQueue cost: 0/ms
[INFO] 2025-10-13 10:44:11.685 +0800 o.a.d.s.m.r.t.TaskGroupCoordinator:[129] - TaskGroupCoordinator round time cost: 0/ms
[INFO] 2025-10-13 10:44:12.203 +0800 o.a.d.s.m.c.IdSlotBasedCommandFetcher:[67] - Fetch commands: 0 success, cost: 0ms, totalSlot: 1, currentSlotIndex: 0
[INFO] 2025-10-13 10:44:13.204 +0800 o.a.d.s.m.c.IdSlotBasedCommandFetcher:[67] - Fetch commands: 0 success, cost: 0ms, totalSlot: 1, currentSlotIndex: 0
[INFO] 2025-10-13 10:44:14.214 +0800 o.a.d.s.m.c.IdSlotBasedCommandFetcher:[67] - Fetch commands: 0 success, cost: 0ms, totalSlot: 1, currentSlotIndex: 0
[INFO] 2025-10-13 10:44:15.215 +0800 o.a.d.s.m.c.IdSlotBasedCommandFetcher:[67] - Fetch commands: 0 success, cost: 0ms, totalSlot: 1, currentSlotIndex: 0
[INFO] 2025-10-13 10:44:16.217 +0800 o.a.d.s.m.c.IdSlotBasedCommandFetcher:[67] - Fetch commands: 0 success, cost: 0ms, totalSlot: 1, currentSlotIndex: 0
[INFO] 2025-10-13 10:44:16.700 +0800 o.a.d.s.m.r.t.TaskGroupCoordinator:[187] - Success amend TaskGroupQueue status cost: 0/ms
[INFO] 2025-10-13 10:44:16.701 +0800 o.a.d.s.m.r.t.TaskGroupCoordinator:[241] - Success deal with force start TaskGroupQueue cost: 0/ms
[INFO] 2025-10-13 10:44:16.701 +0800 o.a.d.s.m.r.t.TaskGroupCoordinator:[129] - TaskGroupCoordinator round time cost: 0/ms
[INFO] 2025-10-13 10:44:17.221 +0800 o.a.d.s.m.c.IdSlotBasedCommandFetcher:[67] - Fetch commands: 0 success, cost: 1ms, totalSlot: 1, currentSlotIndex: 0
[INFO] 2025-10-13 10:44:18.223 +0800 o.a.d.s.m.c.IdSlotBasedCommandFetcher:[67] - Fetch commands: 0 success, cost: 1ms, totalSlot: 1, currentSlotIndex: 0
[INFO] 2025-10-13 10:44:19.224 +0800 o.a.d.s.m.c.IdSlotBasedCommandFetcher:[67] - Fetch commands: 0 success, cost: 0ms, totalSlot: 1, currentSlotIndex: 0
[INFO] 2025-10-13 10:44:20.387 +0800 o.a.d.s.m.c.IdSlotBasedCommandFetcher:[67] - Fetch commands: 0 success, cost: 0ms, totalSlot: 1, currentSlotIndex: 0
[INFO] 2025-10-13 10:44:21.493 +0800 o.a.d.s.m.c.IdSlotBasedCommandFetcher:[67] - Fetch commands: 0 success, cost: 0ms, totalSlot: 1, currentSlotIndex: 0
[INFO] 2025-10-13 10:44:21.707 +0800 o.a.d.s.m.r.t.TaskGroupCoordinator:[187] - Success amend TaskGroupQueue status cost: 0/ms
[INFO] 2025-10-13 10:44:21.707 +0800 o.a.d.s.m.r.t.TaskGroupCoordinator:[241] - Success deal with force start TaskGroupQueue cost: 0/ms
[INFO] 2025-10-13 10:44:21.707 +0800 o.a.d.s.m.r.t.TaskGroupCoordinator:[129] - TaskGroupCoordinator round time cost: 0/ms
[INFO] 2025-10-13 10:44:22.582 +0800 o.a.d.s.m.c.IdSlotBasedCommandFetcher:[67] - Fetch commands: 0 success, cost: 0ms, totalSlot: 1, currentSlotIndex: 0
[INFO] 2025-10-13 10:44:23.667 +0800 o.a.d.s.m.c.IdSlotBasedCommandFetcher:[67] - Fetch commands: 0 success, cost: 0ms, totalSlot: 1, currentSlotIndex: 0
[INFO] 2025-10-13 10:44:24.763 +0800 o.a.d.s.m.c.IdSlotBasedCommandFetcher:[67] - Fetch commands: 0 success, cost: 0ms, totalSlot: 1, currentSlotIndex: 0
[INFO] 2025-10-13 10:44:25.853 +0800 o.a.d.s.m.c.IdSlotBasedCommandFetcher:[67] - Fetch commands: 0 success, cost: 0ms, totalSlot: 1, currentSlotIndex: 0
[INFO] 2025-10-13 10:44:26.724 +0800 o.a.d.s.m.r.t.TaskGroupCoordinator:[187] - Success amend TaskGroupQueue status cost: 0/ms
[INFO] 2025-10-13 10:44:26.724 +0800 o.a.d.s.m.r.t.TaskGroupCoordinator:[241] - Success deal with force start TaskGroupQueue cost: 0/ms
[INFO] 2025-10-13 10:44:26.724 +0800 o.a.d.s.m.r.t.TaskGroupCoordinator:[129] - TaskGroupCoordinator round time cost: 0/ms
[INFO] 2025-10-13 10:44:26.865 +0800 o.a.d.s.m.c.IdSlotBasedCommandFetcher:[67] - Fetch commands: 0 success, cost: 0ms, totalSlot: 1, currentSlotIndex: 0
[INFO] 2025-10-13 10:44:27.868 +0800 o.a.d.s.m.c.IdSlotBasedCommandFetcher:[67] - Fetch commands: 0 success, cost: 0ms, totalSlot: 1, currentSlotIndex: 0
[INFO] 2025-10-13 10:44:28.883 +0800 o.a.d.s.m.c.IdSlotBasedCommandFetcher:[67] - Fetch commands: 0 success, cost: 0ms, totalSlot: 1, currentSlotIndex: 0
[INFO] 2025-10-13 10:44:29.886 +0800 o.a.d.s.m.c.IdSlotBasedCommandFetcher:[67] - Fetch commands: 0 success, cost: 0ms, totalSlot: 1, currentSlotIndex: 0
[INFO] 2025-10-13 10:44:30.888 +0800 o.a.d.s.m.c.IdSlotBasedCommandFetcher:[67] - Fetch commands: 0 success, cost: 0ms, totalSlot: 1, currentSlotIndex: 0
[INFO] 2025-10-13 10:44:31.732 +0800 o.a.d.s.m.r.t.TaskGroupCoordinator:[187] - Success amend TaskGroupQueue status cost: 0/ms
[INFO] 2025-10-13 10:44:31.732 +0800 o.a.d.s.m.r.t.TaskGroupCoordinator:[241] - Success deal with force start TaskGroupQueue cost: 0/ms
[INFO] 2025-10-13 10:44:31.732 +0800 o.a.d.s.m.r.t.TaskGroupCoordinator:[129] - TaskGroupCoordinator round time cost: 0/ms
[INFO] 2025-10-13 10:44:31.894 +0800 o.a.d.s.m.c.IdSlotBasedCommandFetcher:[67] - Fetch commands: 0 success, cost: 0ms, totalSlot: 1, currentSlotIndex: 0
[INFO] 2025-10-13 10:44:32.908 +0800 o.a.d.s.m.c.IdSlotBasedCommandFetcher:[67] - Fetch commands: 0 success, cost: 0ms, totalSlot: 1, currentSlotIndex: 0
[INFO] 2025-10-13 10:44:33.911 +0800 o.a.d.s.m.c.IdSlotBasedCommandFetcher:[67] - Fetch commands: 0 success, cost: 0ms, totalSlot: 1, currentSlotIndex: 0
[INFO] 2025-10-13 10:44:34.912 +0800 o.a.d.s.m.c.IdSlotBasedCommandFetcher:[67] - Fetch commands: 0 success, cost: 0ms, totalSlot: 1, currentSlotIndex: 0
[INFO] 2025-10-13 10:44:36.113 +0800 o.a.d.s.m.c.IdSlotBasedCommandFetcher:[67] - Fetch commands: 0 success, cost: 0ms, totalSlot: 1, currentSlotIndex: 0
[INFO] 2025-10-13 10:44:36.741 +0800 o.a.d.s.m.r.t.TaskGroupCoordinator:[187] - Success amend TaskGroupQueue status cost: 0/ms
[INFO] 2025-10-13 10:44:36.741 +0800 o.a.d.s.m.r.t.TaskGroupCoordinator:[241] - Success deal with force start TaskGroupQueue cost: 0/ms
[INFO] 2025-10-13 10:44:36.741 +0800 o.a.d.s.m.r.t.TaskGroupCoordinator:[129] - TaskGroupCoordinator round time cost: 1/ms
[INFO] 2025-10-13 10:44:37.120 +0800 o.a.d.s.m.c.IdSlotBasedCommandFetcher:[67] - Fetch commands: 0 success, cost: 0ms, totalSlot: 1, currentSlotIndex: 0
[INFO] 2025-10-13 10:44:38.120 +0800 o.a.d.s.m.c.IdSlotBasedCommandFetcher:[67] - Fetch commands: 0 success, cost: 0ms, totalSlot: 1, currentSlotIndex: 0
[INFO] 2025-10-13 10:44:39.130 +0800 o.a.d.s.m.c.IdSlotBasedCommandFetcher:[67] - Fetch commands: 0 success, cost: 0ms, totalSlot: 1, currentSlotIndex: 0
[INFO] 2025-10-13 10:44:40.144 +0800 o.a.d.s.m.c.IdSlotBasedCommandFetcher:[67] - Fetch commands: 0 success, cost: 0ms, totalSlot: 1, currentSlotIndex: 0
[INFO] 2025-10-13 10:44:41.149 +0800 o.a.d.s.m.c.IdSlotBasedCommandFetcher:[67] - Fetch commands: 0 success, cost: 0ms, totalSlot: 1, currentSlotIndex: 0
[INFO] 2025-10-13 10:44:41.754 +0800 o.a.d.s.m.r.t.TaskGroupCoordinator:[187] - Success amend TaskGroupQueue status cost: 0/ms
[INFO] 2025-10-13 10:44:41.754 +0800 o.a.d.s.m.r.t.TaskGroupCoordinator:[241] - Success deal with force start TaskGroupQueue cost: 0/ms
[INFO] 2025-10-13 10:44:41.754 +0800 o.a.d.s.m.r.t.TaskGroupCoordinator:[129] - TaskGroupCoordinator round time cost: 0/ms
[INFO] 2025-10-13 10:44:42.154 +0800 o.a.d.s.m.c.IdSlotBasedCommandFetcher:[67] - Fetch commands: 0 success, cost: 0ms, totalSlot: 1, currentSlotIndex: 0
[INFO] 2025-10-13 10:44:43.169 +0800 o.a.d.s.m.c.IdSlotBasedCommandFetcher:[67] - Fetch commands: 0 success, cost: 0ms, totalSlot: 1, currentSlotIndex: 0
[INFO] 2025-10-13 10:44:44.171 +0800 o.a.d.s.m.c.IdSlotBasedCommandFetcher:[67] - Fetch commands: 0 success, cost: 0ms, totalSlot: 1, currentSlotIndex: 0
[INFO] 2025-10-13 10:44:45.182 +0800 o.a.d.s.m.c.IdSlotBasedCommandFetcher:[67] - Fetch commands: 0 success, cost: 0ms, totalSlot: 1, currentSlotIndex: 0
[INFO] 2025-10-13 10:44:46.373 +0800 o.a.d.s.m.c.IdSlotBasedCommandFetcher:[67] - Fetch commands: 0 success, cost: 0ms, totalSlot: 1, currentSlotIndex: 0
[INFO] 2025-10-13 10:44:46.777 +0800 o.a.d.s.m.r.t.TaskGroupCoordinator:[187] - Success amend TaskGroupQueue status cost: 0/ms
[INFO] 2025-10-13 10:44:46.777 +0800 o.a.d.s.m.r.t.TaskGroupCoordinator:[241] - Success deal with force start TaskGroupQueue cost: 0/ms
[INFO] 2025-10-13 10:44:46.777 +0800 o.a.d.s.m.r.t.TaskGroupCoordinator:[129] - TaskGroupCoordinator round time cost: 1/ms
[INFO] 2025-10-13 10:44:47.458 +0800 o.a.d.s.m.c.IdSlotBasedCommandFetcher:[67] - Fetch commands: 0 success, cost: 0ms, totalSlot: 1, currentSlotIndex: 0
[INFO] 2025-10-13 10:44:48.539 +0800 o.a.d.s.m.c.IdSlotBasedCommandFetcher:[67] - Fetch commands: 0 success, cost: 0ms, totalSlot: 1, currentSlotIndex: 0
[INFO] 2025-10-13 10:44:49.620 +0800 o.a.d.s.m.c.IdSlotBasedCommandFetcher:[67] - Fetch commands: 0 success, cost: 0ms, totalSlot: 1, currentSlotIndex: 0
[INFO] 2025-10-13 10:44:50.708 +0800 o.a.d.s.m.c.IdSlotBasedCommandFetcher:[67] - Fetch commands: 0 success, cost: 0ms, totalSlot: 1, currentSlotIndex: 0
[INFO] 2025-10-13 10:44:51.788 +0800 o.a.d.s.m.r.t.TaskGroupCoordinator:[187] - Success amend TaskGroupQueue status cost: 0/ms
[INFO] 2025-10-13 10:44:51.788 +0800 o.a.d.s.m.r.t.TaskGroupCoordinator:[241] - Success deal with force start TaskGroupQueue cost: 0/ms
[INFO] 2025-10-13 10:44:51.788 +0800 o.a.d.s.m.r.t.TaskGroupCoordinator:[129] - TaskGroupCoordinator round time cost: 0/ms
[INFO] 2025-10-13 10:44:51.794 +0800 o.a.d.s.m.c.IdSlotBasedCommandFetcher:[67] - Fetch commands: 0 success, cost: 0ms, totalSlot: 1, currentSlotIndex: 0
[INFO] 2025-10-13 10:44:52.891 +0800 o.a.d.s.m.c.IdSlotBasedCommandFetcher:[67] - Fetch commands: 0 success, cost: 0ms, totalSlot: 1, currentSlotIndex: 0
[INFO] 2025-10-13 10:44:53.978 +0800 o.a.d.s.m.c.IdSlotBasedCommandFetcher:[67] - Fetch commands: 0 success, cost: 0ms, totalSlot: 1, currentSlotIndex: 0
[INFO] 2025-10-13 10:44:55.090 +0800 o.a.d.s.m.c.IdSlotBasedCommandFetcher:[67] - Fetch commands: 0 success, cost: 0ms, totalSlot: 1, currentSlotIndex: 0
[INFO] 2025-10-13 10:44:56.194 +0800 o.a.d.s.m.c.IdSlotBasedCommandFetcher:[67] - Fetch commands: 0 success, cost: 0ms, totalSlot: 1, currentSlotIndex: 0
[INFO] 2025-10-13 10:44:56.796 +0800 o.a.d.s.m.r.t.TaskGroupCoordinator:[187] - Success amend TaskGroupQueue status cost: 0/ms
[INFO] 2025-10-13 10:44:56.796 +0800 o.a.d.s.m.r.t.TaskGroupCoordinator:[241] - Success deal with force start TaskGroupQueue cost: 0/ms
[INFO] 2025-10-13 10:44:56.796 +0800 o.a.d.s.m.r.t.TaskGroupCoordinator:[129] - TaskGroupCoordinator round time cost: 0/ms
[INFO] 2025-10-13 10:44:57.273 +0800 o.a.d.s.m.c.IdSlotBasedCommandFetcher:[67] - Fetch commands: 0 success, cost: 0ms, totalSlot: 1, currentSlotIndex: 0
[INFO] 2025-10-13 10:44:58.273 +0800 o.a.d.s.m.c.IdSlotBasedCommandFetcher:[67] - Fetch commands: 0 success, cost: 0ms, totalSlot: 1, currentSlotIndex: 0
[INFO] 2025-10-13 10:44:59.275 +0800 o.a.d.s.m.c.IdSlotBasedCommandFetcher:[67] - Fetch commands: 0 success, cost: 0ms, totalSlot: 1, currentSlotIndex: 0
[INFO] 2025-10-13 10:45:00.277 +0800 o.a.d.s.m.c.IdSlotBasedCommandFetcher:[67] - Fetch commands: 0 success, cost: 0ms, totalSlot: 1, currentSlotIndex: 0
[INFO] 2025-10-13 10:45:01.287 +0800 o.a.d.s.m.c.IdSlotBasedCommandFetcher:[67] - Fetch commands: 0 success, cost: 0ms, totalSlot: 1, currentSlotIndex: 0
[INFO] 2025-10-13 10:45:01.797 +0800 o.a.d.s.m.r.t.TaskGroupCoordinator:[187] - Success amend TaskGroupQueue status cost: 0/ms
[INFO] 2025-10-13 10:45:01.797 +0800 o.a.d.s.m.r.t.TaskGroupCoordinator:[241] - Success deal with force start TaskGroupQueue cost: 0/ms
[INFO] 2025-10-13 10:45:01.797 +0800 o.a.d.s.m.r.t.TaskGroupCoordinator:[129] - TaskGroupCoordinator round time cost: 0/ms
[INFO] 2025-10-13 10:45:02.289 +0800 o.a.d.s.m.c.IdSlotBasedCommandFetcher:[67] - Fetch commands: 0 success, cost: 0ms, totalSlot: 1, currentSlotIndex: 0
[INFO] 2025-10-13 10:45:03.291 +0800 o.a.d.s.m.c.IdSlotBasedCommandFetcher:[67] - Fetch commands: 0 success, cost: 0ms, totalSlot: 1, currentSlotIndex: 0
[INFO] 2025-10-13 10:45:04.293 +0800 o.a.d.s.m.c.IdSlotBasedCommandFetcher:[67] - Fetch commands: 0 success, cost: 0ms, totalSlot: 1, currentSlotIndex: 0
[INFO] 2025-10-13 10:45:05.293 +0800 o.a.d.s.m.c.IdSlotBasedCommandFetcher:[67] - Fetch commands: 0 success, cost: 0ms, totalSlot: 1, currentSlotIndex: 0
[INFO] 2025-10-13 10:45:06.296 +0800 o.a.d.s.m.c.IdSlotBasedCommandFetcher:[67] - Fetch commands: 0 success, cost: 0ms, totalSlot: 1, currentSlotIndex: 0
[INFO] 2025-10-13 10:45:06.811 +0800 o.a.d.s.m.r.t.TaskGroupCoordinator:[187] - Success amend TaskGroupQueue status cost: 0/ms
[INFO] 2025-10-13 10:45:06.811 +0800 o.a.d.s.m.r.t.TaskGroupCoordinator:[241] - Success deal with force start TaskGroupQueue cost: 0/ms
[INFO] 2025-10-13 10:45:06.811 +0800 o.a.d.s.m.r.t.TaskGroupCoordinator:[129] - TaskGroupCoordinator round time cost: 0/ms
[INFO] 2025-10-13 10:45:07.299 +0800 o.a.d.s.m.c.IdSlotBasedCommandFetcher:[67] - Fetch commands: 0 success, cost: 1ms, totalSlot: 1, currentSlotIndex: 0
[INFO] 2025-10-13 10:45:08.459 +0800 o.a.d.s.m.c.IdSlotBasedCommandFetcher:[67] - Fetch commands: 0 success, cost: 0ms, totalSlot: 1, currentSlotIndex: 0
[INFO] 2025-10-13 10:45:09.588 +0800 o.a.d.s.m.c.IdSlotBasedCommandFetcher:[67] - Fetch commands: 0 success, cost: 0ms, totalSlot: 1, currentSlotIndex: 0
[INFO] 2025-10-13 10:45:10.603 +0800 o.a.d.s.m.c.IdSlotBasedCommandFetcher:[67] - Fetch commands: 0 success, cost: 0ms, totalSlot: 1, currentSlotIndex: 0
[INFO] 2025-10-13 10:45:11.605 +0800 o.a.d.s.m.c.IdSlotBasedCommandFetcher:[67] - Fetch commands: 0 success, cost: 0ms, totalSlot: 1, currentSlotIndex: 0
[INFO] 2025-10-13 10:45:11.816 +0800 o.a.d.s.m.r.t.TaskGroupCoordinator:[187] - Success amend TaskGroupQueue status cost: 0/ms
[INFO] 2025-10-13 10:45:11.816 +0800 o.a.d.s.m.r.t.TaskGroupCoordinator:[241] - Success deal with force start TaskGroupQueue cost: 0/ms
[INFO] 2025-10-13 10:45:11.816 +0800 o.a.d.s.m.r.t.TaskGroupCoordinator:[129] - TaskGroupCoordinator round time cost: 0/ms
[INFO] 2025-10-13 10:45:12.607 +0800 o.a.d.s.m.c.IdSlotBasedCommandFetcher:[67] - Fetch commands: 0 success, cost: 0ms, totalSlot: 1, currentSlotIndex: 0
[INFO] 2025-10-13 10:45:13.619 +0800 o.a.d.s.m.c.IdSlotBasedCommandFetcher:[67] - Fetch commands: 0 success, cost: 1ms, totalSlot: 1, currentSlotIndex: 0
[INFO] 2025-10-13 10:45:14.621 +0800 o.a.d.s.m.c.IdSlotBasedCommandFetcher:[67] - Fetch commands: 0 success, cost: 1ms, totalSlot: 1, currentSlotIndex: 0
[INFO] 2025-10-13 10:45:15.629 +0800 o.a.d.s.m.c.IdSlotBasedCommandFetcher:[67] - Fetch commands: 0 success, cost: 0ms, totalSlot: 1, currentSlotIndex: 0
[INFO] 2025-10-13 10:45:16.633 +0800 o.a.d.s.m.c.IdSlotBasedCommandFetcher:[67] - Fetch commands: 0 success, cost: 1ms, totalSlot: 1, currentSlotIndex: 0
[INFO] 2025-10-13 10:45:16.833 +0800 o.a.d.s.m.r.t.TaskGroupCoordinator:[187] - Success amend TaskGroupQueue status cost: 0/ms
[INFO] 2025-10-13 10:45:16.833 +0800 o.a.d.s.m.r.t.TaskGroupCoordinator:[241] - Success deal with force start TaskGroupQueue cost: 0/ms
[INFO] 2025-10-13 10:45:16.833 +0800 o.a.d.s.m.r.t.TaskGroupCoordinator:[129] - TaskGroupCoordinator round time cost: 0/ms
[INFO] 2025-10-13 10:45:17.635 +0800 o.a.d.s.m.c.IdSlotBasedCommandFetcher:[67] - Fetch commands: 0 success, cost: 0ms, totalSlot: 1, currentSlotIndex: 0
[INFO] 2025-10-13 10:45:18.636 +0800 o.a.d.s.m.c.IdSlotBasedCommandFetcher:[67] - Fetch commands: 0 success, cost: 0ms, totalSlot: 1, currentSlotIndex: 0
[INFO] 2025-10-13 10:45:19.638 +0800 o.a.d.s.m.c.IdSlotBasedCommandFetcher:[67] - Fetch commands: 0 success, cost: 0ms, totalSlot: 1, currentSlotIndex: 0
[INFO] 2025-10-13 10:45:20.640 +0800 o.a.d.s.m.c.IdSlotBasedCommandFetcher:[67] - Fetch commands: 0 success, cost: 0ms, totalSlot: 1, currentSlotIndex: 0
[INFO] 2025-10-13 10:45:21.642 +0800 o.a.d.s.m.c.IdSlotBasedCommandFetcher:[67] - Fetch commands: 0 success, cost: 0ms, totalSlot: 1, currentSlotIndex: 0
[INFO] 2025-10-13 10:45:21.839 +0800 o.a.d.s.m.r.t.TaskGroupCoordinator:[187] - Success amend TaskGroupQueue status cost: 0/ms
[INFO] 2025-10-13 10:45:21.839 +0800 o.a.d.s.m.r.t.TaskGroupCoordinator:[241] - Success deal with force start TaskGroupQueue cost: 0/ms
[INFO] 2025-10-13 10:45:21.840 +0800 o.a.d.s.m.r.t.TaskGroupCoordinator:[129] - TaskGroupCoordinator round time cost: 0/ms
[INFO] 2025-10-13 10:45:22.645 +0800 o.a.d.s.m.c.IdSlotBasedCommandFetcher:[67] - Fetch commands: 0 success, cost: 0ms, totalSlot: 1, currentSlotIndex: 0
[INFO] 2025-10-13 10:45:23.646 +0800 o.a.d.s.m.c.IdSlotBasedCommandFetcher:[67] - Fetch commands: 0 success, cost: 0ms, totalSlot: 1, currentSlotIndex: 0
[INFO] 2025-10-13 10:45:24.657 +0800 o.a.d.s.m.c.IdSlotBasedCommandFetcher:[67] - Fetch commands: 0 success, cost: 1ms, totalSlot: 1, currentSlotIndex: 0
[INFO] 2025-10-13 10:45:25.658 +0800 o.a.d.s.m.c.IdSlotBasedCommandFetcher:[67] - Fetch commands: 0 success, cost: 0ms, totalSlot: 1, currentSlotIndex: 0
[INFO] 2025-10-13 10:45:26.658 +0800 o.a.d.s.m.c.IdSlotBasedCommandFetcher:[67] - Fetch commands: 0 success, cost: 0ms, totalSlot: 1, currentSlotIndex: 0
[INFO] 2025-10-13 10:45:26.855 +0800 o.a.d.s.m.r.t.TaskGroupCoordinator:[187] - Success amend TaskGroupQueue status cost: 0/ms
[INFO] 2025-10-13 10:45:26.855 +0800 o.a.d.s.m.r.t.TaskGroupCoordinator:[241] - Success deal with force start TaskGroupQueue cost: 0/ms
[INFO] 2025-10-13 10:45:26.855 +0800 o.a.d.s.m.r.t.TaskGroupCoordinator:[129] - TaskGroupCoordinator round time cost: 0/ms
[INFO] 2025-10-13 10:45:27.660 +0800 o.a.d.s.m.c.IdSlotBasedCommandFetcher:[67] - Fetch commands: 0 success, cost: 0ms, totalSlot: 1, currentSlotIndex: 0
[INFO] 2025-10-13 10:45:28.672 +0800 o.a.d.s.m.c.IdSlotBasedCommandFetcher:[67] - Fetch commands: 0 success, cost: 0ms, totalSlot: 1, currentSlotIndex: 0
[INFO] 2025-10-13 10:45:29.674 +0800 o.a.d.s.m.c.IdSlotBasedCommandFetcher:[67] - Fetch commands: 0 success, cost: 0ms, totalSlot: 1, currentSlotIndex: 0
[INFO] 2025-10-13 10:45:30.679 +0800 o.a.d.s.m.c.IdSlotBasedCommandFetcher:[67] - Fetch commands: 0 success, cost: 0ms, totalSlot: 1, currentSlotIndex: 0
[INFO] 2025-10-13 10:45:31.682 +0800 o.a.d.s.m.c.IdSlotBasedCommandFetcher:[67] - Fetch commands: 0 success, cost: 0ms, totalSlot: 1, currentSlotIndex: 0
[INFO] 2025-10-13 10:45:31.871 +0800 o.a.d.s.m.r.t.TaskGroupCoordinator:[187] - Success amend TaskGroupQueue status cost: 0/ms
[INFO] 2025-10-13 10:45:31.871 +0800 o.a.d.s.m.r.t.TaskGroupCoordinator:[241] - Success deal with force start TaskGroupQueue cost: 0/ms
[INFO] 2025-10-13 10:45:31.871 +0800 o.a.d.s.m.r.t.TaskGroupCoordinator:[129] - TaskGroupCoordinator round time cost: 0/ms
[INFO] 2025-10-13 10:45:32.696 +0800 o.a.d.s.m.c.IdSlotBasedCommandFetcher:[67] - Fetch commands: 0 success, cost: 0ms, totalSlot: 1, currentSlotIndex: 0
[INFO] 2025-10-13 10:45:33.697 +0800 o.a.d.s.m.c.IdSlotBasedCommandFetcher:[67] - Fetch commands: 0 success, cost: 0ms, totalSlot: 1, currentSlotIndex: 0
[INFO] 2025-10-13 10:45:34.699 +0800 o.a.d.s.m.c.IdSlotBasedCommandFetcher:[67] - Fetch commands: 0 success, cost: 0ms, totalSlot: 1, currentSlotIndex: 0
[INFO] 2025-10-13 10:45:35.702 +0800 o.a.d.s.m.c.IdSlotBasedCommandFetcher:[67] - Fetch commands: 0 success, cost: 0ms, totalSlot: 1, currentSlotIndex: 0
[INFO] 2025-10-13 10:45:36.704 +0800 o.a.d.s.m.c.IdSlotBasedCommandFetcher:[67] - Fetch commands: 0 success, cost: 0ms, totalSlot: 1, currentSlotIndex: 0
[INFO] 2025-10-13 10:45:36.881 +0800 o.a.d.s.m.r.t.TaskGroupCoordinator:[187] - Success amend TaskGroupQueue status cost: 0/ms
[INFO] 2025-10-13 10:45:36.882 +0800 o.a.d.s.m.r.t.TaskGroupCoordinator:[241] - Success deal with force start TaskGroupQueue cost: 0/ms
[INFO] 2025-10-13 10:45:36.882 +0800 o.a.d.s.m.r.t.TaskGroupCoordinator:[129] - TaskGroupCoordinator round time cost: 0/ms
[INFO] 2025-10-13 10:45:37.706 +0800 o.a.d.s.m.c.IdSlotBasedCommandFetcher:[67] - Fetch commands: 0 success, cost: 0ms, totalSlot: 1, currentSlotIndex: 0
[INFO] 2025-10-13 10:45:38.707 +0800 o.a.d.s.m.c.IdSlotBasedCommandFetcher:[67] - Fetch commands: 0 success, cost: 0ms, totalSlot: 1, currentSlotIndex: 0
[INFO] 2025-10-13 10:45:39.711 +0800 o.a.d.s.m.c.IdSlotBasedCommandFetcher:[67] - Fetch commands: 0 success, cost: 2ms, totalSlot: 1, currentSlotIndex: 0
[INFO] 2025-10-13 10:45:40.896 +0800 o.a.d.s.m.c.IdSlotBasedCommandFetcher:[67] - Fetch commands: 0 success, cost: 1ms, totalSlot: 1, currentSlotIndex: 0
[INFO] 2025-10-13 10:45:41.889 +0800 o.a.d.s.m.r.t.TaskGroupCoordinator:[187] - Success amend TaskGroupQueue status cost: 0/ms
[INFO] 2025-10-13 10:45:41.889 +0800 o.a.d.s.m.r.t.TaskGroupCoordinator:[241] - Success deal with force start TaskGroupQueue cost: 0/ms
[INFO] 2025-10-13 10:45:41.889 +0800 o.a.d.s.m.r.t.TaskGroupCoordinator:[129] - TaskGroupCoordinator round time cost: 0/ms
[INFO] 2025-10-13 10:45:41.985 +0800 o.a.d.s.m.c.IdSlotBasedCommandFetcher:[67] - Fetch commands: 0 success, cost: 1ms, totalSlot: 1, currentSlotIndex: 0
[INFO] 2025-10-13 10:45:43.151 +0800 o.a.d.s.m.c.IdSlotBasedCommandFetcher:[67] - Fetch commands: 0 success, cost: 0ms, totalSlot: 1, currentSlotIndex: 0
[INFO] 2025-10-13 10:45:44.159 +0800 o.a.d.s.m.c.IdSlotBasedCommandFetcher:[67] - Fetch commands: 0 success, cost: 0ms, totalSlot: 1, currentSlotIndex: 0
[INFO] 2025-10-13 10:45:45.168 +0800 o.a.d.s.m.c.IdSlotBasedCommandFetcher:[67] - Fetch commands: 0 success, cost: 0ms, totalSlot: 1, currentSlotIndex: 0
[INFO] 2025-10-13 10:45:46.173 +0800 o.a.d.s.m.c.IdSlotBasedCommandFetcher:[67] - Fetch commands: 0 success, cost: 0ms, totalSlot: 1, currentSlotIndex: 0
[INFO] 2025-10-13 10:45:46.913 +0800 o.a.d.s.m.r.t.TaskGroupCoordinator:[187] - Success amend TaskGroupQueue status cost: 0/ms
[INFO] 2025-10-13 10:45:46.913 +0800 o.a.d.s.m.r.t.TaskGroupCoordinator:[241] - Success deal with force start TaskGroupQueue cost: 0/ms
[INFO] 2025-10-13 10:45:46.913 +0800 o.a.d.s.m.r.t.TaskGroupCoordinator:[129] - TaskGroupCoordinator round time cost: 0/ms
[INFO] 2025-10-13 10:45:47.181 +0800 o.a.d.s.m.c.IdSlotBasedCommandFetcher:[67] - Fetch commands: 0 success, cost: 0ms, totalSlot: 1, currentSlotIndex: 0
[INFO] 2025-10-13 10:45:48.189 +0800 o.a.d.s.m.c.IdSlotBasedCommandFetcher:[67] - Fetch commands: 0 success, cost: 0ms, totalSlot: 1, currentSlotIndex: 0
[INFO] 2025-10-13 10:45:49.194 +0800 o.a.d.s.m.c.IdSlotBasedCommandFetcher:[67] - Fetch commands: 0 success, cost: 0ms, totalSlot: 1, currentSlotIndex: 0
[INFO] 2025-10-13 10:45:50.196 +0800 o.a.d.s.m.c.IdSlotBasedCommandFetcher:[67] - Fetch commands: 0 success, cost: 0ms, totalSlot: 1, currentSlotIndex: 0
[INFO] 2025-10-13 10:45:51.198 +0800 o.a.d.s.m.c.IdSlotBasedCommandFetcher:[67] - Fetch commands: 0 success, cost: 0ms, totalSlot: 1, currentSlotIndex: 0
[INFO] 2025-10-13 10:45:51.926 +0800 o.a.d.s.m.r.t.TaskGroupCoordinator:[187] - Success amend TaskGroupQueue status cost: 0/ms
[INFO] 2025-10-13 10:45:51.926 +0800 o.a.d.s.m.r.t.TaskGroupCoordinator:[241] - Success deal with force start TaskGroupQueue cost: 0/ms
[INFO] 2025-10-13 10:45:51.927 +0800 o.a.d.s.m.r.t.TaskGroupCoordinator:[129] - TaskGroupCoordinator round time cost: 0/ms
[INFO] 2025-10-13 10:45:52.200 +0800 o.a.d.s.m.c.IdSlotBasedCommandFetcher:[67] - Fetch commands: 0 success, cost: 0ms, totalSlot: 1, currentSlotIndex: 0
[INFO] 2025-10-13 10:45:53.343 +0800 o.a.d.s.m.c.IdSlotBasedCommandFetcher:[67] - Fetch commands: 0 success, cost: 1ms, totalSlot: 1, currentSlotIndex: 0
[INFO] 2025-10-13 10:45:54.444 +0800 o.a.d.s.m.c.IdSlotBasedCommandFetcher:[67] - Fetch commands: 0 success, cost: 1ms, totalSlot: 1, currentSlotIndex: 0
[INFO] 2025-10-13 10:45:55.532 +0800 o.a.d.s.m.c.IdSlotBasedCommandFetcher:[67] - Fetch commands: 0 success, cost: 0ms, totalSlot: 1, currentSlotIndex: 0
[INFO] 2025-10-13 10:45:56.629 +0800 o.a.d.s.m.c.IdSlotBasedCommandFetcher:[67] - Fetch commands: 0 success, cost: 0ms, totalSlot: 1, currentSlotIndex: 0
[INFO] 2025-10-13 10:45:56.935 +0800 o.a.d.s.m.r.t.TaskGroupCoordinator:[187] - Success amend TaskGroupQueue status cost: 0/ms
[INFO] 2025-10-13 10:45:56.935 +0800 o.a.d.s.m.r.t.TaskGroupCoordinator:[241] - Success deal with force start TaskGroupQueue cost: 0/ms
[INFO] 2025-10-13 10:45:56.935 +0800 o.a.d.s.m.r.t.TaskGroupCoordinator:[129] - TaskGroupCoordinator round time cost: 0/ms
[INFO] 2025-10-13 10:45:57.726 +0800 o.a.d.s.m.c.IdSlotBasedCommandFetcher:[67] - Fetch commands: 0 success, cost: 0ms, totalSlot: 1, currentSlotIndex: 0
[INFO] 2025-10-13 10:45:58.810 +0800 o.a.d.s.m.c.IdSlotBasedCommandFetcher:[67] - Fetch commands: 0 success, cost: 0ms, totalSlot: 1, currentSlotIndex: 0
[INFO] 2025-10-13 10:45:59.900 +0800 o.a.d.s.m.c.IdSlotBasedCommandFetcher:[67] - Fetch commands: 0 success, cost: 0ms, totalSlot: 1, currentSlotIndex: 0
[INFO] 2025-10-13 10:46:01.022 +0800 o.a.d.s.m.c.IdSlotBasedCommandFetcher:[67] - Fetch commands: 0 success, cost: 1ms, totalSlot: 1, currentSlotIndex: 0
[INFO] 2025-10-13 10:46:01.938 +0800 o.a.d.s.m.r.t.TaskGroupCoordinator:[187] - Success amend TaskGroupQueue status cost: 0/ms
[INFO] 2025-10-13 10:46:01.938 +0800 o.a.d.s.m.r.t.TaskGroupCoordinator:[241] - Success deal with force start TaskGroupQueue cost: 0/ms
[INFO] 2025-10-13 10:46:01.938 +0800 o.a.d.s.m.r.t.TaskGroupCoordinator:[129] - TaskGroupCoordinator round time cost: 1/ms
[INFO] 2025-10-13 10:46:02.030 +0800 o.a.d.s.m.c.IdSlotBasedCommandFetcher:[67] - Fetch commands: 0 success, cost: 1ms, totalSlot: 1, currentSlotIndex: 0
[INFO] 2025-10-13 10:46:03.036 +0800 o.a.d.s.m.c.IdSlotBasedCommandFetcher:[67] - Fetch commands: 0 success, cost: 0ms, totalSlot: 1, currentSlotIndex: 0
[INFO] 2025-10-13 10:46:04.039 +0800 o.a.d.s.m.c.IdSlotBasedCommandFetcher:[67] - Fetch commands: 0 success, cost: 0ms, totalSlot: 1, currentSlotIndex: 0
[INFO] 2025-10-13 10:46:05.039 +0800 o.a.d.s.m.c.IdSlotBasedCommandFetcher:[67] - Fetch commands: 0 success, cost: 0ms, totalSlot: 1, currentSlotIndex: 0
[INFO] 2025-10-13 10:46:06.042 +0800 o.a.d.s.m.c.IdSlotBasedCommandFetcher:[67] - Fetch commands: 0 success, cost: 0ms, totalSlot: 1, currentSlotIndex: 0
[INFO] 2025-10-13 10:46:06.946 +0800 o.a.d.s.m.r.t.TaskGroupCoordinator:[187] - Success amend TaskGroupQueue status cost: 0/ms
[INFO] 2025-10-13 10:46:06.947 +0800 o.a.d.s.m.r.t.TaskGroupCoordinator:[241] - Success deal with force start TaskGroupQueue cost: 0/ms
[INFO] 2025-10-13 10:46:06.947 +0800 o.a.d.s.m.r.t.TaskGroupCoordinator:[129] - TaskGroupCoordinator round time cost: 0/ms
[INFO] 2025-10-13 10:46:07.053 +0800 o.a.d.s.m.c.IdSlotBasedCommandFetcher:[67] - Fetch commands: 0 success, cost: 0ms, totalSlot: 1, currentSlotIndex: 0
[INFO] 2025-10-13 10:46:08.055 +0800 o.a.d.s.m.c.IdSlotBasedCommandFetcher:[67] - Fetch commands: 0 success, cost: 0ms, totalSlot: 1, currentSlotIndex: 0
[INFO] 2025-10-13 10:46:09.057 +0800 o.a.d.s.m.c.IdSlotBasedCommandFetcher:[67] - Fetch commands: 0 success, cost: 0ms, totalSlot: 1, currentSlotIndex: 0
[INFO] 2025-10-13 10:46:10.060 +0800 o.a.d.s.m.c.IdSlotBasedCommandFetcher:[67] - Fetch commands: 0 success, cost: 0ms, totalSlot: 1, currentSlotIndex: 0
[INFO] 2025-10-13 10:46:11.186 +0800 o.a.d.s.m.c.IdSlotBasedCommandFetcher:[67] - Fetch commands: 0 success, cost: 0ms, totalSlot: 1, currentSlotIndex: 0
[INFO] 2025-10-13 10:46:11.957 +0800 o.a.d.s.m.r.t.TaskGroupCoordinator:[187] - Success amend TaskGroupQueue status cost: 0/ms
[INFO] 2025-10-13 10:46:11.957 +0800 o.a.d.s.m.r.t.TaskGroupCoordinator:[241] - Success deal with force start TaskGroupQueue cost: 0/ms
[INFO] 2025-10-13 10:46:11.957 +0800 o.a.d.s.m.r.t.TaskGroupCoordinator:[129] - TaskGroupCoordinator round time cost: 0/ms
[INFO] 2025-10-13 10:46:12.354 +0800 o.a.d.s.m.c.IdSlotBasedCommandFetcher:[67] - Fetch commands: 0 success, cost: 0ms, totalSlot: 1, currentSlotIndex: 0
[INFO] 2025-10-13 10:46:13.370 +0800 o.a.d.s.m.c.IdSlotBasedCommandFetcher:[67] - Fetch commands: 0 success, cost: 0ms, totalSlot: 1, currentSlotIndex: 0
[INFO] 2025-10-13 10:46:14.373 +0800 o.a.d.s.m.c.IdSlotBasedCommandFetcher:[67] - Fetch commands: 0 success, cost: 1ms, totalSlot: 1, currentSlotIndex: 0
[INFO] 2025-10-13 10:46:15.378 +0800 o.a.d.s.m.c.IdSlotBasedCommandFetcher:[67] - Fetch commands: 0 success, cost: 0ms, totalSlot: 1, currentSlotIndex: 0
[INFO] 2025-10-13 10:46:16.382 +0800 o.a.d.s.m.c.IdSlotBasedCommandFetcher:[67] - Fetch commands: 0 success, cost: 0ms, totalSlot: 1, currentSlotIndex: 0
[INFO] 2025-10-13 10:46:16.974 +0800 o.a.d.s.m.r.t.TaskGroupCoordinator:[187] - Success amend TaskGroupQueue status cost: 0/ms
[INFO] 2025-10-13 10:46:16.975 +0800 o.a.d.s.m.r.t.TaskGroupCoordinator:[241] - Success deal with force start TaskGroupQueue cost: 0/ms
[INFO] 2025-10-13 10:46:16.975 +0800 o.a.d.s.m.r.t.TaskGroupCoordinator:[129] - TaskGroupCoordinator round time cost: 0/ms
[INFO] 2025-10-13 10:46:17.383 +0800 o.a.d.s.m.c.IdSlotBasedCommandFetcher:[67] - Fetch commands: 0 success, cost: 0ms, totalSlot: 1, currentSlotIndex: 0
[INFO] 2025-10-13 10:46:18.384 +0800 o.a.d.s.m.c.IdSlotBasedCommandFetcher:[67] - Fetch commands: 0 success, cost: 0ms, totalSlot: 1, currentSlotIndex: 0
[INFO] 2025-10-13 10:46:19.384 +0800 o.a.d.s.m.c.IdSlotBasedCommandFetcher:[67] - Fetch commands: 0 success, cost: 0ms, totalSlot: 1, currentSlotIndex: 0
[INFO] 2025-10-13 10:46:20.385 +0800 o.a.d.s.m.c.IdSlotBasedCommandFetcher:[67] - Fetch commands: 0 success, cost: 0ms, totalSlot: 1, currentSlotIndex: 0
[INFO] 2025-10-13 10:46:21.536 +0800 o.a.d.s.m.c.IdSlotBasedCommandFetcher:[67] - Fetch commands: 0 success, cost: 0ms, totalSlot: 1, currentSlotIndex: 0
[INFO] 2025-10-13 10:46:21.988 +0800 o.a.d.s.m.r.t.TaskGroupCoordinator:[187] - Success amend TaskGroupQueue status cost: 5/ms
[INFO] 2025-10-13 10:46:21.988 +0800 o.a.d.s.m.r.t.TaskGroupCoordinator:[241] - Success deal with force start TaskGroupQueue cost: 0/ms
[INFO] 2025-10-13 10:46:21.988 +0800 o.a.d.s.m.r.t.TaskGroupCoordinator:[129] - TaskGroupCoordinator round time cost: 6/ms
[INFO] 2025-10-13 10:46:22.639 +0800 o.a.d.s.m.c.IdSlotBasedCommandFetcher:[67] - Fetch commands: 0 success, cost: 0ms, totalSlot: 1, currentSlotIndex: 0
[INFO] 2025-10-13 10:46:23.799 +0800 o.a.d.s.m.c.IdSlotBasedCommandFetcher:[67] - Fetch commands: 0 success, cost: 0ms, totalSlot: 1, currentSlotIndex: 0
[INFO] 2025-10-13 10:46:24.807 +0800 o.a.d.s.m.c.IdSlotBasedCommandFetcher:[67] - Fetch commands: 0 success, cost: 0ms, totalSlot: 1, currentSlotIndex: 0
[INFO] 2025-10-13 10:46:25.822 +0800 o.a.d.s.m.c.IdSlotBasedCommandFetcher:[67] - Fetch commands: 0 success, cost: 1ms, totalSlot: 1, currentSlotIndex: 0
[INFO] 2025-10-13 10:46:26.822 +0800 o.a.d.s.m.c.IdSlotBasedCommandFetcher:[67] - Fetch commands: 0 success, cost: 0ms, totalSlot: 1, currentSlotIndex: 0
[INFO] 2025-10-13 10:46:27.007 +0800 o.a.d.s.m.r.t.TaskGroupCoordinator:[187] - Success amend TaskGroupQueue status cost: 0/ms
[INFO] 2025-10-13 10:46:27.007 +0800 o.a.d.s.m.r.t.TaskGroupCoordinator:[241] - Success deal with force start TaskGroupQueue cost: 0/ms
[INFO] 2025-10-13 10:46:27.007 +0800 o.a.d.s.m.r.t.TaskGroupCoordinator:[129] - TaskGroupCoordinator round time cost: 0/ms
[INFO] 2025-10-13 10:46:27.832 +0800 o.a.d.s.m.c.IdSlotBasedCommandFetcher:[67] - Fetch commands: 0 success, cost: 0ms, totalSlot: 1, currentSlotIndex: 0
[INFO] 2025-10-13 10:46:28.847 +0800 o.a.d.s.m.c.IdSlotBasedCommandFetcher:[67] - Fetch commands: 0 success, cost: 0ms, totalSlot: 1, currentSlotIndex: 0
[INFO] 2025-10-13 10:46:29.857 +0800 o.a.d.s.m.c.IdSlotBasedCommandFetcher:[67] - Fetch commands: 0 success, cost: 0ms, totalSlot: 1, currentSlotIndex: 0
[INFO] 2025-10-13 10:46:30.871 +0800 o.a.d.s.m.c.IdSlotBasedCommandFetcher:[67] - Fetch commands: 0 success, cost: 0ms, totalSlot: 1, currentSlotIndex: 0
[INFO] 2025-10-13 10:46:31.873 +0800 o.a.d.s.m.c.IdSlotBasedCommandFetcher:[67] - Fetch commands: 0 success, cost: 0ms, totalSlot: 1, currentSlotIndex: 0
[INFO] 2025-10-13 10:46:32.011 +0800 o.a.d.s.m.r.t.TaskGroupCoordinator:[187] - Success amend TaskGroupQueue status cost: 0/ms
[INFO] 2025-10-13 10:46:32.011 +0800 o.a.d.s.m.r.t.TaskGroupCoordinator:[241] - Success deal with force start TaskGroupQueue cost: 0/ms
[INFO] 2025-10-13 10:46:32.011 +0800 o.a.d.s.m.r.t.TaskGroupCoordinator:[129] - TaskGroupCoordinator round time cost: 0/ms
[INFO] 2025-10-13 10:46:32.874 +0800 o.a.d.s.m.c.IdSlotBasedCommandFetcher:[67] - Fetch commands: 0 success, cost: 0ms, totalSlot: 1, currentSlotIndex: 0
[INFO] 2025-10-13 10:46:33.879 +0800 o.a.d.s.m.c.IdSlotBasedCommandFetcher:[67] - Fetch commands: 0 success, cost: 0ms, totalSlot: 1, currentSlotIndex: 0
[INFO] 2025-10-13 10:46:35.019 +0800 o.a.d.s.m.c.IdSlotBasedCommandFetcher:[67] - Fetch commands: 0 success, cost: 0ms, totalSlot: 1, currentSlotIndex: 0
[INFO] 2025-10-13 10:46:36.119 +0800 o.a.d.s.m.c.IdSlotBasedCommandFetcher:[67] - Fetch commands: 0 success, cost: 0ms, totalSlot: 1, currentSlotIndex: 0
[INFO] 2025-10-13 10:46:37.018 +0800 o.a.d.s.m.r.t.TaskGroupCoordinator:[187] - Success amend TaskGroupQueue status cost: 0/ms
[INFO] 2025-10-13 10:46:37.018 +0800 o.a.d.s.m.r.t.TaskGroupCoordinator:[241] - Success deal with force start TaskGroupQueue cost: 0/ms
[INFO] 2025-10-13 10:46:37.018 +0800 o.a.d.s.m.r.t.TaskGroupCoordinator:[129] - TaskGroupCoordinator round time cost: 0/ms
[INFO] 2025-10-13 10:46:37.218 +0800 o.a.d.s.m.c.IdSlotBasedCommandFetcher:[67] - Fetch commands: 0 success, cost: 0ms, totalSlot: 1, currentSlotIndex: 0
[INFO] 2025-10-13 10:46:38.303 +0800 o.a.d.s.m.c.IdSlotBasedCommandFetcher:[67] - Fetch commands: 0 success, cost: 1ms, totalSlot: 1, currentSlotIndex: 0
[INFO] 2025-10-13 10:46:39.391 +0800 o.a.d.s.m.c.IdSlotBasedCommandFetcher:[67] - Fetch commands: 0 success, cost: 1ms, totalSlot: 1, currentSlotIndex: 0
[INFO] 2025-10-13 10:46:40.474 +0800 o.a.d.s.m.c.IdSlotBasedCommandFetcher:[67] - Fetch commands: 0 success, cost: 1ms, totalSlot: 1, currentSlotIndex: 0
[INFO] 2025-10-13 10:46:41.630 +0800 o.a.d.s.m.c.IdSlotBasedCommandFetcher:[67] - Fetch commands: 0 success, cost: 1ms, totalSlot: 1, currentSlotIndex: 0
[INFO] 2025-10-13 10:46:42.019 +0800 o.a.d.s.m.r.t.TaskGroupCoordinator:[187] - Success amend TaskGroupQueue status cost: 0/ms
[INFO] 2025-10-13 10:46:42.023 +0800 o.a.d.s.m.r.t.TaskGroupCoordinator:[241] - Success deal with force start TaskGroupQueue cost: 0/ms
[INFO] 2025-10-13 10:46:42.023 +0800 o.a.d.s.m.r.t.TaskGroupCoordinator:[129] - TaskGroupCoordinator round time cost: 0/ms
[INFO] 2025-10-13 10:46:42.637 +0800 o.a.d.s.m.c.IdSlotBasedCommandFetcher:[67] - Fetch commands: 0 success, cost: 0ms, totalSlot: 1, currentSlotIndex: 0
[INFO] 2025-10-13 10:46:43.646 +0800 o.a.d.s.m.c.IdSlotBasedCommandFetcher:[67] - Fetch commands: 0 success, cost: 0ms, totalSlot: 1, currentSlotIndex: 0
[INFO] 2025-10-13 10:46:44.651 +0800 o.a.d.s.m.c.IdSlotBasedCommandFetcher:[67] - Fetch commands: 0 success, cost: 0ms, totalSlot: 1, currentSlotIndex: 0
[INFO] 2025-10-13 10:46:45.658 +0800 o.a.d.s.m.c.IdSlotBasedCommandFetcher:[67] - Fetch commands: 0 success, cost: 0ms, totalSlot: 1, currentSlotIndex: 0
[INFO] 2025-10-13 10:46:46.665 +0800 o.a.d.s.m.c.IdSlotBasedCommandFetcher:[67] - Fetch commands: 0 success, cost: 0ms, totalSlot: 1, currentSlotIndex: 0
[INFO] 2025-10-13 10:46:47.033 +0800 o.a.d.s.m.r.t.TaskGroupCoordinator:[187] - Success amend TaskGroupQueue status cost: 0/ms
[INFO] 2025-10-13 10:46:47.033 +0800 o.a.d.s.m.r.t.TaskGroupCoordinator:[241] - Success deal with force start TaskGroupQueue cost: 0/ms
[INFO] 2025-10-13 10:46:47.033 +0800 o.a.d.s.m.r.t.TaskGroupCoordinator:[129] - TaskGroupCoordinator round time cost: 0/ms
[INFO] 2025-10-13 10:46:47.666 +0800 o.a.d.s.m.c.IdSlotBasedCommandFetcher:[67] - Fetch commands: 0 success, cost: 0ms, totalSlot: 1, currentSlotIndex: 0
[INFO] 2025-10-13 10:46:48.666 +0800 o.a.d.s.m.c.IdSlotBasedCommandFetcher:[67] - Fetch commands: 0 success, cost: 0ms, totalSlot: 1, currentSlotIndex: 0
[INFO] 2025-10-13 10:46:49.666 +0800 o.a.d.s.m.c.IdSlotBasedCommandFetcher:[67] - Fetch commands: 0 success, cost: 0ms, totalSlot: 1, currentSlotIndex: 0
[INFO] 2025-10-13 10:46:50.667 +0800 o.a.d.s.m.c.IdSlotBasedCommandFetcher:[67] - Fetch commands: 0 success, cost: 0ms, totalSlot: 1, currentSlotIndex: 0
[INFO] 2025-10-13 10:46:51.667 +0800 o.a.d.s.m.c.IdSlotBasedCommandFetcher:[67] - Fetch commands: 0 success, cost: 0ms, totalSlot: 1, currentSlotIndex: 0
[INFO] 2025-10-13 10:46:52.037 +0800 o.a.d.s.m.r.t.TaskGroupCoordinator:[187] - Success amend TaskGroupQueue status cost: 0/ms
[INFO] 2025-10-13 10:46:52.038 +0800 o.a.d.s.m.r.t.TaskGroupCoordinator:[241] - Success deal with force start TaskGroupQueue cost: 0/ms
[INFO] 2025-10-13 10:46:52.038 +0800 o.a.d.s.m.r.t.TaskGroupCoordinator:[129] - TaskGroupCoordinator round time cost: 0/ms
[INFO] 2025-10-13 10:46:52.668 +0800 o.a.d.s.m.c.IdSlotBasedCommandFetcher:[67] - Fetch commands: 0 success, cost: 0ms, totalSlot: 1, currentSlotIndex: 0
[INFO] 2025-10-13 10:46:53.669 +0800 o.a.d.s.m.c.IdSlotBasedCommandFetcher:[67] - Fetch commands: 0 success, cost: 0ms, totalSlot: 1, currentSlotIndex: 0
[INFO] 2025-10-13 10:46:54.861 +0800 o.a.d.s.m.c.IdSlotBasedCommandFetcher:[67] - Fetch commands: 0 success, cost: 0ms, totalSlot: 1, currentSlotIndex: 0
[INFO] 2025-10-13 10:46:55.861 +0800 o.a.d.s.m.c.IdSlotBasedCommandFetcher:[67] - Fetch commands: 0 success, cost: 0ms, totalSlot: 1, currentSlotIndex: 0
[INFO] 2025-10-13 10:46:56.861 +0800 o.a.d.s.m.c.IdSlotBasedCommandFetcher:[67] - Fetch commands: 0 success, cost: 0ms, totalSlot: 1, currentSlotIndex: 0
[INFO] 2025-10-13 10:46:57.042 +0800 o.a.d.s.m.r.t.TaskGroupCoordinator:[187] - Success amend TaskGroupQueue status cost: 0/ms
[INFO] 2025-10-13 10:46:57.043 +0800 o.a.d.s.m.r.t.TaskGroupCoordinator:[241] - Success deal with force start TaskGroupQueue cost: 0/ms
[INFO] 2025-10-13 10:46:57.043 +0800 o.a.d.s.m.r.t.TaskGroupCoordinator:[129] - TaskGroupCoordinator round time cost: 0/ms
[INFO] 2025-10-13 10:46:57.862 +0800 o.a.d.s.m.c.IdSlotBasedCommandFetcher:[67] - Fetch commands: 0 success, cost: 0ms, totalSlot: 1, currentSlotIndex: 0
[INFO] 2025-10-13 10:46:58.862 +0800 o.a.d.s.m.c.IdSlotBasedCommandFetcher:[67] - Fetch commands: 0 success, cost: 0ms, totalSlot: 1, currentSlotIndex: 0
[INFO] 2025-10-13 10:46:59.862 +0800 o.a.d.s.m.c.IdSlotBasedCommandFetcher:[67] - Fetch commands: 0 success, cost: 0ms, totalSlot: 1, currentSlotIndex: 0
[INFO] 2025-10-13 10:47:00.863 +0800 o.a.d.s.m.c.IdSlotBasedCommandFetcher:[67] - Fetch commands: 0 success, cost: 0ms, totalSlot: 1, currentSlotIndex: 0
[INFO] 2025-10-13 10:47:01.863 +0800 o.a.d.s.m.c.IdSlotBasedCommandFetcher:[67] - Fetch commands: 0 success, cost: 0ms, totalSlot: 1, currentSlotIndex: 0
[INFO] 2025-10-13 10:47:02.046 +0800 o.a.d.s.m.r.t.TaskGroupCoordinator:[187] - Success amend TaskGroupQueue status cost: 0/ms
[INFO] 2025-10-13 10:47:02.047 +0800 o.a.d.s.m.r.t.TaskGroupCoordinator:[241] - Success deal with force start TaskGroupQueue cost: 0/ms
[INFO] 2025-10-13 10:47:02.047 +0800 o.a.d.s.m.r.t.TaskGroupCoordinator:[129] - TaskGroupCoordinator round time cost: 0/ms
[INFO] 2025-10-13 10:47:02.864 +0800 o.a.d.s.m.c.IdSlotBasedCommandFetcher:[67] - Fetch commands: 0 success, cost: 0ms, totalSlot: 1, currentSlotIndex: 0
[INFO] 2025-10-13 10:47:03.864 +0800 o.a.d.s.m.c.IdSlotBasedCommandFetcher:[67] - Fetch commands: 0 success, cost: 0ms, totalSlot: 1, currentSlotIndex: 0
[INFO] 2025-10-13 10:47:04.865 +0800 o.a.d.s.m.c.IdSlotBasedCommandFetcher:[67] - Fetch commands: 0 success, cost: 0ms, totalSlot: 1, currentSlotIndex: 0
[INFO] 2025-10-13 10:47:05.865 +0800 o.a.d.s.m.c.IdSlotBasedCommandFetcher:[67] - Fetch commands: 0 success, cost: 0ms, totalSlot: 1, currentSlotIndex: 0
[INFO] 2025-10-13 10:47:06.874 +0800 o.a.d.s.m.c.IdSlotBasedCommandFetcher:[67] - Fetch commands: 0 success, cost: 0ms, totalSlot: 1, currentSlotIndex: 0
[INFO] 2025-10-13 10:47:07.052 +0800 o.a.d.s.m.r.t.TaskGroupCoordinator:[187] - Success amend TaskGroupQueue status cost: 0/ms
[INFO] 2025-10-13 10:47:07.052 +0800 o.a.d.s.m.r.t.TaskGroupCoordinator:[241] - Success deal with force start TaskGroupQueue cost: 0/ms
[INFO] 2025-10-13 10:47:07.053 +0800 o.a.d.s.m.r.t.TaskGroupCoordinator:[129] - TaskGroupCoordinator round time cost: 0/ms
[INFO] 2025-10-13 10:47:07.877 +0800 o.a.d.s.m.c.IdSlotBasedCommandFetcher:[67] - Fetch commands: 0 success, cost: 0ms, totalSlot: 1, currentSlotIndex: 0
[INFO] 2025-10-13 10:47:09.104 +0800 o.a.d.s.m.c.IdSlotBasedCommandFetcher:[67] - Fetch commands: 0 success, cost: 0ms, totalSlot: 1, currentSlotIndex: 0
[INFO] 2025-10-13 10:47:10.192 +0800 o.a.d.s.m.c.IdSlotBasedCommandFetcher:[67] - Fetch commands: 0 success, cost: 0ms, totalSlot: 1, currentSlotIndex: 0
[INFO] 2025-10-13 10:47:11.325 +0800 o.a.d.s.m.c.IdSlotBasedCommandFetcher:[67] - Fetch commands: 0 success, cost: 0ms, totalSlot: 1, currentSlotIndex: 0
[INFO] 2025-10-13 10:47:12.064 +0800 o.a.d.s.m.r.t.TaskGroupCoordinator:[187] - Success amend TaskGroupQueue status cost: 0/ms
[INFO] 2025-10-13 10:47:12.064 +0800 o.a.d.s.m.r.t.TaskGroupCoordinator:[241] - Success deal with force start TaskGroupQueue cost: 0/ms
[INFO] 2025-10-13 10:47:12.064 +0800 o.a.d.s.m.r.t.TaskGroupCoordinator:[129] - TaskGroupCoordinator round time cost: 0/ms
[INFO] 2025-10-13 10:47:12.326 +0800 o.a.d.s.m.c.IdSlotBasedCommandFetcher:[67] - Fetch commands: 0 success, cost: 0ms, totalSlot: 1, currentSlotIndex: 0
[INFO] 2025-10-13 10:47:13.328 +0800 o.a.d.s.m.c.IdSlotBasedCommandFetcher:[67] - Fetch commands: 0 success, cost: 0ms, totalSlot: 1, currentSlotIndex: 0
[INFO] 2025-10-13 10:47:14.329 +0800 o.a.d.s.m.c.IdSlotBasedCommandFetcher:[67] - Fetch commands: 0 success, cost: 0ms, totalSlot: 1, currentSlotIndex: 0
[INFO] 2025-10-13 10:47:15.330 +0800 o.a.d.s.m.c.IdSlotBasedCommandFetcher:[67] - Fetch commands: 0 success, cost: 0ms, totalSlot: 1, currentSlotIndex: 0
[INFO] 2025-10-13 10:47:16.334 +0800 o.a.d.s.m.c.IdSlotBasedCommandFetcher:[67] - Fetch commands: 0 success, cost: 0ms, totalSlot: 1, currentSlotIndex: 0
[INFO] 2025-10-13 10:47:17.077 +0800 o.a.d.s.m.r.t.TaskGroupCoordinator:[187] - Success amend TaskGroupQueue status cost: 0/ms
[INFO] 2025-10-13 10:47:17.079 +0800 o.a.d.s.m.r.t.TaskGroupCoordinator:[241] - Success deal with force start TaskGroupQueue cost: 0/ms
[INFO] 2025-10-13 10:47:17.079 +0800 o.a.d.s.m.r.t.TaskGroupCoordinator:[129] - TaskGroupCoordinator round time cost: 0/ms
[INFO] 2025-10-13 10:47:17.345 +0800 o.a.d.s.m.c.IdSlotBasedCommandFetcher:[67] - Fetch commands: 0 success, cost: 0ms, totalSlot: 1, currentSlotIndex: 0
[INFO] 2025-10-13 10:47:18.349 +0800 o.a.d.s.m.c.IdSlotBasedCommandFetcher:[67] - Fetch commands: 0 success, cost: 0ms, totalSlot: 1, currentSlotIndex: 0
[INFO] 2025-10-13 10:47:19.354 +0800 o.a.d.s.m.c.IdSlotBasedCommandFetcher:[67] - Fetch commands: 0 success, cost: 0ms, totalSlot: 1, currentSlotIndex: 0
[INFO] 2025-10-13 10:47:20.369 +0800 o.a.d.s.m.c.IdSlotBasedCommandFetcher:[67] - Fetch commands: 0 success, cost: 0ms, totalSlot: 1, currentSlotIndex: 0
[INFO] 2025-10-13 10:47:21.379 +0800 o.a.d.s.m.c.IdSlotBasedCommandFetcher:[67] - Fetch commands: 0 success, cost: 0ms, totalSlot: 1, currentSlotIndex: 0
[INFO] 2025-10-13 10:47:22.097 +0800 o.a.d.s.m.r.t.TaskGroupCoordinator:[187] - Success amend TaskGroupQueue status cost: 0/ms
[INFO] 2025-10-13 10:47:22.097 +0800 o.a.d.s.m.r.t.TaskGroupCoordinator:[241] - Success deal with force start TaskGroupQueue cost: 0/ms
[INFO] 2025-10-13 10:47:22.097 +0800 o.a.d.s.m.r.t.TaskGroupCoordinator:[129] - TaskGroupCoordinator round time cost: 0/ms
[INFO] 2025-10-13 10:47:22.619 +0800 o.a.d.m.m.BaseServerLoadProtection:[43] - OverLoad: the system cpu usage: 1.0 is over then the maxSystemCpuUsagePercentageThresholds 0.9
[INFO] 2025-10-13 10:47:22.634 +0800 o.a.d.m.m.BaseServerLoadProtection:[43] - OverLoad: the system cpu usage: 1.0 is over then the maxSystemCpuUsagePercentageThresholds 0.9
[WARN] 2025-10-13 10:47:22.634 +0800 o.a.d.s.m.r.MasterSchedulerBootstrap:[120] - The current server is overload, cannot consumes commands.
[INFO] 2025-10-13 10:47:23.277 +0800 o.a.d.m.m.BaseServerLoadProtection:[43] - OverLoad: the system cpu usage: 1.0 is over then the maxSystemCpuUsagePercentageThresholds 0.9
[INFO] 2025-10-13 10:47:23.630 +0800 o.a.d.m.m.BaseServerLoadProtection:[43] - OverLoad: the system cpu usage: 1.0 is over then the maxSystemCpuUsagePercentageThresholds 0.9
[INFO] 2025-10-13 10:47:23.723 +0800 o.a.d.s.m.c.IdSlotBasedCommandFetcher:[67] - Fetch commands: 0 success, cost: 0ms, totalSlot: 1, currentSlotIndex: 0
[INFO] 2025-10-13 10:47:24.821 +0800 o.a.d.s.m.c.IdSlotBasedCommandFetcher:[67] - Fetch commands: 0 success, cost: 0ms, totalSlot: 1, currentSlotIndex: 0
[INFO] 2025-10-13 10:47:25.898 +0800 o.a.d.s.m.c.IdSlotBasedCommandFetcher:[67] - Fetch commands: 0 success, cost: 1ms, totalSlot: 1, currentSlotIndex: 0
[INFO] 2025-10-13 10:47:26.984 +0800 o.a.d.s.m.c.IdSlotBasedCommandFetcher:[67] - Fetch commands: 0 success, cost: 0ms, totalSlot: 1, currentSlotIndex: 0
[INFO] 2025-10-13 10:47:27.112 +0800 o.a.d.s.m.r.t.TaskGroupCoordinator:[187] - Success amend TaskGroupQueue status cost: 0/ms
[INFO] 2025-10-13 10:47:27.112 +0800 o.a.d.s.m.r.t.TaskGroupCoordinator:[241] - Success deal with force start TaskGroupQueue cost: 0/ms
[INFO] 2025-10-13 10:47:27.112 +0800 o.a.d.s.m.r.t.TaskGroupCoordinator:[129] - TaskGroupCoordinator round time cost: 0/ms
[INFO] 2025-10-13 10:47:28.066 +0800 o.a.d.s.m.c.IdSlotBasedCommandFetcher:[67] - Fetch commands: 0 success, cost: 0ms, totalSlot: 1, currentSlotIndex: 0
[INFO] 2025-10-13 10:47:29.150 +0800 o.a.d.s.m.c.IdSlotBasedCommandFetcher:[67] - Fetch commands: 0 success, cost: 0ms, totalSlot: 1, currentSlotIndex: 0
[INFO] 2025-10-13 10:47:30.251 +0800 o.a.d.s.m.c.IdSlotBasedCommandFetcher:[67] - Fetch commands: 0 success, cost: 0ms, totalSlot: 1, currentSlotIndex: 0
[INFO] 2025-10-13 10:47:31.412 +0800 o.a.d.s.m.c.IdSlotBasedCommandFetcher:[67] - Fetch commands: 0 success, cost: 0ms, totalSlot: 1, currentSlotIndex: 0
[INFO] 2025-10-13 10:47:32.131 +0800 o.a.d.s.m.r.t.TaskGroupCoordinator:[187] - Success amend TaskGroupQueue status cost: 0/ms
[INFO] 2025-10-13 10:47:32.131 +0800 o.a.d.s.m.r.t.TaskGroupCoordinator:[241] - Success deal with force start TaskGroupQueue cost: 0/ms
[INFO] 2025-10-13 10:47:32.131 +0800 o.a.d.s.m.r.t.TaskGroupCoordinator:[129] - TaskGroupCoordinator round time cost: 0/ms
[INFO] 2025-10-13 10:47:32.415 +0800 o.a.d.s.m.c.IdSlotBasedCommandFetcher:[67] - Fetch commands: 0 success, cost: 0ms, totalSlot: 1, currentSlotIndex: 0
[INFO] 2025-10-13 10:47:33.418 +0800 o.a.d.s.m.c.IdSlotBasedCommandFetcher:[67] - Fetch commands: 0 success, cost: 0ms, totalSlot: 1, currentSlotIndex: 0
[INFO] 2025-10-13 10:47:34.423 +0800 o.a.d.s.m.c.IdSlotBasedCommandFetcher:[67] - Fetch commands: 0 success, cost: 0ms, totalSlot: 1, currentSlotIndex: 0
[INFO] 2025-10-13 10:47:35.428 +0800 o.a.d.s.m.c.IdSlotBasedCommandFetcher:[67] - Fetch commands: 0 success, cost: 0ms, totalSlot: 1, currentSlotIndex: 0
[INFO] 2025-10-13 10:47:36.431 +0800 o.a.d.s.m.c.IdSlotBasedCommandFetcher:[67] - Fetch commands: 0 success, cost: 0ms, totalSlot: 1, currentSlotIndex: 0
[INFO] 2025-10-13 10:47:37.142 +0800 o.a.d.s.m.r.t.TaskGroupCoordinator:[187] - Success amend TaskGroupQueue status cost: 0/ms
[INFO] 2025-10-13 10:47:37.143 +0800 o.a.d.s.m.r.t.TaskGroupCoordinator:[241] - Success deal with force start TaskGroupQueue cost: 0/ms
[INFO] 2025-10-13 10:47:37.143 +0800 o.a.d.s.m.r.t.TaskGroupCoordinator:[129] - TaskGroupCoordinator round time cost: 0/ms
[INFO] 2025-10-13 10:47:37.442 +0800 o.a.d.s.m.c.IdSlotBasedCommandFetcher:[67] - Fetch commands: 0 success, cost: 0ms, totalSlot: 1, currentSlotIndex: 0
[INFO] 2025-10-13 10:47:38.449 +0800 o.a.d.s.m.c.IdSlotBasedCommandFetcher:[67] - Fetch commands: 0 success, cost: 0ms, totalSlot: 1, currentSlotIndex: 0
[INFO] 2025-10-13 10:47:39.456 +0800 o.a.d.s.m.c.IdSlotBasedCommandFetcher:[67] - Fetch commands: 0 success, cost: 0ms, totalSlot: 1, currentSlotIndex: 0
[INFO] 2025-10-13 10:47:40.470 +0800 o.a.d.s.m.c.IdSlotBasedCommandFetcher:[67] - Fetch commands: 0 success, cost: 0ms, totalSlot: 1, currentSlotIndex: 0
[INFO] 2025-10-13 10:47:41.481 +0800 o.a.d.s.m.c.IdSlotBasedCommandFetcher:[67] - Fetch commands: 0 success, cost: 0ms, totalSlot: 1, currentSlotIndex: 0
[INFO] 2025-10-13 10:47:42.150 +0800 o.a.d.s.m.r.t.TaskGroupCoordinator:[187] - Success amend TaskGroupQueue status cost: 0/ms
[INFO] 2025-10-13 10:47:42.150 +0800 o.a.d.s.m.r.t.TaskGroupCoordinator:[241] - Success deal with force start TaskGroupQueue cost: 0/ms
[INFO] 2025-10-13 10:47:42.150 +0800 o.a.d.s.m.r.t.TaskGroupCoordinator:[129] - TaskGroupCoordinator round time cost: 0/ms
[INFO] 2025-10-13 10:47:42.652 +0800 o.a.d.s.m.c.IdSlotBasedCommandFetcher:[67] - Fetch commands: 0 success, cost: 0ms, totalSlot: 1, currentSlotIndex: 0
[INFO] 2025-10-13 10:47:43.733 +0800 o.a.d.s.m.c.IdSlotBasedCommandFetcher:[67] - Fetch commands: 0 success, cost: 0ms, totalSlot: 1, currentSlotIndex: 0
[INFO] 2025-10-13 10:47:44.813 +0800 o.a.d.s.m.c.IdSlotBasedCommandFetcher:[67] - Fetch commands: 0 success, cost: 0ms, totalSlot: 1, currentSlotIndex: 0
[INFO] 2025-10-13 10:47:45.906 +0800 o.a.d.s.m.c.IdSlotBasedCommandFetcher:[67] - Fetch commands: 0 success, cost: 0ms, totalSlot: 1, currentSlotIndex: 0
[INFO] 2025-10-13 10:47:47.077 +0800 o.a.d.s.m.c.IdSlotBasedCommandFetcher:[67] - Fetch commands: 0 success, cost: 1ms, totalSlot: 1, currentSlotIndex: 0
[INFO] 2025-10-13 10:47:47.170 +0800 o.a.d.s.m.r.t.TaskGroupCoordinator:[187] - Success amend TaskGroupQueue status cost: 0/ms
[INFO] 2025-10-13 10:47:47.170 +0800 o.a.d.s.m.r.t.TaskGroupCoordinator:[241] - Success deal with force start TaskGroupQueue cost: 0/ms
[INFO] 2025-10-13 10:47:47.170 +0800 o.a.d.s.m.r.t.TaskGroupCoordinator:[129] - TaskGroupCoordinator round time cost: 0/ms
[INFO] 2025-10-13 10:47:48.092 +0800 o.a.d.s.m.c.IdSlotBasedCommandFetcher:[67] - Fetch commands: 0 success, cost: 0ms, totalSlot: 1, currentSlotIndex: 0
[INFO] 2025-10-13 10:47:49.095 +0800 o.a.d.s.m.c.IdSlotBasedCommandFetcher:[67] - Fetch commands: 0 success, cost: 0ms, totalSlot: 1, currentSlotIndex: 0
[INFO] 2025-10-13 10:47:50.108 +0800 o.a.d.s.m.c.IdSlotBasedCommandFetcher:[67] - Fetch commands: 0 success, cost: 0ms, totalSlot: 1, currentSlotIndex: 0
[INFO] 2025-10-13 10:47:51.114 +0800 o.a.d.s.m.c.IdSlotBasedCommandFetcher:[67] - Fetch commands: 0 success, cost: 0ms, totalSlot: 1, currentSlotIndex: 0
[INFO] 2025-10-13 10:47:52.118 +0800 o.a.d.s.m.c.IdSlotBasedCommandFetcher:[67] - Fetch commands: 0 success, cost: 0ms, totalSlot: 1, currentSlotIndex: 0
[INFO] 2025-10-13 10:47:52.183 +0800 o.a.d.s.m.r.t.TaskGroupCoordinator:[187] - Success amend TaskGroupQueue status cost: 0/ms
[INFO] 2025-10-13 10:47:52.185 +0800 o.a.d.s.m.r.t.TaskGroupCoordinator:[241] - Success deal with force start TaskGroupQueue cost: 0/ms
[INFO] 2025-10-13 10:47:52.185 +0800 o.a.d.s.m.r.t.TaskGroupCoordinator:[129] - TaskGroupCoordinator round time cost: 0/ms
[INFO] 2025-10-13 10:47:53.126 +0800 o.a.d.s.m.c.IdSlotBasedCommandFetcher:[67] - Fetch commands: 0 success, cost: 0ms, totalSlot: 1, currentSlotIndex: 0
[INFO] 2025-10-13 10:47:54.132 +0800 o.a.d.s.m.c.IdSlotBasedCommandFetcher:[67] - Fetch commands: 0 success, cost: 0ms, totalSlot: 1, currentSlotIndex: 0
[INFO] 2025-10-13 10:47:55.132 +0800 o.a.d.s.m.c.IdSlotBasedCommandFetcher:[67] - Fetch commands: 0 success, cost: 0ms, totalSlot: 1, currentSlotIndex: 0
[INFO] 2025-10-13 10:47:56.144 +0800 o.a.d.s.m.c.IdSlotBasedCommandFetcher:[67] - Fetch commands: 0 success, cost: 0ms, totalSlot: 1, currentSlotIndex: 0
[INFO] 2025-10-13 10:47:57.146 +0800 o.a.d.s.m.c.IdSlotBasedCommandFetcher:[67] - Fetch commands: 0 success, cost: 0ms, totalSlot: 1, currentSlotIndex: 0
[INFO] 2025-10-13 10:47:57.204 +0800 o.a.d.s.m.r.t.TaskGroupCoordinator:[187] - Success amend TaskGroupQueue status cost: 0/ms
[INFO] 2025-10-13 10:47:57.204 +0800 o.a.d.s.m.r.t.TaskGroupCoordinator:[241] - Success deal with force start TaskGroupQueue cost: 0/ms
[INFO] 2025-10-13 10:47:57.204 +0800 o.a.d.s.m.r.t.TaskGroupCoordinator:[129] - TaskGroupCoordinator round time cost: 0/ms
[INFO] 2025-10-13 10:47:58.229 +0800 o.a.d.s.m.c.IdSlotBasedCommandFetcher:[67] - Fetch commands: 0 success, cost: 0ms, totalSlot: 1, currentSlotIndex: 0
[INFO] 2025-10-13 10:47:59.308 +0800 o.a.d.s.m.c.IdSlotBasedCommandFetcher:[67] - Fetch commands: 0 success, cost: 1ms, totalSlot: 1, currentSlotIndex: 0
[INFO] 2025-10-13 10:48:00.396 +0800 o.a.d.s.m.c.IdSlotBasedCommandFetcher:[67] - Fetch commands: 0 success, cost: 0ms, totalSlot: 1, currentSlotIndex: 0
[INFO] 2025-10-13 10:48:01.483 +0800 o.a.d.s.m.c.IdSlotBasedCommandFetcher:[67] - Fetch commands: 0 success, cost: 0ms, totalSlot: 1, currentSlotIndex: 0
[INFO] 2025-10-13 10:48:02.213 +0800 o.a.d.s.m.r.t.TaskGroupCoordinator:[187] - Success amend TaskGroupQueue status cost: 0/ms
[INFO] 2025-10-13 10:48:02.214 +0800 o.a.d.s.m.r.t.TaskGroupCoordinator:[241] - Success deal with force start TaskGroupQueue cost: 0/ms
[INFO] 2025-10-13 10:48:02.214 +0800 o.a.d.s.m.r.t.TaskGroupCoordinator:[129] - TaskGroupCoordinator round time cost: 1/ms
[INFO] 2025-10-13 10:48:02.564 +0800 o.a.d.s.m.c.IdSlotBasedCommandFetcher:[67] - Fetch commands: 0 success, cost: 0ms, totalSlot: 1, currentSlotIndex: 0
[INFO] 2025-10-13 10:48:03.659 +0800 o.a.d.s.m.c.IdSlotBasedCommandFetcher:[67] - Fetch commands: 0 success, cost: 0ms, totalSlot: 1, currentSlotIndex: 0
[INFO] 2025-10-13 10:48:04.745 +0800 o.a.d.s.m.c.IdSlotBasedCommandFetcher:[67] - Fetch commands: 0 success, cost: 0ms, totalSlot: 1, currentSlotIndex: 0
[INFO] 2025-10-13 10:48:05.833 +0800 o.a.d.s.m.c.IdSlotBasedCommandFetcher:[67] - Fetch commands: 0 success, cost: 0ms, totalSlot: 1, currentSlotIndex: 0
[INFO] 2025-10-13 10:48:07.019 +0800 o.a.d.s.m.c.IdSlotBasedCommandFetcher:[67] - Fetch commands: 0 success, cost: 0ms, totalSlot: 1, currentSlotIndex: 0
[INFO] 2025-10-13 10:48:07.220 +0800 o.a.d.s.m.r.t.TaskGroupCoordinator:[187] - Success amend TaskGroupQueue status cost: 0/ms
[INFO] 2025-10-13 10:48:07.220 +0800 o.a.d.s.m.r.t.TaskGroupCoordinator:[241] - Success deal with force start TaskGroupQueue cost: 0/ms
[INFO] 2025-10-13 10:48:07.220 +0800 o.a.d.s.m.r.t.TaskGroupCoordinator:[129] - TaskGroupCoordinator round time cost: 0/ms
[INFO] 2025-10-13 10:48:08.023 +0800 o.a.d.s.m.c.IdSlotBasedCommandFetcher:[67] - Fetch commands: 0 success, cost: 0ms, totalSlot: 1, currentSlotIndex: 0
[INFO] 2025-10-13 10:48:09.026 +0800 o.a.d.s.m.c.IdSlotBasedCommandFetcher:[67] - Fetch commands: 0 success, cost: 1ms, totalSlot: 1, currentSlotIndex: 0
[INFO] 2025-10-13 10:48:10.035 +0800 o.a.d.s.m.c.IdSlotBasedCommandFetcher:[67] - Fetch commands: 0 success, cost: 0ms, totalSlot: 1, currentSlotIndex: 0
[INFO] 2025-10-13 10:48:11.044 +0800 o.a.d.s.m.c.IdSlotBasedCommandFetcher:[67] - Fetch commands: 0 success, cost: 0ms, totalSlot: 1, currentSlotIndex: 0
[INFO] 2025-10-13 10:48:12.055 +0800 o.a.d.s.m.c.IdSlotBasedCommandFetcher:[67] - Fetch commands: 0 success, cost: 0ms, totalSlot: 1, currentSlotIndex: 0
[INFO] 2025-10-13 10:48:12.232 +0800 o.a.d.s.m.r.t.TaskGroupCoordinator:[187] - Success amend TaskGroupQueue status cost: 0/ms
[INFO] 2025-10-13 10:48:12.232 +0800 o.a.d.s.m.r.t.TaskGroupCoordinator:[241] - Success deal with force start TaskGroupQueue cost: 0/ms
[INFO] 2025-10-13 10:48:12.232 +0800 o.a.d.s.m.r.t.TaskGroupCoordinator:[129] - TaskGroupCoordinator round time cost: 0/ms
[INFO] 2025-10-13 10:48:13.064 +0800 o.a.d.s.m.c.IdSlotBasedCommandFetcher:[67] - Fetch commands: 0 success, cost: 0ms, totalSlot: 1, currentSlotIndex: 0
[INFO] 2025-10-13 10:48:14.068 +0800 o.a.d.s.m.c.IdSlotBasedCommandFetcher:[67] - Fetch commands: 0 success, cost: 0ms, totalSlot: 1, currentSlotIndex: 0
[INFO] 2025-10-13 10:48:15.070 +0800 o.a.d.s.m.c.IdSlotBasedCommandFetcher:[67] - Fetch commands: 0 success, cost: 0ms, totalSlot: 1, currentSlotIndex: 0
[INFO] 2025-10-13 10:48:16.213 +0800 o.a.d.s.m.c.IdSlotBasedCommandFetcher:[67] - Fetch commands: 0 success, cost: 0ms, totalSlot: 1, currentSlotIndex: 0
[INFO] 2025-10-13 10:48:17.246 +0800 o.a.d.s.m.r.t.TaskGroupCoordinator:[187] - Success amend TaskGroupQueue status cost: 0/ms
[INFO] 2025-10-13 10:48:17.247 +0800 o.a.d.s.m.r.t.TaskGroupCoordinator:[241] - Success deal with force start TaskGroupQueue cost: 0/ms
[INFO] 2025-10-13 10:48:17.247 +0800 o.a.d.s.m.r.t.TaskGroupCoordinator:[129] - TaskGroupCoordinator round time cost: 0/ms
[INFO] 2025-10-13 10:48:17.330 +0800 o.a.d.s.m.c.IdSlotBasedCommandFetcher:[67] - Fetch commands: 0 success, cost: 0ms, totalSlot: 1, currentSlotIndex: 0
[INFO] 2025-10-13 10:48:18.418 +0800 o.a.d.s.m.c.IdSlotBasedCommandFetcher:[67] - Fetch commands: 0 success, cost: 0ms, totalSlot: 1, currentSlotIndex: 0
[INFO] 2025-10-13 10:48:19.500 +0800 o.a.d.s.m.c.IdSlotBasedCommandFetcher:[67] - Fetch commands: 0 success, cost: 0ms, totalSlot: 1, currentSlotIndex: 0
[INFO] 2025-10-13 10:48:20.721 +0800 o.a.d.s.m.c.IdSlotBasedCommandFetcher:[67] - Fetch commands: 0 success, cost: 0ms, totalSlot: 1, currentSlotIndex: 0
[INFO] 2025-10-13 10:48:21.724 +0800 o.a.d.s.m.c.IdSlotBasedCommandFetcher:[67] - Fetch commands: 0 success, cost: 0ms, totalSlot: 1, currentSlotIndex: 0
[INFO] 2025-10-13 10:48:22.259 +0800 o.a.d.s.m.r.t.TaskGroupCoordinator:[187] - Success amend TaskGroupQueue status cost: 0/ms
[INFO] 2025-10-13 10:48:22.259 +0800 o.a.d.s.m.r.t.TaskGroupCoordinator:[241] - Success deal with force start TaskGroupQueue cost: 0/ms
[INFO] 2025-10-13 10:48:22.259 +0800 o.a.d.s.m.r.t.TaskGroupCoordinator:[129] - TaskGroupCoordinator round time cost: 0/ms
[INFO] 2025-10-13 10:48:22.732 +0800 o.a.d.s.m.c.IdSlotBasedCommandFetcher:[67] - Fetch commands: 0 success, cost: 0ms, totalSlot: 1, currentSlotIndex: 0
[INFO] 2025-10-13 10:48:23.734 +0800 o.a.d.s.m.c.IdSlotBasedCommandFetcher:[67] - Fetch commands: 0 success, cost: 0ms, totalSlot: 1, currentSlotIndex: 0
[INFO] 2025-10-13 10:48:24.736 +0800 o.a.d.s.m.c.IdSlotBasedCommandFetcher:[67] - Fetch commands: 0 success, cost: 1ms, totalSlot: 1, currentSlotIndex: 0
[INFO] 2025-10-13 10:48:25.747 +0800 o.a.d.s.m.c.IdSlotBasedCommandFetcher:[67] - Fetch commands: 0 success, cost: 0ms, totalSlot: 1, currentSlotIndex: 0
[INFO] 2025-10-13 10:48:26.757 +0800 o.a.d.s.m.c.IdSlotBasedCommandFetcher:[67] - Fetch commands: 0 success, cost: 0ms, totalSlot: 1, currentSlotIndex: 0
[INFO] 2025-10-13 10:48:27.263 +0800 o.a.d.s.m.r.t.TaskGroupCoordinator:[187] - Success amend TaskGroupQueue status cost: 0/ms
[INFO] 2025-10-13 10:48:27.263 +0800 o.a.d.s.m.r.t.TaskGroupCoordinator:[241] - Success deal with force start TaskGroupQueue cost: 0/ms
[INFO] 2025-10-13 10:48:27.268 +0800 o.a.d.s.m.r.t.TaskGroupCoordinator:[129] - TaskGroupCoordinator round time cost: 0/ms
[INFO] 2025-10-13 10:48:27.759 +0800 o.a.d.s.m.c.IdSlotBasedCommandFetcher:[67] - Fetch commands: 0 success, cost: 0ms, totalSlot: 1, currentSlotIndex: 0
[INFO] 2025-10-13 10:48:28.761 +0800 o.a.d.s.m.c.IdSlotBasedCommandFetcher:[67] - Fetch commands: 0 success, cost: 0ms, totalSlot: 1, currentSlotIndex: 0
[INFO] 2025-10-13 10:48:29.770 +0800 o.a.d.s.m.c.IdSlotBasedCommandFetcher:[67] - Fetch commands: 0 success, cost: 0ms, totalSlot: 1, currentSlotIndex: 0
[INFO] 2025-10-13 10:48:30.773 +0800 o.a.d.s.m.c.IdSlotBasedCommandFetcher:[67] - Fetch commands: 0 success, cost: 0ms, totalSlot: 1, currentSlotIndex: 0
[INFO] 2025-10-13 10:48:31.780 +0800 o.a.d.s.m.c.IdSlotBasedCommandFetcher:[67] - Fetch commands: 0 success, cost: 0ms, totalSlot: 1, currentSlotIndex: 0
[INFO] 2025-10-13 10:48:32.279 +0800 o.a.d.s.m.r.t.TaskGroupCoordinator:[187] - Success amend TaskGroupQueue status cost: 0/ms
[INFO] 2025-10-13 10:48:32.280 +0800 o.a.d.s.m.r.t.TaskGroupCoordinator:[241] - Success deal with force start TaskGroupQueue cost: 0/ms
[INFO] 2025-10-13 10:48:32.280 +0800 o.a.d.s.m.r.t.TaskGroupCoordinator:[129] - TaskGroupCoordinator round time cost: 0/ms
[INFO] 2025-10-13 10:48:33.017 +0800 o.a.d.s.m.c.IdSlotBasedCommandFetcher:[67] - Fetch commands: 0 success, cost: 0ms, totalSlot: 1, currentSlotIndex: 0
[INFO] 2025-10-13 10:48:34.026 +0800 o.a.d.s.m.c.IdSlotBasedCommandFetcher:[67] - Fetch commands: 0 success, cost: 0ms, totalSlot: 1, currentSlotIndex: 0
[INFO] 2025-10-13 10:48:35.039 +0800 o.a.d.s.m.c.IdSlotBasedCommandFetcher:[67] - Fetch commands: 0 success, cost: 0ms, totalSlot: 1, currentSlotIndex: 0
[INFO] 2025-10-13 10:48:36.051 +0800 o.a.d.s.m.c.IdSlotBasedCommandFetcher:[67] - Fetch commands: 0 success, cost: 0ms, totalSlot: 1, currentSlotIndex: 0
[INFO] 2025-10-13 10:48:37.052 +0800 o.a.d.s.m.c.IdSlotBasedCommandFetcher:[67] - Fetch commands: 0 success, cost: 0ms, totalSlot: 1, currentSlotIndex: 0
[INFO] 2025-10-13 10:48:37.290 +0800 o.a.d.s.m.r.t.TaskGroupCoordinator:[187] - Success amend TaskGroupQueue status cost: 0/ms
[INFO] 2025-10-13 10:48:37.290 +0800 o.a.d.s.m.r.t.TaskGroupCoordinator:[241] - Success deal with force start TaskGroupQueue cost: 0/ms
[INFO] 2025-10-13 10:48:37.291 +0800 o.a.d.s.m.r.t.TaskGroupCoordinator:[129] - TaskGroupCoordinator round time cost: 0/ms
[INFO] 2025-10-13 10:48:38.058 +0800 o.a.d.s.m.c.IdSlotBasedCommandFetcher:[67] - Fetch commands: 0 success, cost: 0ms, totalSlot: 1, currentSlotIndex: 0
[INFO] 2025-10-13 10:48:39.071 +0800 o.a.d.s.m.c.IdSlotBasedCommandFetcher:[67] - Fetch commands: 0 success, cost: 0ms, totalSlot: 1, currentSlotIndex: 0
[INFO] 2025-10-13 10:48:40.083 +0800 o.a.d.s.m.c.IdSlotBasedCommandFetcher:[67] - Fetch commands: 0 success, cost: 0ms, totalSlot: 1, currentSlotIndex: 0
[INFO] 2025-10-13 10:48:41.089 +0800 o.a.d.s.m.c.IdSlotBasedCommandFetcher:[67] - Fetch commands: 0 success, cost: 0ms, totalSlot: 1, currentSlotIndex: 0
[INFO] 2025-10-13 10:48:42.094 +0800 o.a.d.s.m.c.IdSlotBasedCommandFetcher:[67] - Fetch commands: 0 success, cost: 0ms, totalSlot: 1, currentSlotIndex: 0
[INFO] 2025-10-13 10:48:42.298 +0800 o.a.d.s.m.r.t.TaskGroupCoordinator:[187] - Success amend TaskGroupQueue status cost: 0/ms
[INFO] 2025-10-13 10:48:42.298 +0800 o.a.d.s.m.r.t.TaskGroupCoordinator:[241] - Success deal with force start TaskGroupQueue cost: 0/ms
[INFO] 2025-10-13 10:48:42.298 +0800 o.a.d.s.m.r.t.TaskGroupCoordinator:[129] - TaskGroupCoordinator round time cost: 0/ms
[INFO] 2025-10-13 10:48:43.096 +0800 o.a.d.s.m.c.IdSlotBasedCommandFetcher:[67] - Fetch commands: 0 success, cost: 0ms, totalSlot: 1, currentSlotIndex: 0
[INFO] 2025-10-13 10:48:44.100 +0800 o.a.d.s.m.c.IdSlotBasedCommandFetcher:[67] - Fetch commands: 0 success, cost: 0ms, totalSlot: 1, currentSlotIndex: 0
[INFO] 2025-10-13 10:48:45.390 +0800 o.a.d.s.m.c.IdSlotBasedCommandFetcher:[67] - Fetch commands: 0 success, cost: 0ms, totalSlot: 1, currentSlotIndex: 0
[INFO] 2025-10-13 10:48:46.114 +0800 o.s.a.AbstractOpenApiResource:[355] - Init duration for springdoc-openapi is: 3447 ms
[INFO] 2025-10-13 10:48:46.394 +0800 o.a.d.s.m.c.IdSlotBasedCommandFetcher:[67] - Fetch commands: 0 success, cost: 0ms, totalSlot: 1, currentSlotIndex: 0
[INFO] 2025-10-13 10:48:47.311 +0800 o.a.d.s.m.r.t.TaskGroupCoordinator:[187] - Success amend TaskGroupQueue status cost: 0/ms
[INFO] 2025-10-13 10:48:47.311 +0800 o.a.d.s.m.r.t.TaskGroupCoordinator:[241] - Success deal with force start TaskGroupQueue cost: 0/ms
[INFO] 2025-10-13 10:48:47.311 +0800 o.a.d.s.m.r.t.TaskGroupCoordinator:[129] - TaskGroupCoordinator round time cost: 0/ms
[INFO] 2025-10-13 10:48:47.397 +0800 o.a.d.s.m.c.IdSlotBasedCommandFetcher:[67] - Fetch commands: 0 success, cost: 0ms, totalSlot: 1, currentSlotIndex: 0
[INFO] 2025-10-13 10:48:48.411 +0800 o.a.d.s.m.c.IdSlotBasedCommandFetcher:[67] - Fetch commands: 0 success, cost: 0ms, totalSlot: 1, currentSlotIndex: 0
[INFO] 2025-10-13 10:48:49.425 +0800 o.a.d.s.m.c.IdSlotBasedCommandFetcher:[67] - Fetch commands: 0 success, cost: 0ms, totalSlot: 1, currentSlotIndex: 0
[INFO] 2025-10-13 10:48:50.428 +0800 o.a.d.s.m.c.IdSlotBasedCommandFetcher:[67] - Fetch commands: 0 success, cost: 0ms, totalSlot: 1, currentSlotIndex: 0
[INFO] 2025-10-13 10:48:51.430 +0800 o.a.d.s.m.c.IdSlotBasedCommandFetcher:[67] - Fetch commands: 0 success, cost: 0ms, totalSlot: 1, currentSlotIndex: 0
[INFO] 2025-10-13 10:48:52.316 +0800 o.a.d.s.m.r.t.TaskGroupCoordinator:[187] - Success amend TaskGroupQueue status cost: 0/ms
[INFO] 2025-10-13 10:48:52.316 +0800 o.a.d.s.m.r.t.TaskGroupCoordinator:[241] - Success deal with force start TaskGroupQueue cost: 0/ms
[INFO] 2025-10-13 10:48:52.316 +0800 o.a.d.s.m.r.t.TaskGroupCoordinator:[129] - TaskGroupCoordinator round time cost: 0/ms
[INFO] 2025-10-13 10:48:52.432 +0800 o.a.d.s.m.c.IdSlotBasedCommandFetcher:[67] - Fetch commands: 0 success, cost: 0ms, totalSlot: 1, currentSlotIndex: 0
[INFO] 2025-10-13 10:48:53.434 +0800 o.a.d.s.m.c.IdSlotBasedCommandFetcher:[67] - Fetch commands: 0 success, cost: 1ms, totalSlot: 1, currentSlotIndex: 0
[INFO] 2025-10-13 10:48:54.435 +0800 o.a.d.s.m.c.IdSlotBasedCommandFetcher:[67] - Fetch commands: 0 success, cost: 0ms, totalSlot: 1, currentSlotIndex: 0
[INFO] 2025-10-13 10:48:55.444 +0800 o.a.d.s.m.c.IdSlotBasedCommandFetcher:[67] - Fetch commands: 0 success, cost: 0ms, totalSlot: 1, currentSlotIndex: 0
[INFO] 2025-10-13 10:48:56.449 +0800 o.a.d.s.m.c.IdSlotBasedCommandFetcher:[67] - Fetch commands: 0 success, cost: 0ms, totalSlot: 1, currentSlotIndex: 0
[INFO] 2025-10-13 10:48:57.330 +0800 o.a.d.s.m.r.t.TaskGroupCoordinator:[187] - Success amend TaskGroupQueue status cost: 0/ms
[INFO] 2025-10-13 10:48:57.330 +0800 o.a.d.s.m.r.t.TaskGroupCoordinator:[241] - Success deal with force start TaskGroupQueue cost: 0/ms
[INFO] 2025-10-13 10:48:57.330 +0800 o.a.d.s.m.r.t.TaskGroupCoordinator:[129] - TaskGroupCoordinator round time cost: 0/ms
[INFO] 2025-10-13 10:48:57.659 +0800 o.a.d.s.m.c.IdSlotBasedCommandFetcher:[67] - Fetch commands: 0 success, cost: 0ms, totalSlot: 1, currentSlotIndex: 0
[INFO] 2025-10-13 10:48:58.754 +0800 o.a.d.s.m.c.IdSlotBasedCommandFetcher:[67] - Fetch commands: 0 success, cost: 0ms, totalSlot: 1, currentSlotIndex: 0
[INFO] 2025-10-13 10:48:59.845 +0800 o.a.d.s.m.c.IdSlotBasedCommandFetcher:[67] - Fetch commands: 0 success, cost: 0ms, totalSlot: 1, currentSlotIndex: 0
[INFO] 2025-10-13 10:49:00.940 +0800 o.a.d.s.m.c.IdSlotBasedCommandFetcher:[67] - Fetch commands: 0 success, cost: 1ms, totalSlot: 1, currentSlotIndex: 0
[INFO] 2025-10-13 10:49:02.029 +0800 o.a.d.s.m.c.IdSlotBasedCommandFetcher:[67] - Fetch commands: 0 success, cost: 0ms, totalSlot: 1, currentSlotIndex: 0
[INFO] 2025-10-13 10:49:02.336 +0800 o.a.d.s.m.r.t.TaskGroupCoordinator:[187] - Success amend TaskGroupQueue status cost: 0/ms
[INFO] 2025-10-13 10:49:02.337 +0800 o.a.d.s.m.r.t.TaskGroupCoordinator:[241] - Success deal with force start TaskGroupQueue cost: 0/ms
[INFO] 2025-10-13 10:49:02.337 +0800 o.a.d.s.m.r.t.TaskGroupCoordinator:[129] - TaskGroupCoordinator round time cost: 0/ms
[INFO] 2025-10-13 10:49:03.113 +0800 o.a.d.s.m.c.IdSlotBasedCommandFetcher:[67] - Fetch commands: 0 success, cost: 0ms, totalSlot: 1, currentSlotIndex: 0
[INFO] 2025-10-13 10:49:04.204 +0800 o.a.d.s.m.c.IdSlotBasedCommandFetcher:[67] - Fetch commands: 0 success, cost: 1ms, totalSlot: 1, currentSlotIndex: 0
[INFO] 2025-10-13 10:49:05.293 +0800 o.a.d.s.m.c.IdSlotBasedCommandFetcher:[67] - Fetch commands: 0 success, cost: 0ms, totalSlot: 1, currentSlotIndex: 0
[INFO] 2025-10-13 10:49:06.378 +0800 o.a.d.s.m.c.IdSlotBasedCommandFetcher:[67] - Fetch commands: 0 success, cost: 2ms, totalSlot: 1, currentSlotIndex: 0
[INFO] 2025-10-13 10:49:07.358 +0800 o.a.d.s.m.r.t.TaskGroupCoordinator:[187] - Success amend TaskGroupQueue status cost: 0/ms
[INFO] 2025-10-13 10:49:07.358 +0800 o.a.d.s.m.r.t.TaskGroupCoordinator:[241] - Success deal with force start TaskGroupQueue cost: 0/ms
[INFO] 2025-10-13 10:49:07.358 +0800 o.a.d.s.m.r.t.TaskGroupCoordinator:[129] - TaskGroupCoordinator round time cost: 0/ms
[INFO] 2025-10-13 10:49:07.455 +0800 o.a.d.s.m.c.IdSlotBasedCommandFetcher:[67] - Fetch commands: 0 success, cost: 0ms, totalSlot: 1, currentSlotIndex: 0
[INFO] 2025-10-13 10:49:08.539 +0800 o.a.d.s.m.c.IdSlotBasedCommandFetcher:[67] - Fetch commands: 0 success, cost: 1ms, totalSlot: 1, currentSlotIndex: 0
[INFO] 2025-10-13 10:49:09.670 +0800 o.a.d.s.m.c.IdSlotBasedCommandFetcher:[67] - Fetch commands: 0 success, cost: 0ms, totalSlot: 1, currentSlotIndex: 0
[INFO] 2025-10-13 10:49:10.673 +0800 o.a.d.s.m.c.IdSlotBasedCommandFetcher:[67] - Fetch commands: 0 success, cost: 0ms, totalSlot: 1, currentSlotIndex: 0
[INFO] 2025-10-13 10:49:11.676 +0800 o.a.d.s.m.c.IdSlotBasedCommandFetcher:[67] - Fetch commands: 0 success, cost: 0ms, totalSlot: 1, currentSlotIndex: 0
[INFO] 2025-10-13 10:49:12.371 +0800 o.a.d.s.m.r.t.TaskGroupCoordinator:[187] - Success amend TaskGroupQueue status cost: 0/ms
[INFO] 2025-10-13 10:49:12.372 +0800 o.a.d.s.m.r.t.TaskGroupCoordinator:[241] - Success deal with force start TaskGroupQueue cost: 0/ms
[INFO] 2025-10-13 10:49:12.372 +0800 o.a.d.s.m.r.t.TaskGroupCoordinator:[129] - TaskGroupCoordinator round time cost: 0/ms
[INFO] 2025-10-13 10:49:12.686 +0800 o.a.d.s.m.c.IdSlotBasedCommandFetcher:[67] - Fetch commands: 0 success, cost: 0ms, totalSlot: 1, currentSlotIndex: 0
[INFO] 2025-10-13 10:49:13.697 +0800 o.a.d.s.m.c.IdSlotBasedCommandFetcher:[67] - Fetch commands: 0 success, cost: 0ms, totalSlot: 1, currentSlotIndex: 0
[INFO] 2025-10-13 10:49:14.699 +0800 o.a.d.s.m.c.IdSlotBasedCommandFetcher:[67] - Fetch commands: 0 success, cost: 0ms, totalSlot: 1, currentSlotIndex: 0
[INFO] 2025-10-13 10:49:15.707 +0800 o.a.d.s.m.c.IdSlotBasedCommandFetcher:[67] - Fetch commands: 0 success, cost: 0ms, totalSlot: 1, currentSlotIndex: 0
[INFO] 2025-10-13 10:49:16.711 +0800 o.a.d.s.m.c.IdSlotBasedCommandFetcher:[67] - Fetch commands: 0 success, cost: 0ms, totalSlot: 1, currentSlotIndex: 0
[INFO] 2025-10-13 10:49:17.379 +0800 o.a.d.s.m.r.t.TaskGroupCoordinator:[187] - Success amend TaskGroupQueue status cost: 0/ms
[INFO] 2025-10-13 10:49:17.379 +0800 o.a.d.s.m.r.t.TaskGroupCoordinator:[241] - Success deal with force start TaskGroupQueue cost: 0/ms
[INFO] 2025-10-13 10:49:17.379 +0800 o.a.d.s.m.r.t.TaskGroupCoordinator:[129] - TaskGroupCoordinator round time cost: 0/ms
[INFO] 2025-10-13 10:49:17.711 +0800 o.a.d.s.m.c.IdSlotBasedCommandFetcher:[67] - Fetch commands: 0 success, cost: 0ms, totalSlot: 1, currentSlotIndex: 0
[INFO] 2025-10-13 10:49:18.721 +0800 o.a.d.s.m.c.IdSlotBasedCommandFetcher:[67] - Fetch commands: 0 success, cost: 0ms, totalSlot: 1, currentSlotIndex: 0
[INFO] 2025-10-13 10:49:19.725 +0800 o.a.d.s.m.c.IdSlotBasedCommandFetcher:[67] - Fetch commands: 0 success, cost: 0ms, totalSlot: 1, currentSlotIndex: 0
[INFO] 2025-10-13 10:49:20.737 +0800 o.a.d.s.m.c.IdSlotBasedCommandFetcher:[67] - Fetch commands: 0 success, cost: 0ms, totalSlot: 1, currentSlotIndex: 0
[INFO] 2025-10-13 10:49:21.829 +0800 o.a.d.s.m.c.IdSlotBasedCommandFetcher:[67] - Fetch commands: 0 success, cost: 0ms, totalSlot: 1, currentSlotIndex: 0
[INFO] 2025-10-13 10:49:22.399 +0800 o.a.d.s.m.r.t.TaskGroupCoordinator:[187] - Success amend TaskGroupQueue status cost: 0/ms
[INFO] 2025-10-13 10:49:22.399 +0800 o.a.d.s.m.r.t.TaskGroupCoordinator:[241] - Success deal with force start TaskGroupQueue cost: 0/ms
[INFO] 2025-10-13 10:49:22.399 +0800 o.a.d.s.m.r.t.TaskGroupCoordinator:[129] - TaskGroupCoordinator round time cost: 0/ms
[INFO] 2025-10-13 10:49:22.919 +0800 o.a.d.s.m.c.IdSlotBasedCommandFetcher:[67] - Fetch commands: 0 success, cost: 0ms, totalSlot: 1, currentSlotIndex: 0
[INFO] 2025-10-13 10:49:24.017 +0800 o.a.d.s.m.c.IdSlotBasedCommandFetcher:[67] - Fetch commands: 0 success, cost: 0ms, totalSlot: 1, currentSlotIndex: 0
[INFO] 2025-10-13 10:49:25.106 +0800 o.a.d.s.m.c.IdSlotBasedCommandFetcher:[67] - Fetch commands: 0 success, cost: 0ms, totalSlot: 1, currentSlotIndex: 0
[INFO] 2025-10-13 10:49:26.200 +0800 o.a.d.s.m.c.IdSlotBasedCommandFetcher:[67] - Fetch commands: 0 success, cost: 0ms, totalSlot: 1, currentSlotIndex: 0
[INFO] 2025-10-13 10:49:27.321 +0800 o.a.d.s.m.c.IdSlotBasedCommandFetcher:[67] - Fetch commands: 0 success, cost: 0ms, totalSlot: 1, currentSlotIndex: 0
[INFO] 2025-10-13 10:49:27.406 +0800 o.a.d.s.m.r.t.TaskGroupCoordinator:[187] - Success amend TaskGroupQueue status cost: 0/ms
[INFO] 2025-10-13 10:49:27.406 +0800 o.a.d.s.m.r.t.TaskGroupCoordinator:[241] - Success deal with force start TaskGroupQueue cost: 0/ms
[INFO] 2025-10-13 10:49:27.406 +0800 o.a.d.s.m.r.t.TaskGroupCoordinator:[129] - TaskGroupCoordinator round time cost: 0/ms
[INFO] 2025-10-13 10:49:28.425 +0800 o.a.d.s.m.c.IdSlotBasedCommandFetcher:[67] - Fetch commands: 0 success, cost: 0ms, totalSlot: 1, currentSlotIndex: 0
[INFO] 2025-10-13 10:49:29.502 +0800 o.a.d.s.m.c.IdSlotBasedCommandFetcher:[67] - Fetch commands: 0 success, cost: 0ms, totalSlot: 1, currentSlotIndex: 0
[INFO] 2025-10-13 10:49:30.583 +0800 o.a.d.s.m.c.IdSlotBasedCommandFetcher:[67] - Fetch commands: 0 success, cost: 0ms, totalSlot: 1, currentSlotIndex: 0
[INFO] 2025-10-13 10:49:31.683 +0800 o.a.d.s.m.c.IdSlotBasedCommandFetcher:[67] - Fetch commands: 0 success, cost: 0ms, totalSlot: 1, currentSlotIndex: 0
[INFO] 2025-10-13 10:49:32.416 +0800 o.a.d.s.m.r.t.TaskGroupCoordinator:[187] - Success amend TaskGroupQueue status cost: 0/ms
[INFO] 2025-10-13 10:49:32.416 +0800 o.a.d.s.m.r.t.TaskGroupCoordinator:[241] - Success deal with force start TaskGroupQueue cost: 0/ms
[INFO] 2025-10-13 10:49:32.416 +0800 o.a.d.s.m.r.t.TaskGroupCoordinator:[129] - TaskGroupCoordinator round time cost: 0/ms
[INFO] 2025-10-13 10:49:32.777 +0800 o.a.d.s.m.c.IdSlotBasedCommandFetcher:[67] - Fetch commands: 0 success, cost: 1ms, totalSlot: 1, currentSlotIndex: 0
[INFO] 2025-10-13 10:49:33.791 +0800 o.a.d.s.m.c.IdSlotBasedCommandFetcher:[67] - Fetch commands: 0 success, cost: 0ms, totalSlot: 1, currentSlotIndex: 0
[INFO] 2025-10-13 10:49:34.795 +0800 o.a.d.s.m.c.IdSlotBasedCommandFetcher:[67] - Fetch commands: 0 success, cost: 0ms, totalSlot: 1, currentSlotIndex: 0
[INFO] 2025-10-13 10:49:35.798 +0800 o.a.d.s.m.c.IdSlotBasedCommandFetcher:[67] - Fetch commands: 0 success, cost: 0ms, totalSlot: 1, currentSlotIndex: 0
[INFO] 2025-10-13 10:49:36.799 +0800 o.a.d.s.m.c.IdSlotBasedCommandFetcher:[67] - Fetch commands: 0 success, cost: 0ms, totalSlot: 1, currentSlotIndex: 0
[INFO] 2025-10-13 10:49:37.431 +0800 o.a.d.s.m.r.t.TaskGroupCoordinator:[187] - Success amend TaskGroupQueue status cost: 0/ms
[INFO] 2025-10-13 10:49:37.432 +0800 o.a.d.s.m.r.t.TaskGroupCoordinator:[241] - Success deal with force start TaskGroupQueue cost: 0/ms
[INFO] 2025-10-13 10:49:37.432 +0800 o.a.d.s.m.r.t.TaskGroupCoordinator:[129] - TaskGroupCoordinator round time cost: 0/ms
[INFO] 2025-10-13 10:49:37.801 +0800 o.a.d.s.m.c.IdSlotBasedCommandFetcher:[67] - Fetch commands: 0 success, cost: 0ms, totalSlot: 1, currentSlotIndex: 0
[INFO] 2025-10-13 10:49:38.803 +0800 o.a.d.s.m.c.IdSlotBasedCommandFetcher:[67] - Fetch commands: 0 success, cost: 0ms, totalSlot: 1, currentSlotIndex: 0
[INFO] 2025-10-13 10:49:39.805 +0800 o.a.d.s.m.c.IdSlotBasedCommandFetcher:[67] - Fetch commands: 0 success, cost: 0ms, totalSlot: 1, currentSlotIndex: 0
[INFO] 2025-10-13 10:49:40.818 +0800 o.a.d.s.m.c.IdSlotBasedCommandFetcher:[67] - Fetch commands: 0 success, cost: 0ms, totalSlot: 1, currentSlotIndex: 0
[INFO] 2025-10-13 10:49:41.823 +0800 o.a.d.s.m.c.IdSlotBasedCommandFetcher:[67] - Fetch commands: 0 success, cost: 0ms, totalSlot: 1, currentSlotIndex: 0
[INFO] 2025-10-13 10:49:42.435 +0800 o.a.d.s.m.r.t.TaskGroupCoordinator:[187] - Success amend TaskGroupQueue status cost: 0/ms
[INFO] 2025-10-13 10:49:42.435 +0800 o.a.d.s.m.r.t.TaskGroupCoordinator:[241] - Success deal with force start TaskGroupQueue cost: 0/ms
[INFO] 2025-10-13 10:49:42.435 +0800 o.a.d.s.m.r.t.TaskGroupCoordinator:[129] - TaskGroupCoordinator round time cost: 0/ms
[INFO] 2025-10-13 10:49:42.827 +0800 o.a.d.s.m.c.IdSlotBasedCommandFetcher:[67] - Fetch commands: 0 success, cost: 0ms, totalSlot: 1, currentSlotIndex: 0
[INFO] 2025-10-13 10:49:43.842 +0800 o.a.d.s.m.c.IdSlotBasedCommandFetcher:[67] - Fetch commands: 0 success, cost: 0ms, totalSlot: 1, currentSlotIndex: 0
[INFO] 2025-10-13 10:49:44.852 +0800 o.a.d.s.m.c.IdSlotBasedCommandFetcher:[67] - Fetch commands: 0 success, cost: 0ms, totalSlot: 1, currentSlotIndex: 0
[INFO] 2025-10-13 10:49:46.150 +0800 o.a.d.m.m.BaseServerLoadProtection:[43] - OverLoad: the system cpu usage: 1.0 is over then the maxSystemCpuUsagePercentageThresholds 0.9
[WARN] 2025-10-13 10:49:46.150 +0800 o.a.d.s.m.r.MasterSchedulerBootstrap:[120] - The current server is overload, cannot consumes commands.
[INFO] 2025-10-13 10:49:46.201 +0800 o.a.d.m.m.BaseServerLoadProtection:[43] - OverLoad: the system cpu usage: 1.0 is over then the maxSystemCpuUsagePercentageThresholds 0.9
[INFO] 2025-10-13 10:49:46.219 +0800 o.a.d.m.m.BaseServerLoadProtection:[43] - OverLoad: the system cpu usage: 1.0 is over then the maxSystemCpuUsagePercentageThresholds 0.9
[INFO] 2025-10-13 10:49:47.152 +0800 o.a.d.m.m.BaseServerLoadProtection:[43] - OverLoad: the system cpu usage: 1.0 is over then the maxSystemCpuUsagePercentageThresholds 0.9
[WARN] 2025-10-13 10:49:47.152 +0800 o.a.d.s.m.r.MasterSchedulerBootstrap:[120] - The current server is overload, cannot consumes commands.
[INFO] 2025-10-13 10:49:47.210 +0800 o.a.d.m.m.BaseServerLoadProtection:[43] - OverLoad: the system cpu usage: 1.0 is over then the maxSystemCpuUsagePercentageThresholds 0.9
[INFO] 2025-10-13 10:49:47.444 +0800 o.a.d.s.m.r.t.TaskGroupCoordinator:[187] - Success amend TaskGroupQueue status cost: 0/ms
[INFO] 2025-10-13 10:49:47.445 +0800 o.a.d.s.m.r.t.TaskGroupCoordinator:[241] - Success deal with force start TaskGroupQueue cost: 0/ms
[INFO] 2025-10-13 10:49:47.445 +0800 o.a.d.s.m.r.t.TaskGroupCoordinator:[129] - TaskGroupCoordinator round time cost: 0/ms
[INFO] 2025-10-13 10:49:48.162 +0800 o.a.d.s.m.c.IdSlotBasedCommandFetcher:[67] - Fetch commands: 0 success, cost: 0ms, totalSlot: 1, currentSlotIndex: 0
[INFO] 2025-10-13 10:49:49.172 +0800 o.a.d.s.m.c.IdSlotBasedCommandFetcher:[67] - Fetch commands: 0 success, cost: 0ms, totalSlot: 1, currentSlotIndex: 0
[INFO] 2025-10-13 10:49:50.181 +0800 o.a.d.s.m.c.IdSlotBasedCommandFetcher:[67] - Fetch commands: 0 success, cost: 0ms, totalSlot: 1, currentSlotIndex: 0
[INFO] 2025-10-13 10:49:51.184 +0800 o.a.d.s.m.c.IdSlotBasedCommandFetcher:[67] - Fetch commands: 0 success, cost: 0ms, totalSlot: 1, currentSlotIndex: 0
[INFO] 2025-10-13 10:49:52.188 +0800 o.a.d.s.m.c.IdSlotBasedCommandFetcher:[67] - Fetch commands: 0 success, cost: 0ms, totalSlot: 1, currentSlotIndex: 0
[INFO] 2025-10-13 10:49:52.453 +0800 o.a.d.s.m.r.t.TaskGroupCoordinator:[187] - Success amend TaskGroupQueue status cost: 0/ms
[INFO] 2025-10-13 10:49:52.454 +0800 o.a.d.s.m.r.t.TaskGroupCoordinator:[241] - Success deal with force start TaskGroupQueue cost: 0/ms
[INFO] 2025-10-13 10:49:52.454 +0800 o.a.d.s.m.r.t.TaskGroupCoordinator:[129] - TaskGroupCoordinator round time cost: 0/ms
[INFO] 2025-10-13 10:49:53.188 +0800 o.a.d.s.m.c.IdSlotBasedCommandFetcher:[67] - Fetch commands: 0 success, cost: 0ms, totalSlot: 1, currentSlotIndex: 0
[INFO] 2025-10-13 10:49:54.188 +0800 o.a.d.s.m.c.IdSlotBasedCommandFetcher:[67] - Fetch commands: 0 success, cost: 0ms, totalSlot: 1, currentSlotIndex: 0
[INFO] 2025-10-13 10:49:55.192 +0800 o.a.d.s.m.c.IdSlotBasedCommandFetcher:[67] - Fetch commands: 0 success, cost: 1ms, totalSlot: 1, currentSlotIndex: 0
[INFO] 2025-10-13 10:49:56.194 +0800 o.a.d.s.m.c.IdSlotBasedCommandFetcher:[67] - Fetch commands: 0 success, cost: 0ms, totalSlot: 1, currentSlotIndex: 0
[INFO] 2025-10-13 10:49:57.203 +0800 o.a.d.s.m.c.IdSlotBasedCommandFetcher:[67] - Fetch commands: 0 success, cost: 0ms, totalSlot: 1, currentSlotIndex: 0
[INFO] 2025-10-13 10:49:57.465 +0800 o.a.d.s.m.r.t.TaskGroupCoordinator:[187] - Success amend TaskGroupQueue status cost: 0/ms
[INFO] 2025-10-13 10:49:57.466 +0800 o.a.d.s.m.r.t.TaskGroupCoordinator:[241] - Success deal with force start TaskGroupQueue cost: 0/ms
[INFO] 2025-10-13 10:49:57.466 +0800 o.a.d.s.m.r.t.TaskGroupCoordinator:[129] - TaskGroupCoordinator round time cost: 0/ms
[INFO] 2025-10-13 10:49:58.467 +0800 o.a.d.s.m.c.IdSlotBasedCommandFetcher:[67] - Fetch commands: 0 success, cost: 0ms, totalSlot: 1, currentSlotIndex: 0
[INFO] 2025-10-13 10:49:59.480 +0800 o.a.d.s.m.c.IdSlotBasedCommandFetcher:[67] - Fetch commands: 0 success, cost: 0ms, totalSlot: 1, currentSlotIndex: 0
[INFO] 2025-10-13 10:50:00.485 +0800 o.a.d.s.m.c.IdSlotBasedCommandFetcher:[67] - Fetch commands: 0 success, cost: 0ms, totalSlot: 1, currentSlotIndex: 0
[INFO] 2025-10-13 10:50:01.501 +0800 o.a.d.s.m.c.IdSlotBasedCommandFetcher:[67] - Fetch commands: 0 success, cost: 0ms, totalSlot: 1, currentSlotIndex: 0
[INFO] 2025-10-13 10:50:02.474 +0800 o.a.d.s.m.r.t.TaskGroupCoordinator:[187] - Success amend TaskGroupQueue status cost: 0/ms
[INFO] 2025-10-13 10:50:02.474 +0800 o.a.d.s.m.r.t.TaskGroupCoordinator:[241] - Success deal with force start TaskGroupQueue cost: 0/ms
[INFO] 2025-10-13 10:50:02.474 +0800 o.a.d.s.m.r.t.TaskGroupCoordinator:[129] - TaskGroupCoordinator round time cost: 1/ms
[INFO] 2025-10-13 10:50:02.509 +0800 o.a.d.s.m.c.IdSlotBasedCommandFetcher:[67] - Fetch commands: 0 success, cost: 0ms, totalSlot: 1, currentSlotIndex: 0
[INFO] 2025-10-13 10:50:03.514 +0800 o.a.d.s.m.c.IdSlotBasedCommandFetcher:[67] - Fetch commands: 0 success, cost: 0ms, totalSlot: 1, currentSlotIndex: 0
[INFO] 2025-10-13 10:50:04.516 +0800 o.a.d.s.m.c.IdSlotBasedCommandFetcher:[67] - Fetch commands: 0 success, cost: 0ms, totalSlot: 1, currentSlotIndex: 0
[INFO] 2025-10-13 10:50:05.520 +0800 o.a.d.s.m.c.IdSlotBasedCommandFetcher:[67] - Fetch commands: 0 success, cost: 0ms, totalSlot: 1, currentSlotIndex: 0
[INFO] 2025-10-13 10:50:06.520 +0800 o.a.d.s.m.c.IdSlotBasedCommandFetcher:[67] - Fetch commands: 0 success, cost: 0ms, totalSlot: 1, currentSlotIndex: 0
[INFO] 2025-10-13 10:50:07.491 +0800 o.a.d.s.m.r.t.TaskGroupCoordinator:[187] - Success amend TaskGroupQueue status cost: 0/ms
[INFO] 2025-10-13 10:50:07.491 +0800 o.a.d.s.m.r.t.TaskGroupCoordinator:[241] - Success deal with force start TaskGroupQueue cost: 0/ms
[INFO] 2025-10-13 10:50:07.491 +0800 o.a.d.s.m.r.t.TaskGroupCoordinator:[129] - TaskGroupCoordinator round time cost: 0/ms
[INFO] 2025-10-13 10:50:07.522 +0800 o.a.d.s.m.c.IdSlotBasedCommandFetcher:[67] - Fetch commands: 0 success, cost: 0ms, totalSlot: 1, currentSlotIndex: 0
[INFO] 2025-10-13 10:50:08.533 +0800 o.a.d.s.m.c.IdSlotBasedCommandFetcher:[67] - Fetch commands: 0 success, cost: 0ms, totalSlot: 1, currentSlotIndex: 0
[INFO] 2025-10-13 10:50:09.534 +0800 o.a.d.s.m.c.IdSlotBasedCommandFetcher:[67] - Fetch commands: 0 success, cost: 0ms, totalSlot: 1, currentSlotIndex: 0
[INFO] 2025-10-13 10:50:10.535 +0800 o.a.d.s.m.c.IdSlotBasedCommandFetcher:[67] - Fetch commands: 0 success, cost: 0ms, totalSlot: 1, currentSlotIndex: 0
[INFO] 2025-10-13 10:50:11.536 +0800 o.a.d.s.m.c.IdSlotBasedCommandFetcher:[67] - Fetch commands: 0 success, cost: 0ms, totalSlot: 1, currentSlotIndex: 0
[INFO] 2025-10-13 10:50:12.502 +0800 o.a.d.s.m.r.t.TaskGroupCoordinator:[187] - Success amend TaskGroupQueue status cost: 0/ms
[INFO] 2025-10-13 10:50:12.502 +0800 o.a.d.s.m.r.t.TaskGroupCoordinator:[241] - Success deal with force start TaskGroupQueue cost: 0/ms
[INFO] 2025-10-13 10:50:12.502 +0800 o.a.d.s.m.r.t.TaskGroupCoordinator:[129] - TaskGroupCoordinator round time cost: 0/ms
[INFO] 2025-10-13 10:50:12.536 +0800 o.a.d.s.m.c.IdSlotBasedCommandFetcher:[67] - Fetch commands: 0 success, cost: 0ms, totalSlot: 1, currentSlotIndex: 0
[INFO] 2025-10-13 10:50:13.537 +0800 o.a.d.s.m.c.IdSlotBasedCommandFetcher:[67] - Fetch commands: 0 success, cost: 0ms, totalSlot: 1, currentSlotIndex: 0
[INFO] 2025-10-13 10:50:14.538 +0800 o.a.d.s.m.c.IdSlotBasedCommandFetcher:[67] - Fetch commands: 0 success, cost: 0ms, totalSlot: 1, currentSlotIndex: 0
[INFO] 2025-10-13 10:50:15.539 +0800 o.a.d.s.m.c.IdSlotBasedCommandFetcher:[67] - Fetch commands: 0 success, cost: 0ms, totalSlot: 1, currentSlotIndex: 0
[INFO] 2025-10-13 10:50:16.539 +0800 o.a.d.s.m.c.IdSlotBasedCommandFetcher:[67] - Fetch commands: 0 success, cost: 0ms, totalSlot: 1, currentSlotIndex: 0
[INFO] 2025-10-13 10:50:17.509 +0800 o.a.d.s.m.r.t.TaskGroupCoordinator:[187] - Success amend TaskGroupQueue status cost: 0/ms
[INFO] 2025-10-13 10:50:17.509 +0800 o.a.d.s.m.r.t.TaskGroupCoordinator:[241] - Success deal with force start TaskGroupQueue cost: 0/ms
[INFO] 2025-10-13 10:50:17.509 +0800 o.a.d.s.m.r.t.TaskGroupCoordinator:[129] - TaskGroupCoordinator round time cost: 0/ms
[INFO] 2025-10-13 10:50:17.542 +0800 o.a.d.s.m.c.IdSlotBasedCommandFetcher:[67] - Fetch commands: 0 success, cost: 0ms, totalSlot: 1, currentSlotIndex: 0
[INFO] 2025-10-13 10:50:18.544 +0800 o.a.d.s.m.c.IdSlotBasedCommandFetcher:[67] - Fetch commands: 0 success, cost: 0ms, totalSlot: 1, currentSlotIndex: 0
[INFO] 2025-10-13 10:50:19.547 +0800 o.a.d.s.m.c.IdSlotBasedCommandFetcher:[67] - Fetch commands: 0 success, cost: 0ms, totalSlot: 1, currentSlotIndex: 0
[INFO] 2025-10-13 10:50:20.555 +0800 o.a.d.s.m.c.IdSlotBasedCommandFetcher:[67] - Fetch commands: 0 success, cost: 0ms, totalSlot: 1, currentSlotIndex: 0
[INFO] 2025-10-13 10:50:21.557 +0800 o.a.d.s.m.c.IdSlotBasedCommandFetcher:[67] - Fetch commands: 0 success, cost: 0ms, totalSlot: 1, currentSlotIndex: 0
[INFO] 2025-10-13 10:50:22.521 +0800 o.a.d.s.m.r.t.TaskGroupCoordinator:[187] - Success amend TaskGroupQueue status cost: 0/ms
[INFO] 2025-10-13 10:50:22.521 +0800 o.a.d.s.m.r.t.TaskGroupCoordinator:[241] - Success deal with force start TaskGroupQueue cost: 0/ms
[INFO] 2025-10-13 10:50:22.521 +0800 o.a.d.s.m.r.t.TaskGroupCoordinator:[129] - TaskGroupCoordinator round time cost: 0/ms
[INFO] 2025-10-13 10:50:22.560 +0800 o.a.d.s.m.c.IdSlotBasedCommandFetcher:[67] - Fetch commands: 0 success, cost: 0ms, totalSlot: 1, currentSlotIndex: 0
[INFO] 2025-10-13 10:50:23.771 +0800 o.a.d.s.m.c.IdSlotBasedCommandFetcher:[67] - Fetch commands: 0 success, cost: 0ms, totalSlot: 1, currentSlotIndex: 0
[INFO] 2025-10-13 10:50:24.860 +0800 o.a.d.s.m.c.IdSlotBasedCommandFetcher:[67] - Fetch commands: 0 success, cost: 0ms, totalSlot: 1, currentSlotIndex: 0
[INFO] 2025-10-13 10:50:25.949 +0800 o.a.d.s.m.c.IdSlotBasedCommandFetcher:[67] - Fetch commands: 0 success, cost: 1ms, totalSlot: 1, currentSlotIndex: 0
[INFO] 2025-10-13 10:50:27.038 +0800 o.a.d.s.m.c.IdSlotBasedCommandFetcher:[67] - Fetch commands: 0 success, cost: 0ms, totalSlot: 1, currentSlotIndex: 0
[INFO] 2025-10-13 10:50:27.530 +0800 o.a.d.s.m.r.t.TaskGroupCoordinator:[187] - Success amend TaskGroupQueue status cost: 0/ms
[INFO] 2025-10-13 10:50:27.531 +0800 o.a.d.s.m.r.t.TaskGroupCoordinator:[241] - Success deal with force start TaskGroupQueue cost: 0/ms
[INFO] 2025-10-13 10:50:27.531 +0800 o.a.d.s.m.r.t.TaskGroupCoordinator:[129] - TaskGroupCoordinator round time cost: 0/ms
[INFO] 2025-10-13 10:50:28.133 +0800 o.a.d.s.m.c.IdSlotBasedCommandFetcher:[67] - Fetch commands: 0 success, cost: 0ms, totalSlot: 1, currentSlotIndex: 0
[INFO] 2025-10-13 10:50:29.231 +0800 o.a.d.s.m.c.IdSlotBasedCommandFetcher:[67] - Fetch commands: 0 success, cost: 1ms, totalSlot: 1, currentSlotIndex: 0
[INFO] 2025-10-13 10:50:30.325 +0800 o.a.d.s.m.c.IdSlotBasedCommandFetcher:[67] - Fetch commands: 0 success, cost: 0ms, totalSlot: 1, currentSlotIndex: 0
[INFO] 2025-10-13 10:50:31.417 +0800 o.a.d.s.m.c.IdSlotBasedCommandFetcher:[67] - Fetch commands: 0 success, cost: 0ms, totalSlot: 1, currentSlotIndex: 0
[INFO] 2025-10-13 10:50:32.501 +0800 o.a.d.s.m.c.IdSlotBasedCommandFetcher:[67] - Fetch commands: 0 success, cost: 0ms, totalSlot: 1, currentSlotIndex: 0
[INFO] 2025-10-13 10:50:32.540 +0800 o.a.d.s.m.r.t.TaskGroupCoordinator:[187] - Success amend TaskGroupQueue status cost: 0/ms
[INFO] 2025-10-13 10:50:32.540 +0800 o.a.d.s.m.r.t.TaskGroupCoordinator:[241] - Success deal with force start TaskGroupQueue cost: 0/ms
[INFO] 2025-10-13 10:50:32.540 +0800 o.a.d.s.m.r.t.TaskGroupCoordinator:[129] - TaskGroupCoordinator round time cost: 0/ms
[INFO] 2025-10-13 10:50:33.590 +0800 o.a.d.s.m.c.IdSlotBasedCommandFetcher:[67] - Fetch commands: 0 success, cost: 0ms, totalSlot: 1, currentSlotIndex: 0
[INFO] 2025-10-13 10:50:34.677 +0800 o.a.d.s.m.c.IdSlotBasedCommandFetcher:[67] - Fetch commands: 0 success, cost: 0ms, totalSlot: 1, currentSlotIndex: 0
[INFO] 2025-10-13 10:50:35.815 +0800 o.a.d.s.m.c.IdSlotBasedCommandFetcher:[67] - Fetch commands: 0 success, cost: 0ms, totalSlot: 1, currentSlotIndex: 0
[INFO] 2025-10-13 10:50:36.820 +0800 o.a.d.s.m.c.IdSlotBasedCommandFetcher:[67] - Fetch commands: 0 success, cost: 0ms, totalSlot: 1, currentSlotIndex: 0
[INFO] 2025-10-13 10:50:37.551 +0800 o.a.d.s.m.r.t.TaskGroupCoordinator:[187] - Success amend TaskGroupQueue status cost: 0/ms
[INFO] 2025-10-13 10:50:37.551 +0800 o.a.d.s.m.r.t.TaskGroupCoordinator:[241] - Success deal with force start TaskGroupQueue cost: 0/ms
[INFO] 2025-10-13 10:50:37.552 +0800 o.a.d.s.m.r.t.TaskGroupCoordinator:[129] - TaskGroupCoordinator round time cost: 0/ms
[INFO] 2025-10-13 10:50:37.821 +0800 o.a.d.s.m.c.IdSlotBasedCommandFetcher:[67] - Fetch commands: 0 success, cost: 0ms, totalSlot: 1, currentSlotIndex: 0
[INFO] 2025-10-13 10:50:38.831 +0800 o.a.d.s.m.c.IdSlotBasedCommandFetcher:[67] - Fetch commands: 0 success, cost: 0ms, totalSlot: 1, currentSlotIndex: 0
[INFO] 2025-10-13 10:50:39.843 +0800 o.a.d.s.m.c.IdSlotBasedCommandFetcher:[67] - Fetch commands: 0 success, cost: 0ms, totalSlot: 1, currentSlotIndex: 0
[INFO] 2025-10-13 10:50:40.845 +0800 o.a.d.s.m.c.IdSlotBasedCommandFetcher:[67] - Fetch commands: 0 success, cost: 0ms, totalSlot: 1, currentSlotIndex: 0
[INFO] 2025-10-13 10:50:41.845 +0800 o.a.d.s.m.c.IdSlotBasedCommandFetcher:[67] - Fetch commands: 0 success, cost: 0ms, totalSlot: 1, currentSlotIndex: 0
[INFO] 2025-10-13 10:50:42.557 +0800 o.a.d.s.m.r.t.TaskGroupCoordinator:[187] - Success amend TaskGroupQueue status cost: 0/ms
[INFO] 2025-10-13 10:50:42.557 +0800 o.a.d.s.m.r.t.TaskGroupCoordinator:[241] - Success deal with force start TaskGroupQueue cost: 0/ms
[INFO] 2025-10-13 10:50:42.557 +0800 o.a.d.s.m.r.t.TaskGroupCoordinator:[129] - TaskGroupCoordinator round time cost: 0/ms
[INFO] 2025-10-13 10:50:42.853 +0800 o.a.d.s.m.c.IdSlotBasedCommandFetcher:[67] - Fetch commands: 0 success, cost: 0ms, totalSlot: 1, currentSlotIndex: 0
[INFO] 2025-10-13 10:50:43.859 +0800 o.a.d.s.m.c.IdSlotBasedCommandFetcher:[67] - Fetch commands: 0 success, cost: 1ms, totalSlot: 1, currentSlotIndex: 0
[INFO] 2025-10-13 10:50:44.867 +0800 o.a.d.s.m.c.IdSlotBasedCommandFetcher:[67] - Fetch commands: 0 success, cost: 0ms, totalSlot: 1, currentSlotIndex: 0
[INFO] 2025-10-13 10:50:45.871 +0800 o.a.d.s.m.c.IdSlotBasedCommandFetcher:[67] - Fetch commands: 0 success, cost: 0ms, totalSlot: 1, currentSlotIndex: 0
[INFO] 2025-10-13 10:50:46.872 +0800 o.a.d.s.m.c.IdSlotBasedCommandFetcher:[67] - Fetch commands: 0 success, cost: 0ms, totalSlot: 1, currentSlotIndex: 0
[INFO] 2025-10-13 10:50:47.583 +0800 o.a.d.s.m.r.t.TaskGroupCoordinator:[187] - Success amend TaskGroupQueue status cost: 0/ms
[INFO] 2025-10-13 10:50:47.583 +0800 o.a.d.s.m.r.t.TaskGroupCoordinator:[241] - Success deal with force start TaskGroupQueue cost: 0/ms
[INFO] 2025-10-13 10:50:47.583 +0800 o.a.d.s.m.r.t.TaskGroupCoordinator:[129] - TaskGroupCoordinator round time cost: 0/ms
[INFO] 2025-10-13 10:50:47.882 +0800 o.a.d.s.m.c.IdSlotBasedCommandFetcher:[67] - Fetch commands: 0 success, cost: 0ms, totalSlot: 1, currentSlotIndex: 0
[INFO] 2025-10-13 10:50:49.170 +0800 o.a.d.s.m.c.IdSlotBasedCommandFetcher:[67] - Fetch commands: 0 success, cost: 0ms, totalSlot: 1, currentSlotIndex: 0
[INFO] 2025-10-13 10:50:50.186 +0800 o.a.d.s.m.c.IdSlotBasedCommandFetcher:[67] - Fetch commands: 0 success, cost: 0ms, totalSlot: 1, currentSlotIndex: 0
[INFO] 2025-10-13 10:50:51.189 +0800 o.a.d.s.m.c.IdSlotBasedCommandFetcher:[67] - Fetch commands: 0 success, cost: 0ms, totalSlot: 1, currentSlotIndex: 0
[INFO] 2025-10-13 10:50:52.190 +0800 o.a.d.s.m.c.IdSlotBasedCommandFetcher:[67] - Fetch commands: 0 success, cost: 0ms, totalSlot: 1, currentSlotIndex: 0
[INFO] 2025-10-13 10:50:52.608 +0800 o.a.d.s.m.r.t.TaskGroupCoordinator:[187] - Success amend TaskGroupQueue status cost: 0/ms
[INFO] 2025-10-13 10:50:52.608 +0800 o.a.d.s.m.r.t.TaskGroupCoordinator:[241] - Success deal with force start TaskGroupQueue cost: 0/ms
[INFO] 2025-10-13 10:50:52.608 +0800 o.a.d.s.m.r.t.TaskGroupCoordinator:[129] - TaskGroupCoordinator round time cost: 0/ms
[INFO] 2025-10-13 10:50:53.193 +0800 o.a.d.s.m.c.IdSlotBasedCommandFetcher:[67] - Fetch commands: 0 success, cost: 0ms, totalSlot: 1, currentSlotIndex: 0
[INFO] 2025-10-13 10:50:54.197 +0800 o.a.d.s.m.c.IdSlotBasedCommandFetcher:[67] - Fetch commands: 0 success, cost: 0ms, totalSlot: 1, currentSlotIndex: 0
[INFO] 2025-10-13 10:50:55.212 +0800 o.a.d.s.m.c.IdSlotBasedCommandFetcher:[67] - Fetch commands: 0 success, cost: 0ms, totalSlot: 1, currentSlotIndex: 0
[INFO] 2025-10-13 10:50:56.223 +0800 o.a.d.s.m.c.IdSlotBasedCommandFetcher:[67] - Fetch commands: 0 success, cost: 0ms, totalSlot: 1, currentSlotIndex: 0
[INFO] 2025-10-13 10:50:57.225 +0800 o.a.d.s.m.c.IdSlotBasedCommandFetcher:[67] - Fetch commands: 0 success, cost: 0ms, totalSlot: 1, currentSlotIndex: 0
[INFO] 2025-10-13 10:50:57.618 +0800 o.a.d.s.m.r.t.TaskGroupCoordinator:[187] - Success amend TaskGroupQueue status cost: 0/ms
[INFO] 2025-10-13 10:50:57.618 +0800 o.a.d.s.m.r.t.TaskGroupCoordinator:[241] - Success deal with force start TaskGroupQueue cost: 0/ms
[INFO] 2025-10-13 10:50:57.619 +0800 o.a.d.s.m.r.t.TaskGroupCoordinator:[129] - TaskGroupCoordinator round time cost: 0/ms
[INFO] 2025-10-13 10:50:58.234 +0800 o.a.d.s.m.c.IdSlotBasedCommandFetcher:[67] - Fetch commands: 0 success, cost: 0ms, totalSlot: 1, currentSlotIndex: 0
[INFO] 2025-10-13 10:50:59.235 +0800 o.a.d.s.m.c.IdSlotBasedCommandFetcher:[67] - Fetch commands: 0 success, cost: 0ms, totalSlot: 1, currentSlotIndex: 0
[INFO] 2025-10-13 10:51:00.240 +0800 o.a.d.s.m.c.IdSlotBasedCommandFetcher:[67] - Fetch commands: 0 success, cost: 0ms, totalSlot: 1, currentSlotIndex: 0
[INFO] 2025-10-13 10:51:01.501 +0800 o.a.d.s.m.c.IdSlotBasedCommandFetcher:[67] - Fetch commands: 0 success, cost: 0ms, totalSlot: 1, currentSlotIndex: 0
[INFO] 2025-10-13 10:51:02.502 +0800 o.a.d.s.m.c.IdSlotBasedCommandFetcher:[67] - Fetch commands: 0 success, cost: 0ms, totalSlot: 1, currentSlotIndex: 0
[INFO] 2025-10-13 10:51:02.637 +0800 o.a.d.s.m.r.t.TaskGroupCoordinator:[187] - Success amend TaskGroupQueue status cost: 0/ms
[INFO] 2025-10-13 10:51:02.637 +0800 o.a.d.s.m.r.t.TaskGroupCoordinator:[241] - Success deal with force start TaskGroupQueue cost: 0/ms
[INFO] 2025-10-13 10:51:02.638 +0800 o.a.d.s.m.r.t.TaskGroupCoordinator:[129] - TaskGroupCoordinator round time cost: 1/ms
[INFO] 2025-10-13 10:51:03.507 +0800 o.a.d.s.m.c.IdSlotBasedCommandFetcher:[67] - Fetch commands: 0 success, cost: 0ms, totalSlot: 1, currentSlotIndex: 0
[INFO] 2025-10-13 10:51:04.515 +0800 o.a.d.s.m.c.IdSlotBasedCommandFetcher:[67] - Fetch commands: 0 success, cost: 0ms, totalSlot: 1, currentSlotIndex: 0
[INFO] 2025-10-13 10:51:05.516 +0800 o.a.d.s.m.c.IdSlotBasedCommandFetcher:[67] - Fetch commands: 0 success, cost: 0ms, totalSlot: 1, currentSlotIndex: 0
[INFO] 2025-10-13 10:51:06.518 +0800 o.a.d.s.m.c.IdSlotBasedCommandFetcher:[67] - Fetch commands: 0 success, cost: 0ms, totalSlot: 1, currentSlotIndex: 0
[INFO] 2025-10-13 10:51:07.520 +0800 o.a.d.s.m.c.IdSlotBasedCommandFetcher:[67] - Fetch commands: 0 success, cost: 0ms, totalSlot: 1, currentSlotIndex: 0
[INFO] 2025-10-13 10:51:07.652 +0800 o.a.d.s.m.r.t.TaskGroupCoordinator:[187] - Success amend TaskGroupQueue status cost: 0/ms
[INFO] 2025-10-13 10:51:07.653 +0800 o.a.d.s.m.r.t.TaskGroupCoordinator:[241] - Success deal with force start TaskGroupQueue cost: 0/ms
[INFO] 2025-10-13 10:51:07.653 +0800 o.a.d.s.m.r.t.TaskGroupCoordinator:[129] - TaskGroupCoordinator round time cost: 0/ms
[INFO] 2025-10-13 10:51:08.529 +0800 o.a.d.s.m.c.IdSlotBasedCommandFetcher:[67] - Fetch commands: 0 success, cost: 0ms, totalSlot: 1, currentSlotIndex: 0
[INFO] 2025-10-13 10:51:09.534 +0800 o.a.d.s.m.c.IdSlotBasedCommandFetcher:[67] - Fetch commands: 0 success, cost: 0ms, totalSlot: 1, currentSlotIndex: 0
[INFO] 2025-10-13 10:51:10.541 +0800 o.a.d.s.m.c.IdSlotBasedCommandFetcher:[67] - Fetch commands: 0 success, cost: 0ms, totalSlot: 1, currentSlotIndex: 0
[INFO] 2025-10-13 10:51:11.543 +0800 o.a.d.s.m.c.IdSlotBasedCommandFetcher:[67] - Fetch commands: 0 success, cost: 0ms, totalSlot: 1, currentSlotIndex: 0
[INFO] 2025-10-13 10:51:12.667 +0800 o.a.d.s.m.r.t.TaskGroupCoordinator:[187] - Success amend TaskGroupQueue status cost: 0/ms
[INFO] 2025-10-13 10:51:12.668 +0800 o.a.d.s.m.r.t.TaskGroupCoordinator:[241] - Success deal with force start TaskGroupQueue cost: 0/ms
[INFO] 2025-10-13 10:51:12.668 +0800 o.a.d.s.m.r.t.TaskGroupCoordinator:[129] - TaskGroupCoordinator round time cost: 0/ms
[INFO] 2025-10-13 10:51:12.752 +0800 o.a.d.s.m.c.IdSlotBasedCommandFetcher:[67] - Fetch commands: 0 success, cost: 0ms, totalSlot: 1, currentSlotIndex: 0
[INFO] 2025-10-13 10:51:13.854 +0800 o.a.d.s.m.c.IdSlotBasedCommandFetcher:[67] - Fetch commands: 0 success, cost: 0ms, totalSlot: 1, currentSlotIndex: 0
[INFO] 2025-10-13 10:51:14.946 +0800 o.a.d.s.m.c.IdSlotBasedCommandFetcher:[67] - Fetch commands: 0 success, cost: 0ms, totalSlot: 1, currentSlotIndex: 0
[INFO] 2025-10-13 10:51:16.033 +0800 o.a.d.s.m.c.IdSlotBasedCommandFetcher:[67] - Fetch commands: 0 success, cost: 0ms, totalSlot: 1, currentSlotIndex: 0
[INFO] 2025-10-13 10:51:17.121 +0800 o.a.d.s.m.c.IdSlotBasedCommandFetcher:[67] - Fetch commands: 0 success, cost: 0ms, totalSlot: 1, currentSlotIndex: 0
[INFO] 2025-10-13 10:51:17.679 +0800 o.a.d.s.m.r.t.TaskGroupCoordinator:[187] - Success amend TaskGroupQueue status cost: 0/ms
[INFO] 2025-10-13 10:51:17.679 +0800 o.a.d.s.m.r.t.TaskGroupCoordinator:[241] - Success deal with force start TaskGroupQueue cost: 0/ms
[INFO] 2025-10-13 10:51:17.679 +0800 o.a.d.s.m.r.t.TaskGroupCoordinator:[129] - TaskGroupCoordinator round time cost: 0/ms
[INFO] 2025-10-13 10:51:18.224 +0800 o.a.d.s.m.c.IdSlotBasedCommandFetcher:[67] - Fetch commands: 0 success, cost: 0ms, totalSlot: 1, currentSlotIndex: 0
[INFO] 2025-10-13 10:51:19.317 +0800 o.a.d.s.m.c.IdSlotBasedCommandFetcher:[67] - Fetch commands: 0 success, cost: 0ms, totalSlot: 1, currentSlotIndex: 0
[INFO] 2025-10-13 10:51:20.458 +0800 o.a.d.s.m.c.IdSlotBasedCommandFetcher:[67] - Fetch commands: 0 success, cost: 0ms, totalSlot: 1, currentSlotIndex: 0
[INFO] 2025-10-13 10:51:21.463 +0800 o.a.d.s.m.c.IdSlotBasedCommandFetcher:[67] - Fetch commands: 0 success, cost: 0ms, totalSlot: 1, currentSlotIndex: 0
[INFO] 2025-10-13 10:51:22.474 +0800 o.a.d.s.m.c.IdSlotBasedCommandFetcher:[67] - Fetch commands: 0 success, cost: 0ms, totalSlot: 1, currentSlotIndex: 0
[INFO] 2025-10-13 10:51:22.685 +0800 o.a.d.s.m.r.t.TaskGroupCoordinator:[187] - Success amend TaskGroupQueue status cost: 0/ms
[INFO] 2025-10-13 10:51:22.685 +0800 o.a.d.s.m.r.t.TaskGroupCoordinator:[241] - Success deal with force start TaskGroupQueue cost: 0/ms
[INFO] 2025-10-13 10:51:22.685 +0800 o.a.d.s.m.r.t.TaskGroupCoordinator:[129] - TaskGroupCoordinator round time cost: 0/ms
[INFO] 2025-10-13 10:51:23.485 +0800 o.a.d.s.m.c.IdSlotBasedCommandFetcher:[67] - Fetch commands: 0 success, cost: 0ms, totalSlot: 1, currentSlotIndex: 0
[INFO] 2025-10-13 10:51:24.500 +0800 o.a.d.s.m.c.IdSlotBasedCommandFetcher:[67] - Fetch commands: 0 success, cost: 0ms, totalSlot: 1, currentSlotIndex: 0
[INFO] 2025-10-13 10:51:25.502 +0800 o.a.d.s.m.c.IdSlotBasedCommandFetcher:[67] - Fetch commands: 0 success, cost: 0ms, totalSlot: 1, currentSlotIndex: 0
[INFO] 2025-10-13 10:51:26.513 +0800 o.a.d.s.m.c.IdSlotBasedCommandFetcher:[67] - Fetch commands: 0 success, cost: 0ms, totalSlot: 1, currentSlotIndex: 0
[INFO] 2025-10-13 10:51:27.516 +0800 o.a.d.s.m.c.IdSlotBasedCommandFetcher:[67] - Fetch commands: 0 success, cost: 0ms, totalSlot: 1, currentSlotIndex: 0
[INFO] 2025-10-13 10:51:27.705 +0800 o.a.d.s.m.r.t.TaskGroupCoordinator:[187] - Success amend TaskGroupQueue status cost: 0/ms
[INFO] 2025-10-13 10:51:27.706 +0800 o.a.d.s.m.r.t.TaskGroupCoordinator:[241] - Success deal with force start TaskGroupQueue cost: 0/ms
[INFO] 2025-10-13 10:51:27.706 +0800 o.a.d.s.m.r.t.TaskGroupCoordinator:[129] - TaskGroupCoordinator round time cost: 0/ms
[INFO] 2025-10-13 10:51:28.528 +0800 o.a.d.s.m.c.IdSlotBasedCommandFetcher:[67] - Fetch commands: 0 success, cost: 0ms, totalSlot: 1, currentSlotIndex: 0
[INFO] 2025-10-13 10:51:29.534 +0800 o.a.d.s.m.c.IdSlotBasedCommandFetcher:[67] - Fetch commands: 0 success, cost: 0ms, totalSlot: 1, currentSlotIndex: 0
[INFO] 2025-10-13 10:51:30.540 +0800 o.a.d.s.m.c.IdSlotBasedCommandFetcher:[67] - Fetch commands: 0 success, cost: 0ms, totalSlot: 1, currentSlotIndex: 0
[INFO] 2025-10-13 10:51:31.702 +0800 o.a.d.s.m.c.IdSlotBasedCommandFetcher:[67] - Fetch commands: 0 success, cost: 0ms, totalSlot: 1, currentSlotIndex: 0
[INFO] 2025-10-13 10:51:32.724 +0800 o.a.d.s.m.r.t.TaskGroupCoordinator:[187] - Success amend TaskGroupQueue status cost: 0/ms
[INFO] 2025-10-13 10:51:32.724 +0800 o.a.d.s.m.r.t.TaskGroupCoordinator:[241] - Success deal with force start TaskGroupQueue cost: 0/ms
[INFO] 2025-10-13 10:51:32.724 +0800 o.a.d.s.m.r.t.TaskGroupCoordinator:[129] - TaskGroupCoordinator round time cost: 0/ms
[INFO] 2025-10-13 10:51:32.787 +0800 o.a.d.s.m.c.IdSlotBasedCommandFetcher:[67] - Fetch commands: 0 success, cost: 0ms, totalSlot: 1, currentSlotIndex: 0
[INFO] 2025-10-13 10:51:33.879 +0800 o.a.d.s.m.c.IdSlotBasedCommandFetcher:[67] - Fetch commands: 0 success, cost: 0ms, totalSlot: 1, currentSlotIndex: 0
[INFO] 2025-10-13 10:51:34.981 +0800 o.a.d.s.m.c.IdSlotBasedCommandFetcher:[67] - Fetch commands: 0 success, cost: 2ms, totalSlot: 1, currentSlotIndex: 0
[INFO] 2025-10-13 10:51:36.201 +0800 o.a.d.s.m.c.IdSlotBasedCommandFetcher:[67] - Fetch commands: 0 success, cost: 0ms, totalSlot: 1, currentSlotIndex: 0
[INFO] 2025-10-13 10:51:37.204 +0800 o.a.d.s.m.c.IdSlotBasedCommandFetcher:[67] - Fetch commands: 0 success, cost: 0ms, totalSlot: 1, currentSlotIndex: 0
[INFO] 2025-10-13 10:51:37.736 +0800 o.a.d.s.m.r.t.TaskGroupCoordinator:[187] - Success amend TaskGroupQueue status cost: 0/ms
[INFO] 2025-10-13 10:51:37.736 +0800 o.a.d.s.m.r.t.TaskGroupCoordinator:[241] - Success deal with force start TaskGroupQueue cost: 0/ms
[INFO] 2025-10-13 10:51:37.736 +0800 o.a.d.s.m.r.t.TaskGroupCoordinator:[129] - TaskGroupCoordinator round time cost: 0/ms
[INFO] 2025-10-13 10:51:38.207 +0800 o.a.d.s.m.c.IdSlotBasedCommandFetcher:[67] - Fetch commands: 0 success, cost: 0ms, totalSlot: 1, currentSlotIndex: 0
[INFO] 2025-10-13 10:51:39.211 +0800 o.a.d.s.m.c.IdSlotBasedCommandFetcher:[67] - Fetch commands: 0 success, cost: 0ms, totalSlot: 1, currentSlotIndex: 0
[INFO] 2025-10-13 10:51:40.227 +0800 o.a.d.s.m.c.IdSlotBasedCommandFetcher:[67] - Fetch commands: 0 success, cost: 0ms, totalSlot: 1, currentSlotIndex: 0
[INFO] 2025-10-13 10:51:41.242 +0800 o.a.d.s.m.c.IdSlotBasedCommandFetcher:[67] - Fetch commands: 0 success, cost: 0ms, totalSlot: 1, currentSlotIndex: 0
[INFO] 2025-10-13 10:51:42.243 +0800 o.a.d.s.m.c.IdSlotBasedCommandFetcher:[67] - Fetch commands: 0 success, cost: 0ms, totalSlot: 1, currentSlotIndex: 0
[INFO] 2025-10-13 10:51:42.758 +0800 o.a.d.s.m.r.t.TaskGroupCoordinator:[187] - Success amend TaskGroupQueue status cost: 0/ms
[INFO] 2025-10-13 10:51:42.758 +0800 o.a.d.s.m.r.t.TaskGroupCoordinator:[241] - Success deal with force start TaskGroupQueue cost: 0/ms
[INFO] 2025-10-13 10:51:42.759 +0800 o.a.d.s.m.r.t.TaskGroupCoordinator:[129] - TaskGroupCoordinator round time cost: 0/ms
[INFO] 2025-10-13 10:51:43.258 +0800 o.a.d.s.m.c.IdSlotBasedCommandFetcher:[67] - Fetch commands: 0 success, cost: 0ms, totalSlot: 1, currentSlotIndex: 0
[INFO] 2025-10-13 10:51:44.272 +0800 o.a.d.s.m.c.IdSlotBasedCommandFetcher:[67] - Fetch commands: 0 success, cost: 0ms, totalSlot: 1, currentSlotIndex: 0
[INFO] 2025-10-13 10:51:45.277 +0800 o.a.d.s.m.c.IdSlotBasedCommandFetcher:[67] - Fetch commands: 0 success, cost: 0ms, totalSlot: 1, currentSlotIndex: 0
[INFO] 2025-10-13 10:51:46.280 +0800 o.a.d.s.m.c.IdSlotBasedCommandFetcher:[67] - Fetch commands: 0 success, cost: 0ms, totalSlot: 1, currentSlotIndex: 0
[INFO] 2025-10-13 10:51:47.375 +0800 o.a.d.s.m.c.IdSlotBasedCommandFetcher:[67] - Fetch commands: 0 success, cost: 0ms, totalSlot: 1, currentSlotIndex: 0
[INFO] 2025-10-13 10:51:47.766 +0800 o.a.d.s.m.r.t.TaskGroupCoordinator:[187] - Success amend TaskGroupQueue status cost: 0/ms
[INFO] 2025-10-13 10:51:47.766 +0800 o.a.d.s.m.r.t.TaskGroupCoordinator:[241] - Success deal with force start TaskGroupQueue cost: 0/ms
[INFO] 2025-10-13 10:51:47.767 +0800 o.a.d.s.m.r.t.TaskGroupCoordinator:[129] - TaskGroupCoordinator round time cost: 0/ms
[INFO] 2025-10-13 10:51:48.457 +0800 o.a.d.s.m.c.IdSlotBasedCommandFetcher:[67] - Fetch commands: 0 success, cost: 0ms, totalSlot: 1, currentSlotIndex: 0
[INFO] 2025-10-13 10:51:49.559 +0800 o.a.d.s.m.c.IdSlotBasedCommandFetcher:[67] - Fetch commands: 0 success, cost: 0ms, totalSlot: 1, currentSlotIndex: 0
[INFO] 2025-10-13 10:51:50.661 +0800 o.a.d.s.m.c.IdSlotBasedCommandFetcher:[67] - Fetch commands: 0 success, cost: 0ms, totalSlot: 1, currentSlotIndex: 0
[INFO] 2025-10-13 10:51:51.751 +0800 o.a.d.s.m.c.IdSlotBasedCommandFetcher:[67] - Fetch commands: 0 success, cost: 0ms, totalSlot: 1, currentSlotIndex: 0
[INFO] 2025-10-13 10:51:52.781 +0800 o.a.d.s.m.r.t.TaskGroupCoordinator:[187] - Success amend TaskGroupQueue status cost: 0/ms
[INFO] 2025-10-13 10:51:52.781 +0800 o.a.d.s.m.r.t.TaskGroupCoordinator:[241] - Success deal with force start TaskGroupQueue cost: 0/ms
[INFO] 2025-10-13 10:51:52.781 +0800 o.a.d.s.m.r.t.TaskGroupCoordinator:[129] - TaskGroupCoordinator round time cost: 0/ms
[INFO] 2025-10-13 10:51:52.850 +0800 o.a.d.s.m.c.IdSlotBasedCommandFetcher:[67] - Fetch commands: 0 success, cost: 0ms, totalSlot: 1, currentSlotIndex: 0
[INFO] 2025-10-13 10:51:53.949 +0800 o.a.d.s.m.c.IdSlotBasedCommandFetcher:[67] - Fetch commands: 0 success, cost: 0ms, totalSlot: 1, currentSlotIndex: 0
[INFO] 2025-10-13 10:51:55.102 +0800 o.a.d.s.m.c.IdSlotBasedCommandFetcher:[67] - Fetch commands: 0 success, cost: 0ms, totalSlot: 1, currentSlotIndex: 0
[INFO] 2025-10-13 10:51:56.115 +0800 o.a.d.s.m.c.IdSlotBasedCommandFetcher:[67] - Fetch commands: 0 success, cost: 0ms, totalSlot: 1, currentSlotIndex: 0
[INFO] 2025-10-13 10:51:57.127 +0800 o.a.d.s.m.c.IdSlotBasedCommandFetcher:[67] - Fetch commands: 0 success, cost: 0ms, totalSlot: 1, currentSlotIndex: 0
[INFO] 2025-10-13 10:51:57.797 +0800 o.a.d.s.m.r.t.TaskGroupCoordinator:[187] - Success amend TaskGroupQueue status cost: 0/ms
[INFO] 2025-10-13 10:51:57.797 +0800 o.a.d.s.m.r.t.TaskGroupCoordinator:[241] - Success deal with force start TaskGroupQueue cost: 0/ms
[INFO] 2025-10-13 10:51:57.798 +0800 o.a.d.s.m.r.t.TaskGroupCoordinator:[129] - TaskGroupCoordinator round time cost: 0/ms
[INFO] 2025-10-13 10:51:58.139 +0800 o.a.d.s.m.c.IdSlotBasedCommandFetcher:[67] - Fetch commands: 0 success, cost: 0ms, totalSlot: 1, currentSlotIndex: 0
[INFO] 2025-10-13 10:51:59.143 +0800 o.a.d.s.m.c.IdSlotBasedCommandFetcher:[67] - Fetch commands: 0 success, cost: 0ms, totalSlot: 1, currentSlotIndex: 0
[INFO] 2025-10-13 10:52:00.146 +0800 o.a.d.s.m.c.IdSlotBasedCommandFetcher:[67] - Fetch commands: 0 success, cost: 0ms, totalSlot: 1, currentSlotIndex: 0
[INFO] 2025-10-13 10:52:01.150 +0800 o.a.d.s.m.c.IdSlotBasedCommandFetcher:[67] - Fetch commands: 0 success, cost: 0ms, totalSlot: 1, currentSlotIndex: 0
[INFO] 2025-10-13 10:52:02.158 +0800 o.a.d.s.m.c.IdSlotBasedCommandFetcher:[67] - Fetch commands: 0 success, cost: 0ms, totalSlot: 1, currentSlotIndex: 0
[INFO] 2025-10-13 10:52:02.808 +0800 o.a.d.s.m.r.t.TaskGroupCoordinator:[187] - Success amend TaskGroupQueue status cost: 0/ms
[INFO] 2025-10-13 10:52:02.808 +0800 o.a.d.s.m.r.t.TaskGroupCoordinator:[241] - Success deal with force start TaskGroupQueue cost: 0/ms
[INFO] 2025-10-13 10:52:02.808 +0800 o.a.d.s.m.r.t.TaskGroupCoordinator:[129] - TaskGroupCoordinator round time cost: 0/ms
[INFO] 2025-10-13 10:52:03.158 +0800 o.a.d.s.m.c.IdSlotBasedCommandFetcher:[67] - Fetch commands: 0 success, cost: 0ms, totalSlot: 1, currentSlotIndex: 0
[INFO] 2025-10-13 10:52:04.169 +0800 o.a.d.s.m.c.IdSlotBasedCommandFetcher:[67] - Fetch commands: 0 success, cost: 0ms, totalSlot: 1, currentSlotIndex: 0
[INFO] 2025-10-13 10:52:05.320 +0800 o.a.d.s.m.c.IdSlotBasedCommandFetcher:[67] - Fetch commands: 0 success, cost: 0ms, totalSlot: 1, currentSlotIndex: 0
[INFO] 2025-10-13 10:52:06.416 +0800 o.a.d.s.m.c.IdSlotBasedCommandFetcher:[67] - Fetch commands: 0 success, cost: 0ms, totalSlot: 1, currentSlotIndex: 0
[INFO] 2025-10-13 10:52:07.499 +0800 o.a.d.s.m.c.IdSlotBasedCommandFetcher:[67] - Fetch commands: 0 success, cost: 0ms, totalSlot: 1, currentSlotIndex: 0
[INFO] 2025-10-13 10:52:07.824 +0800 o.a.d.s.m.r.t.TaskGroupCoordinator:[187] - Success amend TaskGroupQueue status cost: 0/ms
[INFO] 2025-10-13 10:52:07.824 +0800 o.a.d.s.m.r.t.TaskGroupCoordinator:[241] - Success deal with force start TaskGroupQueue cost: 0/ms
[INFO] 2025-10-13 10:52:07.824 +0800 o.a.d.s.m.r.t.TaskGroupCoordinator:[129] - TaskGroupCoordinator round time cost: 0/ms
[INFO] 2025-10-13 10:52:08.580 +0800 o.a.d.s.m.c.IdSlotBasedCommandFetcher:[67] - Fetch commands: 0 success, cost: 0ms, totalSlot: 1, currentSlotIndex: 0
[INFO] 2025-10-13 10:52:09.808 +0800 o.a.d.s.m.c.IdSlotBasedCommandFetcher:[67] - Fetch commands: 0 success, cost: 0ms, totalSlot: 1, currentSlotIndex: 0
[INFO] 2025-10-13 10:52:09.871 +0800 o.a.d.m.m.BaseServerLoadProtection:[43] - OverLoad: the system cpu usage: 1.0 is over then the maxSystemCpuUsagePercentageThresholds 0.9
[INFO] 2025-10-13 10:52:10.324 +0800 o.a.d.m.m.BaseServerLoadProtection:[43] - OverLoad: the system cpu usage: 1.0 is over then the maxSystemCpuUsagePercentageThresholds 0.9
[INFO] 2025-10-13 10:52:10.812 +0800 o.a.d.m.m.BaseServerLoadProtection:[43] - OverLoad: the system cpu usage: 1.0 is over then the maxSystemCpuUsagePercentageThresholds 0.9
[WARN] 2025-10-13 10:52:10.812 +0800 o.a.d.s.m.r.MasterSchedulerBootstrap:[120] - The current server is overload, cannot consumes commands.
[INFO] 2025-10-13 10:52:11.816 +0800 o.a.d.s.m.c.IdSlotBasedCommandFetcher:[67] - Fetch commands: 0 success, cost: 0ms, totalSlot: 1, currentSlotIndex: 0
[INFO] 2025-10-13 10:52:12.818 +0800 o.a.d.s.m.c.IdSlotBasedCommandFetcher:[67] - Fetch commands: 0 success, cost: 0ms, totalSlot: 1, currentSlotIndex: 0
[INFO] 2025-10-13 10:52:12.837 +0800 o.a.d.s.m.r.t.TaskGroupCoordinator:[187] - Success amend TaskGroupQueue status cost: 0/ms
[INFO] 2025-10-13 10:52:12.837 +0800 o.a.d.s.m.r.t.TaskGroupCoordinator:[241] - Success deal with force start TaskGroupQueue cost: 0/ms
[INFO] 2025-10-13 10:52:12.837 +0800 o.a.d.s.m.r.t.TaskGroupCoordinator:[129] - TaskGroupCoordinator round time cost: 0/ms
[INFO] 2025-10-13 10:52:13.825 +0800 o.a.d.s.m.c.IdSlotBasedCommandFetcher:[67] - Fetch commands: 0 success, cost: 0ms, totalSlot: 1, currentSlotIndex: 0
[INFO] 2025-10-13 10:52:14.827 +0800 o.a.d.s.m.c.IdSlotBasedCommandFetcher:[67] - Fetch commands: 0 success, cost: 0ms, totalSlot: 1, currentSlotIndex: 0
[INFO] 2025-10-13 10:52:15.842 +0800 o.a.d.s.m.c.IdSlotBasedCommandFetcher:[67] - Fetch commands: 0 success, cost: 0ms, totalSlot: 1, currentSlotIndex: 0
[INFO] 2025-10-13 10:52:16.857 +0800 o.a.d.s.m.c.IdSlotBasedCommandFetcher:[67] - Fetch commands: 0 success, cost: 0ms, totalSlot: 1, currentSlotIndex: 0
[INFO] 2025-10-13 10:52:17.799 +0800 o.a.d.m.m.BaseServerLoadProtection:[43] - OverLoad: the system cpu usage: 1.0 is over then the maxSystemCpuUsagePercentageThresholds 0.9
[INFO] 2025-10-13 10:52:17.846 +0800 o.a.d.s.m.r.t.TaskGroupCoordinator:[187] - Success amend TaskGroupQueue status cost: 0/ms
[INFO] 2025-10-13 10:52:17.846 +0800 o.a.d.s.m.r.t.TaskGroupCoordinator:[241] - Success deal with force start TaskGroupQueue cost: 0/ms
[INFO] 2025-10-13 10:52:17.846 +0800 o.a.d.s.m.r.t.TaskGroupCoordinator:[129] - TaskGroupCoordinator round time cost: 0/ms
[INFO] 2025-10-13 10:52:17.859 +0800 o.a.d.m.m.BaseServerLoadProtection:[43] - OverLoad: the system cpu usage: 1.0 is over then the maxSystemCpuUsagePercentageThresholds 0.9
[WARN] 2025-10-13 10:52:17.859 +0800 o.a.d.s.m.r.MasterSchedulerBootstrap:[120] - The current server is overload, cannot consumes commands.
[INFO] 2025-10-13 10:52:18.784 +0800 o.a.d.m.m.BaseServerLoadProtection:[43] - OverLoad: the system cpu usage: 1.0 is over then the maxSystemCpuUsagePercentageThresholds 0.9
[INFO] 2025-10-13 10:52:19.069 +0800 o.a.d.s.m.c.IdSlotBasedCommandFetcher:[67] - Fetch commands: 0 success, cost: 0ms, totalSlot: 1, currentSlotIndex: 0
[WARN] 2025-10-13 10:52:19.738 +0800 o.a.d.s.m.d.h.LowerWeightHostManager:[139] - Worker 10.1.35.13:1234 in workerGroup default is Busy, heartbeat is WorkerHeartBeat(workerHostWeight=100, threadPoolUsage=0)
[INFO] 2025-10-13 10:52:20.079 +0800 o.a.d.s.m.c.IdSlotBasedCommandFetcher:[67] - Fetch commands: 0 success, cost: 0ms, totalSlot: 1, currentSlotIndex: 0
[INFO] 2025-10-13 10:52:21.083 +0800 o.a.d.s.m.c.IdSlotBasedCommandFetcher:[67] - Fetch commands: 0 success, cost: 0ms, totalSlot: 1, currentSlotIndex: 0
[INFO] 2025-10-13 10:52:22.088 +0800 o.a.d.s.m.c.IdSlotBasedCommandFetcher:[67] - Fetch commands: 0 success, cost: 0ms, totalSlot: 1, currentSlotIndex: 0
[INFO] 2025-10-13 10:52:22.863 +0800 o.a.d.s.m.r.t.TaskGroupCoordinator:[187] - Success amend TaskGroupQueue status cost: 0/ms
[INFO] 2025-10-13 10:52:22.863 +0800 o.a.d.s.m.r.t.TaskGroupCoordinator:[241] - Success deal with force start TaskGroupQueue cost: 0/ms
[INFO] 2025-10-13 10:52:22.863 +0800 o.a.d.s.m.r.t.TaskGroupCoordinator:[129] - TaskGroupCoordinator round time cost: 0/ms
[INFO] 2025-10-13 10:52:23.093 +0800 o.a.d.s.m.c.IdSlotBasedCommandFetcher:[67] - Fetch commands: 0 success, cost: 0ms, totalSlot: 1, currentSlotIndex: 0
[INFO] 2025-10-13 10:52:24.096 +0800 o.a.d.s.m.c.IdSlotBasedCommandFetcher:[67] - Fetch commands: 0 success, cost: 0ms, totalSlot: 1, currentSlotIndex: 0
[INFO] 2025-10-13 10:52:25.101 +0800 o.a.d.s.m.c.IdSlotBasedCommandFetcher:[67] - Fetch commands: 0 success, cost: 0ms, totalSlot: 1, currentSlotIndex: 0
[INFO] 2025-10-13 10:52:26.105 +0800 o.a.d.s.m.c.IdSlotBasedCommandFetcher:[67] - Fetch commands: 0 success, cost: 0ms, totalSlot: 1, currentSlotIndex: 0
[INFO] 2025-10-13 10:52:27.119 +0800 o.a.d.s.m.c.IdSlotBasedCommandFetcher:[67] - Fetch commands: 0 success, cost: 0ms, totalSlot: 1, currentSlotIndex: 0
[INFO] 2025-10-13 10:52:27.876 +0800 o.a.d.s.m.r.t.TaskGroupCoordinator:[187] - Success amend TaskGroupQueue status cost: 0/ms
[INFO] 2025-10-13 10:52:27.876 +0800 o.a.d.s.m.r.t.TaskGroupCoordinator:[241] - Success deal with force start TaskGroupQueue cost: 0/ms
[INFO] 2025-10-13 10:52:27.876 +0800 o.a.d.s.m.r.t.TaskGroupCoordinator:[129] - TaskGroupCoordinator round time cost: 0/ms
[INFO] 2025-10-13 10:52:28.122 +0800 o.a.d.s.m.c.IdSlotBasedCommandFetcher:[67] - Fetch commands: 0 success, cost: 0ms, totalSlot: 1, currentSlotIndex: 0
[INFO] 2025-10-13 10:52:29.126 +0800 o.a.d.m.m.BaseServerLoadProtection:[43] - OverLoad: the system cpu usage: 1.0 is over then the maxSystemCpuUsagePercentageThresholds 0.9
[WARN] 2025-10-13 10:52:29.126 +0800 o.a.d.s.m.r.MasterSchedulerBootstrap:[120] - The current server is overload, cannot consumes commands.
[INFO] 2025-10-13 10:52:30.039 +0800 o.a.d.m.m.BaseServerLoadProtection:[43] - OverLoad: the system cpu usage: 1.0 is over then the maxSystemCpuUsagePercentageThresholds 0.9
[INFO] 2025-10-13 10:52:30.039 +0800 o.a.d.m.m.BaseServerLoadProtection:[43] - OverLoad: the system cpu usage: 1.0 is over then the maxSystemCpuUsagePercentageThresholds 0.9
[INFO] 2025-10-13 10:52:30.215 +0800 o.a.d.s.m.c.IdSlotBasedCommandFetcher:[67] - Fetch commands: 0 success, cost: 0ms, totalSlot: 1, currentSlotIndex: 0
[INFO] 2025-10-13 10:52:31.322 +0800 o.a.d.s.m.c.IdSlotBasedCommandFetcher:[67] - Fetch commands: 0 success, cost: 0ms, totalSlot: 1, currentSlotIndex: 0
[INFO] 2025-10-13 10:52:32.399 +0800 o.a.d.s.m.c.IdSlotBasedCommandFetcher:[67] - Fetch commands: 0 success, cost: 0ms, totalSlot: 1, currentSlotIndex: 0
[INFO] 2025-10-13 10:52:32.893 +0800 o.a.d.s.m.r.t.TaskGroupCoordinator:[187] - Success amend TaskGroupQueue status cost: 0/ms
[INFO] 2025-10-13 10:52:32.893 +0800 o.a.d.s.m.r.t.TaskGroupCoordinator:[241] - Success deal with force start TaskGroupQueue cost: 0/ms
[INFO] 2025-10-13 10:52:32.893 +0800 o.a.d.s.m.r.t.TaskGroupCoordinator:[129] - TaskGroupCoordinator round time cost: 0/ms
[INFO] 2025-10-13 10:52:33.462 +0800 o.a.d.s.m.c.IdSlotBasedCommandFetcher:[67] - Fetch commands: 0 success, cost: 0ms, totalSlot: 1, currentSlotIndex: 0
[INFO] 2025-10-13 10:52:34.548 +0800 o.a.d.s.m.c.IdSlotBasedCommandFetcher:[67] - Fetch commands: 0 success, cost: 0ms, totalSlot: 1, currentSlotIndex: 0
[INFO] 2025-10-13 10:52:35.623 +0800 o.a.d.s.m.c.IdSlotBasedCommandFetcher:[67] - Fetch commands: 0 success, cost: 0ms, totalSlot: 1, currentSlotIndex: 0
[INFO] 2025-10-13 10:52:36.716 +0800 o.a.d.s.m.c.IdSlotBasedCommandFetcher:[67] - Fetch commands: 0 success, cost: 0ms, totalSlot: 1, currentSlotIndex: 0
[INFO] 2025-10-13 10:52:37.844 +0800 o.a.d.s.m.c.IdSlotBasedCommandFetcher:[67] - Fetch commands: 0 success, cost: 0ms, totalSlot: 1, currentSlotIndex: 0
[INFO] 2025-10-13 10:52:37.899 +0800 o.a.d.s.m.r.t.TaskGroupCoordinator:[187] - Success amend TaskGroupQueue status cost: 0/ms
[INFO] 2025-10-13 10:52:37.899 +0800 o.a.d.s.m.r.t.TaskGroupCoordinator:[241] - Success deal with force start TaskGroupQueue cost: 0/ms
[INFO] 2025-10-13 10:52:37.899 +0800 o.a.d.s.m.r.t.TaskGroupCoordinator:[129] - TaskGroupCoordinator round time cost: 0/ms
[INFO] 2025-10-13 10:52:38.949 +0800 o.a.d.s.m.c.IdSlotBasedCommandFetcher:[67] - Fetch commands: 0 success, cost: 0ms, totalSlot: 1, currentSlotIndex: 0
[INFO] 2025-10-13 10:52:40.116 +0800 o.a.d.s.m.c.IdSlotBasedCommandFetcher:[67] - Fetch commands: 0 success, cost: 0ms, totalSlot: 1, currentSlotIndex: 0
[INFO] 2025-10-13 10:52:41.120 +0800 o.a.d.s.m.c.IdSlotBasedCommandFetcher:[67] - Fetch commands: 0 success, cost: 0ms, totalSlot: 1, currentSlotIndex: 0
[INFO] 2025-10-13 10:52:42.121 +0800 o.a.d.s.m.c.IdSlotBasedCommandFetcher:[67] - Fetch commands: 0 success, cost: 0ms, totalSlot: 1, currentSlotIndex: 0
[INFO] 2025-10-13 10:52:42.911 +0800 o.a.d.s.m.r.t.TaskGroupCoordinator:[187] - Success amend TaskGroupQueue status cost: 0/ms
[INFO] 2025-10-13 10:52:42.911 +0800 o.a.d.s.m.r.t.TaskGroupCoordinator:[241] - Success deal with force start TaskGroupQueue cost: 0/ms
[INFO] 2025-10-13 10:52:42.911 +0800 o.a.d.s.m.r.t.TaskGroupCoordinator:[129] - TaskGroupCoordinator round time cost: 0/ms
[INFO] 2025-10-13 10:52:43.127 +0800 o.a.d.s.m.c.IdSlotBasedCommandFetcher:[67] - Fetch commands: 0 success, cost: 0ms, totalSlot: 1, currentSlotIndex: 0
[INFO] 2025-10-13 10:52:44.132 +0800 o.a.d.s.m.c.IdSlotBasedCommandFetcher:[67] - Fetch commands: 0 success, cost: 1ms, totalSlot: 1, currentSlotIndex: 0
[INFO] 2025-10-13 10:52:45.134 +0800 o.a.d.s.m.c.IdSlotBasedCommandFetcher:[67] - Fetch commands: 0 success, cost: 0ms, totalSlot: 1, currentSlotIndex: 0
[INFO] 2025-10-13 10:52:46.143 +0800 o.a.d.s.m.c.IdSlotBasedCommandFetcher:[67] - Fetch commands: 0 success, cost: 0ms, totalSlot: 1, currentSlotIndex: 0
[INFO] 2025-10-13 10:52:47.146 +0800 o.a.d.s.m.c.IdSlotBasedCommandFetcher:[67] - Fetch commands: 0 success, cost: 0ms, totalSlot: 1, currentSlotIndex: 0
[INFO] 2025-10-13 10:52:47.933 +0800 o.a.d.s.m.r.t.TaskGroupCoordinator:[187] - Success amend TaskGroupQueue status cost: 0/ms
[INFO] 2025-10-13 10:52:47.933 +0800 o.a.d.s.m.r.t.TaskGroupCoordinator:[241] - Success deal with force start TaskGroupQueue cost: 0/ms
[INFO] 2025-10-13 10:52:47.933 +0800 o.a.d.s.m.r.t.TaskGroupCoordinator:[129] - TaskGroupCoordinator round time cost: 0/ms
[INFO] 2025-10-13 10:52:48.156 +0800 o.a.d.s.m.c.IdSlotBasedCommandFetcher:[67] - Fetch commands: 0 success, cost: 0ms, totalSlot: 1, currentSlotIndex: 0
[INFO] 2025-10-13 10:52:49.158 +0800 o.a.d.s.m.c.IdSlotBasedCommandFetcher:[67] - Fetch commands: 0 success, cost: 0ms, totalSlot: 1, currentSlotIndex: 0
[INFO] 2025-10-13 10:52:50.265 +0800 o.a.d.s.m.c.IdSlotBasedCommandFetcher:[67] - Fetch commands: 0 success, cost: 0ms, totalSlot: 1, currentSlotIndex: 0
[INFO] 2025-10-13 10:52:51.354 +0800 o.a.d.s.m.c.IdSlotBasedCommandFetcher:[67] - Fetch commands: 0 success, cost: 0ms, totalSlot: 1, currentSlotIndex: 0
[INFO] 2025-10-13 10:52:52.501 +0800 o.a.d.s.m.c.IdSlotBasedCommandFetcher:[67] - Fetch commands: 0 success, cost: 1ms, totalSlot: 1, currentSlotIndex: 0
[INFO] 2025-10-13 10:52:52.945 +0800 o.a.d.s.m.r.t.TaskGroupCoordinator:[187] - Success amend TaskGroupQueue status cost: 0/ms
[INFO] 2025-10-13 10:52:52.946 +0800 o.a.d.s.m.r.t.TaskGroupCoordinator:[241] - Success deal with force start TaskGroupQueue cost: 0/ms
[INFO] 2025-10-13 10:52:52.946 +0800 o.a.d.s.m.r.t.TaskGroupCoordinator:[129] - TaskGroupCoordinator round time cost: 0/ms
[INFO] 2025-10-13 10:52:53.505 +0800 o.a.d.s.m.c.IdSlotBasedCommandFetcher:[67] - Fetch commands: 0 success, cost: 0ms, totalSlot: 1, currentSlotIndex: 0
[INFO] 2025-10-13 10:52:54.510 +0800 o.a.d.s.m.c.IdSlotBasedCommandFetcher:[67] - Fetch commands: 0 success, cost: 1ms, totalSlot: 1, currentSlotIndex: 0
[INFO] 2025-10-13 10:52:55.520 +0800 o.a.d.s.m.c.IdSlotBasedCommandFetcher:[67] - Fetch commands: 0 success, cost: 0ms, totalSlot: 1, currentSlotIndex: 0
[INFO] 2025-10-13 10:52:56.527 +0800 o.a.d.s.m.c.IdSlotBasedCommandFetcher:[67] - Fetch commands: 0 success, cost: 0ms, totalSlot: 1, currentSlotIndex: 0
[INFO] 2025-10-13 10:52:57.532 +0800 o.a.d.s.m.c.IdSlotBasedCommandFetcher:[67] - Fetch commands: 0 success, cost: 0ms, totalSlot: 1, currentSlotIndex: 0
[INFO] 2025-10-13 10:52:57.952 +0800 o.a.d.s.m.r.t.TaskGroupCoordinator:[187] - Success amend TaskGroupQueue status cost: 0/ms
[INFO] 2025-10-13 10:52:57.952 +0800 o.a.d.s.m.r.t.TaskGroupCoordinator:[241] - Success deal with force start TaskGroupQueue cost: 0/ms
[INFO] 2025-10-13 10:52:57.952 +0800 o.a.d.s.m.r.t.TaskGroupCoordinator:[129] - TaskGroupCoordinator round time cost: 0/ms
[INFO] 2025-10-13 10:52:58.544 +0800 o.a.d.s.m.c.IdSlotBasedCommandFetcher:[67] - Fetch commands: 0 success, cost: 0ms, totalSlot: 1, currentSlotIndex: 0
[INFO] 2025-10-13 10:52:59.559 +0800 o.a.d.s.m.c.IdSlotBasedCommandFetcher:[67] - Fetch commands: 0 success, cost: 0ms, totalSlot: 1, currentSlotIndex: 0
[INFO] 2025-10-13 10:53:00.564 +0800 o.a.d.s.m.c.IdSlotBasedCommandFetcher:[67] - Fetch commands: 0 success, cost: 0ms, totalSlot: 1, currentSlotIndex: 0
[INFO] 2025-10-13 10:53:01.568 +0800 o.a.d.s.m.c.IdSlotBasedCommandFetcher:[67] - Fetch commands: 0 success, cost: 0ms, totalSlot: 1, currentSlotIndex: 0
[INFO] 2025-10-13 10:53:02.743 +0800 o.a.d.s.m.c.IdSlotBasedCommandFetcher:[67] - Fetch commands: 0 success, cost: 0ms, totalSlot: 1, currentSlotIndex: 0
[INFO] 2025-10-13 10:53:02.961 +0800 o.a.d.s.m.r.t.TaskGroupCoordinator:[187] - Success amend TaskGroupQueue status cost: 0/ms
[INFO] 2025-10-13 10:53:02.961 +0800 o.a.d.s.m.r.t.TaskGroupCoordinator:[241] - Success deal with force start TaskGroupQueue cost: 0/ms
[INFO] 2025-10-13 10:53:02.961 +0800 o.a.d.s.m.r.t.TaskGroupCoordinator:[129] - TaskGroupCoordinator round time cost: 0/ms
[INFO] 2025-10-13 10:53:03.844 +0800 o.a.d.s.m.c.IdSlotBasedCommandFetcher:[67] - Fetch commands: 0 success, cost: 0ms, totalSlot: 1, currentSlotIndex: 0
[INFO] 2025-10-13 10:53:04.934 +0800 o.a.d.s.m.c.IdSlotBasedCommandFetcher:[67] - Fetch commands: 0 success, cost: 0ms, totalSlot: 1, currentSlotIndex: 0
[INFO] 2025-10-13 10:53:06.028 +0800 o.a.d.s.m.c.IdSlotBasedCommandFetcher:[67] - Fetch commands: 0 success, cost: 0ms, totalSlot: 1, currentSlotIndex: 0
[INFO] 2025-10-13 10:53:07.129 +0800 o.a.d.s.m.c.IdSlotBasedCommandFetcher:[67] - Fetch commands: 0 success, cost: 0ms, totalSlot: 1, currentSlotIndex: 0
[INFO] 2025-10-13 10:53:07.971 +0800 o.a.d.s.m.r.t.TaskGroupCoordinator:[187] - Success amend TaskGroupQueue status cost: 0/ms
[INFO] 2025-10-13 10:53:07.971 +0800 o.a.d.s.m.r.t.TaskGroupCoordinator:[241] - Success deal with force start TaskGroupQueue cost: 0/ms
[INFO] 2025-10-13 10:53:07.971 +0800 o.a.d.s.m.r.t.TaskGroupCoordinator:[129] - TaskGroupCoordinator round time cost: 0/ms
[INFO] 2025-10-13 10:53:08.217 +0800 o.a.d.s.m.c.IdSlotBasedCommandFetcher:[67] - Fetch commands: 0 success, cost: 0ms, totalSlot: 1, currentSlotIndex: 0
[INFO] 2025-10-13 10:53:09.305 +0800 o.a.d.s.m.c.IdSlotBasedCommandFetcher:[67] - Fetch commands: 0 success, cost: 0ms, totalSlot: 1, currentSlotIndex: 0
[INFO] 2025-10-13 10:53:10.395 +0800 o.a.d.s.m.c.IdSlotBasedCommandFetcher:[67] - Fetch commands: 0 success, cost: 0ms, totalSlot: 1, currentSlotIndex: 0
[INFO] 2025-10-13 10:53:11.545 +0800 o.a.d.s.m.c.IdSlotBasedCommandFetcher:[67] - Fetch commands: 0 success, cost: 0ms, totalSlot: 1, currentSlotIndex: 0
[INFO] 2025-10-13 10:53:12.549 +0800 o.a.d.s.m.c.IdSlotBasedCommandFetcher:[67] - Fetch commands: 0 success, cost: 0ms, totalSlot: 1, currentSlotIndex: 0
[INFO] 2025-10-13 10:53:12.988 +0800 o.a.d.s.m.r.t.TaskGroupCoordinator:[187] - Success amend TaskGroupQueue status cost: 0/ms
[INFO] 2025-10-13 10:53:12.988 +0800 o.a.d.s.m.r.t.TaskGroupCoordinator:[241] - Success deal with force start TaskGroupQueue cost: 0/ms
[INFO] 2025-10-13 10:53:12.988 +0800 o.a.d.s.m.r.t.TaskGroupCoordinator:[129] - TaskGroupCoordinator round time cost: 0/ms
[INFO] 2025-10-13 10:53:13.561 +0800 o.a.d.s.m.c.IdSlotBasedCommandFetcher:[67] - Fetch commands: 0 success, cost: 0ms, totalSlot: 1, currentSlotIndex: 0
[INFO] 2025-10-13 10:53:14.085 +0800 o.a.d.m.m.BaseServerLoadProtection:[43] - OverLoad: the system cpu usage: 1.0 is over then the maxSystemCpuUsagePercentageThresholds 0.9
[INFO] 2025-10-13 10:53:14.564 +0800 o.a.d.m.m.BaseServerLoadProtection:[43] - OverLoad: the system cpu usage: 1.0 is over then the maxSystemCpuUsagePercentageThresholds 0.9
[WARN] 2025-10-13 10:53:14.564 +0800 o.a.d.s.m.r.MasterSchedulerBootstrap:[120] - The current server is overload, cannot consumes commands.
[INFO] 2025-10-13 10:53:15.072 +0800 o.a.d.m.m.BaseServerLoadProtection:[43] - OverLoad: the system cpu usage: 1.0 is over then the maxSystemCpuUsagePercentageThresholds 0.9
[INFO] 2025-10-13 10:53:15.299 +0800 o.a.d.m.m.BaseServerLoadProtection:[43] - OverLoad: the system cpu usage: 1.0 is over then the maxSystemCpuUsagePercentageThresholds 0.9
[INFO] 2025-10-13 10:53:15.565 +0800 o.a.d.m.m.BaseServerLoadProtection:[43] - OverLoad: the system cpu usage: 1.0 is over then the maxSystemCpuUsagePercentageThresholds 0.9
[WARN] 2025-10-13 10:53:15.565 +0800 o.a.d.s.m.r.MasterSchedulerBootstrap:[120] - The current server is overload, cannot consumes commands.
[INFO] 2025-10-13 10:53:16.084 +0800 o.a.d.m.m.BaseServerLoadProtection:[43] - OverLoad: the system cpu usage: 1.0 is over then the maxSystemCpuUsagePercentageThresholds 0.9
[INFO] 2025-10-13 10:53:16.577 +0800 o.a.d.s.m.c.IdSlotBasedCommandFetcher:[67] - Fetch commands: 0 success, cost: 0ms, totalSlot: 1, currentSlotIndex: 0
[INFO] 2025-10-13 10:53:17.586 +0800 o.a.d.s.m.c.IdSlotBasedCommandFetcher:[67] - Fetch commands: 0 success, cost: 0ms, totalSlot: 1, currentSlotIndex: 0
[INFO] 2025-10-13 10:53:17.997 +0800 o.a.d.s.m.r.t.TaskGroupCoordinator:[187] - Success amend TaskGroupQueue status cost: 0/ms
[INFO] 2025-10-13 10:53:17.997 +0800 o.a.d.s.m.r.t.TaskGroupCoordinator:[241] - Success deal with force start TaskGroupQueue cost: 0/ms
[INFO] 2025-10-13 10:53:17.997 +0800 o.a.d.s.m.r.t.TaskGroupCoordinator:[129] - TaskGroupCoordinator round time cost: 0/ms
[INFO] 2025-10-13 10:53:18.669 +0800 o.a.d.s.m.c.IdSlotBasedCommandFetcher:[67] - Fetch commands: 0 success, cost: 0ms, totalSlot: 1, currentSlotIndex: 0
[INFO] 2025-10-13 10:53:19.763 +0800 o.a.d.s.m.c.IdSlotBasedCommandFetcher:[67] - Fetch commands: 0 success, cost: 0ms, totalSlot: 1, currentSlotIndex: 0
[INFO] 2025-10-13 10:53:20.852 +0800 o.a.d.s.m.c.IdSlotBasedCommandFetcher:[67] - Fetch commands: 0 success, cost: 0ms, totalSlot: 1, currentSlotIndex: 0
[INFO] 2025-10-13 10:53:21.956 +0800 o.a.d.s.m.c.IdSlotBasedCommandFetcher:[67] - Fetch commands: 0 success, cost: 0ms, totalSlot: 1, currentSlotIndex: 0
[INFO] 2025-10-13 10:53:23.014 +0800 o.a.d.s.m.r.t.TaskGroupCoordinator:[187] - Success amend TaskGroupQueue status cost: 0/ms
[INFO] 2025-10-13 10:53:23.014 +0800 o.a.d.s.m.r.t.TaskGroupCoordinator:[241] - Success deal with force start TaskGroupQueue cost: 0/ms
[INFO] 2025-10-13 10:53:23.014 +0800 o.a.d.s.m.r.t.TaskGroupCoordinator:[129] - TaskGroupCoordinator round time cost: 0/ms
[INFO] 2025-10-13 10:53:23.048 +0800 o.a.d.s.m.c.IdSlotBasedCommandFetcher:[67] - Fetch commands: 0 success, cost: 0ms, totalSlot: 1, currentSlotIndex: 0
[INFO] 2025-10-13 10:53:24.140 +0800 o.a.d.s.m.c.IdSlotBasedCommandFetcher:[67] - Fetch commands: 0 success, cost: 0ms, totalSlot: 1, currentSlotIndex: 0
[INFO] 2025-10-13 10:53:25.141 +0800 o.a.d.s.m.c.IdSlotBasedCommandFetcher:[67] - Fetch commands: 0 success, cost: 0ms, totalSlot: 1, currentSlotIndex: 0
[INFO] 2025-10-13 10:53:26.143 +0800 o.a.d.s.m.c.IdSlotBasedCommandFetcher:[67] - Fetch commands: 0 success, cost: 0ms, totalSlot: 1, currentSlotIndex: 0
[INFO] 2025-10-13 10:53:27.153 +0800 o.a.d.s.m.c.IdSlotBasedCommandFetcher:[67] - Fetch commands: 0 success, cost: 0ms, totalSlot: 1, currentSlotIndex: 0
[INFO] 2025-10-13 10:53:28.024 +0800 o.a.d.s.m.r.t.TaskGroupCoordinator:[187] - Success amend TaskGroupQueue status cost: 0/ms
[INFO] 2025-10-13 10:53:28.024 +0800 o.a.d.s.m.r.t.TaskGroupCoordinator:[241] - Success deal with force start TaskGroupQueue cost: 0/ms
[INFO] 2025-10-13 10:53:28.024 +0800 o.a.d.s.m.r.t.TaskGroupCoordinator:[129] - TaskGroupCoordinator round time cost: 0/ms
[INFO] 2025-10-13 10:53:28.154 +0800 o.a.d.s.m.c.IdSlotBasedCommandFetcher:[67] - Fetch commands: 0 success, cost: 0ms, totalSlot: 1, currentSlotIndex: 0
[INFO] 2025-10-13 10:53:29.157 +0800 o.a.d.s.m.c.IdSlotBasedCommandFetcher:[67] - Fetch commands: 0 success, cost: 0ms, totalSlot: 1, currentSlotIndex: 0
[INFO] 2025-10-13 10:53:30.161 +0800 o.a.d.s.m.c.IdSlotBasedCommandFetcher:[67] - Fetch commands: 0 success, cost: 1ms, totalSlot: 1, currentSlotIndex: 0
[INFO] 2025-10-13 10:53:31.169 +0800 o.a.d.s.m.c.IdSlotBasedCommandFetcher:[67] - Fetch commands: 0 success, cost: 0ms, totalSlot: 1, currentSlotIndex: 0
[INFO] 2025-10-13 10:53:32.173 +0800 o.a.d.s.m.c.IdSlotBasedCommandFetcher:[67] - Fetch commands: 0 success, cost: 0ms, totalSlot: 1, currentSlotIndex: 0
[INFO] 2025-10-13 10:53:33.043 +0800 o.a.d.s.m.r.t.TaskGroupCoordinator:[187] - Success amend TaskGroupQueue status cost: 0/ms
[INFO] 2025-10-13 10:53:33.043 +0800 o.a.d.s.m.r.t.TaskGroupCoordinator:[241] - Success deal with force start TaskGroupQueue cost: 0/ms
[INFO] 2025-10-13 10:53:33.043 +0800 o.a.d.s.m.r.t.TaskGroupCoordinator:[129] - TaskGroupCoordinator round time cost: 0/ms
[INFO] 2025-10-13 10:53:33.318 +0800 o.a.d.s.m.c.IdSlotBasedCommandFetcher:[67] - Fetch commands: 0 success, cost: 0ms, totalSlot: 1, currentSlotIndex: 0
[INFO] 2025-10-13 10:53:34.413 +0800 o.a.d.s.m.c.IdSlotBasedCommandFetcher:[67] - Fetch commands: 0 success, cost: 0ms, totalSlot: 1, currentSlotIndex: 0
[INFO] 2025-10-13 10:53:35.510 +0800 o.a.d.s.m.c.IdSlotBasedCommandFetcher:[67] - Fetch commands: 0 success, cost: 0ms, totalSlot: 1, currentSlotIndex: 0
[INFO] 2025-10-13 10:53:36.679 +0800 o.a.d.s.m.c.IdSlotBasedCommandFetcher:[67] - Fetch commands: 0 success, cost: 0ms, totalSlot: 1, currentSlotIndex: 0
[INFO] 2025-10-13 10:53:37.682 +0800 o.a.d.s.m.c.IdSlotBasedCommandFetcher:[67] - Fetch commands: 0 success, cost: 0ms, totalSlot: 1, currentSlotIndex: 0
[INFO] 2025-10-13 10:53:38.061 +0800 o.a.d.s.m.r.t.TaskGroupCoordinator:[187] - Success amend TaskGroupQueue status cost: 0/ms
[INFO] 2025-10-13 10:53:38.061 +0800 o.a.d.s.m.r.t.TaskGroupCoordinator:[241] - Success deal with force start TaskGroupQueue cost: 0/ms
[INFO] 2025-10-13 10:53:38.061 +0800 o.a.d.s.m.r.t.TaskGroupCoordinator:[129] - TaskGroupCoordinator round time cost: 0/ms
[INFO] 2025-10-13 10:53:38.684 +0800 o.a.d.s.m.c.IdSlotBasedCommandFetcher:[67] - Fetch commands: 0 success, cost: 0ms, totalSlot: 1, currentSlotIndex: 0
[INFO] 2025-10-13 10:53:39.686 +0800 o.a.d.s.m.c.IdSlotBasedCommandFetcher:[67] - Fetch commands: 0 success, cost: 0ms, totalSlot: 1, currentSlotIndex: 0
[INFO] 2025-10-13 10:53:40.688 +0800 o.a.d.s.m.c.IdSlotBasedCommandFetcher:[67] - Fetch commands: 0 success, cost: 0ms, totalSlot: 1, currentSlotIndex: 0
[INFO] 2025-10-13 10:53:41.697 +0800 o.a.d.s.m.c.IdSlotBasedCommandFetcher:[67] - Fetch commands: 0 success, cost: 0ms, totalSlot: 1, currentSlotIndex: 0
[INFO] 2025-10-13 10:53:42.700 +0800 o.a.d.s.m.c.IdSlotBasedCommandFetcher:[67] - Fetch commands: 0 success, cost: 0ms, totalSlot: 1, currentSlotIndex: 0
[INFO] 2025-10-13 10:53:43.075 +0800 o.a.d.s.m.r.t.TaskGroupCoordinator:[187] - Success amend TaskGroupQueue status cost: 0/ms
[INFO] 2025-10-13 10:53:43.075 +0800 o.a.d.s.m.r.t.TaskGroupCoordinator:[241] - Success deal with force start TaskGroupQueue cost: 0/ms
[INFO] 2025-10-13 10:53:43.075 +0800 o.a.d.s.m.r.t.TaskGroupCoordinator:[129] - TaskGroupCoordinator round time cost: 0/ms
[INFO] 2025-10-13 10:53:43.710 +0800 o.a.d.s.m.c.IdSlotBasedCommandFetcher:[67] - Fetch commands: 0 success, cost: 0ms, totalSlot: 1, currentSlotIndex: 0
[INFO] 2025-10-13 10:53:44.713 +0800 o.a.d.s.m.c.IdSlotBasedCommandFetcher:[67] - Fetch commands: 0 success, cost: 0ms, totalSlot: 1, currentSlotIndex: 0
[INFO] 2025-10-13 10:53:45.718 +0800 o.a.d.s.m.c.IdSlotBasedCommandFetcher:[67] - Fetch commands: 0 success, cost: 0ms, totalSlot: 1, currentSlotIndex: 0
[INFO] 2025-10-13 10:53:46.820 +0800 o.a.d.s.m.c.IdSlotBasedCommandFetcher:[67] - Fetch commands: 0 success, cost: 0ms, totalSlot: 1, currentSlotIndex: 0
[INFO] 2025-10-13 10:53:47.918 +0800 o.a.d.s.m.c.IdSlotBasedCommandFetcher:[67] - Fetch commands: 0 success, cost: 0ms, totalSlot: 1, currentSlotIndex: 0
[INFO] 2025-10-13 10:53:48.091 +0800 o.a.d.s.m.r.t.TaskGroupCoordinator:[187] - Success amend TaskGroupQueue status cost: 0/ms
[INFO] 2025-10-13 10:53:48.092 +0800 o.a.d.s.m.r.t.TaskGroupCoordinator:[241] - Success deal with force start TaskGroupQueue cost: 0/ms
[INFO] 2025-10-13 10:53:48.092 +0800 o.a.d.s.m.r.t.TaskGroupCoordinator:[129] - TaskGroupCoordinator round time cost: 0/ms
[INFO] 2025-10-13 10:53:49.004 +0800 o.a.d.s.m.c.IdSlotBasedCommandFetcher:[67] - Fetch commands: 0 success, cost: 0ms, totalSlot: 1, currentSlotIndex: 0
[INFO] 2025-10-13 10:53:50.154 +0800 o.a.d.s.m.c.IdSlotBasedCommandFetcher:[67] - Fetch commands: 0 success, cost: 0ms, totalSlot: 1, currentSlotIndex: 0
[INFO] 2025-10-13 10:53:51.164 +0800 o.a.d.s.m.c.IdSlotBasedCommandFetcher:[67] - Fetch commands: 0 success, cost: 0ms, totalSlot: 1, currentSlotIndex: 0
[INFO] 2025-10-13 10:53:52.165 +0800 o.a.d.s.m.c.IdSlotBasedCommandFetcher:[67] - Fetch commands: 0 success, cost: 0ms, totalSlot: 1, currentSlotIndex: 0
[INFO] 2025-10-13 10:53:53.099 +0800 o.a.d.s.m.r.t.TaskGroupCoordinator:[187] - Success amend TaskGroupQueue status cost: 0/ms
[INFO] 2025-10-13 10:53:53.099 +0800 o.a.d.s.m.r.t.TaskGroupCoordinator:[241] - Success deal with force start TaskGroupQueue cost: 0/ms
[INFO] 2025-10-13 10:53:53.099 +0800 o.a.d.s.m.r.t.TaskGroupCoordinator:[129] - TaskGroupCoordinator round time cost: 0/ms
[INFO] 2025-10-13 10:53:53.165 +0800 o.a.d.s.m.c.IdSlotBasedCommandFetcher:[67] - Fetch commands: 0 success, cost: 0ms, totalSlot: 1, currentSlotIndex: 0
[INFO] 2025-10-13 10:53:54.172 +0800 o.a.d.s.m.c.IdSlotBasedCommandFetcher:[67] - Fetch commands: 0 success, cost: 0ms, totalSlot: 1, currentSlotIndex: 0
[INFO] 2025-10-13 10:53:55.181 +0800 o.a.d.s.m.c.IdSlotBasedCommandFetcher:[67] - Fetch commands: 0 success, cost: 0ms, totalSlot: 1, currentSlotIndex: 0
[INFO] 2025-10-13 10:53:56.194 +0800 o.a.d.s.m.c.IdSlotBasedCommandFetcher:[67] - Fetch commands: 0 success, cost: 0ms, totalSlot: 1, currentSlotIndex: 0
[INFO] 2025-10-13 10:53:57.194 +0800 o.a.d.s.m.c.IdSlotBasedCommandFetcher:[67] - Fetch commands: 0 success, cost: 0ms, totalSlot: 1, currentSlotIndex: 0
[INFO] 2025-10-13 10:53:58.115 +0800 o.a.d.s.m.r.t.TaskGroupCoordinator:[187] - Success amend TaskGroupQueue status cost: 0/ms
[INFO] 2025-10-13 10:53:58.115 +0800 o.a.d.s.m.r.t.TaskGroupCoordinator:[241] - Success deal with force start TaskGroupQueue cost: 0/ms
[INFO] 2025-10-13 10:53:58.115 +0800 o.a.d.s.m.r.t.TaskGroupCoordinator:[129] - TaskGroupCoordinator round time cost: 0/ms
[INFO] 2025-10-13 10:53:58.196 +0800 o.a.d.s.m.c.IdSlotBasedCommandFetcher:[67] - Fetch commands: 0 success, cost: 0ms, totalSlot: 1, currentSlotIndex: 0
[INFO] 2025-10-13 10:53:59.201 +0800 o.a.d.s.m.c.IdSlotBasedCommandFetcher:[67] - Fetch commands: 0 success, cost: 0ms, totalSlot: 1, currentSlotIndex: 0
[INFO] 2025-10-13 10:54:00.301 +0800 o.a.d.s.m.c.IdSlotBasedCommandFetcher:[67] - Fetch commands: 0 success, cost: 0ms, totalSlot: 1, currentSlotIndex: 0
[INFO] 2025-10-13 10:54:01.406 +0800 o.a.d.s.m.c.IdSlotBasedCommandFetcher:[67] - Fetch commands: 0 success, cost: 0ms, totalSlot: 1, currentSlotIndex: 0
[INFO] 2025-10-13 10:54:02.508 +0800 o.a.d.s.m.c.IdSlotBasedCommandFetcher:[67] - Fetch commands: 0 success, cost: 0ms, totalSlot: 1, currentSlotIndex: 0
[INFO] 2025-10-13 10:54:03.125 +0800 o.a.d.s.m.r.t.TaskGroupCoordinator:[187] - Success amend TaskGroupQueue status cost: 0/ms
[INFO] 2025-10-13 10:54:03.126 +0800 o.a.d.s.m.r.t.TaskGroupCoordinator:[241] - Success deal with force start TaskGroupQueue cost: 0/ms
[INFO] 2025-10-13 10:54:03.126 +0800 o.a.d.s.m.r.t.TaskGroupCoordinator:[129] - TaskGroupCoordinator round time cost: 1/ms
[INFO] 2025-10-13 10:54:03.589 +0800 o.a.d.s.m.c.IdSlotBasedCommandFetcher:[67] - Fetch commands: 0 success, cost: 0ms, totalSlot: 1, currentSlotIndex: 0
[INFO] 2025-10-13 10:54:04.674 +0800 o.a.d.s.m.c.IdSlotBasedCommandFetcher:[67] - Fetch commands: 0 success, cost: 0ms, totalSlot: 1, currentSlotIndex: 0
[INFO] 2025-10-13 10:54:05.872 +0800 o.a.d.s.m.c.IdSlotBasedCommandFetcher:[67] - Fetch commands: 0 success, cost: 0ms, totalSlot: 1, currentSlotIndex: 0
[INFO] 2025-10-13 10:54:07.058 +0800 o.a.d.m.m.BaseServerLoadProtection:[43] - OverLoad: the system cpu usage: 1.0 is over then the maxSystemCpuUsagePercentageThresholds 0.9
[WARN] 2025-10-13 10:54:07.058 +0800 o.a.d.s.m.r.MasterSchedulerBootstrap:[120] - The current server is overload, cannot consumes commands.
[INFO] 2025-10-13 10:54:07.247 +0800 o.a.d.m.m.BaseServerLoadProtection:[43] - OverLoad: the system cpu usage: 1.0 is over then the maxSystemCpuUsagePercentageThresholds 0.9
[INFO] 2025-10-13 10:54:07.873 +0800 o.a.d.m.m.BaseServerLoadProtection:[43] - OverLoad: the system cpu usage: 1.0 is over then the maxSystemCpuUsagePercentageThresholds 0.9
[INFO] 2025-10-13 10:54:08.142 +0800 o.a.d.s.m.c.IdSlotBasedCommandFetcher:[67] - Fetch commands: 0 success, cost: 0ms, totalSlot: 1, currentSlotIndex: 0
[INFO] 2025-10-13 10:54:08.142 +0800 o.a.d.s.m.r.t.TaskGroupCoordinator:[187] - Success amend TaskGroupQueue status cost: 0/ms
[INFO] 2025-10-13 10:54:08.142 +0800 o.a.d.s.m.r.t.TaskGroupCoordinator:[241] - Success deal with force start TaskGroupQueue cost: 0/ms
[INFO] 2025-10-13 10:54:08.142 +0800 o.a.d.s.m.r.t.TaskGroupCoordinator:[129] - TaskGroupCoordinator round time cost: 0/ms
[INFO] 2025-10-13 10:54:09.239 +0800 o.a.d.s.m.c.IdSlotBasedCommandFetcher:[67] - Fetch commands: 0 success, cost: 0ms, totalSlot: 1, currentSlotIndex: 0
[INFO] 2025-10-13 10:54:10.375 +0800 o.a.d.s.m.c.IdSlotBasedCommandFetcher:[67] - Fetch commands: 0 success, cost: 0ms, totalSlot: 1, currentSlotIndex: 0
[INFO] 2025-10-13 10:54:11.378 +0800 o.a.d.s.m.c.IdSlotBasedCommandFetcher:[67] - Fetch commands: 0 success, cost: 0ms, totalSlot: 1, currentSlotIndex: 0
[INFO] 2025-10-13 10:54:12.388 +0800 o.a.d.s.m.c.IdSlotBasedCommandFetcher:[67] - Fetch commands: 0 success, cost: 0ms, totalSlot: 1, currentSlotIndex: 0
[INFO] 2025-10-13 10:54:13.151 +0800 o.a.d.s.m.r.t.TaskGroupCoordinator:[187] - Success amend TaskGroupQueue status cost: 0/ms
[INFO] 2025-10-13 10:54:13.152 +0800 o.a.d.s.m.r.t.TaskGroupCoordinator:[241] - Success deal with force start TaskGroupQueue cost: 0/ms
[INFO] 2025-10-13 10:54:13.152 +0800 o.a.d.s.m.r.t.TaskGroupCoordinator:[129] - TaskGroupCoordinator round time cost: 0/ms
[INFO] 2025-10-13 10:54:13.400 +0800 o.a.d.s.m.c.IdSlotBasedCommandFetcher:[67] - Fetch commands: 0 success, cost: 0ms, totalSlot: 1, currentSlotIndex: 0
[INFO] 2025-10-13 10:54:14.406 +0800 o.a.d.s.m.c.IdSlotBasedCommandFetcher:[67] - Fetch commands: 0 success, cost: 0ms, totalSlot: 1, currentSlotIndex: 0
[INFO] 2025-10-13 10:54:15.413 +0800 o.a.d.s.m.c.IdSlotBasedCommandFetcher:[67] - Fetch commands: 0 success, cost: 0ms, totalSlot: 1, currentSlotIndex: 0
[INFO] 2025-10-13 10:54:16.414 +0800 o.a.d.s.m.c.IdSlotBasedCommandFetcher:[67] - Fetch commands: 0 success, cost: 0ms, totalSlot: 1, currentSlotIndex: 0
[INFO] 2025-10-13 10:54:17.429 +0800 o.a.d.s.m.c.IdSlotBasedCommandFetcher:[67] - Fetch commands: 0 success, cost: 0ms, totalSlot: 1, currentSlotIndex: 0
[INFO] 2025-10-13 10:54:18.160 +0800 o.a.d.s.m.r.t.TaskGroupCoordinator:[187] - Success amend TaskGroupQueue status cost: 0/ms
[INFO] 2025-10-13 10:54:18.160 +0800 o.a.d.s.m.r.t.TaskGroupCoordinator:[241] - Success deal with force start TaskGroupQueue cost: 0/ms
[INFO] 2025-10-13 10:54:18.160 +0800 o.a.d.s.m.r.t.TaskGroupCoordinator:[129] - TaskGroupCoordinator round time cost: 0/ms
[INFO] 2025-10-13 10:54:18.433 +0800 o.a.d.s.m.c.IdSlotBasedCommandFetcher:[67] - Fetch commands: 0 success, cost: 0ms, totalSlot: 1, currentSlotIndex: 0
[INFO] 2025-10-13 10:54:19.437 +0800 o.a.d.s.m.c.IdSlotBasedCommandFetcher:[67] - Fetch commands: 0 success, cost: 0ms, totalSlot: 1, currentSlotIndex: 0
[INFO] 2025-10-13 10:54:20.566 +0800 o.a.d.s.m.c.IdSlotBasedCommandFetcher:[67] - Fetch commands: 0 success, cost: 0ms, totalSlot: 1, currentSlotIndex: 0
[INFO] 2025-10-13 10:54:21.650 +0800 o.a.d.s.m.c.IdSlotBasedCommandFetcher:[67] - Fetch commands: 0 success, cost: 0ms, totalSlot: 1, currentSlotIndex: 0
[INFO] 2025-10-13 10:54:22.734 +0800 o.a.d.s.m.c.IdSlotBasedCommandFetcher:[67] - Fetch commands: 0 success, cost: 0ms, totalSlot: 1, currentSlotIndex: 0
[INFO] 2025-10-13 10:54:23.161 +0800 o.a.d.s.m.r.t.TaskGroupCoordinator:[187] - Success amend TaskGroupQueue status cost: 0/ms
[INFO] 2025-10-13 10:54:23.161 +0800 o.a.d.s.m.r.t.TaskGroupCoordinator:[241] - Success deal with force start TaskGroupQueue cost: 0/ms
[INFO] 2025-10-13 10:54:23.161 +0800 o.a.d.s.m.r.t.TaskGroupCoordinator:[129] - TaskGroupCoordinator round time cost: 0/ms
[INFO] 2025-10-13 10:54:23.818 +0800 o.a.d.s.m.c.IdSlotBasedCommandFetcher:[67] - Fetch commands: 0 success, cost: 0ms, totalSlot: 1, currentSlotIndex: 0
[INFO] 2025-10-13 10:54:24.902 +0800 o.a.d.s.m.c.IdSlotBasedCommandFetcher:[67] - Fetch commands: 0 success, cost: 0ms, totalSlot: 1, currentSlotIndex: 0
[INFO] 2025-10-13 10:54:25.991 +0800 o.a.d.s.m.c.IdSlotBasedCommandFetcher:[67] - Fetch commands: 0 success, cost: 0ms, totalSlot: 1, currentSlotIndex: 0
[INFO] 2025-10-13 10:54:27.084 +0800 o.a.d.s.m.c.IdSlotBasedCommandFetcher:[67] - Fetch commands: 0 success, cost: 0ms, totalSlot: 1, currentSlotIndex: 0
[INFO] 2025-10-13 10:54:28.093 +0800 o.a.d.s.m.c.IdSlotBasedCommandFetcher:[67] - Fetch commands: 0 success, cost: 0ms, totalSlot: 1, currentSlotIndex: 0
[INFO] 2025-10-13 10:54:28.172 +0800 o.a.d.s.m.r.t.TaskGroupCoordinator:[187] - Success amend TaskGroupQueue status cost: 0/ms
[INFO] 2025-10-13 10:54:28.173 +0800 o.a.d.s.m.r.t.TaskGroupCoordinator:[241] - Success deal with force start TaskGroupQueue cost: 0/ms
[INFO] 2025-10-13 10:54:28.173 +0800 o.a.d.s.m.r.t.TaskGroupCoordinator:[129] - TaskGroupCoordinator round time cost: 0/ms
[INFO] 2025-10-13 10:54:29.099 +0800 o.a.d.s.m.c.IdSlotBasedCommandFetcher:[67] - Fetch commands: 0 success, cost: 0ms, totalSlot: 1, currentSlotIndex: 0
[INFO] 2025-10-13 10:54:30.107 +0800 o.a.d.s.m.c.IdSlotBasedCommandFetcher:[67] - Fetch commands: 0 success, cost: 0ms, totalSlot: 1, currentSlotIndex: 0
[INFO] 2025-10-13 10:54:31.108 +0800 o.a.d.s.m.c.IdSlotBasedCommandFetcher:[67] - Fetch commands: 0 success, cost: 0ms, totalSlot: 1, currentSlotIndex: 0
[INFO] 2025-10-13 10:54:32.110 +0800 o.a.d.s.m.c.IdSlotBasedCommandFetcher:[67] - Fetch commands: 0 success, cost: 0ms, totalSlot: 1, currentSlotIndex: 0
[INFO] 2025-10-13 10:54:33.111 +0800 o.a.d.s.m.c.IdSlotBasedCommandFetcher:[67] - Fetch commands: 0 success, cost: 0ms, totalSlot: 1, currentSlotIndex: 0
[INFO] 2025-10-13 10:54:33.179 +0800 o.a.d.s.m.r.t.TaskGroupCoordinator:[187] - Success amend TaskGroupQueue status cost: 0/ms
[INFO] 2025-10-13 10:54:33.180 +0800 o.a.d.s.m.r.t.TaskGroupCoordinator:[241] - Success deal with force start TaskGroupQueue cost: 0/ms
[INFO] 2025-10-13 10:54:33.180 +0800 o.a.d.s.m.r.t.TaskGroupCoordinator:[129] - TaskGroupCoordinator round time cost: 0/ms
[INFO] 2025-10-13 10:54:34.113 +0800 o.a.d.s.m.c.IdSlotBasedCommandFetcher:[67] - Fetch commands: 0 success, cost: 0ms, totalSlot: 1, currentSlotIndex: 0
[INFO] 2025-10-13 10:54:35.121 +0800 o.a.d.s.m.c.IdSlotBasedCommandFetcher:[67] - Fetch commands: 0 success, cost: 0ms, totalSlot: 1, currentSlotIndex: 0
[INFO] 2025-10-13 10:54:36.127 +0800 o.a.d.s.m.c.IdSlotBasedCommandFetcher:[67] - Fetch commands: 0 success, cost: 0ms, totalSlot: 1, currentSlotIndex: 0
[INFO] 2025-10-13 10:54:37.301 +0800 o.a.d.s.m.c.IdSlotBasedCommandFetcher:[67] - Fetch commands: 0 success, cost: 0ms, totalSlot: 1, currentSlotIndex: 0
[INFO] 2025-10-13 10:54:38.189 +0800 o.a.d.s.m.r.t.TaskGroupCoordinator:[187] - Success amend TaskGroupQueue status cost: 0/ms
[INFO] 2025-10-13 10:54:38.189 +0800 o.a.d.s.m.r.t.TaskGroupCoordinator:[241] - Success deal with force start TaskGroupQueue cost: 0/ms
[INFO] 2025-10-13 10:54:38.189 +0800 o.a.d.s.m.r.t.TaskGroupCoordinator:[129] - TaskGroupCoordinator round time cost: 0/ms
[INFO] 2025-10-13 10:54:38.396 +0800 o.a.d.s.m.c.IdSlotBasedCommandFetcher:[67] - Fetch commands: 0 success, cost: 0ms, totalSlot: 1, currentSlotIndex: 0
[INFO] 2025-10-13 10:54:39.563 +0800 o.a.d.s.m.c.IdSlotBasedCommandFetcher:[67] - Fetch commands: 0 success, cost: 0ms, totalSlot: 1, currentSlotIndex: 0
[INFO] 2025-10-13 10:54:40.574 +0800 o.a.d.s.m.c.IdSlotBasedCommandFetcher:[67] - Fetch commands: 0 success, cost: 0ms, totalSlot: 1, currentSlotIndex: 0
[INFO] 2025-10-13 10:54:41.577 +0800 o.a.d.s.m.c.IdSlotBasedCommandFetcher:[67] - Fetch commands: 0 success, cost: 0ms, totalSlot: 1, currentSlotIndex: 0
[INFO] 2025-10-13 10:54:42.580 +0800 o.a.d.s.m.c.IdSlotBasedCommandFetcher:[67] - Fetch commands: 0 success, cost: 0ms, totalSlot: 1, currentSlotIndex: 0
[INFO] 2025-10-13 10:54:43.197 +0800 o.a.d.s.m.r.t.TaskGroupCoordinator:[187] - Success amend TaskGroupQueue status cost: 0/ms
[INFO] 2025-10-13 10:54:43.198 +0800 o.a.d.s.m.r.t.TaskGroupCoordinator:[241] - Success deal with force start TaskGroupQueue cost: 0/ms
[INFO] 2025-10-13 10:54:43.198 +0800 o.a.d.s.m.r.t.TaskGroupCoordinator:[129] - TaskGroupCoordinator round time cost: 0/ms
[INFO] 2025-10-13 10:54:43.586 +0800 o.a.d.s.m.c.IdSlotBasedCommandFetcher:[67] - Fetch commands: 0 success, cost: 0ms, totalSlot: 1, currentSlotIndex: 0
[INFO] 2025-10-13 10:54:44.594 +0800 o.a.d.s.m.c.IdSlotBasedCommandFetcher:[67] - Fetch commands: 0 success, cost: 0ms, totalSlot: 1, currentSlotIndex: 0
[INFO] 2025-10-13 10:54:45.608 +0800 o.a.d.s.m.c.IdSlotBasedCommandFetcher:[67] - Fetch commands: 0 success, cost: 0ms, totalSlot: 1, currentSlotIndex: 0
[INFO] 2025-10-13 10:54:46.620 +0800 o.a.d.s.m.c.IdSlotBasedCommandFetcher:[67] - Fetch commands: 0 success, cost: 0ms, totalSlot: 1, currentSlotIndex: 0
[INFO] 2025-10-13 10:54:47.623 +0800 o.a.d.s.m.c.IdSlotBasedCommandFetcher:[67] - Fetch commands: 0 success, cost: 0ms, totalSlot: 1, currentSlotIndex: 0
[INFO] 2025-10-13 10:54:48.213 +0800 o.a.d.s.m.r.t.TaskGroupCoordinator:[187] - Success amend TaskGroupQueue status cost: 0/ms
[INFO] 2025-10-13 10:54:48.213 +0800 o.a.d.s.m.r.t.TaskGroupCoordinator:[241] - Success deal with force start TaskGroupQueue cost: 0/ms
[INFO] 2025-10-13 10:54:48.214 +0800 o.a.d.s.m.r.t.TaskGroupCoordinator:[129] - TaskGroupCoordinator round time cost: 0/ms
[INFO] 2025-10-13 10:54:48.625 +0800 o.a.d.s.m.c.IdSlotBasedCommandFetcher:[67] - Fetch commands: 0 success, cost: 0ms, totalSlot: 1, currentSlotIndex: 0
[INFO] 2025-10-13 10:54:49.626 +0800 o.a.d.s.m.c.IdSlotBasedCommandFetcher:[67] - Fetch commands: 0 success, cost: 0ms, totalSlot: 1, currentSlotIndex: 0
[INFO] 2025-10-13 10:54:50.806 +0800 o.a.d.s.m.c.IdSlotBasedCommandFetcher:[67] - Fetch commands: 0 success, cost: 0ms, totalSlot: 1, currentSlotIndex: 0
[INFO] 2025-10-13 10:54:51.896 +0800 o.a.d.s.m.c.IdSlotBasedCommandFetcher:[67] - Fetch commands: 0 success, cost: 0ms, totalSlot: 1, currentSlotIndex: 0
[INFO] 2025-10-13 10:54:52.991 +0800 o.a.d.s.m.c.IdSlotBasedCommandFetcher:[67] - Fetch commands: 0 success, cost: 0ms, totalSlot: 1, currentSlotIndex: 0
[INFO] 2025-10-13 10:54:53.232 +0800 o.a.d.s.m.r.t.TaskGroupCoordinator:[187] - Success amend TaskGroupQueue status cost: 0/ms
[INFO] 2025-10-13 10:54:53.232 +0800 o.a.d.s.m.r.t.TaskGroupCoordinator:[241] - Success deal with force start TaskGroupQueue cost: 0/ms
[INFO] 2025-10-13 10:54:53.232 +0800 o.a.d.s.m.r.t.TaskGroupCoordinator:[129] - TaskGroupCoordinator round time cost: 0/ms
[INFO] 2025-10-13 10:54:54.136 +0800 o.a.d.s.m.c.IdSlotBasedCommandFetcher:[67] - Fetch commands: 0 success, cost: 0ms, totalSlot: 1, currentSlotIndex: 0
[INFO] 2025-10-13 10:54:55.142 +0800 o.a.d.s.m.c.IdSlotBasedCommandFetcher:[67] - Fetch commands: 0 success, cost: 0ms, totalSlot: 1, currentSlotIndex: 0
[INFO] 2025-10-13 10:54:56.147 +0800 o.a.d.s.m.c.IdSlotBasedCommandFetcher:[67] - Fetch commands: 0 success, cost: 0ms, totalSlot: 1, currentSlotIndex: 0
[INFO] 2025-10-13 10:54:57.162 +0800 o.a.d.s.m.c.IdSlotBasedCommandFetcher:[67] - Fetch commands: 0 success, cost: 0ms, totalSlot: 1, currentSlotIndex: 0
[INFO] 2025-10-13 10:54:58.163 +0800 o.a.d.s.m.c.IdSlotBasedCommandFetcher:[67] - Fetch commands: 0 success, cost: 0ms, totalSlot: 1, currentSlotIndex: 0
[INFO] 2025-10-13 10:54:58.238 +0800 o.a.d.s.m.r.t.TaskGroupCoordinator:[187] - Success amend TaskGroupQueue status cost: 0/ms
[INFO] 2025-10-13 10:54:58.238 +0800 o.a.d.s.m.r.t.TaskGroupCoordinator:[241] - Success deal with force start TaskGroupQueue cost: 0/ms
[INFO] 2025-10-13 10:54:58.238 +0800 o.a.d.s.m.r.t.TaskGroupCoordinator:[129] - TaskGroupCoordinator round time cost: 0/ms
[INFO] 2025-10-13 10:54:59.168 +0800 o.a.d.s.m.c.IdSlotBasedCommandFetcher:[67] - Fetch commands: 0 success, cost: 0ms, totalSlot: 1, currentSlotIndex: 0
[INFO] 2025-10-13 10:55:00.172 +0800 o.a.d.s.m.c.IdSlotBasedCommandFetcher:[67] - Fetch commands: 0 success, cost: 1ms, totalSlot: 1, currentSlotIndex: 0
[INFO] 2025-10-13 10:55:01.173 +0800 o.a.d.s.m.c.IdSlotBasedCommandFetcher:[67] - Fetch commands: 0 success, cost: 0ms, totalSlot: 1, currentSlotIndex: 0
[INFO] 2025-10-13 10:55:02.173 +0800 o.a.d.s.m.c.IdSlotBasedCommandFetcher:[67] - Fetch commands: 0 success, cost: 0ms, totalSlot: 1, currentSlotIndex: 0
[INFO] 2025-10-13 10:55:03.185 +0800 o.a.d.s.m.c.IdSlotBasedCommandFetcher:[67] - Fetch commands: 0 success, cost: 0ms, totalSlot: 1, currentSlotIndex: 0
[INFO] 2025-10-13 10:55:03.245 +0800 o.a.d.s.m.r.t.TaskGroupCoordinator:[187] - Success amend TaskGroupQueue status cost: 0/ms
[INFO] 2025-10-13 10:55:03.245 +0800 o.a.d.s.m.r.t.TaskGroupCoordinator:[241] - Success deal with force start TaskGroupQueue cost: 0/ms
[INFO] 2025-10-13 10:55:03.245 +0800 o.a.d.s.m.r.t.TaskGroupCoordinator:[129] - TaskGroupCoordinator round time cost: 0/ms
[INFO] 2025-10-13 10:55:04.289 +0800 o.a.d.s.m.c.IdSlotBasedCommandFetcher:[67] - Fetch commands: 0 success, cost: 0ms, totalSlot: 1, currentSlotIndex: 0
[INFO] 2025-10-13 10:55:05.381 +0800 o.a.d.s.m.c.IdSlotBasedCommandFetcher:[67] - Fetch commands: 0 success, cost: 0ms, totalSlot: 1, currentSlotIndex: 0
[INFO] 2025-10-13 10:55:06.476 +0800 o.a.d.s.m.c.IdSlotBasedCommandFetcher:[67] - Fetch commands: 0 success, cost: 0ms, totalSlot: 1, currentSlotIndex: 0
[INFO] 2025-10-13 10:55:07.588 +0800 o.a.d.s.m.c.IdSlotBasedCommandFetcher:[67] - Fetch commands: 0 success, cost: 1ms, totalSlot: 1, currentSlotIndex: 0
[INFO] 2025-10-13 10:55:08.247 +0800 o.a.d.s.m.r.t.TaskGroupCoordinator:[187] - Success amend TaskGroupQueue status cost: 0/ms
[INFO] 2025-10-13 10:55:08.248 +0800 o.a.d.s.m.r.t.TaskGroupCoordinator:[241] - Success deal with force start TaskGroupQueue cost: 0/ms
[INFO] 2025-10-13 10:55:08.248 +0800 o.a.d.s.m.r.t.TaskGroupCoordinator:[129] - TaskGroupCoordinator round time cost: 0/ms
[INFO] 2025-10-13 10:55:08.715 +0800 o.a.d.s.m.c.IdSlotBasedCommandFetcher:[67] - Fetch commands: 0 success, cost: 0ms, totalSlot: 1, currentSlotIndex: 0
[INFO] 2025-10-13 10:55:09.722 +0800 o.a.d.s.m.c.IdSlotBasedCommandFetcher:[67] - Fetch commands: 0 success, cost: 0ms, totalSlot: 1, currentSlotIndex: 0
[INFO] 2025-10-13 10:55:10.725 +0800 o.a.d.s.m.c.IdSlotBasedCommandFetcher:[67] - Fetch commands: 0 success, cost: 0ms, totalSlot: 1, currentSlotIndex: 0
[INFO] 2025-10-13 10:55:11.727 +0800 o.a.d.s.m.c.IdSlotBasedCommandFetcher:[67] - Fetch commands: 0 success, cost: 0ms, totalSlot: 1, currentSlotIndex: 0
[INFO] 2025-10-13 10:55:12.732 +0800 o.a.d.s.m.c.IdSlotBasedCommandFetcher:[67] - Fetch commands: 0 success, cost: 0ms, totalSlot: 1, currentSlotIndex: 0
[INFO] 2025-10-13 10:55:13.256 +0800 o.a.d.s.m.r.t.TaskGroupCoordinator:[187] - Success amend TaskGroupQueue status cost: 0/ms
[INFO] 2025-10-13 10:55:13.257 +0800 o.a.d.s.m.r.t.TaskGroupCoordinator:[241] - Success deal with force start TaskGroupQueue cost: 0/ms
[INFO] 2025-10-13 10:55:13.257 +0800 o.a.d.s.m.r.t.TaskGroupCoordinator:[129] - TaskGroupCoordinator round time cost: 0/ms
[INFO] 2025-10-13 10:55:13.738 +0800 o.a.d.s.m.c.IdSlotBasedCommandFetcher:[67] - Fetch commands: 0 success, cost: 0ms, totalSlot: 1, currentSlotIndex: 0
[INFO] 2025-10-13 10:55:14.473 +0800 o.a.d.m.m.BaseServerLoadProtection:[43] - OverLoad: the system cpu usage: 1.0 is over then the maxSystemCpuUsagePercentageThresholds 0.9
[INFO] 2025-10-13 10:55:14.739 +0800 o.a.d.m.m.BaseServerLoadProtection:[43] - OverLoad: the system cpu usage: 1.0 is over then the maxSystemCpuUsagePercentageThresholds 0.9
[WARN] 2025-10-13 10:55:14.739 +0800 o.a.d.s.m.r.MasterSchedulerBootstrap:[120] - The current server is overload, cannot consumes commands.
[INFO] 2025-10-13 10:55:15.083 +0800 o.a.d.m.m.BaseServerLoadProtection:[43] - OverLoad: the system cpu usage: 1.0 is over then the maxSystemCpuUsagePercentageThresholds 0.9
[INFO] 2025-10-13 10:55:15.743 +0800 o.a.d.s.m.c.IdSlotBasedCommandFetcher:[67] - Fetch commands: 0 success, cost: 0ms, totalSlot: 1, currentSlotIndex: 0
[INFO] 2025-10-13 10:55:16.753 +0800 o.a.d.s.m.c.IdSlotBasedCommandFetcher:[67] - Fetch commands: 0 success, cost: 0ms, totalSlot: 1, currentSlotIndex: 0
[INFO] 2025-10-13 10:55:17.754 +0800 o.a.d.s.m.c.IdSlotBasedCommandFetcher:[67] - Fetch commands: 0 success, cost: 0ms, totalSlot: 1, currentSlotIndex: 0
[INFO] 2025-10-13 10:55:18.277 +0800 o.a.d.s.m.r.t.TaskGroupCoordinator:[187] - Success amend TaskGroupQueue status cost: 0/ms
[INFO] 2025-10-13 10:55:18.277 +0800 o.a.d.s.m.r.t.TaskGroupCoordinator:[241] - Success deal with force start TaskGroupQueue cost: 0/ms
[INFO] 2025-10-13 10:55:18.277 +0800 o.a.d.s.m.r.t.TaskGroupCoordinator:[129] - TaskGroupCoordinator round time cost: 0/ms
[INFO] 2025-10-13 10:55:18.901 +0800 o.a.d.s.m.c.IdSlotBasedCommandFetcher:[67] - Fetch commands: 0 success, cost: 1ms, totalSlot: 1, currentSlotIndex: 0
[INFO] 2025-10-13 10:55:19.970 +0800 o.a.d.s.m.c.IdSlotBasedCommandFetcher:[67] - Fetch commands: 0 success, cost: 0ms, totalSlot: 1, currentSlotIndex: 0
[INFO] 2025-10-13 10:55:21.042 +0800 o.a.d.s.m.c.IdSlotBasedCommandFetcher:[67] - Fetch commands: 0 success, cost: 0ms, totalSlot: 1, currentSlotIndex: 0
[INFO] 2025-10-13 10:55:22.109 +0800 o.a.d.s.m.c.IdSlotBasedCommandFetcher:[67] - Fetch commands: 0 success, cost: 0ms, totalSlot: 1, currentSlotIndex: 0
[INFO] 2025-10-13 10:55:23.258 +0800 o.a.d.s.m.c.IdSlotBasedCommandFetcher:[67] - Fetch commands: 0 success, cost: 0ms, totalSlot: 1, currentSlotIndex: 0
[INFO] 2025-10-13 10:55:23.280 +0800 o.a.d.s.m.r.t.TaskGroupCoordinator:[187] - Success amend TaskGroupQueue status cost: 0/ms
[INFO] 2025-10-13 10:55:23.281 +0800 o.a.d.s.m.r.t.TaskGroupCoordinator:[241] - Success deal with force start TaskGroupQueue cost: 0/ms
[INFO] 2025-10-13 10:55:23.281 +0800 o.a.d.s.m.r.t.TaskGroupCoordinator:[129] - TaskGroupCoordinator round time cost: 0/ms
[INFO] 2025-10-13 10:55:24.258 +0800 o.a.d.s.m.c.IdSlotBasedCommandFetcher:[67] - Fetch commands: 0 success, cost: 0ms, totalSlot: 1, currentSlotIndex: 0
[INFO] 2025-10-13 10:55:25.259 +0800 o.a.d.s.m.c.IdSlotBasedCommandFetcher:[67] - Fetch commands: 0 success, cost: 0ms, totalSlot: 1, currentSlotIndex: 0
[INFO] 2025-10-13 10:55:26.260 +0800 o.a.d.s.m.c.IdSlotBasedCommandFetcher:[67] - Fetch commands: 0 success, cost: 0ms, totalSlot: 1, currentSlotIndex: 0
[INFO] 2025-10-13 10:55:27.260 +0800 o.a.d.s.m.c.IdSlotBasedCommandFetcher:[67] - Fetch commands: 0 success, cost: 0ms, totalSlot: 1, currentSlotIndex: 0
[INFO] 2025-10-13 10:55:28.260 +0800 o.a.d.s.m.c.IdSlotBasedCommandFetcher:[67] - Fetch commands: 0 success, cost: 0ms, totalSlot: 1, currentSlotIndex: 0
[INFO] 2025-10-13 10:55:28.290 +0800 o.a.d.s.m.r.t.TaskGroupCoordinator:[187] - Success amend TaskGroupQueue status cost: 0/ms
[INFO] 2025-10-13 10:55:28.290 +0800 o.a.d.s.m.r.t.TaskGroupCoordinator:[241] - Success deal with force start TaskGroupQueue cost: 0/ms
[INFO] 2025-10-13 10:55:28.290 +0800 o.a.d.s.m.r.t.TaskGroupCoordinator:[129] - TaskGroupCoordinator round time cost: 0/ms
[INFO] 2025-10-13 10:55:29.261 +0800 o.a.d.s.m.c.IdSlotBasedCommandFetcher:[67] - Fetch commands: 0 success, cost: 0ms, totalSlot: 1, currentSlotIndex: 0
[INFO] 2025-10-13 10:55:30.261 +0800 o.a.d.s.m.c.IdSlotBasedCommandFetcher:[67] - Fetch commands: 0 success, cost: 0ms, totalSlot: 1, currentSlotIndex: 0
[INFO] 2025-10-13 10:55:31.262 +0800 o.a.d.s.m.c.IdSlotBasedCommandFetcher:[67] - Fetch commands: 0 success, cost: 0ms, totalSlot: 1, currentSlotIndex: 0
[INFO] 2025-10-13 10:55:32.262 +0800 o.a.d.s.m.c.IdSlotBasedCommandFetcher:[67] - Fetch commands: 0 success, cost: 0ms, totalSlot: 1, currentSlotIndex: 0
[INFO] 2025-10-13 10:55:33.263 +0800 o.a.d.s.m.c.IdSlotBasedCommandFetcher:[67] - Fetch commands: 0 success, cost: 0ms, totalSlot: 1, currentSlotIndex: 0
[INFO] 2025-10-13 10:55:33.296 +0800 o.a.d.s.m.r.t.TaskGroupCoordinator:[187] - Success amend TaskGroupQueue status cost: 0/ms
[INFO] 2025-10-13 10:55:33.296 +0800 o.a.d.s.m.r.t.TaskGroupCoordinator:[241] - Success deal with force start TaskGroupQueue cost: 0/ms
[INFO] 2025-10-13 10:55:33.296 +0800 o.a.d.s.m.r.t.TaskGroupCoordinator:[129] - TaskGroupCoordinator round time cost: 0/ms
[INFO] 2025-10-13 10:55:34.264 +0800 o.a.d.s.m.c.IdSlotBasedCommandFetcher:[67] - Fetch commands: 0 success, cost: 0ms, totalSlot: 1, currentSlotIndex: 0
[INFO] 2025-10-13 10:55:35.264 +0800 o.a.d.s.m.c.IdSlotBasedCommandFetcher:[67] - Fetch commands: 0 success, cost: 0ms, totalSlot: 1, currentSlotIndex: 0
[INFO] 2025-10-13 10:55:36.347 +0800 o.a.d.s.m.c.IdSlotBasedCommandFetcher:[67] - Fetch commands: 0 success, cost: 0ms, totalSlot: 1, currentSlotIndex: 0
[INFO] 2025-10-13 10:55:37.414 +0800 o.a.d.s.m.c.IdSlotBasedCommandFetcher:[67] - Fetch commands: 0 success, cost: 0ms, totalSlot: 1, currentSlotIndex: 0
[INFO] 2025-10-13 10:55:38.299 +0800 o.a.d.s.m.r.t.TaskGroupCoordinator:[187] - Success amend TaskGroupQueue status cost: 0/ms
[INFO] 2025-10-13 10:55:38.299 +0800 o.a.d.s.m.r.t.TaskGroupCoordinator:[241] - Success deal with force start TaskGroupQueue cost: 0/ms
[INFO] 2025-10-13 10:55:38.299 +0800 o.a.d.s.m.r.t.TaskGroupCoordinator:[129] - TaskGroupCoordinator round time cost: 0/ms
[INFO] 2025-10-13 10:55:38.483 +0800 o.a.d.s.m.c.IdSlotBasedCommandFetcher:[67] - Fetch commands: 0 success, cost: 0ms, totalSlot: 1, currentSlotIndex: 0
[INFO] 2025-10-13 10:55:39.630 +0800 o.a.d.s.m.c.IdSlotBasedCommandFetcher:[67] - Fetch commands: 0 success, cost: 0ms, totalSlot: 1, currentSlotIndex: 0
[INFO] 2025-10-13 10:55:40.630 +0800 o.a.d.s.m.c.IdSlotBasedCommandFetcher:[67] - Fetch commands: 0 success, cost: 0ms, totalSlot: 1, currentSlotIndex: 0
[INFO] 2025-10-13 10:55:41.641 +0800 o.a.d.s.m.c.IdSlotBasedCommandFetcher:[67] - Fetch commands: 0 success, cost: 0ms, totalSlot: 1, currentSlotIndex: 0
[INFO] 2025-10-13 10:55:42.642 +0800 o.a.d.s.m.c.IdSlotBasedCommandFetcher:[67] - Fetch commands: 0 success, cost: 0ms, totalSlot: 1, currentSlotIndex: 0
[INFO] 2025-10-13 10:55:43.308 +0800 o.a.d.s.m.r.t.TaskGroupCoordinator:[187] - Success amend TaskGroupQueue status cost: 0/ms
[INFO] 2025-10-13 10:55:43.308 +0800 o.a.d.s.m.r.t.TaskGroupCoordinator:[241] - Success deal with force start TaskGroupQueue cost: 0/ms
[INFO] 2025-10-13 10:55:43.308 +0800 o.a.d.s.m.r.t.TaskGroupCoordinator:[129] - TaskGroupCoordinator round time cost: 0/ms
[INFO] 2025-10-13 10:55:43.645 +0800 o.a.d.s.m.c.IdSlotBasedCommandFetcher:[67] - Fetch commands: 0 success, cost: 0ms, totalSlot: 1, currentSlotIndex: 0
[INFO] 2025-10-13 10:55:44.645 +0800 o.a.d.s.m.c.IdSlotBasedCommandFetcher:[67] - Fetch commands: 0 success, cost: 0ms, totalSlot: 1, currentSlotIndex: 0
[INFO] 2025-10-13 10:55:45.650 +0800 o.a.d.s.m.c.IdSlotBasedCommandFetcher:[67] - Fetch commands: 0 success, cost: 0ms, totalSlot: 1, currentSlotIndex: 0
[INFO] 2025-10-13 10:55:46.651 +0800 o.a.d.s.m.c.IdSlotBasedCommandFetcher:[67] - Fetch commands: 0 success, cost: 0ms, totalSlot: 1, currentSlotIndex: 0
[INFO] 2025-10-13 10:55:47.653 +0800 o.a.d.s.m.c.IdSlotBasedCommandFetcher:[67] - Fetch commands: 0 success, cost: 0ms, totalSlot: 1, currentSlotIndex: 0
[INFO] 2025-10-13 10:55:48.322 +0800 o.a.d.s.m.r.t.TaskGroupCoordinator:[187] - Success amend TaskGroupQueue status cost: 0/ms
[INFO] 2025-10-13 10:55:48.322 +0800 o.a.d.s.m.r.t.TaskGroupCoordinator:[241] - Success deal with force start TaskGroupQueue cost: 0/ms
[INFO] 2025-10-13 10:55:48.322 +0800 o.a.d.s.m.r.t.TaskGroupCoordinator:[129] - TaskGroupCoordinator round time cost: 0/ms
[INFO] 2025-10-13 10:55:48.654 +0800 o.a.d.s.m.c.IdSlotBasedCommandFetcher:[67] - Fetch commands: 0 success, cost: 0ms, totalSlot: 1, currentSlotIndex: 0
[INFO] 2025-10-13 10:55:49.654 +0800 o.a.d.s.m.c.IdSlotBasedCommandFetcher:[67] - Fetch commands: 0 success, cost: 0ms, totalSlot: 1, currentSlotIndex: 0
[INFO] 2025-10-13 10:55:50.655 +0800 o.a.d.s.m.c.IdSlotBasedCommandFetcher:[67] - Fetch commands: 0 success, cost: 0ms, totalSlot: 1, currentSlotIndex: 0
[INFO] 2025-10-13 10:55:51.656 +0800 o.a.d.s.m.c.IdSlotBasedCommandFetcher:[67] - Fetch commands: 0 success, cost: 0ms, totalSlot: 1, currentSlotIndex: 0
[INFO] 2025-10-13 10:55:52.794 +0800 o.a.d.s.m.c.IdSlotBasedCommandFetcher:[67] - Fetch commands: 0 success, cost: 0ms, totalSlot: 1, currentSlotIndex: 0
[INFO] 2025-10-13 10:55:53.328 +0800 o.a.d.s.m.r.t.TaskGroupCoordinator:[187] - Success amend TaskGroupQueue status cost: 0/ms
[INFO] 2025-10-13 10:55:53.328 +0800 o.a.d.s.m.r.t.TaskGroupCoordinator:[241] - Success deal with force start TaskGroupQueue cost: 0/ms
[INFO] 2025-10-13 10:55:53.328 +0800 o.a.d.s.m.r.t.TaskGroupCoordinator:[129] - TaskGroupCoordinator round time cost: 0/ms
[INFO] 2025-10-13 10:55:53.876 +0800 o.a.d.s.m.c.IdSlotBasedCommandFetcher:[67] - Fetch commands: 0 success, cost: 0ms, totalSlot: 1, currentSlotIndex: 0
[INFO] 2025-10-13 10:55:54.953 +0800 o.a.d.s.m.c.IdSlotBasedCommandFetcher:[67] - Fetch commands: 0 success, cost: 0ms, totalSlot: 1, currentSlotIndex: 0
[INFO] 2025-10-13 10:55:56.024 +0800 o.a.d.s.m.c.IdSlotBasedCommandFetcher:[67] - Fetch commands: 0 success, cost: 0ms, totalSlot: 1, currentSlotIndex: 0
[INFO] 2025-10-13 10:55:57.099 +0800 o.a.d.s.m.c.IdSlotBasedCommandFetcher:[67] - Fetch commands: 0 success, cost: 0ms, totalSlot: 1, currentSlotIndex: 0
[INFO] 2025-10-13 10:55:58.184 +0800 o.a.d.s.m.c.IdSlotBasedCommandFetcher:[67] - Fetch commands: 0 success, cost: 0ms, totalSlot: 1, currentSlotIndex: 0
[INFO] 2025-10-13 10:55:58.335 +0800 o.a.d.s.m.r.t.TaskGroupCoordinator:[187] - Success amend TaskGroupQueue status cost: 0/ms
[INFO] 2025-10-13 10:55:58.335 +0800 o.a.d.s.m.r.t.TaskGroupCoordinator:[241] - Success deal with force start TaskGroupQueue cost: 0/ms
[INFO] 2025-10-13 10:55:58.335 +0800 o.a.d.s.m.r.t.TaskGroupCoordinator:[129] - TaskGroupCoordinator round time cost: 0/ms
[INFO] 2025-10-13 10:55:59.185 +0800 o.a.d.s.m.c.IdSlotBasedCommandFetcher:[67] - Fetch commands: 0 success, cost: 0ms, totalSlot: 1, currentSlotIndex: 0
[INFO] 2025-10-13 10:56:00.185 +0800 o.a.d.s.m.c.IdSlotBasedCommandFetcher:[67] - Fetch commands: 0 success, cost: 0ms, totalSlot: 1, currentSlotIndex: 0
[INFO] 2025-10-13 10:56:01.185 +0800 o.a.d.s.m.c.IdSlotBasedCommandFetcher:[67] - Fetch commands: 0 success, cost: 0ms, totalSlot: 1, currentSlotIndex: 0
[INFO] 2025-10-13 10:56:02.186 +0800 o.a.d.s.m.c.IdSlotBasedCommandFetcher:[67] - Fetch commands: 0 success, cost: 0ms, totalSlot: 1, currentSlotIndex: 0
[INFO] 2025-10-13 10:56:03.187 +0800 o.a.d.s.m.c.IdSlotBasedCommandFetcher:[67] - Fetch commands: 0 success, cost: 0ms, totalSlot: 1, currentSlotIndex: 0
[INFO] 2025-10-13 10:56:03.340 +0800 o.a.d.s.m.r.t.TaskGroupCoordinator:[187] - Success amend TaskGroupQueue status cost: 0/ms
[INFO] 2025-10-13 10:56:03.340 +0800 o.a.d.s.m.r.t.TaskGroupCoordinator:[241] - Success deal with force start TaskGroupQueue cost: 0/ms
[INFO] 2025-10-13 10:56:03.341 +0800 o.a.d.s.m.r.t.TaskGroupCoordinator:[129] - TaskGroupCoordinator round time cost: 0/ms
[INFO] 2025-10-13 10:56:04.187 +0800 o.a.d.s.m.c.IdSlotBasedCommandFetcher:[67] - Fetch commands: 0 success, cost: 0ms, totalSlot: 1, currentSlotIndex: 0
[INFO] 2025-10-13 10:56:05.188 +0800 o.a.d.s.m.c.IdSlotBasedCommandFetcher:[67] - Fetch commands: 0 success, cost: 0ms, totalSlot: 1, currentSlotIndex: 0
[INFO] 2025-10-13 10:56:06.188 +0800 o.a.d.s.m.c.IdSlotBasedCommandFetcher:[67] - Fetch commands: 0 success, cost: 0ms, totalSlot: 1, currentSlotIndex: 0
[INFO] 2025-10-13 10:56:07.189 +0800 o.a.d.s.m.c.IdSlotBasedCommandFetcher:[67] - Fetch commands: 0 success, cost: 0ms, totalSlot: 1, currentSlotIndex: 0
[INFO] 2025-10-13 10:56:08.190 +0800 o.a.d.s.m.c.IdSlotBasedCommandFetcher:[67] - Fetch commands: 0 success, cost: 0ms, totalSlot: 1, currentSlotIndex: 0
[INFO] 2025-10-13 10:56:08.345 +0800 o.a.d.s.m.r.t.TaskGroupCoordinator:[187] - Success amend TaskGroupQueue status cost: 0/ms
[INFO] 2025-10-13 10:56:08.345 +0800 o.a.d.s.m.r.t.TaskGroupCoordinator:[241] - Success deal with force start TaskGroupQueue cost: 0/ms
[INFO] 2025-10-13 10:56:08.345 +0800 o.a.d.s.m.r.t.TaskGroupCoordinator:[129] - TaskGroupCoordinator round time cost: 1/ms
[INFO] 2025-10-13 10:56:09.191 +0800 o.a.d.s.m.c.IdSlotBasedCommandFetcher:[67] - Fetch commands: 0 success, cost: 0ms, totalSlot: 1, currentSlotIndex: 0
[INFO] 2025-10-13 10:56:10.338 +0800 o.a.d.s.m.c.IdSlotBasedCommandFetcher:[67] - Fetch commands: 0 success, cost: 0ms, totalSlot: 1, currentSlotIndex: 0
[INFO] 2025-10-13 10:56:11.414 +0800 o.a.d.s.m.c.IdSlotBasedCommandFetcher:[67] - Fetch commands: 0 success, cost: 0ms, totalSlot: 1, currentSlotIndex: 0
[INFO] 2025-10-13 10:56:12.482 +0800 o.a.d.s.m.c.IdSlotBasedCommandFetcher:[67] - Fetch commands: 0 success, cost: 1ms, totalSlot: 1, currentSlotIndex: 0
[INFO] 2025-10-13 10:56:13.352 +0800 o.a.d.s.m.r.t.TaskGroupCoordinator:[187] - Success amend TaskGroupQueue status cost: 0/ms
[INFO] 2025-10-13 10:56:13.353 +0800 o.a.d.s.m.r.t.TaskGroupCoordinator:[241] - Success deal with force start TaskGroupQueue cost: 0/ms
[INFO] 2025-10-13 10:56:13.353 +0800 o.a.d.s.m.r.t.TaskGroupCoordinator:[129] - TaskGroupCoordinator round time cost: 0/ms
[INFO] 2025-10-13 10:56:13.556 +0800 o.a.d.s.m.c.IdSlotBasedCommandFetcher:[67] - Fetch commands: 0 success, cost: 0ms, totalSlot: 1, currentSlotIndex: 0
[INFO] 2025-10-13 10:56:14.556 +0800 o.a.d.s.m.c.IdSlotBasedCommandFetcher:[67] - Fetch commands: 0 success, cost: 0ms, totalSlot: 1, currentSlotIndex: 0
[INFO] 2025-10-13 10:56:15.557 +0800 o.a.d.s.m.c.IdSlotBasedCommandFetcher:[67] - Fetch commands: 0 success, cost: 0ms, totalSlot: 1, currentSlotIndex: 0
[INFO] 2025-10-13 10:56:16.558 +0800 o.a.d.s.m.c.IdSlotBasedCommandFetcher:[67] - Fetch commands: 0 success, cost: 0ms, totalSlot: 1, currentSlotIndex: 0
[INFO] 2025-10-13 10:56:17.559 +0800 o.a.d.s.m.c.IdSlotBasedCommandFetcher:[67] - Fetch commands: 0 success, cost: 0ms, totalSlot: 1, currentSlotIndex: 0
[INFO] 2025-10-13 10:56:18.361 +0800 o.a.d.s.m.r.t.TaskGroupCoordinator:[187] - Success amend TaskGroupQueue status cost: 0/ms
[INFO] 2025-10-13 10:56:18.361 +0800 o.a.d.s.m.r.t.TaskGroupCoordinator:[241] - Success deal with force start TaskGroupQueue cost: 0/ms
[INFO] 2025-10-13 10:56:18.361 +0800 o.a.d.s.m.r.t.TaskGroupCoordinator:[129] - TaskGroupCoordinator round time cost: 0/ms
[INFO] 2025-10-13 10:56:18.560 +0800 o.a.d.s.m.c.IdSlotBasedCommandFetcher:[67] - Fetch commands: 0 success, cost: 0ms, totalSlot: 1, currentSlotIndex: 0
[INFO] 2025-10-13 10:56:19.571 +0800 o.a.d.s.m.c.IdSlotBasedCommandFetcher:[67] - Fetch commands: 0 success, cost: 0ms, totalSlot: 1, currentSlotIndex: 0
[INFO] 2025-10-13 10:56:20.571 +0800 o.a.d.s.m.c.IdSlotBasedCommandFetcher:[67] - Fetch commands: 0 success, cost: 0ms, totalSlot: 1, currentSlotIndex: 0
[INFO] 2025-10-13 10:56:21.572 +0800 o.a.d.s.m.c.IdSlotBasedCommandFetcher:[67] - Fetch commands: 0 success, cost: 0ms, totalSlot: 1, currentSlotIndex: 0
[INFO] 2025-10-13 10:56:22.572 +0800 o.a.d.s.m.c.IdSlotBasedCommandFetcher:[67] - Fetch commands: 0 success, cost: 0ms, totalSlot: 1, currentSlotIndex: 0
[INFO] 2025-10-13 10:56:23.367 +0800 o.a.d.s.m.r.t.TaskGroupCoordinator:[187] - Success amend TaskGroupQueue status cost: 0/ms
[INFO] 2025-10-13 10:56:23.367 +0800 o.a.d.s.m.r.t.TaskGroupCoordinator:[241] - Success deal with force start TaskGroupQueue cost: 0/ms
[INFO] 2025-10-13 10:56:23.368 +0800 o.a.d.s.m.r.t.TaskGroupCoordinator:[129] - TaskGroupCoordinator round time cost: 0/ms
[INFO] 2025-10-13 10:56:23.579 +0800 o.a.d.s.m.c.IdSlotBasedCommandFetcher:[67] - Fetch commands: 0 success, cost: 0ms, totalSlot: 1, currentSlotIndex: 0
[INFO] 2025-10-13 10:56:24.587 +0800 o.a.d.s.m.c.IdSlotBasedCommandFetcher:[67] - Fetch commands: 0 success, cost: 0ms, totalSlot: 1, currentSlotIndex: 0
[INFO] 2025-10-13 10:56:25.588 +0800 o.a.d.s.m.c.IdSlotBasedCommandFetcher:[67] - Fetch commands: 0 success, cost: 0ms, totalSlot: 1, currentSlotIndex: 0
[INFO] 2025-10-13 10:56:26.741 +0800 o.a.d.s.m.c.IdSlotBasedCommandFetcher:[67] - Fetch commands: 0 success, cost: 0ms, totalSlot: 1, currentSlotIndex: 0
[INFO] 2025-10-13 10:56:27.809 +0800 o.a.d.s.m.c.IdSlotBasedCommandFetcher:[67] - Fetch commands: 0 success, cost: 0ms, totalSlot: 1, currentSlotIndex: 0
[INFO] 2025-10-13 10:56:28.386 +0800 o.a.d.s.m.r.t.TaskGroupCoordinator:[187] - Success amend TaskGroupQueue status cost: 0/ms
[INFO] 2025-10-13 10:56:28.386 +0800 o.a.d.s.m.r.t.TaskGroupCoordinator:[241] - Success deal with force start TaskGroupQueue cost: 0/ms
[INFO] 2025-10-13 10:56:28.386 +0800 o.a.d.s.m.r.t.TaskGroupCoordinator:[129] - TaskGroupCoordinator round time cost: 0/ms
[INFO] 2025-10-13 10:56:28.879 +0800 o.a.d.s.m.c.IdSlotBasedCommandFetcher:[67] - Fetch commands: 0 success, cost: 0ms, totalSlot: 1, currentSlotIndex: 0
[INFO] 2025-10-13 10:56:29.950 +0800 o.a.d.s.m.c.IdSlotBasedCommandFetcher:[67] - Fetch commands: 0 success, cost: 0ms, totalSlot: 1, currentSlotIndex: 0
[INFO] 2025-10-13 10:56:31.022 +0800 o.a.d.s.m.c.IdSlotBasedCommandFetcher:[67] - Fetch commands: 0 success, cost: 0ms, totalSlot: 1, currentSlotIndex: 0
[INFO] 2025-10-13 10:56:32.166 +0800 o.a.d.s.m.c.IdSlotBasedCommandFetcher:[67] - Fetch commands: 0 success, cost: 0ms, totalSlot: 1, currentSlotIndex: 0
[INFO] 2025-10-13 10:56:33.167 +0800 o.a.d.s.m.c.IdSlotBasedCommandFetcher:[67] - Fetch commands: 0 success, cost: 0ms, totalSlot: 1, currentSlotIndex: 0
[INFO] 2025-10-13 10:56:33.392 +0800 o.a.d.s.m.r.t.TaskGroupCoordinator:[187] - Success amend TaskGroupQueue status cost: 0/ms
[INFO] 2025-10-13 10:56:33.393 +0800 o.a.d.s.m.r.t.TaskGroupCoordinator:[241] - Success deal with force start TaskGroupQueue cost: 0/ms
[INFO] 2025-10-13 10:56:33.393 +0800 o.a.d.s.m.r.t.TaskGroupCoordinator:[129] - TaskGroupCoordinator round time cost: 0/ms
[INFO] 2025-10-13 10:56:34.167 +0800 o.a.d.s.m.c.IdSlotBasedCommandFetcher:[67] - Fetch commands: 0 success, cost: 0ms, totalSlot: 1, currentSlotIndex: 0
[INFO] 2025-10-13 10:56:35.168 +0800 o.a.d.s.m.c.IdSlotBasedCommandFetcher:[67] - Fetch commands: 0 success, cost: 0ms, totalSlot: 1, currentSlotIndex: 0
[INFO] 2025-10-13 10:56:36.168 +0800 o.a.d.s.m.c.IdSlotBasedCommandFetcher:[67] - Fetch commands: 0 success, cost: 0ms, totalSlot: 1, currentSlotIndex: 0
[INFO] 2025-10-13 10:56:37.169 +0800 o.a.d.s.m.c.IdSlotBasedCommandFetcher:[67] - Fetch commands: 0 success, cost: 0ms, totalSlot: 1, currentSlotIndex: 0
[INFO] 2025-10-13 10:56:38.169 +0800 o.a.d.s.m.c.IdSlotBasedCommandFetcher:[67] - Fetch commands: 0 success, cost: 0ms, totalSlot: 1, currentSlotIndex: 0
[INFO] 2025-10-13 10:56:38.400 +0800 o.a.d.s.m.r.t.TaskGroupCoordinator:[187] - Success amend TaskGroupQueue status cost: 0/ms
[INFO] 2025-10-13 10:56:38.400 +0800 o.a.d.s.m.r.t.TaskGroupCoordinator:[241] - Success deal with force start TaskGroupQueue cost: 0/ms
[INFO] 2025-10-13 10:56:38.400 +0800 o.a.d.s.m.r.t.TaskGroupCoordinator:[129] - TaskGroupCoordinator round time cost: 0/ms
[INFO] 2025-10-13 10:56:39.169 +0800 o.a.d.s.m.c.IdSlotBasedCommandFetcher:[67] - Fetch commands: 0 success, cost: 0ms, totalSlot: 1, currentSlotIndex: 0
[INFO] 2025-10-13 10:56:40.170 +0800 o.a.d.s.m.c.IdSlotBasedCommandFetcher:[67] - Fetch commands: 0 success, cost: 0ms, totalSlot: 1, currentSlotIndex: 0
[INFO] 2025-10-13 10:56:41.170 +0800 o.a.d.s.m.c.IdSlotBasedCommandFetcher:[67] - Fetch commands: 0 success, cost: 0ms, totalSlot: 1, currentSlotIndex: 0
[INFO] 2025-10-13 10:56:42.171 +0800 o.a.d.s.m.c.IdSlotBasedCommandFetcher:[67] - Fetch commands: 0 success, cost: 0ms, totalSlot: 1, currentSlotIndex: 0
[INFO] 2025-10-13 10:56:43.172 +0800 o.a.d.s.m.c.IdSlotBasedCommandFetcher:[67] - Fetch commands: 0 success, cost: 0ms, totalSlot: 1, currentSlotIndex: 0
[INFO] 2025-10-13 10:56:43.407 +0800 o.a.d.s.m.r.t.TaskGroupCoordinator:[187] - Success amend TaskGroupQueue status cost: 0/ms
[INFO] 2025-10-13 10:56:43.408 +0800 o.a.d.s.m.r.t.TaskGroupCoordinator:[241] - Success deal with force start TaskGroupQueue cost: 0/ms
[INFO] 2025-10-13 10:56:43.408 +0800 o.a.d.s.m.r.t.TaskGroupCoordinator:[129] - TaskGroupCoordinator round time cost: 0/ms
[INFO] 2025-10-13 10:56:44.173 +0800 o.a.d.s.m.c.IdSlotBasedCommandFetcher:[67] - Fetch commands: 0 success, cost: 0ms, totalSlot: 1, currentSlotIndex: 0
[INFO] 2025-10-13 10:56:45.343 +0800 o.a.d.s.m.c.IdSlotBasedCommandFetcher:[67] - Fetch commands: 0 success, cost: 0ms, totalSlot: 1, currentSlotIndex: 0
[INFO] 2025-10-13 10:56:46.411 +0800 o.a.d.s.m.c.IdSlotBasedCommandFetcher:[67] - Fetch commands: 0 success, cost: 0ms, totalSlot: 1, currentSlotIndex: 0
[INFO] 2025-10-13 10:56:47.515 +0800 o.a.d.s.m.c.IdSlotBasedCommandFetcher:[67] - Fetch commands: 0 success, cost: 0ms, totalSlot: 1, currentSlotIndex: 0
[INFO] 2025-10-13 10:56:48.412 +0800 o.a.d.s.m.r.t.TaskGroupCoordinator:[187] - Success amend TaskGroupQueue status cost: 0/ms
[INFO] 2025-10-13 10:56:48.412 +0800 o.a.d.s.m.r.t.TaskGroupCoordinator:[241] - Success deal with force start TaskGroupQueue cost: 0/ms
[INFO] 2025-10-13 10:56:48.412 +0800 o.a.d.s.m.r.t.TaskGroupCoordinator:[129] - TaskGroupCoordinator round time cost: 0/ms
[INFO] 2025-10-13 10:56:48.516 +0800 o.a.d.s.m.c.IdSlotBasedCommandFetcher:[67] - Fetch commands: 0 success, cost: 0ms, totalSlot: 1, currentSlotIndex: 0
[INFO] 2025-10-13 10:56:49.523 +0800 o.a.d.s.m.c.IdSlotBasedCommandFetcher:[67] - Fetch commands: 0 success, cost: 0ms, totalSlot: 1, currentSlotIndex: 0
[INFO] 2025-10-13 10:56:50.524 +0800 o.a.d.s.m.c.IdSlotBasedCommandFetcher:[67] - Fetch commands: 0 success, cost: 0ms, totalSlot: 1, currentSlotIndex: 0
[INFO] 2025-10-13 10:56:51.525 +0800 o.a.d.s.m.c.IdSlotBasedCommandFetcher:[67] - Fetch commands: 0 success, cost: 0ms, totalSlot: 1, currentSlotIndex: 0
[INFO] 2025-10-13 10:56:52.525 +0800 o.a.d.s.m.c.IdSlotBasedCommandFetcher:[67] - Fetch commands: 0 success, cost: 0ms, totalSlot: 1, currentSlotIndex: 0
[INFO] 2025-10-13 10:56:53.421 +0800 o.a.d.s.m.r.t.TaskGroupCoordinator:[187] - Success amend TaskGroupQueue status cost: 0/ms
[INFO] 2025-10-13 10:56:53.422 +0800 o.a.d.s.m.r.t.TaskGroupCoordinator:[241] - Success deal with force start TaskGroupQueue cost: 0/ms
[INFO] 2025-10-13 10:56:53.422 +0800 o.a.d.s.m.r.t.TaskGroupCoordinator:[129] - TaskGroupCoordinator round time cost: 0/ms
[INFO] 2025-10-13 10:56:53.527 +0800 o.a.d.s.m.c.IdSlotBasedCommandFetcher:[67] - Fetch commands: 0 success, cost: 0ms, totalSlot: 1, currentSlotIndex: 0
[INFO] 2025-10-13 10:56:54.528 +0800 o.a.d.s.m.c.IdSlotBasedCommandFetcher:[67] - Fetch commands: 0 success, cost: 0ms, totalSlot: 1, currentSlotIndex: 0
[INFO] 2025-10-13 10:56:55.529 +0800 o.a.d.s.m.c.IdSlotBasedCommandFetcher:[67] - Fetch commands: 0 success, cost: 0ms, totalSlot: 1, currentSlotIndex: 0
[INFO] 2025-10-13 10:56:56.533 +0800 o.a.d.s.m.c.IdSlotBasedCommandFetcher:[67] - Fetch commands: 0 success, cost: 0ms, totalSlot: 1, currentSlotIndex: 0
[INFO] 2025-10-13 10:56:57.546 +0800 o.a.d.s.m.c.IdSlotBasedCommandFetcher:[67] - Fetch commands: 0 success, cost: 0ms, totalSlot: 1, currentSlotIndex: 0
[INFO] 2025-10-13 10:56:58.427 +0800 o.a.d.s.m.r.t.TaskGroupCoordinator:[187] - Success amend TaskGroupQueue status cost: 0/ms
[INFO] 2025-10-13 10:56:58.427 +0800 o.a.d.s.m.r.t.TaskGroupCoordinator:[241] - Success deal with force start TaskGroupQueue cost: 0/ms
[INFO] 2025-10-13 10:56:58.427 +0800 o.a.d.s.m.r.t.TaskGroupCoordinator:[129] - TaskGroupCoordinator round time cost: 0/ms
[INFO] 2025-10-13 10:56:58.546 +0800 o.a.d.s.m.c.IdSlotBasedCommandFetcher:[67] - Fetch commands: 0 success, cost: 0ms, totalSlot: 1, currentSlotIndex: 0
[INFO] 2025-10-13 10:56:59.666 +0800 o.a.d.s.m.c.IdSlotBasedCommandFetcher:[67] - Fetch commands: 0 success, cost: 0ms, totalSlot: 1, currentSlotIndex: 0
[INFO] 2025-10-13 10:57:00.738 +0800 o.a.d.s.m.c.IdSlotBasedCommandFetcher:[67] - Fetch commands: 0 success, cost: 0ms, totalSlot: 1, currentSlotIndex: 0
[INFO] 2025-10-13 10:57:01.809 +0800 o.a.d.s.m.c.IdSlotBasedCommandFetcher:[67] - Fetch commands: 0 success, cost: 0ms, totalSlot: 1, currentSlotIndex: 0
[INFO] 2025-10-13 10:57:02.881 +0800 o.a.d.s.m.c.IdSlotBasedCommandFetcher:[67] - Fetch commands: 0 success, cost: 0ms, totalSlot: 1, currentSlotIndex: 0
[INFO] 2025-10-13 10:57:03.431 +0800 o.a.d.s.m.r.t.TaskGroupCoordinator:[187] - Success amend TaskGroupQueue status cost: 0/ms
[INFO] 2025-10-13 10:57:03.432 +0800 o.a.d.s.m.r.t.TaskGroupCoordinator:[241] - Success deal with force start TaskGroupQueue cost: 0/ms
[INFO] 2025-10-13 10:57:03.432 +0800 o.a.d.s.m.r.t.TaskGroupCoordinator:[129] - TaskGroupCoordinator round time cost: 0/ms
[INFO] 2025-10-13 10:57:03.956 +0800 o.a.d.s.m.c.IdSlotBasedCommandFetcher:[67] - Fetch commands: 0 success, cost: 0ms, totalSlot: 1, currentSlotIndex: 0
[INFO] 2025-10-13 10:57:04.956 +0800 o.a.d.s.m.c.IdSlotBasedCommandFetcher:[67] - Fetch commands: 0 success, cost: 0ms, totalSlot: 1, currentSlotIndex: 0
[INFO] 2025-10-13 10:57:05.957 +0800 o.a.d.s.m.c.IdSlotBasedCommandFetcher:[67] - Fetch commands: 0 success, cost: 0ms, totalSlot: 1, currentSlotIndex: 0
[INFO] 2025-10-13 10:57:06.958 +0800 o.a.d.s.m.c.IdSlotBasedCommandFetcher:[67] - Fetch commands: 0 success, cost: 0ms, totalSlot: 1, currentSlotIndex: 0
[INFO] 2025-10-13 10:57:07.958 +0800 o.a.d.s.m.c.IdSlotBasedCommandFetcher:[67] - Fetch commands: 0 success, cost: 0ms, totalSlot: 1, currentSlotIndex: 0
[INFO] 2025-10-13 10:57:08.436 +0800 o.a.d.s.m.r.t.TaskGroupCoordinator:[187] - Success amend TaskGroupQueue status cost: 0/ms
[INFO] 2025-10-13 10:57:08.436 +0800 o.a.d.s.m.r.t.TaskGroupCoordinator:[241] - Success deal with force start TaskGroupQueue cost: 0/ms
[INFO] 2025-10-13 10:57:08.436 +0800 o.a.d.s.m.r.t.TaskGroupCoordinator:[129] - TaskGroupCoordinator round time cost: 0/ms
[INFO] 2025-10-13 10:57:08.959 +0800 o.a.d.s.m.c.IdSlotBasedCommandFetcher:[67] - Fetch commands: 0 success, cost: 0ms, totalSlot: 1, currentSlotIndex: 0
[INFO] 2025-10-13 10:57:09.960 +0800 o.a.d.s.m.c.IdSlotBasedCommandFetcher:[67] - Fetch commands: 0 success, cost: 0ms, totalSlot: 1, currentSlotIndex: 0
[INFO] 2025-10-13 10:57:10.961 +0800 o.a.d.s.m.c.IdSlotBasedCommandFetcher:[67] - Fetch commands: 0 success, cost: 0ms, totalSlot: 1, currentSlotIndex: 0
[INFO] 2025-10-13 10:57:11.961 +0800 o.a.d.s.m.c.IdSlotBasedCommandFetcher:[67] - Fetch commands: 0 success, cost: 0ms, totalSlot: 1, currentSlotIndex: 0
[INFO] 2025-10-13 10:57:12.961 +0800 o.a.d.s.m.c.IdSlotBasedCommandFetcher:[67] - Fetch commands: 0 success, cost: 0ms, totalSlot: 1, currentSlotIndex: 0
[INFO] 2025-10-13 10:57:13.442 +0800 o.a.d.s.m.r.t.TaskGroupCoordinator:[187] - Success amend TaskGroupQueue status cost: 0/ms
[INFO] 2025-10-13 10:57:13.442 +0800 o.a.d.s.m.r.t.TaskGroupCoordinator:[241] - Success deal with force start TaskGroupQueue cost: 0/ms
[INFO] 2025-10-13 10:57:13.442 +0800 o.a.d.s.m.r.t.TaskGroupCoordinator:[129] - TaskGroupCoordinator round time cost: 0/ms
[INFO] 2025-10-13 10:57:13.962 +0800 o.a.d.s.m.c.IdSlotBasedCommandFetcher:[67] - Fetch commands: 0 success, cost: 0ms, totalSlot: 1, currentSlotIndex: 0
[INFO] 2025-10-13 10:57:14.962 +0800 o.a.d.s.m.c.IdSlotBasedCommandFetcher:[67] - Fetch commands: 0 success, cost: 0ms, totalSlot: 1, currentSlotIndex: 0
[INFO] 2025-10-13 10:57:16.078 +0800 o.a.d.s.m.c.IdSlotBasedCommandFetcher:[67] - Fetch commands: 0 success, cost: 0ms, totalSlot: 1, currentSlotIndex: 0
[INFO] 2025-10-13 10:57:17.142 +0800 o.a.d.s.m.c.IdSlotBasedCommandFetcher:[67] - Fetch commands: 0 success, cost: 0ms, totalSlot: 1, currentSlotIndex: 0
[INFO] 2025-10-13 10:57:18.223 +0800 o.a.d.s.m.c.IdSlotBasedCommandFetcher:[67] - Fetch commands: 0 success, cost: 0ms, totalSlot: 1, currentSlotIndex: 0
[INFO] 2025-10-13 10:57:18.450 +0800 o.a.d.s.m.r.t.TaskGroupCoordinator:[187] - Success amend TaskGroupQueue status cost: 0/ms
[INFO] 2025-10-13 10:57:18.451 +0800 o.a.d.s.m.r.t.TaskGroupCoordinator:[241] - Success deal with force start TaskGroupQueue cost: 0/ms
[INFO] 2025-10-13 10:57:18.451 +0800 o.a.d.s.m.r.t.TaskGroupCoordinator:[129] - TaskGroupCoordinator round time cost: 0/ms
[INFO] 2025-10-13 10:57:19.293 +0800 o.a.d.s.m.c.IdSlotBasedCommandFetcher:[67] - Fetch commands: 0 success, cost: 0ms, totalSlot: 1, currentSlotIndex: 0
[INFO] 2025-10-13 10:57:20.372 +0800 o.a.d.s.m.c.IdSlotBasedCommandFetcher:[67] - Fetch commands: 0 success, cost: 0ms, totalSlot: 1, currentSlotIndex: 0
[INFO] 2025-10-13 10:57:21.442 +0800 o.a.d.s.m.c.IdSlotBasedCommandFetcher:[67] - Fetch commands: 0 success, cost: 0ms, totalSlot: 1, currentSlotIndex: 0
[INFO] 2025-10-13 10:57:22.573 +0800 o.a.d.s.m.c.IdSlotBasedCommandFetcher:[67] - Fetch commands: 0 success, cost: 0ms, totalSlot: 1, currentSlotIndex: 0
[INFO] 2025-10-13 10:57:23.463 +0800 o.a.d.s.m.r.t.TaskGroupCoordinator:[187] - Success amend TaskGroupQueue status cost: 0/ms
[INFO] 2025-10-13 10:57:23.463 +0800 o.a.d.s.m.r.t.TaskGroupCoordinator:[241] - Success deal with force start TaskGroupQueue cost: 0/ms
[INFO] 2025-10-13 10:57:23.463 +0800 o.a.d.s.m.r.t.TaskGroupCoordinator:[129] - TaskGroupCoordinator round time cost: 0/ms
[INFO] 2025-10-13 10:57:23.576 +0800 o.a.d.s.m.c.IdSlotBasedCommandFetcher:[67] - Fetch commands: 0 success, cost: 0ms, totalSlot: 1, currentSlotIndex: 0
[INFO] 2025-10-13 10:57:24.590 +0800 o.a.d.s.m.c.IdSlotBasedCommandFetcher:[67] - Fetch commands: 0 success, cost: 0ms, totalSlot: 1, currentSlotIndex: 0
[INFO] 2025-10-13 10:57:25.591 +0800 o.a.d.s.m.c.IdSlotBasedCommandFetcher:[67] - Fetch commands: 0 success, cost: 0ms, totalSlot: 1, currentSlotIndex: 0
[INFO] 2025-10-13 10:57:26.605 +0800 o.a.d.s.m.c.IdSlotBasedCommandFetcher:[67] - Fetch commands: 0 success, cost: 0ms, totalSlot: 1, currentSlotIndex: 0
[INFO] 2025-10-13 10:57:27.606 +0800 o.a.d.s.m.c.IdSlotBasedCommandFetcher:[67] - Fetch commands: 0 success, cost: 0ms, totalSlot: 1, currentSlotIndex: 0
[INFO] 2025-10-13 10:57:28.479 +0800 o.a.d.s.m.r.t.TaskGroupCoordinator:[187] - Success amend TaskGroupQueue status cost: 0/ms
[INFO] 2025-10-13 10:57:28.480 +0800 o.a.d.s.m.r.t.TaskGroupCoordinator:[241] - Success deal with force start TaskGroupQueue cost: 0/ms
[INFO] 2025-10-13 10:57:28.480 +0800 o.a.d.s.m.r.t.TaskGroupCoordinator:[129] - TaskGroupCoordinator round time cost: 0/ms
[INFO] 2025-10-13 10:57:28.606 +0800 o.a.d.s.m.c.IdSlotBasedCommandFetcher:[67] - Fetch commands: 0 success, cost: 0ms, totalSlot: 1, currentSlotIndex: 0
[INFO] 2025-10-13 10:57:29.606 +0800 o.a.d.s.m.c.IdSlotBasedCommandFetcher:[67] - Fetch commands: 0 success, cost: 0ms, totalSlot: 1, currentSlotIndex: 0
[INFO] 2025-10-13 10:57:30.607 +0800 o.a.d.s.m.c.IdSlotBasedCommandFetcher:[67] - Fetch commands: 0 success, cost: 0ms, totalSlot: 1, currentSlotIndex: 0
[INFO] 2025-10-13 10:57:31.607 +0800 o.a.d.s.m.c.IdSlotBasedCommandFetcher:[67] - Fetch commands: 0 success, cost: 0ms, totalSlot: 1, currentSlotIndex: 0
[INFO] 2025-10-13 10:57:32.608 +0800 o.a.d.s.m.c.IdSlotBasedCommandFetcher:[67] - Fetch commands: 0 success, cost: 0ms, totalSlot: 1, currentSlotIndex: 0
[INFO] 2025-10-13 10:57:33.484 +0800 o.a.d.s.m.r.t.TaskGroupCoordinator:[187] - Success amend TaskGroupQueue status cost: 0/ms
[INFO] 2025-10-13 10:57:33.484 +0800 o.a.d.s.m.r.t.TaskGroupCoordinator:[241] - Success deal with force start TaskGroupQueue cost: 0/ms
[INFO] 2025-10-13 10:57:33.484 +0800 o.a.d.s.m.r.t.TaskGroupCoordinator:[129] - TaskGroupCoordinator round time cost: 0/ms
[INFO] 2025-10-13 10:57:33.608 +0800 o.a.d.s.m.c.IdSlotBasedCommandFetcher:[67] - Fetch commands: 0 success, cost: 0ms, totalSlot: 1, currentSlotIndex: 0
[INFO] 2025-10-13 10:57:34.609 +0800 o.a.d.s.m.c.IdSlotBasedCommandFetcher:[67] - Fetch commands: 0 success, cost: 0ms, totalSlot: 1, currentSlotIndex: 0
[INFO] 2025-10-13 10:57:35.690 +0800 o.a.d.s.m.c.IdSlotBasedCommandFetcher:[67] - Fetch commands: 0 success, cost: 0ms, totalSlot: 1, currentSlotIndex: 0
[INFO] 2025-10-13 10:57:36.769 +0800 o.a.d.s.m.c.IdSlotBasedCommandFetcher:[67] - Fetch commands: 0 success, cost: 0ms, totalSlot: 1, currentSlotIndex: 0
[INFO] 2025-10-13 10:57:37.841 +0800 o.a.d.s.m.c.IdSlotBasedCommandFetcher:[67] - Fetch commands: 0 success, cost: 0ms, totalSlot: 1, currentSlotIndex: 0
[INFO] 2025-10-13 10:57:38.490 +0800 o.a.d.s.m.r.t.TaskGroupCoordinator:[187] - Success amend TaskGroupQueue status cost: 0/ms
[INFO] 2025-10-13 10:57:38.490 +0800 o.a.d.s.m.r.t.TaskGroupCoordinator:[241] - Success deal with force start TaskGroupQueue cost: 0/ms
[INFO] 2025-10-13 10:57:38.490 +0800 o.a.d.s.m.r.t.TaskGroupCoordinator:[129] - TaskGroupCoordinator round time cost: 0/ms
[INFO] 2025-10-13 10:57:38.980 +0800 o.a.d.s.m.c.IdSlotBasedCommandFetcher:[67] - Fetch commands: 0 success, cost: 1ms, totalSlot: 1, currentSlotIndex: 0
[INFO] 2025-10-13 10:57:39.981 +0800 o.a.d.s.m.c.IdSlotBasedCommandFetcher:[67] - Fetch commands: 0 success, cost: 0ms, totalSlot: 1, currentSlotIndex: 0
[INFO] 2025-10-13 10:57:40.989 +0800 o.a.d.s.m.c.IdSlotBasedCommandFetcher:[67] - Fetch commands: 0 success, cost: 0ms, totalSlot: 1, currentSlotIndex: 0
[INFO] 2025-10-13 10:57:41.990 +0800 o.a.d.s.m.c.IdSlotBasedCommandFetcher:[67] - Fetch commands: 0 success, cost: 0ms, totalSlot: 1, currentSlotIndex: 0
[INFO] 2025-10-13 10:57:42.990 +0800 o.a.d.s.m.c.IdSlotBasedCommandFetcher:[67] - Fetch commands: 0 success, cost: 0ms, totalSlot: 1, currentSlotIndex: 0
[INFO] 2025-10-13 10:57:43.500 +0800 o.a.d.s.m.r.t.TaskGroupCoordinator:[187] - Success amend TaskGroupQueue status cost: 0/ms
[INFO] 2025-10-13 10:57:43.501 +0800 o.a.d.s.m.r.t.TaskGroupCoordinator:[241] - Success deal with force start TaskGroupQueue cost: 0/ms
[INFO] 2025-10-13 10:57:43.501 +0800 o.a.d.s.m.r.t.TaskGroupCoordinator:[129] - TaskGroupCoordinator round time cost: 0/ms
[INFO] 2025-10-13 10:57:43.991 +0800 o.a.d.s.m.c.IdSlotBasedCommandFetcher:[67] - Fetch commands: 0 success, cost: 0ms, totalSlot: 1, currentSlotIndex: 0
[INFO] 2025-10-13 10:57:44.998 +0800 o.a.d.s.m.c.IdSlotBasedCommandFetcher:[67] - Fetch commands: 0 success, cost: 0ms, totalSlot: 1, currentSlotIndex: 0
[INFO] 2025-10-13 10:57:45.998 +0800 o.a.d.s.m.c.IdSlotBasedCommandFetcher:[67] - Fetch commands: 0 success, cost: 0ms, totalSlot: 1, currentSlotIndex: 0
[INFO] 2025-10-13 10:57:47.009 +0800 o.a.d.s.m.c.IdSlotBasedCommandFetcher:[67] - Fetch commands: 0 success, cost: 0ms, totalSlot: 1, currentSlotIndex: 0
[INFO] 2025-10-13 10:57:48.010 +0800 o.a.d.s.m.c.IdSlotBasedCommandFetcher:[67] - Fetch commands: 0 success, cost: 0ms, totalSlot: 1, currentSlotIndex: 0
[INFO] 2025-10-13 10:57:48.505 +0800 o.a.d.s.m.r.t.TaskGroupCoordinator:[187] - Success amend TaskGroupQueue status cost: 0/ms
[INFO] 2025-10-13 10:57:48.505 +0800 o.a.d.s.m.r.t.TaskGroupCoordinator:[241] - Success deal with force start TaskGroupQueue cost: 0/ms
[INFO] 2025-10-13 10:57:48.505 +0800 o.a.d.s.m.r.t.TaskGroupCoordinator:[129] - TaskGroupCoordinator round time cost: 0/ms
[INFO] 2025-10-13 10:57:49.010 +0800 o.a.d.s.m.c.IdSlotBasedCommandFetcher:[67] - Fetch commands: 0 success, cost: 0ms, totalSlot: 1, currentSlotIndex: 0
[INFO] 2025-10-13 10:57:50.011 +0800 o.a.d.s.m.c.IdSlotBasedCommandFetcher:[67] - Fetch commands: 0 success, cost: 0ms, totalSlot: 1, currentSlotIndex: 0
[INFO] 2025-10-13 10:57:51.012 +0800 o.a.d.s.m.c.IdSlotBasedCommandFetcher:[67] - Fetch commands: 0 success, cost: 0ms, totalSlot: 1, currentSlotIndex: 0
[INFO] 2025-10-13 10:57:52.129 +0800 o.a.d.s.m.c.IdSlotBasedCommandFetcher:[67] - Fetch commands: 0 success, cost: 0ms, totalSlot: 1, currentSlotIndex: 0
[INFO] 2025-10-13 10:57:53.200 +0800 o.a.d.s.m.c.IdSlotBasedCommandFetcher:[67] - Fetch commands: 0 success, cost: 0ms, totalSlot: 1, currentSlotIndex: 0
[INFO] 2025-10-13 10:57:53.514 +0800 o.a.d.s.m.r.t.TaskGroupCoordinator:[187] - Success amend TaskGroupQueue status cost: 0/ms
[INFO] 2025-10-13 10:57:53.514 +0800 o.a.d.s.m.r.t.TaskGroupCoordinator:[241] - Success deal with force start TaskGroupQueue cost: 0/ms
[INFO] 2025-10-13 10:57:53.514 +0800 o.a.d.s.m.r.t.TaskGroupCoordinator:[129] - TaskGroupCoordinator round time cost: 0/ms
[INFO] 2025-10-13 10:57:54.272 +0800 o.a.d.s.m.c.IdSlotBasedCommandFetcher:[67] - Fetch commands: 0 success, cost: 1ms, totalSlot: 1, currentSlotIndex: 0
[INFO] 2025-10-13 10:57:55.384 +0800 o.a.d.s.m.c.IdSlotBasedCommandFetcher:[67] - Fetch commands: 0 success, cost: 0ms, totalSlot: 1, currentSlotIndex: 0
[INFO] 2025-10-13 10:57:56.384 +0800 o.a.d.s.m.c.IdSlotBasedCommandFetcher:[67] - Fetch commands: 0 success, cost: 0ms, totalSlot: 1, currentSlotIndex: 0
[INFO] 2025-10-13 10:57:57.385 +0800 o.a.d.s.m.c.IdSlotBasedCommandFetcher:[67] - Fetch commands: 0 success, cost: 0ms, totalSlot: 1, currentSlotIndex: 0
[INFO] 2025-10-13 10:57:58.386 +0800 o.a.d.s.m.c.IdSlotBasedCommandFetcher:[67] - Fetch commands: 0 success, cost: 0ms, totalSlot: 1, currentSlotIndex: 0
[INFO] 2025-10-13 10:57:58.522 +0800 o.a.d.s.m.r.t.TaskGroupCoordinator:[187] - Success amend TaskGroupQueue status cost: 0/ms
[INFO] 2025-10-13 10:57:58.522 +0800 o.a.d.s.m.r.t.TaskGroupCoordinator:[241] - Success deal with force start TaskGroupQueue cost: 0/ms
[INFO] 2025-10-13 10:57:58.522 +0800 o.a.d.s.m.r.t.TaskGroupCoordinator:[129] - TaskGroupCoordinator round time cost: 0/ms
[INFO] 2025-10-13 10:57:59.386 +0800 o.a.d.s.m.c.IdSlotBasedCommandFetcher:[67] - Fetch commands: 0 success, cost: 0ms, totalSlot: 1, currentSlotIndex: 0
[INFO] 2025-10-13 10:58:00.387 +0800 o.a.d.s.m.c.IdSlotBasedCommandFetcher:[67] - Fetch commands: 0 success, cost: 0ms, totalSlot: 1, currentSlotIndex: 0
[INFO] 2025-10-13 10:58:01.388 +0800 o.a.d.s.m.c.IdSlotBasedCommandFetcher:[67] - Fetch commands: 0 success, cost: 0ms, totalSlot: 1, currentSlotIndex: 0
[INFO] 2025-10-13 10:58:02.388 +0800 o.a.d.s.m.c.IdSlotBasedCommandFetcher:[67] - Fetch commands: 0 success, cost: 0ms, totalSlot: 1, currentSlotIndex: 0
[INFO] 2025-10-13 10:58:03.388 +0800 o.a.d.s.m.c.IdSlotBasedCommandFetcher:[67] - Fetch commands: 0 success, cost: 0ms, totalSlot: 1, currentSlotIndex: 0
[INFO] 2025-10-13 10:58:03.527 +0800 o.a.d.s.m.r.t.TaskGroupCoordinator:[187] - Success amend TaskGroupQueue status cost: 0/ms
[INFO] 2025-10-13 10:58:03.527 +0800 o.a.d.s.m.r.t.TaskGroupCoordinator:[241] - Success deal with force start TaskGroupQueue cost: 0/ms
[INFO] 2025-10-13 10:58:03.527 +0800 o.a.d.s.m.r.t.TaskGroupCoordinator:[129] - TaskGroupCoordinator round time cost: 1/ms
[INFO] 2025-10-13 10:58:04.388 +0800 o.a.d.s.m.c.IdSlotBasedCommandFetcher:[67] - Fetch commands: 0 success, cost: 0ms, totalSlot: 1, currentSlotIndex: 0
[INFO] 2025-10-13 10:58:05.389 +0800 o.a.d.s.m.c.IdSlotBasedCommandFetcher:[67] - Fetch commands: 0 success, cost: 0ms, totalSlot: 1, currentSlotIndex: 0
[INFO] 2025-10-13 10:58:06.389 +0800 o.a.d.s.m.c.IdSlotBasedCommandFetcher:[67] - Fetch commands: 0 success, cost: 0ms, totalSlot: 1, currentSlotIndex: 0
[INFO] 2025-10-13 10:58:07.511 +0800 o.a.d.s.m.c.IdSlotBasedCommandFetcher:[67] - Fetch commands: 0 success, cost: 0ms, totalSlot: 1, currentSlotIndex: 0
[INFO] 2025-10-13 10:58:08.532 +0800 o.a.d.s.m.r.t.TaskGroupCoordinator:[187] - Success amend TaskGroupQueue status cost: 0/ms
[INFO] 2025-10-13 10:58:08.532 +0800 o.a.d.s.m.r.t.TaskGroupCoordinator:[241] - Success deal with force start TaskGroupQueue cost: 0/ms
[INFO] 2025-10-13 10:58:08.532 +0800 o.a.d.s.m.r.t.TaskGroupCoordinator:[129] - TaskGroupCoordinator round time cost: 0/ms
[INFO] 2025-10-13 10:58:08.581 +0800 o.a.d.s.m.c.IdSlotBasedCommandFetcher:[67] - Fetch commands: 0 success, cost: 0ms, totalSlot: 1, currentSlotIndex: 0
[INFO] 2025-10-13 10:58:09.668 +0800 o.a.d.s.m.c.IdSlotBasedCommandFetcher:[67] - Fetch commands: 0 success, cost: 0ms, totalSlot: 1, currentSlotIndex: 0
[INFO] 2025-10-13 10:58:10.738 +0800 o.a.d.s.m.c.IdSlotBasedCommandFetcher:[67] - Fetch commands: 0 success, cost: 0ms, totalSlot: 1, currentSlotIndex: 0
[INFO] 2025-10-13 10:58:11.813 +0800 o.a.d.s.m.c.IdSlotBasedCommandFetcher:[67] - Fetch commands: 0 success, cost: 1ms, totalSlot: 1, currentSlotIndex: 0
[INFO] 2025-10-13 10:58:12.885 +0800 o.a.d.s.m.c.IdSlotBasedCommandFetcher:[67] - Fetch commands: 0 success, cost: 0ms, totalSlot: 1, currentSlotIndex: 0
[INFO] 2025-10-13 10:58:13.536 +0800 o.a.d.s.m.r.t.TaskGroupCoordinator:[187] - Success amend TaskGroupQueue status cost: 0/ms
[INFO] 2025-10-13 10:58:13.536 +0800 o.a.d.s.m.r.t.TaskGroupCoordinator:[241] - Success deal with force start TaskGroupQueue cost: 0/ms
[INFO] 2025-10-13 10:58:13.536 +0800 o.a.d.s.m.r.t.TaskGroupCoordinator:[129] - TaskGroupCoordinator round time cost: 0/ms
[INFO] 2025-10-13 10:58:13.953 +0800 o.a.d.s.m.c.IdSlotBasedCommandFetcher:[67] - Fetch commands: 0 success, cost: 0ms, totalSlot: 1, currentSlotIndex: 0
[INFO] 2025-10-13 10:58:14.953 +0800 o.a.d.s.m.c.IdSlotBasedCommandFetcher:[67] - Fetch commands: 0 success, cost: 0ms, totalSlot: 1, currentSlotIndex: 0
[INFO] 2025-10-13 10:58:15.954 +0800 o.a.d.s.m.c.IdSlotBasedCommandFetcher:[67] - Fetch commands: 0 success, cost: 0ms, totalSlot: 1, currentSlotIndex: 0
[INFO] 2025-10-13 10:58:16.954 +0800 o.a.d.s.m.c.IdSlotBasedCommandFetcher:[67] - Fetch commands: 0 success, cost: 0ms, totalSlot: 1, currentSlotIndex: 0
[INFO] 2025-10-13 10:58:17.954 +0800 o.a.d.s.m.c.IdSlotBasedCommandFetcher:[67] - Fetch commands: 0 success, cost: 0ms, totalSlot: 1, currentSlotIndex: 0
[INFO] 2025-10-13 10:58:18.541 +0800 o.a.d.s.m.r.t.TaskGroupCoordinator:[187] - Success amend TaskGroupQueue status cost: 0/ms
[INFO] 2025-10-13 10:58:18.542 +0800 o.a.d.s.m.r.t.TaskGroupCoordinator:[241] - Success deal with force start TaskGroupQueue cost: 0/ms
[INFO] 2025-10-13 10:58:18.542 +0800 o.a.d.s.m.r.t.TaskGroupCoordinator:[129] - TaskGroupCoordinator round time cost: 0/ms
[INFO] 2025-10-13 10:58:18.955 +0800 o.a.d.s.m.c.IdSlotBasedCommandFetcher:[67] - Fetch commands: 0 success, cost: 0ms, totalSlot: 1, currentSlotIndex: 0
[INFO] 2025-10-13 10:58:19.955 +0800 o.a.d.s.m.c.IdSlotBasedCommandFetcher:[67] - Fetch commands: 0 success, cost: 0ms, totalSlot: 1, currentSlotIndex: 0
[INFO] 2025-10-13 10:58:20.955 +0800 o.a.d.s.m.c.IdSlotBasedCommandFetcher:[67] - Fetch commands: 0 success, cost: 0ms, totalSlot: 1, currentSlotIndex: 0
[INFO] 2025-10-13 10:58:21.956 +0800 o.a.d.s.m.c.IdSlotBasedCommandFetcher:[67] - Fetch commands: 0 success, cost: 0ms, totalSlot: 1, currentSlotIndex: 0
[INFO] 2025-10-13 10:58:22.957 +0800 o.a.d.s.m.c.IdSlotBasedCommandFetcher:[67] - Fetch commands: 0 success, cost: 0ms, totalSlot: 1, currentSlotIndex: 0
[INFO] 2025-10-13 10:58:23.547 +0800 o.a.d.s.m.r.t.TaskGroupCoordinator:[187] - Success amend TaskGroupQueue status cost: 0/ms
[INFO] 2025-10-13 10:58:23.547 +0800 o.a.d.s.m.r.t.TaskGroupCoordinator:[241] - Success deal with force start TaskGroupQueue cost: 0/ms
[INFO] 2025-10-13 10:58:23.547 +0800 o.a.d.s.m.r.t.TaskGroupCoordinator:[129] - TaskGroupCoordinator round time cost: 0/ms
[INFO] 2025-10-13 10:58:23.957 +0800 o.a.d.s.m.c.IdSlotBasedCommandFetcher:[67] - Fetch commands: 0 success, cost: 0ms, totalSlot: 1, currentSlotIndex: 0
[INFO] 2025-10-13 10:58:24.958 +0800 o.a.d.s.m.c.IdSlotBasedCommandFetcher:[67] - Fetch commands: 0 success, cost: 0ms, totalSlot: 1, currentSlotIndex: 0
[INFO] 2025-10-13 10:58:26.061 +0800 o.a.d.s.m.c.IdSlotBasedCommandFetcher:[67] - Fetch commands: 0 success, cost: 0ms, totalSlot: 1, currentSlotIndex: 0
[INFO] 2025-10-13 10:58:27.133 +0800 o.a.d.s.m.c.IdSlotBasedCommandFetcher:[67] - Fetch commands: 0 success, cost: 1ms, totalSlot: 1, currentSlotIndex: 0
[INFO] 2025-10-13 10:58:28.205 +0800 o.a.d.s.m.c.IdSlotBasedCommandFetcher:[67] - Fetch commands: 0 success, cost: 0ms, totalSlot: 1, currentSlotIndex: 0
[INFO] 2025-10-13 10:58:28.551 +0800 o.a.d.s.m.r.t.TaskGroupCoordinator:[187] - Success amend TaskGroupQueue status cost: 0/ms
[INFO] 2025-10-13 10:58:28.551 +0800 o.a.d.s.m.r.t.TaskGroupCoordinator:[241] - Success deal with force start TaskGroupQueue cost: 0/ms
[INFO] 2025-10-13 10:58:28.551 +0800 o.a.d.s.m.r.t.TaskGroupCoordinator:[129] - TaskGroupCoordinator round time cost: 0/ms
[INFO] 2025-10-13 10:58:29.270 +0800 o.a.d.s.m.c.IdSlotBasedCommandFetcher:[67] - Fetch commands: 0 success, cost: 0ms, totalSlot: 1, currentSlotIndex: 0
[INFO] 2025-10-13 10:58:30.339 +0800 o.a.d.s.m.c.IdSlotBasedCommandFetcher:[67] - Fetch commands: 0 success, cost: 0ms, totalSlot: 1, currentSlotIndex: 0
[INFO] 2025-10-13 10:58:31.472 +0800 o.a.d.s.m.c.IdSlotBasedCommandFetcher:[67] - Fetch commands: 0 success, cost: 0ms, totalSlot: 1, currentSlotIndex: 0
[INFO] 2025-10-13 10:58:32.480 +0800 o.a.d.s.m.c.IdSlotBasedCommandFetcher:[67] - Fetch commands: 0 success, cost: 0ms, totalSlot: 1, currentSlotIndex: 0
[INFO] 2025-10-13 10:58:33.482 +0800 o.a.d.s.m.c.IdSlotBasedCommandFetcher:[67] - Fetch commands: 0 success, cost: 0ms, totalSlot: 1, currentSlotIndex: 0
[INFO] 2025-10-13 10:58:33.558 +0800 o.a.d.s.m.r.t.TaskGroupCoordinator:[187] - Success amend TaskGroupQueue status cost: 0/ms
[INFO] 2025-10-13 10:58:33.558 +0800 o.a.d.s.m.r.t.TaskGroupCoordinator:[241] - Success deal with force start TaskGroupQueue cost: 0/ms
[INFO] 2025-10-13 10:58:33.558 +0800 o.a.d.s.m.r.t.TaskGroupCoordinator:[129] - TaskGroupCoordinator round time cost: 0/ms
[INFO] 2025-10-13 10:58:34.484 +0800 o.a.d.s.m.c.IdSlotBasedCommandFetcher:[67] - Fetch commands: 0 success, cost: 0ms, totalSlot: 1, currentSlotIndex: 0
[INFO] 2025-10-13 10:58:35.485 +0800 o.a.d.s.m.c.IdSlotBasedCommandFetcher:[67] - Fetch commands: 0 success, cost: 0ms, totalSlot: 1, currentSlotIndex: 0
[INFO] 2025-10-13 10:58:36.488 +0800 o.a.d.s.m.c.IdSlotBasedCommandFetcher:[67] - Fetch commands: 0 success, cost: 0ms, totalSlot: 1, currentSlotIndex: 0
[INFO] 2025-10-13 10:58:37.493 +0800 o.a.d.s.m.c.IdSlotBasedCommandFetcher:[67] - Fetch commands: 0 success, cost: 0ms, totalSlot: 1, currentSlotIndex: 0
[INFO] 2025-10-13 10:58:38.566 +0800 o.a.d.s.m.r.t.TaskGroupCoordinator:[187] - Success amend TaskGroupQueue status cost: 0/ms
[INFO] 2025-10-13 10:58:38.566 +0800 o.a.d.s.m.r.t.TaskGroupCoordinator:[241] - Success deal with force start TaskGroupQueue cost: 0/ms
[INFO] 2025-10-13 10:58:38.566 +0800 o.a.d.s.m.r.t.TaskGroupCoordinator:[129] - TaskGroupCoordinator round time cost: 0/ms
[INFO] 2025-10-13 10:58:38.577 +0800 o.a.d.s.m.c.IdSlotBasedCommandFetcher:[67] - Fetch commands: 0 success, cost: 0ms, totalSlot: 1, currentSlotIndex: 0
[INFO] 2025-10-13 10:58:39.674 +0800 o.a.d.s.m.c.IdSlotBasedCommandFetcher:[67] - Fetch commands: 0 success, cost: 0ms, totalSlot: 1, currentSlotIndex: 0
[INFO] 2025-10-13 10:58:40.762 +0800 o.a.d.s.m.c.IdSlotBasedCommandFetcher:[67] - Fetch commands: 0 success, cost: 0ms, totalSlot: 1, currentSlotIndex: 0
[INFO] 2025-10-13 10:58:41.860 +0800 o.a.d.s.m.c.IdSlotBasedCommandFetcher:[67] - Fetch commands: 0 success, cost: 0ms, totalSlot: 1, currentSlotIndex: 0
[INFO] 2025-10-13 10:58:42.959 +0800 o.a.d.s.m.c.IdSlotBasedCommandFetcher:[67] - Fetch commands: 0 success, cost: 0ms, totalSlot: 1, currentSlotIndex: 0
[INFO] 2025-10-13 10:58:43.584 +0800 o.a.d.s.m.r.t.TaskGroupCoordinator:[187] - Success amend TaskGroupQueue status cost: 0/ms
[INFO] 2025-10-13 10:58:43.585 +0800 o.a.d.s.m.r.t.TaskGroupCoordinator:[241] - Success deal with force start TaskGroupQueue cost: 0/ms
[INFO] 2025-10-13 10:58:43.585 +0800 o.a.d.s.m.r.t.TaskGroupCoordinator:[129] - TaskGroupCoordinator round time cost: 0/ms
[INFO] 2025-10-13 10:58:44.047 +0800 o.a.d.s.m.c.IdSlotBasedCommandFetcher:[67] - Fetch commands: 0 success, cost: 0ms, totalSlot: 1, currentSlotIndex: 0
[INFO] 2025-10-13 10:58:45.135 +0800 o.a.d.s.m.c.IdSlotBasedCommandFetcher:[67] - Fetch commands: 0 success, cost: 0ms, totalSlot: 1, currentSlotIndex: 0
[INFO] 2025-10-13 10:58:46.230 +0800 o.a.d.s.m.c.IdSlotBasedCommandFetcher:[67] - Fetch commands: 0 success, cost: 0ms, totalSlot: 1, currentSlotIndex: 0
[INFO] 2025-10-13 10:58:47.474 +0800 o.a.d.s.m.c.IdSlotBasedCommandFetcher:[67] - Fetch commands: 0 success, cost: 1ms, totalSlot: 1, currentSlotIndex: 0
[INFO] 2025-10-13 10:58:48.489 +0800 o.a.d.s.m.c.IdSlotBasedCommandFetcher:[67] - Fetch commands: 0 success, cost: 0ms, totalSlot: 1, currentSlotIndex: 0
[INFO] 2025-10-13 10:58:48.601 +0800 o.a.d.s.m.r.t.TaskGroupCoordinator:[187] - Success amend TaskGroupQueue status cost: 0/ms
[INFO] 2025-10-13 10:58:48.601 +0800 o.a.d.s.m.r.t.TaskGroupCoordinator:[241] - Success deal with force start TaskGroupQueue cost: 0/ms
[INFO] 2025-10-13 10:58:48.601 +0800 o.a.d.s.m.r.t.TaskGroupCoordinator:[129] - TaskGroupCoordinator round time cost: 0/ms
[INFO] 2025-10-13 10:58:49.494 +0800 o.a.d.s.m.c.IdSlotBasedCommandFetcher:[67] - Fetch commands: 0 success, cost: 0ms, totalSlot: 1, currentSlotIndex: 0
[INFO] 2025-10-13 10:58:50.495 +0800 o.a.d.s.m.c.IdSlotBasedCommandFetcher:[67] - Fetch commands: 0 success, cost: 0ms, totalSlot: 1, currentSlotIndex: 0
[INFO] 2025-10-13 10:58:51.497 +0800 o.a.d.s.m.c.IdSlotBasedCommandFetcher:[67] - Fetch commands: 0 success, cost: 0ms, totalSlot: 1, currentSlotIndex: 0
[INFO] 2025-10-13 10:58:52.501 +0800 o.a.d.s.m.c.IdSlotBasedCommandFetcher:[67] - Fetch commands: 0 success, cost: 0ms, totalSlot: 1, currentSlotIndex: 0
[INFO] 2025-10-13 10:58:53.510 +0800 o.a.d.s.m.c.IdSlotBasedCommandFetcher:[67] - Fetch commands: 0 success, cost: 0ms, totalSlot: 1, currentSlotIndex: 0
[INFO] 2025-10-13 10:58:53.607 +0800 o.a.d.s.m.r.t.TaskGroupCoordinator:[187] - Success amend TaskGroupQueue status cost: 0/ms
[INFO] 2025-10-13 10:58:53.607 +0800 o.a.d.s.m.r.t.TaskGroupCoordinator:[241] - Success deal with force start TaskGroupQueue cost: 0/ms
[INFO] 2025-10-13 10:58:53.607 +0800 o.a.d.s.m.r.t.TaskGroupCoordinator:[129] - TaskGroupCoordinator round time cost: 0/ms
[INFO] 2025-10-13 10:58:54.514 +0800 o.a.d.s.m.c.IdSlotBasedCommandFetcher:[67] - Fetch commands: 0 success, cost: 0ms, totalSlot: 1, currentSlotIndex: 0
[INFO] 2025-10-13 10:58:55.523 +0800 o.a.d.s.m.c.IdSlotBasedCommandFetcher:[67] - Fetch commands: 0 success, cost: 0ms, totalSlot: 1, currentSlotIndex: 0
[INFO] 2025-10-13 10:58:56.525 +0800 o.a.d.s.m.c.IdSlotBasedCommandFetcher:[67] - Fetch commands: 0 success, cost: 0ms, totalSlot: 1, currentSlotIndex: 0
[INFO] 2025-10-13 10:58:57.720 +0800 o.a.d.s.m.c.IdSlotBasedCommandFetcher:[67] - Fetch commands: 0 success, cost: 0ms, totalSlot: 1, currentSlotIndex: 0
[INFO] 2025-10-13 10:58:58.626 +0800 o.a.d.s.m.r.t.TaskGroupCoordinator:[187] - Success amend TaskGroupQueue status cost: 0/ms
[INFO] 2025-10-13 10:58:58.626 +0800 o.a.d.s.m.r.t.TaskGroupCoordinator:[241] - Success deal with force start TaskGroupQueue cost: 0/ms
[INFO] 2025-10-13 10:58:58.626 +0800 o.a.d.s.m.r.t.TaskGroupCoordinator:[129] - TaskGroupCoordinator round time cost: 0/ms
[INFO] 2025-10-13 10:58:58.731 +0800 o.a.d.s.m.c.IdSlotBasedCommandFetcher:[67] - Fetch commands: 0 success, cost: 0ms, totalSlot: 1, currentSlotIndex: 0
[INFO] 2025-10-13 10:58:59.737 +0800 o.a.d.s.m.c.IdSlotBasedCommandFetcher:[67] - Fetch commands: 0 success, cost: 0ms, totalSlot: 1, currentSlotIndex: 0
[INFO] 2025-10-13 10:59:00.742 +0800 o.a.d.s.m.c.IdSlotBasedCommandFetcher:[67] - Fetch commands: 0 success, cost: 0ms, totalSlot: 1, currentSlotIndex: 0
[INFO] 2025-10-13 10:59:01.745 +0800 o.a.d.s.m.c.IdSlotBasedCommandFetcher:[67] - Fetch commands: 0 success, cost: 0ms, totalSlot: 1, currentSlotIndex: 0
[INFO] 2025-10-13 10:59:02.756 +0800 o.a.d.s.m.c.IdSlotBasedCommandFetcher:[67] - Fetch commands: 0 success, cost: 0ms, totalSlot: 1, currentSlotIndex: 0
[INFO] 2025-10-13 10:59:03.634 +0800 o.a.d.s.m.r.t.TaskGroupCoordinator:[187] - Success amend TaskGroupQueue status cost: 0/ms
[INFO] 2025-10-13 10:59:03.634 +0800 o.a.d.s.m.r.t.TaskGroupCoordinator:[241] - Success deal with force start TaskGroupQueue cost: 0/ms
[INFO] 2025-10-13 10:59:03.634 +0800 o.a.d.s.m.r.t.TaskGroupCoordinator:[129] - TaskGroupCoordinator round time cost: 0/ms
[INFO] 2025-10-13 10:59:03.763 +0800 o.a.d.s.m.c.IdSlotBasedCommandFetcher:[67] - Fetch commands: 0 success, cost: 0ms, totalSlot: 1, currentSlotIndex: 0
[INFO] 2025-10-13 10:59:04.768 +0800 o.a.d.s.m.c.IdSlotBasedCommandFetcher:[67] - Fetch commands: 0 success, cost: 0ms, totalSlot: 1, currentSlotIndex: 0
[INFO] 2025-10-13 10:59:05.784 +0800 o.a.d.s.m.c.IdSlotBasedCommandFetcher:[67] - Fetch commands: 0 success, cost: 0ms, totalSlot: 1, currentSlotIndex: 0
[INFO] 2025-10-13 10:59:06.995 +0800 o.a.d.s.m.c.IdSlotBasedCommandFetcher:[67] - Fetch commands: 0 success, cost: 0ms, totalSlot: 1, currentSlotIndex: 0
[INFO] 2025-10-13 10:59:08.119 +0800 o.a.d.s.m.c.IdSlotBasedCommandFetcher:[67] - Fetch commands: 0 success, cost: 1ms, totalSlot: 1, currentSlotIndex: 0
[INFO] 2025-10-13 10:59:08.643 +0800 o.a.d.s.m.r.t.TaskGroupCoordinator:[187] - Success amend TaskGroupQueue status cost: 0/ms
[INFO] 2025-10-13 10:59:08.643 +0800 o.a.d.s.m.r.t.TaskGroupCoordinator:[241] - Success deal with force start TaskGroupQueue cost: 0/ms
[INFO] 2025-10-13 10:59:08.643 +0800 o.a.d.s.m.r.t.TaskGroupCoordinator:[129] - TaskGroupCoordinator round time cost: 0/ms
[INFO] 2025-10-13 10:59:09.230 +0800 o.a.d.s.m.c.IdSlotBasedCommandFetcher:[67] - Fetch commands: 0 success, cost: 0ms, totalSlot: 1, currentSlotIndex: 0
[INFO] 2025-10-13 10:59:10.335 +0800 o.a.d.s.m.c.IdSlotBasedCommandFetcher:[67] - Fetch commands: 0 success, cost: 0ms, totalSlot: 1, currentSlotIndex: 0
[INFO] 2025-10-13 10:59:11.493 +0800 o.a.d.s.m.c.IdSlotBasedCommandFetcher:[67] - Fetch commands: 0 success, cost: 0ms, totalSlot: 1, currentSlotIndex: 0
[INFO] 2025-10-13 10:59:12.592 +0800 o.a.d.s.m.c.IdSlotBasedCommandFetcher:[67] - Fetch commands: 0 success, cost: 0ms, totalSlot: 1, currentSlotIndex: 0
[INFO] 2025-10-13 10:59:13.653 +0800 o.a.d.s.m.r.t.TaskGroupCoordinator:[187] - Success amend TaskGroupQueue status cost: 0/ms
[INFO] 2025-10-13 10:59:13.653 +0800 o.a.d.s.m.r.t.TaskGroupCoordinator:[241] - Success deal with force start TaskGroupQueue cost: 0/ms
[INFO] 2025-10-13 10:59:13.653 +0800 o.a.d.s.m.r.t.TaskGroupCoordinator:[129] - TaskGroupCoordinator round time cost: 0/ms
[INFO] 2025-10-13 10:59:13.695 +0800 o.a.d.s.m.c.IdSlotBasedCommandFetcher:[67] - Fetch commands: 0 success, cost: 0ms, totalSlot: 1, currentSlotIndex: 0
[INFO] 2025-10-13 10:59:14.795 +0800 o.a.d.s.m.c.IdSlotBasedCommandFetcher:[67] - Fetch commands: 0 success, cost: 0ms, totalSlot: 1, currentSlotIndex: 0
[INFO] 2025-10-13 10:59:15.992 +0800 o.a.d.s.m.c.IdSlotBasedCommandFetcher:[67] - Fetch commands: 0 success, cost: 3ms, totalSlot: 1, currentSlotIndex: 0
[INFO] 2025-10-13 10:59:17.007 +0800 o.a.d.s.m.c.IdSlotBasedCommandFetcher:[67] - Fetch commands: 0 success, cost: 0ms, totalSlot: 1, currentSlotIndex: 0
[INFO] 2025-10-13 10:59:18.013 +0800 o.a.d.s.m.c.IdSlotBasedCommandFetcher:[67] - Fetch commands: 0 success, cost: 0ms, totalSlot: 1, currentSlotIndex: 0
[INFO] 2025-10-13 10:59:18.671 +0800 o.a.d.s.m.r.t.TaskGroupCoordinator:[187] - Success amend TaskGroupQueue status cost: 0/ms
[INFO] 2025-10-13 10:59:18.671 +0800 o.a.d.s.m.r.t.TaskGroupCoordinator:[241] - Success deal with force start TaskGroupQueue cost: 0/ms
[INFO] 2025-10-13 10:59:18.671 +0800 o.a.d.s.m.r.t.TaskGroupCoordinator:[129] - TaskGroupCoordinator round time cost: 0/ms
[INFO] 2025-10-13 10:59:19.019 +0800 o.a.d.s.m.c.IdSlotBasedCommandFetcher:[67] - Fetch commands: 0 success, cost: 0ms, totalSlot: 1, currentSlotIndex: 0
[INFO] 2025-10-13 10:59:20.024 +0800 o.a.d.s.m.c.IdSlotBasedCommandFetcher:[67] - Fetch commands: 0 success, cost: 0ms, totalSlot: 1, currentSlotIndex: 0
[INFO] 2025-10-13 10:59:21.036 +0800 o.a.d.s.m.c.IdSlotBasedCommandFetcher:[67] - Fetch commands: 0 success, cost: 0ms, totalSlot: 1, currentSlotIndex: 0
[INFO] 2025-10-13 10:59:22.039 +0800 o.a.d.s.m.c.IdSlotBasedCommandFetcher:[67] - Fetch commands: 0 success, cost: 0ms, totalSlot: 1, currentSlotIndex: 0
[INFO] 2025-10-13 10:59:23.044 +0800 o.a.d.s.m.c.IdSlotBasedCommandFetcher:[67] - Fetch commands: 0 success, cost: 0ms, totalSlot: 1, currentSlotIndex: 0
[INFO] 2025-10-13 10:59:23.679 +0800 o.a.d.s.m.r.t.TaskGroupCoordinator:[187] - Success amend TaskGroupQueue status cost: 0/ms
[INFO] 2025-10-13 10:59:23.679 +0800 o.a.d.s.m.r.t.TaskGroupCoordinator:[241] - Success deal with force start TaskGroupQueue cost: 0/ms
[INFO] 2025-10-13 10:59:23.679 +0800 o.a.d.s.m.r.t.TaskGroupCoordinator:[129] - TaskGroupCoordinator round time cost: 0/ms
[INFO] 2025-10-13 10:59:24.044 +0800 o.a.d.s.m.c.IdSlotBasedCommandFetcher:[67] - Fetch commands: 0 success, cost: 0ms, totalSlot: 1, currentSlotIndex: 0
[INFO] 2025-10-13 10:59:25.303 +0800 o.a.d.m.m.BaseServerLoadProtection:[43] - OverLoad: the system cpu usage: 1.0 is over then the maxSystemCpuUsagePercentageThresholds 0.9
[WARN] 2025-10-13 10:59:25.304 +0800 o.a.d.s.m.r.MasterSchedulerBootstrap:[120] - The current server is overload, cannot consumes commands.
[INFO] 2025-10-13 10:59:25.339 +0800 o.a.d.m.m.BaseServerLoadProtection:[43] - OverLoad: the system cpu usage: 1.0 is over then the maxSystemCpuUsagePercentageThresholds 0.9
[INFO] 2025-10-13 10:59:26.289 +0800 o.a.d.m.m.BaseServerLoadProtection:[43] - OverLoad: the system cpu usage: 1.0 is over then the maxSystemCpuUsagePercentageThresholds 0.9
[INFO] 2025-10-13 10:59:26.307 +0800 o.a.d.m.m.BaseServerLoadProtection:[43] - OverLoad: the system cpu usage: 1.0 is over then the maxSystemCpuUsagePercentageThresholds 0.9
[WARN] 2025-10-13 10:59:26.308 +0800 o.a.d.s.m.r.MasterSchedulerBootstrap:[120] - The current server is overload, cannot consumes commands.
[INFO] 2025-10-13 10:59:27.322 +0800 o.a.d.s.m.c.IdSlotBasedCommandFetcher:[67] - Fetch commands: 0 success, cost: 0ms, totalSlot: 1, currentSlotIndex: 0
[INFO] 2025-10-13 10:59:28.325 +0800 o.a.d.s.m.c.IdSlotBasedCommandFetcher:[67] - Fetch commands: 0 success, cost: 0ms, totalSlot: 1, currentSlotIndex: 0
[INFO] 2025-10-13 10:59:28.687 +0800 o.a.d.s.m.r.t.TaskGroupCoordinator:[187] - Success amend TaskGroupQueue status cost: 0/ms
[INFO] 2025-10-13 10:59:28.687 +0800 o.a.d.s.m.r.t.TaskGroupCoordinator:[241] - Success deal with force start TaskGroupQueue cost: 0/ms
[INFO] 2025-10-13 10:59:28.688 +0800 o.a.d.s.m.r.t.TaskGroupCoordinator:[129] - TaskGroupCoordinator round time cost: 0/ms
[INFO] 2025-10-13 10:59:29.333 +0800 o.a.d.s.m.c.IdSlotBasedCommandFetcher:[67] - Fetch commands: 0 success, cost: 0ms, totalSlot: 1, currentSlotIndex: 0
[INFO] 2025-10-13 10:59:30.339 +0800 o.a.d.s.m.c.IdSlotBasedCommandFetcher:[67] - Fetch commands: 0 success, cost: 0ms, totalSlot: 1, currentSlotIndex: 0
[INFO] 2025-10-13 10:59:31.350 +0800 o.a.d.s.m.c.IdSlotBasedCommandFetcher:[67] - Fetch commands: 0 success, cost: 0ms, totalSlot: 1, currentSlotIndex: 0
[INFO] 2025-10-13 10:59:32.351 +0800 o.a.d.s.m.c.IdSlotBasedCommandFetcher:[67] - Fetch commands: 0 success, cost: 0ms, totalSlot: 1, currentSlotIndex: 0
[INFO] 2025-10-13 10:59:33.354 +0800 o.a.d.s.m.c.IdSlotBasedCommandFetcher:[67] - Fetch commands: 0 success, cost: 0ms, totalSlot: 1, currentSlotIndex: 0
[INFO] 2025-10-13 10:59:33.699 +0800 o.a.d.s.m.r.t.TaskGroupCoordinator:[187] - Success amend TaskGroupQueue status cost: 0/ms
[INFO] 2025-10-13 10:59:33.700 +0800 o.a.d.s.m.r.t.TaskGroupCoordinator:[241] - Success deal with force start TaskGroupQueue cost: 0/ms
[INFO] 2025-10-13 10:59:33.700 +0800 o.a.d.s.m.r.t.TaskGroupCoordinator:[129] - TaskGroupCoordinator round time cost: 0/ms
[INFO] 2025-10-13 10:59:34.358 +0800 o.a.d.s.m.c.IdSlotBasedCommandFetcher:[67] - Fetch commands: 0 success, cost: 1ms, totalSlot: 1, currentSlotIndex: 0
[INFO] 2025-10-13 10:59:35.364 +0800 o.a.d.s.m.c.IdSlotBasedCommandFetcher:[67] - Fetch commands: 0 success, cost: 0ms, totalSlot: 1, currentSlotIndex: 0
[INFO] 2025-10-13 10:59:36.553 +0800 o.a.d.s.m.c.IdSlotBasedCommandFetcher:[67] - Fetch commands: 0 success, cost: 0ms, totalSlot: 1, currentSlotIndex: 0
[INFO] 2025-10-13 10:59:37.563 +0800 o.a.d.s.m.c.IdSlotBasedCommandFetcher:[67] - Fetch commands: 0 success, cost: 0ms, totalSlot: 1, currentSlotIndex: 0
[INFO] 2025-10-13 10:59:38.565 +0800 o.a.d.s.m.c.IdSlotBasedCommandFetcher:[67] - Fetch commands: 0 success, cost: 0ms, totalSlot: 1, currentSlotIndex: 0
[INFO] 2025-10-13 10:59:38.716 +0800 o.a.d.s.m.r.t.TaskGroupCoordinator:[187] - Success amend TaskGroupQueue status cost: 0/ms
[INFO] 2025-10-13 10:59:38.716 +0800 o.a.d.s.m.r.t.TaskGroupCoordinator:[241] - Success deal with force start TaskGroupQueue cost: 0/ms
[INFO] 2025-10-13 10:59:38.716 +0800 o.a.d.s.m.r.t.TaskGroupCoordinator:[129] - TaskGroupCoordinator round time cost: 0/ms
[INFO] 2025-10-13 10:59:39.580 +0800 o.a.d.s.m.c.IdSlotBasedCommandFetcher:[67] - Fetch commands: 0 success, cost: 0ms, totalSlot: 1, currentSlotIndex: 0
[INFO] 2025-10-13 10:59:40.587 +0800 o.a.d.s.m.c.IdSlotBasedCommandFetcher:[67] - Fetch commands: 0 success, cost: 0ms, totalSlot: 1, currentSlotIndex: 0
[INFO] 2025-10-13 10:59:41.594 +0800 o.a.d.s.m.c.IdSlotBasedCommandFetcher:[67] - Fetch commands: 0 success, cost: 0ms, totalSlot: 1, currentSlotIndex: 0
[INFO] 2025-10-13 10:59:42.602 +0800 o.a.d.s.m.c.IdSlotBasedCommandFetcher:[67] - Fetch commands: 0 success, cost: 0ms, totalSlot: 1, currentSlotIndex: 0
[INFO] 2025-10-13 10:59:43.617 +0800 o.a.d.s.m.c.IdSlotBasedCommandFetcher:[67] - Fetch commands: 0 success, cost: 0ms, totalSlot: 1, currentSlotIndex: 0
[INFO] 2025-10-13 10:59:43.729 +0800 o.a.d.s.m.r.t.TaskGroupCoordinator:[187] - Success amend TaskGroupQueue status cost: 0/ms
[INFO] 2025-10-13 10:59:43.729 +0800 o.a.d.s.m.r.t.TaskGroupCoordinator:[241] - Success deal with force start TaskGroupQueue cost: 0/ms
[INFO] 2025-10-13 10:59:43.729 +0800 o.a.d.s.m.r.t.TaskGroupCoordinator:[129] - TaskGroupCoordinator round time cost: 0/ms
[INFO] 2025-10-13 10:59:44.630 +0800 o.a.d.s.m.c.IdSlotBasedCommandFetcher:[67] - Fetch commands: 0 success, cost: 0ms, totalSlot: 1, currentSlotIndex: 0
[INFO] 2025-10-13 10:59:45.637 +0800 o.a.d.s.m.c.IdSlotBasedCommandFetcher:[67] - Fetch commands: 0 success, cost: 0ms, totalSlot: 1, currentSlotIndex: 0
[INFO] 2025-10-13 10:59:46.646 +0800 o.a.d.s.m.c.IdSlotBasedCommandFetcher:[67] - Fetch commands: 0 success, cost: 1ms, totalSlot: 1, currentSlotIndex: 0
[INFO] 2025-10-13 10:59:47.773 +0800 o.a.d.s.m.c.IdSlotBasedCommandFetcher:[67] - Fetch commands: 0 success, cost: 0ms, totalSlot: 1, currentSlotIndex: 0
[INFO] 2025-10-13 10:59:48.742 +0800 o.a.d.s.m.r.t.TaskGroupCoordinator:[187] - Success amend TaskGroupQueue status cost: 0/ms
[INFO] 2025-10-13 10:59:48.742 +0800 o.a.d.s.m.r.t.TaskGroupCoordinator:[241] - Success deal with force start TaskGroupQueue cost: 0/ms
[INFO] 2025-10-13 10:59:48.742 +0800 o.a.d.s.m.r.t.TaskGroupCoordinator:[129] - TaskGroupCoordinator round time cost: 0/ms
[INFO] 2025-10-13 10:59:48.921 +0800 o.a.d.s.m.c.IdSlotBasedCommandFetcher:[67] - Fetch commands: 0 success, cost: 0ms, totalSlot: 1, currentSlotIndex: 0
[INFO] 2025-10-13 10:59:49.921 +0800 o.a.d.s.m.c.IdSlotBasedCommandFetcher:[67] - Fetch commands: 0 success, cost: 0ms, totalSlot: 1, currentSlotIndex: 0
[INFO] 2025-10-13 10:59:50.931 +0800 o.a.d.s.m.c.IdSlotBasedCommandFetcher:[67] - Fetch commands: 0 success, cost: 0ms, totalSlot: 1, currentSlotIndex: 0
[INFO] 2025-10-13 10:59:51.946 +0800 o.a.d.s.m.c.IdSlotBasedCommandFetcher:[67] - Fetch commands: 0 success, cost: 0ms, totalSlot: 1, currentSlotIndex: 0
[INFO] 2025-10-13 10:59:52.946 +0800 o.a.d.s.m.c.IdSlotBasedCommandFetcher:[67] - Fetch commands: 0 success, cost: 0ms, totalSlot: 1, currentSlotIndex: 0
[INFO] 2025-10-13 10:59:53.753 +0800 o.a.d.s.m.r.t.TaskGroupCoordinator:[187] - Success amend TaskGroupQueue status cost: 0/ms
[INFO] 2025-10-13 10:59:53.753 +0800 o.a.d.s.m.r.t.TaskGroupCoordinator:[241] - Success deal with force start TaskGroupQueue cost: 0/ms
[INFO] 2025-10-13 10:59:53.753 +0800 o.a.d.s.m.r.t.TaskGroupCoordinator:[129] - TaskGroupCoordinator round time cost: 0/ms
[INFO] 2025-10-13 10:59:53.951 +0800 o.a.d.s.m.c.IdSlotBasedCommandFetcher:[67] - Fetch commands: 0 success, cost: 0ms, totalSlot: 1, currentSlotIndex: 0
[INFO] 2025-10-13 10:59:54.954 +0800 o.a.d.s.m.c.IdSlotBasedCommandFetcher:[67] - Fetch commands: 0 success, cost: 0ms, totalSlot: 1, currentSlotIndex: 0
[INFO] 2025-10-13 10:59:55.965 +0800 o.a.d.s.m.c.IdSlotBasedCommandFetcher:[67] - Fetch commands: 0 success, cost: 0ms, totalSlot: 1, currentSlotIndex: 0
[INFO] 2025-10-13 10:59:56.976 +0800 o.a.d.s.m.c.IdSlotBasedCommandFetcher:[67] - Fetch commands: 0 success, cost: 0ms, totalSlot: 1, currentSlotIndex: 0
[INFO] 2025-10-13 10:59:57.976 +0800 o.a.d.s.m.c.IdSlotBasedCommandFetcher:[67] - Fetch commands: 0 success, cost: 0ms, totalSlot: 1, currentSlotIndex: 0
[INFO] 2025-10-13 10:59:58.764 +0800 o.a.d.s.m.r.t.TaskGroupCoordinator:[187] - Success amend TaskGroupQueue status cost: 0/ms
[INFO] 2025-10-13 10:59:58.764 +0800 o.a.d.s.m.r.t.TaskGroupCoordinator:[241] - Success deal with force start TaskGroupQueue cost: 0/ms
[INFO] 2025-10-13 10:59:58.765 +0800 o.a.d.s.m.r.t.TaskGroupCoordinator:[129] - TaskGroupCoordinator round time cost: 0/ms
[INFO] 2025-10-13 10:59:58.977 +0800 o.a.d.s.m.c.IdSlotBasedCommandFetcher:[67] - Fetch commands: 0 success, cost: 0ms, totalSlot: 1, currentSlotIndex: 0
